[DBG] {"category": "QUEUE", "component": "queue", "event": "BEGIN:transfer_queue_init", "host": "d6b2a058c4be", "pid": 63988, "rank": null, "run_id": "smoke01", "ts": "2026-10-04 13:20:31"}
[DBG] {"category": "QUEUE", "component": "queue", "event": "watchdog_armed", "host": "d6b2a058c4be", "pid": 63988, "rank": null, "stage": "transfer_queue_init", "timeout_sec": 30.0, "ts": "2026-10-04 13:20:31"}
[DBG] {"category": "QUEUE", "component": "queue", "elapsed_sec": 5.888343, "event": "END:transfer_queue_init", "host": "d6b2a058c4be", "pid": 63988, "rank": null, "ts": "2026-10-04 13:20:37"}
[DBG] {"category": "QUEUE", "component": "queue", "event": "broker_ready", "host": "d6b2a058c4be", "pid": 63988, "queues": {"preference": "preference", "rollout": "rollout"}, "rank": null, "ts": "2026-10-04 13:20:37"}
[DBG] {"category": "QUEUE", "component": "queue", "current_version": null, "event": "BEGIN:queue_list_for_pop", "exact": false, "host": "d6b2a058c4be", "max_lag": null, "pid": 63988, "queue": "rollout", "rank": null, "requested": 1, "ts": "2026-10-04 13:21:17"}
[DBG] {"category": "QUEUE", "component": "queue", "event": "watchdog_armed", "host": "d6b2a058c4be", "pid": 63988, "rank": null, "stage": "queue_list_for_pop", "timeout_sec": 30.0, "ts": "2026-10-04 13:21:17"}
[DBG] {"category": "QUEUE", "component": "queue", "elapsed_sec": 0.016307, "event": "END:queue_list_for_pop", "host": "d6b2a058c4be", "pid": 63988, "rank": null, "ts": "2026-10-04 13:21:17"}
[DBG] {"available": 0, "category": "QUEUE", "component": "queue", "event": "pop_scan", "exact": false, "host": "d6b2a058c4be", "pid": 63988, "queue": "rollout", "rank": null, "requested": 1, "selected": 0, "stale": 0, "ts": "2026-10-04 13:21:17"}
[DBG] {"category": "QUEUE", "component": "queue", "event": "pop_done", "host": "d6b2a058c4be", "pid": 63988, "queue": "rollout", "rank": null, "returned": 0, "stale": 0, "ts": "2026-10-04 13:21:17"}
[DBG] {"category": "QUEUE", "component": "queue", "event": "size_changed", "host": "d6b2a058c4be", "pid": 63988, "queue": "rollout", "rank": null, "size": 0, "ts": "2026-10-04 13:21:17"}
[DBG] {"category": "QUEUE", "component": "queue", "current_version": null, "event": "BEGIN:queue_list_for_pop", "exact": false, "host": "d6b2a058c4be", "max_lag": null, "pid": 63988, "queue": "rollout", "rank": null, "requested": 1, "ts": "2026-10-04 13:21:17"}
[DBG] {"category": "QUEUE", "component": "queue", "event": "watchdog_armed", "host": "d6b2a058c4be", "pid": 63988, "rank": null, "stage": "queue_list_for_pop", "timeout_sec": 30.0, "ts": "2026-10-04 13:21:17"}
[DBG] {"category": "QUEUE", "component": "queue", "elapsed_sec": 0.002466, "event": "END:queue_list_for_pop", "host": "d6b2a058c4be", "pid": 63988, "rank": null, "ts": "2026-10-04 13:21:17"}
[DBG] {"available": 0, "category": "QUEUE", "component": "queue", "event": "pop_scan", "exact": false, "host": "d6b2a058c4be", "pid": 63988, "queue": "rollout", "rank": null, "requested": 1, "selected": 0, "stale": 0, "ts": "2026-10-04 13:21:17"}
[DBG] {"category": "QUEUE", "component": "queue", "event": "pop_done", "host": "d6b2a058c4be", "pid": 63988, "queue": "rollout", "rank": null, "returned": 0, "stale": 0, "ts": "2026-10-04 13:21:17"}
[DBG] {"category": "QUEUE", "component": "queue", "current_version": null, "event": "BEGIN:queue_list_for_pop", "exact": false, "host": "d6b2a058c4be", "max_lag": null, "pid": 63988, "queue": "rollout", "rank": null, "requested": 1, "ts": "2026-10-04 13:21:17"}
[DBG] {"category": "QUEUE", "component": "queue", "event": "watchdog_armed", "host": "d6b2a058c4be", "pid": 63988, "rank": null, "stage": "queue_list_for_pop", "timeout_sec": 30.0, "ts": "2026-10-04 13:21:17"}
[DBG] {"category": "QUEUE", "component": "queue", "elapsed_sec": 0.002041, "event": "END:queue_list_for_pop", "host": "d6b2a058c4be", "pid": 63988, "rank": null, "ts": "2026-10-04 13:21:17"}
[DBG] {"available": 0, "category": "QUEUE", "component": "queue", "event": "pop_scan", "exact": false, "host": "d6b2a058c4be", "pid": 63988, "queue": "rollout", "rank": null, "requested": 1, "selected": 0, "stale": 0, "ts": "2026-10-04 13:21:17"}
[DBG] {"category": "QUEUE", "component": "queue", "event": "pop_done", "host": "d6b2a058c4be", "pid": 63988, "queue": "rollout", "rank": null, "returned": 0, "stale": 0, "ts": "2026-10-04 13:21:17"}
[DBG] {"category": "QUEUE", "component": "queue", "current_version": null, "event": "BEGIN:queue_list_for_pop", "exact": false, "host": "d6b2a058c4be", "max_lag": null, "pid": 63988, "queue": "rollout", "rank": null, "requested": 1, "ts": "2026-10-04 13:21:17"}
[DBG] {"category": "QUEUE", "component": "queue", "event": "watchdog_armed", "host": "d6b2a058c4be", "pid": 63988, "rank": null, "stage": "queue_list_for_pop", "timeout_sec": 30.0, "ts": "2026-10-04 13:21:17"}
[DBG] {"category": "QUEUE", "component": "queue", "elapsed_sec": 0.001883, "event": "END:queue_list_for_pop", "host": "d6b2a058c4be", "pid": 63988, "rank": null, "ts": "2026-10-04 13:21:17"}
[DBG] {"available": 0, "category": "QUEUE", "component": "queue", "event": "pop_scan", "exact": false, "host": "d6b2a058c4be", "pid": 63988, "queue": "rollout", "rank": null, "requested": 1, "selected": 0, "stale": 0, "ts": "2026-10-04 13:21:17"}
[DBG] {"category": "QUEUE", "component": "queue", "event": "pop_done", "host": "d6b2a058c4be", "pid": 63988, "queue": "rollout", "rank": null, "returned": 0, "stale": 0, "ts": "2026-10-04 13:21:17"}
[DBG] {"category": "QUEUE", "component": "queue", "current_version": null, "event": "BEGIN:queue_list_for_pop", "exact": false, "host": "d6b2a058c4be", "max_lag": null, "pid": 63988, "queue": "rollout", "rank": null, "requested": 1, "ts": "2026-10-04 13:21:18"}
[DBG] {"category": "QUEUE", "component": "queue", "event": "watchdog_armed", "host": "d6b2a058c4be", "pid": 63988, "rank": null, "stage": "queue_list_for_pop", "timeout_sec": 30.0, "ts": "2026-10-04 13:21:18"}
[DBG] {"category": "QUEUE", "component": "queue", "elapsed_sec": 0.001893, "event": "END:queue_list_for_pop", "host": "d6b2a058c4be", "pid": 63988, "rank": null, "ts": "2026-10-04 13:21:18"}
[DBG] {"available": 0, "category": "QUEUE", "component": "queue", "event": "pop_scan", "exact": false, "host": "d6b2a058c4be", "pid": 63988, "queue": "rollout", "rank": null, "requested": 1, "selected": 0, "stale": 0, "ts": "2026-10-04 13:21:18"}
[DBG] {"category": "QUEUE", "component": "queue", "event": "pop_done", "host": "d6b2a058c4be", "pid": 63988, "queue": "rollout", "rank": null, "returned": 0, "stale": 0, "ts": "2026-10-04 13:21:18"}
[DBG] {"category": "QUEUE", "component": "queue", "current_version": null, "event": "BEGIN:queue_list_for_pop", "exact": false, "host": "d6b2a058c4be", "max_lag": null, "pid": 63988, "queue": "rollout", "rank": null, "requested": 1, "ts": "2026-10-04 13:21:18"}
[DBG] {"category": "QUEUE", "component": "queue", "event": "watchdog_armed", "host": "d6b2a058c4be", "pid": 63988, "rank": null, "stage": "queue_list_for_pop", "timeout_sec": 30.0, "ts": "2026-10-04 13:21:18"}
[DBG] {"category": "QUEUE", "component": "queue", "elapsed_sec": 0.001534, "event": "END:queue_list_for_pop", "host": "d6b2a058c4be", "pid": 63988, "rank": null, "ts": "2026-10-04 13:21:18"}
[DBG] {"available": 0, "category": "QUEUE", "component": "queue", "event": "pop_scan", "exact": false, "host": "d6b2a058c4be", "pid": 63988, "queue": "rollout", "rank": null, "requested": 1, "selected": 0, "stale": 0, "ts": "2026-10-04 13:21:18"}
[DBG] {"category": "QUEUE", "component": "queue", "event": "pop_done", "host": "d6b2a058c4be", "pid": 63988, "queue": "rollout", "rank": null, "returned": 0, "stale": 0, "ts": "2026-10-04 13:21:18"}
[DBG] {"category": "QUEUE", "component": "queue", "current_version": null, "event": "BEGIN:queue_list_for_pop", "exact": false, "host": "d6b2a058c4be", "max_lag": null, "pid": 63988, "queue": "rollout", "rank": null, "requested": 1, "ts": "2026-10-04 13:21:18"}
[DBG] {"category": "QUEUE", "component": "queue", "event": "watchdog_armed", "host": "d6b2a058c4be", "pid": 63988, "rank": null, "stage": "queue_list_for_pop", "timeout_sec": 30.0, "ts": "2026-10-04 13:21:18"}
[DBG] {"category": "QUEUE", "component": "queue", "elapsed_sec": 0.001531, "event": "END:queue_list_for_pop", "host": "d6b2a058c4be", "pid": 63988, "rank": null, "ts": "2026-10-04 13:21:18"}
[DBG] {"available": 0, "category": "QUEUE", "component": "queue", "event": "pop_scan", "exact": false, "host": "d6b2a058c4be", "pid": 63988, "queue": "rollout", "rank": null, "requested": 1, "selected": 0, "stale": 0, "ts": "2026-10-04 13:21:18"}
[DBG] {"category": "QUEUE", "component": "queue", "event": "pop_done", "host": "d6b2a058c4be", "pid": 63988, "queue": "rollout", "rank": null, "returned": 0, "stale": 0, "ts": "2026-10-04 13:21:18"}
[DBG] {"category": "QUEUE", "component": "queue", "current_version": null, "event": "BEGIN:queue_list_for_pop", "exact": false, "host": "d6b2a058c4be", "max_lag": null, "pid": 63988, "queue": "rollout", "rank": null, "requested": 1, "ts": "2026-10-04 13:21:18"}
[DBG] {"category": "QUEUE", "component": "queue", "event": "watchdog_armed", "host": "d6b2a058c4be", "pid": 63988, "rank": null, "stage": "queue_list_for_pop", "timeout_sec": 30.0, "ts": "2026-10-04 13:21:18"}
[DBG] {"category": "QUEUE", "component": "queue", "elapsed_sec": 0.002456, "event": "END:queue_list_for_pop", "host": "d6b2a058c4be", "pid": 63988, "rank": null, "ts": "2026-10-04 13:21:18"}
[DBG] {"available": 0, "category": "QUEUE", "component": "queue", "event": "pop_scan", "exact": false, "host": "d6b2a058c4be", "pid": 63988, "queue": "rollout", "rank": null, "requested": 1, "selected": 0, "stale": 0, "ts": "2026-10-04 13:21:18"}
[DBG] {"category": "QUEUE", "component": "queue", "event": "pop_done", "host": "d6b2a058c4be", "pid": 63988, "queue": "rollout", "rank": null, "returned": 0, "stale": 0, "ts": "2026-10-04 13:21:18"}
[DBG] {"category": "QUEUE", "component": "queue", "current_version": null, "event": "BEGIN:queue_list_for_pop", "exact": false, "host": "d6b2a058c4be", "max_lag": null, "pid": 63988, "queue": "rollout", "rank": null, "requested": 1, "ts": "2026-10-04 13:21:18"}
[DBG] {"category": "QUEUE", "component": "queue", "event": "watchdog_armed", "host": "d6b2a058c4be", "pid": 63988, "rank": null, "stage": "queue_list_for_pop", "timeout_sec": 30.0, "ts": "2026-10-04 13:21:18"}
[DBG] {"category": "QUEUE", "component": "queue", "elapsed_sec": 0.002269, "event": "END:queue_list_for_pop", "host": "d6b2a058c4be", "pid": 63988, "rank": null, "ts": "2026-10-04 13:21:18"}
[DBG] {"available": 0, "category": "QUEUE", "component": "queue", "event": "pop_scan", "exact": false, "host": "d6b2a058c4be", "pid": 63988, "queue": "rollout", "rank": null, "requested": 1, "selected": 0, "stale": 0, "ts": "2026-10-04 13:21:18"}
[DBG] {"category": "QUEUE", "component": "queue", "event": "pop_done", "host": "d6b2a058c4be", "pid": 63988, "queue": "rollout", "rank": null, "returned": 0, "stale": 0, "ts": "2026-10-04 13:21:18"}
[DBG] {"category": "QUEUE", "component": "queue", "current_version": null, "event": "BEGIN:queue_list_for_pop", "exact": false, "host": "d6b2a058c4be", "max_lag": null, "pid": 63988, "queue": "rollout", "rank": null, "requested": 1, "ts": "2026-10-04 13:21:19"}
[DBG] {"category": "QUEUE", "component": "queue", "event": "watchdog_armed", "host": "d6b2a058c4be", "pid": 63988, "rank": null, "stage": "queue_list_for_pop", "timeout_sec": 30.0, "ts": "2026-10-04 13:21:19"}
[DBG] {"category": "QUEUE", "component": "queue", "elapsed_sec": 0.001407, "event": "END:queue_list_for_pop", "host": "d6b2a058c4be", "pid": 63988, "rank": null, "ts": "2026-10-04 13:21:19"}
[DBG] {"available": 0, "category": "QUEUE", "component": "queue", "event": "pop_scan", "exact": false, "host": "d6b2a058c4be", "pid": 63988, "queue": "rollout", "rank": null, "requested": 1, "selected": 0, "stale": 0, "ts": "2026-10-04 13:21:19"}
[DBG] {"category": "QUEUE", "component": "queue", "event": "pop_done", "host": "d6b2a058c4be", "pid": 63988, "queue": "rollout", "rank": null, "returned": 0, "stale": 0, "ts": "2026-10-04 13:21:19"}
[DBG] {"category": "QUEUE", "component": "queue", "current_version": null, "event": "BEGIN:queue_list_for_pop", "exact": false, "host": "d6b2a058c4be", "max_lag": null, "pid": 63988, "queue": "rollout", "rank": null, "requested": 1, "ts": "2026-10-04 13:21:19"}
[DBG] {"category": "QUEUE", "component": "queue", "event": "watchdog_armed", "host": "d6b2a058c4be", "pid": 63988, "rank": null, "stage": "queue_list_for_pop", "timeout_sec": 30.0, "ts": "2026-10-04 13:21:19"}
[DBG] {"category": "QUEUE", "component": "queue", "elapsed_sec": 0.002145, "event": "END:queue_list_for_pop", "host": "d6b2a058c4be", "pid": 63988, "rank": null, "ts": "2026-10-04 13:21:19"}
[DBG] {"available": 0, "category": "QUEUE", "component": "queue", "event": "pop_scan", "exact": false, "host": "d6b2a058c4be", "pid": 63988, "queue": "rollout", "rank": null, "requested": 1, "selected": 0, "stale": 0, "ts": "2026-10-04 13:21:19"}
[DBG] {"category": "QUEUE", "component": "queue", "event": "pop_done", "host": "d6b2a058c4be", "pid": 63988, "queue": "rollout", "rank": null, "returned": 0, "stale": 0, "ts": "2026-10-04 13:21:19"}
[DBG] {"category": "QUEUE", "component": "queue", "current_version": null, "event": "BEGIN:queue_list_for_pop", "exact": false, "host": "d6b2a058c4be", "max_lag": null, "pid": 63988, "queue": "rollout", "rank": null, "requested": 1, "ts": "2026-10-04 13:21:19"}
[DBG] {"category": "QUEUE", "component": "queue", "event": "watchdog_armed", "host": "d6b2a058c4be", "pid": 63988, "rank": null, "stage": "queue_list_for_pop", "timeout_sec": 30.0, "ts": "2026-10-04 13:21:19"}
[DBG] {"category": "QUEUE", "component": "queue", "elapsed_sec": 0.001885, "event": "END:queue_list_for_pop", "host": "d6b2a058c4be", "pid": 63988, "rank": null, "ts": "2026-10-04 13:21:19"}
[DBG] {"available": 0, "category": "QUEUE", "component": "queue", "event": "pop_scan", "exact": false, "host": "d6b2a058c4be", "pid": 63988, "queue": "rollout", "rank": null, "requested": 1, "selected": 0, "stale": 0, "ts": "2026-10-04 13:21:19"}
[DBG] {"category": "QUEUE", "component": "queue", "event": "pop_done", "host": "d6b2a058c4be", "pid": 63988, "queue": "rollout", "rank": null, "returned": 0, "stale": 0, "ts": "2026-10-04 13:21:19"}
[DBG] {"category": "QUEUE", "component": "queue", "event": "BEGIN:queue_put", "host": "d6b2a058c4be", "item_id": "10b1a3d46d2d47cf925b19ff824cc3c7", "pid": 63988, "queue": "rollout", "rank": null, "ts": "2026-10-04 13:21:19"}
[DBG] {"category": "QUEUE", "component": "queue", "event": "watchdog_armed", "host": "d6b2a058c4be", "pid": 63988, "rank": null, "stage": "queue_put", "timeout_sec": 30.0, "ts": "2026-10-04 13:21:19"}
[DBG] {"category": "QUEUE", "component": "queue", "elapsed_sec": 0.018442, "event": "END:queue_put", "host": "d6b2a058c4be", "pid": 63988, "rank": null, "ts": "2026-10-04 13:21:19"}
[DBG] {"category": "QUEUE", "component": "queue", "event": "put_done", "host": "d6b2a058c4be", "key": "smoke01:rollout:10b1a3d46d2d47cf925b19ff824cc3c7", "pid": 63988, "policy_version": 0, "queue": "rollout", "rank": null, "ts": "2026-10-04 13:21:19"}
[DBG] {"category": "QUEUE", "component": "queue", "event": "BEGIN:queue_put", "host": "d6b2a058c4be", "item_id": "c6ed1b5bf09749269d408f3ad6bd692e", "pid": 63988, "queue": "rollout", "rank": null, "ts": "2026-10-04 13:21:19"}
[DBG] {"category": "QUEUE", "component": "queue", "event": "watchdog_armed", "host": "d6b2a058c4be", "pid": 63988, "rank": null, "stage": "queue_put", "timeout_sec": 30.0, "ts": "2026-10-04 13:21:19"}
[DBG] {"category": "QUEUE", "component": "queue", "elapsed_sec": 0.012732, "event": "END:queue_put", "host": "d6b2a058c4be", "pid": 63988, "rank": null, "ts": "2026-10-04 13:21:19"}
[DBG] {"category": "QUEUE", "component": "queue", "event": "put_done", "host": "d6b2a058c4be", "key": "smoke01:rollout:c6ed1b5bf09749269d408f3ad6bd692e", "pid": 63988, "policy_version": 0, "queue": "rollout", "rank": null, "ts": "2026-10-04 13:21:19"}
[DBG] {"category": "QUEUE", "component": "queue", "event": "size_changed", "host": "d6b2a058c4be", "pid": 63988, "queue": "rollout", "rank": null, "size": 2, "ts": "2026-10-04 13:21:19"}
[DBG] {"category": "QUEUE", "component": "queue", "current_version": null, "event": "BEGIN:queue_list_for_pop", "exact": false, "host": "d6b2a058c4be", "max_lag": null, "pid": 63988, "queue": "rollout", "rank": null, "requested": 1, "ts": "2026-10-04 13:21:19"}
[DBG] {"category": "QUEUE", "component": "queue", "event": "watchdog_armed", "host": "d6b2a058c4be", "pid": 63988, "rank": null, "stage": "queue_list_for_pop", "timeout_sec": 30.0, "ts": "2026-10-04 13:21:19"}
[DBG] {"category": "QUEUE", "component": "queue", "elapsed_sec": 0.002093, "event": "END:queue_list_for_pop", "host": "d6b2a058c4be", "pid": 63988, "rank": null, "ts": "2026-10-04 13:21:19"}
[DBG] {"available": 2, "category": "QUEUE", "component": "queue", "event": "pop_scan", "exact": false, "host": "d6b2a058c4be", "pid": 63988, "queue": "rollout", "rank": null, "requested": 1, "selected": 1, "stale": 0, "ts": "2026-10-04 13:21:19"}
[DBG] {"category": "QUEUE", "component": "queue", "event": "BEGIN:queue_get", "host": "d6b2a058c4be", "key": "smoke01:rollout:10b1a3d46d2d47cf925b19ff824cc3c7", "pid": 63988, "queue": "rollout", "rank": null, "ts": "2026-10-04 13:21:19"}
[DBG] {"category": "QUEUE", "component": "queue", "event": "watchdog_armed", "host": "d6b2a058c4be", "pid": 63988, "rank": null, "stage": "queue_get", "timeout_sec": 30.0, "ts": "2026-10-04 13:21:19"}
[DBG] {"category": "QUEUE", "component": "queue", "elapsed_sec": 0.018568, "event": "END:queue_get", "host": "d6b2a058c4be", "pid": 63988, "rank": null, "ts": "2026-10-04 13:21:19"}
[DBG] {"category": "QUEUE", "component": "queue", "count": 1, "event": "BEGIN:clear_popped", "host": "d6b2a058c4be", "pid": 63988, "queue": "rollout", "rank": null, "ts": "2026-10-04 13:21:19"}
[DBG] {"category": "QUEUE", "component": "queue", "event": "watchdog_armed", "host": "d6b2a058c4be", "pid": 63988, "rank": null, "stage": "clear_popped", "timeout_sec": 30.0, "ts": "2026-10-04 13:21:19"}
[DBG] {"category": "QUEUE", "component": "queue", "elapsed_sec": 0.006038, "event": "END:clear_popped", "host": "d6b2a058c4be", "pid": 63988, "rank": null, "ts": "2026-10-04 13:21:19"}
[DBG] {"category": "QUEUE", "component": "queue", "event": "pop_done", "host": "d6b2a058c4be", "pid": 63988, "queue": "rollout", "rank": null, "returned": 1, "stale": 0, "ts": "2026-10-04 13:21:19"}
[DBG] {"category": "QUEUE", "component": "queue", "event": "BEGIN:queue_put", "host": "d6b2a058c4be", "item_id": "cc8521f67fea41329e5b91c914507542", "pid": 63988, "queue": "rollout", "rank": null, "ts": "2026-10-04 13:21:20"}
[DBG] {"category": "QUEUE", "component": "queue", "event": "watchdog_armed", "host": "d6b2a058c4be", "pid": 63988, "rank": null, "stage": "queue_put", "timeout_sec": 30.0, "ts": "2026-10-04 13:21:20"}
[DBG] {"category": "QUEUE", "component": "queue", "elapsed_sec": 0.027097, "event": "END:queue_put", "host": "d6b2a058c4be", "pid": 63988, "rank": null, "ts": "2026-10-04 13:21:20"}
[DBG] {"category": "QUEUE", "component": "queue", "event": "put_done", "host": "d6b2a058c4be", "key": "smoke01:rollout:cc8521f67fea41329e5b91c914507542", "pid": 63988, "policy_version": 0, "queue": "rollout", "rank": null, "ts": "2026-10-04 13:21:20"}
[DBG] {"category": "QUEUE", "component": "queue", "event": "BEGIN:queue_put", "host": "d6b2a058c4be", "item_id": "b1cdbf96541e493c94b51ec17f038673", "pid": 63988, "queue": "rollout", "rank": null, "ts": "2026-10-04 13:21:20"}
[DBG] {"category": "QUEUE", "component": "queue", "event": "watchdog_armed", "host": "d6b2a058c4be", "pid": 63988, "rank": null, "stage": "queue_put", "timeout_sec": 30.0, "ts": "2026-10-04 13:21:20"}
[DBG] {"category": "QUEUE", "component": "queue", "elapsed_sec": 0.024467, "event": "END:queue_put", "host": "d6b2a058c4be", "pid": 63988, "rank": null, "ts": "2026-10-04 13:21:20"}
[DBG] {"category": "QUEUE", "component": "queue", "event": "put_done", "host": "d6b2a058c4be", "key": "smoke01:rollout:b1cdbf96541e493c94b51ec17f038673", "pid": 63988, "policy_version": 0, "queue": "rollout", "rank": null, "ts": "2026-10-04 13:21:20"}
[DBG] {"category": "QUEUE", "component": "queue", "event": "size_changed", "host": "d6b2a058c4be", "pid": 63988, "queue": "rollout", "rank": null, "size": 3, "ts": "2026-10-04 13:21:20"}
[DBG] {"category": "QUEUE", "component": "queue", "event": "BEGIN:queue_put", "host": "d6b2a058c4be", "item_id": "59d1238b98c54c67889ab9eb5ab3e83e", "pid": 63988, "queue": "rollout", "rank": null, "ts": "2026-10-04 13:21:20"}
[DBG] {"category": "QUEUE", "component": "queue", "event": "watchdog_armed", "host": "d6b2a058c4be", "pid": 63988, "rank": null, "stage": "queue_put", "timeout_sec": 30.0, "ts": "2026-10-04 13:21:20"}
[DBG] {"category": "QUEUE", "component": "queue", "elapsed_sec": 0.023854, "event": "END:queue_put", "host": "d6b2a058c4be", "pid": 63988, "rank": null, "ts": "2026-10-04 13:21:20"}
[DBG] {"category": "QUEUE", "component": "queue", "event": "put_done", "host": "d6b2a058c4be", "key": "smoke01:rollout:59d1238b98c54c67889ab9eb5ab3e83e", "pid": 63988, "policy_version": 0, "queue": "rollout", "rank": null, "ts": "2026-10-04 13:21:20"}
[DBG] {"category": "QUEUE", "component": "queue", "event": "BEGIN:queue_put", "host": "d6b2a058c4be", "item_id": "6243427cc2fd4fb0b12744d762eccffc", "pid": 63988, "queue": "rollout", "rank": null, "ts": "2026-10-04 13:21:20"}
[DBG] {"category": "QUEUE", "component": "queue", "event": "watchdog_armed", "host": "d6b2a058c4be", "pid": 63988, "rank": null, "stage": "queue_put", "timeout_sec": 30.0, "ts": "2026-10-04 13:21:20"}
[DBG] {"category": "QUEUE", "component": "queue", "elapsed_sec": 0.027132, "event": "END:queue_put", "host": "d6b2a058c4be", "pid": 63988, "rank": null, "ts": "2026-10-04 13:21:20"}
[DBG] {"category": "QUEUE", "component": "queue", "event": "put_done", "host": "d6b2a058c4be", "key": "smoke01:rollout:6243427cc2fd4fb0b12744d762eccffc", "pid": 63988, "policy_version": 0, "queue": "rollout", "rank": null, "ts": "2026-10-04 13:21:20"}
[DBG] {"category": "QUEUE", "component": "queue", "event": "size_changed", "host": "d6b2a058c4be", "pid": 63988, "queue": "rollout", "rank": null, "size": 5, "ts": "2026-10-04 13:21:20"}
[DBG] {"category": "QUEUE", "component": "queue", "event": "BEGIN:queue_put", "host": "d6b2a058c4be", "item_id": "6cd2f102e0c74e0fb1463e4de5cac9cc", "pid": 63988, "queue": "rollout", "rank": null, "ts": "2026-10-04 13:21:21"}
[DBG] {"category": "QUEUE", "component": "queue", "event": "watchdog_armed", "host": "d6b2a058c4be", "pid": 63988, "rank": null, "stage": "queue_put", "timeout_sec": 30.0, "ts": "2026-10-04 13:21:21"}
[DBG] {"category": "QUEUE", "component": "queue", "elapsed_sec": 0.020213, "event": "END:queue_put", "host": "d6b2a058c4be", "pid": 63988, "rank": null, "ts": "2026-10-04 13:21:21"}
[DBG] {"category": "QUEUE", "component": "queue", "event": "put_done", "host": "d6b2a058c4be", "key": "smoke01:rollout:6cd2f102e0c74e0fb1463e4de5cac9cc", "pid": 63988, "policy_version": 0, "queue": "rollout", "rank": null, "ts": "2026-10-04 13:21:21"}
[DBG] {"category": "QUEUE", "component": "queue", "event": "BEGIN:queue_put", "host": "d6b2a058c4be", "item_id": "7c0d3655df974d1eba229de311f7e7da", "pid": 63988, "queue": "rollout", "rank": null, "ts": "2026-10-04 13:21:21"}
[DBG] {"category": "QUEUE", "component": "queue", "event": "watchdog_armed", "host": "d6b2a058c4be", "pid": 63988, "rank": null, "stage": "queue_put", "timeout_sec": 30.0, "ts": "2026-10-04 13:21:21"}
[DBG] {"category": "QUEUE", "component": "queue", "elapsed_sec": 0.024175, "event": "END:queue_put", "host": "d6b2a058c4be", "pid": 63988, "rank": null, "ts": "2026-10-04 13:21:21"}
[DBG] {"category": "QUEUE", "component": "queue", "event": "put_done", "host": "d6b2a058c4be", "key": "smoke01:rollout:7c0d3655df974d1eba229de311f7e7da", "pid": 63988, "policy_version": 0, "queue": "rollout", "rank": null, "ts": "2026-10-04 13:21:21"}
[DBG] {"category": "QUEUE", "component": "queue", "event": "size_changed", "host": "d6b2a058c4be", "pid": 63988, "queue": "rollout", "rank": null, "size": 7, "ts": "2026-10-04 13:21:21"}
[DBG] {"category": "QUEUE", "component": "queue", "event": "BEGIN:queue_put", "host": "d6b2a058c4be", "item_id": "a5c124f1c5e948d08b555b14315295f1", "pid": 63988, "queue": "rollout", "rank": null, "ts": "2026-10-04 13:21:21"}
[DBG] {"category": "QUEUE", "component": "queue", "event": "watchdog_armed", "host": "d6b2a058c4be", "pid": 63988, "rank": null, "stage": "queue_put", "timeout_sec": 30.0, "ts": "2026-10-04 13:21:21"}
[DBG] {"category": "QUEUE", "component": "queue", "elapsed_sec": 0.010332, "event": "END:queue_put", "host": "d6b2a058c4be", "pid": 63988, "rank": null, "ts": "2026-10-04 13:21:21"}
[DBG] {"category": "QUEUE", "component": "queue", "event": "put_done", "host": "d6b2a058c4be", "key": "smoke01:rollout:a5c124f1c5e948d08b555b14315295f1", "pid": 63988, "policy_version": 0, "queue": "rollout", "rank": null, "ts": "2026-10-04 13:21:21"}
[DBG] {"category": "QUEUE", "component": "queue", "event": "BEGIN:queue_put", "host": "d6b2a058c4be", "item_id": "4642b7866d4d436a8671df032860f04f", "pid": 63988, "queue": "rollout", "rank": null, "ts": "2026-10-04 13:21:21"}
[DBG] {"category": "QUEUE", "component": "queue", "event": "watchdog_armed", "host": "d6b2a058c4be", "pid": 63988, "rank": null, "stage": "queue_put", "timeout_sec": 30.0, "ts": "2026-10-04 13:21:21"}
[DBG] {"category": "QUEUE", "component": "queue", "elapsed_sec": 0.014157, "event": "END:queue_put", "host": "d6b2a058c4be", "pid": 63988, "rank": null, "ts": "2026-10-04 13:21:21"}
[DBG] {"category": "QUEUE", "component": "queue", "event": "put_done", "host": "d6b2a058c4be", "key": "smoke01:rollout:4642b7866d4d436a8671df032860f04f", "pid": 63988, "policy_version": 0, "queue": "rollout", "rank": null, "ts": "2026-10-04 13:21:21"}
[DBG] {"category": "QUEUE", "component": "queue", "event": "size_changed", "host": "d6b2a058c4be", "pid": 63988, "queue": "rollout", "rank": null, "size": 9, "ts": "2026-10-04 13:21:21"}
[DBG] {"category": "QUEUE", "component": "queue", "event": "BEGIN:queue_put", "host": "d6b2a058c4be", "item_id": "10b1a3d46d2d47cf925b19ff824cc3c7", "pid": 63988, "queue": "preference", "rank": null, "ts": "2026-10-04 13:23:27"}
[DBG] {"category": "QUEUE", "component": "queue", "event": "watchdog_armed", "host": "d6b2a058c4be", "pid": 63988, "rank": null, "stage": "queue_put", "timeout_sec": 30.0, "ts": "2026-10-04 13:23:27"}
[DBG] {"category": "QUEUE", "component": "queue", "elapsed_sec": 0.020116, "event": "END:queue_put", "host": "d6b2a058c4be", "pid": 63988, "rank": null, "ts": "2026-10-04 13:23:27"}
[DBG] {"category": "QUEUE", "component": "queue", "event": "put_done", "host": "d6b2a058c4be", "key": "smoke01:preference:10b1a3d46d2d47cf925b19ff824cc3c7", "pid": 63988, "policy_version": 0, "queue": "preference", "rank": null, "ts": "2026-10-04 13:23:27"}
[DBG] {"category": "QUEUE", "component": "queue", "event": "size_changed", "host": "d6b2a058c4be", "pid": 63988, "queue": "preference", "rank": null, "size": 1, "ts": "2026-10-04 13:23:27"}
[DBG] {"category": "QUEUE", "component": "queue", "current_version": null, "event": "BEGIN:queue_list_for_pop", "exact": false, "host": "d6b2a058c4be", "max_lag": null, "pid": 63988, "queue": "rollout", "rank": null, "requested": 1, "ts": "2026-10-04 13:23:27"}
[DBG] {"category": "QUEUE", "component": "queue", "event": "watchdog_armed", "host": "d6b2a058c4be", "pid": 63988, "rank": null, "stage": "queue_list_for_pop", "timeout_sec": 30.0, "ts": "2026-10-04 13:23:27"}
[DBG] {"category": "QUEUE", "component": "queue", "elapsed_sec": 0.001514, "event": "END:queue_list_for_pop", "host": "d6b2a058c4be", "pid": 63988, "rank": null, "ts": "2026-10-04 13:23:27"}
[DBG] {"available": 9, "category": "QUEUE", "component": "queue", "event": "pop_scan", "exact": false, "host": "d6b2a058c4be", "pid": 63988, "queue": "rollout", "rank": null, "requested": 1, "selected": 1, "stale": 0, "ts": "2026-10-04 13:23:27"}
[DBG] {"category": "QUEUE", "component": "queue", "event": "BEGIN:queue_get", "host": "d6b2a058c4be", "key": "smoke01:rollout:c6ed1b5bf09749269d408f3ad6bd692e", "pid": 63988, "queue": "rollout", "rank": null, "ts": "2026-10-04 13:23:27"}
[DBG] {"category": "QUEUE", "component": "queue", "event": "watchdog_armed", "host": "d6b2a058c4be", "pid": 63988, "rank": null, "stage": "queue_get", "timeout_sec": 30.0, "ts": "2026-10-04 13:23:27"}
[DBG] {"category": "QUEUE", "component": "queue", "elapsed_sec": 0.018185, "event": "END:queue_get", "host": "d6b2a058c4be", "pid": 63988, "rank": null, "ts": "2026-10-04 13:23:27"}
[DBG] {"category": "QUEUE", "component": "queue", "count": 1, "event": "BEGIN:clear_popped", "host": "d6b2a058c4be", "pid": 63988, "queue": "rollout", "rank": null, "ts": "2026-10-04 13:23:27"}
[DBG] {"category": "QUEUE", "component": "queue", "event": "watchdog_armed", "host": "d6b2a058c4be", "pid": 63988, "rank": null, "stage": "clear_popped", "timeout_sec": 30.0, "ts": "2026-10-04 13:23:27"}
[DBG] {"category": "QUEUE", "component": "queue", "elapsed_sec": 0.008684, "event": "END:clear_popped", "host": "d6b2a058c4be", "pid": 63988, "rank": null, "ts": "2026-10-04 13:23:27"}
[DBG] {"category": "QUEUE", "component": "queue", "event": "pop_done", "host": "d6b2a058c4be", "pid": 63988, "queue": "rollout", "rank": null, "returned": 1, "stale": 0, "ts": "2026-10-04 13:23:27"}
[DBG] {"category": "QUEUE", "component": "queue", "event": "size_changed", "host": "d6b2a058c4be", "pid": 63988, "queue": "rollout", "rank": null, "size": 8, "ts": "2026-10-04 13:23:27"}
[DBG] {"category": "QUEUE", "component": "queue", "event": "BEGIN:queue_put", "host": "d6b2a058c4be", "item_id": "c6ed1b5bf09749269d408f3ad6bd692e", "pid": 63988, "queue": "preference", "rank": null, "ts": "2026-10-04 13:23:28"}
[DBG] {"category": "QUEUE", "component": "queue", "event": "watchdog_armed", "host": "d6b2a058c4be", "pid": 63988, "rank": null, "stage": "queue_put", "timeout_sec": 30.0, "ts": "2026-10-04 13:23:28"}
[DBG] {"category": "QUEUE", "component": "queue", "elapsed_sec": 0.014478, "event": "END:queue_put", "host": "d6b2a058c4be", "pid": 63988, "rank": null, "ts": "2026-10-04 13:23:28"}
[DBG] {"category": "QUEUE", "component": "queue", "event": "put_done", "host": "d6b2a058c4be", "key": "smoke01:preference:c6ed1b5bf09749269d408f3ad6bd692e", "pid": 63988, "policy_version": 0, "queue": "preference", "rank": null, "ts": "2026-10-04 13:23:28"}
[DBG] {"category": "QUEUE", "component": "queue", "event": "size_changed", "host": "d6b2a058c4be", "pid": 63988, "queue": "preference", "rank": null, "size": 2, "ts": "2026-10-04 13:23:28"}
[DBG] {"category": "QUEUE", "component": "queue", "current_version": null, "event": "BEGIN:queue_list_for_pop", "exact": false, "host": "d6b2a058c4be", "max_lag": null, "pid": 63988, "queue": "rollout", "rank": null, "requested": 1, "ts": "2026-10-04 13:23:28"}
[DBG] {"category": "QUEUE", "component": "queue", "event": "watchdog_armed", "host": "d6b2a058c4be", "pid": 63988, "rank": null, "stage": "queue_list_for_pop", "timeout_sec": 30.0, "ts": "2026-10-04 13:23:28"}
[DBG] {"category": "QUEUE", "component": "queue", "elapsed_sec": 0.001304, "event": "END:queue_list_for_pop", "host": "d6b2a058c4be", "pid": 63988, "rank": null, "ts": "2026-10-04 13:23:28"}
[DBG] {"available": 8, "category": "QUEUE", "component": "queue", "event": "pop_scan", "exact": false, "host": "d6b2a058c4be", "pid": 63988, "queue": "rollout", "rank": null, "requested": 1, "selected": 1, "stale": 0, "ts": "2026-10-04 13:23:28"}
[DBG] {"category": "QUEUE", "component": "queue", "event": "BEGIN:queue_get", "host": "d6b2a058c4be", "key": "smoke01:rollout:cc8521f67fea41329e5b91c914507542", "pid": 63988, "queue": "rollout", "rank": null, "ts": "2026-10-04 13:23:28"}
[DBG] {"category": "QUEUE", "component": "queue", "event": "watchdog_armed", "host": "d6b2a058c4be", "pid": 63988, "rank": null, "stage": "queue_get", "timeout_sec": 30.0, "ts": "2026-10-04 13:23:28"}
[DBG] {"category": "QUEUE", "component": "queue", "elapsed_sec": 0.016084, "event": "END:queue_get", "host": "d6b2a058c4be", "pid": 63988, "rank": null, "ts": "2026-10-04 13:23:28"}
[DBG] {"category": "QUEUE", "component": "queue", "count": 1, "event": "BEGIN:clear_popped", "host": "d6b2a058c4be", "pid": 63988, "queue": "rollout", "rank": null, "ts": "2026-10-04 13:23:28"}
[DBG] {"category": "QUEUE", "component": "queue", "event": "watchdog_armed", "host": "d6b2a058c4be", "pid": 63988, "rank": null, "stage": "clear_popped", "timeout_sec": 30.0, "ts": "2026-10-04 13:23:28"}
[DBG] {"category": "QUEUE", "component": "queue", "elapsed_sec": 0.016116, "event": "END:clear_popped", "host": "d6b2a058c4be", "pid": 63988, "rank": null, "ts": "2026-10-04 13:23:28"}
[DBG] {"category": "QUEUE", "component": "queue", "event": "pop_done", "host": "d6b2a058c4be", "pid": 63988, "queue": "rollout", "rank": null, "returned": 1, "stale": 0, "ts": "2026-10-04 13:23:28"}
[DBG] {"category": "QUEUE", "component": "queue", "event": "size_changed", "host": "d6b2a058c4be", "pid": 63988, "queue": "rollout", "rank": null, "size": 7, "ts": "2026-10-04 13:23:28"}
[DBG] {"category": "QUEUE", "component": "queue", "event": "BEGIN:queue_put", "host": "d6b2a058c4be", "item_id": "eb1b04b7366944369297cdd61dad92fb", "pid": 63988, "queue": "rollout", "rank": null, "ts": "2026-10-04 13:23:29"}
[DBG] {"category": "QUEUE", "component": "queue", "event": "watchdog_armed", "host": "d6b2a058c4be", "pid": 63988, "rank": null, "stage": "queue_put", "timeout_sec": 30.0, "ts": "2026-10-04 13:23:29"}
[DBG] {"category": "QUEUE", "component": "queue", "elapsed_sec": 0.030038, "event": "END:queue_put", "host": "d6b2a058c4be", "pid": 63988, "rank": null, "ts": "2026-10-04 13:23:29"}
[DBG] {"category": "QUEUE", "component": "queue", "event": "put_done", "host": "d6b2a058c4be", "key": "smoke01:rollout:eb1b04b7366944369297cdd61dad92fb", "pid": 63988, "policy_version": 0, "queue": "rollout", "rank": null, "ts": "2026-10-04 13:23:29"}
[DBG] {"category": "QUEUE", "component": "queue", "event": "BEGIN:queue_put", "host": "d6b2a058c4be", "item_id": "80e4dc5e667146c4999abdd681cdce71", "pid": 63988, "queue": "rollout", "rank": null, "ts": "2026-10-04 13:23:29"}
[DBG] {"category": "QUEUE", "component": "queue", "event": "watchdog_armed", "host": "d6b2a058c4be", "pid": 63988, "rank": null, "stage": "queue_put", "timeout_sec": 30.0, "ts": "2026-10-04 13:23:29"}
[DBG] {"category": "QUEUE", "component": "queue", "elapsed_sec": 0.022934, "event": "END:queue_put", "host": "d6b2a058c4be", "pid": 63988, "rank": null, "ts": "2026-10-04 13:23:29"}
[DBG] {"category": "QUEUE", "component": "queue", "event": "put_done", "host": "d6b2a058c4be", "key": "smoke01:rollout:80e4dc5e667146c4999abdd681cdce71", "pid": 63988, "policy_version": 0, "queue": "rollout", "rank": null, "ts": "2026-10-04 13:23:29"}
[DBG] {"category": "QUEUE", "component": "queue", "event": "size_changed", "host": "d6b2a058c4be", "pid": 63988, "queue": "rollout", "rank": null, "size": 9, "ts": "2026-10-04 13:23:29"}
[DBG] {"category": "QUEUE", "component": "queue", "event": "BEGIN:queue_put", "host": "d6b2a058c4be", "item_id": "cc8521f67fea41329e5b91c914507542", "pid": 63988, "queue": "preference", "rank": null, "ts": "2026-10-04 13:23:29"}
[DBG] {"category": "QUEUE", "component": "queue", "event": "watchdog_armed", "host": "d6b2a058c4be", "pid": 63988, "rank": null, "stage": "queue_put", "timeout_sec": 30.0, "ts": "2026-10-04 13:23:29"}
[DBG] {"category": "QUEUE", "component": "queue", "elapsed_sec": 0.022041, "event": "END:queue_put", "host": "d6b2a058c4be", "pid": 63988, "rank": null, "ts": "2026-10-04 13:23:29"}
[DBG] {"category": "QUEUE", "component": "queue", "event": "put_done", "host": "d6b2a058c4be", "key": "smoke01:preference:cc8521f67fea41329e5b91c914507542", "pid": 63988, "policy_version": 0, "queue": "preference", "rank": null, "ts": "2026-10-04 13:23:29"}
[DBG] {"category": "QUEUE", "component": "queue", "event": "size_changed", "host": "d6b2a058c4be", "pid": 63988, "queue": "preference", "rank": null, "size": 3, "ts": "2026-10-04 13:23:29"}
[DBG] {"category": "QUEUE", "component": "queue", "current_version": null, "event": "BEGIN:queue_list_for_pop", "exact": false, "host": "d6b2a058c4be", "max_lag": null, "pid": 63988, "queue": "rollout", "rank": null, "requested": 1, "ts": "2026-10-04 13:23:29"}
[DBG] {"category": "QUEUE", "component": "queue", "event": "watchdog_armed", "host": "d6b2a058c4be", "pid": 63988, "rank": null, "stage": "queue_list_for_pop", "timeout_sec": 30.0, "ts": "2026-10-04 13:23:29"}
[DBG] {"category": "QUEUE", "component": "queue", "elapsed_sec": 0.00176, "event": "END:queue_list_for_pop", "host": "d6b2a058c4be", "pid": 63988, "rank": null, "ts": "2026-10-04 13:23:29"}
[DBG] {"available": 9, "category": "QUEUE", "component": "queue", "event": "pop_scan", "exact": false, "host": "d6b2a058c4be", "pid": 63988, "queue": "rollout", "rank": null, "requested": 1, "selected": 1, "stale": 0, "ts": "2026-10-04 13:23:29"}
[DBG] {"category": "QUEUE", "component": "queue", "event": "BEGIN:queue_get", "host": "d6b2a058c4be", "key": "smoke01:rollout:b1cdbf96541e493c94b51ec17f038673", "pid": 63988, "queue": "rollout", "rank": null, "ts": "2026-10-04 13:23:29"}
[DBG] {"category": "QUEUE", "component": "queue", "event": "watchdog_armed", "host": "d6b2a058c4be", "pid": 63988, "rank": null, "stage": "queue_get", "timeout_sec": 30.0, "ts": "2026-10-04 13:23:29"}
[DBG] {"category": "QUEUE", "component": "queue", "elapsed_sec": 0.024167, "event": "END:queue_get", "host": "d6b2a058c4be", "pid": 63988, "rank": null, "ts": "2026-10-04 13:23:29"}
[DBG] {"category": "QUEUE", "component": "queue", "count": 1, "event": "BEGIN:clear_popped", "host": "d6b2a058c4be", "pid": 63988, "queue": "rollout", "rank": null, "ts": "2026-10-04 13:23:29"}
[DBG] {"category": "QUEUE", "component": "queue", "event": "watchdog_armed", "host": "d6b2a058c4be", "pid": 63988, "rank": null, "stage": "clear_popped", "timeout_sec": 30.0, "ts": "2026-10-04 13:23:29"}
[DBG] {"category": "QUEUE", "component": "queue", "elapsed_sec": 0.015759, "event": "END:clear_popped", "host": "d6b2a058c4be", "pid": 63988, "rank": null, "ts": "2026-10-04 13:23:29"}
[DBG] {"category": "QUEUE", "component": "queue", "event": "pop_done", "host": "d6b2a058c4be", "pid": 63988, "queue": "rollout", "rank": null, "returned": 1, "stale": 0, "ts": "2026-10-04 13:23:29"}
[DBG] {"category": "QUEUE", "component": "queue", "event": "size_changed", "host": "d6b2a058c4be", "pid": 63988, "queue": "rollout", "rank": null, "size": 8, "ts": "2026-10-04 13:23:29"}
[DBG] {"category": "QUEUE", "component": "queue", "event": "BEGIN:queue_put", "host": "d6b2a058c4be", "item_id": "b1cdbf96541e493c94b51ec17f038673", "pid": 63988, "queue": "preference", "rank": null, "ts": "2026-10-04 13:23:30"}
[DBG] {"category": "QUEUE", "component": "queue", "event": "watchdog_armed", "host": "d6b2a058c4be", "pid": 63988, "rank": null, "stage": "queue_put", "timeout_sec": 30.0, "ts": "2026-10-04 13:23:30"}
[DBG] {"category": "QUEUE", "component": "queue", "elapsed_sec": 0.024915, "event": "END:queue_put", "host": "d6b2a058c4be", "pid": 63988, "rank": null, "ts": "2026-10-04 13:23:30"}
[DBG] {"category": "QUEUE", "component": "queue", "event": "put_done", "host": "d6b2a058c4be", "key": "smoke01:preference:b1cdbf96541e493c94b51ec17f038673", "pid": 63988, "policy_version": 0, "queue": "preference", "rank": null, "ts": "2026-10-04 13:23:30"}
[DBG] {"category": "QUEUE", "component": "queue", "event": "size_changed", "host": "d6b2a058c4be", "pid": 63988, "queue": "preference", "rank": null, "size": 4, "ts": "2026-10-04 13:23:30"}
[DBG] {"category": "QUEUE", "component": "queue", "current_version": null, "event": "BEGIN:queue_list_for_pop", "exact": false, "host": "d6b2a058c4be", "max_lag": null, "pid": 63988, "queue": "rollout", "rank": null, "requested": 1, "ts": "2026-10-04 13:23:30"}
[DBG] {"category": "QUEUE", "component": "queue", "event": "watchdog_armed", "host": "d6b2a058c4be", "pid": 63988, "rank": null, "stage": "queue_list_for_pop", "timeout_sec": 30.0, "ts": "2026-10-04 13:23:30"}
[DBG] {"category": "QUEUE", "component": "queue", "elapsed_sec": 0.001575, "event": "END:queue_list_for_pop", "host": "d6b2a058c4be", "pid": 63988, "rank": null, "ts": "2026-10-04 13:23:30"}
[DBG] {"available": 8, "category": "QUEUE", "component": "queue", "event": "pop_scan", "exact": false, "host": "d6b2a058c4be", "pid": 63988, "queue": "rollout", "rank": null, "requested": 1, "selected": 1, "stale": 0, "ts": "2026-10-04 13:23:30"}
[DBG] {"category": "QUEUE", "component": "queue", "event": "BEGIN:queue_get", "host": "d6b2a058c4be", "key": "smoke01:rollout:59d1238b98c54c67889ab9eb5ab3e83e", "pid": 63988, "queue": "rollout", "rank": null, "ts": "2026-10-04 13:23:30"}
[DBG] {"category": "QUEUE", "component": "queue", "event": "watchdog_armed", "host": "d6b2a058c4be", "pid": 63988, "rank": null, "stage": "queue_get", "timeout_sec": 30.0, "ts": "2026-10-04 13:23:30"}
[DBG] {"category": "QUEUE", "component": "queue", "elapsed_sec": 0.017708, "event": "END:queue_get", "host": "d6b2a058c4be", "pid": 63988, "rank": null, "ts": "2026-10-04 13:23:30"}
[DBG] {"category": "QUEUE", "component": "queue", "count": 1, "event": "BEGIN:clear_popped", "host": "d6b2a058c4be", "pid": 63988, "queue": "rollout", "rank": null, "ts": "2026-10-04 13:23:30"}
[DBG] {"category": "QUEUE", "component": "queue", "event": "watchdog_armed", "host": "d6b2a058c4be", "pid": 63988, "rank": null, "stage": "clear_popped", "timeout_sec": 30.0, "ts": "2026-10-04 13:23:30"}
[DBG] {"category": "QUEUE", "component": "queue", "elapsed_sec": 0.00796, "event": "END:clear_popped", "host": "d6b2a058c4be", "pid": 63988, "rank": null, "ts": "2026-10-04 13:23:30"}
[DBG] {"category": "QUEUE", "component": "queue", "event": "pop_done", "host": "d6b2a058c4be", "pid": 63988, "queue": "rollout", "rank": null, "returned": 1, "stale": 0, "ts": "2026-10-04 13:23:30"}
[DBG] {"category": "QUEUE", "component": "queue", "event": "size_changed", "host": "d6b2a058c4be", "pid": 63988, "queue": "rollout", "rank": null, "size": 7, "ts": "2026-10-04 13:23:30"}
[DBG] {"category": "QUEUE", "component": "queue", "event": "BEGIN:queue_put", "host": "d6b2a058c4be", "item_id": "de5a27d9d2174b6d83fe0cd60a54ccff", "pid": 63988, "queue": "rollout", "rank": null, "ts": "2026-10-04 13:23:31"}
[DBG] {"category": "QUEUE", "component": "queue", "event": "watchdog_armed", "host": "d6b2a058c4be", "pid": 63988, "rank": null, "stage": "queue_put", "timeout_sec": 30.0, "ts": "2026-10-04 13:23:31"}
[DBG] {"category": "QUEUE", "component": "queue", "elapsed_sec": 0.032974, "event": "END:queue_put", "host": "d6b2a058c4be", "pid": 63988, "rank": null, "ts": "2026-10-04 13:23:31"}
[DBG] {"category": "QUEUE", "component": "queue", "event": "put_done", "host": "d6b2a058c4be", "key": "smoke01:rollout:de5a27d9d2174b6d83fe0cd60a54ccff", "pid": 63988, "policy_version": 0, "queue": "rollout", "rank": null, "ts": "2026-10-04 13:23:31"}
[DBG] {"category": "QUEUE", "component": "queue", "event": "BEGIN:queue_put", "host": "d6b2a058c4be", "item_id": "4b185d1cca8d45aa90725b818889e45a", "pid": 63988, "queue": "rollout", "rank": null, "ts": "2026-10-04 13:23:31"}
[DBG] {"category": "QUEUE", "component": "queue", "event": "watchdog_armed", "host": "d6b2a058c4be", "pid": 63988, "rank": null, "stage": "queue_put", "timeout_sec": 30.0, "ts": "2026-10-04 13:23:31"}
[DBG] {"category": "QUEUE", "component": "queue", "elapsed_sec": 0.025573, "event": "END:queue_put", "host": "d6b2a058c4be", "pid": 63988, "rank": null, "ts": "2026-10-04 13:23:31"}
[DBG] {"category": "QUEUE", "component": "queue", "event": "put_done", "host": "d6b2a058c4be", "key": "smoke01:rollout:4b185d1cca8d45aa90725b818889e45a", "pid": 63988, "policy_version": 0, "queue": "rollout", "rank": null, "ts": "2026-10-04 13:23:31"}
[DBG] {"category": "QUEUE", "component": "queue", "event": "size_changed", "host": "d6b2a058c4be", "pid": 63988, "queue": "rollout", "rank": null, "size": 9, "ts": "2026-10-04 13:23:31"}
[DBG] {"category": "QUEUE", "component": "queue", "event": "BEGIN:queue_put", "host": "d6b2a058c4be", "item_id": "59d1238b98c54c67889ab9eb5ab3e83e", "pid": 63988, "queue": "preference", "rank": null, "ts": "2026-10-04 13:23:31"}
[DBG] {"category": "QUEUE", "component": "queue", "event": "watchdog_armed", "host": "d6b2a058c4be", "pid": 63988, "rank": null, "stage": "queue_put", "timeout_sec": 30.0, "ts": "2026-10-04 13:23:31"}
[DBG] {"category": "QUEUE", "component": "queue", "elapsed_sec": 0.028643, "event": "END:queue_put", "host": "d6b2a058c4be", "pid": 63988, "rank": null, "ts": "2026-10-04 13:23:31"}
[DBG] {"category": "QUEUE", "component": "queue", "event": "put_done", "host": "d6b2a058c4be", "key": "smoke01:preference:59d1238b98c54c67889ab9eb5ab3e83e", "pid": 63988, "policy_version": 0, "queue": "preference", "rank": null, "ts": "2026-10-04 13:23:31"}
[DBG] {"category": "QUEUE", "component": "queue", "event": "size_changed", "host": "d6b2a058c4be", "pid": 63988, "queue": "preference", "rank": null, "size": 5, "ts": "2026-10-04 13:23:31"}
[DBG] {"category": "QUEUE", "component": "queue", "current_version": null, "event": "BEGIN:queue_list_for_pop", "exact": false, "host": "d6b2a058c4be", "max_lag": null, "pid": 63988, "queue": "rollout", "rank": null, "requested": 1, "ts": "2026-10-04 13:23:31"}
[DBG] {"category": "QUEUE", "component": "queue", "event": "watchdog_armed", "host": "d6b2a058c4be", "pid": 63988, "rank": null, "stage": "queue_list_for_pop", "timeout_sec": 30.0, "ts": "2026-10-04 13:23:31"}
[DBG] {"category": "QUEUE", "component": "queue", "elapsed_sec": 0.001952, "event": "END:queue_list_for_pop", "host": "d6b2a058c4be", "pid": 63988, "rank": null, "ts": "2026-10-04 13:23:31"}
[DBG] {"available": 9, "category": "QUEUE", "component": "queue", "event": "pop_scan", "exact": false, "host": "d6b2a058c4be", "pid": 63988, "queue": "rollout", "rank": null, "requested": 1, "selected": 1, "stale": 0, "ts": "2026-10-04 13:23:31"}
[DBG] {"category": "QUEUE", "component": "queue", "event": "BEGIN:queue_get", "host": "d6b2a058c4be", "key": "smoke01:rollout:6243427cc2fd4fb0b12744d762eccffc", "pid": 63988, "queue": "rollout", "rank": null, "ts": "2026-10-04 13:23:31"}
[DBG] {"category": "QUEUE", "component": "queue", "event": "watchdog_armed", "host": "d6b2a058c4be", "pid": 63988, "rank": null, "stage": "queue_get", "timeout_sec": 30.0, "ts": "2026-10-04 13:23:31"}
[DBG] {"category": "QUEUE", "component": "queue", "elapsed_sec": 0.021016, "event": "END:queue_get", "host": "d6b2a058c4be", "pid": 63988, "rank": null, "ts": "2026-10-04 13:23:31"}
[DBG] {"category": "QUEUE", "component": "queue", "count": 1, "event": "BEGIN:clear_popped", "host": "d6b2a058c4be", "pid": 63988, "queue": "rollout", "rank": null, "ts": "2026-10-04 13:23:31"}
[DBG] {"category": "QUEUE", "component": "queue", "event": "watchdog_armed", "host": "d6b2a058c4be", "pid": 63988, "rank": null, "stage": "clear_popped", "timeout_sec": 30.0, "ts": "2026-10-04 13:23:31"}
[DBG] {"category": "QUEUE", "component": "queue", "elapsed_sec": 0.012075, "event": "END:clear_popped", "host": "d6b2a058c4be", "pid": 63988, "rank": null, "ts": "2026-10-04 13:23:31"}
[DBG] {"category": "QUEUE", "component": "queue", "event": "pop_done", "host": "d6b2a058c4be", "pid": 63988, "queue": "rollout", "rank": null, "returned": 1, "stale": 0, "ts": "2026-10-04 13:23:31"}
[DBG] {"category": "QUEUE", "component": "queue", "event": "size_changed", "host": "d6b2a058c4be", "pid": 63988, "queue": "rollout", "rank": null, "size": 8, "ts": "2026-10-04 13:23:31"}
[DBG] {"category": "QUEUE", "component": "queue", "event": "BEGIN:queue_put", "host": "d6b2a058c4be", "item_id": "6243427cc2fd4fb0b12744d762eccffc", "pid": 63988, "queue": "preference", "rank": null, "ts": "2026-10-04 13:23:33"}
[DBG] {"category": "QUEUE", "component": "queue", "event": "watchdog_armed", "host": "d6b2a058c4be", "pid": 63988, "rank": null, "stage": "queue_put", "timeout_sec": 30.0, "ts": "2026-10-04 13:23:33"}
[DBG] {"category": "QUEUE", "component": "queue", "elapsed_sec": 0.027039, "event": "END:queue_put", "host": "d6b2a058c4be", "pid": 63988, "rank": null, "ts": "2026-10-04 13:23:33"}
[DBG] {"category": "QUEUE", "component": "queue", "event": "put_done", "host": "d6b2a058c4be", "key": "smoke01:preference:6243427cc2fd4fb0b12744d762eccffc", "pid": 63988, "policy_version": 0, "queue": "preference", "rank": null, "ts": "2026-10-04 13:23:33"}
[DBG] {"category": "QUEUE", "component": "queue", "event": "size_changed", "host": "d6b2a058c4be", "pid": 63988, "queue": "preference", "rank": null, "size": 6, "ts": "2026-10-04 13:23:33"}
[DBG] {"category": "QUEUE", "component": "queue", "current_version": null, "event": "BEGIN:queue_list_for_pop", "exact": false, "host": "d6b2a058c4be", "max_lag": null, "pid": 63988, "queue": "rollout", "rank": null, "requested": 1, "ts": "2026-10-04 13:23:33"}
[DBG] {"category": "QUEUE", "component": "queue", "event": "watchdog_armed", "host": "d6b2a058c4be", "pid": 63988, "rank": null, "stage": "queue_list_for_pop", "timeout_sec": 30.0, "ts": "2026-10-04 13:23:33"}
[DBG] {"category": "QUEUE", "component": "queue", "elapsed_sec": 0.001866, "event": "END:queue_list_for_pop", "host": "d6b2a058c4be", "pid": 63988, "rank": null, "ts": "2026-10-04 13:23:33"}
[DBG] {"available": 8, "category": "QUEUE", "component": "queue", "event": "pop_scan", "exact": false, "host": "d6b2a058c4be", "pid": 63988, "queue": "rollout", "rank": null, "requested": 1, "selected": 1, "stale": 0, "ts": "2026-10-04 13:23:33"}
[DBG] {"category": "QUEUE", "component": "queue", "event": "BEGIN:queue_get", "host": "d6b2a058c4be", "key": "smoke01:rollout:6cd2f102e0c74e0fb1463e4de5cac9cc", "pid": 63988, "queue": "rollout", "rank": null, "ts": "2026-10-04 13:23:33"}
[DBG] {"category": "QUEUE", "component": "queue", "event": "watchdog_armed", "host": "d6b2a058c4be", "pid": 63988, "rank": null, "stage": "queue_get", "timeout_sec": 30.0, "ts": "2026-10-04 13:23:33"}
[DBG] {"category": "QUEUE", "component": "queue", "elapsed_sec": 0.020822, "event": "END:queue_get", "host": "d6b2a058c4be", "pid": 63988, "rank": null, "ts": "2026-10-04 13:23:33"}
[DBG] {"category": "QUEUE", "component": "queue", "count": 1, "event": "BEGIN:clear_popped", "host": "d6b2a058c4be", "pid": 63988, "queue": "rollout", "rank": null, "ts": "2026-10-04 13:23:33"}
[DBG] {"category": "QUEUE", "component": "queue", "event": "watchdog_armed", "host": "d6b2a058c4be", "pid": 63988, "rank": null, "stage": "clear_popped", "timeout_sec": 30.0, "ts": "2026-10-04 13:23:33"}
[DBG] {"category": "QUEUE", "component": "queue", "elapsed_sec": 0.008826, "event": "END:clear_popped", "host": "d6b2a058c4be", "pid": 63988, "rank": null, "ts": "2026-10-04 13:23:33"}
[DBG] {"category": "QUEUE", "component": "queue", "event": "pop_done", "host": "d6b2a058c4be", "pid": 63988, "queue": "rollout", "rank": null, "returned": 1, "stale": 0, "ts": "2026-10-04 13:23:33"}
[DBG] {"category": "QUEUE", "component": "queue", "event": "size_changed", "host": "d6b2a058c4be", "pid": 63988, "queue": "rollout", "rank": null, "size": 7, "ts": "2026-10-04 13:23:33"}
[DBG] {"category": "QUEUE", "component": "queue", "event": "BEGIN:queue_put", "host": "d6b2a058c4be", "item_id": "ee6bf8b2fd65408ea02677ce18cb8ce1", "pid": 63988, "queue": "rollout", "rank": null, "ts": "2026-10-04 13:23:33"}
[DBG] {"category": "QUEUE", "component": "queue", "event": "watchdog_armed", "host": "d6b2a058c4be", "pid": 63988, "rank": null, "stage": "queue_put", "timeout_sec": 30.0, "ts": "2026-10-04 13:23:33"}
[DBG] {"category": "QUEUE", "component": "queue", "elapsed_sec": 0.014557, "event": "END:queue_put", "host": "d6b2a058c4be", "pid": 63988, "rank": null, "ts": "2026-10-04 13:23:33"}
[DBG] {"category": "QUEUE", "component": "queue", "event": "put_done", "host": "d6b2a058c4be", "key": "smoke01:rollout:ee6bf8b2fd65408ea02677ce18cb8ce1", "pid": 63988, "policy_version": 0, "queue": "rollout", "rank": null, "ts": "2026-10-04 13:23:33"}
[DBG] {"category": "QUEUE", "component": "queue", "event": "BEGIN:queue_put", "host": "d6b2a058c4be", "item_id": "042f97d51783457ca8fa12e3d00eca77", "pid": 63988, "queue": "rollout", "rank": null, "ts": "2026-10-04 13:23:33"}
[DBG] {"category": "QUEUE", "component": "queue", "event": "watchdog_armed", "host": "d6b2a058c4be", "pid": 63988, "rank": null, "stage": "queue_put", "timeout_sec": 30.0, "ts": "2026-10-04 13:23:33"}
[DBG] {"category": "QUEUE", "component": "queue", "elapsed_sec": 0.016338, "event": "END:queue_put", "host": "d6b2a058c4be", "pid": 63988, "rank": null, "ts": "2026-10-04 13:23:33"}
[DBG] {"category": "QUEUE", "component": "queue", "event": "put_done", "host": "d6b2a058c4be", "key": "smoke01:rollout:042f97d51783457ca8fa12e3d00eca77", "pid": 63988, "policy_version": 0, "queue": "rollout", "rank": null, "ts": "2026-10-04 13:23:33"}
[DBG] {"category": "QUEUE", "component": "queue", "event": "size_changed", "host": "d6b2a058c4be", "pid": 63988, "queue": "rollout", "rank": null, "size": 9, "ts": "2026-10-04 13:23:33"}
[DBG] {"category": "QUEUE", "component": "queue", "event": "BEGIN:queue_put", "host": "d6b2a058c4be", "item_id": "6cd2f102e0c74e0fb1463e4de5cac9cc", "pid": 63988, "queue": "preference", "rank": null, "ts": "2026-10-04 13:23:34"}
[DBG] {"category": "QUEUE", "component": "queue", "event": "watchdog_armed", "host": "d6b2a058c4be", "pid": 63988, "rank": null, "stage": "queue_put", "timeout_sec": 30.0, "ts": "2026-10-04 13:23:34"}
[DBG] {"category": "QUEUE", "component": "queue", "elapsed_sec": 0.014777, "event": "END:queue_put", "host": "d6b2a058c4be", "pid": 63988, "rank": null, "ts": "2026-10-04 13:23:34"}
[DBG] {"category": "QUEUE", "component": "queue", "event": "put_done", "host": "d6b2a058c4be", "key": "smoke01:preference:6cd2f102e0c74e0fb1463e4de5cac9cc", "pid": 63988, "policy_version": 0, "queue": "preference", "rank": null, "ts": "2026-10-04 13:23:34"}
[DBG] {"category": "QUEUE", "component": "queue", "event": "size_changed", "host": "d6b2a058c4be", "pid": 63988, "queue": "preference", "rank": null, "size": 7, "ts": "2026-10-04 13:23:34"}
[DBG] {"category": "QUEUE", "component": "queue", "current_version": null, "event": "BEGIN:queue_list_for_pop", "exact": false, "host": "d6b2a058c4be", "max_lag": null, "pid": 63988, "queue": "rollout", "rank": null, "requested": 1, "ts": "2026-10-04 13:23:34"}
[DBG] {"category": "QUEUE", "component": "queue", "event": "watchdog_armed", "host": "d6b2a058c4be", "pid": 63988, "rank": null, "stage": "queue_list_for_pop", "timeout_sec": 30.0, "ts": "2026-10-04 13:23:34"}
[DBG] {"category": "QUEUE", "component": "queue", "elapsed_sec": 0.001442, "event": "END:queue_list_for_pop", "host": "d6b2a058c4be", "pid": 63988, "rank": null, "ts": "2026-10-04 13:23:34"}
[DBG] {"available": 9, "category": "QUEUE", "component": "queue", "event": "pop_scan", "exact": false, "host": "d6b2a058c4be", "pid": 63988, "queue": "rollout", "rank": null, "requested": 1, "selected": 1, "stale": 0, "ts": "2026-10-04 13:23:34"}
[DBG] {"category": "QUEUE", "component": "queue", "event": "BEGIN:queue_get", "host": "d6b2a058c4be", "key": "smoke01:rollout:7c0d3655df974d1eba229de311f7e7da", "pid": 63988, "queue": "rollout", "rank": null, "ts": "2026-10-04 13:23:34"}
[DBG] {"category": "QUEUE", "component": "queue", "event": "watchdog_armed", "host": "d6b2a058c4be", "pid": 63988, "rank": null, "stage": "queue_get", "timeout_sec": 30.0, "ts": "2026-10-04 13:23:34"}
[DBG] {"category": "QUEUE", "component": "queue", "elapsed_sec": 0.023878, "event": "END:queue_get", "host": "d6b2a058c4be", "pid": 63988, "rank": null, "ts": "2026-10-04 13:23:34"}
[DBG] {"category": "QUEUE", "component": "queue", "count": 1, "event": "BEGIN:clear_popped", "host": "d6b2a058c4be", "pid": 63988, "queue": "rollout", "rank": null, "ts": "2026-10-04 13:23:34"}
[DBG] {"category": "QUEUE", "component": "queue", "event": "watchdog_armed", "host": "d6b2a058c4be", "pid": 63988, "rank": null, "stage": "clear_popped", "timeout_sec": 30.0, "ts": "2026-10-04 13:23:34"}
[DBG] {"category": "QUEUE", "component": "queue", "elapsed_sec": 0.015673, "event": "END:clear_popped", "host": "d6b2a058c4be", "pid": 63988, "rank": null, "ts": "2026-10-04 13:23:34"}
[DBG] {"category": "QUEUE", "component": "queue", "event": "pop_done", "host": "d6b2a058c4be", "pid": 63988, "queue": "rollout", "rank": null, "returned": 1, "stale": 0, "ts": "2026-10-04 13:23:34"}
[DBG] {"category": "QUEUE", "component": "queue", "event": "size_changed", "host": "d6b2a058c4be", "pid": 63988, "queue": "rollout", "rank": null, "size": 8, "ts": "2026-10-04 13:23:34"}
[DBG] {"category": "QUEUE", "component": "queue", "event": "BEGIN:queue_put", "host": "d6b2a058c4be", "item_id": "7c0d3655df974d1eba229de311f7e7da", "pid": 63988, "queue": "preference", "rank": null, "ts": "2026-10-04 13:23:35"}
[DBG] {"category": "QUEUE", "component": "queue", "event": "watchdog_armed", "host": "d6b2a058c4be", "pid": 63988, "rank": null, "stage": "queue_put", "timeout_sec": 30.0, "ts": "2026-10-04 13:23:35"}
[DBG] {"category": "QUEUE", "component": "queue", "elapsed_sec": 0.01789, "event": "END:queue_put", "host": "d6b2a058c4be", "pid": 63988, "rank": null, "ts": "2026-10-04 13:23:35"}
[DBG] {"category": "QUEUE", "component": "queue", "event": "put_done", "host": "d6b2a058c4be", "key": "smoke01:preference:7c0d3655df974d1eba229de311f7e7da", "pid": 63988, "policy_version": 0, "queue": "preference", "rank": null, "ts": "2026-10-04 13:23:35"}
[DBG] {"category": "QUEUE", "component": "queue", "event": "size_changed", "host": "d6b2a058c4be", "pid": 63988, "queue": "preference", "rank": null, "size": 8, "ts": "2026-10-04 13:23:35"}
[DBG] {"category": "QUEUE", "component": "queue", "current_version": null, "event": "BEGIN:queue_list_for_pop", "exact": false, "host": "d6b2a058c4be", "max_lag": null, "pid": 63988, "queue": "rollout", "rank": null, "requested": 1, "ts": "2026-10-04 13:23:35"}
[DBG] {"category": "QUEUE", "component": "queue", "event": "watchdog_armed", "host": "d6b2a058c4be", "pid": 63988, "rank": null, "stage": "queue_list_for_pop", "timeout_sec": 30.0, "ts": "2026-10-04 13:23:35"}
[DBG] {"category": "QUEUE", "component": "queue", "elapsed_sec": 0.000963, "event": "END:queue_list_for_pop", "host": "d6b2a058c4be", "pid": 63988, "rank": null, "ts": "2026-10-04 13:23:35"}
[DBG] {"available": 8, "category": "QUEUE", "component": "queue", "event": "pop_scan", "exact": false, "host": "d6b2a058c4be", "pid": 63988, "queue": "rollout", "rank": null, "requested": 1, "selected": 1, "stale": 0, "ts": "2026-10-04 13:23:35"}
[DBG] {"category": "QUEUE", "component": "queue", "event": "BEGIN:queue_get", "host": "d6b2a058c4be", "key": "smoke01:rollout:a5c124f1c5e948d08b555b14315295f1", "pid": 63988, "queue": "rollout", "rank": null, "ts": "2026-10-04 13:23:35"}
[DBG] {"category": "QUEUE", "component": "queue", "event": "watchdog_armed", "host": "d6b2a058c4be", "pid": 63988, "rank": null, "stage": "queue_get", "timeout_sec": 30.0, "ts": "2026-10-04 13:23:35"}
[DBG] {"category": "QUEUE", "component": "queue", "elapsed_sec": 0.010545, "event": "END:queue_get", "host": "d6b2a058c4be", "pid": 63988, "rank": null, "ts": "2026-10-04 13:23:35"}
[DBG] {"category": "QUEUE", "component": "queue", "count": 1, "event": "BEGIN:clear_popped", "host": "d6b2a058c4be", "pid": 63988, "queue": "rollout", "rank": null, "ts": "2026-10-04 13:23:35"}
[DBG] {"category": "QUEUE", "component": "queue", "event": "watchdog_armed", "host": "d6b2a058c4be", "pid": 63988, "rank": null, "stage": "clear_popped", "timeout_sec": 30.0, "ts": "2026-10-04 13:23:35"}
[DBG] {"category": "QUEUE", "component": "queue", "elapsed_sec": 0.014897, "event": "END:clear_popped", "host": "d6b2a058c4be", "pid": 63988, "rank": null, "ts": "2026-10-04 13:23:35"}
[DBG] {"category": "QUEUE", "component": "queue", "event": "pop_done", "host": "d6b2a058c4be", "pid": 63988, "queue": "rollout", "rank": null, "returned": 1, "stale": 0, "ts": "2026-10-04 13:23:35"}
[DBG] {"category": "QUEUE", "component": "queue", "event": "size_changed", "host": "d6b2a058c4be", "pid": 63988, "queue": "rollout", "rank": null, "size": 7, "ts": "2026-10-04 13:23:35"}
[DBG] {"category": "QUEUE", "component": "queue", "event": "BEGIN:queue_put", "host": "d6b2a058c4be", "item_id": "b412ed2fee0e43b5b8aac0cce708b973", "pid": 63988, "queue": "rollout", "rank": null, "ts": "2026-10-04 13:23:36"}
[DBG] {"category": "QUEUE", "component": "queue", "event": "watchdog_armed", "host": "d6b2a058c4be", "pid": 63988, "rank": null, "stage": "queue_put", "timeout_sec": 30.0, "ts": "2026-10-04 13:23:36"}
[DBG] {"category": "QUEUE", "component": "queue", "elapsed_sec": 0.025758, "event": "END:queue_put", "host": "d6b2a058c4be", "pid": 63988, "rank": null, "ts": "2026-10-04 13:23:36"}
[DBG] {"category": "QUEUE", "component": "queue", "event": "put_done", "host": "d6b2a058c4be", "key": "smoke01:rollout:b412ed2fee0e43b5b8aac0cce708b973", "pid": 63988, "policy_version": 0, "queue": "rollout", "rank": null, "ts": "2026-10-04 13:23:36"}
[DBG] {"category": "QUEUE", "component": "queue", "event": "BEGIN:queue_put", "host": "d6b2a058c4be", "item_id": "30fd3bb99ce64e6ba0e638b32836791c", "pid": 63988, "queue": "rollout", "rank": null, "ts": "2026-10-04 13:23:36"}
[DBG] {"category": "QUEUE", "component": "queue", "event": "watchdog_armed", "host": "d6b2a058c4be", "pid": 63988, "rank": null, "stage": "queue_put", "timeout_sec": 30.0, "ts": "2026-10-04 13:23:36"}
[DBG] {"category": "QUEUE", "component": "queue", "elapsed_sec": 0.020496, "event": "END:queue_put", "host": "d6b2a058c4be", "pid": 63988, "rank": null, "ts": "2026-10-04 13:23:36"}
[DBG] {"category": "QUEUE", "component": "queue", "event": "put_done", "host": "d6b2a058c4be", "key": "smoke01:rollout:30fd3bb99ce64e6ba0e638b32836791c", "pid": 63988, "policy_version": 0, "queue": "rollout", "rank": null, "ts": "2026-10-04 13:23:36"}
[DBG] {"category": "QUEUE", "component": "queue", "event": "size_changed", "host": "d6b2a058c4be", "pid": 63988, "queue": "rollout", "rank": null, "size": 9, "ts": "2026-10-04 13:23:36"}
[DBG] {"category": "QUEUE", "component": "queue", "event": "BEGIN:queue_put", "host": "d6b2a058c4be", "item_id": "a5c124f1c5e948d08b555b14315295f1", "pid": 63988, "queue": "preference", "rank": null, "ts": "2026-10-04 13:23:36"}
[DBG] {"category": "QUEUE", "component": "queue", "event": "watchdog_armed", "host": "d6b2a058c4be", "pid": 63988, "rank": null, "stage": "queue_put", "timeout_sec": 30.0, "ts": "2026-10-04 13:23:36"}
[DBG] {"category": "QUEUE", "component": "queue", "elapsed_sec": 0.0236, "event": "END:queue_put", "host": "d6b2a058c4be", "pid": 63988, "rank": null, "ts": "2026-10-04 13:23:36"}
[DBG] {"category": "QUEUE", "component": "queue", "event": "put_done", "host": "d6b2a058c4be", "key": "smoke01:preference:a5c124f1c5e948d08b555b14315295f1", "pid": 63988, "policy_version": 0, "queue": "preference", "rank": null, "ts": "2026-10-04 13:23:36"}
[DBG] {"category": "QUEUE", "component": "queue", "event": "size_changed", "host": "d6b2a058c4be", "pid": 63988, "queue": "preference", "rank": null, "size": 9, "ts": "2026-10-04 13:23:36"}
[DBG] {"category": "QUEUE", "component": "queue", "current_version": null, "event": "BEGIN:queue_list_for_pop", "exact": false, "host": "d6b2a058c4be", "max_lag": null, "pid": 63988, "queue": "rollout", "rank": null, "requested": 1, "ts": "2026-10-04 13:23:36"}
[DBG] {"category": "QUEUE", "component": "queue", "event": "watchdog_armed", "host": "d6b2a058c4be", "pid": 63988, "rank": null, "stage": "queue_list_for_pop", "timeout_sec": 30.0, "ts": "2026-10-04 13:23:36"}
[DBG] {"category": "QUEUE", "component": "queue", "elapsed_sec": 0.001607, "event": "END:queue_list_for_pop", "host": "d6b2a058c4be", "pid": 63988, "rank": null, "ts": "2026-10-04 13:23:36"}
[DBG] {"available": 9, "category": "QUEUE", "component": "queue", "event": "pop_scan", "exact": false, "host": "d6b2a058c4be", "pid": 63988, "queue": "rollout", "rank": null, "requested": 1, "selected": 1, "stale": 0, "ts": "2026-10-04 13:23:36"}
[DBG] {"category": "QUEUE", "component": "queue", "event": "BEGIN:queue_get", "host": "d6b2a058c4be", "key": "smoke01:rollout:4642b7866d4d436a8671df032860f04f", "pid": 63988, "queue": "rollout", "rank": null, "ts": "2026-10-04 13:23:36"}
[DBG] {"category": "QUEUE", "component": "queue", "event": "watchdog_armed", "host": "d6b2a058c4be", "pid": 63988, "rank": null, "stage": "queue_get", "timeout_sec": 30.0, "ts": "2026-10-04 13:23:36"}
[DBG] {"category": "QUEUE", "component": "queue", "elapsed_sec": 0.027932, "event": "END:queue_get", "host": "d6b2a058c4be", "pid": 63988, "rank": null, "ts": "2026-10-04 13:23:36"}
[DBG] {"category": "QUEUE", "component": "queue", "count": 1, "event": "BEGIN:clear_popped", "host": "d6b2a058c4be", "pid": 63988, "queue": "rollout", "rank": null, "ts": "2026-10-04 13:23:36"}
[DBG] {"category": "QUEUE", "component": "queue", "event": "watchdog_armed", "host": "d6b2a058c4be", "pid": 63988, "rank": null, "stage": "clear_popped", "timeout_sec": 30.0, "ts": "2026-10-04 13:23:36"}
[DBG] {"category": "QUEUE", "component": "queue", "elapsed_sec": 0.016578, "event": "END:clear_popped", "host": "d6b2a058c4be", "pid": 63988, "rank": null, "ts": "2026-10-04 13:23:36"}
[DBG] {"category": "QUEUE", "component": "queue", "event": "pop_done", "host": "d6b2a058c4be", "pid": 63988, "queue": "rollout", "rank": null, "returned": 1, "stale": 0, "ts": "2026-10-04 13:23:36"}
[DBG] {"category": "QUEUE", "component": "queue", "event": "size_changed", "host": "d6b2a058c4be", "pid": 63988, "queue": "rollout", "rank": null, "size": 8, "ts": "2026-10-04 13:23:37"}
[DBG] {"category": "QUEUE", "component": "queue", "event": "BEGIN:queue_put", "host": "d6b2a058c4be", "item_id": "4642b7866d4d436a8671df032860f04f", "pid": 63988, "queue": "preference", "rank": null, "ts": "2026-10-04 13:23:38"}
[DBG] {"category": "QUEUE", "component": "queue", "event": "watchdog_armed", "host": "d6b2a058c4be", "pid": 63988, "rank": null, "stage": "queue_put", "timeout_sec": 30.0, "ts": "2026-10-04 13:23:38"}
[DBG] {"category": "QUEUE", "component": "queue", "elapsed_sec": 0.027008, "event": "END:queue_put", "host": "d6b2a058c4be", "pid": 63988, "rank": null, "ts": "2026-10-04 13:23:38"}
[DBG] {"category": "QUEUE", "component": "queue", "event": "put_done", "host": "d6b2a058c4be", "key": "smoke01:preference:4642b7866d4d436a8671df032860f04f", "pid": 63988, "policy_version": 0, "queue": "preference", "rank": null, "ts": "2026-10-04 13:23:38"}
[DBG] {"category": "QUEUE", "component": "queue", "event": "size_changed", "host": "d6b2a058c4be", "pid": 63988, "queue": "preference", "rank": null, "size": 10, "ts": "2026-10-04 13:23:38"}
[DBG] {"category": "QUEUE", "component": "queue", "current_version": null, "event": "BEGIN:queue_list_for_pop", "exact": false, "host": "d6b2a058c4be", "max_lag": null, "pid": 63988, "queue": "rollout", "rank": null, "requested": 1, "ts": "2026-10-04 13:23:38"}
[DBG] {"category": "QUEUE", "component": "queue", "event": "watchdog_armed", "host": "d6b2a058c4be", "pid": 63988, "rank": null, "stage": "queue_list_for_pop", "timeout_sec": 30.0, "ts": "2026-10-04 13:23:38"}
[DBG] {"category": "QUEUE", "component": "queue", "elapsed_sec": 0.001388, "event": "END:queue_list_for_pop", "host": "d6b2a058c4be", "pid": 63988, "rank": null, "ts": "2026-10-04 13:23:38"}
[DBG] {"available": 8, "category": "QUEUE", "component": "queue", "event": "pop_scan", "exact": false, "host": "d6b2a058c4be", "pid": 63988, "queue": "rollout", "rank": null, "requested": 1, "selected": 1, "stale": 0, "ts": "2026-10-04 13:23:38"}
[DBG] {"category": "QUEUE", "component": "queue", "event": "BEGIN:queue_get", "host": "d6b2a058c4be", "key": "smoke01:rollout:eb1b04b7366944369297cdd61dad92fb", "pid": 63988, "queue": "rollout", "rank": null, "ts": "2026-10-04 13:23:38"}
[DBG] {"category": "QUEUE", "component": "queue", "event": "watchdog_armed", "host": "d6b2a058c4be", "pid": 63988, "rank": null, "stage": "queue_get", "timeout_sec": 30.0, "ts": "2026-10-04 13:23:38"}
[DBG] {"category": "QUEUE", "component": "queue", "elapsed_sec": 0.012563, "event": "END:queue_get", "host": "d6b2a058c4be", "pid": 63988, "rank": null, "ts": "2026-10-04 13:23:38"}
[DBG] {"category": "QUEUE", "component": "queue", "count": 1, "event": "BEGIN:clear_popped", "host": "d6b2a058c4be", "pid": 63988, "queue": "rollout", "rank": null, "ts": "2026-10-04 13:23:38"}
[DBG] {"category": "QUEUE", "component": "queue", "event": "watchdog_armed", "host": "d6b2a058c4be", "pid": 63988, "rank": null, "stage": "clear_popped", "timeout_sec": 30.0, "ts": "2026-10-04 13:23:38"}
[DBG] {"category": "QUEUE", "component": "queue", "elapsed_sec": 0.008364, "event": "END:clear_popped", "host": "d6b2a058c4be", "pid": 63988, "rank": null, "ts": "2026-10-04 13:23:38"}
[DBG] {"category": "QUEUE", "component": "queue", "event": "pop_done", "host": "d6b2a058c4be", "pid": 63988, "queue": "rollout", "rank": null, "returned": 1, "stale": 0, "ts": "2026-10-04 13:23:38"}
[DBG] {"category": "QUEUE", "component": "queue", "event": "size_changed", "host": "d6b2a058c4be", "pid": 63988, "queue": "rollout", "rank": null, "size": 7, "ts": "2026-10-04 13:23:38"}
[DBG] {"category": "QUEUE", "component": "queue", "event": "BEGIN:queue_put", "host": "d6b2a058c4be", "item_id": "b89064d8e4fd42989f11ee86f6c50d7f", "pid": 63988, "queue": "rollout", "rank": null, "ts": "2026-10-04 13:23:38"}
[DBG] {"category": "QUEUE", "component": "queue", "event": "watchdog_armed", "host": "d6b2a058c4be", "pid": 63988, "rank": null, "stage": "queue_put", "timeout_sec": 30.0, "ts": "2026-10-04 13:23:38"}
[DBG] {"category": "QUEUE", "component": "queue", "elapsed_sec": 0.026757, "event": "END:queue_put", "host": "d6b2a058c4be", "pid": 63988, "rank": null, "ts": "2026-10-04 13:23:38"}
[DBG] {"category": "QUEUE", "component": "queue", "event": "put_done", "host": "d6b2a058c4be", "key": "smoke01:rollout:b89064d8e4fd42989f11ee86f6c50d7f", "pid": 63988, "policy_version": 0, "queue": "rollout", "rank": null, "ts": "2026-10-04 13:23:38"}
[DBG] {"category": "QUEUE", "component": "queue", "event": "BEGIN:queue_put", "host": "d6b2a058c4be", "item_id": "cfc3cf34f41f4512831d890da261260e", "pid": 63988, "queue": "rollout", "rank": null, "ts": "2026-10-04 13:23:38"}
[DBG] {"category": "QUEUE", "component": "queue", "event": "watchdog_armed", "host": "d6b2a058c4be", "pid": 63988, "rank": null, "stage": "queue_put", "timeout_sec": 30.0, "ts": "2026-10-04 13:23:38"}
[DBG] {"category": "QUEUE", "component": "queue", "elapsed_sec": 0.030384, "event": "END:queue_put", "host": "d6b2a058c4be", "pid": 63988, "rank": null, "ts": "2026-10-04 13:23:38"}
[DBG] {"category": "QUEUE", "component": "queue", "event": "put_done", "host": "d6b2a058c4be", "key": "smoke01:rollout:cfc3cf34f41f4512831d890da261260e", "pid": 63988, "policy_version": 0, "queue": "rollout", "rank": null, "ts": "2026-10-04 13:23:38"}
[DBG] {"category": "QUEUE", "component": "queue", "event": "size_changed", "host": "d6b2a058c4be", "pid": 63988, "queue": "rollout", "rank": null, "size": 9, "ts": "2026-10-04 13:23:38"}
[DBG] {"category": "QUEUE", "component": "queue", "event": "BEGIN:queue_put", "host": "d6b2a058c4be", "item_id": "eb1b04b7366944369297cdd61dad92fb", "pid": 63988, "queue": "preference", "rank": null, "ts": "2026-10-04 13:23:39"}
[DBG] {"category": "QUEUE", "component": "queue", "event": "watchdog_armed", "host": "d6b2a058c4be", "pid": 63988, "rank": null, "stage": "queue_put", "timeout_sec": 30.0, "ts": "2026-10-04 13:23:39"}
[DBG] {"category": "QUEUE", "component": "queue", "elapsed_sec": 0.021439, "event": "END:queue_put", "host": "d6b2a058c4be", "pid": 63988, "rank": null, "ts": "2026-10-04 13:23:39"}
[DBG] {"category": "QUEUE", "component": "queue", "event": "put_done", "host": "d6b2a058c4be", "key": "smoke01:preference:eb1b04b7366944369297cdd61dad92fb", "pid": 63988, "policy_version": 0, "queue": "preference", "rank": null, "ts": "2026-10-04 13:23:39"}
[DBG] {"category": "QUEUE", "component": "queue", "event": "size_changed", "host": "d6b2a058c4be", "pid": 63988, "queue": "preference", "rank": null, "size": 11, "ts": "2026-10-04 13:23:39"}
[DBG] {"category": "QUEUE", "component": "queue", "current_version": null, "event": "BEGIN:queue_list_for_pop", "exact": false, "host": "d6b2a058c4be", "max_lag": null, "pid": 63988, "queue": "rollout", "rank": null, "requested": 1, "ts": "2026-10-04 13:23:39"}
[DBG] {"category": "QUEUE", "component": "queue", "event": "watchdog_armed", "host": "d6b2a058c4be", "pid": 63988, "rank": null, "stage": "queue_list_for_pop", "timeout_sec": 30.0, "ts": "2026-10-04 13:23:39"}
[DBG] {"category": "QUEUE", "component": "queue", "elapsed_sec": 0.001937, "event": "END:queue_list_for_pop", "host": "d6b2a058c4be", "pid": 63988, "rank": null, "ts": "2026-10-04 13:23:39"}
[DBG] {"available": 9, "category": "QUEUE", "component": "queue", "event": "pop_scan", "exact": false, "host": "d6b2a058c4be", "pid": 63988, "queue": "rollout", "rank": null, "requested": 1, "selected": 1, "stale": 0, "ts": "2026-10-04 13:23:39"}
[DBG] {"category": "QUEUE", "component": "queue", "event": "BEGIN:queue_get", "host": "d6b2a058c4be", "key": "smoke01:rollout:80e4dc5e667146c4999abdd681cdce71", "pid": 63988, "queue": "rollout", "rank": null, "ts": "2026-10-04 13:23:39"}
[DBG] {"category": "QUEUE", "component": "queue", "event": "watchdog_armed", "host": "d6b2a058c4be", "pid": 63988, "rank": null, "stage": "queue_get", "timeout_sec": 30.0, "ts": "2026-10-04 13:23:39"}
[DBG] {"category": "QUEUE", "component": "queue", "elapsed_sec": 0.021972, "event": "END:queue_get", "host": "d6b2a058c4be", "pid": 63988, "rank": null, "ts": "2026-10-04 13:23:39"}
[DBG] {"category": "QUEUE", "component": "queue", "count": 1, "event": "BEGIN:clear_popped", "host": "d6b2a058c4be", "pid": 63988, "queue": "rollout", "rank": null, "ts": "2026-10-04 13:23:39"}
[DBG] {"category": "QUEUE", "component": "queue", "event": "watchdog_armed", "host": "d6b2a058c4be", "pid": 63988, "rank": null, "stage": "clear_popped", "timeout_sec": 30.0, "ts": "2026-10-04 13:23:39"}
[DBG] {"category": "QUEUE", "component": "queue", "elapsed_sec": 0.018627, "event": "END:clear_popped", "host": "d6b2a058c4be", "pid": 63988, "rank": null, "ts": "2026-10-04 13:23:39"}
[DBG] {"category": "QUEUE", "component": "queue", "event": "pop_done", "host": "d6b2a058c4be", "pid": 63988, "queue": "rollout", "rank": null, "returned": 1, "stale": 0, "ts": "2026-10-04 13:23:39"}
[DBG] {"category": "QUEUE", "component": "queue", "event": "size_changed", "host": "d6b2a058c4be", "pid": 63988, "queue": "rollout", "rank": null, "size": 8, "ts": "2026-10-04 13:23:39"}
[DBG] {"category": "QUEUE", "component": "queue", "event": "BEGIN:queue_put", "host": "d6b2a058c4be", "item_id": "80e4dc5e667146c4999abdd681cdce71", "pid": 63988, "queue": "preference", "rank": null, "ts": "2026-10-04 13:23:40"}
[DBG] {"category": "QUEUE", "component": "queue", "event": "watchdog_armed", "host": "d6b2a058c4be", "pid": 63988, "rank": null, "stage": "queue_put", "timeout_sec": 30.0, "ts": "2026-10-04 13:23:40"}
[DBG] {"category": "QUEUE", "component": "queue", "elapsed_sec": 0.016188, "event": "END:queue_put", "host": "d6b2a058c4be", "pid": 63988, "rank": null, "ts": "2026-10-04 13:23:40"}
[DBG] {"category": "QUEUE", "component": "queue", "event": "put_done", "host": "d6b2a058c4be", "key": "smoke01:preference:80e4dc5e667146c4999abdd681cdce71", "pid": 63988, "policy_version": 0, "queue": "preference", "rank": null, "ts": "2026-10-04 13:23:40"}
[DBG] {"category": "QUEUE", "component": "queue", "event": "size_changed", "host": "d6b2a058c4be", "pid": 63988, "queue": "preference", "rank": null, "size": 12, "ts": "2026-10-04 13:23:40"}
[DBG] {"category": "QUEUE", "component": "queue", "current_version": null, "event": "BEGIN:queue_list_for_pop", "exact": false, "host": "d6b2a058c4be", "max_lag": null, "pid": 63988, "queue": "rollout", "rank": null, "requested": 1, "ts": "2026-10-04 13:23:40"}
[DBG] {"category": "QUEUE", "component": "queue", "event": "watchdog_armed", "host": "d6b2a058c4be", "pid": 63988, "rank": null, "stage": "queue_list_for_pop", "timeout_sec": 30.0, "ts": "2026-10-04 13:23:40"}
[DBG] {"category": "QUEUE", "component": "queue", "elapsed_sec": 0.001809, "event": "END:queue_list_for_pop", "host": "d6b2a058c4be", "pid": 63988, "rank": null, "ts": "2026-10-04 13:23:40"}
[DBG] {"available": 8, "category": "QUEUE", "component": "queue", "event": "pop_scan", "exact": false, "host": "d6b2a058c4be", "pid": 63988, "queue": "rollout", "rank": null, "requested": 1, "selected": 1, "stale": 0, "ts": "2026-10-04 13:23:40"}
[DBG] {"category": "QUEUE", "component": "queue", "event": "BEGIN:queue_get", "host": "d6b2a058c4be", "key": "smoke01:rollout:de5a27d9d2174b6d83fe0cd60a54ccff", "pid": 63988, "queue": "rollout", "rank": null, "ts": "2026-10-04 13:23:40"}
[DBG] {"category": "QUEUE", "component": "queue", "event": "watchdog_armed", "host": "d6b2a058c4be", "pid": 63988, "rank": null, "stage": "queue_get", "timeout_sec": 30.0, "ts": "2026-10-04 13:23:40"}
[DBG] {"category": "QUEUE", "component": "queue", "elapsed_sec": 0.019402, "event": "END:queue_get", "host": "d6b2a058c4be", "pid": 63988, "rank": null, "ts": "2026-10-04 13:23:40"}
[DBG] {"category": "QUEUE", "component": "queue", "count": 1, "event": "BEGIN:clear_popped", "host": "d6b2a058c4be", "pid": 63988, "queue": "rollout", "rank": null, "ts": "2026-10-04 13:23:40"}
[DBG] {"category": "QUEUE", "component": "queue", "event": "watchdog_armed", "host": "d6b2a058c4be", "pid": 63988, "rank": null, "stage": "clear_popped", "timeout_sec": 30.0, "ts": "2026-10-04 13:23:40"}
[DBG] {"category": "QUEUE", "component": "queue", "elapsed_sec": 0.012057, "event": "END:clear_popped", "host": "d6b2a058c4be", "pid": 63988, "rank": null, "ts": "2026-10-04 13:23:40"}
[DBG] {"category": "QUEUE", "component": "queue", "event": "pop_done", "host": "d6b2a058c4be", "pid": 63988, "queue": "rollout", "rank": null, "returned": 1, "stale": 0, "ts": "2026-10-04 13:23:40"}
[DBG] {"category": "QUEUE", "component": "queue", "event": "size_changed", "host": "d6b2a058c4be", "pid": 63988, "queue": "rollout", "rank": null, "size": 7, "ts": "2026-10-04 13:23:40"}
[DBG] {"category": "QUEUE", "component": "queue", "event": "BEGIN:queue_put", "host": "d6b2a058c4be", "item_id": "45670ae618c545728088857912e314a9", "pid": 63988, "queue": "rollout", "rank": null, "ts": "2026-10-04 13:23:40"}
[DBG] {"category": "QUEUE", "component": "queue", "event": "watchdog_armed", "host": "d6b2a058c4be", "pid": 63988, "rank": null, "stage": "queue_put", "timeout_sec": 30.0, "ts": "2026-10-04 13:23:40"}
[DBG] {"category": "QUEUE", "component": "queue", "elapsed_sec": 0.026964, "event": "END:queue_put", "host": "d6b2a058c4be", "pid": 63988, "rank": null, "ts": "2026-10-04 13:23:40"}
[DBG] {"category": "QUEUE", "component": "queue", "event": "put_done", "host": "d6b2a058c4be", "key": "smoke01:rollout:45670ae618c545728088857912e314a9", "pid": 63988, "policy_version": 0, "queue": "rollout", "rank": null, "ts": "2026-10-04 13:23:40"}
[DBG] {"category": "QUEUE", "component": "queue", "event": "BEGIN:queue_put", "host": "d6b2a058c4be", "item_id": "42e6c95f58684375a248062c3f7dd2dc", "pid": 63988, "queue": "rollout", "rank": null, "ts": "2026-10-04 13:23:40"}
[DBG] {"category": "QUEUE", "component": "queue", "event": "watchdog_armed", "host": "d6b2a058c4be", "pid": 63988, "rank": null, "stage": "queue_put", "timeout_sec": 30.0, "ts": "2026-10-04 13:23:40"}
[DBG] {"category": "QUEUE", "component": "queue", "elapsed_sec": 0.027759, "event": "END:queue_put", "host": "d6b2a058c4be", "pid": 63988, "rank": null, "ts": "2026-10-04 13:23:40"}
[DBG] {"category": "QUEUE", "component": "queue", "event": "put_done", "host": "d6b2a058c4be", "key": "smoke01:rollout:42e6c95f58684375a248062c3f7dd2dc", "pid": 63988, "policy_version": 0, "queue": "rollout", "rank": null, "ts": "2026-10-04 13:23:40"}
[DBG] {"category": "QUEUE", "component": "queue", "event": "size_changed", "host": "d6b2a058c4be", "pid": 63988, "queue": "rollout", "rank": null, "size": 9, "ts": "2026-10-04 13:23:40"}
[DBG] {"category": "QUEUE", "component": "queue", "event": "BEGIN:queue_put", "host": "d6b2a058c4be", "item_id": "de5a27d9d2174b6d83fe0cd60a54ccff", "pid": 63988, "queue": "preference", "rank": null, "ts": "2026-10-04 13:23:41"}
[DBG] {"category": "QUEUE", "component": "queue", "event": "watchdog_armed", "host": "d6b2a058c4be", "pid": 63988, "rank": null, "stage": "queue_put", "timeout_sec": 30.0, "ts": "2026-10-04 13:23:41"}
[DBG] {"category": "QUEUE", "component": "queue", "elapsed_sec": 0.021683, "event": "END:queue_put", "host": "d6b2a058c4be", "pid": 63988, "rank": null, "ts": "2026-10-04 13:23:41"}
[DBG] {"category": "QUEUE", "component": "queue", "event": "put_done", "host": "d6b2a058c4be", "key": "smoke01:preference:de5a27d9d2174b6d83fe0cd60a54ccff", "pid": 63988, "policy_version": 0, "queue": "preference", "rank": null, "ts": "2026-10-04 13:23:41"}
[DBG] {"category": "QUEUE", "component": "queue", "event": "size_changed", "host": "d6b2a058c4be", "pid": 63988, "queue": "preference", "rank": null, "size": 13, "ts": "2026-10-04 13:23:41"}
[DBG] {"category": "QUEUE", "component": "queue", "current_version": null, "event": "BEGIN:queue_list_for_pop", "exact": false, "host": "d6b2a058c4be", "max_lag": null, "pid": 63988, "queue": "rollout", "rank": null, "requested": 1, "ts": "2026-10-04 13:23:41"}
[DBG] {"category": "QUEUE", "component": "queue", "event": "watchdog_armed", "host": "d6b2a058c4be", "pid": 63988, "rank": null, "stage": "queue_list_for_pop", "timeout_sec": 30.0, "ts": "2026-10-04 13:23:41"}
[DBG] {"category": "QUEUE", "component": "queue", "elapsed_sec": 0.002262, "event": "END:queue_list_for_pop", "host": "d6b2a058c4be", "pid": 63988, "rank": null, "ts": "2026-10-04 13:23:41"}
[DBG] {"available": 9, "category": "QUEUE", "component": "queue", "event": "pop_scan", "exact": false, "host": "d6b2a058c4be", "pid": 63988, "queue": "rollout", "rank": null, "requested": 1, "selected": 1, "stale": 0, "ts": "2026-10-04 13:23:41"}
[DBG] {"category": "QUEUE", "component": "queue", "event": "BEGIN:queue_get", "host": "d6b2a058c4be", "key": "smoke01:rollout:4b185d1cca8d45aa90725b818889e45a", "pid": 63988, "queue": "rollout", "rank": null, "ts": "2026-10-04 13:23:41"}
[DBG] {"category": "QUEUE", "component": "queue", "event": "watchdog_armed", "host": "d6b2a058c4be", "pid": 63988, "rank": null, "stage": "queue_get", "timeout_sec": 30.0, "ts": "2026-10-04 13:23:41"}
[DBG] {"category": "QUEUE", "component": "queue", "elapsed_sec": 0.024382, "event": "END:queue_get", "host": "d6b2a058c4be", "pid": 63988, "rank": null, "ts": "2026-10-04 13:23:41"}
[DBG] {"category": "QUEUE", "component": "queue", "count": 1, "event": "BEGIN:clear_popped", "host": "d6b2a058c4be", "pid": 63988, "queue": "rollout", "rank": null, "ts": "2026-10-04 13:23:41"}
[DBG] {"category": "QUEUE", "component": "queue", "event": "watchdog_armed", "host": "d6b2a058c4be", "pid": 63988, "rank": null, "stage": "clear_popped", "timeout_sec": 30.0, "ts": "2026-10-04 13:23:41"}
[DBG] {"category": "QUEUE", "component": "queue", "elapsed_sec": 0.013531, "event": "END:clear_popped", "host": "d6b2a058c4be", "pid": 63988, "rank": null, "ts": "2026-10-04 13:23:41"}
[DBG] {"category": "QUEUE", "component": "queue", "event": "pop_done", "host": "d6b2a058c4be", "pid": 63988, "queue": "rollout", "rank": null, "returned": 1, "stale": 0, "ts": "2026-10-04 13:23:41"}
[DBG] {"category": "QUEUE", "component": "queue", "event": "size_changed", "host": "d6b2a058c4be", "pid": 63988, "queue": "rollout", "rank": null, "size": 8, "ts": "2026-10-04 13:23:41"}
[DBG] {"category": "QUEUE", "component": "queue", "event": "BEGIN:queue_put", "host": "d6b2a058c4be", "item_id": "4b185d1cca8d45aa90725b818889e45a", "pid": 63988, "queue": "preference", "rank": null, "ts": "2026-10-04 13:23:42"}
[DBG] {"category": "QUEUE", "component": "queue", "event": "watchdog_armed", "host": "d6b2a058c4be", "pid": 63988, "rank": null, "stage": "queue_put", "timeout_sec": 30.0, "ts": "2026-10-04 13:23:42"}
[DBG] {"category": "QUEUE", "component": "queue", "elapsed_sec": 0.027646, "event": "END:queue_put", "host": "d6b2a058c4be", "pid": 63988, "rank": null, "ts": "2026-10-04 13:23:42"}
[DBG] {"category": "QUEUE", "component": "queue", "event": "put_done", "host": "d6b2a058c4be", "key": "smoke01:preference:4b185d1cca8d45aa90725b818889e45a", "pid": 63988, "policy_version": 0, "queue": "preference", "rank": null, "ts": "2026-10-04 13:23:42"}
[DBG] {"category": "QUEUE", "component": "queue", "event": "size_changed", "host": "d6b2a058c4be", "pid": 63988, "queue": "preference", "rank": null, "size": 14, "ts": "2026-10-04 13:23:42"}
[DBG] {"category": "QUEUE", "component": "queue", "current_version": null, "event": "BEGIN:queue_list_for_pop", "exact": false, "host": "d6b2a058c4be", "max_lag": null, "pid": 63988, "queue": "rollout", "rank": null, "requested": 1, "ts": "2026-10-04 13:23:42"}
[DBG] {"category": "QUEUE", "component": "queue", "event": "watchdog_armed", "host": "d6b2a058c4be", "pid": 63988, "rank": null, "stage": "queue_list_for_pop", "timeout_sec": 30.0, "ts": "2026-10-04 13:23:42"}
[DBG] {"category": "QUEUE", "component": "queue", "elapsed_sec": 0.001952, "event": "END:queue_list_for_pop", "host": "d6b2a058c4be", "pid": 63988, "rank": null, "ts": "2026-10-04 13:23:42"}
[DBG] {"available": 8, "category": "QUEUE", "component": "queue", "event": "pop_scan", "exact": false, "host": "d6b2a058c4be", "pid": 63988, "queue": "rollout", "rank": null, "requested": 1, "selected": 1, "stale": 0, "ts": "2026-10-04 13:23:42"}
[DBG] {"category": "QUEUE", "component": "queue", "event": "BEGIN:queue_get", "host": "d6b2a058c4be", "key": "smoke01:rollout:ee6bf8b2fd65408ea02677ce18cb8ce1", "pid": 63988, "queue": "rollout", "rank": null, "ts": "2026-10-04 13:23:42"}
[DBG] {"category": "QUEUE", "component": "queue", "event": "watchdog_armed", "host": "d6b2a058c4be", "pid": 63988, "rank": null, "stage": "queue_get", "timeout_sec": 30.0, "ts": "2026-10-04 13:23:42"}
[DBG] {"category": "QUEUE", "component": "queue", "elapsed_sec": 0.027144, "event": "END:queue_get", "host": "d6b2a058c4be", "pid": 63988, "rank": null, "ts": "2026-10-04 13:23:42"}
[DBG] {"category": "QUEUE", "component": "queue", "count": 1, "event": "BEGIN:clear_popped", "host": "d6b2a058c4be", "pid": 63988, "queue": "rollout", "rank": null, "ts": "2026-10-04 13:23:42"}
[DBG] {"category": "QUEUE", "component": "queue", "event": "watchdog_armed", "host": "d6b2a058c4be", "pid": 63988, "rank": null, "stage": "clear_popped", "timeout_sec": 30.0, "ts": "2026-10-04 13:23:42"}
[DBG] {"category": "QUEUE", "component": "queue", "elapsed_sec": 0.017723, "event": "END:clear_popped", "host": "d6b2a058c4be", "pid": 63988, "rank": null, "ts": "2026-10-04 13:23:42"}
[DBG] {"category": "QUEUE", "component": "queue", "event": "pop_done", "host": "d6b2a058c4be", "pid": 63988, "queue": "rollout", "rank": null, "returned": 1, "stale": 0, "ts": "2026-10-04 13:23:42"}
[DBG] {"category": "QUEUE", "component": "queue", "event": "size_changed", "host": "d6b2a058c4be", "pid": 63988, "queue": "rollout", "rank": null, "size": 7, "ts": "2026-10-04 13:23:42"}
[DBG] {"category": "QUEUE", "component": "queue", "event": "BEGIN:queue_put", "host": "d6b2a058c4be", "item_id": "aa849bd3e4f640f2b8d03550bb0536d2", "pid": 63988, "queue": "rollout", "rank": null, "ts": "2026-10-04 13:23:42"}
[DBG] {"category": "QUEUE", "component": "queue", "event": "watchdog_armed", "host": "d6b2a058c4be", "pid": 63988, "rank": null, "stage": "queue_put", "timeout_sec": 30.0, "ts": "2026-10-04 13:23:42"}
[DBG] {"category": "QUEUE", "component": "queue", "elapsed_sec": 0.026714, "event": "END:queue_put", "host": "d6b2a058c4be", "pid": 63988, "rank": null, "ts": "2026-10-04 13:23:42"}
[DBG] {"category": "QUEUE", "component": "queue", "event": "put_done", "host": "d6b2a058c4be", "key": "smoke01:rollout:aa849bd3e4f640f2b8d03550bb0536d2", "pid": 63988, "policy_version": 0, "queue": "rollout", "rank": null, "ts": "2026-10-04 13:23:42"}
[DBG] {"category": "QUEUE", "component": "queue", "event": "BEGIN:queue_put", "host": "d6b2a058c4be", "item_id": "101c880b786d4b01bb3dabb31d65b0f9", "pid": 63988, "queue": "rollout", "rank": null, "ts": "2026-10-04 13:23:42"}
[DBG] {"category": "QUEUE", "component": "queue", "event": "watchdog_armed", "host": "d6b2a058c4be", "pid": 63988, "rank": null, "stage": "queue_put", "timeout_sec": 30.0, "ts": "2026-10-04 13:23:42"}
[DBG] {"category": "QUEUE", "component": "queue", "elapsed_sec": 0.026055, "event": "END:queue_put", "host": "d6b2a058c4be", "pid": 63988, "rank": null, "ts": "2026-10-04 13:23:43"}
[DBG] {"category": "QUEUE", "component": "queue", "event": "put_done", "host": "d6b2a058c4be", "key": "smoke01:rollout:101c880b786d4b01bb3dabb31d65b0f9", "pid": 63988, "policy_version": 0, "queue": "rollout", "rank": null, "ts": "2026-10-04 13:23:43"}
[DBG] {"category": "QUEUE", "component": "queue", "event": "size_changed", "host": "d6b2a058c4be", "pid": 63988, "queue": "rollout", "rank": null, "size": 9, "ts": "2026-10-04 13:23:43"}
[DBG] {"category": "QUEUE", "component": "queue", "event": "BEGIN:queue_put", "host": "d6b2a058c4be", "item_id": "ee6bf8b2fd65408ea02677ce18cb8ce1", "pid": 63988, "queue": "preference", "rank": null, "ts": "2026-10-04 13:23:43"}
[DBG] {"category": "QUEUE", "component": "queue", "event": "watchdog_armed", "host": "d6b2a058c4be", "pid": 63988, "rank": null, "stage": "queue_put", "timeout_sec": 30.0, "ts": "2026-10-04 13:23:43"}
[DBG] {"category": "QUEUE", "component": "queue", "elapsed_sec": 0.027305, "event": "END:queue_put", "host": "d6b2a058c4be", "pid": 63988, "rank": null, "ts": "2026-10-04 13:23:43"}
[DBG] {"category": "QUEUE", "component": "queue", "event": "put_done", "host": "d6b2a058c4be", "key": "smoke01:preference:ee6bf8b2fd65408ea02677ce18cb8ce1", "pid": 63988, "policy_version": 0, "queue": "preference", "rank": null, "ts": "2026-10-04 13:23:43"}
[DBG] {"category": "QUEUE", "component": "queue", "event": "size_changed", "host": "d6b2a058c4be", "pid": 63988, "queue": "preference", "rank": null, "size": 15, "ts": "2026-10-04 13:23:43"}
[DBG] {"category": "QUEUE", "component": "queue", "current_version": null, "event": "BEGIN:queue_list_for_pop", "exact": false, "host": "d6b2a058c4be", "max_lag": null, "pid": 63988, "queue": "rollout", "rank": null, "requested": 1, "ts": "2026-10-04 13:23:43"}
[DBG] {"category": "QUEUE", "component": "queue", "event": "watchdog_armed", "host": "d6b2a058c4be", "pid": 63988, "rank": null, "stage": "queue_list_for_pop", "timeout_sec": 30.0, "ts": "2026-10-04 13:23:43"}
[DBG] {"category": "QUEUE", "component": "queue", "elapsed_sec": 0.001702, "event": "END:queue_list_for_pop", "host": "d6b2a058c4be", "pid": 63988, "rank": null, "ts": "2026-10-04 13:23:43"}
[DBG] {"available": 9, "category": "QUEUE", "component": "queue", "event": "pop_scan", "exact": false, "host": "d6b2a058c4be", "pid": 63988, "queue": "rollout", "rank": null, "requested": 1, "selected": 1, "stale": 0, "ts": "2026-10-04 13:23:43"}
[DBG] {"category": "QUEUE", "component": "queue", "event": "BEGIN:queue_get", "host": "d6b2a058c4be", "key": "smoke01:rollout:042f97d51783457ca8fa12e3d00eca77", "pid": 63988, "queue": "rollout", "rank": null, "ts": "2026-10-04 13:23:43"}
[DBG] {"category": "QUEUE", "component": "queue", "event": "watchdog_armed", "host": "d6b2a058c4be", "pid": 63988, "rank": null, "stage": "queue_get", "timeout_sec": 30.0, "ts": "2026-10-04 13:23:43"}
[DBG] {"category": "QUEUE", "component": "queue", "elapsed_sec": 0.023789, "event": "END:queue_get", "host": "d6b2a058c4be", "pid": 63988, "rank": null, "ts": "2026-10-04 13:23:43"}
[DBG] {"category": "QUEUE", "component": "queue", "count": 1, "event": "BEGIN:clear_popped", "host": "d6b2a058c4be", "pid": 63988, "queue": "rollout", "rank": null, "ts": "2026-10-04 13:23:43"}
[DBG] {"category": "QUEUE", "component": "queue", "event": "watchdog_armed", "host": "d6b2a058c4be", "pid": 63988, "rank": null, "stage": "clear_popped", "timeout_sec": 30.0, "ts": "2026-10-04 13:23:43"}
[DBG] {"category": "QUEUE", "component": "queue", "elapsed_sec": 0.010277, "event": "END:clear_popped", "host": "d6b2a058c4be", "pid": 63988, "rank": null, "ts": "2026-10-04 13:23:43"}
[DBG] {"category": "QUEUE", "component": "queue", "event": "pop_done", "host": "d6b2a058c4be", "pid": 63988, "queue": "rollout", "rank": null, "returned": 1, "stale": 0, "ts": "2026-10-04 13:23:43"}
[DBG] {"category": "QUEUE", "component": "queue", "event": "size_changed", "host": "d6b2a058c4be", "pid": 63988, "queue": "rollout", "rank": null, "size": 8, "ts": "2026-10-04 13:23:43"}
[DBG] {"category": "QUEUE", "component": "queue", "event": "BEGIN:queue_put", "host": "d6b2a058c4be", "item_id": "042f97d51783457ca8fa12e3d00eca77", "pid": 63988, "queue": "preference", "rank": null, "ts": "2026-10-04 13:23:44"}
[DBG] {"category": "QUEUE", "component": "queue", "event": "watchdog_armed", "host": "d6b2a058c4be", "pid": 63988, "rank": null, "stage": "queue_put", "timeout_sec": 30.0, "ts": "2026-10-04 13:23:44"}
[DBG] {"category": "QUEUE", "component": "queue", "elapsed_sec": 0.02596, "event": "END:queue_put", "host": "d6b2a058c4be", "pid": 63988, "rank": null, "ts": "2026-10-04 13:23:44"}
[DBG] {"category": "QUEUE", "component": "queue", "event": "put_done", "host": "d6b2a058c4be", "key": "smoke01:preference:042f97d51783457ca8fa12e3d00eca77", "pid": 63988, "policy_version": 0, "queue": "preference", "rank": null, "ts": "2026-10-04 13:23:44"}
[DBG] {"category": "QUEUE", "component": "queue", "event": "size_changed", "host": "d6b2a058c4be", "pid": 63988, "queue": "preference", "rank": null, "size": 16, "ts": "2026-10-04 13:23:44"}
[DBG] {"category": "QUEUE", "component": "queue", "current_version": null, "event": "BEGIN:queue_list_for_pop", "exact": false, "host": "d6b2a058c4be", "max_lag": null, "pid": 63988, "queue": "rollout", "rank": null, "requested": 1, "ts": "2026-10-04 13:23:44"}
[DBG] {"category": "QUEUE", "component": "queue", "event": "watchdog_armed", "host": "d6b2a058c4be", "pid": 63988, "rank": null, "stage": "queue_list_for_pop", "timeout_sec": 30.0, "ts": "2026-10-04 13:23:44"}
[DBG] {"category": "QUEUE", "component": "queue", "elapsed_sec": 0.001559, "event": "END:queue_list_for_pop", "host": "d6b2a058c4be", "pid": 63988, "rank": null, "ts": "2026-10-04 13:23:44"}
[DBG] {"available": 8, "category": "QUEUE", "component": "queue", "event": "pop_scan", "exact": false, "host": "d6b2a058c4be", "pid": 63988, "queue": "rollout", "rank": null, "requested": 1, "selected": 1, "stale": 0, "ts": "2026-10-04 13:23:44"}
[DBG] {"category": "QUEUE", "component": "queue", "event": "BEGIN:queue_get", "host": "d6b2a058c4be", "key": "smoke01:rollout:b412ed2fee0e43b5b8aac0cce708b973", "pid": 63988, "queue": "rollout", "rank": null, "ts": "2026-10-04 13:23:44"}
[DBG] {"category": "QUEUE", "component": "queue", "event": "watchdog_armed", "host": "d6b2a058c4be", "pid": 63988, "rank": null, "stage": "queue_get", "timeout_sec": 30.0, "ts": "2026-10-04 13:23:44"}
[DBG] {"category": "QUEUE", "component": "queue", "elapsed_sec": 0.018594, "event": "END:queue_get", "host": "d6b2a058c4be", "pid": 63988, "rank": null, "ts": "2026-10-04 13:23:44"}
[DBG] {"category": "QUEUE", "component": "queue", "count": 1, "event": "BEGIN:clear_popped", "host": "d6b2a058c4be", "pid": 63988, "queue": "rollout", "rank": null, "ts": "2026-10-04 13:23:44"}
[DBG] {"category": "QUEUE", "component": "queue", "event": "watchdog_armed", "host": "d6b2a058c4be", "pid": 63988, "rank": null, "stage": "clear_popped", "timeout_sec": 30.0, "ts": "2026-10-04 13:23:44"}
[DBG] {"category": "QUEUE", "component": "queue", "elapsed_sec": 0.015592, "event": "END:clear_popped", "host": "d6b2a058c4be", "pid": 63988, "rank": null, "ts": "2026-10-04 13:23:44"}
[DBG] {"category": "QUEUE", "component": "queue", "event": "pop_done", "host": "d6b2a058c4be", "pid": 63988, "queue": "rollout", "rank": null, "returned": 1, "stale": 0, "ts": "2026-10-04 13:23:44"}
[DBG] {"category": "QUEUE", "component": "queue", "event": "size_changed", "host": "d6b2a058c4be", "pid": 63988, "queue": "rollout", "rank": null, "size": 7, "ts": "2026-10-04 13:23:44"}
[DBG] {"category": "QUEUE", "component": "queue", "event": "BEGIN:queue_put", "host": "d6b2a058c4be", "item_id": "4f6487f3d51648a99df29c0c3d49b54f", "pid": 63988, "queue": "rollout", "rank": null, "ts": "2026-10-04 13:23:44"}
[DBG] {"category": "QUEUE", "component": "queue", "event": "watchdog_armed", "host": "d6b2a058c4be", "pid": 63988, "rank": null, "stage": "queue_put", "timeout_sec": 30.0, "ts": "2026-10-04 13:23:44"}
[DBG] {"category": "QUEUE", "component": "queue", "elapsed_sec": 0.018416, "event": "END:queue_put", "host": "d6b2a058c4be", "pid": 63988, "rank": null, "ts": "2026-10-04 13:23:44"}
[DBG] {"category": "QUEUE", "component": "queue", "event": "put_done", "host": "d6b2a058c4be", "key": "smoke01:rollout:4f6487f3d51648a99df29c0c3d49b54f", "pid": 63988, "policy_version": 0, "queue": "rollout", "rank": null, "ts": "2026-10-04 13:23:44"}
[DBG] {"category": "QUEUE", "component": "queue", "event": "BEGIN:queue_put", "host": "d6b2a058c4be", "item_id": "79e8a0aee5af4eb698a9389f973f2997", "pid": 63988, "queue": "rollout", "rank": null, "ts": "2026-10-04 13:23:44"}
[DBG] {"category": "QUEUE", "component": "queue", "event": "watchdog_armed", "host": "d6b2a058c4be", "pid": 63988, "rank": null, "stage": "queue_put", "timeout_sec": 30.0, "ts": "2026-10-04 13:23:44"}
[DBG] {"category": "QUEUE", "component": "queue", "elapsed_sec": 0.018122, "event": "END:queue_put", "host": "d6b2a058c4be", "pid": 63988, "rank": null, "ts": "2026-10-04 13:23:44"}
[DBG] {"category": "QUEUE", "component": "queue", "event": "put_done", "host": "d6b2a058c4be", "key": "smoke01:rollout:79e8a0aee5af4eb698a9389f973f2997", "pid": 63988, "policy_version": 0, "queue": "rollout", "rank": null, "ts": "2026-10-04 13:23:44"}
[DBG] {"category": "QUEUE", "component": "queue", "event": "size_changed", "host": "d6b2a058c4be", "pid": 63988, "queue": "rollout", "rank": null, "size": 9, "ts": "2026-10-04 13:23:44"}
[DBG] {"category": "QUEUE", "component": "queue", "event": "BEGIN:queue_put", "host": "d6b2a058c4be", "item_id": "b412ed2fee0e43b5b8aac0cce708b973", "pid": 63988, "queue": "preference", "rank": null, "ts": "2026-10-04 13:23:44"}
[DBG] {"category": "QUEUE", "component": "queue", "event": "watchdog_armed", "host": "d6b2a058c4be", "pid": 63988, "rank": null, "stage": "queue_put", "timeout_sec": 30.0, "ts": "2026-10-04 13:23:44"}
[DBG] {"category": "QUEUE", "component": "queue", "elapsed_sec": 0.016162, "event": "END:queue_put", "host": "d6b2a058c4be", "pid": 63988, "rank": null, "ts": "2026-10-04 13:23:44"}
[DBG] {"category": "QUEUE", "component": "queue", "event": "put_done", "host": "d6b2a058c4be", "key": "smoke01:preference:b412ed2fee0e43b5b8aac0cce708b973", "pid": 63988, "policy_version": 0, "queue": "preference", "rank": null, "ts": "2026-10-04 13:23:44"}
[DBG] {"category": "QUEUE", "component": "queue", "event": "size_changed", "host": "d6b2a058c4be", "pid": 63988, "queue": "preference", "rank": null, "size": 17, "ts": "2026-10-04 13:23:44"}
[DBG] {"category": "QUEUE", "component": "queue", "current_version": null, "event": "BEGIN:queue_list_for_pop", "exact": false, "host": "d6b2a058c4be", "max_lag": null, "pid": 63988, "queue": "rollout", "rank": null, "requested": 1, "ts": "2026-10-04 13:23:44"}
[DBG] {"category": "QUEUE", "component": "queue", "event": "watchdog_armed", "host": "d6b2a058c4be", "pid": 63988, "rank": null, "stage": "queue_list_for_pop", "timeout_sec": 30.0, "ts": "2026-10-04 13:23:44"}
[DBG] {"category": "QUEUE", "component": "queue", "elapsed_sec": 0.001725, "event": "END:queue_list_for_pop", "host": "d6b2a058c4be", "pid": 63988, "rank": null, "ts": "2026-10-04 13:23:44"}
[DBG] {"available": 9, "category": "QUEUE", "component": "queue", "event": "pop_scan", "exact": false, "host": "d6b2a058c4be", "pid": 63988, "queue": "rollout", "rank": null, "requested": 1, "selected": 1, "stale": 0, "ts": "2026-10-04 13:23:44"}
[DBG] {"category": "QUEUE", "component": "queue", "event": "BEGIN:queue_get", "host": "d6b2a058c4be", "key": "smoke01:rollout:30fd3bb99ce64e6ba0e638b32836791c", "pid": 63988, "queue": "rollout", "rank": null, "ts": "2026-10-04 13:23:44"}
[DBG] {"category": "QUEUE", "component": "queue", "event": "watchdog_armed", "host": "d6b2a058c4be", "pid": 63988, "rank": null, "stage": "queue_get", "timeout_sec": 30.0, "ts": "2026-10-04 13:23:44"}
[DBG] {"category": "QUEUE", "component": "queue", "elapsed_sec": 0.016581, "event": "END:queue_get", "host": "d6b2a058c4be", "pid": 63988, "rank": null, "ts": "2026-10-04 13:23:44"}
[DBG] {"category": "QUEUE", "component": "queue", "count": 1, "event": "BEGIN:clear_popped", "host": "d6b2a058c4be", "pid": 63988, "queue": "rollout", "rank": null, "ts": "2026-10-04 13:23:44"}
[DBG] {"category": "QUEUE", "component": "queue", "event": "watchdog_armed", "host": "d6b2a058c4be", "pid": 63988, "rank": null, "stage": "clear_popped", "timeout_sec": 30.0, "ts": "2026-10-04 13:23:44"}
[DBG] {"category": "QUEUE", "component": "queue", "elapsed_sec": 0.00747, "event": "END:clear_popped", "host": "d6b2a058c4be", "pid": 63988, "rank": null, "ts": "2026-10-04 13:23:44"}
[DBG] {"category": "QUEUE", "component": "queue", "event": "pop_done", "host": "d6b2a058c4be", "pid": 63988, "queue": "rollout", "rank": null, "returned": 1, "stale": 0, "ts": "2026-10-04 13:23:44"}
[DBG] {"category": "QUEUE", "component": "queue", "event": "size_changed", "host": "d6b2a058c4be", "pid": 63988, "queue": "rollout", "rank": null, "size": 8, "ts": "2026-10-04 13:23:45"}
[DBG] {"category": "QUEUE", "component": "queue", "event": "BEGIN:queue_put", "host": "d6b2a058c4be", "item_id": "30fd3bb99ce64e6ba0e638b32836791c", "pid": 63988, "queue": "preference", "rank": null, "ts": "2026-10-04 13:23:45"}
[DBG] {"category": "QUEUE", "component": "queue", "event": "watchdog_armed", "host": "d6b2a058c4be", "pid": 63988, "rank": null, "stage": "queue_put", "timeout_sec": 30.0, "ts": "2026-10-04 13:23:45"}
[DBG] {"category": "QUEUE", "component": "queue", "elapsed_sec": 0.022144, "event": "END:queue_put", "host": "d6b2a058c4be", "pid": 63988, "rank": null, "ts": "2026-10-04 13:23:45"}
[DBG] {"category": "QUEUE", "component": "queue", "event": "put_done", "host": "d6b2a058c4be", "key": "smoke01:preference:30fd3bb99ce64e6ba0e638b32836791c", "pid": 63988, "policy_version": 0, "queue": "preference", "rank": null, "ts": "2026-10-04 13:23:45"}
[DBG] {"category": "QUEUE", "component": "queue", "event": "size_changed", "host": "d6b2a058c4be", "pid": 63988, "queue": "preference", "rank": null, "size": 18, "ts": "2026-10-04 13:23:45"}
[DBG] {"category": "QUEUE", "component": "queue", "current_version": null, "event": "BEGIN:queue_list_for_pop", "exact": false, "host": "d6b2a058c4be", "max_lag": null, "pid": 63988, "queue": "rollout", "rank": null, "requested": 1, "ts": "2026-10-04 13:23:45"}
[DBG] {"category": "QUEUE", "component": "queue", "event": "watchdog_armed", "host": "d6b2a058c4be", "pid": 63988, "rank": null, "stage": "queue_list_for_pop", "timeout_sec": 30.0, "ts": "2026-10-04 13:23:45"}
[DBG] {"category": "QUEUE", "component": "queue", "elapsed_sec": 0.001858, "event": "END:queue_list_for_pop", "host": "d6b2a058c4be", "pid": 63988, "rank": null, "ts": "2026-10-04 13:23:45"}
[DBG] {"available": 8, "category": "QUEUE", "component": "queue", "event": "pop_scan", "exact": false, "host": "d6b2a058c4be", "pid": 63988, "queue": "rollout", "rank": null, "requested": 1, "selected": 1, "stale": 0, "ts": "2026-10-04 13:23:45"}
[DBG] {"category": "QUEUE", "component": "queue", "event": "BEGIN:queue_get", "host": "d6b2a058c4be", "key": "smoke01:rollout:b89064d8e4fd42989f11ee86f6c50d7f", "pid": 63988, "queue": "rollout", "rank": null, "ts": "2026-10-04 13:23:45"}
[DBG] {"category": "QUEUE", "component": "queue", "event": "watchdog_armed", "host": "d6b2a058c4be", "pid": 63988, "rank": null, "stage": "queue_get", "timeout_sec": 30.0, "ts": "2026-10-04 13:23:45"}
[DBG] {"category": "QUEUE", "component": "queue", "elapsed_sec": 0.01754, "event": "END:queue_get", "host": "d6b2a058c4be", "pid": 63988, "rank": null, "ts": "2026-10-04 13:23:45"}
[DBG] {"category": "QUEUE", "component": "queue", "count": 1, "event": "BEGIN:clear_popped", "host": "d6b2a058c4be", "pid": 63988, "queue": "rollout", "rank": null, "ts": "2026-10-04 13:23:45"}
[DBG] {"category": "QUEUE", "component": "queue", "event": "watchdog_armed", "host": "d6b2a058c4be", "pid": 63988, "rank": null, "stage": "clear_popped", "timeout_sec": 30.0, "ts": "2026-10-04 13:23:45"}
[DBG] {"category": "QUEUE", "component": "queue", "elapsed_sec": 0.009029, "event": "END:clear_popped", "host": "d6b2a058c4be", "pid": 63988, "rank": null, "ts": "2026-10-04 13:23:45"}
[DBG] {"category": "QUEUE", "component": "queue", "event": "pop_done", "host": "d6b2a058c4be", "pid": 63988, "queue": "rollout", "rank": null, "returned": 1, "stale": 0, "ts": "2026-10-04 13:23:45"}
[DBG] {"category": "QUEUE", "component": "queue", "event": "size_changed", "host": "d6b2a058c4be", "pid": 63988, "queue": "rollout", "rank": null, "size": 7, "ts": "2026-10-04 13:23:45"}
[DBG] {"category": "QUEUE", "component": "queue", "event": "BEGIN:queue_put", "host": "d6b2a058c4be", "item_id": "e17404e09fe04435bec847b838c661ca", "pid": 63988, "queue": "rollout", "rank": null, "ts": "2026-10-04 13:23:46"}
[DBG] {"category": "QUEUE", "component": "queue", "event": "watchdog_armed", "host": "d6b2a058c4be", "pid": 63988, "rank": null, "stage": "queue_put", "timeout_sec": 30.0, "ts": "2026-10-04 13:23:46"}
[DBG] {"category": "QUEUE", "component": "queue", "elapsed_sec": 0.022964, "event": "END:queue_put", "host": "d6b2a058c4be", "pid": 63988, "rank": null, "ts": "2026-10-04 13:23:46"}
[DBG] {"category": "QUEUE", "component": "queue", "event": "put_done", "host": "d6b2a058c4be", "key": "smoke01:rollout:e17404e09fe04435bec847b838c661ca", "pid": 63988, "policy_version": 0, "queue": "rollout", "rank": null, "ts": "2026-10-04 13:23:46"}
[DBG] {"category": "QUEUE", "component": "queue", "event": "BEGIN:queue_put", "host": "d6b2a058c4be", "item_id": "a054086987ff48de9a0d525c8053a26f", "pid": 63988, "queue": "rollout", "rank": null, "ts": "2026-10-04 13:23:46"}
[DBG] {"category": "QUEUE", "component": "queue", "event": "watchdog_armed", "host": "d6b2a058c4be", "pid": 63988, "rank": null, "stage": "queue_put", "timeout_sec": 30.0, "ts": "2026-10-04 13:23:46"}
[DBG] {"category": "QUEUE", "component": "queue", "elapsed_sec": 0.01804, "event": "END:queue_put", "host": "d6b2a058c4be", "pid": 63988, "rank": null, "ts": "2026-10-04 13:23:46"}
[DBG] {"category": "QUEUE", "component": "queue", "event": "put_done", "host": "d6b2a058c4be", "key": "smoke01:rollout:a054086987ff48de9a0d525c8053a26f", "pid": 63988, "policy_version": 0, "queue": "rollout", "rank": null, "ts": "2026-10-04 13:23:46"}
[DBG] {"category": "QUEUE", "component": "queue", "event": "size_changed", "host": "d6b2a058c4be", "pid": 63988, "queue": "rollout", "rank": null, "size": 9, "ts": "2026-10-04 13:23:46"}
[DBG] {"category": "QUEUE", "component": "queue", "event": "BEGIN:queue_put", "host": "d6b2a058c4be", "item_id": "b89064d8e4fd42989f11ee86f6c50d7f", "pid": 63988, "queue": "preference", "rank": null, "ts": "2026-10-04 13:23:46"}
[DBG] {"category": "QUEUE", "component": "queue", "event": "watchdog_armed", "host": "d6b2a058c4be", "pid": 63988, "rank": null, "stage": "queue_put", "timeout_sec": 30.0, "ts": "2026-10-04 13:23:46"}
[DBG] {"category": "QUEUE", "component": "queue", "elapsed_sec": 0.02703, "event": "END:queue_put", "host": "d6b2a058c4be", "pid": 63988, "rank": null, "ts": "2026-10-04 13:23:46"}
[DBG] {"category": "QUEUE", "component": "queue", "event": "put_done", "host": "d6b2a058c4be", "key": "smoke01:preference:b89064d8e4fd42989f11ee86f6c50d7f", "pid": 63988, "policy_version": 0, "queue": "preference", "rank": null, "ts": "2026-10-04 13:23:46"}
[DBG] {"category": "QUEUE", "component": "queue", "event": "size_changed", "host": "d6b2a058c4be", "pid": 63988, "queue": "preference", "rank": null, "size": 19, "ts": "2026-10-04 13:23:46"}
[DBG] {"category": "QUEUE", "component": "queue", "current_version": null, "event": "BEGIN:queue_list_for_pop", "exact": false, "host": "d6b2a058c4be", "max_lag": null, "pid": 63988, "queue": "rollout", "rank": null, "requested": 1, "ts": "2026-10-04 13:23:46"}
[DBG] {"category": "QUEUE", "component": "queue", "event": "watchdog_armed", "host": "d6b2a058c4be", "pid": 63988, "rank": null, "stage": "queue_list_for_pop", "timeout_sec": 30.0, "ts": "2026-10-04 13:23:46"}
[DBG] {"category": "QUEUE", "component": "queue", "elapsed_sec": 0.002646, "event": "END:queue_list_for_pop", "host": "d6b2a058c4be", "pid": 63988, "rank": null, "ts": "2026-10-04 13:23:46"}
[DBG] {"available": 9, "category": "QUEUE", "component": "queue", "event": "pop_scan", "exact": false, "host": "d6b2a058c4be", "pid": 63988, "queue": "rollout", "rank": null, "requested": 1, "selected": 1, "stale": 0, "ts": "2026-10-04 13:23:46"}
[DBG] {"category": "QUEUE", "component": "queue", "event": "BEGIN:queue_get", "host": "d6b2a058c4be", "key": "smoke01:rollout:cfc3cf34f41f4512831d890da261260e", "pid": 63988, "queue": "rollout", "rank": null, "ts": "2026-10-04 13:23:46"}
[DBG] {"category": "QUEUE", "component": "queue", "event": "watchdog_armed", "host": "d6b2a058c4be", "pid": 63988, "rank": null, "stage": "queue_get", "timeout_sec": 30.0, "ts": "2026-10-04 13:23:46"}
[DBG] {"category": "QUEUE", "component": "queue", "elapsed_sec": 0.019149, "event": "END:queue_get", "host": "d6b2a058c4be", "pid": 63988, "rank": null, "ts": "2026-10-04 13:23:46"}
[DBG] {"category": "QUEUE", "component": "queue", "count": 1, "event": "BEGIN:clear_popped", "host": "d6b2a058c4be", "pid": 63988, "queue": "rollout", "rank": null, "ts": "2026-10-04 13:23:46"}
[DBG] {"category": "QUEUE", "component": "queue", "event": "watchdog_armed", "host": "d6b2a058c4be", "pid": 63988, "rank": null, "stage": "clear_popped", "timeout_sec": 30.0, "ts": "2026-10-04 13:23:46"}
[DBG] {"category": "QUEUE", "component": "queue", "elapsed_sec": 0.015258, "event": "END:clear_popped", "host": "d6b2a058c4be", "pid": 63988, "rank": null, "ts": "2026-10-04 13:23:46"}
[DBG] {"category": "QUEUE", "component": "queue", "event": "pop_done", "host": "d6b2a058c4be", "pid": 63988, "queue": "rollout", "rank": null, "returned": 1, "stale": 0, "ts": "2026-10-04 13:23:46"}
[DBG] {"category": "QUEUE", "component": "queue", "event": "size_changed", "host": "d6b2a058c4be", "pid": 63988, "queue": "rollout", "rank": null, "size": 8, "ts": "2026-10-04 13:23:46"}
[DBG] {"category": "QUEUE", "component": "queue", "event": "BEGIN:queue_put", "host": "d6b2a058c4be", "item_id": "cfc3cf34f41f4512831d890da261260e", "pid": 63988, "queue": "preference", "rank": null, "ts": "2026-10-04 13:23:47"}
[DBG] {"category": "QUEUE", "component": "queue", "event": "watchdog_armed", "host": "d6b2a058c4be", "pid": 63988, "rank": null, "stage": "queue_put", "timeout_sec": 30.0, "ts": "2026-10-04 13:23:47"}
[DBG] {"category": "QUEUE", "component": "queue", "elapsed_sec": 0.030277, "event": "END:queue_put", "host": "d6b2a058c4be", "pid": 63988, "rank": null, "ts": "2026-10-04 13:23:47"}
[DBG] {"category": "QUEUE", "component": "queue", "event": "put_done", "host": "d6b2a058c4be", "key": "smoke01:preference:cfc3cf34f41f4512831d890da261260e", "pid": 63988, "policy_version": 0, "queue": "preference", "rank": null, "ts": "2026-10-04 13:23:47"}
[DBG] {"category": "QUEUE", "component": "queue", "event": "size_changed", "host": "d6b2a058c4be", "pid": 63988, "queue": "preference", "rank": null, "size": 20, "ts": "2026-10-04 13:23:47"}
[DBG] {"category": "QUEUE", "component": "queue", "current_version": null, "event": "BEGIN:queue_list_for_pop", "exact": false, "host": "d6b2a058c4be", "max_lag": null, "pid": 63988, "queue": "rollout", "rank": null, "requested": 1, "ts": "2026-10-04 13:23:47"}
[DBG] {"category": "QUEUE", "component": "queue", "event": "watchdog_armed", "host": "d6b2a058c4be", "pid": 63988, "rank": null, "stage": "queue_list_for_pop", "timeout_sec": 30.0, "ts": "2026-10-04 13:23:47"}
[DBG] {"category": "QUEUE", "component": "queue", "elapsed_sec": 0.001633, "event": "END:queue_list_for_pop", "host": "d6b2a058c4be", "pid": 63988, "rank": null, "ts": "2026-10-04 13:23:47"}
[DBG] {"available": 8, "category": "QUEUE", "component": "queue", "event": "pop_scan", "exact": false, "host": "d6b2a058c4be", "pid": 63988, "queue": "rollout", "rank": null, "requested": 1, "selected": 1, "stale": 0, "ts": "2026-10-04 13:23:47"}
[DBG] {"category": "QUEUE", "component": "queue", "event": "BEGIN:queue_get", "host": "d6b2a058c4be", "key": "smoke01:rollout:45670ae618c545728088857912e314a9", "pid": 63988, "queue": "rollout", "rank": null, "ts": "2026-10-04 13:23:47"}
[DBG] {"category": "QUEUE", "component": "queue", "event": "watchdog_armed", "host": "d6b2a058c4be", "pid": 63988, "rank": null, "stage": "queue_get", "timeout_sec": 30.0, "ts": "2026-10-04 13:23:47"}
[DBG] {"category": "QUEUE", "component": "queue", "elapsed_sec": 0.024262, "event": "END:queue_get", "host": "d6b2a058c4be", "pid": 63988, "rank": null, "ts": "2026-10-04 13:23:47"}
[DBG] {"category": "QUEUE", "component": "queue", "count": 1, "event": "BEGIN:clear_popped", "host": "d6b2a058c4be", "pid": 63988, "queue": "rollout", "rank": null, "ts": "2026-10-04 13:23:47"}
[DBG] {"category": "QUEUE", "component": "queue", "event": "watchdog_armed", "host": "d6b2a058c4be", "pid": 63988, "rank": null, "stage": "clear_popped", "timeout_sec": 30.0, "ts": "2026-10-04 13:23:47"}
[DBG] {"category": "QUEUE", "component": "queue", "elapsed_sec": 0.015534, "event": "END:clear_popped", "host": "d6b2a058c4be", "pid": 63988, "rank": null, "ts": "2026-10-04 13:23:47"}
[DBG] {"category": "QUEUE", "component": "queue", "event": "pop_done", "host": "d6b2a058c4be", "pid": 63988, "queue": "rollout", "rank": null, "returned": 1, "stale": 0, "ts": "2026-10-04 13:23:47"}
[DBG] {"category": "QUEUE", "component": "queue", "event": "size_changed", "host": "d6b2a058c4be", "pid": 63988, "queue": "rollout", "rank": null, "size": 7, "ts": "2026-10-04 13:23:47"}
[DBG] {"category": "QUEUE", "component": "queue", "event": "BEGIN:queue_put", "host": "d6b2a058c4be", "item_id": "45670ae618c545728088857912e314a9", "pid": 63988, "queue": "preference", "rank": null, "ts": "2026-10-04 13:23:48"}
[DBG] {"category": "QUEUE", "component": "queue", "event": "watchdog_armed", "host": "d6b2a058c4be", "pid": 63988, "rank": null, "stage": "queue_put", "timeout_sec": 30.0, "ts": "2026-10-04 13:23:48"}
[DBG] {"category": "QUEUE", "component": "queue", "elapsed_sec": 0.01651, "event": "END:queue_put", "host": "d6b2a058c4be", "pid": 63988, "rank": null, "ts": "2026-10-04 13:23:48"}
[DBG] {"category": "QUEUE", "component": "queue", "event": "put_done", "host": "d6b2a058c4be", "key": "smoke01:preference:45670ae618c545728088857912e314a9", "pid": 63988, "policy_version": 0, "queue": "preference", "rank": null, "ts": "2026-10-04 13:23:48"}
[DBG] {"category": "QUEUE", "component": "queue", "event": "size_changed", "host": "d6b2a058c4be", "pid": 63988, "queue": "preference", "rank": null, "size": 21, "ts": "2026-10-04 13:23:48"}
[DBG] {"category": "QUEUE", "component": "queue", "current_version": null, "event": "BEGIN:queue_list_for_pop", "exact": false, "host": "d6b2a058c4be", "max_lag": null, "pid": 63988, "queue": "rollout", "rank": null, "requested": 1, "ts": "2026-10-04 13:23:48"}
[DBG] {"category": "QUEUE", "component": "queue", "event": "watchdog_armed", "host": "d6b2a058c4be", "pid": 63988, "rank": null, "stage": "queue_list_for_pop", "timeout_sec": 30.0, "ts": "2026-10-04 13:23:48"}
[DBG] {"category": "QUEUE", "component": "queue", "elapsed_sec": 0.003478, "event": "END:queue_list_for_pop", "host": "d6b2a058c4be", "pid": 63988, "rank": null, "ts": "2026-10-04 13:23:48"}
[DBG] {"available": 7, "category": "QUEUE", "component": "queue", "event": "pop_scan", "exact": false, "host": "d6b2a058c4be", "pid": 63988, "queue": "rollout", "rank": null, "requested": 1, "selected": 1, "stale": 0, "ts": "2026-10-04 13:23:48"}
[DBG] {"category": "QUEUE", "component": "queue", "event": "BEGIN:queue_get", "host": "d6b2a058c4be", "key": "smoke01:rollout:42e6c95f58684375a248062c3f7dd2dc", "pid": 63988, "queue": "rollout", "rank": null, "ts": "2026-10-04 13:23:48"}
[DBG] {"category": "QUEUE", "component": "queue", "event": "watchdog_armed", "host": "d6b2a058c4be", "pid": 63988, "rank": null, "stage": "queue_get", "timeout_sec": 30.0, "ts": "2026-10-04 13:23:48"}
[DBG] {"category": "QUEUE", "component": "queue", "elapsed_sec": 0.023976, "event": "END:queue_get", "host": "d6b2a058c4be", "pid": 63988, "rank": null, "ts": "2026-10-04 13:23:48"}
[DBG] {"category": "QUEUE", "component": "queue", "count": 1, "event": "BEGIN:clear_popped", "host": "d6b2a058c4be", "pid": 63988, "queue": "rollout", "rank": null, "ts": "2026-10-04 13:23:48"}
[DBG] {"category": "QUEUE", "component": "queue", "event": "watchdog_armed", "host": "d6b2a058c4be", "pid": 63988, "rank": null, "stage": "clear_popped", "timeout_sec": 30.0, "ts": "2026-10-04 13:23:48"}
[DBG] {"category": "QUEUE", "component": "queue", "elapsed_sec": 0.014888, "event": "END:clear_popped", "host": "d6b2a058c4be", "pid": 63988, "rank": null, "ts": "2026-10-04 13:23:48"}
[DBG] {"category": "QUEUE", "component": "queue", "event": "pop_done", "host": "d6b2a058c4be", "pid": 63988, "queue": "rollout", "rank": null, "returned": 1, "stale": 0, "ts": "2026-10-04 13:23:48"}
[DBG] {"category": "QUEUE", "component": "queue", "event": "BEGIN:queue_put", "host": "d6b2a058c4be", "item_id": "47ab8e80a6d84ed0ad4cb8c5a7a18963", "pid": 63988, "queue": "rollout", "rank": null, "ts": "2026-10-04 13:23:48"}
[DBG] {"category": "QUEUE", "component": "queue", "event": "watchdog_armed", "host": "d6b2a058c4be", "pid": 63988, "rank": null, "stage": "queue_put", "timeout_sec": 30.0, "ts": "2026-10-04 13:23:48"}
[DBG] {"category": "QUEUE", "component": "queue", "elapsed_sec": 0.01567, "event": "END:queue_put", "host": "d6b2a058c4be", "pid": 63988, "rank": null, "ts": "2026-10-04 13:23:48"}
[DBG] {"category": "QUEUE", "component": "queue", "event": "put_done", "host": "d6b2a058c4be", "key": "smoke01:rollout:47ab8e80a6d84ed0ad4cb8c5a7a18963", "pid": 63988, "policy_version": 0, "queue": "rollout", "rank": null, "ts": "2026-10-04 13:23:48"}
[DBG] {"category": "QUEUE", "component": "queue", "event": "BEGIN:queue_put", "host": "d6b2a058c4be", "item_id": "cb288381e4854284afce3dda5465f831", "pid": 63988, "queue": "rollout", "rank": null, "ts": "2026-10-04 13:23:48"}
[DBG] {"category": "QUEUE", "component": "queue", "event": "watchdog_armed", "host": "d6b2a058c4be", "pid": 63988, "rank": null, "stage": "queue_put", "timeout_sec": 30.0, "ts": "2026-10-04 13:23:48"}
[DBG] {"category": "QUEUE", "component": "queue", "elapsed_sec": 0.02592, "event": "END:queue_put", "host": "d6b2a058c4be", "pid": 63988, "rank": null, "ts": "2026-10-04 13:23:48"}
[DBG] {"category": "QUEUE", "component": "queue", "event": "put_done", "host": "d6b2a058c4be", "key": "smoke01:rollout:cb288381e4854284afce3dda5465f831", "pid": 63988, "policy_version": 0, "queue": "rollout", "rank": null, "ts": "2026-10-04 13:23:48"}
[DBG] {"category": "QUEUE", "component": "queue", "event": "size_changed", "host": "d6b2a058c4be", "pid": 63988, "queue": "rollout", "rank": null, "size": 8, "ts": "2026-10-04 13:23:48"}
