[DBG] {"category": "QUEUE", "component": "queue", "event": "BEGIN:transfer_queue_init", "host": "d6b2a058c4be", "pid": 193091, "rank": null, "run_id": "smoke01", "ts": "2026-10-04 16:13:48"}
[DBG] {"category": "QUEUE", "component": "queue", "event": "watchdog_armed", "host": "d6b2a058c4be", "pid": 193091, "rank": null, "stage": "transfer_queue_init", "timeout_sec": 30.0, "ts": "2026-10-04 16:13:48"}
[DBG] {"category": "QUEUE", "component": "queue", "elapsed_sec": 7.301679, "event": "END:transfer_queue_init", "host": "d6b2a058c4be", "pid": 193091, "rank": null, "ts": "2026-10-04 16:13:56"}
[DBG] {"category": "QUEUE", "component": "queue", "event": "broker_ready", "host": "d6b2a058c4be", "pid": 193091, "queues": {"preference": "preference", "rollout": "rollout"}, "rank": null, "ts": "2026-10-04 16:13:56"}
[DBG] {"category": "QUEUE", "component": "queue", "current_version": null, "event": "BEGIN:queue_list_for_pop", "exact": false, "host": "d6b2a058c4be", "max_lag": null, "pid": 193091, "queue": "rollout", "rank": null, "requested": 1, "ts": "2026-10-04 16:14:34"}
[DBG] {"category": "QUEUE", "component": "queue", "event": "watchdog_armed", "host": "d6b2a058c4be", "pid": 193091, "rank": null, "stage": "queue_list_for_pop", "timeout_sec": 30.0, "ts": "2026-10-04 16:14:34"}
[DBG] {"category": "QUEUE", "component": "queue", "elapsed_sec": 0.00469, "event": "END:queue_list_for_pop", "host": "d6b2a058c4be", "pid": 193091, "rank": null, "ts": "2026-10-04 16:14:34"}
[DBG] {"available": 0, "category": "QUEUE", "component": "queue", "event": "pop_scan", "exact": false, "host": "d6b2a058c4be", "pid": 193091, "queue": "rollout", "rank": null, "requested": 1, "selected": 0, "selected_keys": [], "stale": 0, "stale_keys": [], "ts": "2026-10-04 16:14:34"}
[DBG] {"category": "QUEUE", "component": "queue", "event": "pop_done", "host": "d6b2a058c4be", "item_ids": [], "pid": 193091, "queue": "rollout", "rank": null, "remaining": 0, "returned": 0, "stale": 0, "ts": "2026-10-04 16:14:34"}
[DBG] {"category": "QUEUE", "component": "queue", "event": "size_changed", "host": "d6b2a058c4be", "pid": 193091, "queue": "rollout", "rank": null, "size": 0, "ts": "2026-10-04 16:14:34"}
[DBG] {"category": "QUEUE", "component": "queue", "current_version": null, "event": "BEGIN:queue_list_for_pop", "exact": false, "host": "d6b2a058c4be", "max_lag": null, "pid": 193091, "queue": "rollout", "rank": null, "requested": 1, "ts": "2026-10-04 16:14:34"}
[DBG] {"category": "QUEUE", "component": "queue", "event": "watchdog_armed", "host": "d6b2a058c4be", "pid": 193091, "rank": null, "stage": "queue_list_for_pop", "timeout_sec": 30.0, "ts": "2026-10-04 16:14:34"}
[DBG] {"category": "QUEUE", "component": "queue", "elapsed_sec": 0.002122, "event": "END:queue_list_for_pop", "host": "d6b2a058c4be", "pid": 193091, "rank": null, "ts": "2026-10-04 16:14:34"}
[DBG] {"available": 0, "category": "QUEUE", "component": "queue", "event": "pop_scan", "exact": false, "host": "d6b2a058c4be", "pid": 193091, "queue": "rollout", "rank": null, "requested": 1, "selected": 0, "selected_keys": [], "stale": 0, "stale_keys": [], "ts": "2026-10-04 16:14:34"}
[DBG] {"category": "QUEUE", "component": "queue", "event": "pop_done", "host": "d6b2a058c4be", "item_ids": [], "pid": 193091, "queue": "rollout", "rank": null, "remaining": 0, "returned": 0, "stale": 0, "ts": "2026-10-04 16:14:34"}
[DBG] {"category": "QUEUE", "component": "queue", "current_version": null, "event": "BEGIN:queue_list_for_pop", "exact": false, "host": "d6b2a058c4be", "max_lag": null, "pid": 193091, "queue": "rollout", "rank": null, "requested": 1, "ts": "2026-10-04 16:14:34"}
[DBG] {"category": "QUEUE", "component": "queue", "event": "watchdog_armed", "host": "d6b2a058c4be", "pid": 193091, "rank": null, "stage": "queue_list_for_pop", "timeout_sec": 30.0, "ts": "2026-10-04 16:14:34"}
[DBG] {"category": "QUEUE", "component": "queue", "elapsed_sec": 0.0023, "event": "END:queue_list_for_pop", "host": "d6b2a058c4be", "pid": 193091, "rank": null, "ts": "2026-10-04 16:14:34"}
[DBG] {"available": 0, "category": "QUEUE", "component": "queue", "event": "pop_scan", "exact": false, "host": "d6b2a058c4be", "pid": 193091, "queue": "rollout", "rank": null, "requested": 1, "selected": 0, "selected_keys": [], "stale": 0, "stale_keys": [], "ts": "2026-10-04 16:14:34"}
[DBG] {"category": "QUEUE", "component": "queue", "event": "pop_done", "host": "d6b2a058c4be", "item_ids": [], "pid": 193091, "queue": "rollout", "rank": null, "remaining": 0, "returned": 0, "stale": 0, "ts": "2026-10-04 16:14:34"}
[DBG] {"category": "QUEUE", "component": "queue", "current_version": null, "event": "BEGIN:queue_list_for_pop", "exact": false, "host": "d6b2a058c4be", "max_lag": null, "pid": 193091, "queue": "rollout", "rank": null, "requested": 1, "ts": "2026-10-04 16:14:34"}
[DBG] {"category": "QUEUE", "component": "queue", "event": "watchdog_armed", "host": "d6b2a058c4be", "pid": 193091, "rank": null, "stage": "queue_list_for_pop", "timeout_sec": 30.0, "ts": "2026-10-04 16:14:34"}
[DBG] {"category": "QUEUE", "component": "queue", "elapsed_sec": 0.002019, "event": "END:queue_list_for_pop", "host": "d6b2a058c4be", "pid": 193091, "rank": null, "ts": "2026-10-04 16:14:34"}
[DBG] {"available": 0, "category": "QUEUE", "component": "queue", "event": "pop_scan", "exact": false, "host": "d6b2a058c4be", "pid": 193091, "queue": "rollout", "rank": null, "requested": 1, "selected": 0, "selected_keys": [], "stale": 0, "stale_keys": [], "ts": "2026-10-04 16:14:34"}
[DBG] {"category": "QUEUE", "component": "queue", "event": "pop_done", "host": "d6b2a058c4be", "item_ids": [], "pid": 193091, "queue": "rollout", "rank": null, "remaining": 0, "returned": 0, "stale": 0, "ts": "2026-10-04 16:14:34"}
[DBG] {"category": "QUEUE", "component": "queue", "current_version": null, "event": "BEGIN:queue_list_for_pop", "exact": false, "host": "d6b2a058c4be", "max_lag": null, "pid": 193091, "queue": "rollout", "rank": null, "requested": 1, "ts": "2026-10-04 16:14:35"}
[DBG] {"category": "QUEUE", "component": "queue", "event": "watchdog_armed", "host": "d6b2a058c4be", "pid": 193091, "rank": null, "stage": "queue_list_for_pop", "timeout_sec": 30.0, "ts": "2026-10-04 16:14:35"}
[DBG] {"category": "QUEUE", "component": "queue", "elapsed_sec": 0.002328, "event": "END:queue_list_for_pop", "host": "d6b2a058c4be", "pid": 193091, "rank": null, "ts": "2026-10-04 16:14:35"}
[DBG] {"available": 0, "category": "QUEUE", "component": "queue", "event": "pop_scan", "exact": false, "host": "d6b2a058c4be", "pid": 193091, "queue": "rollout", "rank": null, "requested": 1, "selected": 0, "selected_keys": [], "stale": 0, "stale_keys": [], "ts": "2026-10-04 16:14:35"}
[DBG] {"category": "QUEUE", "component": "queue", "event": "pop_done", "host": "d6b2a058c4be", "item_ids": [], "pid": 193091, "queue": "rollout", "rank": null, "remaining": 0, "returned": 0, "stale": 0, "ts": "2026-10-04 16:14:35"}
[DBG] {"category": "QUEUE", "component": "queue", "current_version": null, "event": "BEGIN:queue_list_for_pop", "exact": false, "host": "d6b2a058c4be", "max_lag": null, "pid": 193091, "queue": "rollout", "rank": null, "requested": 1, "ts": "2026-10-04 16:14:35"}
[DBG] {"category": "QUEUE", "component": "queue", "event": "watchdog_armed", "host": "d6b2a058c4be", "pid": 193091, "rank": null, "stage": "queue_list_for_pop", "timeout_sec": 30.0, "ts": "2026-10-04 16:14:35"}
[DBG] {"category": "QUEUE", "component": "queue", "elapsed_sec": 0.002425, "event": "END:queue_list_for_pop", "host": "d6b2a058c4be", "pid": 193091, "rank": null, "ts": "2026-10-04 16:14:35"}
[DBG] {"available": 0, "category": "QUEUE", "component": "queue", "event": "pop_scan", "exact": false, "host": "d6b2a058c4be", "pid": 193091, "queue": "rollout", "rank": null, "requested": 1, "selected": 0, "selected_keys": [], "stale": 0, "stale_keys": [], "ts": "2026-10-04 16:14:35"}
[DBG] {"category": "QUEUE", "component": "queue", "event": "pop_done", "host": "d6b2a058c4be", "item_ids": [], "pid": 193091, "queue": "rollout", "rank": null, "remaining": 0, "returned": 0, "stale": 0, "ts": "2026-10-04 16:14:35"}
[DBG] {"category": "QUEUE", "component": "queue", "current_version": null, "event": "BEGIN:queue_list_for_pop", "exact": false, "host": "d6b2a058c4be", "max_lag": null, "pid": 193091, "queue": "rollout", "rank": null, "requested": 1, "ts": "2026-10-04 16:14:35"}
[DBG] {"category": "QUEUE", "component": "queue", "event": "watchdog_armed", "host": "d6b2a058c4be", "pid": 193091, "rank": null, "stage": "queue_list_for_pop", "timeout_sec": 30.0, "ts": "2026-10-04 16:14:35"}
[DBG] {"category": "QUEUE", "component": "queue", "elapsed_sec": 0.002341, "event": "END:queue_list_for_pop", "host": "d6b2a058c4be", "pid": 193091, "rank": null, "ts": "2026-10-04 16:14:35"}
[DBG] {"available": 0, "category": "QUEUE", "component": "queue", "event": "pop_scan", "exact": false, "host": "d6b2a058c4be", "pid": 193091, "queue": "rollout", "rank": null, "requested": 1, "selected": 0, "selected_keys": [], "stale": 0, "stale_keys": [], "ts": "2026-10-04 16:14:35"}
[DBG] {"category": "QUEUE", "component": "queue", "event": "pop_done", "host": "d6b2a058c4be", "item_ids": [], "pid": 193091, "queue": "rollout", "rank": null, "remaining": 0, "returned": 0, "stale": 0, "ts": "2026-10-04 16:14:35"}
[DBG] {"category": "QUEUE", "component": "queue", "current_version": null, "event": "BEGIN:queue_list_for_pop", "exact": false, "host": "d6b2a058c4be", "max_lag": null, "pid": 193091, "queue": "rollout", "rank": null, "requested": 1, "ts": "2026-10-04 16:14:35"}
[DBG] {"category": "QUEUE", "component": "queue", "event": "watchdog_armed", "host": "d6b2a058c4be", "pid": 193091, "rank": null, "stage": "queue_list_for_pop", "timeout_sec": 30.0, "ts": "2026-10-04 16:14:35"}
[DBG] {"category": "QUEUE", "component": "queue", "elapsed_sec": 0.002381, "event": "END:queue_list_for_pop", "host": "d6b2a058c4be", "pid": 193091, "rank": null, "ts": "2026-10-04 16:14:35"}
[DBG] {"available": 0, "category": "QUEUE", "component": "queue", "event": "pop_scan", "exact": false, "host": "d6b2a058c4be", "pid": 193091, "queue": "rollout", "rank": null, "requested": 1, "selected": 0, "selected_keys": [], "stale": 0, "stale_keys": [], "ts": "2026-10-04 16:14:35"}
[DBG] {"category": "QUEUE", "component": "queue", "event": "pop_done", "host": "d6b2a058c4be", "item_ids": [], "pid": 193091, "queue": "rollout", "rank": null, "remaining": 0, "returned": 0, "stale": 0, "ts": "2026-10-04 16:14:35"}
[DBG] {"category": "QUEUE", "component": "queue", "current_version": null, "event": "BEGIN:queue_list_for_pop", "exact": false, "host": "d6b2a058c4be", "max_lag": null, "pid": 193091, "queue": "rollout", "rank": null, "requested": 1, "ts": "2026-10-04 16:14:35"}
[DBG] {"category": "QUEUE", "component": "queue", "event": "watchdog_armed", "host": "d6b2a058c4be", "pid": 193091, "rank": null, "stage": "queue_list_for_pop", "timeout_sec": 30.0, "ts": "2026-10-04 16:14:35"}
[DBG] {"category": "QUEUE", "component": "queue", "elapsed_sec": 0.002159, "event": "END:queue_list_for_pop", "host": "d6b2a058c4be", "pid": 193091, "rank": null, "ts": "2026-10-04 16:14:35"}
[DBG] {"available": 0, "category": "QUEUE", "component": "queue", "event": "pop_scan", "exact": false, "host": "d6b2a058c4be", "pid": 193091, "queue": "rollout", "rank": null, "requested": 1, "selected": 0, "selected_keys": [], "stale": 0, "stale_keys": [], "ts": "2026-10-04 16:14:35"}
[DBG] {"category": "QUEUE", "component": "queue", "event": "pop_done", "host": "d6b2a058c4be", "item_ids": [], "pid": 193091, "queue": "rollout", "rank": null, "remaining": 0, "returned": 0, "stale": 0, "ts": "2026-10-04 16:14:35"}
[DBG] {"category": "QUEUE", "component": "queue", "current_version": null, "event": "BEGIN:queue_list_for_pop", "exact": false, "host": "d6b2a058c4be", "max_lag": null, "pid": 193091, "queue": "rollout", "rank": null, "requested": 1, "ts": "2026-10-04 16:14:36"}
[DBG] {"category": "QUEUE", "component": "queue", "event": "watchdog_armed", "host": "d6b2a058c4be", "pid": 193091, "rank": null, "stage": "queue_list_for_pop", "timeout_sec": 30.0, "ts": "2026-10-04 16:14:36"}
[DBG] {"category": "QUEUE", "component": "queue", "elapsed_sec": 0.002343, "event": "END:queue_list_for_pop", "host": "d6b2a058c4be", "pid": 193091, "rank": null, "ts": "2026-10-04 16:14:36"}
[DBG] {"available": 0, "category": "QUEUE", "component": "queue", "event": "pop_scan", "exact": false, "host": "d6b2a058c4be", "pid": 193091, "queue": "rollout", "rank": null, "requested": 1, "selected": 0, "selected_keys": [], "stale": 0, "stale_keys": [], "ts": "2026-10-04 16:14:36"}
[DBG] {"category": "QUEUE", "component": "queue", "event": "pop_done", "host": "d6b2a058c4be", "item_ids": [], "pid": 193091, "queue": "rollout", "rank": null, "remaining": 0, "returned": 0, "stale": 0, "ts": "2026-10-04 16:14:36"}
[DBG] {"category": "QUEUE", "component": "queue", "current_version": null, "event": "BEGIN:queue_list_for_pop", "exact": false, "host": "d6b2a058c4be", "max_lag": null, "pid": 193091, "queue": "rollout", "rank": null, "requested": 1, "ts": "2026-10-04 16:14:36"}
[DBG] {"category": "QUEUE", "component": "queue", "event": "watchdog_armed", "host": "d6b2a058c4be", "pid": 193091, "rank": null, "stage": "queue_list_for_pop", "timeout_sec": 30.0, "ts": "2026-10-04 16:14:36"}
[DBG] {"category": "QUEUE", "component": "queue", "elapsed_sec": 0.002349, "event": "END:queue_list_for_pop", "host": "d6b2a058c4be", "pid": 193091, "rank": null, "ts": "2026-10-04 16:14:36"}
[DBG] {"available": 0, "category": "QUEUE", "component": "queue", "event": "pop_scan", "exact": false, "host": "d6b2a058c4be", "pid": 193091, "queue": "rollout", "rank": null, "requested": 1, "selected": 0, "selected_keys": [], "stale": 0, "stale_keys": [], "ts": "2026-10-04 16:14:36"}
[DBG] {"category": "QUEUE", "component": "queue", "event": "pop_done", "host": "d6b2a058c4be", "item_ids": [], "pid": 193091, "queue": "rollout", "rank": null, "remaining": 0, "returned": 0, "stale": 0, "ts": "2026-10-04 16:14:36"}
[DBG] {"category": "QUEUE", "component": "queue", "current_version": null, "event": "BEGIN:queue_list_for_pop", "exact": false, "host": "d6b2a058c4be", "max_lag": null, "pid": 193091, "queue": "rollout", "rank": null, "requested": 1, "ts": "2026-10-04 16:14:36"}
[DBG] {"category": "QUEUE", "component": "queue", "event": "watchdog_armed", "host": "d6b2a058c4be", "pid": 193091, "rank": null, "stage": "queue_list_for_pop", "timeout_sec": 30.0, "ts": "2026-10-04 16:14:36"}
[DBG] {"category": "QUEUE", "component": "queue", "elapsed_sec": 0.002095, "event": "END:queue_list_for_pop", "host": "d6b2a058c4be", "pid": 193091, "rank": null, "ts": "2026-10-04 16:14:36"}
[DBG] {"available": 0, "category": "QUEUE", "component": "queue", "event": "pop_scan", "exact": false, "host": "d6b2a058c4be", "pid": 193091, "queue": "rollout", "rank": null, "requested": 1, "selected": 0, "selected_keys": [], "stale": 0, "stale_keys": [], "ts": "2026-10-04 16:14:36"}
[DBG] {"category": "QUEUE", "component": "queue", "event": "pop_done", "host": "d6b2a058c4be", "item_ids": [], "pid": 193091, "queue": "rollout", "rank": null, "remaining": 0, "returned": 0, "stale": 0, "ts": "2026-10-04 16:14:36"}
[DBG] {"category": "QUEUE", "component": "queue", "event": "put_prepare", "host": "d6b2a058c4be", "item_id": "f56e5ede261545cba533d67a9f606dde", "partition": "smoke01:rollout", "payload_bytes": 2050, "pid": 193091, "policy_version": 0, "queue": "rollout", "rank": null, "ts": "2026-10-04 16:14:36"}
[DBG] {"category": "QUEUE", "component": "queue", "event": "BEGIN:queue_put", "host": "d6b2a058c4be", "item_id": "f56e5ede261545cba533d67a9f606dde", "pid": 193091, "queue": "rollout", "rank": null, "ts": "2026-10-04 16:14:36"}
[DBG] {"category": "QUEUE", "component": "queue", "event": "watchdog_armed", "host": "d6b2a058c4be", "pid": 193091, "rank": null, "stage": "queue_put", "timeout_sec": 30.0, "ts": "2026-10-04 16:14:36"}
[DBG] {"category": "QUEUE", "component": "queue", "elapsed_sec": 0.036276, "event": "END:queue_put", "host": "d6b2a058c4be", "pid": 193091, "rank": null, "ts": "2026-10-04 16:14:36"}
[DBG] {"category": "QUEUE", "component": "queue", "event": "put_done", "host": "d6b2a058c4be", "key": "smoke01:rollout:f56e5ede261545cba533d67a9f606dde", "pid": 193091, "policy_version": 0, "queue": "rollout", "rank": null, "ts": "2026-10-04 16:14:36"}
[DBG] {"category": "QUEUE", "component": "queue", "event": "put_prepare", "host": "d6b2a058c4be", "item_id": "7afd1b594bba496faba0e6ce09bbd17c", "partition": "smoke01:rollout", "payload_bytes": 2740, "pid": 193091, "policy_version": 0, "queue": "rollout", "rank": null, "ts": "2026-10-04 16:14:36"}
[DBG] {"category": "QUEUE", "component": "queue", "event": "BEGIN:queue_put", "host": "d6b2a058c4be", "item_id": "7afd1b594bba496faba0e6ce09bbd17c", "pid": 193091, "queue": "rollout", "rank": null, "ts": "2026-10-04 16:14:36"}
[DBG] {"category": "QUEUE", "component": "queue", "event": "watchdog_armed", "host": "d6b2a058c4be", "pid": 193091, "rank": null, "stage": "queue_put", "timeout_sec": 30.0, "ts": "2026-10-04 16:14:36"}
[DBG] {"category": "QUEUE", "component": "queue", "elapsed_sec": 0.02828, "event": "END:queue_put", "host": "d6b2a058c4be", "pid": 193091, "rank": null, "ts": "2026-10-04 16:14:36"}
[DBG] {"category": "QUEUE", "component": "queue", "event": "put_done", "host": "d6b2a058c4be", "key": "smoke01:rollout:7afd1b594bba496faba0e6ce09bbd17c", "pid": 193091, "policy_version": 0, "queue": "rollout", "rank": null, "ts": "2026-10-04 16:14:36"}
[DBG] {"category": "QUEUE", "component": "queue", "event": "size_changed", "host": "d6b2a058c4be", "pid": 193091, "queue": "rollout", "rank": null, "size": 2, "ts": "2026-10-04 16:14:36"}
[DBG] {"category": "QUEUE", "component": "queue", "current_version": null, "event": "BEGIN:queue_list_for_pop", "exact": false, "host": "d6b2a058c4be", "max_lag": null, "pid": 193091, "queue": "rollout", "rank": null, "requested": 1, "ts": "2026-10-04 16:14:36"}
[DBG] {"category": "QUEUE", "component": "queue", "event": "watchdog_armed", "host": "d6b2a058c4be", "pid": 193091, "rank": null, "stage": "queue_list_for_pop", "timeout_sec": 30.0, "ts": "2026-10-04 16:14:36"}
[DBG] {"category": "QUEUE", "component": "queue", "elapsed_sec": 0.001691, "event": "END:queue_list_for_pop", "host": "d6b2a058c4be", "pid": 193091, "rank": null, "ts": "2026-10-04 16:14:36"}
[DBG] {"available": 2, "category": "QUEUE", "component": "queue", "event": "pop_scan", "exact": false, "host": "d6b2a058c4be", "pid": 193091, "queue": "rollout", "rank": null, "requested": 1, "selected": 1, "selected_keys": ["smoke01:rollout:f56e5ede261545cba533d67a9f606dde"], "stale": 0, "stale_keys": [], "ts": "2026-10-04 16:14:36"}
[DBG] {"category": "QUEUE", "component": "queue", "event": "BEGIN:queue_get", "host": "d6b2a058c4be", "key": "smoke01:rollout:f56e5ede261545cba533d67a9f606dde", "pid": 193091, "queue": "rollout", "rank": null, "ts": "2026-10-04 16:14:36"}
[DBG] {"category": "QUEUE", "component": "queue", "event": "watchdog_armed", "host": "d6b2a058c4be", "pid": 193091, "rank": null, "stage": "queue_get", "timeout_sec": 30.0, "ts": "2026-10-04 16:14:36"}
[DBG] {"category": "QUEUE", "component": "queue", "elapsed_sec": 0.039048, "event": "END:queue_get", "host": "d6b2a058c4be", "pid": 193091, "rank": null, "ts": "2026-10-04 16:14:36"}
[DBG] {"category": "QUEUE", "component": "queue", "event": "queue_item_decoded", "host": "d6b2a058c4be", "item_id": "f56e5ede261545cba533d67a9f606dde", "key": "smoke01:rollout:f56e5ede261545cba533d67a9f606dde", "pid": 193091, "policy_version": 0, "queue": "rollout", "rank": null, "ts": "2026-10-04 16:14:36"}
[DBG] {"category": "QUEUE", "component": "queue", "count": 1, "event": "BEGIN:clear_popped", "host": "d6b2a058c4be", "pid": 193091, "queue": "rollout", "rank": null, "ts": "2026-10-04 16:14:36"}
[DBG] {"category": "QUEUE", "component": "queue", "event": "watchdog_armed", "host": "d6b2a058c4be", "pid": 193091, "rank": null, "stage": "clear_popped", "timeout_sec": 30.0, "ts": "2026-10-04 16:14:36"}
[DBG] {"category": "QUEUE", "component": "queue", "elapsed_sec": 0.016925, "event": "END:clear_popped", "host": "d6b2a058c4be", "pid": 193091, "rank": null, "ts": "2026-10-04 16:14:36"}
[DBG] {"category": "QUEUE", "component": "queue", "event": "pop_done", "host": "d6b2a058c4be", "item_ids": ["f56e5ede261545cba533d67a9f606dde"], "pid": 193091, "queue": "rollout", "rank": null, "remaining": 1, "returned": 1, "stale": 0, "ts": "2026-10-04 16:14:36"}
[DBG] {"category": "QUEUE", "component": "queue", "event": "put_prepare", "host": "d6b2a058c4be", "item_id": "880110bd97fe464aab72a0f49dbf4b70", "partition": "smoke01:rollout", "payload_bytes": 2940, "pid": 193091, "policy_version": 0, "queue": "rollout", "rank": null, "ts": "2026-10-04 16:14:37"}
[DBG] {"category": "QUEUE", "component": "queue", "event": "BEGIN:queue_put", "host": "d6b2a058c4be", "item_id": "880110bd97fe464aab72a0f49dbf4b70", "pid": 193091, "queue": "rollout", "rank": null, "ts": "2026-10-04 16:14:37"}
[DBG] {"category": "QUEUE", "component": "queue", "event": "watchdog_armed", "host": "d6b2a058c4be", "pid": 193091, "rank": null, "stage": "queue_put", "timeout_sec": 30.0, "ts": "2026-10-04 16:14:37"}
[DBG] {"category": "QUEUE", "component": "queue", "elapsed_sec": 0.028297, "event": "END:queue_put", "host": "d6b2a058c4be", "pid": 193091, "rank": null, "ts": "2026-10-04 16:14:37"}
[DBG] {"category": "QUEUE", "component": "queue", "event": "put_done", "host": "d6b2a058c4be", "key": "smoke01:rollout:880110bd97fe464aab72a0f49dbf4b70", "pid": 193091, "policy_version": 0, "queue": "rollout", "rank": null, "ts": "2026-10-04 16:14:37"}
[DBG] {"category": "QUEUE", "component": "queue", "event": "put_prepare", "host": "d6b2a058c4be", "item_id": "ccc153f174e542fd91a7e9888794520f", "partition": "smoke01:rollout", "payload_bytes": 2592, "pid": 193091, "policy_version": 0, "queue": "rollout", "rank": null, "ts": "2026-10-04 16:14:37"}
[DBG] {"category": "QUEUE", "component": "queue", "event": "BEGIN:queue_put", "host": "d6b2a058c4be", "item_id": "ccc153f174e542fd91a7e9888794520f", "pid": 193091, "queue": "rollout", "rank": null, "ts": "2026-10-04 16:14:37"}
[DBG] {"category": "QUEUE", "component": "queue", "event": "watchdog_armed", "host": "d6b2a058c4be", "pid": 193091, "rank": null, "stage": "queue_put", "timeout_sec": 30.0, "ts": "2026-10-04 16:14:37"}
[DBG] {"category": "QUEUE", "component": "queue", "elapsed_sec": 0.026556, "event": "END:queue_put", "host": "d6b2a058c4be", "pid": 193091, "rank": null, "ts": "2026-10-04 16:14:37"}
[DBG] {"category": "QUEUE", "component": "queue", "event": "put_done", "host": "d6b2a058c4be", "key": "smoke01:rollout:ccc153f174e542fd91a7e9888794520f", "pid": 193091, "policy_version": 0, "queue": "rollout", "rank": null, "ts": "2026-10-04 16:14:37"}
[DBG] {"category": "QUEUE", "component": "queue", "event": "size_changed", "host": "d6b2a058c4be", "pid": 193091, "queue": "rollout", "rank": null, "size": 3, "ts": "2026-10-04 16:14:37"}
[DBG] {"category": "QUEUE", "component": "queue", "event": "put_prepare", "host": "d6b2a058c4be", "item_id": "eac06b5c92574636ba957ec42faaf59b", "partition": "smoke01:rollout", "payload_bytes": 1897, "pid": 193091, "policy_version": 0, "queue": "rollout", "rank": null, "ts": "2026-10-04 16:14:37"}
[DBG] {"category": "QUEUE", "component": "queue", "event": "BEGIN:queue_put", "host": "d6b2a058c4be", "item_id": "eac06b5c92574636ba957ec42faaf59b", "pid": 193091, "queue": "rollout", "rank": null, "ts": "2026-10-04 16:14:37"}
[DBG] {"category": "QUEUE", "component": "queue", "event": "watchdog_armed", "host": "d6b2a058c4be", "pid": 193091, "rank": null, "stage": "queue_put", "timeout_sec": 30.0, "ts": "2026-10-04 16:14:37"}
[DBG] {"category": "QUEUE", "component": "queue", "elapsed_sec": 0.02904, "event": "END:queue_put", "host": "d6b2a058c4be", "pid": 193091, "rank": null, "ts": "2026-10-04 16:14:37"}
[DBG] {"category": "QUEUE", "component": "queue", "event": "put_done", "host": "d6b2a058c4be", "key": "smoke01:rollout:eac06b5c92574636ba957ec42faaf59b", "pid": 193091, "policy_version": 0, "queue": "rollout", "rank": null, "ts": "2026-10-04 16:14:37"}
[DBG] {"category": "QUEUE", "component": "queue", "event": "put_prepare", "host": "d6b2a058c4be", "item_id": "e749a73c07454499aaa1f16cb6240c86", "partition": "smoke01:rollout", "payload_bytes": 2505, "pid": 193091, "policy_version": 0, "queue": "rollout", "rank": null, "ts": "2026-10-04 16:14:37"}
[DBG] {"category": "QUEUE", "component": "queue", "event": "BEGIN:queue_put", "host": "d6b2a058c4be", "item_id": "e749a73c07454499aaa1f16cb6240c86", "pid": 193091, "queue": "rollout", "rank": null, "ts": "2026-10-04 16:14:37"}
[DBG] {"category": "QUEUE", "component": "queue", "event": "watchdog_armed", "host": "d6b2a058c4be", "pid": 193091, "rank": null, "stage": "queue_put", "timeout_sec": 30.0, "ts": "2026-10-04 16:14:37"}
[DBG] {"category": "QUEUE", "component": "queue", "elapsed_sec": 0.026003, "event": "END:queue_put", "host": "d6b2a058c4be", "pid": 193091, "rank": null, "ts": "2026-10-04 16:14:38"}
[DBG] {"category": "QUEUE", "component": "queue", "event": "put_done", "host": "d6b2a058c4be", "key": "smoke01:rollout:e749a73c07454499aaa1f16cb6240c86", "pid": 193091, "policy_version": 0, "queue": "rollout", "rank": null, "ts": "2026-10-04 16:14:38"}
[DBG] {"category": "QUEUE", "component": "queue", "event": "size_changed", "host": "d6b2a058c4be", "pid": 193091, "queue": "rollout", "rank": null, "size": 5, "ts": "2026-10-04 16:14:38"}
[DBG] {"category": "QUEUE", "component": "queue", "event": "put_prepare", "host": "d6b2a058c4be", "item_id": "b600de2d33fd4060a54be92c42f6a03a", "partition": "smoke01:rollout", "payload_bytes": 2108, "pid": 193091, "policy_version": 0, "queue": "rollout", "rank": null, "ts": "2026-10-04 16:14:38"}
[DBG] {"category": "QUEUE", "component": "queue", "event": "BEGIN:queue_put", "host": "d6b2a058c4be", "item_id": "b600de2d33fd4060a54be92c42f6a03a", "pid": 193091, "queue": "rollout", "rank": null, "ts": "2026-10-04 16:14:38"}
[DBG] {"category": "QUEUE", "component": "queue", "event": "watchdog_armed", "host": "d6b2a058c4be", "pid": 193091, "rank": null, "stage": "queue_put", "timeout_sec": 30.0, "ts": "2026-10-04 16:14:38"}
[DBG] {"category": "QUEUE", "component": "queue", "elapsed_sec": 0.022329, "event": "END:queue_put", "host": "d6b2a058c4be", "pid": 193091, "rank": null, "ts": "2026-10-04 16:14:38"}
[DBG] {"category": "QUEUE", "component": "queue", "event": "put_done", "host": "d6b2a058c4be", "key": "smoke01:rollout:b600de2d33fd4060a54be92c42f6a03a", "pid": 193091, "policy_version": 0, "queue": "rollout", "rank": null, "ts": "2026-10-04 16:14:38"}
[DBG] {"category": "QUEUE", "component": "queue", "event": "put_prepare", "host": "d6b2a058c4be", "item_id": "27f86588efe242dd82210160dafae82e", "partition": "smoke01:rollout", "payload_bytes": 2785, "pid": 193091, "policy_version": 0, "queue": "rollout", "rank": null, "ts": "2026-10-04 16:14:38"}
[DBG] {"category": "QUEUE", "component": "queue", "event": "BEGIN:queue_put", "host": "d6b2a058c4be", "item_id": "27f86588efe242dd82210160dafae82e", "pid": 193091, "queue": "rollout", "rank": null, "ts": "2026-10-04 16:14:38"}
[DBG] {"category": "QUEUE", "component": "queue", "event": "watchdog_armed", "host": "d6b2a058c4be", "pid": 193091, "rank": null, "stage": "queue_put", "timeout_sec": 30.0, "ts": "2026-10-04 16:14:38"}
[DBG] {"category": "QUEUE", "component": "queue", "elapsed_sec": 0.020576, "event": "END:queue_put", "host": "d6b2a058c4be", "pid": 193091, "rank": null, "ts": "2026-10-04 16:14:38"}
[DBG] {"category": "QUEUE", "component": "queue", "event": "put_done", "host": "d6b2a058c4be", "key": "smoke01:rollout:27f86588efe242dd82210160dafae82e", "pid": 193091, "policy_version": 0, "queue": "rollout", "rank": null, "ts": "2026-10-04 16:14:38"}
[DBG] {"category": "QUEUE", "component": "queue", "event": "size_changed", "host": "d6b2a058c4be", "pid": 193091, "queue": "rollout", "rank": null, "size": 7, "ts": "2026-10-04 16:14:38"}
[DBG] {"category": "QUEUE", "component": "queue", "event": "put_prepare", "host": "d6b2a058c4be", "item_id": "33e20ee2de184c7e85403e56272d2df0", "partition": "smoke01:rollout", "payload_bytes": 2298, "pid": 193091, "policy_version": 0, "queue": "rollout", "rank": null, "ts": "2026-10-04 16:14:39"}
[DBG] {"category": "QUEUE", "component": "queue", "event": "BEGIN:queue_put", "host": "d6b2a058c4be", "item_id": "33e20ee2de184c7e85403e56272d2df0", "pid": 193091, "queue": "rollout", "rank": null, "ts": "2026-10-04 16:14:39"}
[DBG] {"category": "QUEUE", "component": "queue", "event": "watchdog_armed", "host": "d6b2a058c4be", "pid": 193091, "rank": null, "stage": "queue_put", "timeout_sec": 30.0, "ts": "2026-10-04 16:14:39"}
[DBG] {"category": "QUEUE", "component": "queue", "elapsed_sec": 0.028106, "event": "END:queue_put", "host": "d6b2a058c4be", "pid": 193091, "rank": null, "ts": "2026-10-04 16:14:39"}
[DBG] {"category": "QUEUE", "component": "queue", "event": "put_done", "host": "d6b2a058c4be", "key": "smoke01:rollout:33e20ee2de184c7e85403e56272d2df0", "pid": 193091, "policy_version": 0, "queue": "rollout", "rank": null, "ts": "2026-10-04 16:14:39"}
[DBG] {"category": "QUEUE", "component": "queue", "event": "put_prepare", "host": "d6b2a058c4be", "item_id": "44f468f1061d4a1bbe99943994ca4410", "partition": "smoke01:rollout", "payload_bytes": 3087, "pid": 193091, "policy_version": 0, "queue": "rollout", "rank": null, "ts": "2026-10-04 16:14:39"}
[DBG] {"category": "QUEUE", "component": "queue", "event": "BEGIN:queue_put", "host": "d6b2a058c4be", "item_id": "44f468f1061d4a1bbe99943994ca4410", "pid": 193091, "queue": "rollout", "rank": null, "ts": "2026-10-04 16:14:39"}
[DBG] {"category": "QUEUE", "component": "queue", "event": "watchdog_armed", "host": "d6b2a058c4be", "pid": 193091, "rank": null, "stage": "queue_put", "timeout_sec": 30.0, "ts": "2026-10-04 16:14:39"}
[DBG] {"category": "QUEUE", "component": "queue", "elapsed_sec": 0.028711, "event": "END:queue_put", "host": "d6b2a058c4be", "pid": 193091, "rank": null, "ts": "2026-10-04 16:14:39"}
[DBG] {"category": "QUEUE", "component": "queue", "event": "put_done", "host": "d6b2a058c4be", "key": "smoke01:rollout:44f468f1061d4a1bbe99943994ca4410", "pid": 193091, "policy_version": 0, "queue": "rollout", "rank": null, "ts": "2026-10-04 16:14:39"}
[DBG] {"category": "QUEUE", "component": "queue", "event": "size_changed", "host": "d6b2a058c4be", "pid": 193091, "queue": "rollout", "rank": null, "size": 9, "ts": "2026-10-04 16:14:39"}
[DBG] {"category": "QUEUE", "component": "queue", "event": "size_changed", "host": "d6b2a058c4be", "pid": 193091, "queue": "preference", "rank": null, "size": 0, "ts": "2026-10-04 16:14:58"}
[DBG] {"category": "QUEUE", "component": "queue", "current_version": 0, "event": "BEGIN:queue_list_for_pop", "exact": true, "host": "d6b2a058c4be", "max_lag": 3, "pid": 193091, "queue": "preference", "rank": null, "requested": 4, "ts": "2026-10-04 16:14:58"}
[DBG] {"category": "QUEUE", "component": "queue", "event": "watchdog_armed", "host": "d6b2a058c4be", "pid": 193091, "rank": null, "stage": "queue_list_for_pop", "timeout_sec": 30.0, "ts": "2026-10-04 16:14:58"}
[DBG] {"category": "QUEUE", "component": "queue", "elapsed_sec": 0.002939, "event": "END:queue_list_for_pop", "host": "d6b2a058c4be", "pid": 193091, "rank": null, "ts": "2026-10-04 16:14:58"}
[DBG] {"available": 0, "category": "QUEUE", "component": "queue", "event": "pop_scan", "exact": true, "host": "d6b2a058c4be", "pid": 193091, "queue": "preference", "rank": null, "requested": 4, "selected": 0, "selected_keys": [], "stale": 0, "stale_keys": [], "ts": "2026-10-04 16:14:58"}
[DBG] {"available": 0, "category": "QUEUE", "component": "queue", "event": "pop_not_enough", "host": "d6b2a058c4be", "pid": 193091, "queue": "preference", "rank": null, "requested": 4, "ts": "2026-10-04 16:14:58"}
[DBG] {"category": "QUEUE", "component": "queue", "current_version": 0, "event": "BEGIN:queue_list_for_pop", "exact": true, "host": "d6b2a058c4be", "max_lag": 3, "pid": 193091, "queue": "preference", "rank": null, "requested": 4, "ts": "2026-10-04 16:14:59"}
[DBG] {"category": "QUEUE", "component": "queue", "event": "watchdog_armed", "host": "d6b2a058c4be", "pid": 193091, "rank": null, "stage": "queue_list_for_pop", "timeout_sec": 30.0, "ts": "2026-10-04 16:14:59"}
[DBG] {"category": "QUEUE", "component": "queue", "elapsed_sec": 0.002916, "event": "END:queue_list_for_pop", "host": "d6b2a058c4be", "pid": 193091, "rank": null, "ts": "2026-10-04 16:14:59"}
[DBG] {"available": 0, "category": "QUEUE", "component": "queue", "event": "pop_scan", "exact": true, "host": "d6b2a058c4be", "pid": 193091, "queue": "preference", "rank": null, "requested": 4, "selected": 0, "selected_keys": [], "stale": 0, "stale_keys": [], "ts": "2026-10-04 16:14:59"}
[DBG] {"available": 0, "category": "QUEUE", "component": "queue", "event": "pop_not_enough", "host": "d6b2a058c4be", "pid": 193091, "queue": "preference", "rank": null, "requested": 4, "ts": "2026-10-04 16:14:59"}
[DBG] {"category": "QUEUE", "component": "queue", "current_version": 0, "event": "BEGIN:queue_list_for_pop", "exact": true, "host": "d6b2a058c4be", "max_lag": 3, "pid": 193091, "queue": "preference", "rank": null, "requested": 4, "ts": "2026-10-04 16:14:59"}
[DBG] {"category": "QUEUE", "component": "queue", "event": "watchdog_armed", "host": "d6b2a058c4be", "pid": 193091, "rank": null, "stage": "queue_list_for_pop", "timeout_sec": 30.0, "ts": "2026-10-04 16:14:59"}
[DBG] {"category": "QUEUE", "component": "queue", "elapsed_sec": 0.002963, "event": "END:queue_list_for_pop", "host": "d6b2a058c4be", "pid": 193091, "rank": null, "ts": "2026-10-04 16:14:59"}
[DBG] {"available": 0, "category": "QUEUE", "component": "queue", "event": "pop_scan", "exact": true, "host": "d6b2a058c4be", "pid": 193091, "queue": "preference", "rank": null, "requested": 4, "selected": 0, "selected_keys": [], "stale": 0, "stale_keys": [], "ts": "2026-10-04 16:14:59"}
[DBG] {"available": 0, "category": "QUEUE", "component": "queue", "event": "pop_not_enough", "host": "d6b2a058c4be", "pid": 193091, "queue": "preference", "rank": null, "requested": 4, "ts": "2026-10-04 16:14:59"}
[DBG] {"category": "QUEUE", "component": "queue", "current_version": 0, "event": "BEGIN:queue_list_for_pop", "exact": true, "host": "d6b2a058c4be", "max_lag": 3, "pid": 193091, "queue": "preference", "rank": null, "requested": 4, "ts": "2026-10-04 16:15:00"}
[DBG] {"category": "QUEUE", "component": "queue", "event": "watchdog_armed", "host": "d6b2a058c4be", "pid": 193091, "rank": null, "stage": "queue_list_for_pop", "timeout_sec": 30.0, "ts": "2026-10-04 16:15:00"}
[DBG] {"category": "QUEUE", "component": "queue", "elapsed_sec": 0.002765, "event": "END:queue_list_for_pop", "host": "d6b2a058c4be", "pid": 193091, "rank": null, "ts": "2026-10-04 16:15:00"}
[DBG] {"available": 0, "category": "QUEUE", "component": "queue", "event": "pop_scan", "exact": true, "host": "d6b2a058c4be", "pid": 193091, "queue": "preference", "rank": null, "requested": 4, "selected": 0, "selected_keys": [], "stale": 0, "stale_keys": [], "ts": "2026-10-04 16:15:00"}
[DBG] {"available": 0, "category": "QUEUE", "component": "queue", "event": "pop_not_enough", "host": "d6b2a058c4be", "pid": 193091, "queue": "preference", "rank": null, "requested": 4, "ts": "2026-10-04 16:15:00"}
[DBG] {"category": "QUEUE", "component": "queue", "current_version": 0, "event": "BEGIN:queue_list_for_pop", "exact": true, "host": "d6b2a058c4be", "max_lag": 3, "pid": 193091, "queue": "preference", "rank": null, "requested": 4, "ts": "2026-10-04 16:15:00"}
[DBG] {"category": "QUEUE", "component": "queue", "event": "watchdog_armed", "host": "d6b2a058c4be", "pid": 193091, "rank": null, "stage": "queue_list_for_pop", "timeout_sec": 30.0, "ts": "2026-10-04 16:15:00"}
[DBG] {"category": "QUEUE", "component": "queue", "elapsed_sec": 0.002619, "event": "END:queue_list_for_pop", "host": "d6b2a058c4be", "pid": 193091, "rank": null, "ts": "2026-10-04 16:15:00"}
[DBG] {"available": 0, "category": "QUEUE", "component": "queue", "event": "pop_scan", "exact": true, "host": "d6b2a058c4be", "pid": 193091, "queue": "preference", "rank": null, "requested": 4, "selected": 0, "selected_keys": [], "stale": 0, "stale_keys": [], "ts": "2026-10-04 16:15:00"}
[DBG] {"available": 0, "category": "QUEUE", "component": "queue", "event": "pop_not_enough", "host": "d6b2a058c4be", "pid": 193091, "queue": "preference", "rank": null, "requested": 4, "ts": "2026-10-04 16:15:00"}
[DBG] {"category": "QUEUE", "component": "queue", "current_version": 0, "event": "BEGIN:queue_list_for_pop", "exact": true, "host": "d6b2a058c4be", "max_lag": 3, "pid": 193091, "queue": "preference", "rank": null, "requested": 4, "ts": "2026-10-04 16:15:01"}
[DBG] {"category": "QUEUE", "component": "queue", "event": "watchdog_armed", "host": "d6b2a058c4be", "pid": 193091, "rank": null, "stage": "queue_list_for_pop", "timeout_sec": 30.0, "ts": "2026-10-04 16:15:01"}
[DBG] {"category": "QUEUE", "component": "queue", "elapsed_sec": 0.002601, "event": "END:queue_list_for_pop", "host": "d6b2a058c4be", "pid": 193091, "rank": null, "ts": "2026-10-04 16:15:01"}
[DBG] {"available": 0, "category": "QUEUE", "component": "queue", "event": "pop_scan", "exact": true, "host": "d6b2a058c4be", "pid": 193091, "queue": "preference", "rank": null, "requested": 4, "selected": 0, "selected_keys": [], "stale": 0, "stale_keys": [], "ts": "2026-10-04 16:15:01"}
[DBG] {"available": 0, "category": "QUEUE", "component": "queue", "event": "pop_not_enough", "host": "d6b2a058c4be", "pid": 193091, "queue": "preference", "rank": null, "requested": 4, "ts": "2026-10-04 16:15:01"}
[DBG] {"category": "QUEUE", "component": "queue", "current_version": 0, "event": "BEGIN:queue_list_for_pop", "exact": true, "host": "d6b2a058c4be", "max_lag": 3, "pid": 193091, "queue": "preference", "rank": null, "requested": 4, "ts": "2026-10-04 16:15:01"}
[DBG] {"category": "QUEUE", "component": "queue", "event": "watchdog_armed", "host": "d6b2a058c4be", "pid": 193091, "rank": null, "stage": "queue_list_for_pop", "timeout_sec": 30.0, "ts": "2026-10-04 16:15:01"}
[DBG] {"category": "QUEUE", "component": "queue", "elapsed_sec": 0.002825, "event": "END:queue_list_for_pop", "host": "d6b2a058c4be", "pid": 193091, "rank": null, "ts": "2026-10-04 16:15:01"}
[DBG] {"available": 0, "category": "QUEUE", "component": "queue", "event": "pop_scan", "exact": true, "host": "d6b2a058c4be", "pid": 193091, "queue": "preference", "rank": null, "requested": 4, "selected": 0, "selected_keys": [], "stale": 0, "stale_keys": [], "ts": "2026-10-04 16:15:01"}
[DBG] {"available": 0, "category": "QUEUE", "component": "queue", "event": "pop_not_enough", "host": "d6b2a058c4be", "pid": 193091, "queue": "preference", "rank": null, "requested": 4, "ts": "2026-10-04 16:15:01"}
[DBG] {"category": "QUEUE", "component": "queue", "current_version": 0, "event": "BEGIN:queue_list_for_pop", "exact": true, "host": "d6b2a058c4be", "max_lag": 3, "pid": 193091, "queue": "preference", "rank": null, "requested": 4, "ts": "2026-10-04 16:15:02"}
[DBG] {"category": "QUEUE", "component": "queue", "event": "watchdog_armed", "host": "d6b2a058c4be", "pid": 193091, "rank": null, "stage": "queue_list_for_pop", "timeout_sec": 30.0, "ts": "2026-10-04 16:15:02"}
[DBG] {"category": "QUEUE", "component": "queue", "elapsed_sec": 0.002902, "event": "END:queue_list_for_pop", "host": "d6b2a058c4be", "pid": 193091, "rank": null, "ts": "2026-10-04 16:15:02"}
[DBG] {"available": 0, "category": "QUEUE", "component": "queue", "event": "pop_scan", "exact": true, "host": "d6b2a058c4be", "pid": 193091, "queue": "preference", "rank": null, "requested": 4, "selected": 0, "selected_keys": [], "stale": 0, "stale_keys": [], "ts": "2026-10-04 16:15:02"}
[DBG] {"available": 0, "category": "QUEUE", "component": "queue", "event": "pop_not_enough", "host": "d6b2a058c4be", "pid": 193091, "queue": "preference", "rank": null, "requested": 4, "ts": "2026-10-04 16:15:02"}
[DBG] {"category": "QUEUE", "component": "queue", "current_version": 0, "event": "BEGIN:queue_list_for_pop", "exact": true, "host": "d6b2a058c4be", "max_lag": 3, "pid": 193091, "queue": "preference", "rank": null, "requested": 4, "ts": "2026-10-04 16:15:02"}
[DBG] {"category": "QUEUE", "component": "queue", "event": "watchdog_armed", "host": "d6b2a058c4be", "pid": 193091, "rank": null, "stage": "queue_list_for_pop", "timeout_sec": 30.0, "ts": "2026-10-04 16:15:02"}
[DBG] {"category": "QUEUE", "component": "queue", "elapsed_sec": 0.000921, "event": "END:queue_list_for_pop", "host": "d6b2a058c4be", "pid": 193091, "rank": null, "ts": "2026-10-04 16:15:02"}
[DBG] {"available": 0, "category": "QUEUE", "component": "queue", "event": "pop_scan", "exact": true, "host": "d6b2a058c4be", "pid": 193091, "queue": "preference", "rank": null, "requested": 4, "selected": 0, "selected_keys": [], "stale": 0, "stale_keys": [], "ts": "2026-10-04 16:15:02"}
[DBG] {"available": 0, "category": "QUEUE", "component": "queue", "event": "pop_not_enough", "host": "d6b2a058c4be", "pid": 193091, "queue": "preference", "rank": null, "requested": 4, "ts": "2026-10-04 16:15:02"}
[DBG] {"category": "QUEUE", "component": "queue", "current_version": 0, "event": "BEGIN:queue_list_for_pop", "exact": true, "host": "d6b2a058c4be", "max_lag": 3, "pid": 193091, "queue": "preference", "rank": null, "requested": 4, "ts": "2026-10-04 16:15:03"}
[DBG] {"category": "QUEUE", "component": "queue", "event": "watchdog_armed", "host": "d6b2a058c4be", "pid": 193091, "rank": null, "stage": "queue_list_for_pop", "timeout_sec": 30.0, "ts": "2026-10-04 16:15:03"}
[DBG] {"category": "QUEUE", "component": "queue", "elapsed_sec": 0.002099, "event": "END:queue_list_for_pop", "host": "d6b2a058c4be", "pid": 193091, "rank": null, "ts": "2026-10-04 16:15:03"}
[DBG] {"available": 0, "category": "QUEUE", "component": "queue", "event": "pop_scan", "exact": true, "host": "d6b2a058c4be", "pid": 193091, "queue": "preference", "rank": null, "requested": 4, "selected": 0, "selected_keys": [], "stale": 0, "stale_keys": [], "ts": "2026-10-04 16:15:03"}
[DBG] {"available": 0, "category": "QUEUE", "component": "queue", "event": "pop_not_enough", "host": "d6b2a058c4be", "pid": 193091, "queue": "preference", "rank": null, "requested": 4, "ts": "2026-10-04 16:15:03"}
[DBG] {"category": "QUEUE", "component": "queue", "current_version": 0, "event": "BEGIN:queue_list_for_pop", "exact": true, "host": "d6b2a058c4be", "max_lag": 3, "pid": 193091, "queue": "preference", "rank": null, "requested": 4, "ts": "2026-10-04 16:15:04"}
[DBG] {"category": "QUEUE", "component": "queue", "event": "watchdog_armed", "host": "d6b2a058c4be", "pid": 193091, "rank": null, "stage": "queue_list_for_pop", "timeout_sec": 30.0, "ts": "2026-10-04 16:15:04"}
[DBG] {"category": "QUEUE", "component": "queue", "elapsed_sec": 0.002652, "event": "END:queue_list_for_pop", "host": "d6b2a058c4be", "pid": 193091, "rank": null, "ts": "2026-10-04 16:15:04"}
[DBG] {"available": 0, "category": "QUEUE", "component": "queue", "event": "pop_scan", "exact": true, "host": "d6b2a058c4be", "pid": 193091, "queue": "preference", "rank": null, "requested": 4, "selected": 0, "selected_keys": [], "stale": 0, "stale_keys": [], "ts": "2026-10-04 16:15:04"}
[DBG] {"available": 0, "category": "QUEUE", "component": "queue", "event": "pop_not_enough", "host": "d6b2a058c4be", "pid": 193091, "queue": "preference", "rank": null, "requested": 4, "ts": "2026-10-04 16:15:04"}
[DBG] {"category": "QUEUE", "component": "queue", "current_version": 0, "event": "BEGIN:queue_list_for_pop", "exact": true, "host": "d6b2a058c4be", "max_lag": 3, "pid": 193091, "queue": "preference", "rank": null, "requested": 4, "ts": "2026-10-04 16:15:04"}
[DBG] {"category": "QUEUE", "component": "queue", "event": "watchdog_armed", "host": "d6b2a058c4be", "pid": 193091, "rank": null, "stage": "queue_list_for_pop", "timeout_sec": 30.0, "ts": "2026-10-04 16:15:04"}
[DBG] {"category": "QUEUE", "component": "queue", "elapsed_sec": 0.002118, "event": "END:queue_list_for_pop", "host": "d6b2a058c4be", "pid": 193091, "rank": null, "ts": "2026-10-04 16:15:04"}
[DBG] {"available": 0, "category": "QUEUE", "component": "queue", "event": "pop_scan", "exact": true, "host": "d6b2a058c4be", "pid": 193091, "queue": "preference", "rank": null, "requested": 4, "selected": 0, "selected_keys": [], "stale": 0, "stale_keys": [], "ts": "2026-10-04 16:15:04"}
[DBG] {"available": 0, "category": "QUEUE", "component": "queue", "event": "pop_not_enough", "host": "d6b2a058c4be", "pid": 193091, "queue": "preference", "rank": null, "requested": 4, "ts": "2026-10-04 16:15:04"}
[DBG] {"category": "QUEUE", "component": "queue", "current_version": 0, "event": "BEGIN:queue_list_for_pop", "exact": true, "host": "d6b2a058c4be", "max_lag": 3, "pid": 193091, "queue": "preference", "rank": null, "requested": 4, "ts": "2026-10-04 16:15:05"}
[DBG] {"category": "QUEUE", "component": "queue", "event": "watchdog_armed", "host": "d6b2a058c4be", "pid": 193091, "rank": null, "stage": "queue_list_for_pop", "timeout_sec": 30.0, "ts": "2026-10-04 16:15:05"}
[DBG] {"category": "QUEUE", "component": "queue", "elapsed_sec": 0.002025, "event": "END:queue_list_for_pop", "host": "d6b2a058c4be", "pid": 193091, "rank": null, "ts": "2026-10-04 16:15:05"}
[DBG] {"available": 0, "category": "QUEUE", "component": "queue", "event": "pop_scan", "exact": true, "host": "d6b2a058c4be", "pid": 193091, "queue": "preference", "rank": null, "requested": 4, "selected": 0, "selected_keys": [], "stale": 0, "stale_keys": [], "ts": "2026-10-04 16:15:05"}
[DBG] {"available": 0, "category": "QUEUE", "component": "queue", "event": "pop_not_enough", "host": "d6b2a058c4be", "pid": 193091, "queue": "preference", "rank": null, "requested": 4, "ts": "2026-10-04 16:15:05"}
[DBG] {"category": "QUEUE", "component": "queue", "current_version": 0, "event": "BEGIN:queue_list_for_pop", "exact": true, "host": "d6b2a058c4be", "max_lag": 3, "pid": 193091, "queue": "preference", "rank": null, "requested": 4, "ts": "2026-10-04 16:15:05"}
[DBG] {"category": "QUEUE", "component": "queue", "event": "watchdog_armed", "host": "d6b2a058c4be", "pid": 193091, "rank": null, "stage": "queue_list_for_pop", "timeout_sec": 30.0, "ts": "2026-10-04 16:15:05"}
[DBG] {"category": "QUEUE", "component": "queue", "elapsed_sec": 0.00174, "event": "END:queue_list_for_pop", "host": "d6b2a058c4be", "pid": 193091, "rank": null, "ts": "2026-10-04 16:15:05"}
[DBG] {"available": 0, "category": "QUEUE", "component": "queue", "event": "pop_scan", "exact": true, "host": "d6b2a058c4be", "pid": 193091, "queue": "preference", "rank": null, "requested": 4, "selected": 0, "selected_keys": [], "stale": 0, "stale_keys": [], "ts": "2026-10-04 16:15:05"}
[DBG] {"available": 0, "category": "QUEUE", "component": "queue", "event": "pop_not_enough", "host": "d6b2a058c4be", "pid": 193091, "queue": "preference", "rank": null, "requested": 4, "ts": "2026-10-04 16:15:05"}
[DBG] {"category": "QUEUE", "component": "queue", "current_version": 0, "event": "BEGIN:queue_list_for_pop", "exact": true, "host": "d6b2a058c4be", "max_lag": 3, "pid": 193091, "queue": "preference", "rank": null, "requested": 4, "ts": "2026-10-04 16:15:06"}
[DBG] {"category": "QUEUE", "component": "queue", "event": "watchdog_armed", "host": "d6b2a058c4be", "pid": 193091, "rank": null, "stage": "queue_list_for_pop", "timeout_sec": 30.0, "ts": "2026-10-04 16:15:06"}
[DBG] {"category": "QUEUE", "component": "queue", "elapsed_sec": 0.002011, "event": "END:queue_list_for_pop", "host": "d6b2a058c4be", "pid": 193091, "rank": null, "ts": "2026-10-04 16:15:06"}
[DBG] {"available": 0, "category": "QUEUE", "component": "queue", "event": "pop_scan", "exact": true, "host": "d6b2a058c4be", "pid": 193091, "queue": "preference", "rank": null, "requested": 4, "selected": 0, "selected_keys": [], "stale": 0, "stale_keys": [], "ts": "2026-10-04 16:15:06"}
[DBG] {"available": 0, "category": "QUEUE", "component": "queue", "event": "pop_not_enough", "host": "d6b2a058c4be", "pid": 193091, "queue": "preference", "rank": null, "requested": 4, "ts": "2026-10-04 16:15:06"}
[DBG] {"category": "QUEUE", "component": "queue", "current_version": 0, "event": "BEGIN:queue_list_for_pop", "exact": true, "host": "d6b2a058c4be", "max_lag": 3, "pid": 193091, "queue": "preference", "rank": null, "requested": 4, "ts": "2026-10-04 16:15:06"}
[DBG] {"category": "QUEUE", "component": "queue", "event": "watchdog_armed", "host": "d6b2a058c4be", "pid": 193091, "rank": null, "stage": "queue_list_for_pop", "timeout_sec": 30.0, "ts": "2026-10-04 16:15:06"}
[DBG] {"category": "QUEUE", "component": "queue", "elapsed_sec": 0.001929, "event": "END:queue_list_for_pop", "host": "d6b2a058c4be", "pid": 193091, "rank": null, "ts": "2026-10-04 16:15:06"}
[DBG] {"available": 0, "category": "QUEUE", "component": "queue", "event": "pop_scan", "exact": true, "host": "d6b2a058c4be", "pid": 193091, "queue": "preference", "rank": null, "requested": 4, "selected": 0, "selected_keys": [], "stale": 0, "stale_keys": [], "ts": "2026-10-04 16:15:06"}
[DBG] {"available": 0, "category": "QUEUE", "component": "queue", "event": "pop_not_enough", "host": "d6b2a058c4be", "pid": 193091, "queue": "preference", "rank": null, "requested": 4, "ts": "2026-10-04 16:15:06"}
[DBG] {"category": "QUEUE", "component": "queue", "current_version": 0, "event": "BEGIN:queue_list_for_pop", "exact": true, "host": "d6b2a058c4be", "max_lag": 3, "pid": 193091, "queue": "preference", "rank": null, "requested": 4, "ts": "2026-10-04 16:15:07"}
[DBG] {"category": "QUEUE", "component": "queue", "event": "watchdog_armed", "host": "d6b2a058c4be", "pid": 193091, "rank": null, "stage": "queue_list_for_pop", "timeout_sec": 30.0, "ts": "2026-10-04 16:15:07"}
[DBG] {"category": "QUEUE", "component": "queue", "elapsed_sec": 0.002006, "event": "END:queue_list_for_pop", "host": "d6b2a058c4be", "pid": 193091, "rank": null, "ts": "2026-10-04 16:15:07"}
[DBG] {"available": 0, "category": "QUEUE", "component": "queue", "event": "pop_scan", "exact": true, "host": "d6b2a058c4be", "pid": 193091, "queue": "preference", "rank": null, "requested": 4, "selected": 0, "selected_keys": [], "stale": 0, "stale_keys": [], "ts": "2026-10-04 16:15:07"}
[DBG] {"available": 0, "category": "QUEUE", "component": "queue", "event": "pop_not_enough", "host": "d6b2a058c4be", "pid": 193091, "queue": "preference", "rank": null, "requested": 4, "ts": "2026-10-04 16:15:07"}
[DBG] {"category": "QUEUE", "component": "queue", "current_version": 0, "event": "BEGIN:queue_list_for_pop", "exact": true, "host": "d6b2a058c4be", "max_lag": 3, "pid": 193091, "queue": "preference", "rank": null, "requested": 4, "ts": "2026-10-04 16:15:07"}
[DBG] {"category": "QUEUE", "component": "queue", "event": "watchdog_armed", "host": "d6b2a058c4be", "pid": 193091, "rank": null, "stage": "queue_list_for_pop", "timeout_sec": 30.0, "ts": "2026-10-04 16:15:07"}
[DBG] {"category": "QUEUE", "component": "queue", "elapsed_sec": 0.001109, "event": "END:queue_list_for_pop", "host": "d6b2a058c4be", "pid": 193091, "rank": null, "ts": "2026-10-04 16:15:07"}
[DBG] {"available": 0, "category": "QUEUE", "component": "queue", "event": "pop_scan", "exact": true, "host": "d6b2a058c4be", "pid": 193091, "queue": "preference", "rank": null, "requested": 4, "selected": 0, "selected_keys": [], "stale": 0, "stale_keys": [], "ts": "2026-10-04 16:15:07"}
[DBG] {"available": 0, "category": "QUEUE", "component": "queue", "event": "pop_not_enough", "host": "d6b2a058c4be", "pid": 193091, "queue": "preference", "rank": null, "requested": 4, "ts": "2026-10-04 16:15:07"}
[DBG] {"category": "QUEUE", "component": "queue", "current_version": 0, "event": "BEGIN:queue_list_for_pop", "exact": true, "host": "d6b2a058c4be", "max_lag": 3, "pid": 193091, "queue": "preference", "rank": null, "requested": 4, "ts": "2026-10-04 16:15:08"}
[DBG] {"category": "QUEUE", "component": "queue", "event": "watchdog_armed", "host": "d6b2a058c4be", "pid": 193091, "rank": null, "stage": "queue_list_for_pop", "timeout_sec": 30.0, "ts": "2026-10-04 16:15:08"}
[DBG] {"category": "QUEUE", "component": "queue", "elapsed_sec": 0.001371, "event": "END:queue_list_for_pop", "host": "d6b2a058c4be", "pid": 193091, "rank": null, "ts": "2026-10-04 16:15:08"}
[DBG] {"available": 0, "category": "QUEUE", "component": "queue", "event": "pop_scan", "exact": true, "host": "d6b2a058c4be", "pid": 193091, "queue": "preference", "rank": null, "requested": 4, "selected": 0, "selected_keys": [], "stale": 0, "stale_keys": [], "ts": "2026-10-04 16:15:08"}
[DBG] {"available": 0, "category": "QUEUE", "component": "queue", "event": "pop_not_enough", "host": "d6b2a058c4be", "pid": 193091, "queue": "preference", "rank": null, "requested": 4, "ts": "2026-10-04 16:15:08"}
[DBG] {"category": "QUEUE", "component": "queue", "current_version": 0, "event": "BEGIN:queue_list_for_pop", "exact": true, "host": "d6b2a058c4be", "max_lag": 3, "pid": 193091, "queue": "preference", "rank": null, "requested": 4, "ts": "2026-10-04 16:15:08"}
[DBG] {"category": "QUEUE", "component": "queue", "event": "watchdog_armed", "host": "d6b2a058c4be", "pid": 193091, "rank": null, "stage": "queue_list_for_pop", "timeout_sec": 30.0, "ts": "2026-10-04 16:15:08"}
[DBG] {"category": "QUEUE", "component": "queue", "elapsed_sec": 0.001545, "event": "END:queue_list_for_pop", "host": "d6b2a058c4be", "pid": 193091, "rank": null, "ts": "2026-10-04 16:15:08"}
[DBG] {"available": 0, "category": "QUEUE", "component": "queue", "event": "pop_scan", "exact": true, "host": "d6b2a058c4be", "pid": 193091, "queue": "preference", "rank": null, "requested": 4, "selected": 0, "selected_keys": [], "stale": 0, "stale_keys": [], "ts": "2026-10-04 16:15:08"}
[DBG] {"available": 0, "category": "QUEUE", "component": "queue", "event": "pop_not_enough", "host": "d6b2a058c4be", "pid": 193091, "queue": "preference", "rank": null, "requested": 4, "ts": "2026-10-04 16:15:08"}
[DBG] {"category": "QUEUE", "component": "queue", "current_version": 0, "event": "BEGIN:queue_list_for_pop", "exact": true, "host": "d6b2a058c4be", "max_lag": 3, "pid": 193091, "queue": "preference", "rank": null, "requested": 4, "ts": "2026-10-04 16:15:09"}
[DBG] {"category": "QUEUE", "component": "queue", "event": "watchdog_armed", "host": "d6b2a058c4be", "pid": 193091, "rank": null, "stage": "queue_list_for_pop", "timeout_sec": 30.0, "ts": "2026-10-04 16:15:09"}
[DBG] {"category": "QUEUE", "component": "queue", "elapsed_sec": 0.001434, "event": "END:queue_list_for_pop", "host": "d6b2a058c4be", "pid": 193091, "rank": null, "ts": "2026-10-04 16:15:09"}
[DBG] {"available": 0, "category": "QUEUE", "component": "queue", "event": "pop_scan", "exact": true, "host": "d6b2a058c4be", "pid": 193091, "queue": "preference", "rank": null, "requested": 4, "selected": 0, "selected_keys": [], "stale": 0, "stale_keys": [], "ts": "2026-10-04 16:15:09"}
[DBG] {"available": 0, "category": "QUEUE", "component": "queue", "event": "pop_not_enough", "host": "d6b2a058c4be", "pid": 193091, "queue": "preference", "rank": null, "requested": 4, "ts": "2026-10-04 16:15:09"}
[DBG] {"category": "QUEUE", "component": "queue", "current_version": 0, "event": "BEGIN:queue_list_for_pop", "exact": true, "host": "d6b2a058c4be", "max_lag": 3, "pid": 193091, "queue": "preference", "rank": null, "requested": 4, "ts": "2026-10-04 16:15:09"}
[DBG] {"category": "QUEUE", "component": "queue", "event": "watchdog_armed", "host": "d6b2a058c4be", "pid": 193091, "rank": null, "stage": "queue_list_for_pop", "timeout_sec": 30.0, "ts": "2026-10-04 16:15:09"}
[DBG] {"category": "QUEUE", "component": "queue", "elapsed_sec": 0.00143, "event": "END:queue_list_for_pop", "host": "d6b2a058c4be", "pid": 193091, "rank": null, "ts": "2026-10-04 16:15:09"}
[DBG] {"available": 0, "category": "QUEUE", "component": "queue", "event": "pop_scan", "exact": true, "host": "d6b2a058c4be", "pid": 193091, "queue": "preference", "rank": null, "requested": 4, "selected": 0, "selected_keys": [], "stale": 0, "stale_keys": [], "ts": "2026-10-04 16:15:09"}
[DBG] {"available": 0, "category": "QUEUE", "component": "queue", "event": "pop_not_enough", "host": "d6b2a058c4be", "pid": 193091, "queue": "preference", "rank": null, "requested": 4, "ts": "2026-10-04 16:15:09"}
[DBG] {"category": "QUEUE", "component": "queue", "current_version": 0, "event": "BEGIN:queue_list_for_pop", "exact": true, "host": "d6b2a058c4be", "max_lag": 3, "pid": 193091, "queue": "preference", "rank": null, "requested": 4, "ts": "2026-10-04 16:15:10"}
[DBG] {"category": "QUEUE", "component": "queue", "event": "watchdog_armed", "host": "d6b2a058c4be", "pid": 193091, "rank": null, "stage": "queue_list_for_pop", "timeout_sec": 30.0, "ts": "2026-10-04 16:15:10"}
[DBG] {"category": "QUEUE", "component": "queue", "elapsed_sec": 0.001444, "event": "END:queue_list_for_pop", "host": "d6b2a058c4be", "pid": 193091, "rank": null, "ts": "2026-10-04 16:15:10"}
[DBG] {"available": 0, "category": "QUEUE", "component": "queue", "event": "pop_scan", "exact": true, "host": "d6b2a058c4be", "pid": 193091, "queue": "preference", "rank": null, "requested": 4, "selected": 0, "selected_keys": [], "stale": 0, "stale_keys": [], "ts": "2026-10-04 16:15:10"}
[DBG] {"available": 0, "category": "QUEUE", "component": "queue", "event": "pop_not_enough", "host": "d6b2a058c4be", "pid": 193091, "queue": "preference", "rank": null, "requested": 4, "ts": "2026-10-04 16:15:10"}
[DBG] {"category": "QUEUE", "component": "queue", "current_version": 0, "event": "BEGIN:queue_list_for_pop", "exact": true, "host": "d6b2a058c4be", "max_lag": 3, "pid": 193091, "queue": "preference", "rank": null, "requested": 4, "ts": "2026-10-04 16:15:10"}
[DBG] {"category": "QUEUE", "component": "queue", "event": "watchdog_armed", "host": "d6b2a058c4be", "pid": 193091, "rank": null, "stage": "queue_list_for_pop", "timeout_sec": 30.0, "ts": "2026-10-04 16:15:10"}
[DBG] {"category": "QUEUE", "component": "queue", "elapsed_sec": 0.001621, "event": "END:queue_list_for_pop", "host": "d6b2a058c4be", "pid": 193091, "rank": null, "ts": "2026-10-04 16:15:10"}
[DBG] {"available": 0, "category": "QUEUE", "component": "queue", "event": "pop_scan", "exact": true, "host": "d6b2a058c4be", "pid": 193091, "queue": "preference", "rank": null, "requested": 4, "selected": 0, "selected_keys": [], "stale": 0, "stale_keys": [], "ts": "2026-10-04 16:15:10"}
[DBG] {"available": 0, "category": "QUEUE", "component": "queue", "event": "pop_not_enough", "host": "d6b2a058c4be", "pid": 193091, "queue": "preference", "rank": null, "requested": 4, "ts": "2026-10-04 16:15:10"}
[DBG] {"category": "QUEUE", "component": "queue", "current_version": 0, "event": "BEGIN:queue_list_for_pop", "exact": true, "host": "d6b2a058c4be", "max_lag": 3, "pid": 193091, "queue": "preference", "rank": null, "requested": 4, "ts": "2026-10-04 16:15:11"}
[DBG] {"category": "QUEUE", "component": "queue", "event": "watchdog_armed", "host": "d6b2a058c4be", "pid": 193091, "rank": null, "stage": "queue_list_for_pop", "timeout_sec": 30.0, "ts": "2026-10-04 16:15:11"}
[DBG] {"category": "QUEUE", "component": "queue", "elapsed_sec": 0.001982, "event": "END:queue_list_for_pop", "host": "d6b2a058c4be", "pid": 193091, "rank": null, "ts": "2026-10-04 16:15:11"}
[DBG] {"available": 0, "category": "QUEUE", "component": "queue", "event": "pop_scan", "exact": true, "host": "d6b2a058c4be", "pid": 193091, "queue": "preference", "rank": null, "requested": 4, "selected": 0, "selected_keys": [], "stale": 0, "stale_keys": [], "ts": "2026-10-04 16:15:11"}
[DBG] {"available": 0, "category": "QUEUE", "component": "queue", "event": "pop_not_enough", "host": "d6b2a058c4be", "pid": 193091, "queue": "preference", "rank": null, "requested": 4, "ts": "2026-10-04 16:15:11"}
[DBG] {"category": "QUEUE", "component": "queue", "current_version": 0, "event": "BEGIN:queue_list_for_pop", "exact": true, "host": "d6b2a058c4be", "max_lag": 3, "pid": 193091, "queue": "preference", "rank": null, "requested": 4, "ts": "2026-10-04 16:15:11"}
[DBG] {"category": "QUEUE", "component": "queue", "event": "watchdog_armed", "host": "d6b2a058c4be", "pid": 193091, "rank": null, "stage": "queue_list_for_pop", "timeout_sec": 30.0, "ts": "2026-10-04 16:15:11"}
[DBG] {"category": "QUEUE", "component": "queue", "elapsed_sec": 0.002002, "event": "END:queue_list_for_pop", "host": "d6b2a058c4be", "pid": 193091, "rank": null, "ts": "2026-10-04 16:15:11"}
[DBG] {"available": 0, "category": "QUEUE", "component": "queue", "event": "pop_scan", "exact": true, "host": "d6b2a058c4be", "pid": 193091, "queue": "preference", "rank": null, "requested": 4, "selected": 0, "selected_keys": [], "stale": 0, "stale_keys": [], "ts": "2026-10-04 16:15:11"}
[DBG] {"available": 0, "category": "QUEUE", "component": "queue", "event": "pop_not_enough", "host": "d6b2a058c4be", "pid": 193091, "queue": "preference", "rank": null, "requested": 4, "ts": "2026-10-04 16:15:11"}
[DBG] {"category": "QUEUE", "component": "queue", "current_version": 0, "event": "BEGIN:queue_list_for_pop", "exact": true, "host": "d6b2a058c4be", "max_lag": 3, "pid": 193091, "queue": "preference", "rank": null, "requested": 4, "ts": "2026-10-04 16:15:12"}
[DBG] {"category": "QUEUE", "component": "queue", "event": "watchdog_armed", "host": "d6b2a058c4be", "pid": 193091, "rank": null, "stage": "queue_list_for_pop", "timeout_sec": 30.0, "ts": "2026-10-04 16:15:12"}
[DBG] {"category": "QUEUE", "component": "queue", "elapsed_sec": 0.001758, "event": "END:queue_list_for_pop", "host": "d6b2a058c4be", "pid": 193091, "rank": null, "ts": "2026-10-04 16:15:12"}
[DBG] {"available": 0, "category": "QUEUE", "component": "queue", "event": "pop_scan", "exact": true, "host": "d6b2a058c4be", "pid": 193091, "queue": "preference", "rank": null, "requested": 4, "selected": 0, "selected_keys": [], "stale": 0, "stale_keys": [], "ts": "2026-10-04 16:15:12"}
[DBG] {"available": 0, "category": "QUEUE", "component": "queue", "event": "pop_not_enough", "host": "d6b2a058c4be", "pid": 193091, "queue": "preference", "rank": null, "requested": 4, "ts": "2026-10-04 16:15:12"}
[DBG] {"category": "QUEUE", "component": "queue", "current_version": 0, "event": "BEGIN:queue_list_for_pop", "exact": true, "host": "d6b2a058c4be", "max_lag": 3, "pid": 193091, "queue": "preference", "rank": null, "requested": 4, "ts": "2026-10-04 16:15:12"}
[DBG] {"category": "QUEUE", "component": "queue", "event": "watchdog_armed", "host": "d6b2a058c4be", "pid": 193091, "rank": null, "stage": "queue_list_for_pop", "timeout_sec": 30.0, "ts": "2026-10-04 16:15:12"}
[DBG] {"category": "QUEUE", "component": "queue", "elapsed_sec": 0.001839, "event": "END:queue_list_for_pop", "host": "d6b2a058c4be", "pid": 193091, "rank": null, "ts": "2026-10-04 16:15:12"}
[DBG] {"available": 0, "category": "QUEUE", "component": "queue", "event": "pop_scan", "exact": true, "host": "d6b2a058c4be", "pid": 193091, "queue": "preference", "rank": null, "requested": 4, "selected": 0, "selected_keys": [], "stale": 0, "stale_keys": [], "ts": "2026-10-04 16:15:12"}
[DBG] {"available": 0, "category": "QUEUE", "component": "queue", "event": "pop_not_enough", "host": "d6b2a058c4be", "pid": 193091, "queue": "preference", "rank": null, "requested": 4, "ts": "2026-10-04 16:15:12"}
[DBG] {"category": "QUEUE", "component": "queue", "current_version": 0, "event": "BEGIN:queue_list_for_pop", "exact": true, "host": "d6b2a058c4be", "max_lag": 3, "pid": 193091, "queue": "preference", "rank": null, "requested": 4, "ts": "2026-10-04 16:15:13"}
[DBG] {"category": "QUEUE", "component": "queue", "event": "watchdog_armed", "host": "d6b2a058c4be", "pid": 193091, "rank": null, "stage": "queue_list_for_pop", "timeout_sec": 30.0, "ts": "2026-10-04 16:15:13"}
[DBG] {"category": "QUEUE", "component": "queue", "elapsed_sec": 0.000994, "event": "END:queue_list_for_pop", "host": "d6b2a058c4be", "pid": 193091, "rank": null, "ts": "2026-10-04 16:15:13"}
[DBG] {"available": 0, "category": "QUEUE", "component": "queue", "event": "pop_scan", "exact": true, "host": "d6b2a058c4be", "pid": 193091, "queue": "preference", "rank": null, "requested": 4, "selected": 0, "selected_keys": [], "stale": 0, "stale_keys": [], "ts": "2026-10-04 16:15:13"}
[DBG] {"available": 0, "category": "QUEUE", "component": "queue", "event": "pop_not_enough", "host": "d6b2a058c4be", "pid": 193091, "queue": "preference", "rank": null, "requested": 4, "ts": "2026-10-04 16:15:13"}
[DBG] {"category": "QUEUE", "component": "queue", "current_version": 0, "event": "BEGIN:queue_list_for_pop", "exact": true, "host": "d6b2a058c4be", "max_lag": 3, "pid": 193091, "queue": "preference", "rank": null, "requested": 4, "ts": "2026-10-04 16:15:13"}
[DBG] {"category": "QUEUE", "component": "queue", "event": "watchdog_armed", "host": "d6b2a058c4be", "pid": 193091, "rank": null, "stage": "queue_list_for_pop", "timeout_sec": 30.0, "ts": "2026-10-04 16:15:13"}
[DBG] {"category": "QUEUE", "component": "queue", "elapsed_sec": 0.001579, "event": "END:queue_list_for_pop", "host": "d6b2a058c4be", "pid": 193091, "rank": null, "ts": "2026-10-04 16:15:13"}
[DBG] {"available": 0, "category": "QUEUE", "component": "queue", "event": "pop_scan", "exact": true, "host": "d6b2a058c4be", "pid": 193091, "queue": "preference", "rank": null, "requested": 4, "selected": 0, "selected_keys": [], "stale": 0, "stale_keys": [], "ts": "2026-10-04 16:15:13"}
[DBG] {"available": 0, "category": "QUEUE", "component": "queue", "event": "pop_not_enough", "host": "d6b2a058c4be", "pid": 193091, "queue": "preference", "rank": null, "requested": 4, "ts": "2026-10-04 16:15:13"}
[DBG] {"category": "QUEUE", "component": "queue", "current_version": 0, "event": "BEGIN:queue_list_for_pop", "exact": true, "host": "d6b2a058c4be", "max_lag": 3, "pid": 193091, "queue": "preference", "rank": null, "requested": 4, "ts": "2026-10-04 16:15:14"}
[DBG] {"category": "QUEUE", "component": "queue", "event": "watchdog_armed", "host": "d6b2a058c4be", "pid": 193091, "rank": null, "stage": "queue_list_for_pop", "timeout_sec": 30.0, "ts": "2026-10-04 16:15:14"}
[DBG] {"category": "QUEUE", "component": "queue", "elapsed_sec": 0.001442, "event": "END:queue_list_for_pop", "host": "d6b2a058c4be", "pid": 193091, "rank": null, "ts": "2026-10-04 16:15:14"}
[DBG] {"available": 0, "category": "QUEUE", "component": "queue", "event": "pop_scan", "exact": true, "host": "d6b2a058c4be", "pid": 193091, "queue": "preference", "rank": null, "requested": 4, "selected": 0, "selected_keys": [], "stale": 0, "stale_keys": [], "ts": "2026-10-04 16:15:14"}
[DBG] {"available": 0, "category": "QUEUE", "component": "queue", "event": "pop_not_enough", "host": "d6b2a058c4be", "pid": 193091, "queue": "preference", "rank": null, "requested": 4, "ts": "2026-10-04 16:15:14"}
[DBG] {"category": "QUEUE", "component": "queue", "current_version": 0, "event": "BEGIN:queue_list_for_pop", "exact": true, "host": "d6b2a058c4be", "max_lag": 3, "pid": 193091, "queue": "preference", "rank": null, "requested": 4, "ts": "2026-10-04 16:15:14"}
[DBG] {"category": "QUEUE", "component": "queue", "event": "watchdog_armed", "host": "d6b2a058c4be", "pid": 193091, "rank": null, "stage": "queue_list_for_pop", "timeout_sec": 30.0, "ts": "2026-10-04 16:15:14"}
[DBG] {"category": "QUEUE", "component": "queue", "elapsed_sec": 0.001162, "event": "END:queue_list_for_pop", "host": "d6b2a058c4be", "pid": 193091, "rank": null, "ts": "2026-10-04 16:15:14"}
[DBG] {"available": 0, "category": "QUEUE", "component": "queue", "event": "pop_scan", "exact": true, "host": "d6b2a058c4be", "pid": 193091, "queue": "preference", "rank": null, "requested": 4, "selected": 0, "selected_keys": [], "stale": 0, "stale_keys": [], "ts": "2026-10-04 16:15:14"}
[DBG] {"available": 0, "category": "QUEUE", "component": "queue", "event": "pop_not_enough", "host": "d6b2a058c4be", "pid": 193091, "queue": "preference", "rank": null, "requested": 4, "ts": "2026-10-04 16:15:14"}
[DBG] {"category": "QUEUE", "component": "queue", "current_version": 0, "event": "BEGIN:queue_list_for_pop", "exact": true, "host": "d6b2a058c4be", "max_lag": 3, "pid": 193091, "queue": "preference", "rank": null, "requested": 4, "ts": "2026-10-04 16:15:15"}
[DBG] {"category": "QUEUE", "component": "queue", "event": "watchdog_armed", "host": "d6b2a058c4be", "pid": 193091, "rank": null, "stage": "queue_list_for_pop", "timeout_sec": 30.0, "ts": "2026-10-04 16:15:15"}
[DBG] {"category": "QUEUE", "component": "queue", "elapsed_sec": 0.001062, "event": "END:queue_list_for_pop", "host": "d6b2a058c4be", "pid": 193091, "rank": null, "ts": "2026-10-04 16:15:15"}
[DBG] {"available": 0, "category": "QUEUE", "component": "queue", "event": "pop_scan", "exact": true, "host": "d6b2a058c4be", "pid": 193091, "queue": "preference", "rank": null, "requested": 4, "selected": 0, "selected_keys": [], "stale": 0, "stale_keys": [], "ts": "2026-10-04 16:15:15"}
[DBG] {"available": 0, "category": "QUEUE", "component": "queue", "event": "pop_not_enough", "host": "d6b2a058c4be", "pid": 193091, "queue": "preference", "rank": null, "requested": 4, "ts": "2026-10-04 16:15:15"}
[DBG] {"category": "QUEUE", "component": "queue", "current_version": 0, "event": "BEGIN:queue_list_for_pop", "exact": true, "host": "d6b2a058c4be", "max_lag": 3, "pid": 193091, "queue": "preference", "rank": null, "requested": 4, "ts": "2026-10-04 16:15:15"}
[DBG] {"category": "QUEUE", "component": "queue", "event": "watchdog_armed", "host": "d6b2a058c4be", "pid": 193091, "rank": null, "stage": "queue_list_for_pop", "timeout_sec": 30.0, "ts": "2026-10-04 16:15:15"}
[DBG] {"category": "QUEUE", "component": "queue", "elapsed_sec": 0.001213, "event": "END:queue_list_for_pop", "host": "d6b2a058c4be", "pid": 193091, "rank": null, "ts": "2026-10-04 16:15:15"}
[DBG] {"available": 0, "category": "QUEUE", "component": "queue", "event": "pop_scan", "exact": true, "host": "d6b2a058c4be", "pid": 193091, "queue": "preference", "rank": null, "requested": 4, "selected": 0, "selected_keys": [], "stale": 0, "stale_keys": [], "ts": "2026-10-04 16:15:15"}
[DBG] {"available": 0, "category": "QUEUE", "component": "queue", "event": "pop_not_enough", "host": "d6b2a058c4be", "pid": 193091, "queue": "preference", "rank": null, "requested": 4, "ts": "2026-10-04 16:15:15"}
[DBG] {"category": "QUEUE", "component": "queue", "current_version": 0, "event": "BEGIN:queue_list_for_pop", "exact": true, "host": "d6b2a058c4be", "max_lag": 3, "pid": 193091, "queue": "preference", "rank": null, "requested": 4, "ts": "2026-10-04 16:15:16"}
[DBG] {"category": "QUEUE", "component": "queue", "event": "watchdog_armed", "host": "d6b2a058c4be", "pid": 193091, "rank": null, "stage": "queue_list_for_pop", "timeout_sec": 30.0, "ts": "2026-10-04 16:15:16"}
[DBG] {"category": "QUEUE", "component": "queue", "elapsed_sec": 0.00122, "event": "END:queue_list_for_pop", "host": "d6b2a058c4be", "pid": 193091, "rank": null, "ts": "2026-10-04 16:15:16"}
[DBG] {"available": 0, "category": "QUEUE", "component": "queue", "event": "pop_scan", "exact": true, "host": "d6b2a058c4be", "pid": 193091, "queue": "preference", "rank": null, "requested": 4, "selected": 0, "selected_keys": [], "stale": 0, "stale_keys": [], "ts": "2026-10-04 16:15:16"}
[DBG] {"available": 0, "category": "QUEUE", "component": "queue", "event": "pop_not_enough", "host": "d6b2a058c4be", "pid": 193091, "queue": "preference", "rank": null, "requested": 4, "ts": "2026-10-04 16:15:16"}
[DBG] {"category": "QUEUE", "component": "queue", "current_version": 0, "event": "BEGIN:queue_list_for_pop", "exact": true, "host": "d6b2a058c4be", "max_lag": 3, "pid": 193091, "queue": "preference", "rank": null, "requested": 4, "ts": "2026-10-04 16:15:17"}
[DBG] {"category": "QUEUE", "component": "queue", "event": "watchdog_armed", "host": "d6b2a058c4be", "pid": 193091, "rank": null, "stage": "queue_list_for_pop", "timeout_sec": 30.0, "ts": "2026-10-04 16:15:17"}
[DBG] {"category": "QUEUE", "component": "queue", "elapsed_sec": 0.001239, "event": "END:queue_list_for_pop", "host": "d6b2a058c4be", "pid": 193091, "rank": null, "ts": "2026-10-04 16:15:17"}
[DBG] {"available": 0, "category": "QUEUE", "component": "queue", "event": "pop_scan", "exact": true, "host": "d6b2a058c4be", "pid": 193091, "queue": "preference", "rank": null, "requested": 4, "selected": 0, "selected_keys": [], "stale": 0, "stale_keys": [], "ts": "2026-10-04 16:15:17"}
[DBG] {"available": 0, "category": "QUEUE", "component": "queue", "event": "pop_not_enough", "host": "d6b2a058c4be", "pid": 193091, "queue": "preference", "rank": null, "requested": 4, "ts": "2026-10-04 16:15:17"}
[DBG] {"category": "QUEUE", "component": "queue", "current_version": 0, "event": "BEGIN:queue_list_for_pop", "exact": true, "host": "d6b2a058c4be", "max_lag": 3, "pid": 193091, "queue": "preference", "rank": null, "requested": 4, "ts": "2026-10-04 16:15:17"}
[DBG] {"category": "QUEUE", "component": "queue", "event": "watchdog_armed", "host": "d6b2a058c4be", "pid": 193091, "rank": null, "stage": "queue_list_for_pop", "timeout_sec": 30.0, "ts": "2026-10-04 16:15:17"}
[DBG] {"category": "QUEUE", "component": "queue", "elapsed_sec": 0.001432, "event": "END:queue_list_for_pop", "host": "d6b2a058c4be", "pid": 193091, "rank": null, "ts": "2026-10-04 16:15:17"}
[DBG] {"available": 0, "category": "QUEUE", "component": "queue", "event": "pop_scan", "exact": true, "host": "d6b2a058c4be", "pid": 193091, "queue": "preference", "rank": null, "requested": 4, "selected": 0, "selected_keys": [], "stale": 0, "stale_keys": [], "ts": "2026-10-04 16:15:17"}
[DBG] {"available": 0, "category": "QUEUE", "component": "queue", "event": "pop_not_enough", "host": "d6b2a058c4be", "pid": 193091, "queue": "preference", "rank": null, "requested": 4, "ts": "2026-10-04 16:15:17"}
[DBG] {"category": "QUEUE", "component": "queue", "current_version": 0, "event": "BEGIN:queue_list_for_pop", "exact": true, "host": "d6b2a058c4be", "max_lag": 3, "pid": 193091, "queue": "preference", "rank": null, "requested": 4, "ts": "2026-10-04 16:15:18"}
[DBG] {"category": "QUEUE", "component": "queue", "event": "watchdog_armed", "host": "d6b2a058c4be", "pid": 193091, "rank": null, "stage": "queue_list_for_pop", "timeout_sec": 30.0, "ts": "2026-10-04 16:15:18"}
[DBG] {"category": "QUEUE", "component": "queue", "elapsed_sec": 0.001253, "event": "END:queue_list_for_pop", "host": "d6b2a058c4be", "pid": 193091, "rank": null, "ts": "2026-10-04 16:15:18"}
[DBG] {"available": 0, "category": "QUEUE", "component": "queue", "event": "pop_scan", "exact": true, "host": "d6b2a058c4be", "pid": 193091, "queue": "preference", "rank": null, "requested": 4, "selected": 0, "selected_keys": [], "stale": 0, "stale_keys": [], "ts": "2026-10-04 16:15:18"}
[DBG] {"available": 0, "category": "QUEUE", "component": "queue", "event": "pop_not_enough", "host": "d6b2a058c4be", "pid": 193091, "queue": "preference", "rank": null, "requested": 4, "ts": "2026-10-04 16:15:18"}
[DBG] {"category": "QUEUE", "component": "queue", "current_version": 0, "event": "BEGIN:queue_list_for_pop", "exact": true, "host": "d6b2a058c4be", "max_lag": 3, "pid": 193091, "queue": "preference", "rank": null, "requested": 4, "ts": "2026-10-04 16:15:18"}
[DBG] {"category": "QUEUE", "component": "queue", "event": "watchdog_armed", "host": "d6b2a058c4be", "pid": 193091, "rank": null, "stage": "queue_list_for_pop", "timeout_sec": 30.0, "ts": "2026-10-04 16:15:18"}
[DBG] {"category": "QUEUE", "component": "queue", "elapsed_sec": 0.000934, "event": "END:queue_list_for_pop", "host": "d6b2a058c4be", "pid": 193091, "rank": null, "ts": "2026-10-04 16:15:18"}
[DBG] {"available": 0, "category": "QUEUE", "component": "queue", "event": "pop_scan", "exact": true, "host": "d6b2a058c4be", "pid": 193091, "queue": "preference", "rank": null, "requested": 4, "selected": 0, "selected_keys": [], "stale": 0, "stale_keys": [], "ts": "2026-10-04 16:15:18"}
[DBG] {"available": 0, "category": "QUEUE", "component": "queue", "event": "pop_not_enough", "host": "d6b2a058c4be", "pid": 193091, "queue": "preference", "rank": null, "requested": 4, "ts": "2026-10-04 16:15:18"}
[DBG] {"category": "QUEUE", "component": "queue", "current_version": 0, "event": "BEGIN:queue_list_for_pop", "exact": true, "host": "d6b2a058c4be", "max_lag": 3, "pid": 193091, "queue": "preference", "rank": null, "requested": 4, "ts": "2026-10-04 16:15:19"}
[DBG] {"category": "QUEUE", "component": "queue", "event": "watchdog_armed", "host": "d6b2a058c4be", "pid": 193091, "rank": null, "stage": "queue_list_for_pop", "timeout_sec": 30.0, "ts": "2026-10-04 16:15:19"}
[DBG] {"category": "QUEUE", "component": "queue", "elapsed_sec": 0.001958, "event": "END:queue_list_for_pop", "host": "d6b2a058c4be", "pid": 193091, "rank": null, "ts": "2026-10-04 16:15:19"}
[DBG] {"available": 0, "category": "QUEUE", "component": "queue", "event": "pop_scan", "exact": true, "host": "d6b2a058c4be", "pid": 193091, "queue": "preference", "rank": null, "requested": 4, "selected": 0, "selected_keys": [], "stale": 0, "stale_keys": [], "ts": "2026-10-04 16:15:19"}
[DBG] {"available": 0, "category": "QUEUE", "component": "queue", "event": "pop_not_enough", "host": "d6b2a058c4be", "pid": 193091, "queue": "preference", "rank": null, "requested": 4, "ts": "2026-10-04 16:15:19"}
[DBG] {"category": "QUEUE", "component": "queue", "current_version": 0, "event": "BEGIN:queue_list_for_pop", "exact": true, "host": "d6b2a058c4be", "max_lag": 3, "pid": 193091, "queue": "preference", "rank": null, "requested": 4, "ts": "2026-10-04 16:15:19"}
[DBG] {"category": "QUEUE", "component": "queue", "event": "watchdog_armed", "host": "d6b2a058c4be", "pid": 193091, "rank": null, "stage": "queue_list_for_pop", "timeout_sec": 30.0, "ts": "2026-10-04 16:15:19"}
[DBG] {"category": "QUEUE", "component": "queue", "elapsed_sec": 0.001006, "event": "END:queue_list_for_pop", "host": "d6b2a058c4be", "pid": 193091, "rank": null, "ts": "2026-10-04 16:15:19"}
[DBG] {"available": 0, "category": "QUEUE", "component": "queue", "event": "pop_scan", "exact": true, "host": "d6b2a058c4be", "pid": 193091, "queue": "preference", "rank": null, "requested": 4, "selected": 0, "selected_keys": [], "stale": 0, "stale_keys": [], "ts": "2026-10-04 16:15:19"}
[DBG] {"available": 0, "category": "QUEUE", "component": "queue", "event": "pop_not_enough", "host": "d6b2a058c4be", "pid": 193091, "queue": "preference", "rank": null, "requested": 4, "ts": "2026-10-04 16:15:19"}
[DBG] {"category": "QUEUE", "component": "queue", "current_version": 0, "event": "BEGIN:queue_list_for_pop", "exact": true, "host": "d6b2a058c4be", "max_lag": 3, "pid": 193091, "queue": "preference", "rank": null, "requested": 4, "ts": "2026-10-04 16:15:20"}
[DBG] {"category": "QUEUE", "component": "queue", "event": "watchdog_armed", "host": "d6b2a058c4be", "pid": 193091, "rank": null, "stage": "queue_list_for_pop", "timeout_sec": 30.0, "ts": "2026-10-04 16:15:20"}
[DBG] {"category": "QUEUE", "component": "queue", "elapsed_sec": 0.001378, "event": "END:queue_list_for_pop", "host": "d6b2a058c4be", "pid": 193091, "rank": null, "ts": "2026-10-04 16:15:20"}
[DBG] {"available": 0, "category": "QUEUE", "component": "queue", "event": "pop_scan", "exact": true, "host": "d6b2a058c4be", "pid": 193091, "queue": "preference", "rank": null, "requested": 4, "selected": 0, "selected_keys": [], "stale": 0, "stale_keys": [], "ts": "2026-10-04 16:15:20"}
[DBG] {"available": 0, "category": "QUEUE", "component": "queue", "event": "pop_not_enough", "host": "d6b2a058c4be", "pid": 193091, "queue": "preference", "rank": null, "requested": 4, "ts": "2026-10-04 16:15:20"}
[DBG] {"category": "QUEUE", "component": "queue", "current_version": 0, "event": "BEGIN:queue_list_for_pop", "exact": true, "host": "d6b2a058c4be", "max_lag": 3, "pid": 193091, "queue": "preference", "rank": null, "requested": 4, "ts": "2026-10-04 16:15:20"}
[DBG] {"category": "QUEUE", "component": "queue", "event": "watchdog_armed", "host": "d6b2a058c4be", "pid": 193091, "rank": null, "stage": "queue_list_for_pop", "timeout_sec": 30.0, "ts": "2026-10-04 16:15:20"}
[DBG] {"category": "QUEUE", "component": "queue", "elapsed_sec": 0.001302, "event": "END:queue_list_for_pop", "host": "d6b2a058c4be", "pid": 193091, "rank": null, "ts": "2026-10-04 16:15:20"}
[DBG] {"available": 0, "category": "QUEUE", "component": "queue", "event": "pop_scan", "exact": true, "host": "d6b2a058c4be", "pid": 193091, "queue": "preference", "rank": null, "requested": 4, "selected": 0, "selected_keys": [], "stale": 0, "stale_keys": [], "ts": "2026-10-04 16:15:20"}
[DBG] {"available": 0, "category": "QUEUE", "component": "queue", "event": "pop_not_enough", "host": "d6b2a058c4be", "pid": 193091, "queue": "preference", "rank": null, "requested": 4, "ts": "2026-10-04 16:15:20"}
[DBG] {"category": "QUEUE", "component": "queue", "current_version": 0, "event": "BEGIN:queue_list_for_pop", "exact": true, "host": "d6b2a058c4be", "max_lag": 3, "pid": 193091, "queue": "preference", "rank": null, "requested": 4, "ts": "2026-10-04 16:15:21"}
[DBG] {"category": "QUEUE", "component": "queue", "event": "watchdog_armed", "host": "d6b2a058c4be", "pid": 193091, "rank": null, "stage": "queue_list_for_pop", "timeout_sec": 30.0, "ts": "2026-10-04 16:15:21"}
[DBG] {"category": "QUEUE", "component": "queue", "elapsed_sec": 0.001376, "event": "END:queue_list_for_pop", "host": "d6b2a058c4be", "pid": 193091, "rank": null, "ts": "2026-10-04 16:15:21"}
[DBG] {"available": 0, "category": "QUEUE", "component": "queue", "event": "pop_scan", "exact": true, "host": "d6b2a058c4be", "pid": 193091, "queue": "preference", "rank": null, "requested": 4, "selected": 0, "selected_keys": [], "stale": 0, "stale_keys": [], "ts": "2026-10-04 16:15:21"}
[DBG] {"available": 0, "category": "QUEUE", "component": "queue", "event": "pop_not_enough", "host": "d6b2a058c4be", "pid": 193091, "queue": "preference", "rank": null, "requested": 4, "ts": "2026-10-04 16:15:21"}
[DBG] {"category": "QUEUE", "component": "queue", "current_version": 0, "event": "BEGIN:queue_list_for_pop", "exact": true, "host": "d6b2a058c4be", "max_lag": 3, "pid": 193091, "queue": "preference", "rank": null, "requested": 4, "ts": "2026-10-04 16:15:21"}
[DBG] {"category": "QUEUE", "component": "queue", "event": "watchdog_armed", "host": "d6b2a058c4be", "pid": 193091, "rank": null, "stage": "queue_list_for_pop", "timeout_sec": 30.0, "ts": "2026-10-04 16:15:21"}
[DBG] {"category": "QUEUE", "component": "queue", "elapsed_sec": 0.001339, "event": "END:queue_list_for_pop", "host": "d6b2a058c4be", "pid": 193091, "rank": null, "ts": "2026-10-04 16:15:21"}
[DBG] {"available": 0, "category": "QUEUE", "component": "queue", "event": "pop_scan", "exact": true, "host": "d6b2a058c4be", "pid": 193091, "queue": "preference", "rank": null, "requested": 4, "selected": 0, "selected_keys": [], "stale": 0, "stale_keys": [], "ts": "2026-10-04 16:15:21"}
[DBG] {"available": 0, "category": "QUEUE", "component": "queue", "event": "pop_not_enough", "host": "d6b2a058c4be", "pid": 193091, "queue": "preference", "rank": null, "requested": 4, "ts": "2026-10-04 16:15:21"}
[DBG] {"category": "QUEUE", "component": "queue", "current_version": 0, "event": "BEGIN:queue_list_for_pop", "exact": true, "host": "d6b2a058c4be", "max_lag": 3, "pid": 193091, "queue": "preference", "rank": null, "requested": 4, "ts": "2026-10-04 16:15:22"}
[DBG] {"category": "QUEUE", "component": "queue", "event": "watchdog_armed", "host": "d6b2a058c4be", "pid": 193091, "rank": null, "stage": "queue_list_for_pop", "timeout_sec": 30.0, "ts": "2026-10-04 16:15:22"}
[DBG] {"category": "QUEUE", "component": "queue", "elapsed_sec": 0.001866, "event": "END:queue_list_for_pop", "host": "d6b2a058c4be", "pid": 193091, "rank": null, "ts": "2026-10-04 16:15:22"}
[DBG] {"available": 0, "category": "QUEUE", "component": "queue", "event": "pop_scan", "exact": true, "host": "d6b2a058c4be", "pid": 193091, "queue": "preference", "rank": null, "requested": 4, "selected": 0, "selected_keys": [], "stale": 0, "stale_keys": [], "ts": "2026-10-04 16:15:22"}
[DBG] {"available": 0, "category": "QUEUE", "component": "queue", "event": "pop_not_enough", "host": "d6b2a058c4be", "pid": 193091, "queue": "preference", "rank": null, "requested": 4, "ts": "2026-10-04 16:15:22"}
[DBG] {"category": "QUEUE", "component": "queue", "current_version": 0, "event": "BEGIN:queue_list_for_pop", "exact": true, "host": "d6b2a058c4be", "max_lag": 3, "pid": 193091, "queue": "preference", "rank": null, "requested": 4, "ts": "2026-10-04 16:15:22"}
[DBG] {"category": "QUEUE", "component": "queue", "event": "watchdog_armed", "host": "d6b2a058c4be", "pid": 193091, "rank": null, "stage": "queue_list_for_pop", "timeout_sec": 30.0, "ts": "2026-10-04 16:15:22"}
[DBG] {"category": "QUEUE", "component": "queue", "elapsed_sec": 0.002099, "event": "END:queue_list_for_pop", "host": "d6b2a058c4be", "pid": 193091, "rank": null, "ts": "2026-10-04 16:15:22"}
[DBG] {"available": 0, "category": "QUEUE", "component": "queue", "event": "pop_scan", "exact": true, "host": "d6b2a058c4be", "pid": 193091, "queue": "preference", "rank": null, "requested": 4, "selected": 0, "selected_keys": [], "stale": 0, "stale_keys": [], "ts": "2026-10-04 16:15:22"}
[DBG] {"available": 0, "category": "QUEUE", "component": "queue", "event": "pop_not_enough", "host": "d6b2a058c4be", "pid": 193091, "queue": "preference", "rank": null, "requested": 4, "ts": "2026-10-04 16:15:22"}
[DBG] {"category": "QUEUE", "component": "queue", "current_version": 0, "event": "BEGIN:queue_list_for_pop", "exact": true, "host": "d6b2a058c4be", "max_lag": 3, "pid": 193091, "queue": "preference", "rank": null, "requested": 4, "ts": "2026-10-04 16:15:23"}
[DBG] {"category": "QUEUE", "component": "queue", "event": "watchdog_armed", "host": "d6b2a058c4be", "pid": 193091, "rank": null, "stage": "queue_list_for_pop", "timeout_sec": 30.0, "ts": "2026-10-04 16:15:23"}
[DBG] {"category": "QUEUE", "component": "queue", "elapsed_sec": 0.001813, "event": "END:queue_list_for_pop", "host": "d6b2a058c4be", "pid": 193091, "rank": null, "ts": "2026-10-04 16:15:23"}
[DBG] {"available": 0, "category": "QUEUE", "component": "queue", "event": "pop_scan", "exact": true, "host": "d6b2a058c4be", "pid": 193091, "queue": "preference", "rank": null, "requested": 4, "selected": 0, "selected_keys": [], "stale": 0, "stale_keys": [], "ts": "2026-10-04 16:15:23"}
[DBG] {"available": 0, "category": "QUEUE", "component": "queue", "event": "pop_not_enough", "host": "d6b2a058c4be", "pid": 193091, "queue": "preference", "rank": null, "requested": 4, "ts": "2026-10-04 16:15:23"}
[DBG] {"category": "QUEUE", "component": "queue", "current_version": 0, "event": "BEGIN:queue_list_for_pop", "exact": true, "host": "d6b2a058c4be", "max_lag": 3, "pid": 193091, "queue": "preference", "rank": null, "requested": 4, "ts": "2026-10-04 16:15:23"}
[DBG] {"category": "QUEUE", "component": "queue", "event": "watchdog_armed", "host": "d6b2a058c4be", "pid": 193091, "rank": null, "stage": "queue_list_for_pop", "timeout_sec": 30.0, "ts": "2026-10-04 16:15:23"}
[DBG] {"category": "QUEUE", "component": "queue", "elapsed_sec": 0.002043, "event": "END:queue_list_for_pop", "host": "d6b2a058c4be", "pid": 193091, "rank": null, "ts": "2026-10-04 16:15:23"}
[DBG] {"available": 0, "category": "QUEUE", "component": "queue", "event": "pop_scan", "exact": true, "host": "d6b2a058c4be", "pid": 193091, "queue": "preference", "rank": null, "requested": 4, "selected": 0, "selected_keys": [], "stale": 0, "stale_keys": [], "ts": "2026-10-04 16:15:23"}
[DBG] {"available": 0, "category": "QUEUE", "component": "queue", "event": "pop_not_enough", "host": "d6b2a058c4be", "pid": 193091, "queue": "preference", "rank": null, "requested": 4, "ts": "2026-10-04 16:15:23"}
[DBG] {"category": "QUEUE", "component": "queue", "current_version": 0, "event": "BEGIN:queue_list_for_pop", "exact": true, "host": "d6b2a058c4be", "max_lag": 3, "pid": 193091, "queue": "preference", "rank": null, "requested": 4, "ts": "2026-10-04 16:15:24"}
[DBG] {"category": "QUEUE", "component": "queue", "event": "watchdog_armed", "host": "d6b2a058c4be", "pid": 193091, "rank": null, "stage": "queue_list_for_pop", "timeout_sec": 30.0, "ts": "2026-10-04 16:15:24"}
[DBG] {"category": "QUEUE", "component": "queue", "elapsed_sec": 0.001956, "event": "END:queue_list_for_pop", "host": "d6b2a058c4be", "pid": 193091, "rank": null, "ts": "2026-10-04 16:15:24"}
[DBG] {"available": 0, "category": "QUEUE", "component": "queue", "event": "pop_scan", "exact": true, "host": "d6b2a058c4be", "pid": 193091, "queue": "preference", "rank": null, "requested": 4, "selected": 0, "selected_keys": [], "stale": 0, "stale_keys": [], "ts": "2026-10-04 16:15:24"}
[DBG] {"available": 0, "category": "QUEUE", "component": "queue", "event": "pop_not_enough", "host": "d6b2a058c4be", "pid": 193091, "queue": "preference", "rank": null, "requested": 4, "ts": "2026-10-04 16:15:24"}
[DBG] {"category": "QUEUE", "component": "queue", "current_version": 0, "event": "BEGIN:queue_list_for_pop", "exact": true, "host": "d6b2a058c4be", "max_lag": 3, "pid": 193091, "queue": "preference", "rank": null, "requested": 4, "ts": "2026-10-04 16:15:24"}
[DBG] {"category": "QUEUE", "component": "queue", "event": "watchdog_armed", "host": "d6b2a058c4be", "pid": 193091, "rank": null, "stage": "queue_list_for_pop", "timeout_sec": 30.0, "ts": "2026-10-04 16:15:24"}
[DBG] {"category": "QUEUE", "component": "queue", "elapsed_sec": 0.001772, "event": "END:queue_list_for_pop", "host": "d6b2a058c4be", "pid": 193091, "rank": null, "ts": "2026-10-04 16:15:24"}
[DBG] {"available": 0, "category": "QUEUE", "component": "queue", "event": "pop_scan", "exact": true, "host": "d6b2a058c4be", "pid": 193091, "queue": "preference", "rank": null, "requested": 4, "selected": 0, "selected_keys": [], "stale": 0, "stale_keys": [], "ts": "2026-10-04 16:15:24"}
[DBG] {"available": 0, "category": "QUEUE", "component": "queue", "event": "pop_not_enough", "host": "d6b2a058c4be", "pid": 193091, "queue": "preference", "rank": null, "requested": 4, "ts": "2026-10-04 16:15:24"}
[DBG] {"category": "QUEUE", "component": "queue", "current_version": 0, "event": "BEGIN:queue_list_for_pop", "exact": true, "host": "d6b2a058c4be", "max_lag": 3, "pid": 193091, "queue": "preference", "rank": null, "requested": 4, "ts": "2026-10-04 16:15:25"}
[DBG] {"category": "QUEUE", "component": "queue", "event": "watchdog_armed", "host": "d6b2a058c4be", "pid": 193091, "rank": null, "stage": "queue_list_for_pop", "timeout_sec": 30.0, "ts": "2026-10-04 16:15:25"}
[DBG] {"category": "QUEUE", "component": "queue", "elapsed_sec": 0.001978, "event": "END:queue_list_for_pop", "host": "d6b2a058c4be", "pid": 193091, "rank": null, "ts": "2026-10-04 16:15:25"}
[DBG] {"available": 0, "category": "QUEUE", "component": "queue", "event": "pop_scan", "exact": true, "host": "d6b2a058c4be", "pid": 193091, "queue": "preference", "rank": null, "requested": 4, "selected": 0, "selected_keys": [], "stale": 0, "stale_keys": [], "ts": "2026-10-04 16:15:25"}
[DBG] {"available": 0, "category": "QUEUE", "component": "queue", "event": "pop_not_enough", "host": "d6b2a058c4be", "pid": 193091, "queue": "preference", "rank": null, "requested": 4, "ts": "2026-10-04 16:15:25"}
[DBG] {"category": "QUEUE", "component": "queue", "current_version": 0, "event": "BEGIN:queue_list_for_pop", "exact": true, "host": "d6b2a058c4be", "max_lag": 3, "pid": 193091, "queue": "preference", "rank": null, "requested": 4, "ts": "2026-10-04 16:15:25"}
[DBG] {"category": "QUEUE", "component": "queue", "event": "watchdog_armed", "host": "d6b2a058c4be", "pid": 193091, "rank": null, "stage": "queue_list_for_pop", "timeout_sec": 30.0, "ts": "2026-10-04 16:15:25"}
[DBG] {"category": "QUEUE", "component": "queue", "elapsed_sec": 0.002013, "event": "END:queue_list_for_pop", "host": "d6b2a058c4be", "pid": 193091, "rank": null, "ts": "2026-10-04 16:15:25"}
[DBG] {"available": 0, "category": "QUEUE", "component": "queue", "event": "pop_scan", "exact": true, "host": "d6b2a058c4be", "pid": 193091, "queue": "preference", "rank": null, "requested": 4, "selected": 0, "selected_keys": [], "stale": 0, "stale_keys": [], "ts": "2026-10-04 16:15:25"}
[DBG] {"available": 0, "category": "QUEUE", "component": "queue", "event": "pop_not_enough", "host": "d6b2a058c4be", "pid": 193091, "queue": "preference", "rank": null, "requested": 4, "ts": "2026-10-04 16:15:25"}
[DBG] {"category": "QUEUE", "component": "queue", "current_version": 0, "event": "BEGIN:queue_list_for_pop", "exact": true, "host": "d6b2a058c4be", "max_lag": 3, "pid": 193091, "queue": "preference", "rank": null, "requested": 4, "ts": "2026-10-04 16:15:26"}
[DBG] {"category": "QUEUE", "component": "queue", "event": "watchdog_armed", "host": "d6b2a058c4be", "pid": 193091, "rank": null, "stage": "queue_list_for_pop", "timeout_sec": 30.0, "ts": "2026-10-04 16:15:26"}
[DBG] {"category": "QUEUE", "component": "queue", "elapsed_sec": 0.001911, "event": "END:queue_list_for_pop", "host": "d6b2a058c4be", "pid": 193091, "rank": null, "ts": "2026-10-04 16:15:26"}
[DBG] {"available": 0, "category": "QUEUE", "component": "queue", "event": "pop_scan", "exact": true, "host": "d6b2a058c4be", "pid": 193091, "queue": "preference", "rank": null, "requested": 4, "selected": 0, "selected_keys": [], "stale": 0, "stale_keys": [], "ts": "2026-10-04 16:15:26"}
[DBG] {"available": 0, "category": "QUEUE", "component": "queue", "event": "pop_not_enough", "host": "d6b2a058c4be", "pid": 193091, "queue": "preference", "rank": null, "requested": 4, "ts": "2026-10-04 16:15:26"}
[DBG] {"category": "QUEUE", "component": "queue", "current_version": 0, "event": "BEGIN:queue_list_for_pop", "exact": true, "host": "d6b2a058c4be", "max_lag": 3, "pid": 193091, "queue": "preference", "rank": null, "requested": 4, "ts": "2026-10-04 16:15:26"}
[DBG] {"category": "QUEUE", "component": "queue", "event": "watchdog_armed", "host": "d6b2a058c4be", "pid": 193091, "rank": null, "stage": "queue_list_for_pop", "timeout_sec": 30.0, "ts": "2026-10-04 16:15:26"}
[DBG] {"category": "QUEUE", "component": "queue", "elapsed_sec": 0.001976, "event": "END:queue_list_for_pop", "host": "d6b2a058c4be", "pid": 193091, "rank": null, "ts": "2026-10-04 16:15:26"}
[DBG] {"available": 0, "category": "QUEUE", "component": "queue", "event": "pop_scan", "exact": true, "host": "d6b2a058c4be", "pid": 193091, "queue": "preference", "rank": null, "requested": 4, "selected": 0, "selected_keys": [], "stale": 0, "stale_keys": [], "ts": "2026-10-04 16:15:26"}
[DBG] {"available": 0, "category": "QUEUE", "component": "queue", "event": "pop_not_enough", "host": "d6b2a058c4be", "pid": 193091, "queue": "preference", "rank": null, "requested": 4, "ts": "2026-10-04 16:15:26"}
[DBG] {"category": "QUEUE", "component": "queue", "current_version": 0, "event": "BEGIN:queue_list_for_pop", "exact": true, "host": "d6b2a058c4be", "max_lag": 3, "pid": 193091, "queue": "preference", "rank": null, "requested": 4, "ts": "2026-10-04 16:15:27"}
[DBG] {"category": "QUEUE", "component": "queue", "event": "watchdog_armed", "host": "d6b2a058c4be", "pid": 193091, "rank": null, "stage": "queue_list_for_pop", "timeout_sec": 30.0, "ts": "2026-10-04 16:15:27"}
[DBG] {"category": "QUEUE", "component": "queue", "elapsed_sec": 0.001889, "event": "END:queue_list_for_pop", "host": "d6b2a058c4be", "pid": 193091, "rank": null, "ts": "2026-10-04 16:15:27"}
[DBG] {"available": 0, "category": "QUEUE", "component": "queue", "event": "pop_scan", "exact": true, "host": "d6b2a058c4be", "pid": 193091, "queue": "preference", "rank": null, "requested": 4, "selected": 0, "selected_keys": [], "stale": 0, "stale_keys": [], "ts": "2026-10-04 16:15:27"}
[DBG] {"available": 0, "category": "QUEUE", "component": "queue", "event": "pop_not_enough", "host": "d6b2a058c4be", "pid": 193091, "queue": "preference", "rank": null, "requested": 4, "ts": "2026-10-04 16:15:27"}
[DBG] {"category": "QUEUE", "component": "queue", "current_version": 0, "event": "BEGIN:queue_list_for_pop", "exact": true, "host": "d6b2a058c4be", "max_lag": 3, "pid": 193091, "queue": "preference", "rank": null, "requested": 4, "ts": "2026-10-04 16:15:27"}
[DBG] {"category": "QUEUE", "component": "queue", "event": "watchdog_armed", "host": "d6b2a058c4be", "pid": 193091, "rank": null, "stage": "queue_list_for_pop", "timeout_sec": 30.0, "ts": "2026-10-04 16:15:27"}
[DBG] {"category": "QUEUE", "component": "queue", "elapsed_sec": 0.001979, "event": "END:queue_list_for_pop", "host": "d6b2a058c4be", "pid": 193091, "rank": null, "ts": "2026-10-04 16:15:27"}
[DBG] {"available": 0, "category": "QUEUE", "component": "queue", "event": "pop_scan", "exact": true, "host": "d6b2a058c4be", "pid": 193091, "queue": "preference", "rank": null, "requested": 4, "selected": 0, "selected_keys": [], "stale": 0, "stale_keys": [], "ts": "2026-10-04 16:15:27"}
[DBG] {"available": 0, "category": "QUEUE", "component": "queue", "event": "pop_not_enough", "host": "d6b2a058c4be", "pid": 193091, "queue": "preference", "rank": null, "requested": 4, "ts": "2026-10-04 16:15:27"}
[DBG] {"category": "QUEUE", "component": "queue", "current_version": 0, "event": "BEGIN:queue_list_for_pop", "exact": true, "host": "d6b2a058c4be", "max_lag": 3, "pid": 193091, "queue": "preference", "rank": null, "requested": 4, "ts": "2026-10-04 16:15:28"}
[DBG] {"category": "QUEUE", "component": "queue", "event": "watchdog_armed", "host": "d6b2a058c4be", "pid": 193091, "rank": null, "stage": "queue_list_for_pop", "timeout_sec": 30.0, "ts": "2026-10-04 16:15:28"}
[DBG] {"category": "QUEUE", "component": "queue", "elapsed_sec": 0.002005, "event": "END:queue_list_for_pop", "host": "d6b2a058c4be", "pid": 193091, "rank": null, "ts": "2026-10-04 16:15:28"}
[DBG] {"available": 0, "category": "QUEUE", "component": "queue", "event": "pop_scan", "exact": true, "host": "d6b2a058c4be", "pid": 193091, "queue": "preference", "rank": null, "requested": 4, "selected": 0, "selected_keys": [], "stale": 0, "stale_keys": [], "ts": "2026-10-04 16:15:28"}
[DBG] {"available": 0, "category": "QUEUE", "component": "queue", "event": "pop_not_enough", "host": "d6b2a058c4be", "pid": 193091, "queue": "preference", "rank": null, "requested": 4, "ts": "2026-10-04 16:15:28"}
[DBG] {"category": "QUEUE", "component": "queue", "current_version": 0, "event": "BEGIN:queue_list_for_pop", "exact": true, "host": "d6b2a058c4be", "max_lag": 3, "pid": 193091, "queue": "preference", "rank": null, "requested": 4, "ts": "2026-10-04 16:15:28"}
[DBG] {"category": "QUEUE", "component": "queue", "event": "watchdog_armed", "host": "d6b2a058c4be", "pid": 193091, "rank": null, "stage": "queue_list_for_pop", "timeout_sec": 30.0, "ts": "2026-10-04 16:15:28"}
[DBG] {"category": "QUEUE", "component": "queue", "elapsed_sec": 0.001795, "event": "END:queue_list_for_pop", "host": "d6b2a058c4be", "pid": 193091, "rank": null, "ts": "2026-10-04 16:15:28"}
[DBG] {"available": 0, "category": "QUEUE", "component": "queue", "event": "pop_scan", "exact": true, "host": "d6b2a058c4be", "pid": 193091, "queue": "preference", "rank": null, "requested": 4, "selected": 0, "selected_keys": [], "stale": 0, "stale_keys": [], "ts": "2026-10-04 16:15:28"}
[DBG] {"available": 0, "category": "QUEUE", "component": "queue", "event": "pop_not_enough", "host": "d6b2a058c4be", "pid": 193091, "queue": "preference", "rank": null, "requested": 4, "ts": "2026-10-04 16:15:28"}
[DBG] {"category": "QUEUE", "component": "queue", "current_version": 0, "event": "BEGIN:queue_list_for_pop", "exact": true, "host": "d6b2a058c4be", "max_lag": 3, "pid": 193091, "queue": "preference", "rank": null, "requested": 4, "ts": "2026-10-04 16:15:29"}
[DBG] {"category": "QUEUE", "component": "queue", "event": "watchdog_armed", "host": "d6b2a058c4be", "pid": 193091, "rank": null, "stage": "queue_list_for_pop", "timeout_sec": 30.0, "ts": "2026-10-04 16:15:29"}
[DBG] {"category": "QUEUE", "component": "queue", "elapsed_sec": 0.001394, "event": "END:queue_list_for_pop", "host": "d6b2a058c4be", "pid": 193091, "rank": null, "ts": "2026-10-04 16:15:29"}
[DBG] {"available": 0, "category": "QUEUE", "component": "queue", "event": "pop_scan", "exact": true, "host": "d6b2a058c4be", "pid": 193091, "queue": "preference", "rank": null, "requested": 4, "selected": 0, "selected_keys": [], "stale": 0, "stale_keys": [], "ts": "2026-10-04 16:15:29"}
[DBG] {"available": 0, "category": "QUEUE", "component": "queue", "event": "pop_not_enough", "host": "d6b2a058c4be", "pid": 193091, "queue": "preference", "rank": null, "requested": 4, "ts": "2026-10-04 16:15:29"}
[DBG] {"category": "QUEUE", "component": "queue", "current_version": 0, "event": "BEGIN:queue_list_for_pop", "exact": true, "host": "d6b2a058c4be", "max_lag": 3, "pid": 193091, "queue": "preference", "rank": null, "requested": 4, "ts": "2026-10-04 16:15:29"}
[DBG] {"category": "QUEUE", "component": "queue", "event": "watchdog_armed", "host": "d6b2a058c4be", "pid": 193091, "rank": null, "stage": "queue_list_for_pop", "timeout_sec": 30.0, "ts": "2026-10-04 16:15:29"}
[DBG] {"category": "QUEUE", "component": "queue", "elapsed_sec": 0.001688, "event": "END:queue_list_for_pop", "host": "d6b2a058c4be", "pid": 193091, "rank": null, "ts": "2026-10-04 16:15:29"}
[DBG] {"available": 0, "category": "QUEUE", "component": "queue", "event": "pop_scan", "exact": true, "host": "d6b2a058c4be", "pid": 193091, "queue": "preference", "rank": null, "requested": 4, "selected": 0, "selected_keys": [], "stale": 0, "stale_keys": [], "ts": "2026-10-04 16:15:29"}
[DBG] {"available": 0, "category": "QUEUE", "component": "queue", "event": "pop_not_enough", "host": "d6b2a058c4be", "pid": 193091, "queue": "preference", "rank": null, "requested": 4, "ts": "2026-10-04 16:15:29"}
[DBG] {"category": "QUEUE", "component": "queue", "current_version": 0, "event": "BEGIN:queue_list_for_pop", "exact": true, "host": "d6b2a058c4be", "max_lag": 3, "pid": 193091, "queue": "preference", "rank": null, "requested": 4, "ts": "2026-10-04 16:15:30"}
[DBG] {"category": "QUEUE", "component": "queue", "event": "watchdog_armed", "host": "d6b2a058c4be", "pid": 193091, "rank": null, "stage": "queue_list_for_pop", "timeout_sec": 30.0, "ts": "2026-10-04 16:15:30"}
[DBG] {"category": "QUEUE", "component": "queue", "elapsed_sec": 0.001568, "event": "END:queue_list_for_pop", "host": "d6b2a058c4be", "pid": 193091, "rank": null, "ts": "2026-10-04 16:15:30"}
[DBG] {"available": 0, "category": "QUEUE", "component": "queue", "event": "pop_scan", "exact": true, "host": "d6b2a058c4be", "pid": 193091, "queue": "preference", "rank": null, "requested": 4, "selected": 0, "selected_keys": [], "stale": 0, "stale_keys": [], "ts": "2026-10-04 16:15:30"}
[DBG] {"available": 0, "category": "QUEUE", "component": "queue", "event": "pop_not_enough", "host": "d6b2a058c4be", "pid": 193091, "queue": "preference", "rank": null, "requested": 4, "ts": "2026-10-04 16:15:30"}
[DBG] {"category": "QUEUE", "component": "queue", "current_version": 0, "event": "BEGIN:queue_list_for_pop", "exact": true, "host": "d6b2a058c4be", "max_lag": 3, "pid": 193091, "queue": "preference", "rank": null, "requested": 4, "ts": "2026-10-04 16:15:31"}
[DBG] {"category": "QUEUE", "component": "queue", "event": "watchdog_armed", "host": "d6b2a058c4be", "pid": 193091, "rank": null, "stage": "queue_list_for_pop", "timeout_sec": 30.0, "ts": "2026-10-04 16:15:31"}
[DBG] {"category": "QUEUE", "component": "queue", "elapsed_sec": 0.001755, "event": "END:queue_list_for_pop", "host": "d6b2a058c4be", "pid": 193091, "rank": null, "ts": "2026-10-04 16:15:31"}
[DBG] {"available": 0, "category": "QUEUE", "component": "queue", "event": "pop_scan", "exact": true, "host": "d6b2a058c4be", "pid": 193091, "queue": "preference", "rank": null, "requested": 4, "selected": 0, "selected_keys": [], "stale": 0, "stale_keys": [], "ts": "2026-10-04 16:15:31"}
[DBG] {"available": 0, "category": "QUEUE", "component": "queue", "event": "pop_not_enough", "host": "d6b2a058c4be", "pid": 193091, "queue": "preference", "rank": null, "requested": 4, "ts": "2026-10-04 16:15:31"}
[DBG] {"category": "QUEUE", "component": "queue", "current_version": 0, "event": "BEGIN:queue_list_for_pop", "exact": true, "host": "d6b2a058c4be", "max_lag": 3, "pid": 193091, "queue": "preference", "rank": null, "requested": 4, "ts": "2026-10-04 16:15:31"}
[DBG] {"category": "QUEUE", "component": "queue", "event": "watchdog_armed", "host": "d6b2a058c4be", "pid": 193091, "rank": null, "stage": "queue_list_for_pop", "timeout_sec": 30.0, "ts": "2026-10-04 16:15:31"}
[DBG] {"category": "QUEUE", "component": "queue", "elapsed_sec": 0.001778, "event": "END:queue_list_for_pop", "host": "d6b2a058c4be", "pid": 193091, "rank": null, "ts": "2026-10-04 16:15:31"}
[DBG] {"available": 0, "category": "QUEUE", "component": "queue", "event": "pop_scan", "exact": true, "host": "d6b2a058c4be", "pid": 193091, "queue": "preference", "rank": null, "requested": 4, "selected": 0, "selected_keys": [], "stale": 0, "stale_keys": [], "ts": "2026-10-04 16:15:31"}
[DBG] {"available": 0, "category": "QUEUE", "component": "queue", "event": "pop_not_enough", "host": "d6b2a058c4be", "pid": 193091, "queue": "preference", "rank": null, "requested": 4, "ts": "2026-10-04 16:15:31"}
[DBG] {"category": "QUEUE", "component": "queue", "current_version": 0, "event": "BEGIN:queue_list_for_pop", "exact": true, "host": "d6b2a058c4be", "max_lag": 3, "pid": 193091, "queue": "preference", "rank": null, "requested": 4, "ts": "2026-10-04 16:15:32"}
[DBG] {"category": "QUEUE", "component": "queue", "event": "watchdog_armed", "host": "d6b2a058c4be", "pid": 193091, "rank": null, "stage": "queue_list_for_pop", "timeout_sec": 30.0, "ts": "2026-10-04 16:15:32"}
[DBG] {"category": "QUEUE", "component": "queue", "elapsed_sec": 0.001768, "event": "END:queue_list_for_pop", "host": "d6b2a058c4be", "pid": 193091, "rank": null, "ts": "2026-10-04 16:15:32"}
[DBG] {"available": 0, "category": "QUEUE", "component": "queue", "event": "pop_scan", "exact": true, "host": "d6b2a058c4be", "pid": 193091, "queue": "preference", "rank": null, "requested": 4, "selected": 0, "selected_keys": [], "stale": 0, "stale_keys": [], "ts": "2026-10-04 16:15:32"}
[DBG] {"available": 0, "category": "QUEUE", "component": "queue", "event": "pop_not_enough", "host": "d6b2a058c4be", "pid": 193091, "queue": "preference", "rank": null, "requested": 4, "ts": "2026-10-04 16:15:32"}
[DBG] {"category": "QUEUE", "component": "queue", "current_version": 0, "event": "BEGIN:queue_list_for_pop", "exact": true, "host": "d6b2a058c4be", "max_lag": 3, "pid": 193091, "queue": "preference", "rank": null, "requested": 4, "ts": "2026-10-04 16:15:32"}
[DBG] {"category": "QUEUE", "component": "queue", "event": "watchdog_armed", "host": "d6b2a058c4be", "pid": 193091, "rank": null, "stage": "queue_list_for_pop", "timeout_sec": 30.0, "ts": "2026-10-04 16:15:32"}
[DBG] {"category": "QUEUE", "component": "queue", "elapsed_sec": 0.001793, "event": "END:queue_list_for_pop", "host": "d6b2a058c4be", "pid": 193091, "rank": null, "ts": "2026-10-04 16:15:32"}
[DBG] {"available": 0, "category": "QUEUE", "component": "queue", "event": "pop_scan", "exact": true, "host": "d6b2a058c4be", "pid": 193091, "queue": "preference", "rank": null, "requested": 4, "selected": 0, "selected_keys": [], "stale": 0, "stale_keys": [], "ts": "2026-10-04 16:15:32"}
[DBG] {"available": 0, "category": "QUEUE", "component": "queue", "event": "pop_not_enough", "host": "d6b2a058c4be", "pid": 193091, "queue": "preference", "rank": null, "requested": 4, "ts": "2026-10-04 16:15:32"}
[DBG] {"category": "QUEUE", "component": "queue", "current_version": 0, "event": "BEGIN:queue_list_for_pop", "exact": true, "host": "d6b2a058c4be", "max_lag": 3, "pid": 193091, "queue": "preference", "rank": null, "requested": 4, "ts": "2026-10-04 16:15:33"}
[DBG] {"category": "QUEUE", "component": "queue", "event": "watchdog_armed", "host": "d6b2a058c4be", "pid": 193091, "rank": null, "stage": "queue_list_for_pop", "timeout_sec": 30.0, "ts": "2026-10-04 16:15:33"}
[DBG] {"category": "QUEUE", "component": "queue", "elapsed_sec": 0.001962, "event": "END:queue_list_for_pop", "host": "d6b2a058c4be", "pid": 193091, "rank": null, "ts": "2026-10-04 16:15:33"}
[DBG] {"available": 0, "category": "QUEUE", "component": "queue", "event": "pop_scan", "exact": true, "host": "d6b2a058c4be", "pid": 193091, "queue": "preference", "rank": null, "requested": 4, "selected": 0, "selected_keys": [], "stale": 0, "stale_keys": [], "ts": "2026-10-04 16:15:33"}
[DBG] {"available": 0, "category": "QUEUE", "component": "queue", "event": "pop_not_enough", "host": "d6b2a058c4be", "pid": 193091, "queue": "preference", "rank": null, "requested": 4, "ts": "2026-10-04 16:15:33"}
[DBG] {"category": "QUEUE", "component": "queue", "current_version": 0, "event": "BEGIN:queue_list_for_pop", "exact": true, "host": "d6b2a058c4be", "max_lag": 3, "pid": 193091, "queue": "preference", "rank": null, "requested": 4, "ts": "2026-10-04 16:15:33"}
[DBG] {"category": "QUEUE", "component": "queue", "event": "watchdog_armed", "host": "d6b2a058c4be", "pid": 193091, "rank": null, "stage": "queue_list_for_pop", "timeout_sec": 30.0, "ts": "2026-10-04 16:15:33"}
[DBG] {"category": "QUEUE", "component": "queue", "elapsed_sec": 0.001803, "event": "END:queue_list_for_pop", "host": "d6b2a058c4be", "pid": 193091, "rank": null, "ts": "2026-10-04 16:15:33"}
[DBG] {"available": 0, "category": "QUEUE", "component": "queue", "event": "pop_scan", "exact": true, "host": "d6b2a058c4be", "pid": 193091, "queue": "preference", "rank": null, "requested": 4, "selected": 0, "selected_keys": [], "stale": 0, "stale_keys": [], "ts": "2026-10-04 16:15:33"}
[DBG] {"available": 0, "category": "QUEUE", "component": "queue", "event": "pop_not_enough", "host": "d6b2a058c4be", "pid": 193091, "queue": "preference", "rank": null, "requested": 4, "ts": "2026-10-04 16:15:33"}
[DBG] {"category": "QUEUE", "component": "queue", "current_version": 0, "event": "BEGIN:queue_list_for_pop", "exact": true, "host": "d6b2a058c4be", "max_lag": 3, "pid": 193091, "queue": "preference", "rank": null, "requested": 4, "ts": "2026-10-04 16:15:34"}
[DBG] {"category": "QUEUE", "component": "queue", "event": "watchdog_armed", "host": "d6b2a058c4be", "pid": 193091, "rank": null, "stage": "queue_list_for_pop", "timeout_sec": 30.0, "ts": "2026-10-04 16:15:34"}
[DBG] {"category": "QUEUE", "component": "queue", "elapsed_sec": 0.001964, "event": "END:queue_list_for_pop", "host": "d6b2a058c4be", "pid": 193091, "rank": null, "ts": "2026-10-04 16:15:34"}
[DBG] {"available": 0, "category": "QUEUE", "component": "queue", "event": "pop_scan", "exact": true, "host": "d6b2a058c4be", "pid": 193091, "queue": "preference", "rank": null, "requested": 4, "selected": 0, "selected_keys": [], "stale": 0, "stale_keys": [], "ts": "2026-10-04 16:15:34"}
[DBG] {"available": 0, "category": "QUEUE", "component": "queue", "event": "pop_not_enough", "host": "d6b2a058c4be", "pid": 193091, "queue": "preference", "rank": null, "requested": 4, "ts": "2026-10-04 16:15:34"}
[DBG] {"category": "QUEUE", "component": "queue", "current_version": 0, "event": "BEGIN:queue_list_for_pop", "exact": true, "host": "d6b2a058c4be", "max_lag": 3, "pid": 193091, "queue": "preference", "rank": null, "requested": 4, "ts": "2026-10-04 16:15:34"}
[DBG] {"category": "QUEUE", "component": "queue", "event": "watchdog_armed", "host": "d6b2a058c4be", "pid": 193091, "rank": null, "stage": "queue_list_for_pop", "timeout_sec": 30.0, "ts": "2026-10-04 16:15:34"}
[DBG] {"category": "QUEUE", "component": "queue", "elapsed_sec": 0.001652, "event": "END:queue_list_for_pop", "host": "d6b2a058c4be", "pid": 193091, "rank": null, "ts": "2026-10-04 16:15:34"}
[DBG] {"available": 0, "category": "QUEUE", "component": "queue", "event": "pop_scan", "exact": true, "host": "d6b2a058c4be", "pid": 193091, "queue": "preference", "rank": null, "requested": 4, "selected": 0, "selected_keys": [], "stale": 0, "stale_keys": [], "ts": "2026-10-04 16:15:34"}
[DBG] {"available": 0, "category": "QUEUE", "component": "queue", "event": "pop_not_enough", "host": "d6b2a058c4be", "pid": 193091, "queue": "preference", "rank": null, "requested": 4, "ts": "2026-10-04 16:15:34"}
[DBG] {"category": "QUEUE", "component": "queue", "current_version": 0, "event": "BEGIN:queue_list_for_pop", "exact": true, "host": "d6b2a058c4be", "max_lag": 3, "pid": 193091, "queue": "preference", "rank": null, "requested": 4, "ts": "2026-10-04 16:15:35"}
[DBG] {"category": "QUEUE", "component": "queue", "event": "watchdog_armed", "host": "d6b2a058c4be", "pid": 193091, "rank": null, "stage": "queue_list_for_pop", "timeout_sec": 30.0, "ts": "2026-10-04 16:15:35"}
[DBG] {"category": "QUEUE", "component": "queue", "elapsed_sec": 0.001379, "event": "END:queue_list_for_pop", "host": "d6b2a058c4be", "pid": 193091, "rank": null, "ts": "2026-10-04 16:15:35"}
[DBG] {"available": 0, "category": "QUEUE", "component": "queue", "event": "pop_scan", "exact": true, "host": "d6b2a058c4be", "pid": 193091, "queue": "preference", "rank": null, "requested": 4, "selected": 0, "selected_keys": [], "stale": 0, "stale_keys": [], "ts": "2026-10-04 16:15:35"}
[DBG] {"available": 0, "category": "QUEUE", "component": "queue", "event": "pop_not_enough", "host": "d6b2a058c4be", "pid": 193091, "queue": "preference", "rank": null, "requested": 4, "ts": "2026-10-04 16:15:35"}
[DBG] {"category": "QUEUE", "component": "queue", "current_version": 0, "event": "BEGIN:queue_list_for_pop", "exact": true, "host": "d6b2a058c4be", "max_lag": 3, "pid": 193091, "queue": "preference", "rank": null, "requested": 4, "ts": "2026-10-04 16:15:35"}
[DBG] {"category": "QUEUE", "component": "queue", "event": "watchdog_armed", "host": "d6b2a058c4be", "pid": 193091, "rank": null, "stage": "queue_list_for_pop", "timeout_sec": 30.0, "ts": "2026-10-04 16:15:35"}
[DBG] {"category": "QUEUE", "component": "queue", "elapsed_sec": 0.001912, "event": "END:queue_list_for_pop", "host": "d6b2a058c4be", "pid": 193091, "rank": null, "ts": "2026-10-04 16:15:35"}
[DBG] {"available": 0, "category": "QUEUE", "component": "queue", "event": "pop_scan", "exact": true, "host": "d6b2a058c4be", "pid": 193091, "queue": "preference", "rank": null, "requested": 4, "selected": 0, "selected_keys": [], "stale": 0, "stale_keys": [], "ts": "2026-10-04 16:15:35"}
[DBG] {"available": 0, "category": "QUEUE", "component": "queue", "event": "pop_not_enough", "host": "d6b2a058c4be", "pid": 193091, "queue": "preference", "rank": null, "requested": 4, "ts": "2026-10-04 16:15:35"}
[DBG] {"category": "QUEUE", "component": "queue", "current_version": 0, "event": "BEGIN:queue_list_for_pop", "exact": true, "host": "d6b2a058c4be", "max_lag": 3, "pid": 193091, "queue": "preference", "rank": null, "requested": 4, "ts": "2026-10-04 16:15:36"}
[DBG] {"category": "QUEUE", "component": "queue", "event": "watchdog_armed", "host": "d6b2a058c4be", "pid": 193091, "rank": null, "stage": "queue_list_for_pop", "timeout_sec": 30.0, "ts": "2026-10-04 16:15:36"}
[DBG] {"category": "QUEUE", "component": "queue", "elapsed_sec": 0.0018, "event": "END:queue_list_for_pop", "host": "d6b2a058c4be", "pid": 193091, "rank": null, "ts": "2026-10-04 16:15:36"}
[DBG] {"available": 0, "category": "QUEUE", "component": "queue", "event": "pop_scan", "exact": true, "host": "d6b2a058c4be", "pid": 193091, "queue": "preference", "rank": null, "requested": 4, "selected": 0, "selected_keys": [], "stale": 0, "stale_keys": [], "ts": "2026-10-04 16:15:36"}
[DBG] {"available": 0, "category": "QUEUE", "component": "queue", "event": "pop_not_enough", "host": "d6b2a058c4be", "pid": 193091, "queue": "preference", "rank": null, "requested": 4, "ts": "2026-10-04 16:15:36"}
[DBG] {"category": "QUEUE", "component": "queue", "current_version": 0, "event": "BEGIN:queue_list_for_pop", "exact": true, "host": "d6b2a058c4be", "max_lag": 3, "pid": 193091, "queue": "preference", "rank": null, "requested": 4, "ts": "2026-10-04 16:15:36"}
[DBG] {"category": "QUEUE", "component": "queue", "event": "watchdog_armed", "host": "d6b2a058c4be", "pid": 193091, "rank": null, "stage": "queue_list_for_pop", "timeout_sec": 30.0, "ts": "2026-10-04 16:15:36"}
[DBG] {"category": "QUEUE", "component": "queue", "elapsed_sec": 0.001774, "event": "END:queue_list_for_pop", "host": "d6b2a058c4be", "pid": 193091, "rank": null, "ts": "2026-10-04 16:15:36"}
[DBG] {"available": 0, "category": "QUEUE", "component": "queue", "event": "pop_scan", "exact": true, "host": "d6b2a058c4be", "pid": 193091, "queue": "preference", "rank": null, "requested": 4, "selected": 0, "selected_keys": [], "stale": 0, "stale_keys": [], "ts": "2026-10-04 16:15:36"}
[DBG] {"available": 0, "category": "QUEUE", "component": "queue", "event": "pop_not_enough", "host": "d6b2a058c4be", "pid": 193091, "queue": "preference", "rank": null, "requested": 4, "ts": "2026-10-04 16:15:36"}
[DBG] {"category": "QUEUE", "component": "queue", "current_version": 0, "event": "BEGIN:queue_list_for_pop", "exact": true, "host": "d6b2a058c4be", "max_lag": 3, "pid": 193091, "queue": "preference", "rank": null, "requested": 4, "ts": "2026-10-04 16:15:37"}
[DBG] {"category": "QUEUE", "component": "queue", "event": "watchdog_armed", "host": "d6b2a058c4be", "pid": 193091, "rank": null, "stage": "queue_list_for_pop", "timeout_sec": 30.0, "ts": "2026-10-04 16:15:37"}
[DBG] {"category": "QUEUE", "component": "queue", "elapsed_sec": 0.001479, "event": "END:queue_list_for_pop", "host": "d6b2a058c4be", "pid": 193091, "rank": null, "ts": "2026-10-04 16:15:37"}
[DBG] {"available": 0, "category": "QUEUE", "component": "queue", "event": "pop_scan", "exact": true, "host": "d6b2a058c4be", "pid": 193091, "queue": "preference", "rank": null, "requested": 4, "selected": 0, "selected_keys": [], "stale": 0, "stale_keys": [], "ts": "2026-10-04 16:15:37"}
[DBG] {"available": 0, "category": "QUEUE", "component": "queue", "event": "pop_not_enough", "host": "d6b2a058c4be", "pid": 193091, "queue": "preference", "rank": null, "requested": 4, "ts": "2026-10-04 16:15:37"}
[DBG] {"category": "QUEUE", "component": "queue", "current_version": 0, "event": "BEGIN:queue_list_for_pop", "exact": true, "host": "d6b2a058c4be", "max_lag": 3, "pid": 193091, "queue": "preference", "rank": null, "requested": 4, "ts": "2026-10-04 16:15:37"}
[DBG] {"category": "QUEUE", "component": "queue", "event": "watchdog_armed", "host": "d6b2a058c4be", "pid": 193091, "rank": null, "stage": "queue_list_for_pop", "timeout_sec": 30.0, "ts": "2026-10-04 16:15:37"}
[DBG] {"category": "QUEUE", "component": "queue", "elapsed_sec": 0.001586, "event": "END:queue_list_for_pop", "host": "d6b2a058c4be", "pid": 193091, "rank": null, "ts": "2026-10-04 16:15:37"}
[DBG] {"available": 0, "category": "QUEUE", "component": "queue", "event": "pop_scan", "exact": true, "host": "d6b2a058c4be", "pid": 193091, "queue": "preference", "rank": null, "requested": 4, "selected": 0, "selected_keys": [], "stale": 0, "stale_keys": [], "ts": "2026-10-04 16:15:37"}
[DBG] {"available": 0, "category": "QUEUE", "component": "queue", "event": "pop_not_enough", "host": "d6b2a058c4be", "pid": 193091, "queue": "preference", "rank": null, "requested": 4, "ts": "2026-10-04 16:15:37"}
[DBG] {"category": "QUEUE", "component": "queue", "current_version": 0, "event": "BEGIN:queue_list_for_pop", "exact": true, "host": "d6b2a058c4be", "max_lag": 3, "pid": 193091, "queue": "preference", "rank": null, "requested": 4, "ts": "2026-10-04 16:15:38"}
[DBG] {"category": "QUEUE", "component": "queue", "event": "watchdog_armed", "host": "d6b2a058c4be", "pid": 193091, "rank": null, "stage": "queue_list_for_pop", "timeout_sec": 30.0, "ts": "2026-10-04 16:15:38"}
[DBG] {"category": "QUEUE", "component": "queue", "elapsed_sec": 0.00177, "event": "END:queue_list_for_pop", "host": "d6b2a058c4be", "pid": 193091, "rank": null, "ts": "2026-10-04 16:15:38"}
[DBG] {"available": 0, "category": "QUEUE", "component": "queue", "event": "pop_scan", "exact": true, "host": "d6b2a058c4be", "pid": 193091, "queue": "preference", "rank": null, "requested": 4, "selected": 0, "selected_keys": [], "stale": 0, "stale_keys": [], "ts": "2026-10-04 16:15:38"}
[DBG] {"available": 0, "category": "QUEUE", "component": "queue", "event": "pop_not_enough", "host": "d6b2a058c4be", "pid": 193091, "queue": "preference", "rank": null, "requested": 4, "ts": "2026-10-04 16:15:38"}
[DBG] {"category": "QUEUE", "component": "queue", "current_version": 0, "event": "BEGIN:queue_list_for_pop", "exact": true, "host": "d6b2a058c4be", "max_lag": 3, "pid": 193091, "queue": "preference", "rank": null, "requested": 4, "ts": "2026-10-04 16:15:38"}
[DBG] {"category": "QUEUE", "component": "queue", "event": "watchdog_armed", "host": "d6b2a058c4be", "pid": 193091, "rank": null, "stage": "queue_list_for_pop", "timeout_sec": 30.0, "ts": "2026-10-04 16:15:38"}
[DBG] {"category": "QUEUE", "component": "queue", "elapsed_sec": 0.001658, "event": "END:queue_list_for_pop", "host": "d6b2a058c4be", "pid": 193091, "rank": null, "ts": "2026-10-04 16:15:38"}
[DBG] {"available": 0, "category": "QUEUE", "component": "queue", "event": "pop_scan", "exact": true, "host": "d6b2a058c4be", "pid": 193091, "queue": "preference", "rank": null, "requested": 4, "selected": 0, "selected_keys": [], "stale": 0, "stale_keys": [], "ts": "2026-10-04 16:15:38"}
[DBG] {"available": 0, "category": "QUEUE", "component": "queue", "event": "pop_not_enough", "host": "d6b2a058c4be", "pid": 193091, "queue": "preference", "rank": null, "requested": 4, "ts": "2026-10-04 16:15:38"}
[DBG] {"category": "QUEUE", "component": "queue", "current_version": 0, "event": "BEGIN:queue_list_for_pop", "exact": true, "host": "d6b2a058c4be", "max_lag": 3, "pid": 193091, "queue": "preference", "rank": null, "requested": 4, "ts": "2026-10-04 16:15:39"}
[DBG] {"category": "QUEUE", "component": "queue", "event": "watchdog_armed", "host": "d6b2a058c4be", "pid": 193091, "rank": null, "stage": "queue_list_for_pop", "timeout_sec": 30.0, "ts": "2026-10-04 16:15:39"}
[DBG] {"category": "QUEUE", "component": "queue", "elapsed_sec": 0.001965, "event": "END:queue_list_for_pop", "host": "d6b2a058c4be", "pid": 193091, "rank": null, "ts": "2026-10-04 16:15:39"}
[DBG] {"available": 0, "category": "QUEUE", "component": "queue", "event": "pop_scan", "exact": true, "host": "d6b2a058c4be", "pid": 193091, "queue": "preference", "rank": null, "requested": 4, "selected": 0, "selected_keys": [], "stale": 0, "stale_keys": [], "ts": "2026-10-04 16:15:39"}
[DBG] {"available": 0, "category": "QUEUE", "component": "queue", "event": "pop_not_enough", "host": "d6b2a058c4be", "pid": 193091, "queue": "preference", "rank": null, "requested": 4, "ts": "2026-10-04 16:15:39"}
[DBG] {"category": "QUEUE", "component": "queue", "current_version": 0, "event": "BEGIN:queue_list_for_pop", "exact": true, "host": "d6b2a058c4be", "max_lag": 3, "pid": 193091, "queue": "preference", "rank": null, "requested": 4, "ts": "2026-10-04 16:15:39"}
[DBG] {"category": "QUEUE", "component": "queue", "event": "watchdog_armed", "host": "d6b2a058c4be", "pid": 193091, "rank": null, "stage": "queue_list_for_pop", "timeout_sec": 30.0, "ts": "2026-10-04 16:15:39"}
[DBG] {"category": "QUEUE", "component": "queue", "elapsed_sec": 0.001659, "event": "END:queue_list_for_pop", "host": "d6b2a058c4be", "pid": 193091, "rank": null, "ts": "2026-10-04 16:15:39"}
[DBG] {"available": 0, "category": "QUEUE", "component": "queue", "event": "pop_scan", "exact": true, "host": "d6b2a058c4be", "pid": 193091, "queue": "preference", "rank": null, "requested": 4, "selected": 0, "selected_keys": [], "stale": 0, "stale_keys": [], "ts": "2026-10-04 16:15:39"}
[DBG] {"available": 0, "category": "QUEUE", "component": "queue", "event": "pop_not_enough", "host": "d6b2a058c4be", "pid": 193091, "queue": "preference", "rank": null, "requested": 4, "ts": "2026-10-04 16:15:39"}
[DBG] {"category": "QUEUE", "component": "queue", "current_version": 0, "event": "BEGIN:queue_list_for_pop", "exact": true, "host": "d6b2a058c4be", "max_lag": 3, "pid": 193091, "queue": "preference", "rank": null, "requested": 4, "ts": "2026-10-04 16:15:40"}
[DBG] {"category": "QUEUE", "component": "queue", "event": "watchdog_armed", "host": "d6b2a058c4be", "pid": 193091, "rank": null, "stage": "queue_list_for_pop", "timeout_sec": 30.0, "ts": "2026-10-04 16:15:40"}
[DBG] {"category": "QUEUE", "component": "queue", "elapsed_sec": 0.00178, "event": "END:queue_list_for_pop", "host": "d6b2a058c4be", "pid": 193091, "rank": null, "ts": "2026-10-04 16:15:40"}
[DBG] {"available": 0, "category": "QUEUE", "component": "queue", "event": "pop_scan", "exact": true, "host": "d6b2a058c4be", "pid": 193091, "queue": "preference", "rank": null, "requested": 4, "selected": 0, "selected_keys": [], "stale": 0, "stale_keys": [], "ts": "2026-10-04 16:15:40"}
[DBG] {"available": 0, "category": "QUEUE", "component": "queue", "event": "pop_not_enough", "host": "d6b2a058c4be", "pid": 193091, "queue": "preference", "rank": null, "requested": 4, "ts": "2026-10-04 16:15:40"}
[DBG] {"category": "QUEUE", "component": "queue", "current_version": 0, "event": "BEGIN:queue_list_for_pop", "exact": true, "host": "d6b2a058c4be", "max_lag": 3, "pid": 193091, "queue": "preference", "rank": null, "requested": 4, "ts": "2026-10-04 16:15:40"}
[DBG] {"category": "QUEUE", "component": "queue", "event": "watchdog_armed", "host": "d6b2a058c4be", "pid": 193091, "rank": null, "stage": "queue_list_for_pop", "timeout_sec": 30.0, "ts": "2026-10-04 16:15:40"}
[DBG] {"category": "QUEUE", "component": "queue", "elapsed_sec": 0.001736, "event": "END:queue_list_for_pop", "host": "d6b2a058c4be", "pid": 193091, "rank": null, "ts": "2026-10-04 16:15:40"}
[DBG] {"available": 0, "category": "QUEUE", "component": "queue", "event": "pop_scan", "exact": true, "host": "d6b2a058c4be", "pid": 193091, "queue": "preference", "rank": null, "requested": 4, "selected": 0, "selected_keys": [], "stale": 0, "stale_keys": [], "ts": "2026-10-04 16:15:40"}
[DBG] {"available": 0, "category": "QUEUE", "component": "queue", "event": "pop_not_enough", "host": "d6b2a058c4be", "pid": 193091, "queue": "preference", "rank": null, "requested": 4, "ts": "2026-10-04 16:15:40"}
[DBG] {"category": "QUEUE", "component": "queue", "current_version": 0, "event": "BEGIN:queue_list_for_pop", "exact": true, "host": "d6b2a058c4be", "max_lag": 3, "pid": 193091, "queue": "preference", "rank": null, "requested": 4, "ts": "2026-10-04 16:15:41"}
[DBG] {"category": "QUEUE", "component": "queue", "event": "watchdog_armed", "host": "d6b2a058c4be", "pid": 193091, "rank": null, "stage": "queue_list_for_pop", "timeout_sec": 30.0, "ts": "2026-10-04 16:15:41"}
[DBG] {"category": "QUEUE", "component": "queue", "elapsed_sec": 0.001656, "event": "END:queue_list_for_pop", "host": "d6b2a058c4be", "pid": 193091, "rank": null, "ts": "2026-10-04 16:15:41"}
[DBG] {"available": 0, "category": "QUEUE", "component": "queue", "event": "pop_scan", "exact": true, "host": "d6b2a058c4be", "pid": 193091, "queue": "preference", "rank": null, "requested": 4, "selected": 0, "selected_keys": [], "stale": 0, "stale_keys": [], "ts": "2026-10-04 16:15:41"}
[DBG] {"available": 0, "category": "QUEUE", "component": "queue", "event": "pop_not_enough", "host": "d6b2a058c4be", "pid": 193091, "queue": "preference", "rank": null, "requested": 4, "ts": "2026-10-04 16:15:41"}
[DBG] {"category": "QUEUE", "component": "queue", "current_version": 0, "event": "BEGIN:queue_list_for_pop", "exact": true, "host": "d6b2a058c4be", "max_lag": 3, "pid": 193091, "queue": "preference", "rank": null, "requested": 4, "ts": "2026-10-04 16:15:41"}
[DBG] {"category": "QUEUE", "component": "queue", "event": "watchdog_armed", "host": "d6b2a058c4be", "pid": 193091, "rank": null, "stage": "queue_list_for_pop", "timeout_sec": 30.0, "ts": "2026-10-04 16:15:41"}
[DBG] {"category": "QUEUE", "component": "queue", "elapsed_sec": 0.001716, "event": "END:queue_list_for_pop", "host": "d6b2a058c4be", "pid": 193091, "rank": null, "ts": "2026-10-04 16:15:41"}
[DBG] {"available": 0, "category": "QUEUE", "component": "queue", "event": "pop_scan", "exact": true, "host": "d6b2a058c4be", "pid": 193091, "queue": "preference", "rank": null, "requested": 4, "selected": 0, "selected_keys": [], "stale": 0, "stale_keys": [], "ts": "2026-10-04 16:15:41"}
[DBG] {"available": 0, "category": "QUEUE", "component": "queue", "event": "pop_not_enough", "host": "d6b2a058c4be", "pid": 193091, "queue": "preference", "rank": null, "requested": 4, "ts": "2026-10-04 16:15:41"}
[DBG] {"category": "QUEUE", "component": "queue", "current_version": 0, "event": "BEGIN:queue_list_for_pop", "exact": true, "host": "d6b2a058c4be", "max_lag": 3, "pid": 193091, "queue": "preference", "rank": null, "requested": 4, "ts": "2026-10-04 16:15:42"}
[DBG] {"category": "QUEUE", "component": "queue", "event": "watchdog_armed", "host": "d6b2a058c4be", "pid": 193091, "rank": null, "stage": "queue_list_for_pop", "timeout_sec": 30.0, "ts": "2026-10-04 16:15:42"}
[DBG] {"category": "QUEUE", "component": "queue", "elapsed_sec": 0.001753, "event": "END:queue_list_for_pop", "host": "d6b2a058c4be", "pid": 193091, "rank": null, "ts": "2026-10-04 16:15:42"}
[DBG] {"available": 0, "category": "QUEUE", "component": "queue", "event": "pop_scan", "exact": true, "host": "d6b2a058c4be", "pid": 193091, "queue": "preference", "rank": null, "requested": 4, "selected": 0, "selected_keys": [], "stale": 0, "stale_keys": [], "ts": "2026-10-04 16:15:42"}
[DBG] {"available": 0, "category": "QUEUE", "component": "queue", "event": "pop_not_enough", "host": "d6b2a058c4be", "pid": 193091, "queue": "preference", "rank": null, "requested": 4, "ts": "2026-10-04 16:15:42"}
[DBG] {"category": "QUEUE", "component": "queue", "current_version": 0, "event": "BEGIN:queue_list_for_pop", "exact": true, "host": "d6b2a058c4be", "max_lag": 3, "pid": 193091, "queue": "preference", "rank": null, "requested": 4, "ts": "2026-10-04 16:15:43"}
[DBG] {"category": "QUEUE", "component": "queue", "event": "watchdog_armed", "host": "d6b2a058c4be", "pid": 193091, "rank": null, "stage": "queue_list_for_pop", "timeout_sec": 30.0, "ts": "2026-10-04 16:15:43"}
[DBG] {"category": "QUEUE", "component": "queue", "elapsed_sec": 0.001598, "event": "END:queue_list_for_pop", "host": "d6b2a058c4be", "pid": 193091, "rank": null, "ts": "2026-10-04 16:15:43"}
[DBG] {"available": 0, "category": "QUEUE", "component": "queue", "event": "pop_scan", "exact": true, "host": "d6b2a058c4be", "pid": 193091, "queue": "preference", "rank": null, "requested": 4, "selected": 0, "selected_keys": [], "stale": 0, "stale_keys": [], "ts": "2026-10-04 16:15:43"}
[DBG] {"available": 0, "category": "QUEUE", "component": "queue", "event": "pop_not_enough", "host": "d6b2a058c4be", "pid": 193091, "queue": "preference", "rank": null, "requested": 4, "ts": "2026-10-04 16:15:43"}
[DBG] {"category": "QUEUE", "component": "queue", "current_version": 0, "event": "BEGIN:queue_list_for_pop", "exact": true, "host": "d6b2a058c4be", "max_lag": 3, "pid": 193091, "queue": "preference", "rank": null, "requested": 4, "ts": "2026-10-04 16:15:43"}
[DBG] {"category": "QUEUE", "component": "queue", "event": "watchdog_armed", "host": "d6b2a058c4be", "pid": 193091, "rank": null, "stage": "queue_list_for_pop", "timeout_sec": 30.0, "ts": "2026-10-04 16:15:43"}
[DBG] {"category": "QUEUE", "component": "queue", "elapsed_sec": 0.00184, "event": "END:queue_list_for_pop", "host": "d6b2a058c4be", "pid": 193091, "rank": null, "ts": "2026-10-04 16:15:43"}
[DBG] {"available": 0, "category": "QUEUE", "component": "queue", "event": "pop_scan", "exact": true, "host": "d6b2a058c4be", "pid": 193091, "queue": "preference", "rank": null, "requested": 4, "selected": 0, "selected_keys": [], "stale": 0, "stale_keys": [], "ts": "2026-10-04 16:15:43"}
[DBG] {"available": 0, "category": "QUEUE", "component": "queue", "event": "pop_not_enough", "host": "d6b2a058c4be", "pid": 193091, "queue": "preference", "rank": null, "requested": 4, "ts": "2026-10-04 16:15:43"}
[DBG] {"category": "QUEUE", "component": "queue", "current_version": 0, "event": "BEGIN:queue_list_for_pop", "exact": true, "host": "d6b2a058c4be", "max_lag": 3, "pid": 193091, "queue": "preference", "rank": null, "requested": 4, "ts": "2026-10-04 16:15:44"}
[DBG] {"category": "QUEUE", "component": "queue", "event": "watchdog_armed", "host": "d6b2a058c4be", "pid": 193091, "rank": null, "stage": "queue_list_for_pop", "timeout_sec": 30.0, "ts": "2026-10-04 16:15:44"}
[DBG] {"category": "QUEUE", "component": "queue", "elapsed_sec": 0.001787, "event": "END:queue_list_for_pop", "host": "d6b2a058c4be", "pid": 193091, "rank": null, "ts": "2026-10-04 16:15:44"}
[DBG] {"available": 0, "category": "QUEUE", "component": "queue", "event": "pop_scan", "exact": true, "host": "d6b2a058c4be", "pid": 193091, "queue": "preference", "rank": null, "requested": 4, "selected": 0, "selected_keys": [], "stale": 0, "stale_keys": [], "ts": "2026-10-04 16:15:44"}
[DBG] {"available": 0, "category": "QUEUE", "component": "queue", "event": "pop_not_enough", "host": "d6b2a058c4be", "pid": 193091, "queue": "preference", "rank": null, "requested": 4, "ts": "2026-10-04 16:15:44"}
[DBG] {"category": "QUEUE", "component": "queue", "current_version": 0, "event": "BEGIN:queue_list_for_pop", "exact": true, "host": "d6b2a058c4be", "max_lag": 3, "pid": 193091, "queue": "preference", "rank": null, "requested": 4, "ts": "2026-10-04 16:15:44"}
[DBG] {"category": "QUEUE", "component": "queue", "event": "watchdog_armed", "host": "d6b2a058c4be", "pid": 193091, "rank": null, "stage": "queue_list_for_pop", "timeout_sec": 30.0, "ts": "2026-10-04 16:15:44"}
[DBG] {"category": "QUEUE", "component": "queue", "elapsed_sec": 0.001781, "event": "END:queue_list_for_pop", "host": "d6b2a058c4be", "pid": 193091, "rank": null, "ts": "2026-10-04 16:15:44"}
[DBG] {"available": 0, "category": "QUEUE", "component": "queue", "event": "pop_scan", "exact": true, "host": "d6b2a058c4be", "pid": 193091, "queue": "preference", "rank": null, "requested": 4, "selected": 0, "selected_keys": [], "stale": 0, "stale_keys": [], "ts": "2026-10-04 16:15:44"}
[DBG] {"available": 0, "category": "QUEUE", "component": "queue", "event": "pop_not_enough", "host": "d6b2a058c4be", "pid": 193091, "queue": "preference", "rank": null, "requested": 4, "ts": "2026-10-04 16:15:44"}
[DBG] {"category": "QUEUE", "component": "queue", "current_version": 0, "event": "BEGIN:queue_list_for_pop", "exact": true, "host": "d6b2a058c4be", "max_lag": 3, "pid": 193091, "queue": "preference", "rank": null, "requested": 4, "ts": "2026-10-04 16:15:45"}
[DBG] {"category": "QUEUE", "component": "queue", "event": "watchdog_armed", "host": "d6b2a058c4be", "pid": 193091, "rank": null, "stage": "queue_list_for_pop", "timeout_sec": 30.0, "ts": "2026-10-04 16:15:45"}
[DBG] {"category": "QUEUE", "component": "queue", "elapsed_sec": 0.001774, "event": "END:queue_list_for_pop", "host": "d6b2a058c4be", "pid": 193091, "rank": null, "ts": "2026-10-04 16:15:45"}
[DBG] {"available": 0, "category": "QUEUE", "component": "queue", "event": "pop_scan", "exact": true, "host": "d6b2a058c4be", "pid": 193091, "queue": "preference", "rank": null, "requested": 4, "selected": 0, "selected_keys": [], "stale": 0, "stale_keys": [], "ts": "2026-10-04 16:15:45"}
[DBG] {"available": 0, "category": "QUEUE", "component": "queue", "event": "pop_not_enough", "host": "d6b2a058c4be", "pid": 193091, "queue": "preference", "rank": null, "requested": 4, "ts": "2026-10-04 16:15:45"}
[DBG] {"category": "QUEUE", "component": "queue", "current_version": 0, "event": "BEGIN:queue_list_for_pop", "exact": true, "host": "d6b2a058c4be", "max_lag": 3, "pid": 193091, "queue": "preference", "rank": null, "requested": 4, "ts": "2026-10-04 16:15:45"}
[DBG] {"category": "QUEUE", "component": "queue", "event": "watchdog_armed", "host": "d6b2a058c4be", "pid": 193091, "rank": null, "stage": "queue_list_for_pop", "timeout_sec": 30.0, "ts": "2026-10-04 16:15:45"}
[DBG] {"category": "QUEUE", "component": "queue", "elapsed_sec": 0.001751, "event": "END:queue_list_for_pop", "host": "d6b2a058c4be", "pid": 193091, "rank": null, "ts": "2026-10-04 16:15:45"}
[DBG] {"available": 0, "category": "QUEUE", "component": "queue", "event": "pop_scan", "exact": true, "host": "d6b2a058c4be", "pid": 193091, "queue": "preference", "rank": null, "requested": 4, "selected": 0, "selected_keys": [], "stale": 0, "stale_keys": [], "ts": "2026-10-04 16:15:45"}
[DBG] {"available": 0, "category": "QUEUE", "component": "queue", "event": "pop_not_enough", "host": "d6b2a058c4be", "pid": 193091, "queue": "preference", "rank": null, "requested": 4, "ts": "2026-10-04 16:15:45"}
[DBG] {"category": "QUEUE", "component": "queue", "current_version": 0, "event": "BEGIN:queue_list_for_pop", "exact": true, "host": "d6b2a058c4be", "max_lag": 3, "pid": 193091, "queue": "preference", "rank": null, "requested": 4, "ts": "2026-10-04 16:15:46"}
[DBG] {"category": "QUEUE", "component": "queue", "event": "watchdog_armed", "host": "d6b2a058c4be", "pid": 193091, "rank": null, "stage": "queue_list_for_pop", "timeout_sec": 30.0, "ts": "2026-10-04 16:15:46"}
[DBG] {"category": "QUEUE", "component": "queue", "elapsed_sec": 0.001764, "event": "END:queue_list_for_pop", "host": "d6b2a058c4be", "pid": 193091, "rank": null, "ts": "2026-10-04 16:15:46"}
[DBG] {"available": 0, "category": "QUEUE", "component": "queue", "event": "pop_scan", "exact": true, "host": "d6b2a058c4be", "pid": 193091, "queue": "preference", "rank": null, "requested": 4, "selected": 0, "selected_keys": [], "stale": 0, "stale_keys": [], "ts": "2026-10-04 16:15:46"}
[DBG] {"available": 0, "category": "QUEUE", "component": "queue", "event": "pop_not_enough", "host": "d6b2a058c4be", "pid": 193091, "queue": "preference", "rank": null, "requested": 4, "ts": "2026-10-04 16:15:46"}
[DBG] {"category": "QUEUE", "component": "queue", "current_version": 0, "event": "BEGIN:queue_list_for_pop", "exact": true, "host": "d6b2a058c4be", "max_lag": 3, "pid": 193091, "queue": "preference", "rank": null, "requested": 4, "ts": "2026-10-04 16:15:46"}
[DBG] {"category": "QUEUE", "component": "queue", "event": "watchdog_armed", "host": "d6b2a058c4be", "pid": 193091, "rank": null, "stage": "queue_list_for_pop", "timeout_sec": 30.0, "ts": "2026-10-04 16:15:46"}
[DBG] {"category": "QUEUE", "component": "queue", "elapsed_sec": 0.001809, "event": "END:queue_list_for_pop", "host": "d6b2a058c4be", "pid": 193091, "rank": null, "ts": "2026-10-04 16:15:46"}
[DBG] {"available": 0, "category": "QUEUE", "component": "queue", "event": "pop_scan", "exact": true, "host": "d6b2a058c4be", "pid": 193091, "queue": "preference", "rank": null, "requested": 4, "selected": 0, "selected_keys": [], "stale": 0, "stale_keys": [], "ts": "2026-10-04 16:15:46"}
[DBG] {"available": 0, "category": "QUEUE", "component": "queue", "event": "pop_not_enough", "host": "d6b2a058c4be", "pid": 193091, "queue": "preference", "rank": null, "requested": 4, "ts": "2026-10-04 16:15:46"}
[DBG] {"category": "QUEUE", "component": "queue", "current_version": 0, "event": "BEGIN:queue_list_for_pop", "exact": true, "host": "d6b2a058c4be", "max_lag": 3, "pid": 193091, "queue": "preference", "rank": null, "requested": 4, "ts": "2026-10-04 16:15:47"}
[DBG] {"category": "QUEUE", "component": "queue", "event": "watchdog_armed", "host": "d6b2a058c4be", "pid": 193091, "rank": null, "stage": "queue_list_for_pop", "timeout_sec": 30.0, "ts": "2026-10-04 16:15:47"}
[DBG] {"category": "QUEUE", "component": "queue", "elapsed_sec": 0.001928, "event": "END:queue_list_for_pop", "host": "d6b2a058c4be", "pid": 193091, "rank": null, "ts": "2026-10-04 16:15:47"}
[DBG] {"available": 0, "category": "QUEUE", "component": "queue", "event": "pop_scan", "exact": true, "host": "d6b2a058c4be", "pid": 193091, "queue": "preference", "rank": null, "requested": 4, "selected": 0, "selected_keys": [], "stale": 0, "stale_keys": [], "ts": "2026-10-04 16:15:47"}
[DBG] {"available": 0, "category": "QUEUE", "component": "queue", "event": "pop_not_enough", "host": "d6b2a058c4be", "pid": 193091, "queue": "preference", "rank": null, "requested": 4, "ts": "2026-10-04 16:15:47"}
[DBG] {"category": "QUEUE", "component": "queue", "current_version": 0, "event": "BEGIN:queue_list_for_pop", "exact": true, "host": "d6b2a058c4be", "max_lag": 3, "pid": 193091, "queue": "preference", "rank": null, "requested": 4, "ts": "2026-10-04 16:15:47"}
[DBG] {"category": "QUEUE", "component": "queue", "event": "watchdog_armed", "host": "d6b2a058c4be", "pid": 193091, "rank": null, "stage": "queue_list_for_pop", "timeout_sec": 30.0, "ts": "2026-10-04 16:15:47"}
[DBG] {"category": "QUEUE", "component": "queue", "elapsed_sec": 0.001793, "event": "END:queue_list_for_pop", "host": "d6b2a058c4be", "pid": 193091, "rank": null, "ts": "2026-10-04 16:15:47"}
[DBG] {"available": 0, "category": "QUEUE", "component": "queue", "event": "pop_scan", "exact": true, "host": "d6b2a058c4be", "pid": 193091, "queue": "preference", "rank": null, "requested": 4, "selected": 0, "selected_keys": [], "stale": 0, "stale_keys": [], "ts": "2026-10-04 16:15:47"}
[DBG] {"available": 0, "category": "QUEUE", "component": "queue", "event": "pop_not_enough", "host": "d6b2a058c4be", "pid": 193091, "queue": "preference", "rank": null, "requested": 4, "ts": "2026-10-04 16:15:47"}
[DBG] {"category": "QUEUE", "component": "queue", "current_version": 0, "event": "BEGIN:queue_list_for_pop", "exact": true, "host": "d6b2a058c4be", "max_lag": 3, "pid": 193091, "queue": "preference", "rank": null, "requested": 4, "ts": "2026-10-04 16:15:48"}
[DBG] {"category": "QUEUE", "component": "queue", "event": "watchdog_armed", "host": "d6b2a058c4be", "pid": 193091, "rank": null, "stage": "queue_list_for_pop", "timeout_sec": 30.0, "ts": "2026-10-04 16:15:48"}
[DBG] {"category": "QUEUE", "component": "queue", "elapsed_sec": 0.001873, "event": "END:queue_list_for_pop", "host": "d6b2a058c4be", "pid": 193091, "rank": null, "ts": "2026-10-04 16:15:48"}
[DBG] {"available": 0, "category": "QUEUE", "component": "queue", "event": "pop_scan", "exact": true, "host": "d6b2a058c4be", "pid": 193091, "queue": "preference", "rank": null, "requested": 4, "selected": 0, "selected_keys": [], "stale": 0, "stale_keys": [], "ts": "2026-10-04 16:15:48"}
[DBG] {"available": 0, "category": "QUEUE", "component": "queue", "event": "pop_not_enough", "host": "d6b2a058c4be", "pid": 193091, "queue": "preference", "rank": null, "requested": 4, "ts": "2026-10-04 16:15:48"}
[DBG] {"category": "QUEUE", "component": "queue", "current_version": 0, "event": "BEGIN:queue_list_for_pop", "exact": true, "host": "d6b2a058c4be", "max_lag": 3, "pid": 193091, "queue": "preference", "rank": null, "requested": 4, "ts": "2026-10-04 16:15:48"}
[DBG] {"category": "QUEUE", "component": "queue", "event": "watchdog_armed", "host": "d6b2a058c4be", "pid": 193091, "rank": null, "stage": "queue_list_for_pop", "timeout_sec": 30.0, "ts": "2026-10-04 16:15:48"}
[DBG] {"category": "QUEUE", "component": "queue", "elapsed_sec": 0.001787, "event": "END:queue_list_for_pop", "host": "d6b2a058c4be", "pid": 193091, "rank": null, "ts": "2026-10-04 16:15:48"}
[DBG] {"available": 0, "category": "QUEUE", "component": "queue", "event": "pop_scan", "exact": true, "host": "d6b2a058c4be", "pid": 193091, "queue": "preference", "rank": null, "requested": 4, "selected": 0, "selected_keys": [], "stale": 0, "stale_keys": [], "ts": "2026-10-04 16:15:48"}
[DBG] {"available": 0, "category": "QUEUE", "component": "queue", "event": "pop_not_enough", "host": "d6b2a058c4be", "pid": 193091, "queue": "preference", "rank": null, "requested": 4, "ts": "2026-10-04 16:15:48"}
[DBG] {"category": "QUEUE", "component": "queue", "current_version": 0, "event": "BEGIN:queue_list_for_pop", "exact": true, "host": "d6b2a058c4be", "max_lag": 3, "pid": 193091, "queue": "preference", "rank": null, "requested": 4, "ts": "2026-10-04 16:15:49"}
[DBG] {"category": "QUEUE", "component": "queue", "event": "watchdog_armed", "host": "d6b2a058c4be", "pid": 193091, "rank": null, "stage": "queue_list_for_pop", "timeout_sec": 30.0, "ts": "2026-10-04 16:15:49"}
[DBG] {"category": "QUEUE", "component": "queue", "elapsed_sec": 0.001277, "event": "END:queue_list_for_pop", "host": "d6b2a058c4be", "pid": 193091, "rank": null, "ts": "2026-10-04 16:15:49"}
[DBG] {"available": 0, "category": "QUEUE", "component": "queue", "event": "pop_scan", "exact": true, "host": "d6b2a058c4be", "pid": 193091, "queue": "preference", "rank": null, "requested": 4, "selected": 0, "selected_keys": [], "stale": 0, "stale_keys": [], "ts": "2026-10-04 16:15:49"}
[DBG] {"available": 0, "category": "QUEUE", "component": "queue", "event": "pop_not_enough", "host": "d6b2a058c4be", "pid": 193091, "queue": "preference", "rank": null, "requested": 4, "ts": "2026-10-04 16:15:49"}
[DBG] {"category": "QUEUE", "component": "queue", "current_version": 0, "event": "BEGIN:queue_list_for_pop", "exact": true, "host": "d6b2a058c4be", "max_lag": 3, "pid": 193091, "queue": "preference", "rank": null, "requested": 4, "ts": "2026-10-04 16:15:49"}
[DBG] {"category": "QUEUE", "component": "queue", "event": "watchdog_armed", "host": "d6b2a058c4be", "pid": 193091, "rank": null, "stage": "queue_list_for_pop", "timeout_sec": 30.0, "ts": "2026-10-04 16:15:49"}
[DBG] {"category": "QUEUE", "component": "queue", "elapsed_sec": 0.001442, "event": "END:queue_list_for_pop", "host": "d6b2a058c4be", "pid": 193091, "rank": null, "ts": "2026-10-04 16:15:49"}
[DBG] {"available": 0, "category": "QUEUE", "component": "queue", "event": "pop_scan", "exact": true, "host": "d6b2a058c4be", "pid": 193091, "queue": "preference", "rank": null, "requested": 4, "selected": 0, "selected_keys": [], "stale": 0, "stale_keys": [], "ts": "2026-10-04 16:15:49"}
[DBG] {"available": 0, "category": "QUEUE", "component": "queue", "event": "pop_not_enough", "host": "d6b2a058c4be", "pid": 193091, "queue": "preference", "rank": null, "requested": 4, "ts": "2026-10-04 16:15:49"}
[DBG] {"category": "QUEUE", "component": "queue", "current_version": 0, "event": "BEGIN:queue_list_for_pop", "exact": true, "host": "d6b2a058c4be", "max_lag": 3, "pid": 193091, "queue": "preference", "rank": null, "requested": 4, "ts": "2026-10-04 16:15:50"}
[DBG] {"category": "QUEUE", "component": "queue", "event": "watchdog_armed", "host": "d6b2a058c4be", "pid": 193091, "rank": null, "stage": "queue_list_for_pop", "timeout_sec": 30.0, "ts": "2026-10-04 16:15:50"}
[DBG] {"category": "QUEUE", "component": "queue", "elapsed_sec": 0.001619, "event": "END:queue_list_for_pop", "host": "d6b2a058c4be", "pid": 193091, "rank": null, "ts": "2026-10-04 16:15:50"}
[DBG] {"available": 0, "category": "QUEUE", "component": "queue", "event": "pop_scan", "exact": true, "host": "d6b2a058c4be", "pid": 193091, "queue": "preference", "rank": null, "requested": 4, "selected": 0, "selected_keys": [], "stale": 0, "stale_keys": [], "ts": "2026-10-04 16:15:50"}
[DBG] {"available": 0, "category": "QUEUE", "component": "queue", "event": "pop_not_enough", "host": "d6b2a058c4be", "pid": 193091, "queue": "preference", "rank": null, "requested": 4, "ts": "2026-10-04 16:15:50"}
[DBG] {"category": "QUEUE", "component": "queue", "current_version": 0, "event": "BEGIN:queue_list_for_pop", "exact": true, "host": "d6b2a058c4be", "max_lag": 3, "pid": 193091, "queue": "preference", "rank": null, "requested": 4, "ts": "2026-10-04 16:15:50"}
[DBG] {"category": "QUEUE", "component": "queue", "event": "watchdog_armed", "host": "d6b2a058c4be", "pid": 193091, "rank": null, "stage": "queue_list_for_pop", "timeout_sec": 30.0, "ts": "2026-10-04 16:15:50"}
[DBG] {"category": "QUEUE", "component": "queue", "elapsed_sec": 0.001616, "event": "END:queue_list_for_pop", "host": "d6b2a058c4be", "pid": 193091, "rank": null, "ts": "2026-10-04 16:15:50"}
[DBG] {"available": 0, "category": "QUEUE", "component": "queue", "event": "pop_scan", "exact": true, "host": "d6b2a058c4be", "pid": 193091, "queue": "preference", "rank": null, "requested": 4, "selected": 0, "selected_keys": [], "stale": 0, "stale_keys": [], "ts": "2026-10-04 16:15:50"}
[DBG] {"available": 0, "category": "QUEUE", "component": "queue", "event": "pop_not_enough", "host": "d6b2a058c4be", "pid": 193091, "queue": "preference", "rank": null, "requested": 4, "ts": "2026-10-04 16:15:50"}
[DBG] {"category": "QUEUE", "component": "queue", "current_version": 0, "event": "BEGIN:queue_list_for_pop", "exact": true, "host": "d6b2a058c4be", "max_lag": 3, "pid": 193091, "queue": "preference", "rank": null, "requested": 4, "ts": "2026-10-04 16:15:51"}
[DBG] {"category": "QUEUE", "component": "queue", "event": "watchdog_armed", "host": "d6b2a058c4be", "pid": 193091, "rank": null, "stage": "queue_list_for_pop", "timeout_sec": 30.0, "ts": "2026-10-04 16:15:51"}
[DBG] {"category": "QUEUE", "component": "queue", "elapsed_sec": 0.001638, "event": "END:queue_list_for_pop", "host": "d6b2a058c4be", "pid": 193091, "rank": null, "ts": "2026-10-04 16:15:51"}
[DBG] {"available": 0, "category": "QUEUE", "component": "queue", "event": "pop_scan", "exact": true, "host": "d6b2a058c4be", "pid": 193091, "queue": "preference", "rank": null, "requested": 4, "selected": 0, "selected_keys": [], "stale": 0, "stale_keys": [], "ts": "2026-10-04 16:15:51"}
[DBG] {"available": 0, "category": "QUEUE", "component": "queue", "event": "pop_not_enough", "host": "d6b2a058c4be", "pid": 193091, "queue": "preference", "rank": null, "requested": 4, "ts": "2026-10-04 16:15:51"}
[DBG] {"category": "QUEUE", "component": "queue", "current_version": 0, "event": "BEGIN:queue_list_for_pop", "exact": true, "host": "d6b2a058c4be", "max_lag": 3, "pid": 193091, "queue": "preference", "rank": null, "requested": 4, "ts": "2026-10-04 16:15:51"}
[DBG] {"category": "QUEUE", "component": "queue", "event": "watchdog_armed", "host": "d6b2a058c4be", "pid": 193091, "rank": null, "stage": "queue_list_for_pop", "timeout_sec": 30.0, "ts": "2026-10-04 16:15:51"}
[DBG] {"category": "QUEUE", "component": "queue", "elapsed_sec": 0.001681, "event": "END:queue_list_for_pop", "host": "d6b2a058c4be", "pid": 193091, "rank": null, "ts": "2026-10-04 16:15:51"}
[DBG] {"available": 0, "category": "QUEUE", "component": "queue", "event": "pop_scan", "exact": true, "host": "d6b2a058c4be", "pid": 193091, "queue": "preference", "rank": null, "requested": 4, "selected": 0, "selected_keys": [], "stale": 0, "stale_keys": [], "ts": "2026-10-04 16:15:51"}
[DBG] {"available": 0, "category": "QUEUE", "component": "queue", "event": "pop_not_enough", "host": "d6b2a058c4be", "pid": 193091, "queue": "preference", "rank": null, "requested": 4, "ts": "2026-10-04 16:15:51"}
[DBG] {"category": "QUEUE", "component": "queue", "current_version": 0, "event": "BEGIN:queue_list_for_pop", "exact": true, "host": "d6b2a058c4be", "max_lag": 3, "pid": 193091, "queue": "preference", "rank": null, "requested": 4, "ts": "2026-10-04 16:15:52"}
[DBG] {"category": "QUEUE", "component": "queue", "event": "watchdog_armed", "host": "d6b2a058c4be", "pid": 193091, "rank": null, "stage": "queue_list_for_pop", "timeout_sec": 30.0, "ts": "2026-10-04 16:15:52"}
[DBG] {"category": "QUEUE", "component": "queue", "elapsed_sec": 0.001258, "event": "END:queue_list_for_pop", "host": "d6b2a058c4be", "pid": 193091, "rank": null, "ts": "2026-10-04 16:15:52"}
[DBG] {"available": 0, "category": "QUEUE", "component": "queue", "event": "pop_scan", "exact": true, "host": "d6b2a058c4be", "pid": 193091, "queue": "preference", "rank": null, "requested": 4, "selected": 0, "selected_keys": [], "stale": 0, "stale_keys": [], "ts": "2026-10-04 16:15:52"}
[DBG] {"available": 0, "category": "QUEUE", "component": "queue", "event": "pop_not_enough", "host": "d6b2a058c4be", "pid": 193091, "queue": "preference", "rank": null, "requested": 4, "ts": "2026-10-04 16:15:52"}
[DBG] {"category": "QUEUE", "component": "queue", "current_version": 0, "event": "BEGIN:queue_list_for_pop", "exact": true, "host": "d6b2a058c4be", "max_lag": 3, "pid": 193091, "queue": "preference", "rank": null, "requested": 4, "ts": "2026-10-04 16:15:52"}
[DBG] {"category": "QUEUE", "component": "queue", "event": "watchdog_armed", "host": "d6b2a058c4be", "pid": 193091, "rank": null, "stage": "queue_list_for_pop", "timeout_sec": 30.0, "ts": "2026-10-04 16:15:52"}
[DBG] {"category": "QUEUE", "component": "queue", "elapsed_sec": 0.000994, "event": "END:queue_list_for_pop", "host": "d6b2a058c4be", "pid": 193091, "rank": null, "ts": "2026-10-04 16:15:52"}
[DBG] {"available": 0, "category": "QUEUE", "component": "queue", "event": "pop_scan", "exact": true, "host": "d6b2a058c4be", "pid": 193091, "queue": "preference", "rank": null, "requested": 4, "selected": 0, "selected_keys": [], "stale": 0, "stale_keys": [], "ts": "2026-10-04 16:15:52"}
[DBG] {"available": 0, "category": "QUEUE", "component": "queue", "event": "pop_not_enough", "host": "d6b2a058c4be", "pid": 193091, "queue": "preference", "rank": null, "requested": 4, "ts": "2026-10-04 16:15:52"}
[DBG] {"category": "QUEUE", "component": "queue", "current_version": 0, "event": "BEGIN:queue_list_for_pop", "exact": true, "host": "d6b2a058c4be", "max_lag": 3, "pid": 193091, "queue": "preference", "rank": null, "requested": 4, "ts": "2026-10-04 16:15:53"}
[DBG] {"category": "QUEUE", "component": "queue", "event": "watchdog_armed", "host": "d6b2a058c4be", "pid": 193091, "rank": null, "stage": "queue_list_for_pop", "timeout_sec": 30.0, "ts": "2026-10-04 16:15:53"}
[DBG] {"category": "QUEUE", "component": "queue", "elapsed_sec": 0.002085, "event": "END:queue_list_for_pop", "host": "d6b2a058c4be", "pid": 193091, "rank": null, "ts": "2026-10-04 16:15:53"}
[DBG] {"available": 0, "category": "QUEUE", "component": "queue", "event": "pop_scan", "exact": true, "host": "d6b2a058c4be", "pid": 193091, "queue": "preference", "rank": null, "requested": 4, "selected": 0, "selected_keys": [], "stale": 0, "stale_keys": [], "ts": "2026-10-04 16:15:53"}
[DBG] {"available": 0, "category": "QUEUE", "component": "queue", "event": "pop_not_enough", "host": "d6b2a058c4be", "pid": 193091, "queue": "preference", "rank": null, "requested": 4, "ts": "2026-10-04 16:15:53"}
[DBG] {"category": "QUEUE", "component": "queue", "current_version": 0, "event": "BEGIN:queue_list_for_pop", "exact": true, "host": "d6b2a058c4be", "max_lag": 3, "pid": 193091, "queue": "preference", "rank": null, "requested": 4, "ts": "2026-10-04 16:15:53"}
[DBG] {"category": "QUEUE", "component": "queue", "event": "watchdog_armed", "host": "d6b2a058c4be", "pid": 193091, "rank": null, "stage": "queue_list_for_pop", "timeout_sec": 30.0, "ts": "2026-10-04 16:15:53"}
[DBG] {"category": "QUEUE", "component": "queue", "elapsed_sec": 0.001699, "event": "END:queue_list_for_pop", "host": "d6b2a058c4be", "pid": 193091, "rank": null, "ts": "2026-10-04 16:15:53"}
[DBG] {"available": 0, "category": "QUEUE", "component": "queue", "event": "pop_scan", "exact": true, "host": "d6b2a058c4be", "pid": 193091, "queue": "preference", "rank": null, "requested": 4, "selected": 0, "selected_keys": [], "stale": 0, "stale_keys": [], "ts": "2026-10-04 16:15:53"}
[DBG] {"available": 0, "category": "QUEUE", "component": "queue", "event": "pop_not_enough", "host": "d6b2a058c4be", "pid": 193091, "queue": "preference", "rank": null, "requested": 4, "ts": "2026-10-04 16:15:53"}
[DBG] {"category": "QUEUE", "component": "queue", "current_version": 0, "event": "BEGIN:queue_list_for_pop", "exact": true, "host": "d6b2a058c4be", "max_lag": 3, "pid": 193091, "queue": "preference", "rank": null, "requested": 4, "ts": "2026-10-04 16:15:54"}
[DBG] {"category": "QUEUE", "component": "queue", "event": "watchdog_armed", "host": "d6b2a058c4be", "pid": 193091, "rank": null, "stage": "queue_list_for_pop", "timeout_sec": 30.0, "ts": "2026-10-04 16:15:54"}
[DBG] {"category": "QUEUE", "component": "queue", "elapsed_sec": 0.001774, "event": "END:queue_list_for_pop", "host": "d6b2a058c4be", "pid": 193091, "rank": null, "ts": "2026-10-04 16:15:54"}
[DBG] {"available": 0, "category": "QUEUE", "component": "queue", "event": "pop_scan", "exact": true, "host": "d6b2a058c4be", "pid": 193091, "queue": "preference", "rank": null, "requested": 4, "selected": 0, "selected_keys": [], "stale": 0, "stale_keys": [], "ts": "2026-10-04 16:15:54"}
[DBG] {"available": 0, "category": "QUEUE", "component": "queue", "event": "pop_not_enough", "host": "d6b2a058c4be", "pid": 193091, "queue": "preference", "rank": null, "requested": 4, "ts": "2026-10-04 16:15:54"}
[DBG] {"category": "QUEUE", "component": "queue", "current_version": 0, "event": "BEGIN:queue_list_for_pop", "exact": true, "host": "d6b2a058c4be", "max_lag": 3, "pid": 193091, "queue": "preference", "rank": null, "requested": 4, "ts": "2026-10-04 16:15:54"}
[DBG] {"category": "QUEUE", "component": "queue", "event": "watchdog_armed", "host": "d6b2a058c4be", "pid": 193091, "rank": null, "stage": "queue_list_for_pop", "timeout_sec": 30.0, "ts": "2026-10-04 16:15:54"}
[DBG] {"category": "QUEUE", "component": "queue", "elapsed_sec": 0.001666, "event": "END:queue_list_for_pop", "host": "d6b2a058c4be", "pid": 193091, "rank": null, "ts": "2026-10-04 16:15:54"}
[DBG] {"available": 0, "category": "QUEUE", "component": "queue", "event": "pop_scan", "exact": true, "host": "d6b2a058c4be", "pid": 193091, "queue": "preference", "rank": null, "requested": 4, "selected": 0, "selected_keys": [], "stale": 0, "stale_keys": [], "ts": "2026-10-04 16:15:54"}
[DBG] {"available": 0, "category": "QUEUE", "component": "queue", "event": "pop_not_enough", "host": "d6b2a058c4be", "pid": 193091, "queue": "preference", "rank": null, "requested": 4, "ts": "2026-10-04 16:15:54"}
[DBG] {"category": "QUEUE", "component": "queue", "current_version": 0, "event": "BEGIN:queue_list_for_pop", "exact": true, "host": "d6b2a058c4be", "max_lag": 3, "pid": 193091, "queue": "preference", "rank": null, "requested": 4, "ts": "2026-10-04 16:15:55"}
[DBG] {"category": "QUEUE", "component": "queue", "event": "watchdog_armed", "host": "d6b2a058c4be", "pid": 193091, "rank": null, "stage": "queue_list_for_pop", "timeout_sec": 30.0, "ts": "2026-10-04 16:15:55"}
[DBG] {"category": "QUEUE", "component": "queue", "elapsed_sec": 0.001667, "event": "END:queue_list_for_pop", "host": "d6b2a058c4be", "pid": 193091, "rank": null, "ts": "2026-10-04 16:15:55"}
[DBG] {"available": 0, "category": "QUEUE", "component": "queue", "event": "pop_scan", "exact": true, "host": "d6b2a058c4be", "pid": 193091, "queue": "preference", "rank": null, "requested": 4, "selected": 0, "selected_keys": [], "stale": 0, "stale_keys": [], "ts": "2026-10-04 16:15:55"}
[DBG] {"available": 0, "category": "QUEUE", "component": "queue", "event": "pop_not_enough", "host": "d6b2a058c4be", "pid": 193091, "queue": "preference", "rank": null, "requested": 4, "ts": "2026-10-04 16:15:55"}
[DBG] {"category": "QUEUE", "component": "queue", "current_version": 0, "event": "BEGIN:queue_list_for_pop", "exact": true, "host": "d6b2a058c4be", "max_lag": 3, "pid": 193091, "queue": "preference", "rank": null, "requested": 4, "ts": "2026-10-04 16:15:56"}
[DBG] {"category": "QUEUE", "component": "queue", "event": "watchdog_armed", "host": "d6b2a058c4be", "pid": 193091, "rank": null, "stage": "queue_list_for_pop", "timeout_sec": 30.0, "ts": "2026-10-04 16:15:56"}
[DBG] {"category": "QUEUE", "component": "queue", "elapsed_sec": 0.001694, "event": "END:queue_list_for_pop", "host": "d6b2a058c4be", "pid": 193091, "rank": null, "ts": "2026-10-04 16:15:56"}
[DBG] {"available": 0, "category": "QUEUE", "component": "queue", "event": "pop_scan", "exact": true, "host": "d6b2a058c4be", "pid": 193091, "queue": "preference", "rank": null, "requested": 4, "selected": 0, "selected_keys": [], "stale": 0, "stale_keys": [], "ts": "2026-10-04 16:15:56"}
[DBG] {"available": 0, "category": "QUEUE", "component": "queue", "event": "pop_not_enough", "host": "d6b2a058c4be", "pid": 193091, "queue": "preference", "rank": null, "requested": 4, "ts": "2026-10-04 16:15:56"}
[DBG] {"category": "QUEUE", "component": "queue", "current_version": 0, "event": "BEGIN:queue_list_for_pop", "exact": true, "host": "d6b2a058c4be", "max_lag": 3, "pid": 193091, "queue": "preference", "rank": null, "requested": 4, "ts": "2026-10-04 16:15:56"}
[DBG] {"category": "QUEUE", "component": "queue", "event": "watchdog_armed", "host": "d6b2a058c4be", "pid": 193091, "rank": null, "stage": "queue_list_for_pop", "timeout_sec": 30.0, "ts": "2026-10-04 16:15:56"}
[DBG] {"category": "QUEUE", "component": "queue", "elapsed_sec": 0.001758, "event": "END:queue_list_for_pop", "host": "d6b2a058c4be", "pid": 193091, "rank": null, "ts": "2026-10-04 16:15:56"}
[DBG] {"available": 0, "category": "QUEUE", "component": "queue", "event": "pop_scan", "exact": true, "host": "d6b2a058c4be", "pid": 193091, "queue": "preference", "rank": null, "requested": 4, "selected": 0, "selected_keys": [], "stale": 0, "stale_keys": [], "ts": "2026-10-04 16:15:56"}
[DBG] {"available": 0, "category": "QUEUE", "component": "queue", "event": "pop_not_enough", "host": "d6b2a058c4be", "pid": 193091, "queue": "preference", "rank": null, "requested": 4, "ts": "2026-10-04 16:15:56"}
[DBG] {"category": "QUEUE", "component": "queue", "current_version": 0, "event": "BEGIN:queue_list_for_pop", "exact": true, "host": "d6b2a058c4be", "max_lag": 3, "pid": 193091, "queue": "preference", "rank": null, "requested": 4, "ts": "2026-10-04 16:15:57"}
[DBG] {"category": "QUEUE", "component": "queue", "event": "watchdog_armed", "host": "d6b2a058c4be", "pid": 193091, "rank": null, "stage": "queue_list_for_pop", "timeout_sec": 30.0, "ts": "2026-10-04 16:15:57"}
[DBG] {"category": "QUEUE", "component": "queue", "elapsed_sec": 0.001713, "event": "END:queue_list_for_pop", "host": "d6b2a058c4be", "pid": 193091, "rank": null, "ts": "2026-10-04 16:15:57"}
[DBG] {"available": 0, "category": "QUEUE", "component": "queue", "event": "pop_scan", "exact": true, "host": "d6b2a058c4be", "pid": 193091, "queue": "preference", "rank": null, "requested": 4, "selected": 0, "selected_keys": [], "stale": 0, "stale_keys": [], "ts": "2026-10-04 16:15:57"}
[DBG] {"available": 0, "category": "QUEUE", "component": "queue", "event": "pop_not_enough", "host": "d6b2a058c4be", "pid": 193091, "queue": "preference", "rank": null, "requested": 4, "ts": "2026-10-04 16:15:57"}
[DBG] {"category": "QUEUE", "component": "queue", "current_version": 0, "event": "BEGIN:queue_list_for_pop", "exact": true, "host": "d6b2a058c4be", "max_lag": 3, "pid": 193091, "queue": "preference", "rank": null, "requested": 4, "ts": "2026-10-04 16:15:57"}
[DBG] {"category": "QUEUE", "component": "queue", "event": "watchdog_armed", "host": "d6b2a058c4be", "pid": 193091, "rank": null, "stage": "queue_list_for_pop", "timeout_sec": 30.0, "ts": "2026-10-04 16:15:57"}
[DBG] {"category": "QUEUE", "component": "queue", "elapsed_sec": 0.001683, "event": "END:queue_list_for_pop", "host": "d6b2a058c4be", "pid": 193091, "rank": null, "ts": "2026-10-04 16:15:57"}
[DBG] {"available": 0, "category": "QUEUE", "component": "queue", "event": "pop_scan", "exact": true, "host": "d6b2a058c4be", "pid": 193091, "queue": "preference", "rank": null, "requested": 4, "selected": 0, "selected_keys": [], "stale": 0, "stale_keys": [], "ts": "2026-10-04 16:15:57"}
[DBG] {"available": 0, "category": "QUEUE", "component": "queue", "event": "pop_not_enough", "host": "d6b2a058c4be", "pid": 193091, "queue": "preference", "rank": null, "requested": 4, "ts": "2026-10-04 16:15:57"}
[DBG] {"category": "QUEUE", "component": "queue", "current_version": 0, "event": "BEGIN:queue_list_for_pop", "exact": true, "host": "d6b2a058c4be", "max_lag": 3, "pid": 193091, "queue": "preference", "rank": null, "requested": 4, "ts": "2026-10-04 16:15:58"}
[DBG] {"category": "QUEUE", "component": "queue", "event": "watchdog_armed", "host": "d6b2a058c4be", "pid": 193091, "rank": null, "stage": "queue_list_for_pop", "timeout_sec": 30.0, "ts": "2026-10-04 16:15:58"}
[DBG] {"category": "QUEUE", "component": "queue", "elapsed_sec": 0.00177, "event": "END:queue_list_for_pop", "host": "d6b2a058c4be", "pid": 193091, "rank": null, "ts": "2026-10-04 16:15:58"}
[DBG] {"available": 0, "category": "QUEUE", "component": "queue", "event": "pop_scan", "exact": true, "host": "d6b2a058c4be", "pid": 193091, "queue": "preference", "rank": null, "requested": 4, "selected": 0, "selected_keys": [], "stale": 0, "stale_keys": [], "ts": "2026-10-04 16:15:58"}
[DBG] {"available": 0, "category": "QUEUE", "component": "queue", "event": "pop_not_enough", "host": "d6b2a058c4be", "pid": 193091, "queue": "preference", "rank": null, "requested": 4, "ts": "2026-10-04 16:15:58"}
[DBG] {"category": "QUEUE", "component": "queue", "current_version": 0, "event": "BEGIN:queue_list_for_pop", "exact": true, "host": "d6b2a058c4be", "max_lag": 3, "pid": 193091, "queue": "preference", "rank": null, "requested": 4, "ts": "2026-10-04 16:15:58"}
[DBG] {"category": "QUEUE", "component": "queue", "event": "watchdog_armed", "host": "d6b2a058c4be", "pid": 193091, "rank": null, "stage": "queue_list_for_pop", "timeout_sec": 30.0, "ts": "2026-10-04 16:15:58"}
[DBG] {"category": "QUEUE", "component": "queue", "elapsed_sec": 0.001737, "event": "END:queue_list_for_pop", "host": "d6b2a058c4be", "pid": 193091, "rank": null, "ts": "2026-10-04 16:15:58"}
[DBG] {"available": 0, "category": "QUEUE", "component": "queue", "event": "pop_scan", "exact": true, "host": "d6b2a058c4be", "pid": 193091, "queue": "preference", "rank": null, "requested": 4, "selected": 0, "selected_keys": [], "stale": 0, "stale_keys": [], "ts": "2026-10-04 16:15:58"}
[DBG] {"available": 0, "category": "QUEUE", "component": "queue", "event": "pop_not_enough", "host": "d6b2a058c4be", "pid": 193091, "queue": "preference", "rank": null, "requested": 4, "ts": "2026-10-04 16:15:58"}
[DBG] {"category": "QUEUE", "component": "queue", "current_version": 0, "event": "BEGIN:queue_list_for_pop", "exact": true, "host": "d6b2a058c4be", "max_lag": 3, "pid": 193091, "queue": "preference", "rank": null, "requested": 4, "ts": "2026-10-04 16:15:59"}
[DBG] {"category": "QUEUE", "component": "queue", "event": "watchdog_armed", "host": "d6b2a058c4be", "pid": 193091, "rank": null, "stage": "queue_list_for_pop", "timeout_sec": 30.0, "ts": "2026-10-04 16:15:59"}
[DBG] {"category": "QUEUE", "component": "queue", "elapsed_sec": 0.001753, "event": "END:queue_list_for_pop", "host": "d6b2a058c4be", "pid": 193091, "rank": null, "ts": "2026-10-04 16:15:59"}
[DBG] {"available": 0, "category": "QUEUE", "component": "queue", "event": "pop_scan", "exact": true, "host": "d6b2a058c4be", "pid": 193091, "queue": "preference", "rank": null, "requested": 4, "selected": 0, "selected_keys": [], "stale": 0, "stale_keys": [], "ts": "2026-10-04 16:15:59"}
[DBG] {"available": 0, "category": "QUEUE", "component": "queue", "event": "pop_not_enough", "host": "d6b2a058c4be", "pid": 193091, "queue": "preference", "rank": null, "requested": 4, "ts": "2026-10-04 16:15:59"}
[DBG] {"category": "QUEUE", "component": "queue", "current_version": 0, "event": "BEGIN:queue_list_for_pop", "exact": true, "host": "d6b2a058c4be", "max_lag": 3, "pid": 193091, "queue": "preference", "rank": null, "requested": 4, "ts": "2026-10-04 16:15:59"}
[DBG] {"category": "QUEUE", "component": "queue", "event": "watchdog_armed", "host": "d6b2a058c4be", "pid": 193091, "rank": null, "stage": "queue_list_for_pop", "timeout_sec": 30.0, "ts": "2026-10-04 16:15:59"}
[DBG] {"category": "QUEUE", "component": "queue", "elapsed_sec": 0.001745, "event": "END:queue_list_for_pop", "host": "d6b2a058c4be", "pid": 193091, "rank": null, "ts": "2026-10-04 16:15:59"}
[DBG] {"available": 0, "category": "QUEUE", "component": "queue", "event": "pop_scan", "exact": true, "host": "d6b2a058c4be", "pid": 193091, "queue": "preference", "rank": null, "requested": 4, "selected": 0, "selected_keys": [], "stale": 0, "stale_keys": [], "ts": "2026-10-04 16:15:59"}
[DBG] {"available": 0, "category": "QUEUE", "component": "queue", "event": "pop_not_enough", "host": "d6b2a058c4be", "pid": 193091, "queue": "preference", "rank": null, "requested": 4, "ts": "2026-10-04 16:15:59"}
[DBG] {"category": "QUEUE", "component": "queue", "current_version": 0, "event": "BEGIN:queue_list_for_pop", "exact": true, "host": "d6b2a058c4be", "max_lag": 3, "pid": 193091, "queue": "preference", "rank": null, "requested": 4, "ts": "2026-10-04 16:16:00"}
[DBG] {"category": "QUEUE", "component": "queue", "event": "watchdog_armed", "host": "d6b2a058c4be", "pid": 193091, "rank": null, "stage": "queue_list_for_pop", "timeout_sec": 30.0, "ts": "2026-10-04 16:16:00"}
[DBG] {"category": "QUEUE", "component": "queue", "elapsed_sec": 0.002023, "event": "END:queue_list_for_pop", "host": "d6b2a058c4be", "pid": 193091, "rank": null, "ts": "2026-10-04 16:16:00"}
[DBG] {"available": 0, "category": "QUEUE", "component": "queue", "event": "pop_scan", "exact": true, "host": "d6b2a058c4be", "pid": 193091, "queue": "preference", "rank": null, "requested": 4, "selected": 0, "selected_keys": [], "stale": 0, "stale_keys": [], "ts": "2026-10-04 16:16:00"}
[DBG] {"available": 0, "category": "QUEUE", "component": "queue", "event": "pop_not_enough", "host": "d6b2a058c4be", "pid": 193091, "queue": "preference", "rank": null, "requested": 4, "ts": "2026-10-04 16:16:00"}
[DBG] {"category": "QUEUE", "component": "queue", "current_version": 0, "event": "BEGIN:queue_list_for_pop", "exact": true, "host": "d6b2a058c4be", "max_lag": 3, "pid": 193091, "queue": "preference", "rank": null, "requested": 4, "ts": "2026-10-04 16:16:00"}
[DBG] {"category": "QUEUE", "component": "queue", "event": "watchdog_armed", "host": "d6b2a058c4be", "pid": 193091, "rank": null, "stage": "queue_list_for_pop", "timeout_sec": 30.0, "ts": "2026-10-04 16:16:00"}
[DBG] {"category": "QUEUE", "component": "queue", "elapsed_sec": 0.001398, "event": "END:queue_list_for_pop", "host": "d6b2a058c4be", "pid": 193091, "rank": null, "ts": "2026-10-04 16:16:00"}
[DBG] {"available": 0, "category": "QUEUE", "component": "queue", "event": "pop_scan", "exact": true, "host": "d6b2a058c4be", "pid": 193091, "queue": "preference", "rank": null, "requested": 4, "selected": 0, "selected_keys": [], "stale": 0, "stale_keys": [], "ts": "2026-10-04 16:16:00"}
[DBG] {"available": 0, "category": "QUEUE", "component": "queue", "event": "pop_not_enough", "host": "d6b2a058c4be", "pid": 193091, "queue": "preference", "rank": null, "requested": 4, "ts": "2026-10-04 16:16:00"}
[DBG] {"category": "QUEUE", "component": "queue", "current_version": 0, "event": "BEGIN:queue_list_for_pop", "exact": true, "host": "d6b2a058c4be", "max_lag": 3, "pid": 193091, "queue": "preference", "rank": null, "requested": 4, "ts": "2026-10-04 16:16:01"}
[DBG] {"category": "QUEUE", "component": "queue", "event": "watchdog_armed", "host": "d6b2a058c4be", "pid": 193091, "rank": null, "stage": "queue_list_for_pop", "timeout_sec": 30.0, "ts": "2026-10-04 16:16:01"}
[DBG] {"category": "QUEUE", "component": "queue", "elapsed_sec": 0.001716, "event": "END:queue_list_for_pop", "host": "d6b2a058c4be", "pid": 193091, "rank": null, "ts": "2026-10-04 16:16:01"}
[DBG] {"available": 0, "category": "QUEUE", "component": "queue", "event": "pop_scan", "exact": true, "host": "d6b2a058c4be", "pid": 193091, "queue": "preference", "rank": null, "requested": 4, "selected": 0, "selected_keys": [], "stale": 0, "stale_keys": [], "ts": "2026-10-04 16:16:01"}
[DBG] {"available": 0, "category": "QUEUE", "component": "queue", "event": "pop_not_enough", "host": "d6b2a058c4be", "pid": 193091, "queue": "preference", "rank": null, "requested": 4, "ts": "2026-10-04 16:16:01"}
[DBG] {"category": "QUEUE", "component": "queue", "current_version": 0, "event": "BEGIN:queue_list_for_pop", "exact": true, "host": "d6b2a058c4be", "max_lag": 3, "pid": 193091, "queue": "preference", "rank": null, "requested": 4, "ts": "2026-10-04 16:16:01"}
[DBG] {"category": "QUEUE", "component": "queue", "event": "watchdog_armed", "host": "d6b2a058c4be", "pid": 193091, "rank": null, "stage": "queue_list_for_pop", "timeout_sec": 30.0, "ts": "2026-10-04 16:16:01"}
[DBG] {"category": "QUEUE", "component": "queue", "elapsed_sec": 0.00152, "event": "END:queue_list_for_pop", "host": "d6b2a058c4be", "pid": 193091, "rank": null, "ts": "2026-10-04 16:16:01"}
[DBG] {"available": 0, "category": "QUEUE", "component": "queue", "event": "pop_scan", "exact": true, "host": "d6b2a058c4be", "pid": 193091, "queue": "preference", "rank": null, "requested": 4, "selected": 0, "selected_keys": [], "stale": 0, "stale_keys": [], "ts": "2026-10-04 16:16:01"}
[DBG] {"available": 0, "category": "QUEUE", "component": "queue", "event": "pop_not_enough", "host": "d6b2a058c4be", "pid": 193091, "queue": "preference", "rank": null, "requested": 4, "ts": "2026-10-04 16:16:01"}
[DBG] {"category": "QUEUE", "component": "queue", "current_version": 0, "event": "BEGIN:queue_list_for_pop", "exact": true, "host": "d6b2a058c4be", "max_lag": 3, "pid": 193091, "queue": "preference", "rank": null, "requested": 4, "ts": "2026-10-04 16:16:02"}
[DBG] {"category": "QUEUE", "component": "queue", "event": "watchdog_armed", "host": "d6b2a058c4be", "pid": 193091, "rank": null, "stage": "queue_list_for_pop", "timeout_sec": 30.0, "ts": "2026-10-04 16:16:02"}
[DBG] {"category": "QUEUE", "component": "queue", "elapsed_sec": 0.001881, "event": "END:queue_list_for_pop", "host": "d6b2a058c4be", "pid": 193091, "rank": null, "ts": "2026-10-04 16:16:02"}
[DBG] {"available": 0, "category": "QUEUE", "component": "queue", "event": "pop_scan", "exact": true, "host": "d6b2a058c4be", "pid": 193091, "queue": "preference", "rank": null, "requested": 4, "selected": 0, "selected_keys": [], "stale": 0, "stale_keys": [], "ts": "2026-10-04 16:16:02"}
[DBG] {"available": 0, "category": "QUEUE", "component": "queue", "event": "pop_not_enough", "host": "d6b2a058c4be", "pid": 193091, "queue": "preference", "rank": null, "requested": 4, "ts": "2026-10-04 16:16:02"}
[DBG] {"category": "QUEUE", "component": "queue", "current_version": 0, "event": "BEGIN:queue_list_for_pop", "exact": true, "host": "d6b2a058c4be", "max_lag": 3, "pid": 193091, "queue": "preference", "rank": null, "requested": 4, "ts": "2026-10-04 16:16:02"}
[DBG] {"category": "QUEUE", "component": "queue", "event": "watchdog_armed", "host": "d6b2a058c4be", "pid": 193091, "rank": null, "stage": "queue_list_for_pop", "timeout_sec": 30.0, "ts": "2026-10-04 16:16:02"}
[DBG] {"category": "QUEUE", "component": "queue", "elapsed_sec": 0.00158, "event": "END:queue_list_for_pop", "host": "d6b2a058c4be", "pid": 193091, "rank": null, "ts": "2026-10-04 16:16:02"}
[DBG] {"available": 0, "category": "QUEUE", "component": "queue", "event": "pop_scan", "exact": true, "host": "d6b2a058c4be", "pid": 193091, "queue": "preference", "rank": null, "requested": 4, "selected": 0, "selected_keys": [], "stale": 0, "stale_keys": [], "ts": "2026-10-04 16:16:02"}
[DBG] {"available": 0, "category": "QUEUE", "component": "queue", "event": "pop_not_enough", "host": "d6b2a058c4be", "pid": 193091, "queue": "preference", "rank": null, "requested": 4, "ts": "2026-10-04 16:16:02"}
[DBG] {"category": "QUEUE", "component": "queue", "current_version": 0, "event": "BEGIN:queue_list_for_pop", "exact": true, "host": "d6b2a058c4be", "max_lag": 3, "pid": 193091, "queue": "preference", "rank": null, "requested": 4, "ts": "2026-10-04 16:16:03"}
[DBG] {"category": "QUEUE", "component": "queue", "event": "watchdog_armed", "host": "d6b2a058c4be", "pid": 193091, "rank": null, "stage": "queue_list_for_pop", "timeout_sec": 30.0, "ts": "2026-10-04 16:16:03"}
[DBG] {"category": "QUEUE", "component": "queue", "elapsed_sec": 0.001952, "event": "END:queue_list_for_pop", "host": "d6b2a058c4be", "pid": 193091, "rank": null, "ts": "2026-10-04 16:16:03"}
[DBG] {"available": 0, "category": "QUEUE", "component": "queue", "event": "pop_scan", "exact": true, "host": "d6b2a058c4be", "pid": 193091, "queue": "preference", "rank": null, "requested": 4, "selected": 0, "selected_keys": [], "stale": 0, "stale_keys": [], "ts": "2026-10-04 16:16:03"}
[DBG] {"available": 0, "category": "QUEUE", "component": "queue", "event": "pop_not_enough", "host": "d6b2a058c4be", "pid": 193091, "queue": "preference", "rank": null, "requested": 4, "ts": "2026-10-04 16:16:03"}
[DBG] {"category": "QUEUE", "component": "queue", "current_version": 0, "event": "BEGIN:queue_list_for_pop", "exact": true, "host": "d6b2a058c4be", "max_lag": 3, "pid": 193091, "queue": "preference", "rank": null, "requested": 4, "ts": "2026-10-04 16:16:03"}
[DBG] {"category": "QUEUE", "component": "queue", "event": "watchdog_armed", "host": "d6b2a058c4be", "pid": 193091, "rank": null, "stage": "queue_list_for_pop", "timeout_sec": 30.0, "ts": "2026-10-04 16:16:03"}
[DBG] {"category": "QUEUE", "component": "queue", "elapsed_sec": 0.001648, "event": "END:queue_list_for_pop", "host": "d6b2a058c4be", "pid": 193091, "rank": null, "ts": "2026-10-04 16:16:03"}
[DBG] {"available": 0, "category": "QUEUE", "component": "queue", "event": "pop_scan", "exact": true, "host": "d6b2a058c4be", "pid": 193091, "queue": "preference", "rank": null, "requested": 4, "selected": 0, "selected_keys": [], "stale": 0, "stale_keys": [], "ts": "2026-10-04 16:16:03"}
[DBG] {"available": 0, "category": "QUEUE", "component": "queue", "event": "pop_not_enough", "host": "d6b2a058c4be", "pid": 193091, "queue": "preference", "rank": null, "requested": 4, "ts": "2026-10-04 16:16:03"}
[DBG] {"category": "QUEUE", "component": "queue", "current_version": 0, "event": "BEGIN:queue_list_for_pop", "exact": true, "host": "d6b2a058c4be", "max_lag": 3, "pid": 193091, "queue": "preference", "rank": null, "requested": 4, "ts": "2026-10-04 16:16:04"}
[DBG] {"category": "QUEUE", "component": "queue", "event": "watchdog_armed", "host": "d6b2a058c4be", "pid": 193091, "rank": null, "stage": "queue_list_for_pop", "timeout_sec": 30.0, "ts": "2026-10-04 16:16:04"}
[DBG] {"category": "QUEUE", "component": "queue", "elapsed_sec": 0.001764, "event": "END:queue_list_for_pop", "host": "d6b2a058c4be", "pid": 193091, "rank": null, "ts": "2026-10-04 16:16:04"}
[DBG] {"available": 0, "category": "QUEUE", "component": "queue", "event": "pop_scan", "exact": true, "host": "d6b2a058c4be", "pid": 193091, "queue": "preference", "rank": null, "requested": 4, "selected": 0, "selected_keys": [], "stale": 0, "stale_keys": [], "ts": "2026-10-04 16:16:04"}
[DBG] {"available": 0, "category": "QUEUE", "component": "queue", "event": "pop_not_enough", "host": "d6b2a058c4be", "pid": 193091, "queue": "preference", "rank": null, "requested": 4, "ts": "2026-10-04 16:16:04"}
[DBG] {"category": "QUEUE", "component": "queue", "current_version": 0, "event": "BEGIN:queue_list_for_pop", "exact": true, "host": "d6b2a058c4be", "max_lag": 3, "pid": 193091, "queue": "preference", "rank": null, "requested": 4, "ts": "2026-10-04 16:16:04"}
[DBG] {"category": "QUEUE", "component": "queue", "event": "watchdog_armed", "host": "d6b2a058c4be", "pid": 193091, "rank": null, "stage": "queue_list_for_pop", "timeout_sec": 30.0, "ts": "2026-10-04 16:16:04"}
[DBG] {"category": "QUEUE", "component": "queue", "elapsed_sec": 0.001677, "event": "END:queue_list_for_pop", "host": "d6b2a058c4be", "pid": 193091, "rank": null, "ts": "2026-10-04 16:16:04"}
[DBG] {"available": 0, "category": "QUEUE", "component": "queue", "event": "pop_scan", "exact": true, "host": "d6b2a058c4be", "pid": 193091, "queue": "preference", "rank": null, "requested": 4, "selected": 0, "selected_keys": [], "stale": 0, "stale_keys": [], "ts": "2026-10-04 16:16:04"}
[DBG] {"available": 0, "category": "QUEUE", "component": "queue", "event": "pop_not_enough", "host": "d6b2a058c4be", "pid": 193091, "queue": "preference", "rank": null, "requested": 4, "ts": "2026-10-04 16:16:04"}
[DBG] {"category": "QUEUE", "component": "queue", "current_version": 0, "event": "BEGIN:queue_list_for_pop", "exact": true, "host": "d6b2a058c4be", "max_lag": 3, "pid": 193091, "queue": "preference", "rank": null, "requested": 4, "ts": "2026-10-04 16:16:05"}
[DBG] {"category": "QUEUE", "component": "queue", "event": "watchdog_armed", "host": "d6b2a058c4be", "pid": 193091, "rank": null, "stage": "queue_list_for_pop", "timeout_sec": 30.0, "ts": "2026-10-04 16:16:05"}
[DBG] {"category": "QUEUE", "component": "queue", "elapsed_sec": 0.001773, "event": "END:queue_list_for_pop", "host": "d6b2a058c4be", "pid": 193091, "rank": null, "ts": "2026-10-04 16:16:05"}
[DBG] {"available": 0, "category": "QUEUE", "component": "queue", "event": "pop_scan", "exact": true, "host": "d6b2a058c4be", "pid": 193091, "queue": "preference", "rank": null, "requested": 4, "selected": 0, "selected_keys": [], "stale": 0, "stale_keys": [], "ts": "2026-10-04 16:16:05"}
[DBG] {"available": 0, "category": "QUEUE", "component": "queue", "event": "pop_not_enough", "host": "d6b2a058c4be", "pid": 193091, "queue": "preference", "rank": null, "requested": 4, "ts": "2026-10-04 16:16:05"}
[DBG] {"category": "QUEUE", "component": "queue", "current_version": 0, "event": "BEGIN:queue_list_for_pop", "exact": true, "host": "d6b2a058c4be", "max_lag": 3, "pid": 193091, "queue": "preference", "rank": null, "requested": 4, "ts": "2026-10-04 16:16:05"}
[DBG] {"category": "QUEUE", "component": "queue", "event": "watchdog_armed", "host": "d6b2a058c4be", "pid": 193091, "rank": null, "stage": "queue_list_for_pop", "timeout_sec": 30.0, "ts": "2026-10-04 16:16:05"}
[DBG] {"category": "QUEUE", "component": "queue", "elapsed_sec": 0.001879, "event": "END:queue_list_for_pop", "host": "d6b2a058c4be", "pid": 193091, "rank": null, "ts": "2026-10-04 16:16:05"}
[DBG] {"available": 0, "category": "QUEUE", "component": "queue", "event": "pop_scan", "exact": true, "host": "d6b2a058c4be", "pid": 193091, "queue": "preference", "rank": null, "requested": 4, "selected": 0, "selected_keys": [], "stale": 0, "stale_keys": [], "ts": "2026-10-04 16:16:05"}
[DBG] {"available": 0, "category": "QUEUE", "component": "queue", "event": "pop_not_enough", "host": "d6b2a058c4be", "pid": 193091, "queue": "preference", "rank": null, "requested": 4, "ts": "2026-10-04 16:16:05"}
[DBG] {"category": "QUEUE", "component": "queue", "current_version": 0, "event": "BEGIN:queue_list_for_pop", "exact": true, "host": "d6b2a058c4be", "max_lag": 3, "pid": 193091, "queue": "preference", "rank": null, "requested": 4, "ts": "2026-10-04 16:16:06"}
[DBG] {"category": "QUEUE", "component": "queue", "event": "watchdog_armed", "host": "d6b2a058c4be", "pid": 193091, "rank": null, "stage": "queue_list_for_pop", "timeout_sec": 30.0, "ts": "2026-10-04 16:16:06"}
[DBG] {"category": "QUEUE", "component": "queue", "elapsed_sec": 0.001726, "event": "END:queue_list_for_pop", "host": "d6b2a058c4be", "pid": 193091, "rank": null, "ts": "2026-10-04 16:16:06"}
[DBG] {"available": 0, "category": "QUEUE", "component": "queue", "event": "pop_scan", "exact": true, "host": "d6b2a058c4be", "pid": 193091, "queue": "preference", "rank": null, "requested": 4, "selected": 0, "selected_keys": [], "stale": 0, "stale_keys": [], "ts": "2026-10-04 16:16:06"}
[DBG] {"available": 0, "category": "QUEUE", "component": "queue", "event": "pop_not_enough", "host": "d6b2a058c4be", "pid": 193091, "queue": "preference", "rank": null, "requested": 4, "ts": "2026-10-04 16:16:06"}
[DBG] {"category": "QUEUE", "component": "queue", "current_version": 0, "event": "BEGIN:queue_list_for_pop", "exact": true, "host": "d6b2a058c4be", "max_lag": 3, "pid": 193091, "queue": "preference", "rank": null, "requested": 4, "ts": "2026-10-04 16:16:06"}
[DBG] {"category": "QUEUE", "component": "queue", "event": "watchdog_armed", "host": "d6b2a058c4be", "pid": 193091, "rank": null, "stage": "queue_list_for_pop", "timeout_sec": 30.0, "ts": "2026-10-04 16:16:06"}
[DBG] {"category": "QUEUE", "component": "queue", "elapsed_sec": 0.001587, "event": "END:queue_list_for_pop", "host": "d6b2a058c4be", "pid": 193091, "rank": null, "ts": "2026-10-04 16:16:06"}
[DBG] {"available": 0, "category": "QUEUE", "component": "queue", "event": "pop_scan", "exact": true, "host": "d6b2a058c4be", "pid": 193091, "queue": "preference", "rank": null, "requested": 4, "selected": 0, "selected_keys": [], "stale": 0, "stale_keys": [], "ts": "2026-10-04 16:16:06"}
[DBG] {"available": 0, "category": "QUEUE", "component": "queue", "event": "pop_not_enough", "host": "d6b2a058c4be", "pid": 193091, "queue": "preference", "rank": null, "requested": 4, "ts": "2026-10-04 16:16:06"}
[DBG] {"category": "QUEUE", "component": "queue", "current_version": 0, "event": "BEGIN:queue_list_for_pop", "exact": true, "host": "d6b2a058c4be", "max_lag": 3, "pid": 193091, "queue": "preference", "rank": null, "requested": 4, "ts": "2026-10-04 16:16:07"}
[DBG] {"category": "QUEUE", "component": "queue", "event": "watchdog_armed", "host": "d6b2a058c4be", "pid": 193091, "rank": null, "stage": "queue_list_for_pop", "timeout_sec": 30.0, "ts": "2026-10-04 16:16:07"}
[DBG] {"category": "QUEUE", "component": "queue", "elapsed_sec": 0.001694, "event": "END:queue_list_for_pop", "host": "d6b2a058c4be", "pid": 193091, "rank": null, "ts": "2026-10-04 16:16:07"}
[DBG] {"available": 0, "category": "QUEUE", "component": "queue", "event": "pop_scan", "exact": true, "host": "d6b2a058c4be", "pid": 193091, "queue": "preference", "rank": null, "requested": 4, "selected": 0, "selected_keys": [], "stale": 0, "stale_keys": [], "ts": "2026-10-04 16:16:07"}
[DBG] {"available": 0, "category": "QUEUE", "component": "queue", "event": "pop_not_enough", "host": "d6b2a058c4be", "pid": 193091, "queue": "preference", "rank": null, "requested": 4, "ts": "2026-10-04 16:16:07"}
[DBG] {"category": "QUEUE", "component": "queue", "current_version": 0, "event": "BEGIN:queue_list_for_pop", "exact": true, "host": "d6b2a058c4be", "max_lag": 3, "pid": 193091, "queue": "preference", "rank": null, "requested": 4, "ts": "2026-10-04 16:16:07"}
[DBG] {"category": "QUEUE", "component": "queue", "event": "watchdog_armed", "host": "d6b2a058c4be", "pid": 193091, "rank": null, "stage": "queue_list_for_pop", "timeout_sec": 30.0, "ts": "2026-10-04 16:16:07"}
[DBG] {"category": "QUEUE", "component": "queue", "elapsed_sec": 0.002057, "event": "END:queue_list_for_pop", "host": "d6b2a058c4be", "pid": 193091, "rank": null, "ts": "2026-10-04 16:16:07"}
[DBG] {"available": 0, "category": "QUEUE", "component": "queue", "event": "pop_scan", "exact": true, "host": "d6b2a058c4be", "pid": 193091, "queue": "preference", "rank": null, "requested": 4, "selected": 0, "selected_keys": [], "stale": 0, "stale_keys": [], "ts": "2026-10-04 16:16:07"}
[DBG] {"available": 0, "category": "QUEUE", "component": "queue", "event": "pop_not_enough", "host": "d6b2a058c4be", "pid": 193091, "queue": "preference", "rank": null, "requested": 4, "ts": "2026-10-04 16:16:07"}
[DBG] {"category": "QUEUE", "component": "queue", "current_version": 0, "event": "BEGIN:queue_list_for_pop", "exact": true, "host": "d6b2a058c4be", "max_lag": 3, "pid": 193091, "queue": "preference", "rank": null, "requested": 4, "ts": "2026-10-04 16:16:08"}
[DBG] {"category": "QUEUE", "component": "queue", "event": "watchdog_armed", "host": "d6b2a058c4be", "pid": 193091, "rank": null, "stage": "queue_list_for_pop", "timeout_sec": 30.0, "ts": "2026-10-04 16:16:08"}
[DBG] {"category": "QUEUE", "component": "queue", "elapsed_sec": 0.001635, "event": "END:queue_list_for_pop", "host": "d6b2a058c4be", "pid": 193091, "rank": null, "ts": "2026-10-04 16:16:08"}
[DBG] {"available": 0, "category": "QUEUE", "component": "queue", "event": "pop_scan", "exact": true, "host": "d6b2a058c4be", "pid": 193091, "queue": "preference", "rank": null, "requested": 4, "selected": 0, "selected_keys": [], "stale": 0, "stale_keys": [], "ts": "2026-10-04 16:16:08"}
[DBG] {"available": 0, "category": "QUEUE", "component": "queue", "event": "pop_not_enough", "host": "d6b2a058c4be", "pid": 193091, "queue": "preference", "rank": null, "requested": 4, "ts": "2026-10-04 16:16:08"}
[DBG] {"category": "QUEUE", "component": "queue", "current_version": 0, "event": "BEGIN:queue_list_for_pop", "exact": true, "host": "d6b2a058c4be", "max_lag": 3, "pid": 193091, "queue": "preference", "rank": null, "requested": 4, "ts": "2026-10-04 16:16:09"}
[DBG] {"category": "QUEUE", "component": "queue", "event": "watchdog_armed", "host": "d6b2a058c4be", "pid": 193091, "rank": null, "stage": "queue_list_for_pop", "timeout_sec": 30.0, "ts": "2026-10-04 16:16:09"}
[DBG] {"category": "QUEUE", "component": "queue", "elapsed_sec": 0.001858, "event": "END:queue_list_for_pop", "host": "d6b2a058c4be", "pid": 193091, "rank": null, "ts": "2026-10-04 16:16:09"}
[DBG] {"available": 0, "category": "QUEUE", "component": "queue", "event": "pop_scan", "exact": true, "host": "d6b2a058c4be", "pid": 193091, "queue": "preference", "rank": null, "requested": 4, "selected": 0, "selected_keys": [], "stale": 0, "stale_keys": [], "ts": "2026-10-04 16:16:09"}
[DBG] {"available": 0, "category": "QUEUE", "component": "queue", "event": "pop_not_enough", "host": "d6b2a058c4be", "pid": 193091, "queue": "preference", "rank": null, "requested": 4, "ts": "2026-10-04 16:16:09"}
[DBG] {"category": "QUEUE", "component": "queue", "current_version": 0, "event": "BEGIN:queue_list_for_pop", "exact": true, "host": "d6b2a058c4be", "max_lag": 3, "pid": 193091, "queue": "preference", "rank": null, "requested": 4, "ts": "2026-10-04 16:16:09"}
[DBG] {"category": "QUEUE", "component": "queue", "event": "watchdog_armed", "host": "d6b2a058c4be", "pid": 193091, "rank": null, "stage": "queue_list_for_pop", "timeout_sec": 30.0, "ts": "2026-10-04 16:16:09"}
[DBG] {"category": "QUEUE", "component": "queue", "elapsed_sec": 0.001996, "event": "END:queue_list_for_pop", "host": "d6b2a058c4be", "pid": 193091, "rank": null, "ts": "2026-10-04 16:16:09"}
[DBG] {"available": 0, "category": "QUEUE", "component": "queue", "event": "pop_scan", "exact": true, "host": "d6b2a058c4be", "pid": 193091, "queue": "preference", "rank": null, "requested": 4, "selected": 0, "selected_keys": [], "stale": 0, "stale_keys": [], "ts": "2026-10-04 16:16:09"}
[DBG] {"available": 0, "category": "QUEUE", "component": "queue", "event": "pop_not_enough", "host": "d6b2a058c4be", "pid": 193091, "queue": "preference", "rank": null, "requested": 4, "ts": "2026-10-04 16:16:09"}
[DBG] {"category": "QUEUE", "component": "queue", "current_version": 0, "event": "BEGIN:queue_list_for_pop", "exact": true, "host": "d6b2a058c4be", "max_lag": 3, "pid": 193091, "queue": "preference", "rank": null, "requested": 4, "ts": "2026-10-04 16:16:10"}
[DBG] {"category": "QUEUE", "component": "queue", "event": "watchdog_armed", "host": "d6b2a058c4be", "pid": 193091, "rank": null, "stage": "queue_list_for_pop", "timeout_sec": 30.0, "ts": "2026-10-04 16:16:10"}
[DBG] {"category": "QUEUE", "component": "queue", "elapsed_sec": 0.001786, "event": "END:queue_list_for_pop", "host": "d6b2a058c4be", "pid": 193091, "rank": null, "ts": "2026-10-04 16:16:10"}
[DBG] {"available": 0, "category": "QUEUE", "component": "queue", "event": "pop_scan", "exact": true, "host": "d6b2a058c4be", "pid": 193091, "queue": "preference", "rank": null, "requested": 4, "selected": 0, "selected_keys": [], "stale": 0, "stale_keys": [], "ts": "2026-10-04 16:16:10"}
[DBG] {"available": 0, "category": "QUEUE", "component": "queue", "event": "pop_not_enough", "host": "d6b2a058c4be", "pid": 193091, "queue": "preference", "rank": null, "requested": 4, "ts": "2026-10-04 16:16:10"}
[DBG] {"category": "QUEUE", "component": "queue", "current_version": 0, "event": "BEGIN:queue_list_for_pop", "exact": true, "host": "d6b2a058c4be", "max_lag": 3, "pid": 193091, "queue": "preference", "rank": null, "requested": 4, "ts": "2026-10-04 16:16:10"}
[DBG] {"category": "QUEUE", "component": "queue", "event": "watchdog_armed", "host": "d6b2a058c4be", "pid": 193091, "rank": null, "stage": "queue_list_for_pop", "timeout_sec": 30.0, "ts": "2026-10-04 16:16:10"}
[DBG] {"category": "QUEUE", "component": "queue", "elapsed_sec": 0.001546, "event": "END:queue_list_for_pop", "host": "d6b2a058c4be", "pid": 193091, "rank": null, "ts": "2026-10-04 16:16:10"}
[DBG] {"available": 0, "category": "QUEUE", "component": "queue", "event": "pop_scan", "exact": true, "host": "d6b2a058c4be", "pid": 193091, "queue": "preference", "rank": null, "requested": 4, "selected": 0, "selected_keys": [], "stale": 0, "stale_keys": [], "ts": "2026-10-04 16:16:10"}
[DBG] {"available": 0, "category": "QUEUE", "component": "queue", "event": "pop_not_enough", "host": "d6b2a058c4be", "pid": 193091, "queue": "preference", "rank": null, "requested": 4, "ts": "2026-10-04 16:16:10"}
[DBG] {"category": "QUEUE", "component": "queue", "current_version": 0, "event": "BEGIN:queue_list_for_pop", "exact": true, "host": "d6b2a058c4be", "max_lag": 3, "pid": 193091, "queue": "preference", "rank": null, "requested": 4, "ts": "2026-10-04 16:16:11"}
[DBG] {"category": "QUEUE", "component": "queue", "event": "watchdog_armed", "host": "d6b2a058c4be", "pid": 193091, "rank": null, "stage": "queue_list_for_pop", "timeout_sec": 30.0, "ts": "2026-10-04 16:16:11"}
[DBG] {"category": "QUEUE", "component": "queue", "elapsed_sec": 0.001538, "event": "END:queue_list_for_pop", "host": "d6b2a058c4be", "pid": 193091, "rank": null, "ts": "2026-10-04 16:16:11"}
[DBG] {"available": 0, "category": "QUEUE", "component": "queue", "event": "pop_scan", "exact": true, "host": "d6b2a058c4be", "pid": 193091, "queue": "preference", "rank": null, "requested": 4, "selected": 0, "selected_keys": [], "stale": 0, "stale_keys": [], "ts": "2026-10-04 16:16:11"}
[DBG] {"available": 0, "category": "QUEUE", "component": "queue", "event": "pop_not_enough", "host": "d6b2a058c4be", "pid": 193091, "queue": "preference", "rank": null, "requested": 4, "ts": "2026-10-04 16:16:11"}
[DBG] {"category": "QUEUE", "component": "queue", "current_version": 0, "event": "BEGIN:queue_list_for_pop", "exact": true, "host": "d6b2a058c4be", "max_lag": 3, "pid": 193091, "queue": "preference", "rank": null, "requested": 4, "ts": "2026-10-04 16:16:11"}
[DBG] {"category": "QUEUE", "component": "queue", "event": "watchdog_armed", "host": "d6b2a058c4be", "pid": 193091, "rank": null, "stage": "queue_list_for_pop", "timeout_sec": 30.0, "ts": "2026-10-04 16:16:11"}
[DBG] {"category": "QUEUE", "component": "queue", "elapsed_sec": 0.001727, "event": "END:queue_list_for_pop", "host": "d6b2a058c4be", "pid": 193091, "rank": null, "ts": "2026-10-04 16:16:11"}
[DBG] {"available": 0, "category": "QUEUE", "component": "queue", "event": "pop_scan", "exact": true, "host": "d6b2a058c4be", "pid": 193091, "queue": "preference", "rank": null, "requested": 4, "selected": 0, "selected_keys": [], "stale": 0, "stale_keys": [], "ts": "2026-10-04 16:16:11"}
[DBG] {"available": 0, "category": "QUEUE", "component": "queue", "event": "pop_not_enough", "host": "d6b2a058c4be", "pid": 193091, "queue": "preference", "rank": null, "requested": 4, "ts": "2026-10-04 16:16:11"}
[DBG] {"category": "QUEUE", "component": "queue", "current_version": 0, "event": "BEGIN:queue_list_for_pop", "exact": true, "host": "d6b2a058c4be", "max_lag": 3, "pid": 193091, "queue": "preference", "rank": null, "requested": 4, "ts": "2026-10-04 16:16:12"}
[DBG] {"category": "QUEUE", "component": "queue", "event": "watchdog_armed", "host": "d6b2a058c4be", "pid": 193091, "rank": null, "stage": "queue_list_for_pop", "timeout_sec": 30.0, "ts": "2026-10-04 16:16:12"}
[DBG] {"category": "QUEUE", "component": "queue", "elapsed_sec": 0.001705, "event": "END:queue_list_for_pop", "host": "d6b2a058c4be", "pid": 193091, "rank": null, "ts": "2026-10-04 16:16:12"}
[DBG] {"available": 0, "category": "QUEUE", "component": "queue", "event": "pop_scan", "exact": true, "host": "d6b2a058c4be", "pid": 193091, "queue": "preference", "rank": null, "requested": 4, "selected": 0, "selected_keys": [], "stale": 0, "stale_keys": [], "ts": "2026-10-04 16:16:12"}
[DBG] {"available": 0, "category": "QUEUE", "component": "queue", "event": "pop_not_enough", "host": "d6b2a058c4be", "pid": 193091, "queue": "preference", "rank": null, "requested": 4, "ts": "2026-10-04 16:16:12"}
[DBG] {"category": "QUEUE", "component": "queue", "current_version": 0, "event": "BEGIN:queue_list_for_pop", "exact": true, "host": "d6b2a058c4be", "max_lag": 3, "pid": 193091, "queue": "preference", "rank": null, "requested": 4, "ts": "2026-10-04 16:16:12"}
[DBG] {"category": "QUEUE", "component": "queue", "event": "watchdog_armed", "host": "d6b2a058c4be", "pid": 193091, "rank": null, "stage": "queue_list_for_pop", "timeout_sec": 30.0, "ts": "2026-10-04 16:16:12"}
[DBG] {"category": "QUEUE", "component": "queue", "elapsed_sec": 0.00161, "event": "END:queue_list_for_pop", "host": "d6b2a058c4be", "pid": 193091, "rank": null, "ts": "2026-10-04 16:16:12"}
[DBG] {"available": 0, "category": "QUEUE", "component": "queue", "event": "pop_scan", "exact": true, "host": "d6b2a058c4be", "pid": 193091, "queue": "preference", "rank": null, "requested": 4, "selected": 0, "selected_keys": [], "stale": 0, "stale_keys": [], "ts": "2026-10-04 16:16:12"}
[DBG] {"available": 0, "category": "QUEUE", "component": "queue", "event": "pop_not_enough", "host": "d6b2a058c4be", "pid": 193091, "queue": "preference", "rank": null, "requested": 4, "ts": "2026-10-04 16:16:12"}
[DBG] {"category": "QUEUE", "component": "queue", "current_version": 0, "event": "BEGIN:queue_list_for_pop", "exact": true, "host": "d6b2a058c4be", "max_lag": 3, "pid": 193091, "queue": "preference", "rank": null, "requested": 4, "ts": "2026-10-04 16:16:13"}
[DBG] {"category": "QUEUE", "component": "queue", "event": "watchdog_armed", "host": "d6b2a058c4be", "pid": 193091, "rank": null, "stage": "queue_list_for_pop", "timeout_sec": 30.0, "ts": "2026-10-04 16:16:13"}
[DBG] {"category": "QUEUE", "component": "queue", "elapsed_sec": 0.001851, "event": "END:queue_list_for_pop", "host": "d6b2a058c4be", "pid": 193091, "rank": null, "ts": "2026-10-04 16:16:13"}
[DBG] {"available": 0, "category": "QUEUE", "component": "queue", "event": "pop_scan", "exact": true, "host": "d6b2a058c4be", "pid": 193091, "queue": "preference", "rank": null, "requested": 4, "selected": 0, "selected_keys": [], "stale": 0, "stale_keys": [], "ts": "2026-10-04 16:16:13"}
[DBG] {"available": 0, "category": "QUEUE", "component": "queue", "event": "pop_not_enough", "host": "d6b2a058c4be", "pid": 193091, "queue": "preference", "rank": null, "requested": 4, "ts": "2026-10-04 16:16:13"}
[DBG] {"category": "QUEUE", "component": "queue", "current_version": 0, "event": "BEGIN:queue_list_for_pop", "exact": true, "host": "d6b2a058c4be", "max_lag": 3, "pid": 193091, "queue": "preference", "rank": null, "requested": 4, "ts": "2026-10-04 16:16:13"}
[DBG] {"category": "QUEUE", "component": "queue", "event": "watchdog_armed", "host": "d6b2a058c4be", "pid": 193091, "rank": null, "stage": "queue_list_for_pop", "timeout_sec": 30.0, "ts": "2026-10-04 16:16:13"}
[DBG] {"category": "QUEUE", "component": "queue", "elapsed_sec": 0.001851, "event": "END:queue_list_for_pop", "host": "d6b2a058c4be", "pid": 193091, "rank": null, "ts": "2026-10-04 16:16:13"}
[DBG] {"available": 0, "category": "QUEUE", "component": "queue", "event": "pop_scan", "exact": true, "host": "d6b2a058c4be", "pid": 193091, "queue": "preference", "rank": null, "requested": 4, "selected": 0, "selected_keys": [], "stale": 0, "stale_keys": [], "ts": "2026-10-04 16:16:13"}
[DBG] {"available": 0, "category": "QUEUE", "component": "queue", "event": "pop_not_enough", "host": "d6b2a058c4be", "pid": 193091, "queue": "preference", "rank": null, "requested": 4, "ts": "2026-10-04 16:16:13"}
[DBG] {"category": "QUEUE", "component": "queue", "current_version": 0, "event": "BEGIN:queue_list_for_pop", "exact": true, "host": "d6b2a058c4be", "max_lag": 3, "pid": 193091, "queue": "preference", "rank": null, "requested": 4, "ts": "2026-10-04 16:16:14"}
[DBG] {"category": "QUEUE", "component": "queue", "event": "watchdog_armed", "host": "d6b2a058c4be", "pid": 193091, "rank": null, "stage": "queue_list_for_pop", "timeout_sec": 30.0, "ts": "2026-10-04 16:16:14"}
[DBG] {"category": "QUEUE", "component": "queue", "elapsed_sec": 0.001899, "event": "END:queue_list_for_pop", "host": "d6b2a058c4be", "pid": 193091, "rank": null, "ts": "2026-10-04 16:16:14"}
[DBG] {"available": 0, "category": "QUEUE", "component": "queue", "event": "pop_scan", "exact": true, "host": "d6b2a058c4be", "pid": 193091, "queue": "preference", "rank": null, "requested": 4, "selected": 0, "selected_keys": [], "stale": 0, "stale_keys": [], "ts": "2026-10-04 16:16:14"}
[DBG] {"available": 0, "category": "QUEUE", "component": "queue", "event": "pop_not_enough", "host": "d6b2a058c4be", "pid": 193091, "queue": "preference", "rank": null, "requested": 4, "ts": "2026-10-04 16:16:14"}
[DBG] {"category": "QUEUE", "component": "queue", "current_version": 0, "event": "BEGIN:queue_list_for_pop", "exact": true, "host": "d6b2a058c4be", "max_lag": 3, "pid": 193091, "queue": "preference", "rank": null, "requested": 4, "ts": "2026-10-04 16:16:14"}
[DBG] {"category": "QUEUE", "component": "queue", "event": "watchdog_armed", "host": "d6b2a058c4be", "pid": 193091, "rank": null, "stage": "queue_list_for_pop", "timeout_sec": 30.0, "ts": "2026-10-04 16:16:14"}
[DBG] {"category": "QUEUE", "component": "queue", "elapsed_sec": 0.001936, "event": "END:queue_list_for_pop", "host": "d6b2a058c4be", "pid": 193091, "rank": null, "ts": "2026-10-04 16:16:14"}
[DBG] {"available": 0, "category": "QUEUE", "component": "queue", "event": "pop_scan", "exact": true, "host": "d6b2a058c4be", "pid": 193091, "queue": "preference", "rank": null, "requested": 4, "selected": 0, "selected_keys": [], "stale": 0, "stale_keys": [], "ts": "2026-10-04 16:16:14"}
[DBG] {"available": 0, "category": "QUEUE", "component": "queue", "event": "pop_not_enough", "host": "d6b2a058c4be", "pid": 193091, "queue": "preference", "rank": null, "requested": 4, "ts": "2026-10-04 16:16:14"}
[DBG] {"category": "QUEUE", "component": "queue", "current_version": 0, "event": "BEGIN:queue_list_for_pop", "exact": true, "host": "d6b2a058c4be", "max_lag": 3, "pid": 193091, "queue": "preference", "rank": null, "requested": 4, "ts": "2026-10-04 16:16:15"}
[DBG] {"category": "QUEUE", "component": "queue", "event": "watchdog_armed", "host": "d6b2a058c4be", "pid": 193091, "rank": null, "stage": "queue_list_for_pop", "timeout_sec": 30.0, "ts": "2026-10-04 16:16:15"}
[DBG] {"category": "QUEUE", "component": "queue", "elapsed_sec": 0.001627, "event": "END:queue_list_for_pop", "host": "d6b2a058c4be", "pid": 193091, "rank": null, "ts": "2026-10-04 16:16:15"}
[DBG] {"available": 0, "category": "QUEUE", "component": "queue", "event": "pop_scan", "exact": true, "host": "d6b2a058c4be", "pid": 193091, "queue": "preference", "rank": null, "requested": 4, "selected": 0, "selected_keys": [], "stale": 0, "stale_keys": [], "ts": "2026-10-04 16:16:15"}
[DBG] {"available": 0, "category": "QUEUE", "component": "queue", "event": "pop_not_enough", "host": "d6b2a058c4be", "pid": 193091, "queue": "preference", "rank": null, "requested": 4, "ts": "2026-10-04 16:16:15"}
[DBG] {"category": "QUEUE", "component": "queue", "current_version": 0, "event": "BEGIN:queue_list_for_pop", "exact": true, "host": "d6b2a058c4be", "max_lag": 3, "pid": 193091, "queue": "preference", "rank": null, "requested": 4, "ts": "2026-10-04 16:16:15"}
[DBG] {"category": "QUEUE", "component": "queue", "event": "watchdog_armed", "host": "d6b2a058c4be", "pid": 193091, "rank": null, "stage": "queue_list_for_pop", "timeout_sec": 30.0, "ts": "2026-10-04 16:16:15"}
[DBG] {"category": "QUEUE", "component": "queue", "elapsed_sec": 0.001951, "event": "END:queue_list_for_pop", "host": "d6b2a058c4be", "pid": 193091, "rank": null, "ts": "2026-10-04 16:16:15"}
[DBG] {"available": 0, "category": "QUEUE", "component": "queue", "event": "pop_scan", "exact": true, "host": "d6b2a058c4be", "pid": 193091, "queue": "preference", "rank": null, "requested": 4, "selected": 0, "selected_keys": [], "stale": 0, "stale_keys": [], "ts": "2026-10-04 16:16:15"}
[DBG] {"available": 0, "category": "QUEUE", "component": "queue", "event": "pop_not_enough", "host": "d6b2a058c4be", "pid": 193091, "queue": "preference", "rank": null, "requested": 4, "ts": "2026-10-04 16:16:15"}
[DBG] {"category": "QUEUE", "component": "queue", "current_version": 0, "event": "BEGIN:queue_list_for_pop", "exact": true, "host": "d6b2a058c4be", "max_lag": 3, "pid": 193091, "queue": "preference", "rank": null, "requested": 4, "ts": "2026-10-04 16:16:16"}
[DBG] {"category": "QUEUE", "component": "queue", "event": "watchdog_armed", "host": "d6b2a058c4be", "pid": 193091, "rank": null, "stage": "queue_list_for_pop", "timeout_sec": 30.0, "ts": "2026-10-04 16:16:16"}
[DBG] {"category": "QUEUE", "component": "queue", "elapsed_sec": 0.001724, "event": "END:queue_list_for_pop", "host": "d6b2a058c4be", "pid": 193091, "rank": null, "ts": "2026-10-04 16:16:16"}
[DBG] {"available": 0, "category": "QUEUE", "component": "queue", "event": "pop_scan", "exact": true, "host": "d6b2a058c4be", "pid": 193091, "queue": "preference", "rank": null, "requested": 4, "selected": 0, "selected_keys": [], "stale": 0, "stale_keys": [], "ts": "2026-10-04 16:16:16"}
[DBG] {"available": 0, "category": "QUEUE", "component": "queue", "event": "pop_not_enough", "host": "d6b2a058c4be", "pid": 193091, "queue": "preference", "rank": null, "requested": 4, "ts": "2026-10-04 16:16:16"}
[DBG] {"category": "QUEUE", "component": "queue", "current_version": 0, "event": "BEGIN:queue_list_for_pop", "exact": true, "host": "d6b2a058c4be", "max_lag": 3, "pid": 193091, "queue": "preference", "rank": null, "requested": 4, "ts": "2026-10-04 16:16:16"}
[DBG] {"category": "QUEUE", "component": "queue", "event": "watchdog_armed", "host": "d6b2a058c4be", "pid": 193091, "rank": null, "stage": "queue_list_for_pop", "timeout_sec": 30.0, "ts": "2026-10-04 16:16:16"}
[DBG] {"category": "QUEUE", "component": "queue", "elapsed_sec": 0.002415, "event": "END:queue_list_for_pop", "host": "d6b2a058c4be", "pid": 193091, "rank": null, "ts": "2026-10-04 16:16:16"}
[DBG] {"available": 0, "category": "QUEUE", "component": "queue", "event": "pop_scan", "exact": true, "host": "d6b2a058c4be", "pid": 193091, "queue": "preference", "rank": null, "requested": 4, "selected": 0, "selected_keys": [], "stale": 0, "stale_keys": [], "ts": "2026-10-04 16:16:16"}
[DBG] {"available": 0, "category": "QUEUE", "component": "queue", "event": "pop_not_enough", "host": "d6b2a058c4be", "pid": 193091, "queue": "preference", "rank": null, "requested": 4, "ts": "2026-10-04 16:16:16"}
[DBG] {"category": "QUEUE", "component": "queue", "current_version": 0, "event": "BEGIN:queue_list_for_pop", "exact": true, "host": "d6b2a058c4be", "max_lag": 3, "pid": 193091, "queue": "preference", "rank": null, "requested": 4, "ts": "2026-10-04 16:16:17"}
[DBG] {"category": "QUEUE", "component": "queue", "event": "watchdog_armed", "host": "d6b2a058c4be", "pid": 193091, "rank": null, "stage": "queue_list_for_pop", "timeout_sec": 30.0, "ts": "2026-10-04 16:16:17"}
[DBG] {"category": "QUEUE", "component": "queue", "elapsed_sec": 0.002238, "event": "END:queue_list_for_pop", "host": "d6b2a058c4be", "pid": 193091, "rank": null, "ts": "2026-10-04 16:16:17"}
[DBG] {"available": 0, "category": "QUEUE", "component": "queue", "event": "pop_scan", "exact": true, "host": "d6b2a058c4be", "pid": 193091, "queue": "preference", "rank": null, "requested": 4, "selected": 0, "selected_keys": [], "stale": 0, "stale_keys": [], "ts": "2026-10-04 16:16:17"}
[DBG] {"available": 0, "category": "QUEUE", "component": "queue", "event": "pop_not_enough", "host": "d6b2a058c4be", "pid": 193091, "queue": "preference", "rank": null, "requested": 4, "ts": "2026-10-04 16:16:17"}
[DBG] {"category": "QUEUE", "component": "queue", "current_version": 0, "event": "BEGIN:queue_list_for_pop", "exact": true, "host": "d6b2a058c4be", "max_lag": 3, "pid": 193091, "queue": "preference", "rank": null, "requested": 4, "ts": "2026-10-04 16:16:17"}
[DBG] {"category": "QUEUE", "component": "queue", "event": "watchdog_armed", "host": "d6b2a058c4be", "pid": 193091, "rank": null, "stage": "queue_list_for_pop", "timeout_sec": 30.0, "ts": "2026-10-04 16:16:17"}
[DBG] {"category": "QUEUE", "component": "queue", "elapsed_sec": 0.001872, "event": "END:queue_list_for_pop", "host": "d6b2a058c4be", "pid": 193091, "rank": null, "ts": "2026-10-04 16:16:17"}
[DBG] {"available": 0, "category": "QUEUE", "component": "queue", "event": "pop_scan", "exact": true, "host": "d6b2a058c4be", "pid": 193091, "queue": "preference", "rank": null, "requested": 4, "selected": 0, "selected_keys": [], "stale": 0, "stale_keys": [], "ts": "2026-10-04 16:16:17"}
[DBG] {"available": 0, "category": "QUEUE", "component": "queue", "event": "pop_not_enough", "host": "d6b2a058c4be", "pid": 193091, "queue": "preference", "rank": null, "requested": 4, "ts": "2026-10-04 16:16:17"}
[DBG] {"category": "QUEUE", "component": "queue", "current_version": 0, "event": "BEGIN:queue_list_for_pop", "exact": true, "host": "d6b2a058c4be", "max_lag": 3, "pid": 193091, "queue": "preference", "rank": null, "requested": 4, "ts": "2026-10-04 16:16:18"}
[DBG] {"category": "QUEUE", "component": "queue", "event": "watchdog_armed", "host": "d6b2a058c4be", "pid": 193091, "rank": null, "stage": "queue_list_for_pop", "timeout_sec": 30.0, "ts": "2026-10-04 16:16:18"}
[DBG] {"category": "QUEUE", "component": "queue", "elapsed_sec": 0.0022, "event": "END:queue_list_for_pop", "host": "d6b2a058c4be", "pid": 193091, "rank": null, "ts": "2026-10-04 16:16:18"}
[DBG] {"available": 0, "category": "QUEUE", "component": "queue", "event": "pop_scan", "exact": true, "host": "d6b2a058c4be", "pid": 193091, "queue": "preference", "rank": null, "requested": 4, "selected": 0, "selected_keys": [], "stale": 0, "stale_keys": [], "ts": "2026-10-04 16:16:18"}
[DBG] {"available": 0, "category": "QUEUE", "component": "queue", "event": "pop_not_enough", "host": "d6b2a058c4be", "pid": 193091, "queue": "preference", "rank": null, "requested": 4, "ts": "2026-10-04 16:16:18"}
[DBG] {"category": "QUEUE", "component": "queue", "current_version": 0, "event": "BEGIN:queue_list_for_pop", "exact": true, "host": "d6b2a058c4be", "max_lag": 3, "pid": 193091, "queue": "preference", "rank": null, "requested": 4, "ts": "2026-10-04 16:16:18"}
[DBG] {"category": "QUEUE", "component": "queue", "event": "watchdog_armed", "host": "d6b2a058c4be", "pid": 193091, "rank": null, "stage": "queue_list_for_pop", "timeout_sec": 30.0, "ts": "2026-10-04 16:16:18"}
[DBG] {"category": "QUEUE", "component": "queue", "elapsed_sec": 0.002039, "event": "END:queue_list_for_pop", "host": "d6b2a058c4be", "pid": 193091, "rank": null, "ts": "2026-10-04 16:16:18"}
[DBG] {"available": 0, "category": "QUEUE", "component": "queue", "event": "pop_scan", "exact": true, "host": "d6b2a058c4be", "pid": 193091, "queue": "preference", "rank": null, "requested": 4, "selected": 0, "selected_keys": [], "stale": 0, "stale_keys": [], "ts": "2026-10-04 16:16:18"}
[DBG] {"available": 0, "category": "QUEUE", "component": "queue", "event": "pop_not_enough", "host": "d6b2a058c4be", "pid": 193091, "queue": "preference", "rank": null, "requested": 4, "ts": "2026-10-04 16:16:18"}
[DBG] {"category": "QUEUE", "component": "queue", "current_version": 0, "event": "BEGIN:queue_list_for_pop", "exact": true, "host": "d6b2a058c4be", "max_lag": 3, "pid": 193091, "queue": "preference", "rank": null, "requested": 4, "ts": "2026-10-04 16:16:19"}
[DBG] {"category": "QUEUE", "component": "queue", "event": "watchdog_armed", "host": "d6b2a058c4be", "pid": 193091, "rank": null, "stage": "queue_list_for_pop", "timeout_sec": 30.0, "ts": "2026-10-04 16:16:19"}
[DBG] {"category": "QUEUE", "component": "queue", "elapsed_sec": 0.001874, "event": "END:queue_list_for_pop", "host": "d6b2a058c4be", "pid": 193091, "rank": null, "ts": "2026-10-04 16:16:19"}
[DBG] {"available": 0, "category": "QUEUE", "component": "queue", "event": "pop_scan", "exact": true, "host": "d6b2a058c4be", "pid": 193091, "queue": "preference", "rank": null, "requested": 4, "selected": 0, "selected_keys": [], "stale": 0, "stale_keys": [], "ts": "2026-10-04 16:16:19"}
[DBG] {"available": 0, "category": "QUEUE", "component": "queue", "event": "pop_not_enough", "host": "d6b2a058c4be", "pid": 193091, "queue": "preference", "rank": null, "requested": 4, "ts": "2026-10-04 16:16:19"}
[DBG] {"category": "QUEUE", "component": "queue", "current_version": 0, "event": "BEGIN:queue_list_for_pop", "exact": true, "host": "d6b2a058c4be", "max_lag": 3, "pid": 193091, "queue": "preference", "rank": null, "requested": 4, "ts": "2026-10-04 16:16:19"}
[DBG] {"category": "QUEUE", "component": "queue", "event": "watchdog_armed", "host": "d6b2a058c4be", "pid": 193091, "rank": null, "stage": "queue_list_for_pop", "timeout_sec": 30.0, "ts": "2026-10-04 16:16:19"}
[DBG] {"category": "QUEUE", "component": "queue", "elapsed_sec": 0.002049, "event": "END:queue_list_for_pop", "host": "d6b2a058c4be", "pid": 193091, "rank": null, "ts": "2026-10-04 16:16:19"}
[DBG] {"available": 0, "category": "QUEUE", "component": "queue", "event": "pop_scan", "exact": true, "host": "d6b2a058c4be", "pid": 193091, "queue": "preference", "rank": null, "requested": 4, "selected": 0, "selected_keys": [], "stale": 0, "stale_keys": [], "ts": "2026-10-04 16:16:19"}
[DBG] {"available": 0, "category": "QUEUE", "component": "queue", "event": "pop_not_enough", "host": "d6b2a058c4be", "pid": 193091, "queue": "preference", "rank": null, "requested": 4, "ts": "2026-10-04 16:16:19"}
[DBG] {"category": "QUEUE", "component": "queue", "current_version": 0, "event": "BEGIN:queue_list_for_pop", "exact": true, "host": "d6b2a058c4be", "max_lag": 3, "pid": 193091, "queue": "preference", "rank": null, "requested": 4, "ts": "2026-10-04 16:16:20"}
[DBG] {"category": "QUEUE", "component": "queue", "event": "watchdog_armed", "host": "d6b2a058c4be", "pid": 193091, "rank": null, "stage": "queue_list_for_pop", "timeout_sec": 30.0, "ts": "2026-10-04 16:16:20"}
[DBG] {"category": "QUEUE", "component": "queue", "elapsed_sec": 0.001619, "event": "END:queue_list_for_pop", "host": "d6b2a058c4be", "pid": 193091, "rank": null, "ts": "2026-10-04 16:16:20"}
[DBG] {"available": 0, "category": "QUEUE", "component": "queue", "event": "pop_scan", "exact": true, "host": "d6b2a058c4be", "pid": 193091, "queue": "preference", "rank": null, "requested": 4, "selected": 0, "selected_keys": [], "stale": 0, "stale_keys": [], "ts": "2026-10-04 16:16:20"}
[DBG] {"available": 0, "category": "QUEUE", "component": "queue", "event": "pop_not_enough", "host": "d6b2a058c4be", "pid": 193091, "queue": "preference", "rank": null, "requested": 4, "ts": "2026-10-04 16:16:20"}
[DBG] {"category": "QUEUE", "component": "queue", "current_version": 0, "event": "BEGIN:queue_list_for_pop", "exact": true, "host": "d6b2a058c4be", "max_lag": 3, "pid": 193091, "queue": "preference", "rank": null, "requested": 4, "ts": "2026-10-04 16:16:20"}
[DBG] {"category": "QUEUE", "component": "queue", "event": "watchdog_armed", "host": "d6b2a058c4be", "pid": 193091, "rank": null, "stage": "queue_list_for_pop", "timeout_sec": 30.0, "ts": "2026-10-04 16:16:20"}
[DBG] {"category": "QUEUE", "component": "queue", "elapsed_sec": 0.002128, "event": "END:queue_list_for_pop", "host": "d6b2a058c4be", "pid": 193091, "rank": null, "ts": "2026-10-04 16:16:20"}
[DBG] {"available": 0, "category": "QUEUE", "component": "queue", "event": "pop_scan", "exact": true, "host": "d6b2a058c4be", "pid": 193091, "queue": "preference", "rank": null, "requested": 4, "selected": 0, "selected_keys": [], "stale": 0, "stale_keys": [], "ts": "2026-10-04 16:16:20"}
[DBG] {"available": 0, "category": "QUEUE", "component": "queue", "event": "pop_not_enough", "host": "d6b2a058c4be", "pid": 193091, "queue": "preference", "rank": null, "requested": 4, "ts": "2026-10-04 16:16:20"}
[DBG] {"category": "QUEUE", "component": "queue", "current_version": 0, "event": "BEGIN:queue_list_for_pop", "exact": true, "host": "d6b2a058c4be", "max_lag": 3, "pid": 193091, "queue": "preference", "rank": null, "requested": 4, "ts": "2026-10-04 16:16:21"}
[DBG] {"category": "QUEUE", "component": "queue", "event": "watchdog_armed", "host": "d6b2a058c4be", "pid": 193091, "rank": null, "stage": "queue_list_for_pop", "timeout_sec": 30.0, "ts": "2026-10-04 16:16:21"}
[DBG] {"category": "QUEUE", "component": "queue", "elapsed_sec": 0.002232, "event": "END:queue_list_for_pop", "host": "d6b2a058c4be", "pid": 193091, "rank": null, "ts": "2026-10-04 16:16:21"}
[DBG] {"available": 0, "category": "QUEUE", "component": "queue", "event": "pop_scan", "exact": true, "host": "d6b2a058c4be", "pid": 193091, "queue": "preference", "rank": null, "requested": 4, "selected": 0, "selected_keys": [], "stale": 0, "stale_keys": [], "ts": "2026-10-04 16:16:21"}
[DBG] {"available": 0, "category": "QUEUE", "component": "queue", "event": "pop_not_enough", "host": "d6b2a058c4be", "pid": 193091, "queue": "preference", "rank": null, "requested": 4, "ts": "2026-10-04 16:16:21"}
[DBG] {"category": "QUEUE", "component": "queue", "current_version": 0, "event": "BEGIN:queue_list_for_pop", "exact": true, "host": "d6b2a058c4be", "max_lag": 3, "pid": 193091, "queue": "preference", "rank": null, "requested": 4, "ts": "2026-10-04 16:16:22"}
[DBG] {"category": "QUEUE", "component": "queue", "event": "watchdog_armed", "host": "d6b2a058c4be", "pid": 193091, "rank": null, "stage": "queue_list_for_pop", "timeout_sec": 30.0, "ts": "2026-10-04 16:16:22"}
[DBG] {"category": "QUEUE", "component": "queue", "elapsed_sec": 0.002658, "event": "END:queue_list_for_pop", "host": "d6b2a058c4be", "pid": 193091, "rank": null, "ts": "2026-10-04 16:16:22"}
[DBG] {"available": 0, "category": "QUEUE", "component": "queue", "event": "pop_scan", "exact": true, "host": "d6b2a058c4be", "pid": 193091, "queue": "preference", "rank": null, "requested": 4, "selected": 0, "selected_keys": [], "stale": 0, "stale_keys": [], "ts": "2026-10-04 16:16:22"}
[DBG] {"available": 0, "category": "QUEUE", "component": "queue", "event": "pop_not_enough", "host": "d6b2a058c4be", "pid": 193091, "queue": "preference", "rank": null, "requested": 4, "ts": "2026-10-04 16:16:22"}
[DBG] {"category": "QUEUE", "component": "queue", "current_version": 0, "event": "BEGIN:queue_list_for_pop", "exact": true, "host": "d6b2a058c4be", "max_lag": 3, "pid": 193091, "queue": "preference", "rank": null, "requested": 4, "ts": "2026-10-04 16:16:22"}
[DBG] {"category": "QUEUE", "component": "queue", "event": "watchdog_armed", "host": "d6b2a058c4be", "pid": 193091, "rank": null, "stage": "queue_list_for_pop", "timeout_sec": 30.0, "ts": "2026-10-04 16:16:22"}
[DBG] {"category": "QUEUE", "component": "queue", "elapsed_sec": 0.001842, "event": "END:queue_list_for_pop", "host": "d6b2a058c4be", "pid": 193091, "rank": null, "ts": "2026-10-04 16:16:22"}
[DBG] {"available": 0, "category": "QUEUE", "component": "queue", "event": "pop_scan", "exact": true, "host": "d6b2a058c4be", "pid": 193091, "queue": "preference", "rank": null, "requested": 4, "selected": 0, "selected_keys": [], "stale": 0, "stale_keys": [], "ts": "2026-10-04 16:16:22"}
[DBG] {"available": 0, "category": "QUEUE", "component": "queue", "event": "pop_not_enough", "host": "d6b2a058c4be", "pid": 193091, "queue": "preference", "rank": null, "requested": 4, "ts": "2026-10-04 16:16:22"}
[DBG] {"category": "QUEUE", "component": "queue", "current_version": 0, "event": "BEGIN:queue_list_for_pop", "exact": true, "host": "d6b2a058c4be", "max_lag": 3, "pid": 193091, "queue": "preference", "rank": null, "requested": 4, "ts": "2026-10-04 16:16:23"}
[DBG] {"category": "QUEUE", "component": "queue", "event": "watchdog_armed", "host": "d6b2a058c4be", "pid": 193091, "rank": null, "stage": "queue_list_for_pop", "timeout_sec": 30.0, "ts": "2026-10-04 16:16:23"}
[DBG] {"category": "QUEUE", "component": "queue", "elapsed_sec": 0.001133, "event": "END:queue_list_for_pop", "host": "d6b2a058c4be", "pid": 193091, "rank": null, "ts": "2026-10-04 16:16:23"}
[DBG] {"available": 0, "category": "QUEUE", "component": "queue", "event": "pop_scan", "exact": true, "host": "d6b2a058c4be", "pid": 193091, "queue": "preference", "rank": null, "requested": 4, "selected": 0, "selected_keys": [], "stale": 0, "stale_keys": [], "ts": "2026-10-04 16:16:23"}
[DBG] {"available": 0, "category": "QUEUE", "component": "queue", "event": "pop_not_enough", "host": "d6b2a058c4be", "pid": 193091, "queue": "preference", "rank": null, "requested": 4, "ts": "2026-10-04 16:16:23"}
[DBG] {"category": "QUEUE", "component": "queue", "current_version": 0, "event": "BEGIN:queue_list_for_pop", "exact": true, "host": "d6b2a058c4be", "max_lag": 3, "pid": 193091, "queue": "preference", "rank": null, "requested": 4, "ts": "2026-10-04 16:16:23"}
[DBG] {"category": "QUEUE", "component": "queue", "event": "watchdog_armed", "host": "d6b2a058c4be", "pid": 193091, "rank": null, "stage": "queue_list_for_pop", "timeout_sec": 30.0, "ts": "2026-10-04 16:16:23"}
[DBG] {"category": "QUEUE", "component": "queue", "elapsed_sec": 0.002057, "event": "END:queue_list_for_pop", "host": "d6b2a058c4be", "pid": 193091, "rank": null, "ts": "2026-10-04 16:16:23"}
[DBG] {"available": 0, "category": "QUEUE", "component": "queue", "event": "pop_scan", "exact": true, "host": "d6b2a058c4be", "pid": 193091, "queue": "preference", "rank": null, "requested": 4, "selected": 0, "selected_keys": [], "stale": 0, "stale_keys": [], "ts": "2026-10-04 16:16:23"}
[DBG] {"available": 0, "category": "QUEUE", "component": "queue", "event": "pop_not_enough", "host": "d6b2a058c4be", "pid": 193091, "queue": "preference", "rank": null, "requested": 4, "ts": "2026-10-04 16:16:23"}
[DBG] {"category": "QUEUE", "component": "queue", "current_version": 0, "event": "BEGIN:queue_list_for_pop", "exact": true, "host": "d6b2a058c4be", "max_lag": 3, "pid": 193091, "queue": "preference", "rank": null, "requested": 4, "ts": "2026-10-04 16:16:24"}
[DBG] {"category": "QUEUE", "component": "queue", "event": "watchdog_armed", "host": "d6b2a058c4be", "pid": 193091, "rank": null, "stage": "queue_list_for_pop", "timeout_sec": 30.0, "ts": "2026-10-04 16:16:24"}
[DBG] {"category": "QUEUE", "component": "queue", "elapsed_sec": 0.001871, "event": "END:queue_list_for_pop", "host": "d6b2a058c4be", "pid": 193091, "rank": null, "ts": "2026-10-04 16:16:24"}
[DBG] {"available": 0, "category": "QUEUE", "component": "queue", "event": "pop_scan", "exact": true, "host": "d6b2a058c4be", "pid": 193091, "queue": "preference", "rank": null, "requested": 4, "selected": 0, "selected_keys": [], "stale": 0, "stale_keys": [], "ts": "2026-10-04 16:16:24"}
[DBG] {"available": 0, "category": "QUEUE", "component": "queue", "event": "pop_not_enough", "host": "d6b2a058c4be", "pid": 193091, "queue": "preference", "rank": null, "requested": 4, "ts": "2026-10-04 16:16:24"}
[DBG] {"category": "QUEUE", "component": "queue", "current_version": 0, "event": "BEGIN:queue_list_for_pop", "exact": true, "host": "d6b2a058c4be", "max_lag": 3, "pid": 193091, "queue": "preference", "rank": null, "requested": 4, "ts": "2026-10-04 16:16:24"}
[DBG] {"category": "QUEUE", "component": "queue", "event": "watchdog_armed", "host": "d6b2a058c4be", "pid": 193091, "rank": null, "stage": "queue_list_for_pop", "timeout_sec": 30.0, "ts": "2026-10-04 16:16:24"}
[DBG] {"category": "QUEUE", "component": "queue", "elapsed_sec": 0.002413, "event": "END:queue_list_for_pop", "host": "d6b2a058c4be", "pid": 193091, "rank": null, "ts": "2026-10-04 16:16:24"}
[DBG] {"available": 0, "category": "QUEUE", "component": "queue", "event": "pop_scan", "exact": true, "host": "d6b2a058c4be", "pid": 193091, "queue": "preference", "rank": null, "requested": 4, "selected": 0, "selected_keys": [], "stale": 0, "stale_keys": [], "ts": "2026-10-04 16:16:24"}
[DBG] {"available": 0, "category": "QUEUE", "component": "queue", "event": "pop_not_enough", "host": "d6b2a058c4be", "pid": 193091, "queue": "preference", "rank": null, "requested": 4, "ts": "2026-10-04 16:16:24"}
[DBG] {"category": "QUEUE", "component": "queue", "current_version": 0, "event": "BEGIN:queue_list_for_pop", "exact": true, "host": "d6b2a058c4be", "max_lag": 3, "pid": 193091, "queue": "preference", "rank": null, "requested": 4, "ts": "2026-10-04 16:16:25"}
[DBG] {"category": "QUEUE", "component": "queue", "event": "watchdog_armed", "host": "d6b2a058c4be", "pid": 193091, "rank": null, "stage": "queue_list_for_pop", "timeout_sec": 30.0, "ts": "2026-10-04 16:16:25"}
[DBG] {"category": "QUEUE", "component": "queue", "elapsed_sec": 0.001815, "event": "END:queue_list_for_pop", "host": "d6b2a058c4be", "pid": 193091, "rank": null, "ts": "2026-10-04 16:16:25"}
[DBG] {"available": 0, "category": "QUEUE", "component": "queue", "event": "pop_scan", "exact": true, "host": "d6b2a058c4be", "pid": 193091, "queue": "preference", "rank": null, "requested": 4, "selected": 0, "selected_keys": [], "stale": 0, "stale_keys": [], "ts": "2026-10-04 16:16:25"}
[DBG] {"available": 0, "category": "QUEUE", "component": "queue", "event": "pop_not_enough", "host": "d6b2a058c4be", "pid": 193091, "queue": "preference", "rank": null, "requested": 4, "ts": "2026-10-04 16:16:25"}
[DBG] {"category": "QUEUE", "component": "queue", "current_version": 0, "event": "BEGIN:queue_list_for_pop", "exact": true, "host": "d6b2a058c4be", "max_lag": 3, "pid": 193091, "queue": "preference", "rank": null, "requested": 4, "ts": "2026-10-04 16:16:25"}
[DBG] {"category": "QUEUE", "component": "queue", "event": "watchdog_armed", "host": "d6b2a058c4be", "pid": 193091, "rank": null, "stage": "queue_list_for_pop", "timeout_sec": 30.0, "ts": "2026-10-04 16:16:25"}
[DBG] {"category": "QUEUE", "component": "queue", "elapsed_sec": 0.001185, "event": "END:queue_list_for_pop", "host": "d6b2a058c4be", "pid": 193091, "rank": null, "ts": "2026-10-04 16:16:25"}
[DBG] {"available": 0, "category": "QUEUE", "component": "queue", "event": "pop_scan", "exact": true, "host": "d6b2a058c4be", "pid": 193091, "queue": "preference", "rank": null, "requested": 4, "selected": 0, "selected_keys": [], "stale": 0, "stale_keys": [], "ts": "2026-10-04 16:16:25"}
[DBG] {"available": 0, "category": "QUEUE", "component": "queue", "event": "pop_not_enough", "host": "d6b2a058c4be", "pid": 193091, "queue": "preference", "rank": null, "requested": 4, "ts": "2026-10-04 16:16:25"}
[DBG] {"category": "QUEUE", "component": "queue", "current_version": 0, "event": "BEGIN:queue_list_for_pop", "exact": true, "host": "d6b2a058c4be", "max_lag": 3, "pid": 193091, "queue": "preference", "rank": null, "requested": 4, "ts": "2026-10-04 16:16:26"}
[DBG] {"category": "QUEUE", "component": "queue", "event": "watchdog_armed", "host": "d6b2a058c4be", "pid": 193091, "rank": null, "stage": "queue_list_for_pop", "timeout_sec": 30.0, "ts": "2026-10-04 16:16:26"}
[DBG] {"category": "QUEUE", "component": "queue", "elapsed_sec": 0.001803, "event": "END:queue_list_for_pop", "host": "d6b2a058c4be", "pid": 193091, "rank": null, "ts": "2026-10-04 16:16:26"}
[DBG] {"available": 0, "category": "QUEUE", "component": "queue", "event": "pop_scan", "exact": true, "host": "d6b2a058c4be", "pid": 193091, "queue": "preference", "rank": null, "requested": 4, "selected": 0, "selected_keys": [], "stale": 0, "stale_keys": [], "ts": "2026-10-04 16:16:26"}
[DBG] {"available": 0, "category": "QUEUE", "component": "queue", "event": "pop_not_enough", "host": "d6b2a058c4be", "pid": 193091, "queue": "preference", "rank": null, "requested": 4, "ts": "2026-10-04 16:16:26"}
[DBG] {"category": "QUEUE", "component": "queue", "current_version": 0, "event": "BEGIN:queue_list_for_pop", "exact": true, "host": "d6b2a058c4be", "max_lag": 3, "pid": 193091, "queue": "preference", "rank": null, "requested": 4, "ts": "2026-10-04 16:16:26"}
[DBG] {"category": "QUEUE", "component": "queue", "event": "watchdog_armed", "host": "d6b2a058c4be", "pid": 193091, "rank": null, "stage": "queue_list_for_pop", "timeout_sec": 30.0, "ts": "2026-10-04 16:16:26"}
[DBG] {"category": "QUEUE", "component": "queue", "elapsed_sec": 0.002181, "event": "END:queue_list_for_pop", "host": "d6b2a058c4be", "pid": 193091, "rank": null, "ts": "2026-10-04 16:16:26"}
[DBG] {"available": 0, "category": "QUEUE", "component": "queue", "event": "pop_scan", "exact": true, "host": "d6b2a058c4be", "pid": 193091, "queue": "preference", "rank": null, "requested": 4, "selected": 0, "selected_keys": [], "stale": 0, "stale_keys": [], "ts": "2026-10-04 16:16:26"}
[DBG] {"available": 0, "category": "QUEUE", "component": "queue", "event": "pop_not_enough", "host": "d6b2a058c4be", "pid": 193091, "queue": "preference", "rank": null, "requested": 4, "ts": "2026-10-04 16:16:26"}
[DBG] {"category": "QUEUE", "component": "queue", "current_version": 0, "event": "BEGIN:queue_list_for_pop", "exact": true, "host": "d6b2a058c4be", "max_lag": 3, "pid": 193091, "queue": "preference", "rank": null, "requested": 4, "ts": "2026-10-04 16:16:27"}
[DBG] {"category": "QUEUE", "component": "queue", "event": "watchdog_armed", "host": "d6b2a058c4be", "pid": 193091, "rank": null, "stage": "queue_list_for_pop", "timeout_sec": 30.0, "ts": "2026-10-04 16:16:27"}
[DBG] {"category": "QUEUE", "component": "queue", "elapsed_sec": 0.002443, "event": "END:queue_list_for_pop", "host": "d6b2a058c4be", "pid": 193091, "rank": null, "ts": "2026-10-04 16:16:27"}
[DBG] {"available": 0, "category": "QUEUE", "component": "queue", "event": "pop_scan", "exact": true, "host": "d6b2a058c4be", "pid": 193091, "queue": "preference", "rank": null, "requested": 4, "selected": 0, "selected_keys": [], "stale": 0, "stale_keys": [], "ts": "2026-10-04 16:16:27"}
[DBG] {"available": 0, "category": "QUEUE", "component": "queue", "event": "pop_not_enough", "host": "d6b2a058c4be", "pid": 193091, "queue": "preference", "rank": null, "requested": 4, "ts": "2026-10-04 16:16:27"}
[DBG] {"category": "QUEUE", "component": "queue", "current_version": 0, "event": "BEGIN:queue_list_for_pop", "exact": true, "host": "d6b2a058c4be", "max_lag": 3, "pid": 193091, "queue": "preference", "rank": null, "requested": 4, "ts": "2026-10-04 16:16:27"}
[DBG] {"category": "QUEUE", "component": "queue", "event": "watchdog_armed", "host": "d6b2a058c4be", "pid": 193091, "rank": null, "stage": "queue_list_for_pop", "timeout_sec": 30.0, "ts": "2026-10-04 16:16:27"}
[DBG] {"category": "QUEUE", "component": "queue", "elapsed_sec": 0.001362, "event": "END:queue_list_for_pop", "host": "d6b2a058c4be", "pid": 193091, "rank": null, "ts": "2026-10-04 16:16:27"}
[DBG] {"available": 0, "category": "QUEUE", "component": "queue", "event": "pop_scan", "exact": true, "host": "d6b2a058c4be", "pid": 193091, "queue": "preference", "rank": null, "requested": 4, "selected": 0, "selected_keys": [], "stale": 0, "stale_keys": [], "ts": "2026-10-04 16:16:27"}
[DBG] {"available": 0, "category": "QUEUE", "component": "queue", "event": "pop_not_enough", "host": "d6b2a058c4be", "pid": 193091, "queue": "preference", "rank": null, "requested": 4, "ts": "2026-10-04 16:16:27"}
[DBG] {"category": "QUEUE", "component": "queue", "current_version": 0, "event": "BEGIN:queue_list_for_pop", "exact": true, "host": "d6b2a058c4be", "max_lag": 3, "pid": 193091, "queue": "preference", "rank": null, "requested": 4, "ts": "2026-10-04 16:16:28"}
[DBG] {"category": "QUEUE", "component": "queue", "event": "watchdog_armed", "host": "d6b2a058c4be", "pid": 193091, "rank": null, "stage": "queue_list_for_pop", "timeout_sec": 30.0, "ts": "2026-10-04 16:16:28"}
[DBG] {"category": "QUEUE", "component": "queue", "elapsed_sec": 0.002184, "event": "END:queue_list_for_pop", "host": "d6b2a058c4be", "pid": 193091, "rank": null, "ts": "2026-10-04 16:16:28"}
[DBG] {"available": 0, "category": "QUEUE", "component": "queue", "event": "pop_scan", "exact": true, "host": "d6b2a058c4be", "pid": 193091, "queue": "preference", "rank": null, "requested": 4, "selected": 0, "selected_keys": [], "stale": 0, "stale_keys": [], "ts": "2026-10-04 16:16:28"}
[DBG] {"available": 0, "category": "QUEUE", "component": "queue", "event": "pop_not_enough", "host": "d6b2a058c4be", "pid": 193091, "queue": "preference", "rank": null, "requested": 4, "ts": "2026-10-04 16:16:28"}
[DBG] {"category": "QUEUE", "component": "queue", "current_version": 0, "event": "BEGIN:queue_list_for_pop", "exact": true, "host": "d6b2a058c4be", "max_lag": 3, "pid": 193091, "queue": "preference", "rank": null, "requested": 4, "ts": "2026-10-04 16:16:28"}
[DBG] {"category": "QUEUE", "component": "queue", "event": "watchdog_armed", "host": "d6b2a058c4be", "pid": 193091, "rank": null, "stage": "queue_list_for_pop", "timeout_sec": 30.0, "ts": "2026-10-04 16:16:28"}
[DBG] {"category": "QUEUE", "component": "queue", "elapsed_sec": 0.002442, "event": "END:queue_list_for_pop", "host": "d6b2a058c4be", "pid": 193091, "rank": null, "ts": "2026-10-04 16:16:28"}
[DBG] {"available": 0, "category": "QUEUE", "component": "queue", "event": "pop_scan", "exact": true, "host": "d6b2a058c4be", "pid": 193091, "queue": "preference", "rank": null, "requested": 4, "selected": 0, "selected_keys": [], "stale": 0, "stale_keys": [], "ts": "2026-10-04 16:16:28"}
[DBG] {"available": 0, "category": "QUEUE", "component": "queue", "event": "pop_not_enough", "host": "d6b2a058c4be", "pid": 193091, "queue": "preference", "rank": null, "requested": 4, "ts": "2026-10-04 16:16:28"}
[DBG] {"category": "QUEUE", "component": "queue", "current_version": 0, "event": "BEGIN:queue_list_for_pop", "exact": true, "host": "d6b2a058c4be", "max_lag": 3, "pid": 193091, "queue": "preference", "rank": null, "requested": 4, "ts": "2026-10-04 16:16:29"}
[DBG] {"category": "QUEUE", "component": "queue", "event": "watchdog_armed", "host": "d6b2a058c4be", "pid": 193091, "rank": null, "stage": "queue_list_for_pop", "timeout_sec": 30.0, "ts": "2026-10-04 16:16:29"}
[DBG] {"category": "QUEUE", "component": "queue", "elapsed_sec": 0.002055, "event": "END:queue_list_for_pop", "host": "d6b2a058c4be", "pid": 193091, "rank": null, "ts": "2026-10-04 16:16:29"}
[DBG] {"available": 0, "category": "QUEUE", "component": "queue", "event": "pop_scan", "exact": true, "host": "d6b2a058c4be", "pid": 193091, "queue": "preference", "rank": null, "requested": 4, "selected": 0, "selected_keys": [], "stale": 0, "stale_keys": [], "ts": "2026-10-04 16:16:29"}
[DBG] {"available": 0, "category": "QUEUE", "component": "queue", "event": "pop_not_enough", "host": "d6b2a058c4be", "pid": 193091, "queue": "preference", "rank": null, "requested": 4, "ts": "2026-10-04 16:16:29"}
[DBG] {"category": "QUEUE", "component": "queue", "current_version": 0, "event": "BEGIN:queue_list_for_pop", "exact": true, "host": "d6b2a058c4be", "max_lag": 3, "pid": 193091, "queue": "preference", "rank": null, "requested": 4, "ts": "2026-10-04 16:16:29"}
[DBG] {"category": "QUEUE", "component": "queue", "event": "watchdog_armed", "host": "d6b2a058c4be", "pid": 193091, "rank": null, "stage": "queue_list_for_pop", "timeout_sec": 30.0, "ts": "2026-10-04 16:16:29"}
[DBG] {"category": "QUEUE", "component": "queue", "elapsed_sec": 0.002047, "event": "END:queue_list_for_pop", "host": "d6b2a058c4be", "pid": 193091, "rank": null, "ts": "2026-10-04 16:16:29"}
[DBG] {"available": 0, "category": "QUEUE", "component": "queue", "event": "pop_scan", "exact": true, "host": "d6b2a058c4be", "pid": 193091, "queue": "preference", "rank": null, "requested": 4, "selected": 0, "selected_keys": [], "stale": 0, "stale_keys": [], "ts": "2026-10-04 16:16:29"}
[DBG] {"available": 0, "category": "QUEUE", "component": "queue", "event": "pop_not_enough", "host": "d6b2a058c4be", "pid": 193091, "queue": "preference", "rank": null, "requested": 4, "ts": "2026-10-04 16:16:29"}
[DBG] {"category": "QUEUE", "component": "queue", "current_version": 0, "event": "BEGIN:queue_list_for_pop", "exact": true, "host": "d6b2a058c4be", "max_lag": 3, "pid": 193091, "queue": "preference", "rank": null, "requested": 4, "ts": "2026-10-04 16:16:30"}
[DBG] {"category": "QUEUE", "component": "queue", "event": "watchdog_armed", "host": "d6b2a058c4be", "pid": 193091, "rank": null, "stage": "queue_list_for_pop", "timeout_sec": 30.0, "ts": "2026-10-04 16:16:30"}
[DBG] {"category": "QUEUE", "component": "queue", "elapsed_sec": 0.002566, "event": "END:queue_list_for_pop", "host": "d6b2a058c4be", "pid": 193091, "rank": null, "ts": "2026-10-04 16:16:30"}
[DBG] {"available": 0, "category": "QUEUE", "component": "queue", "event": "pop_scan", "exact": true, "host": "d6b2a058c4be", "pid": 193091, "queue": "preference", "rank": null, "requested": 4, "selected": 0, "selected_keys": [], "stale": 0, "stale_keys": [], "ts": "2026-10-04 16:16:30"}
[DBG] {"available": 0, "category": "QUEUE", "component": "queue", "event": "pop_not_enough", "host": "d6b2a058c4be", "pid": 193091, "queue": "preference", "rank": null, "requested": 4, "ts": "2026-10-04 16:16:30"}
[DBG] {"category": "QUEUE", "component": "queue", "current_version": 0, "event": "BEGIN:queue_list_for_pop", "exact": true, "host": "d6b2a058c4be", "max_lag": 3, "pid": 193091, "queue": "preference", "rank": null, "requested": 4, "ts": "2026-10-04 16:16:30"}
[DBG] {"category": "QUEUE", "component": "queue", "event": "watchdog_armed", "host": "d6b2a058c4be", "pid": 193091, "rank": null, "stage": "queue_list_for_pop", "timeout_sec": 30.0, "ts": "2026-10-04 16:16:30"}
[DBG] {"category": "QUEUE", "component": "queue", "elapsed_sec": 0.002089, "event": "END:queue_list_for_pop", "host": "d6b2a058c4be", "pid": 193091, "rank": null, "ts": "2026-10-04 16:16:30"}
[DBG] {"available": 0, "category": "QUEUE", "component": "queue", "event": "pop_scan", "exact": true, "host": "d6b2a058c4be", "pid": 193091, "queue": "preference", "rank": null, "requested": 4, "selected": 0, "selected_keys": [], "stale": 0, "stale_keys": [], "ts": "2026-10-04 16:16:30"}
[DBG] {"available": 0, "category": "QUEUE", "component": "queue", "event": "pop_not_enough", "host": "d6b2a058c4be", "pid": 193091, "queue": "preference", "rank": null, "requested": 4, "ts": "2026-10-04 16:16:30"}
[DBG] {"category": "QUEUE", "component": "queue", "current_version": 0, "event": "BEGIN:queue_list_for_pop", "exact": true, "host": "d6b2a058c4be", "max_lag": 3, "pid": 193091, "queue": "preference", "rank": null, "requested": 4, "ts": "2026-10-04 16:16:31"}
[DBG] {"category": "QUEUE", "component": "queue", "event": "watchdog_armed", "host": "d6b2a058c4be", "pid": 193091, "rank": null, "stage": "queue_list_for_pop", "timeout_sec": 30.0, "ts": "2026-10-04 16:16:31"}
[DBG] {"category": "QUEUE", "component": "queue", "elapsed_sec": 0.001944, "event": "END:queue_list_for_pop", "host": "d6b2a058c4be", "pid": 193091, "rank": null, "ts": "2026-10-04 16:16:31"}
[DBG] {"available": 0, "category": "QUEUE", "component": "queue", "event": "pop_scan", "exact": true, "host": "d6b2a058c4be", "pid": 193091, "queue": "preference", "rank": null, "requested": 4, "selected": 0, "selected_keys": [], "stale": 0, "stale_keys": [], "ts": "2026-10-04 16:16:31"}
[DBG] {"available": 0, "category": "QUEUE", "component": "queue", "event": "pop_not_enough", "host": "d6b2a058c4be", "pid": 193091, "queue": "preference", "rank": null, "requested": 4, "ts": "2026-10-04 16:16:31"}
[DBG] {"category": "QUEUE", "component": "queue", "current_version": 0, "event": "BEGIN:queue_list_for_pop", "exact": true, "host": "d6b2a058c4be", "max_lag": 3, "pid": 193091, "queue": "preference", "rank": null, "requested": 4, "ts": "2026-10-04 16:16:31"}
[DBG] {"category": "QUEUE", "component": "queue", "event": "watchdog_armed", "host": "d6b2a058c4be", "pid": 193091, "rank": null, "stage": "queue_list_for_pop", "timeout_sec": 30.0, "ts": "2026-10-04 16:16:31"}
[DBG] {"category": "QUEUE", "component": "queue", "elapsed_sec": 0.002091, "event": "END:queue_list_for_pop", "host": "d6b2a058c4be", "pid": 193091, "rank": null, "ts": "2026-10-04 16:16:31"}
[DBG] {"available": 0, "category": "QUEUE", "component": "queue", "event": "pop_scan", "exact": true, "host": "d6b2a058c4be", "pid": 193091, "queue": "preference", "rank": null, "requested": 4, "selected": 0, "selected_keys": [], "stale": 0, "stale_keys": [], "ts": "2026-10-04 16:16:31"}
[DBG] {"available": 0, "category": "QUEUE", "component": "queue", "event": "pop_not_enough", "host": "d6b2a058c4be", "pid": 193091, "queue": "preference", "rank": null, "requested": 4, "ts": "2026-10-04 16:16:31"}
[DBG] {"category": "QUEUE", "component": "queue", "current_version": 0, "event": "BEGIN:queue_list_for_pop", "exact": true, "host": "d6b2a058c4be", "max_lag": 3, "pid": 193091, "queue": "preference", "rank": null, "requested": 4, "ts": "2026-10-04 16:16:32"}
[DBG] {"category": "QUEUE", "component": "queue", "event": "watchdog_armed", "host": "d6b2a058c4be", "pid": 193091, "rank": null, "stage": "queue_list_for_pop", "timeout_sec": 30.0, "ts": "2026-10-04 16:16:32"}
[DBG] {"category": "QUEUE", "component": "queue", "elapsed_sec": 0.002225, "event": "END:queue_list_for_pop", "host": "d6b2a058c4be", "pid": 193091, "rank": null, "ts": "2026-10-04 16:16:32"}
[DBG] {"available": 0, "category": "QUEUE", "component": "queue", "event": "pop_scan", "exact": true, "host": "d6b2a058c4be", "pid": 193091, "queue": "preference", "rank": null, "requested": 4, "selected": 0, "selected_keys": [], "stale": 0, "stale_keys": [], "ts": "2026-10-04 16:16:32"}
[DBG] {"available": 0, "category": "QUEUE", "component": "queue", "event": "pop_not_enough", "host": "d6b2a058c4be", "pid": 193091, "queue": "preference", "rank": null, "requested": 4, "ts": "2026-10-04 16:16:32"}
[DBG] {"category": "QUEUE", "component": "queue", "current_version": 0, "event": "BEGIN:queue_list_for_pop", "exact": true, "host": "d6b2a058c4be", "max_lag": 3, "pid": 193091, "queue": "preference", "rank": null, "requested": 4, "ts": "2026-10-04 16:16:33"}
[DBG] {"category": "QUEUE", "component": "queue", "event": "watchdog_armed", "host": "d6b2a058c4be", "pid": 193091, "rank": null, "stage": "queue_list_for_pop", "timeout_sec": 30.0, "ts": "2026-10-04 16:16:33"}
[DBG] {"category": "QUEUE", "component": "queue", "elapsed_sec": 0.002421, "event": "END:queue_list_for_pop", "host": "d6b2a058c4be", "pid": 193091, "rank": null, "ts": "2026-10-04 16:16:33"}
[DBG] {"available": 0, "category": "QUEUE", "component": "queue", "event": "pop_scan", "exact": true, "host": "d6b2a058c4be", "pid": 193091, "queue": "preference", "rank": null, "requested": 4, "selected": 0, "selected_keys": [], "stale": 0, "stale_keys": [], "ts": "2026-10-04 16:16:33"}
[DBG] {"available": 0, "category": "QUEUE", "component": "queue", "event": "pop_not_enough", "host": "d6b2a058c4be", "pid": 193091, "queue": "preference", "rank": null, "requested": 4, "ts": "2026-10-04 16:16:33"}
[DBG] {"category": "QUEUE", "component": "queue", "current_version": 0, "event": "BEGIN:queue_list_for_pop", "exact": true, "host": "d6b2a058c4be", "max_lag": 3, "pid": 193091, "queue": "preference", "rank": null, "requested": 4, "ts": "2026-10-04 16:16:33"}
[DBG] {"category": "QUEUE", "component": "queue", "event": "watchdog_armed", "host": "d6b2a058c4be", "pid": 193091, "rank": null, "stage": "queue_list_for_pop", "timeout_sec": 30.0, "ts": "2026-10-04 16:16:33"}
[DBG] {"category": "QUEUE", "component": "queue", "elapsed_sec": 0.002263, "event": "END:queue_list_for_pop", "host": "d6b2a058c4be", "pid": 193091, "rank": null, "ts": "2026-10-04 16:16:33"}
[DBG] {"available": 0, "category": "QUEUE", "component": "queue", "event": "pop_scan", "exact": true, "host": "d6b2a058c4be", "pid": 193091, "queue": "preference", "rank": null, "requested": 4, "selected": 0, "selected_keys": [], "stale": 0, "stale_keys": [], "ts": "2026-10-04 16:16:33"}
[DBG] {"available": 0, "category": "QUEUE", "component": "queue", "event": "pop_not_enough", "host": "d6b2a058c4be", "pid": 193091, "queue": "preference", "rank": null, "requested": 4, "ts": "2026-10-04 16:16:33"}
[DBG] {"category": "QUEUE", "component": "queue", "current_version": 0, "event": "BEGIN:queue_list_for_pop", "exact": true, "host": "d6b2a058c4be", "max_lag": 3, "pid": 193091, "queue": "preference", "rank": null, "requested": 4, "ts": "2026-10-04 16:16:34"}
[DBG] {"category": "QUEUE", "component": "queue", "event": "watchdog_armed", "host": "d6b2a058c4be", "pid": 193091, "rank": null, "stage": "queue_list_for_pop", "timeout_sec": 30.0, "ts": "2026-10-04 16:16:34"}
[DBG] {"category": "QUEUE", "component": "queue", "elapsed_sec": 0.002756, "event": "END:queue_list_for_pop", "host": "d6b2a058c4be", "pid": 193091, "rank": null, "ts": "2026-10-04 16:16:34"}
[DBG] {"available": 0, "category": "QUEUE", "component": "queue", "event": "pop_scan", "exact": true, "host": "d6b2a058c4be", "pid": 193091, "queue": "preference", "rank": null, "requested": 4, "selected": 0, "selected_keys": [], "stale": 0, "stale_keys": [], "ts": "2026-10-04 16:16:34"}
[DBG] {"available": 0, "category": "QUEUE", "component": "queue", "event": "pop_not_enough", "host": "d6b2a058c4be", "pid": 193091, "queue": "preference", "rank": null, "requested": 4, "ts": "2026-10-04 16:16:34"}
[DBG] {"category": "QUEUE", "component": "queue", "current_version": 0, "event": "BEGIN:queue_list_for_pop", "exact": true, "host": "d6b2a058c4be", "max_lag": 3, "pid": 193091, "queue": "preference", "rank": null, "requested": 4, "ts": "2026-10-04 16:16:34"}
[DBG] {"category": "QUEUE", "component": "queue", "event": "watchdog_armed", "host": "d6b2a058c4be", "pid": 193091, "rank": null, "stage": "queue_list_for_pop", "timeout_sec": 30.0, "ts": "2026-10-04 16:16:34"}
[DBG] {"category": "QUEUE", "component": "queue", "elapsed_sec": 0.002216, "event": "END:queue_list_for_pop", "host": "d6b2a058c4be", "pid": 193091, "rank": null, "ts": "2026-10-04 16:16:34"}
[DBG] {"available": 0, "category": "QUEUE", "component": "queue", "event": "pop_scan", "exact": true, "host": "d6b2a058c4be", "pid": 193091, "queue": "preference", "rank": null, "requested": 4, "selected": 0, "selected_keys": [], "stale": 0, "stale_keys": [], "ts": "2026-10-04 16:16:34"}
[DBG] {"available": 0, "category": "QUEUE", "component": "queue", "event": "pop_not_enough", "host": "d6b2a058c4be", "pid": 193091, "queue": "preference", "rank": null, "requested": 4, "ts": "2026-10-04 16:16:34"}
[DBG] {"category": "QUEUE", "component": "queue", "current_version": 0, "event": "BEGIN:queue_list_for_pop", "exact": true, "host": "d6b2a058c4be", "max_lag": 3, "pid": 193091, "queue": "preference", "rank": null, "requested": 4, "ts": "2026-10-04 16:16:35"}
[DBG] {"category": "QUEUE", "component": "queue", "event": "watchdog_armed", "host": "d6b2a058c4be", "pid": 193091, "rank": null, "stage": "queue_list_for_pop", "timeout_sec": 30.0, "ts": "2026-10-04 16:16:35"}
[DBG] {"category": "QUEUE", "component": "queue", "elapsed_sec": 0.001727, "event": "END:queue_list_for_pop", "host": "d6b2a058c4be", "pid": 193091, "rank": null, "ts": "2026-10-04 16:16:35"}
[DBG] {"available": 0, "category": "QUEUE", "component": "queue", "event": "pop_scan", "exact": true, "host": "d6b2a058c4be", "pid": 193091, "queue": "preference", "rank": null, "requested": 4, "selected": 0, "selected_keys": [], "stale": 0, "stale_keys": [], "ts": "2026-10-04 16:16:35"}
[DBG] {"available": 0, "category": "QUEUE", "component": "queue", "event": "pop_not_enough", "host": "d6b2a058c4be", "pid": 193091, "queue": "preference", "rank": null, "requested": 4, "ts": "2026-10-04 16:16:35"}
[DBG] {"category": "QUEUE", "component": "queue", "current_version": 0, "event": "BEGIN:queue_list_for_pop", "exact": true, "host": "d6b2a058c4be", "max_lag": 3, "pid": 193091, "queue": "preference", "rank": null, "requested": 4, "ts": "2026-10-04 16:16:35"}
[DBG] {"category": "QUEUE", "component": "queue", "event": "watchdog_armed", "host": "d6b2a058c4be", "pid": 193091, "rank": null, "stage": "queue_list_for_pop", "timeout_sec": 30.0, "ts": "2026-10-04 16:16:35"}
[DBG] {"category": "QUEUE", "component": "queue", "elapsed_sec": 0.002458, "event": "END:queue_list_for_pop", "host": "d6b2a058c4be", "pid": 193091, "rank": null, "ts": "2026-10-04 16:16:35"}
[DBG] {"available": 0, "category": "QUEUE", "component": "queue", "event": "pop_scan", "exact": true, "host": "d6b2a058c4be", "pid": 193091, "queue": "preference", "rank": null, "requested": 4, "selected": 0, "selected_keys": [], "stale": 0, "stale_keys": [], "ts": "2026-10-04 16:16:35"}
[DBG] {"available": 0, "category": "QUEUE", "component": "queue", "event": "pop_not_enough", "host": "d6b2a058c4be", "pid": 193091, "queue": "preference", "rank": null, "requested": 4, "ts": "2026-10-04 16:16:35"}
[DBG] {"category": "QUEUE", "component": "queue", "current_version": 0, "event": "BEGIN:queue_list_for_pop", "exact": true, "host": "d6b2a058c4be", "max_lag": 3, "pid": 193091, "queue": "preference", "rank": null, "requested": 4, "ts": "2026-10-04 16:16:36"}
[DBG] {"category": "QUEUE", "component": "queue", "event": "watchdog_armed", "host": "d6b2a058c4be", "pid": 193091, "rank": null, "stage": "queue_list_for_pop", "timeout_sec": 30.0, "ts": "2026-10-04 16:16:36"}
[DBG] {"category": "QUEUE", "component": "queue", "elapsed_sec": 0.002352, "event": "END:queue_list_for_pop", "host": "d6b2a058c4be", "pid": 193091, "rank": null, "ts": "2026-10-04 16:16:36"}
[DBG] {"available": 0, "category": "QUEUE", "component": "queue", "event": "pop_scan", "exact": true, "host": "d6b2a058c4be", "pid": 193091, "queue": "preference", "rank": null, "requested": 4, "selected": 0, "selected_keys": [], "stale": 0, "stale_keys": [], "ts": "2026-10-04 16:16:36"}
[DBG] {"available": 0, "category": "QUEUE", "component": "queue", "event": "pop_not_enough", "host": "d6b2a058c4be", "pid": 193091, "queue": "preference", "rank": null, "requested": 4, "ts": "2026-10-04 16:16:36"}
[DBG] {"category": "QUEUE", "component": "queue", "current_version": 0, "event": "BEGIN:queue_list_for_pop", "exact": true, "host": "d6b2a058c4be", "max_lag": 3, "pid": 193091, "queue": "preference", "rank": null, "requested": 4, "ts": "2026-10-04 16:16:36"}
[DBG] {"category": "QUEUE", "component": "queue", "event": "watchdog_armed", "host": "d6b2a058c4be", "pid": 193091, "rank": null, "stage": "queue_list_for_pop", "timeout_sec": 30.0, "ts": "2026-10-04 16:16:36"}
[DBG] {"category": "QUEUE", "component": "queue", "elapsed_sec": 0.002484, "event": "END:queue_list_for_pop", "host": "d6b2a058c4be", "pid": 193091, "rank": null, "ts": "2026-10-04 16:16:36"}
[DBG] {"available": 0, "category": "QUEUE", "component": "queue", "event": "pop_scan", "exact": true, "host": "d6b2a058c4be", "pid": 193091, "queue": "preference", "rank": null, "requested": 4, "selected": 0, "selected_keys": [], "stale": 0, "stale_keys": [], "ts": "2026-10-04 16:16:36"}
[DBG] {"available": 0, "category": "QUEUE", "component": "queue", "event": "pop_not_enough", "host": "d6b2a058c4be", "pid": 193091, "queue": "preference", "rank": null, "requested": 4, "ts": "2026-10-04 16:16:36"}
[DBG] {"category": "QUEUE", "component": "queue", "current_version": 0, "event": "BEGIN:queue_list_for_pop", "exact": true, "host": "d6b2a058c4be", "max_lag": 3, "pid": 193091, "queue": "preference", "rank": null, "requested": 4, "ts": "2026-10-04 16:16:37"}
[DBG] {"category": "QUEUE", "component": "queue", "event": "watchdog_armed", "host": "d6b2a058c4be", "pid": 193091, "rank": null, "stage": "queue_list_for_pop", "timeout_sec": 30.0, "ts": "2026-10-04 16:16:37"}
[DBG] {"category": "QUEUE", "component": "queue", "elapsed_sec": 0.002741, "event": "END:queue_list_for_pop", "host": "d6b2a058c4be", "pid": 193091, "rank": null, "ts": "2026-10-04 16:16:37"}
[DBG] {"available": 0, "category": "QUEUE", "component": "queue", "event": "pop_scan", "exact": true, "host": "d6b2a058c4be", "pid": 193091, "queue": "preference", "rank": null, "requested": 4, "selected": 0, "selected_keys": [], "stale": 0, "stale_keys": [], "ts": "2026-10-04 16:16:37"}
[DBG] {"available": 0, "category": "QUEUE", "component": "queue", "event": "pop_not_enough", "host": "d6b2a058c4be", "pid": 193091, "queue": "preference", "rank": null, "requested": 4, "ts": "2026-10-04 16:16:37"}
[DBG] {"category": "QUEUE", "component": "queue", "current_version": 0, "event": "BEGIN:queue_list_for_pop", "exact": true, "host": "d6b2a058c4be", "max_lag": 3, "pid": 193091, "queue": "preference", "rank": null, "requested": 4, "ts": "2026-10-04 16:16:37"}
[DBG] {"category": "QUEUE", "component": "queue", "event": "watchdog_armed", "host": "d6b2a058c4be", "pid": 193091, "rank": null, "stage": "queue_list_for_pop", "timeout_sec": 30.0, "ts": "2026-10-04 16:16:37"}
[DBG] {"category": "QUEUE", "component": "queue", "elapsed_sec": 0.001774, "event": "END:queue_list_for_pop", "host": "d6b2a058c4be", "pid": 193091, "rank": null, "ts": "2026-10-04 16:16:37"}
[DBG] {"available": 0, "category": "QUEUE", "component": "queue", "event": "pop_scan", "exact": true, "host": "d6b2a058c4be", "pid": 193091, "queue": "preference", "rank": null, "requested": 4, "selected": 0, "selected_keys": [], "stale": 0, "stale_keys": [], "ts": "2026-10-04 16:16:37"}
[DBG] {"available": 0, "category": "QUEUE", "component": "queue", "event": "pop_not_enough", "host": "d6b2a058c4be", "pid": 193091, "queue": "preference", "rank": null, "requested": 4, "ts": "2026-10-04 16:16:37"}
[DBG] {"category": "QUEUE", "component": "queue", "current_version": 0, "event": "BEGIN:queue_list_for_pop", "exact": true, "host": "d6b2a058c4be", "max_lag": 3, "pid": 193091, "queue": "preference", "rank": null, "requested": 4, "ts": "2026-10-04 16:16:38"}
[DBG] {"category": "QUEUE", "component": "queue", "event": "watchdog_armed", "host": "d6b2a058c4be", "pid": 193091, "rank": null, "stage": "queue_list_for_pop", "timeout_sec": 30.0, "ts": "2026-10-04 16:16:38"}
[DBG] {"category": "QUEUE", "component": "queue", "elapsed_sec": 0.002567, "event": "END:queue_list_for_pop", "host": "d6b2a058c4be", "pid": 193091, "rank": null, "ts": "2026-10-04 16:16:38"}
[DBG] {"available": 0, "category": "QUEUE", "component": "queue", "event": "pop_scan", "exact": true, "host": "d6b2a058c4be", "pid": 193091, "queue": "preference", "rank": null, "requested": 4, "selected": 0, "selected_keys": [], "stale": 0, "stale_keys": [], "ts": "2026-10-04 16:16:38"}
[DBG] {"available": 0, "category": "QUEUE", "component": "queue", "event": "pop_not_enough", "host": "d6b2a058c4be", "pid": 193091, "queue": "preference", "rank": null, "requested": 4, "ts": "2026-10-04 16:16:38"}
[DBG] {"category": "QUEUE", "component": "queue", "current_version": 0, "event": "BEGIN:queue_list_for_pop", "exact": true, "host": "d6b2a058c4be", "max_lag": 3, "pid": 193091, "queue": "preference", "rank": null, "requested": 4, "ts": "2026-10-04 16:16:38"}
[DBG] {"category": "QUEUE", "component": "queue", "event": "watchdog_armed", "host": "d6b2a058c4be", "pid": 193091, "rank": null, "stage": "queue_list_for_pop", "timeout_sec": 30.0, "ts": "2026-10-04 16:16:38"}
[DBG] {"category": "QUEUE", "component": "queue", "elapsed_sec": 0.002372, "event": "END:queue_list_for_pop", "host": "d6b2a058c4be", "pid": 193091, "rank": null, "ts": "2026-10-04 16:16:38"}
[DBG] {"available": 0, "category": "QUEUE", "component": "queue", "event": "pop_scan", "exact": true, "host": "d6b2a058c4be", "pid": 193091, "queue": "preference", "rank": null, "requested": 4, "selected": 0, "selected_keys": [], "stale": 0, "stale_keys": [], "ts": "2026-10-04 16:16:38"}
[DBG] {"available": 0, "category": "QUEUE", "component": "queue", "event": "pop_not_enough", "host": "d6b2a058c4be", "pid": 193091, "queue": "preference", "rank": null, "requested": 4, "ts": "2026-10-04 16:16:38"}
[DBG] {"category": "QUEUE", "component": "queue", "current_version": 0, "event": "BEGIN:queue_list_for_pop", "exact": true, "host": "d6b2a058c4be", "max_lag": 3, "pid": 193091, "queue": "preference", "rank": null, "requested": 4, "ts": "2026-10-04 16:16:39"}
[DBG] {"category": "QUEUE", "component": "queue", "event": "watchdog_armed", "host": "d6b2a058c4be", "pid": 193091, "rank": null, "stage": "queue_list_for_pop", "timeout_sec": 30.0, "ts": "2026-10-04 16:16:39"}
[DBG] {"category": "QUEUE", "component": "queue", "elapsed_sec": 0.002396, "event": "END:queue_list_for_pop", "host": "d6b2a058c4be", "pid": 193091, "rank": null, "ts": "2026-10-04 16:16:39"}
[DBG] {"available": 0, "category": "QUEUE", "component": "queue", "event": "pop_scan", "exact": true, "host": "d6b2a058c4be", "pid": 193091, "queue": "preference", "rank": null, "requested": 4, "selected": 0, "selected_keys": [], "stale": 0, "stale_keys": [], "ts": "2026-10-04 16:16:39"}
[DBG] {"available": 0, "category": "QUEUE", "component": "queue", "event": "pop_not_enough", "host": "d6b2a058c4be", "pid": 193091, "queue": "preference", "rank": null, "requested": 4, "ts": "2026-10-04 16:16:39"}
[DBG] {"category": "QUEUE", "component": "queue", "current_version": 0, "event": "BEGIN:queue_list_for_pop", "exact": true, "host": "d6b2a058c4be", "max_lag": 3, "pid": 193091, "queue": "preference", "rank": null, "requested": 4, "ts": "2026-10-04 16:16:39"}
[DBG] {"category": "QUEUE", "component": "queue", "event": "watchdog_armed", "host": "d6b2a058c4be", "pid": 193091, "rank": null, "stage": "queue_list_for_pop", "timeout_sec": 30.0, "ts": "2026-10-04 16:16:39"}
[DBG] {"category": "QUEUE", "component": "queue", "elapsed_sec": 0.00231, "event": "END:queue_list_for_pop", "host": "d6b2a058c4be", "pid": 193091, "rank": null, "ts": "2026-10-04 16:16:39"}
[DBG] {"available": 0, "category": "QUEUE", "component": "queue", "event": "pop_scan", "exact": true, "host": "d6b2a058c4be", "pid": 193091, "queue": "preference", "rank": null, "requested": 4, "selected": 0, "selected_keys": [], "stale": 0, "stale_keys": [], "ts": "2026-10-04 16:16:39"}
[DBG] {"available": 0, "category": "QUEUE", "component": "queue", "event": "pop_not_enough", "host": "d6b2a058c4be", "pid": 193091, "queue": "preference", "rank": null, "requested": 4, "ts": "2026-10-04 16:16:39"}
[DBG] {"category": "QUEUE", "component": "queue", "current_version": 0, "event": "BEGIN:queue_list_for_pop", "exact": true, "host": "d6b2a058c4be", "max_lag": 3, "pid": 193091, "queue": "preference", "rank": null, "requested": 4, "ts": "2026-10-04 16:16:40"}
[DBG] {"category": "QUEUE", "component": "queue", "event": "watchdog_armed", "host": "d6b2a058c4be", "pid": 193091, "rank": null, "stage": "queue_list_for_pop", "timeout_sec": 30.0, "ts": "2026-10-04 16:16:40"}
[DBG] {"category": "QUEUE", "component": "queue", "elapsed_sec": 0.002081, "event": "END:queue_list_for_pop", "host": "d6b2a058c4be", "pid": 193091, "rank": null, "ts": "2026-10-04 16:16:40"}
[DBG] {"available": 0, "category": "QUEUE", "component": "queue", "event": "pop_scan", "exact": true, "host": "d6b2a058c4be", "pid": 193091, "queue": "preference", "rank": null, "requested": 4, "selected": 0, "selected_keys": [], "stale": 0, "stale_keys": [], "ts": "2026-10-04 16:16:40"}
[DBG] {"available": 0, "category": "QUEUE", "component": "queue", "event": "pop_not_enough", "host": "d6b2a058c4be", "pid": 193091, "queue": "preference", "rank": null, "requested": 4, "ts": "2026-10-04 16:16:40"}
[DBG] {"category": "QUEUE", "component": "queue", "current_version": 0, "event": "BEGIN:queue_list_for_pop", "exact": true, "host": "d6b2a058c4be", "max_lag": 3, "pid": 193091, "queue": "preference", "rank": null, "requested": 4, "ts": "2026-10-04 16:16:40"}
[DBG] {"category": "QUEUE", "component": "queue", "event": "watchdog_armed", "host": "d6b2a058c4be", "pid": 193091, "rank": null, "stage": "queue_list_for_pop", "timeout_sec": 30.0, "ts": "2026-10-04 16:16:40"}
[DBG] {"category": "QUEUE", "component": "queue", "elapsed_sec": 0.002106, "event": "END:queue_list_for_pop", "host": "d6b2a058c4be", "pid": 193091, "rank": null, "ts": "2026-10-04 16:16:40"}
[DBG] {"available": 0, "category": "QUEUE", "component": "queue", "event": "pop_scan", "exact": true, "host": "d6b2a058c4be", "pid": 193091, "queue": "preference", "rank": null, "requested": 4, "selected": 0, "selected_keys": [], "stale": 0, "stale_keys": [], "ts": "2026-10-04 16:16:40"}
[DBG] {"available": 0, "category": "QUEUE", "component": "queue", "event": "pop_not_enough", "host": "d6b2a058c4be", "pid": 193091, "queue": "preference", "rank": null, "requested": 4, "ts": "2026-10-04 16:16:40"}
[DBG] {"category": "QUEUE", "component": "queue", "current_version": 0, "event": "BEGIN:queue_list_for_pop", "exact": true, "host": "d6b2a058c4be", "max_lag": 3, "pid": 193091, "queue": "preference", "rank": null, "requested": 4, "ts": "2026-10-04 16:16:41"}
[DBG] {"category": "QUEUE", "component": "queue", "event": "watchdog_armed", "host": "d6b2a058c4be", "pid": 193091, "rank": null, "stage": "queue_list_for_pop", "timeout_sec": 30.0, "ts": "2026-10-04 16:16:41"}
[DBG] {"category": "QUEUE", "component": "queue", "elapsed_sec": 0.001655, "event": "END:queue_list_for_pop", "host": "d6b2a058c4be", "pid": 193091, "rank": null, "ts": "2026-10-04 16:16:41"}
[DBG] {"available": 0, "category": "QUEUE", "component": "queue", "event": "pop_scan", "exact": true, "host": "d6b2a058c4be", "pid": 193091, "queue": "preference", "rank": null, "requested": 4, "selected": 0, "selected_keys": [], "stale": 0, "stale_keys": [], "ts": "2026-10-04 16:16:41"}
[DBG] {"available": 0, "category": "QUEUE", "component": "queue", "event": "pop_not_enough", "host": "d6b2a058c4be", "pid": 193091, "queue": "preference", "rank": null, "requested": 4, "ts": "2026-10-04 16:16:41"}
[DBG] {"category": "QUEUE", "component": "queue", "current_version": 0, "event": "BEGIN:queue_list_for_pop", "exact": true, "host": "d6b2a058c4be", "max_lag": 3, "pid": 193091, "queue": "preference", "rank": null, "requested": 4, "ts": "2026-10-04 16:16:41"}
[DBG] {"category": "QUEUE", "component": "queue", "event": "watchdog_armed", "host": "d6b2a058c4be", "pid": 193091, "rank": null, "stage": "queue_list_for_pop", "timeout_sec": 30.0, "ts": "2026-10-04 16:16:41"}
[DBG] {"category": "QUEUE", "component": "queue", "elapsed_sec": 0.001989, "event": "END:queue_list_for_pop", "host": "d6b2a058c4be", "pid": 193091, "rank": null, "ts": "2026-10-04 16:16:41"}
[DBG] {"available": 0, "category": "QUEUE", "component": "queue", "event": "pop_scan", "exact": true, "host": "d6b2a058c4be", "pid": 193091, "queue": "preference", "rank": null, "requested": 4, "selected": 0, "selected_keys": [], "stale": 0, "stale_keys": [], "ts": "2026-10-04 16:16:41"}
[DBG] {"available": 0, "category": "QUEUE", "component": "queue", "event": "pop_not_enough", "host": "d6b2a058c4be", "pid": 193091, "queue": "preference", "rank": null, "requested": 4, "ts": "2026-10-04 16:16:41"}
[DBG] {"category": "QUEUE", "component": "queue", "current_version": 0, "event": "BEGIN:queue_list_for_pop", "exact": true, "host": "d6b2a058c4be", "max_lag": 3, "pid": 193091, "queue": "preference", "rank": null, "requested": 4, "ts": "2026-10-04 16:16:42"}
[DBG] {"category": "QUEUE", "component": "queue", "event": "watchdog_armed", "host": "d6b2a058c4be", "pid": 193091, "rank": null, "stage": "queue_list_for_pop", "timeout_sec": 30.0, "ts": "2026-10-04 16:16:42"}
[DBG] {"category": "QUEUE", "component": "queue", "elapsed_sec": 0.001532, "event": "END:queue_list_for_pop", "host": "d6b2a058c4be", "pid": 193091, "rank": null, "ts": "2026-10-04 16:16:42"}
[DBG] {"available": 0, "category": "QUEUE", "component": "queue", "event": "pop_scan", "exact": true, "host": "d6b2a058c4be", "pid": 193091, "queue": "preference", "rank": null, "requested": 4, "selected": 0, "selected_keys": [], "stale": 0, "stale_keys": [], "ts": "2026-10-04 16:16:42"}
[DBG] {"available": 0, "category": "QUEUE", "component": "queue", "event": "pop_not_enough", "host": "d6b2a058c4be", "pid": 193091, "queue": "preference", "rank": null, "requested": 4, "ts": "2026-10-04 16:16:42"}
[DBG] {"category": "QUEUE", "component": "queue", "current_version": 0, "event": "BEGIN:queue_list_for_pop", "exact": true, "host": "d6b2a058c4be", "max_lag": 3, "pid": 193091, "queue": "preference", "rank": null, "requested": 4, "ts": "2026-10-04 16:16:42"}
[DBG] {"category": "QUEUE", "component": "queue", "event": "watchdog_armed", "host": "d6b2a058c4be", "pid": 193091, "rank": null, "stage": "queue_list_for_pop", "timeout_sec": 30.0, "ts": "2026-10-04 16:16:42"}
[DBG] {"category": "QUEUE", "component": "queue", "elapsed_sec": 0.001489, "event": "END:queue_list_for_pop", "host": "d6b2a058c4be", "pid": 193091, "rank": null, "ts": "2026-10-04 16:16:42"}
[DBG] {"available": 0, "category": "QUEUE", "component": "queue", "event": "pop_scan", "exact": true, "host": "d6b2a058c4be", "pid": 193091, "queue": "preference", "rank": null, "requested": 4, "selected": 0, "selected_keys": [], "stale": 0, "stale_keys": [], "ts": "2026-10-04 16:16:42"}
[DBG] {"available": 0, "category": "QUEUE", "component": "queue", "event": "pop_not_enough", "host": "d6b2a058c4be", "pid": 193091, "queue": "preference", "rank": null, "requested": 4, "ts": "2026-10-04 16:16:42"}
[DBG] {"category": "QUEUE", "component": "queue", "current_version": 0, "event": "BEGIN:queue_list_for_pop", "exact": true, "host": "d6b2a058c4be", "max_lag": 3, "pid": 193091, "queue": "preference", "rank": null, "requested": 4, "ts": "2026-10-04 16:16:43"}
[DBG] {"category": "QUEUE", "component": "queue", "event": "watchdog_armed", "host": "d6b2a058c4be", "pid": 193091, "rank": null, "stage": "queue_list_for_pop", "timeout_sec": 30.0, "ts": "2026-10-04 16:16:43"}
[DBG] {"category": "QUEUE", "component": "queue", "elapsed_sec": 0.001104, "event": "END:queue_list_for_pop", "host": "d6b2a058c4be", "pid": 193091, "rank": null, "ts": "2026-10-04 16:16:43"}
[DBG] {"available": 0, "category": "QUEUE", "component": "queue", "event": "pop_scan", "exact": true, "host": "d6b2a058c4be", "pid": 193091, "queue": "preference", "rank": null, "requested": 4, "selected": 0, "selected_keys": [], "stale": 0, "stale_keys": [], "ts": "2026-10-04 16:16:43"}
[DBG] {"available": 0, "category": "QUEUE", "component": "queue", "event": "pop_not_enough", "host": "d6b2a058c4be", "pid": 193091, "queue": "preference", "rank": null, "requested": 4, "ts": "2026-10-04 16:16:43"}
[DBG] {"category": "QUEUE", "component": "queue", "current_version": 0, "event": "BEGIN:queue_list_for_pop", "exact": true, "host": "d6b2a058c4be", "max_lag": 3, "pid": 193091, "queue": "preference", "rank": null, "requested": 4, "ts": "2026-10-04 16:16:44"}
[DBG] {"category": "QUEUE", "component": "queue", "event": "watchdog_armed", "host": "d6b2a058c4be", "pid": 193091, "rank": null, "stage": "queue_list_for_pop", "timeout_sec": 30.0, "ts": "2026-10-04 16:16:44"}
[DBG] {"category": "QUEUE", "component": "queue", "elapsed_sec": 0.001628, "event": "END:queue_list_for_pop", "host": "d6b2a058c4be", "pid": 193091, "rank": null, "ts": "2026-10-04 16:16:44"}
[DBG] {"available": 0, "category": "QUEUE", "component": "queue", "event": "pop_scan", "exact": true, "host": "d6b2a058c4be", "pid": 193091, "queue": "preference", "rank": null, "requested": 4, "selected": 0, "selected_keys": [], "stale": 0, "stale_keys": [], "ts": "2026-10-04 16:16:44"}
[DBG] {"available": 0, "category": "QUEUE", "component": "queue", "event": "pop_not_enough", "host": "d6b2a058c4be", "pid": 193091, "queue": "preference", "rank": null, "requested": 4, "ts": "2026-10-04 16:16:44"}
[DBG] {"category": "QUEUE", "component": "queue", "current_version": 0, "event": "BEGIN:queue_list_for_pop", "exact": true, "host": "d6b2a058c4be", "max_lag": 3, "pid": 193091, "queue": "preference", "rank": null, "requested": 4, "ts": "2026-10-04 16:16:44"}
[DBG] {"category": "QUEUE", "component": "queue", "event": "watchdog_armed", "host": "d6b2a058c4be", "pid": 193091, "rank": null, "stage": "queue_list_for_pop", "timeout_sec": 30.0, "ts": "2026-10-04 16:16:44"}
[DBG] {"category": "QUEUE", "component": "queue", "elapsed_sec": 0.002592, "event": "END:queue_list_for_pop", "host": "d6b2a058c4be", "pid": 193091, "rank": null, "ts": "2026-10-04 16:16:44"}
[DBG] {"available": 0, "category": "QUEUE", "component": "queue", "event": "pop_scan", "exact": true, "host": "d6b2a058c4be", "pid": 193091, "queue": "preference", "rank": null, "requested": 4, "selected": 0, "selected_keys": [], "stale": 0, "stale_keys": [], "ts": "2026-10-04 16:16:44"}
[DBG] {"available": 0, "category": "QUEUE", "component": "queue", "event": "pop_not_enough", "host": "d6b2a058c4be", "pid": 193091, "queue": "preference", "rank": null, "requested": 4, "ts": "2026-10-04 16:16:44"}
[DBG] {"category": "QUEUE", "component": "queue", "current_version": 0, "event": "BEGIN:queue_list_for_pop", "exact": true, "host": "d6b2a058c4be", "max_lag": 3, "pid": 193091, "queue": "preference", "rank": null, "requested": 4, "ts": "2026-10-04 16:16:45"}
[DBG] {"category": "QUEUE", "component": "queue", "event": "watchdog_armed", "host": "d6b2a058c4be", "pid": 193091, "rank": null, "stage": "queue_list_for_pop", "timeout_sec": 30.0, "ts": "2026-10-04 16:16:45"}
[DBG] {"category": "QUEUE", "component": "queue", "elapsed_sec": 0.002598, "event": "END:queue_list_for_pop", "host": "d6b2a058c4be", "pid": 193091, "rank": null, "ts": "2026-10-04 16:16:45"}
[DBG] {"available": 0, "category": "QUEUE", "component": "queue", "event": "pop_scan", "exact": true, "host": "d6b2a058c4be", "pid": 193091, "queue": "preference", "rank": null, "requested": 4, "selected": 0, "selected_keys": [], "stale": 0, "stale_keys": [], "ts": "2026-10-04 16:16:45"}
[DBG] {"available": 0, "category": "QUEUE", "component": "queue", "event": "pop_not_enough", "host": "d6b2a058c4be", "pid": 193091, "queue": "preference", "rank": null, "requested": 4, "ts": "2026-10-04 16:16:45"}
[DBG] {"category": "QUEUE", "component": "queue", "current_version": 0, "event": "BEGIN:queue_list_for_pop", "exact": true, "host": "d6b2a058c4be", "max_lag": 3, "pid": 193091, "queue": "preference", "rank": null, "requested": 4, "ts": "2026-10-04 16:16:45"}
[DBG] {"category": "QUEUE", "component": "queue", "event": "watchdog_armed", "host": "d6b2a058c4be", "pid": 193091, "rank": null, "stage": "queue_list_for_pop", "timeout_sec": 30.0, "ts": "2026-10-04 16:16:45"}
[DBG] {"category": "QUEUE", "component": "queue", "elapsed_sec": 0.00192, "event": "END:queue_list_for_pop", "host": "d6b2a058c4be", "pid": 193091, "rank": null, "ts": "2026-10-04 16:16:45"}
[DBG] {"available": 0, "category": "QUEUE", "component": "queue", "event": "pop_scan", "exact": true, "host": "d6b2a058c4be", "pid": 193091, "queue": "preference", "rank": null, "requested": 4, "selected": 0, "selected_keys": [], "stale": 0, "stale_keys": [], "ts": "2026-10-04 16:16:45"}
[DBG] {"available": 0, "category": "QUEUE", "component": "queue", "event": "pop_not_enough", "host": "d6b2a058c4be", "pid": 193091, "queue": "preference", "rank": null, "requested": 4, "ts": "2026-10-04 16:16:45"}
[DBG] {"category": "QUEUE", "component": "queue", "current_version": 0, "event": "BEGIN:queue_list_for_pop", "exact": true, "host": "d6b2a058c4be", "max_lag": 3, "pid": 193091, "queue": "preference", "rank": null, "requested": 4, "ts": "2026-10-04 16:16:46"}
[DBG] {"category": "QUEUE", "component": "queue", "event": "watchdog_armed", "host": "d6b2a058c4be", "pid": 193091, "rank": null, "stage": "queue_list_for_pop", "timeout_sec": 30.0, "ts": "2026-10-04 16:16:46"}
[DBG] {"category": "QUEUE", "component": "queue", "elapsed_sec": 0.001913, "event": "END:queue_list_for_pop", "host": "d6b2a058c4be", "pid": 193091, "rank": null, "ts": "2026-10-04 16:16:46"}
[DBG] {"available": 0, "category": "QUEUE", "component": "queue", "event": "pop_scan", "exact": true, "host": "d6b2a058c4be", "pid": 193091, "queue": "preference", "rank": null, "requested": 4, "selected": 0, "selected_keys": [], "stale": 0, "stale_keys": [], "ts": "2026-10-04 16:16:46"}
[DBG] {"available": 0, "category": "QUEUE", "component": "queue", "event": "pop_not_enough", "host": "d6b2a058c4be", "pid": 193091, "queue": "preference", "rank": null, "requested": 4, "ts": "2026-10-04 16:16:46"}
[DBG] {"category": "QUEUE", "component": "queue", "current_version": 0, "event": "BEGIN:queue_list_for_pop", "exact": true, "host": "d6b2a058c4be", "max_lag": 3, "pid": 193091, "queue": "preference", "rank": null, "requested": 4, "ts": "2026-10-04 16:16:46"}
[DBG] {"category": "QUEUE", "component": "queue", "event": "watchdog_armed", "host": "d6b2a058c4be", "pid": 193091, "rank": null, "stage": "queue_list_for_pop", "timeout_sec": 30.0, "ts": "2026-10-04 16:16:46"}
[DBG] {"category": "QUEUE", "component": "queue", "elapsed_sec": 0.002854, "event": "END:queue_list_for_pop", "host": "d6b2a058c4be", "pid": 193091, "rank": null, "ts": "2026-10-04 16:16:46"}
[DBG] {"available": 0, "category": "QUEUE", "component": "queue", "event": "pop_scan", "exact": true, "host": "d6b2a058c4be", "pid": 193091, "queue": "preference", "rank": null, "requested": 4, "selected": 0, "selected_keys": [], "stale": 0, "stale_keys": [], "ts": "2026-10-04 16:16:46"}
[DBG] {"available": 0, "category": "QUEUE", "component": "queue", "event": "pop_not_enough", "host": "d6b2a058c4be", "pid": 193091, "queue": "preference", "rank": null, "requested": 4, "ts": "2026-10-04 16:16:46"}
[DBG] {"category": "QUEUE", "component": "queue", "current_version": 0, "event": "BEGIN:queue_list_for_pop", "exact": true, "host": "d6b2a058c4be", "max_lag": 3, "pid": 193091, "queue": "preference", "rank": null, "requested": 4, "ts": "2026-10-04 16:16:47"}
[DBG] {"category": "QUEUE", "component": "queue", "event": "watchdog_armed", "host": "d6b2a058c4be", "pid": 193091, "rank": null, "stage": "queue_list_for_pop", "timeout_sec": 30.0, "ts": "2026-10-04 16:16:47"}
[DBG] {"category": "QUEUE", "component": "queue", "elapsed_sec": 0.001125, "event": "END:queue_list_for_pop", "host": "d6b2a058c4be", "pid": 193091, "rank": null, "ts": "2026-10-04 16:16:47"}
[DBG] {"available": 0, "category": "QUEUE", "component": "queue", "event": "pop_scan", "exact": true, "host": "d6b2a058c4be", "pid": 193091, "queue": "preference", "rank": null, "requested": 4, "selected": 0, "selected_keys": [], "stale": 0, "stale_keys": [], "ts": "2026-10-04 16:16:47"}
[DBG] {"available": 0, "category": "QUEUE", "component": "queue", "event": "pop_not_enough", "host": "d6b2a058c4be", "pid": 193091, "queue": "preference", "rank": null, "requested": 4, "ts": "2026-10-04 16:16:47"}
[DBG] {"category": "QUEUE", "component": "queue", "current_version": 0, "event": "BEGIN:queue_list_for_pop", "exact": true, "host": "d6b2a058c4be", "max_lag": 3, "pid": 193091, "queue": "preference", "rank": null, "requested": 4, "ts": "2026-10-04 16:16:47"}
[DBG] {"category": "QUEUE", "component": "queue", "event": "watchdog_armed", "host": "d6b2a058c4be", "pid": 193091, "rank": null, "stage": "queue_list_for_pop", "timeout_sec": 30.0, "ts": "2026-10-04 16:16:47"}
[DBG] {"category": "QUEUE", "component": "queue", "elapsed_sec": 0.001799, "event": "END:queue_list_for_pop", "host": "d6b2a058c4be", "pid": 193091, "rank": null, "ts": "2026-10-04 16:16:47"}
[DBG] {"available": 0, "category": "QUEUE", "component": "queue", "event": "pop_scan", "exact": true, "host": "d6b2a058c4be", "pid": 193091, "queue": "preference", "rank": null, "requested": 4, "selected": 0, "selected_keys": [], "stale": 0, "stale_keys": [], "ts": "2026-10-04 16:16:47"}
[DBG] {"available": 0, "category": "QUEUE", "component": "queue", "event": "pop_not_enough", "host": "d6b2a058c4be", "pid": 193091, "queue": "preference", "rank": null, "requested": 4, "ts": "2026-10-04 16:16:47"}
[DBG] {"category": "QUEUE", "component": "queue", "current_version": 0, "event": "BEGIN:queue_list_for_pop", "exact": true, "host": "d6b2a058c4be", "max_lag": 3, "pid": 193091, "queue": "preference", "rank": null, "requested": 4, "ts": "2026-10-04 16:16:48"}
[DBG] {"category": "QUEUE", "component": "queue", "event": "watchdog_armed", "host": "d6b2a058c4be", "pid": 193091, "rank": null, "stage": "queue_list_for_pop", "timeout_sec": 30.0, "ts": "2026-10-04 16:16:48"}
[DBG] {"category": "QUEUE", "component": "queue", "elapsed_sec": 0.002479, "event": "END:queue_list_for_pop", "host": "d6b2a058c4be", "pid": 193091, "rank": null, "ts": "2026-10-04 16:16:48"}
[DBG] {"available": 0, "category": "QUEUE", "component": "queue", "event": "pop_scan", "exact": true, "host": "d6b2a058c4be", "pid": 193091, "queue": "preference", "rank": null, "requested": 4, "selected": 0, "selected_keys": [], "stale": 0, "stale_keys": [], "ts": "2026-10-04 16:16:48"}
[DBG] {"available": 0, "category": "QUEUE", "component": "queue", "event": "pop_not_enough", "host": "d6b2a058c4be", "pid": 193091, "queue": "preference", "rank": null, "requested": 4, "ts": "2026-10-04 16:16:48"}
[DBG] {"category": "QUEUE", "component": "queue", "current_version": 0, "event": "BEGIN:queue_list_for_pop", "exact": true, "host": "d6b2a058c4be", "max_lag": 3, "pid": 193091, "queue": "preference", "rank": null, "requested": 4, "ts": "2026-10-04 16:16:48"}
[DBG] {"category": "QUEUE", "component": "queue", "event": "watchdog_armed", "host": "d6b2a058c4be", "pid": 193091, "rank": null, "stage": "queue_list_for_pop", "timeout_sec": 30.0, "ts": "2026-10-04 16:16:48"}
[DBG] {"category": "QUEUE", "component": "queue", "elapsed_sec": 0.003014, "event": "END:queue_list_for_pop", "host": "d6b2a058c4be", "pid": 193091, "rank": null, "ts": "2026-10-04 16:16:48"}
[DBG] {"available": 0, "category": "QUEUE", "component": "queue", "event": "pop_scan", "exact": true, "host": "d6b2a058c4be", "pid": 193091, "queue": "preference", "rank": null, "requested": 4, "selected": 0, "selected_keys": [], "stale": 0, "stale_keys": [], "ts": "2026-10-04 16:16:48"}
[DBG] {"available": 0, "category": "QUEUE", "component": "queue", "event": "pop_not_enough", "host": "d6b2a058c4be", "pid": 193091, "queue": "preference", "rank": null, "requested": 4, "ts": "2026-10-04 16:16:48"}
[DBG] {"category": "QUEUE", "component": "queue", "current_version": 0, "event": "BEGIN:queue_list_for_pop", "exact": true, "host": "d6b2a058c4be", "max_lag": 3, "pid": 193091, "queue": "preference", "rank": null, "requested": 4, "ts": "2026-10-04 16:16:49"}
[DBG] {"category": "QUEUE", "component": "queue", "event": "watchdog_armed", "host": "d6b2a058c4be", "pid": 193091, "rank": null, "stage": "queue_list_for_pop", "timeout_sec": 30.0, "ts": "2026-10-04 16:16:49"}
[DBG] {"category": "QUEUE", "component": "queue", "elapsed_sec": 0.002924, "event": "END:queue_list_for_pop", "host": "d6b2a058c4be", "pid": 193091, "rank": null, "ts": "2026-10-04 16:16:49"}
[DBG] {"available": 0, "category": "QUEUE", "component": "queue", "event": "pop_scan", "exact": true, "host": "d6b2a058c4be", "pid": 193091, "queue": "preference", "rank": null, "requested": 4, "selected": 0, "selected_keys": [], "stale": 0, "stale_keys": [], "ts": "2026-10-04 16:16:49"}
[DBG] {"available": 0, "category": "QUEUE", "component": "queue", "event": "pop_not_enough", "host": "d6b2a058c4be", "pid": 193091, "queue": "preference", "rank": null, "requested": 4, "ts": "2026-10-04 16:16:49"}
[DBG] {"category": "QUEUE", "component": "queue", "current_version": 0, "event": "BEGIN:queue_list_for_pop", "exact": true, "host": "d6b2a058c4be", "max_lag": 3, "pid": 193091, "queue": "preference", "rank": null, "requested": 4, "ts": "2026-10-04 16:16:49"}
[DBG] {"category": "QUEUE", "component": "queue", "event": "watchdog_armed", "host": "d6b2a058c4be", "pid": 193091, "rank": null, "stage": "queue_list_for_pop", "timeout_sec": 30.0, "ts": "2026-10-04 16:16:49"}
[DBG] {"category": "QUEUE", "component": "queue", "elapsed_sec": 0.001902, "event": "END:queue_list_for_pop", "host": "d6b2a058c4be", "pid": 193091, "rank": null, "ts": "2026-10-04 16:16:49"}
[DBG] {"available": 0, "category": "QUEUE", "component": "queue", "event": "pop_scan", "exact": true, "host": "d6b2a058c4be", "pid": 193091, "queue": "preference", "rank": null, "requested": 4, "selected": 0, "selected_keys": [], "stale": 0, "stale_keys": [], "ts": "2026-10-04 16:16:49"}
[DBG] {"available": 0, "category": "QUEUE", "component": "queue", "event": "pop_not_enough", "host": "d6b2a058c4be", "pid": 193091, "queue": "preference", "rank": null, "requested": 4, "ts": "2026-10-04 16:16:49"}
[DBG] {"category": "QUEUE", "component": "queue", "current_version": 0, "event": "BEGIN:queue_list_for_pop", "exact": true, "host": "d6b2a058c4be", "max_lag": 3, "pid": 193091, "queue": "preference", "rank": null, "requested": 4, "ts": "2026-10-04 16:16:50"}
[DBG] {"category": "QUEUE", "component": "queue", "event": "watchdog_armed", "host": "d6b2a058c4be", "pid": 193091, "rank": null, "stage": "queue_list_for_pop", "timeout_sec": 30.0, "ts": "2026-10-04 16:16:50"}
[DBG] {"category": "QUEUE", "component": "queue", "elapsed_sec": 0.002661, "event": "END:queue_list_for_pop", "host": "d6b2a058c4be", "pid": 193091, "rank": null, "ts": "2026-10-04 16:16:50"}
[DBG] {"available": 0, "category": "QUEUE", "component": "queue", "event": "pop_scan", "exact": true, "host": "d6b2a058c4be", "pid": 193091, "queue": "preference", "rank": null, "requested": 4, "selected": 0, "selected_keys": [], "stale": 0, "stale_keys": [], "ts": "2026-10-04 16:16:50"}
[DBG] {"available": 0, "category": "QUEUE", "component": "queue", "event": "pop_not_enough", "host": "d6b2a058c4be", "pid": 193091, "queue": "preference", "rank": null, "requested": 4, "ts": "2026-10-04 16:16:50"}
[DBG] {"category": "QUEUE", "component": "queue", "current_version": 0, "event": "BEGIN:queue_list_for_pop", "exact": true, "host": "d6b2a058c4be", "max_lag": 3, "pid": 193091, "queue": "preference", "rank": null, "requested": 4, "ts": "2026-10-04 16:16:50"}
[DBG] {"category": "QUEUE", "component": "queue", "event": "watchdog_armed", "host": "d6b2a058c4be", "pid": 193091, "rank": null, "stage": "queue_list_for_pop", "timeout_sec": 30.0, "ts": "2026-10-04 16:16:50"}
[DBG] {"category": "QUEUE", "component": "queue", "elapsed_sec": 0.003938, "event": "END:queue_list_for_pop", "host": "d6b2a058c4be", "pid": 193091, "rank": null, "ts": "2026-10-04 16:16:50"}
[DBG] {"available": 0, "category": "QUEUE", "component": "queue", "event": "pop_scan", "exact": true, "host": "d6b2a058c4be", "pid": 193091, "queue": "preference", "rank": null, "requested": 4, "selected": 0, "selected_keys": [], "stale": 0, "stale_keys": [], "ts": "2026-10-04 16:16:50"}
[DBG] {"available": 0, "category": "QUEUE", "component": "queue", "event": "pop_not_enough", "host": "d6b2a058c4be", "pid": 193091, "queue": "preference", "rank": null, "requested": 4, "ts": "2026-10-04 16:16:50"}
[DBG] {"category": "QUEUE", "component": "queue", "current_version": 0, "event": "BEGIN:queue_list_for_pop", "exact": true, "host": "d6b2a058c4be", "max_lag": 3, "pid": 193091, "queue": "preference", "rank": null, "requested": 4, "ts": "2026-10-04 16:16:51"}
[DBG] {"category": "QUEUE", "component": "queue", "event": "watchdog_armed", "host": "d6b2a058c4be", "pid": 193091, "rank": null, "stage": "queue_list_for_pop", "timeout_sec": 30.0, "ts": "2026-10-04 16:16:51"}
[DBG] {"category": "QUEUE", "component": "queue", "elapsed_sec": 0.002723, "event": "END:queue_list_for_pop", "host": "d6b2a058c4be", "pid": 193091, "rank": null, "ts": "2026-10-04 16:16:51"}
[DBG] {"available": 0, "category": "QUEUE", "component": "queue", "event": "pop_scan", "exact": true, "host": "d6b2a058c4be", "pid": 193091, "queue": "preference", "rank": null, "requested": 4, "selected": 0, "selected_keys": [], "stale": 0, "stale_keys": [], "ts": "2026-10-04 16:16:51"}
[DBG] {"available": 0, "category": "QUEUE", "component": "queue", "event": "pop_not_enough", "host": "d6b2a058c4be", "pid": 193091, "queue": "preference", "rank": null, "requested": 4, "ts": "2026-10-04 16:16:51"}
[DBG] {"category": "QUEUE", "component": "queue", "current_version": 0, "event": "BEGIN:queue_list_for_pop", "exact": true, "host": "d6b2a058c4be", "max_lag": 3, "pid": 193091, "queue": "preference", "rank": null, "requested": 4, "ts": "2026-10-04 16:16:51"}
[DBG] {"category": "QUEUE", "component": "queue", "event": "watchdog_armed", "host": "d6b2a058c4be", "pid": 193091, "rank": null, "stage": "queue_list_for_pop", "timeout_sec": 30.0, "ts": "2026-10-04 16:16:51"}
[DBG] {"category": "QUEUE", "component": "queue", "elapsed_sec": 0.002767, "event": "END:queue_list_for_pop", "host": "d6b2a058c4be", "pid": 193091, "rank": null, "ts": "2026-10-04 16:16:51"}
[DBG] {"available": 0, "category": "QUEUE", "component": "queue", "event": "pop_scan", "exact": true, "host": "d6b2a058c4be", "pid": 193091, "queue": "preference", "rank": null, "requested": 4, "selected": 0, "selected_keys": [], "stale": 0, "stale_keys": [], "ts": "2026-10-04 16:16:51"}
[DBG] {"available": 0, "category": "QUEUE", "component": "queue", "event": "pop_not_enough", "host": "d6b2a058c4be", "pid": 193091, "queue": "preference", "rank": null, "requested": 4, "ts": "2026-10-04 16:16:51"}
[DBG] {"category": "QUEUE", "component": "queue", "current_version": 0, "event": "BEGIN:queue_list_for_pop", "exact": true, "host": "d6b2a058c4be", "max_lag": 3, "pid": 193091, "queue": "preference", "rank": null, "requested": 4, "ts": "2026-10-04 16:16:52"}
[DBG] {"category": "QUEUE", "component": "queue", "event": "watchdog_armed", "host": "d6b2a058c4be", "pid": 193091, "rank": null, "stage": "queue_list_for_pop", "timeout_sec": 30.0, "ts": "2026-10-04 16:16:52"}
[DBG] {"category": "QUEUE", "component": "queue", "elapsed_sec": 0.002546, "event": "END:queue_list_for_pop", "host": "d6b2a058c4be", "pid": 193091, "rank": null, "ts": "2026-10-04 16:16:52"}
[DBG] {"available": 0, "category": "QUEUE", "component": "queue", "event": "pop_scan", "exact": true, "host": "d6b2a058c4be", "pid": 193091, "queue": "preference", "rank": null, "requested": 4, "selected": 0, "selected_keys": [], "stale": 0, "stale_keys": [], "ts": "2026-10-04 16:16:52"}
[DBG] {"available": 0, "category": "QUEUE", "component": "queue", "event": "pop_not_enough", "host": "d6b2a058c4be", "pid": 193091, "queue": "preference", "rank": null, "requested": 4, "ts": "2026-10-04 16:16:52"}
[DBG] {"category": "QUEUE", "component": "queue", "current_version": 0, "event": "BEGIN:queue_list_for_pop", "exact": true, "host": "d6b2a058c4be", "max_lag": 3, "pid": 193091, "queue": "preference", "rank": null, "requested": 4, "ts": "2026-10-04 16:16:52"}
[DBG] {"category": "QUEUE", "component": "queue", "event": "watchdog_armed", "host": "d6b2a058c4be", "pid": 193091, "rank": null, "stage": "queue_list_for_pop", "timeout_sec": 30.0, "ts": "2026-10-04 16:16:52"}
[DBG] {"category": "QUEUE", "component": "queue", "elapsed_sec": 0.001918, "event": "END:queue_list_for_pop", "host": "d6b2a058c4be", "pid": 193091, "rank": null, "ts": "2026-10-04 16:16:52"}
[DBG] {"available": 0, "category": "QUEUE", "component": "queue", "event": "pop_scan", "exact": true, "host": "d6b2a058c4be", "pid": 193091, "queue": "preference", "rank": null, "requested": 4, "selected": 0, "selected_keys": [], "stale": 0, "stale_keys": [], "ts": "2026-10-04 16:16:52"}
[DBG] {"available": 0, "category": "QUEUE", "component": "queue", "event": "pop_not_enough", "host": "d6b2a058c4be", "pid": 193091, "queue": "preference", "rank": null, "requested": 4, "ts": "2026-10-04 16:16:52"}
[DBG] {"category": "QUEUE", "component": "queue", "current_version": 0, "event": "BEGIN:queue_list_for_pop", "exact": true, "host": "d6b2a058c4be", "max_lag": 3, "pid": 193091, "queue": "preference", "rank": null, "requested": 4, "ts": "2026-10-04 16:16:53"}
[DBG] {"category": "QUEUE", "component": "queue", "event": "watchdog_armed", "host": "d6b2a058c4be", "pid": 193091, "rank": null, "stage": "queue_list_for_pop", "timeout_sec": 30.0, "ts": "2026-10-04 16:16:53"}
[DBG] {"category": "QUEUE", "component": "queue", "elapsed_sec": 0.001738, "event": "END:queue_list_for_pop", "host": "d6b2a058c4be", "pid": 193091, "rank": null, "ts": "2026-10-04 16:16:53"}
[DBG] {"available": 0, "category": "QUEUE", "component": "queue", "event": "pop_scan", "exact": true, "host": "d6b2a058c4be", "pid": 193091, "queue": "preference", "rank": null, "requested": 4, "selected": 0, "selected_keys": [], "stale": 0, "stale_keys": [], "ts": "2026-10-04 16:16:53"}
[DBG] {"available": 0, "category": "QUEUE", "component": "queue", "event": "pop_not_enough", "host": "d6b2a058c4be", "pid": 193091, "queue": "preference", "rank": null, "requested": 4, "ts": "2026-10-04 16:16:53"}
[DBG] {"category": "QUEUE", "component": "queue", "current_version": 0, "event": "BEGIN:queue_list_for_pop", "exact": true, "host": "d6b2a058c4be", "max_lag": 3, "pid": 193091, "queue": "preference", "rank": null, "requested": 4, "ts": "2026-10-04 16:16:54"}
[DBG] {"category": "QUEUE", "component": "queue", "event": "watchdog_armed", "host": "d6b2a058c4be", "pid": 193091, "rank": null, "stage": "queue_list_for_pop", "timeout_sec": 30.0, "ts": "2026-10-04 16:16:54"}
[DBG] {"category": "QUEUE", "component": "queue", "elapsed_sec": 0.001941, "event": "END:queue_list_for_pop", "host": "d6b2a058c4be", "pid": 193091, "rank": null, "ts": "2026-10-04 16:16:54"}
[DBG] {"available": 0, "category": "QUEUE", "component": "queue", "event": "pop_scan", "exact": true, "host": "d6b2a058c4be", "pid": 193091, "queue": "preference", "rank": null, "requested": 4, "selected": 0, "selected_keys": [], "stale": 0, "stale_keys": [], "ts": "2026-10-04 16:16:54"}
[DBG] {"available": 0, "category": "QUEUE", "component": "queue", "event": "pop_not_enough", "host": "d6b2a058c4be", "pid": 193091, "queue": "preference", "rank": null, "requested": 4, "ts": "2026-10-04 16:16:54"}
[DBG] {"category": "QUEUE", "component": "queue", "current_version": 0, "event": "BEGIN:queue_list_for_pop", "exact": true, "host": "d6b2a058c4be", "max_lag": 3, "pid": 193091, "queue": "preference", "rank": null, "requested": 4, "ts": "2026-10-04 16:16:54"}
[DBG] {"category": "QUEUE", "component": "queue", "event": "watchdog_armed", "host": "d6b2a058c4be", "pid": 193091, "rank": null, "stage": "queue_list_for_pop", "timeout_sec": 30.0, "ts": "2026-10-04 16:16:54"}
[DBG] {"category": "QUEUE", "component": "queue", "elapsed_sec": 0.001806, "event": "END:queue_list_for_pop", "host": "d6b2a058c4be", "pid": 193091, "rank": null, "ts": "2026-10-04 16:16:54"}
[DBG] {"available": 0, "category": "QUEUE", "component": "queue", "event": "pop_scan", "exact": true, "host": "d6b2a058c4be", "pid": 193091, "queue": "preference", "rank": null, "requested": 4, "selected": 0, "selected_keys": [], "stale": 0, "stale_keys": [], "ts": "2026-10-04 16:16:54"}
[DBG] {"available": 0, "category": "QUEUE", "component": "queue", "event": "pop_not_enough", "host": "d6b2a058c4be", "pid": 193091, "queue": "preference", "rank": null, "requested": 4, "ts": "2026-10-04 16:16:54"}
[DBG] {"category": "QUEUE", "component": "queue", "current_version": 0, "event": "BEGIN:queue_list_for_pop", "exact": true, "host": "d6b2a058c4be", "max_lag": 3, "pid": 193091, "queue": "preference", "rank": null, "requested": 4, "ts": "2026-10-04 16:16:55"}
[DBG] {"category": "QUEUE", "component": "queue", "event": "watchdog_armed", "host": "d6b2a058c4be", "pid": 193091, "rank": null, "stage": "queue_list_for_pop", "timeout_sec": 30.0, "ts": "2026-10-04 16:16:55"}
[DBG] {"category": "QUEUE", "component": "queue", "elapsed_sec": 0.001818, "event": "END:queue_list_for_pop", "host": "d6b2a058c4be", "pid": 193091, "rank": null, "ts": "2026-10-04 16:16:55"}
[DBG] {"available": 0, "category": "QUEUE", "component": "queue", "event": "pop_scan", "exact": true, "host": "d6b2a058c4be", "pid": 193091, "queue": "preference", "rank": null, "requested": 4, "selected": 0, "selected_keys": [], "stale": 0, "stale_keys": [], "ts": "2026-10-04 16:16:55"}
[DBG] {"available": 0, "category": "QUEUE", "component": "queue", "event": "pop_not_enough", "host": "d6b2a058c4be", "pid": 193091, "queue": "preference", "rank": null, "requested": 4, "ts": "2026-10-04 16:16:55"}
[DBG] {"category": "QUEUE", "component": "queue", "current_version": 0, "event": "BEGIN:queue_list_for_pop", "exact": true, "host": "d6b2a058c4be", "max_lag": 3, "pid": 193091, "queue": "preference", "rank": null, "requested": 4, "ts": "2026-10-04 16:16:55"}
[DBG] {"category": "QUEUE", "component": "queue", "event": "watchdog_armed", "host": "d6b2a058c4be", "pid": 193091, "rank": null, "stage": "queue_list_for_pop", "timeout_sec": 30.0, "ts": "2026-10-04 16:16:55"}
[DBG] {"category": "QUEUE", "component": "queue", "elapsed_sec": 0.001787, "event": "END:queue_list_for_pop", "host": "d6b2a058c4be", "pid": 193091, "rank": null, "ts": "2026-10-04 16:16:55"}
[DBG] {"available": 0, "category": "QUEUE", "component": "queue", "event": "pop_scan", "exact": true, "host": "d6b2a058c4be", "pid": 193091, "queue": "preference", "rank": null, "requested": 4, "selected": 0, "selected_keys": [], "stale": 0, "stale_keys": [], "ts": "2026-10-04 16:16:55"}
[DBG] {"available": 0, "category": "QUEUE", "component": "queue", "event": "pop_not_enough", "host": "d6b2a058c4be", "pid": 193091, "queue": "preference", "rank": null, "requested": 4, "ts": "2026-10-04 16:16:55"}
[DBG] {"category": "QUEUE", "component": "queue", "event": "put_prepare", "host": "d6b2a058c4be", "item_id": "f56e5ede261545cba533d67a9f606dde", "partition": "smoke01:preference", "payload_bytes": 1279, "pid": 193091, "policy_version": 0, "queue": "preference", "rank": null, "ts": "2026-10-04 16:16:56"}
[DBG] {"category": "QUEUE", "component": "queue", "event": "BEGIN:queue_put", "host": "d6b2a058c4be", "item_id": "f56e5ede261545cba533d67a9f606dde", "pid": 193091, "queue": "preference", "rank": null, "ts": "2026-10-04 16:16:56"}
[DBG] {"category": "QUEUE", "component": "queue", "event": "watchdog_armed", "host": "d6b2a058c4be", "pid": 193091, "rank": null, "stage": "queue_put", "timeout_sec": 30.0, "ts": "2026-10-04 16:16:56"}
[DBG] {"category": "QUEUE", "component": "queue", "elapsed_sec": 0.035276, "event": "END:queue_put", "host": "d6b2a058c4be", "pid": 193091, "rank": null, "ts": "2026-10-04 16:16:56"}
[DBG] {"category": "QUEUE", "component": "queue", "event": "put_done", "host": "d6b2a058c4be", "key": "smoke01:preference:f56e5ede261545cba533d67a9f606dde", "pid": 193091, "policy_version": 0, "queue": "preference", "rank": null, "ts": "2026-10-04 16:16:56"}
[DBG] {"category": "QUEUE", "component": "queue", "event": "size_changed", "host": "d6b2a058c4be", "pid": 193091, "queue": "preference", "rank": null, "size": 1, "ts": "2026-10-04 16:16:56"}
[DBG] {"category": "QUEUE", "component": "queue", "current_version": 0, "event": "BEGIN:queue_list_for_pop", "exact": true, "host": "d6b2a058c4be", "max_lag": 3, "pid": 193091, "queue": "preference", "rank": null, "requested": 4, "ts": "2026-10-04 16:16:56"}
[DBG] {"category": "QUEUE", "component": "queue", "event": "watchdog_armed", "host": "d6b2a058c4be", "pid": 193091, "rank": null, "stage": "queue_list_for_pop", "timeout_sec": 30.0, "ts": "2026-10-04 16:16:56"}
[DBG] {"category": "QUEUE", "component": "queue", "elapsed_sec": 0.002332, "event": "END:queue_list_for_pop", "host": "d6b2a058c4be", "pid": 193091, "rank": null, "ts": "2026-10-04 16:16:56"}
[DBG] {"available": 1, "category": "QUEUE", "component": "queue", "event": "pop_scan", "exact": true, "host": "d6b2a058c4be", "pid": 193091, "queue": "preference", "rank": null, "requested": 4, "selected": 1, "selected_keys": ["smoke01:preference:f56e5ede261545cba533d67a9f606dde"], "stale": 0, "stale_keys": [], "ts": "2026-10-04 16:16:56"}
[DBG] {"available": 1, "category": "QUEUE", "component": "queue", "event": "pop_not_enough", "host": "d6b2a058c4be", "pid": 193091, "queue": "preference", "rank": null, "requested": 4, "ts": "2026-10-04 16:16:56"}
[DBG] {"category": "QUEUE", "component": "queue", "current_version": 0, "event": "BEGIN:queue_list_for_pop", "exact": true, "host": "d6b2a058c4be", "max_lag": 3, "pid": 193091, "queue": "preference", "rank": null, "requested": 4, "ts": "2026-10-04 16:16:56"}
[DBG] {"category": "QUEUE", "component": "queue", "event": "watchdog_armed", "host": "d6b2a058c4be", "pid": 193091, "rank": null, "stage": "queue_list_for_pop", "timeout_sec": 30.0, "ts": "2026-10-04 16:16:56"}
[DBG] {"category": "QUEUE", "component": "queue", "elapsed_sec": 0.002362, "event": "END:queue_list_for_pop", "host": "d6b2a058c4be", "pid": 193091, "rank": null, "ts": "2026-10-04 16:16:56"}
[DBG] {"available": 1, "category": "QUEUE", "component": "queue", "event": "pop_scan", "exact": true, "host": "d6b2a058c4be", "pid": 193091, "queue": "preference", "rank": null, "requested": 4, "selected": 1, "selected_keys": ["smoke01:preference:f56e5ede261545cba533d67a9f606dde"], "stale": 0, "stale_keys": [], "ts": "2026-10-04 16:16:56"}
[DBG] {"available": 1, "category": "QUEUE", "component": "queue", "event": "pop_not_enough", "host": "d6b2a058c4be", "pid": 193091, "queue": "preference", "rank": null, "requested": 4, "ts": "2026-10-04 16:16:56"}
[DBG] {"category": "QUEUE", "component": "queue", "current_version": null, "event": "BEGIN:queue_list_for_pop", "exact": false, "host": "d6b2a058c4be", "max_lag": null, "pid": 193091, "queue": "rollout", "rank": null, "requested": 1, "ts": "2026-10-04 16:16:57"}
[DBG] {"category": "QUEUE", "component": "queue", "event": "watchdog_armed", "host": "d6b2a058c4be", "pid": 193091, "rank": null, "stage": "queue_list_for_pop", "timeout_sec": 30.0, "ts": "2026-10-04 16:16:57"}
[DBG] {"category": "QUEUE", "component": "queue", "elapsed_sec": 0.002676, "event": "END:queue_list_for_pop", "host": "d6b2a058c4be", "pid": 193091, "rank": null, "ts": "2026-10-04 16:16:57"}
[DBG] {"available": 9, "category": "QUEUE", "component": "queue", "event": "pop_scan", "exact": false, "host": "d6b2a058c4be", "pid": 193091, "queue": "rollout", "rank": null, "requested": 1, "selected": 1, "selected_keys": ["smoke01:rollout:7afd1b594bba496faba0e6ce09bbd17c"], "stale": 0, "stale_keys": [], "ts": "2026-10-04 16:16:57"}
[DBG] {"category": "QUEUE", "component": "queue", "event": "BEGIN:queue_get", "host": "d6b2a058c4be", "key": "smoke01:rollout:7afd1b594bba496faba0e6ce09bbd17c", "pid": 193091, "queue": "rollout", "rank": null, "ts": "2026-10-04 16:16:57"}
[DBG] {"category": "QUEUE", "component": "queue", "event": "watchdog_armed", "host": "d6b2a058c4be", "pid": 193091, "rank": null, "stage": "queue_get", "timeout_sec": 30.0, "ts": "2026-10-04 16:16:57"}
[DBG] {"category": "QUEUE", "component": "queue", "elapsed_sec": 0.031586, "event": "END:queue_get", "host": "d6b2a058c4be", "pid": 193091, "rank": null, "ts": "2026-10-04 16:16:57"}
[DBG] {"category": "QUEUE", "component": "queue", "event": "queue_item_decoded", "host": "d6b2a058c4be", "item_id": "7afd1b594bba496faba0e6ce09bbd17c", "key": "smoke01:rollout:7afd1b594bba496faba0e6ce09bbd17c", "pid": 193091, "policy_version": 0, "queue": "rollout", "rank": null, "ts": "2026-10-04 16:16:57"}
[DBG] {"category": "QUEUE", "component": "queue", "count": 1, "event": "BEGIN:clear_popped", "host": "d6b2a058c4be", "pid": 193091, "queue": "rollout", "rank": null, "ts": "2026-10-04 16:16:57"}
[DBG] {"category": "QUEUE", "component": "queue", "event": "watchdog_armed", "host": "d6b2a058c4be", "pid": 193091, "rank": null, "stage": "clear_popped", "timeout_sec": 30.0, "ts": "2026-10-04 16:16:57"}
[DBG] {"category": "QUEUE", "component": "queue", "elapsed_sec": 0.01676, "event": "END:clear_popped", "host": "d6b2a058c4be", "pid": 193091, "rank": null, "ts": "2026-10-04 16:16:57"}
[DBG] {"category": "QUEUE", "component": "queue", "event": "pop_done", "host": "d6b2a058c4be", "item_ids": ["7afd1b594bba496faba0e6ce09bbd17c"], "pid": 193091, "queue": "rollout", "rank": null, "remaining": 8, "returned": 1, "stale": 0, "ts": "2026-10-04 16:16:57"}
[DBG] {"category": "QUEUE", "component": "queue", "current_version": 0, "event": "BEGIN:queue_list_for_pop", "exact": true, "host": "d6b2a058c4be", "max_lag": 3, "pid": 193091, "queue": "preference", "rank": null, "requested": 4, "ts": "2026-10-04 16:16:57"}
[DBG] {"category": "QUEUE", "component": "queue", "event": "watchdog_armed", "host": "d6b2a058c4be", "pid": 193091, "rank": null, "stage": "queue_list_for_pop", "timeout_sec": 30.0, "ts": "2026-10-04 16:16:57"}
[DBG] {"category": "QUEUE", "component": "queue", "elapsed_sec": 0.001903, "event": "END:queue_list_for_pop", "host": "d6b2a058c4be", "pid": 193091, "rank": null, "ts": "2026-10-04 16:16:57"}
[DBG] {"available": 1, "category": "QUEUE", "component": "queue", "event": "pop_scan", "exact": true, "host": "d6b2a058c4be", "pid": 193091, "queue": "preference", "rank": null, "requested": 4, "selected": 1, "selected_keys": ["smoke01:preference:f56e5ede261545cba533d67a9f606dde"], "stale": 0, "stale_keys": [], "ts": "2026-10-04 16:16:57"}
[DBG] {"available": 1, "category": "QUEUE", "component": "queue", "event": "pop_not_enough", "host": "d6b2a058c4be", "pid": 193091, "queue": "preference", "rank": null, "requested": 4, "ts": "2026-10-04 16:16:57"}
[DBG] {"category": "QUEUE", "component": "queue", "event": "size_changed", "host": "d6b2a058c4be", "pid": 193091, "queue": "rollout", "rank": null, "size": 8, "ts": "2026-10-04 16:16:57"}
[DBG] {"category": "QUEUE", "component": "queue", "current_version": 0, "event": "BEGIN:queue_list_for_pop", "exact": true, "host": "d6b2a058c4be", "max_lag": 3, "pid": 193091, "queue": "preference", "rank": null, "requested": 4, "ts": "2026-10-04 16:16:57"}
[DBG] {"category": "QUEUE", "component": "queue", "event": "watchdog_armed", "host": "d6b2a058c4be", "pid": 193091, "rank": null, "stage": "queue_list_for_pop", "timeout_sec": 30.0, "ts": "2026-10-04 16:16:57"}
[DBG] {"category": "QUEUE", "component": "queue", "elapsed_sec": 0.002471, "event": "END:queue_list_for_pop", "host": "d6b2a058c4be", "pid": 193091, "rank": null, "ts": "2026-10-04 16:16:57"}
[DBG] {"available": 1, "category": "QUEUE", "component": "queue", "event": "pop_scan", "exact": true, "host": "d6b2a058c4be", "pid": 193091, "queue": "preference", "rank": null, "requested": 4, "selected": 1, "selected_keys": ["smoke01:preference:f56e5ede261545cba533d67a9f606dde"], "stale": 0, "stale_keys": [], "ts": "2026-10-04 16:16:57"}
[DBG] {"available": 1, "category": "QUEUE", "component": "queue", "event": "pop_not_enough", "host": "d6b2a058c4be", "pid": 193091, "queue": "preference", "rank": null, "requested": 4, "ts": "2026-10-04 16:16:57"}
[DBG] {"category": "QUEUE", "component": "queue", "current_version": 0, "event": "BEGIN:queue_list_for_pop", "exact": true, "host": "d6b2a058c4be", "max_lag": 3, "pid": 193091, "queue": "preference", "rank": null, "requested": 4, "ts": "2026-10-04 16:16:58"}
[DBG] {"category": "QUEUE", "component": "queue", "event": "watchdog_armed", "host": "d6b2a058c4be", "pid": 193091, "rank": null, "stage": "queue_list_for_pop", "timeout_sec": 30.0, "ts": "2026-10-04 16:16:58"}
[DBG] {"category": "QUEUE", "component": "queue", "elapsed_sec": 0.002377, "event": "END:queue_list_for_pop", "host": "d6b2a058c4be", "pid": 193091, "rank": null, "ts": "2026-10-04 16:16:58"}
[DBG] {"available": 1, "category": "QUEUE", "component": "queue", "event": "pop_scan", "exact": true, "host": "d6b2a058c4be", "pid": 193091, "queue": "preference", "rank": null, "requested": 4, "selected": 1, "selected_keys": ["smoke01:preference:f56e5ede261545cba533d67a9f606dde"], "stale": 0, "stale_keys": [], "ts": "2026-10-04 16:16:58"}
[DBG] {"available": 1, "category": "QUEUE", "component": "queue", "event": "pop_not_enough", "host": "d6b2a058c4be", "pid": 193091, "queue": "preference", "rank": null, "requested": 4, "ts": "2026-10-04 16:16:58"}
[DBG] {"category": "QUEUE", "component": "queue", "event": "put_prepare", "host": "d6b2a058c4be", "item_id": "7afd1b594bba496faba0e6ce09bbd17c", "partition": "smoke01:preference", "payload_bytes": 1622, "pid": 193091, "policy_version": 0, "queue": "preference", "rank": null, "ts": "2026-10-04 16:16:58"}
[DBG] {"category": "QUEUE", "component": "queue", "event": "BEGIN:queue_put", "host": "d6b2a058c4be", "item_id": "7afd1b594bba496faba0e6ce09bbd17c", "pid": 193091, "queue": "preference", "rank": null, "ts": "2026-10-04 16:16:58"}
[DBG] {"category": "QUEUE", "component": "queue", "event": "watchdog_armed", "host": "d6b2a058c4be", "pid": 193091, "rank": null, "stage": "queue_put", "timeout_sec": 30.0, "ts": "2026-10-04 16:16:58"}
[DBG] {"category": "QUEUE", "component": "queue", "elapsed_sec": 0.031168, "event": "END:queue_put", "host": "d6b2a058c4be", "pid": 193091, "rank": null, "ts": "2026-10-04 16:16:58"}
[DBG] {"category": "QUEUE", "component": "queue", "event": "put_done", "host": "d6b2a058c4be", "key": "smoke01:preference:7afd1b594bba496faba0e6ce09bbd17c", "pid": 193091, "policy_version": 0, "queue": "preference", "rank": null, "ts": "2026-10-04 16:16:58"}
[DBG] {"category": "QUEUE", "component": "queue", "event": "size_changed", "host": "d6b2a058c4be", "pid": 193091, "queue": "preference", "rank": null, "size": 2, "ts": "2026-10-04 16:16:58"}
[DBG] {"category": "QUEUE", "component": "queue", "current_version": 0, "event": "BEGIN:queue_list_for_pop", "exact": true, "host": "d6b2a058c4be", "max_lag": 3, "pid": 193091, "queue": "preference", "rank": null, "requested": 4, "ts": "2026-10-04 16:16:58"}
[DBG] {"category": "QUEUE", "component": "queue", "event": "watchdog_armed", "host": "d6b2a058c4be", "pid": 193091, "rank": null, "stage": "queue_list_for_pop", "timeout_sec": 30.0, "ts": "2026-10-04 16:16:58"}
[DBG] {"category": "QUEUE", "component": "queue", "elapsed_sec": 0.001929, "event": "END:queue_list_for_pop", "host": "d6b2a058c4be", "pid": 193091, "rank": null, "ts": "2026-10-04 16:16:58"}
[DBG] {"available": 2, "category": "QUEUE", "component": "queue", "event": "pop_scan", "exact": true, "host": "d6b2a058c4be", "pid": 193091, "queue": "preference", "rank": null, "requested": 4, "selected": 2, "selected_keys": ["smoke01:preference:f56e5ede261545cba533d67a9f606dde", "smoke01:preference:7afd1b594bba496faba0e6ce09bbd17c"], "stale": 0, "stale_keys": [], "ts": "2026-10-04 16:16:58"}
[DBG] {"available": 2, "category": "QUEUE", "component": "queue", "event": "pop_not_enough", "host": "d6b2a058c4be", "pid": 193091, "queue": "preference", "rank": null, "requested": 4, "ts": "2026-10-04 16:16:58"}
[DBG] {"category": "QUEUE", "component": "queue", "current_version": 0, "event": "BEGIN:queue_list_for_pop", "exact": true, "host": "d6b2a058c4be", "max_lag": 3, "pid": 193091, "queue": "preference", "rank": null, "requested": 4, "ts": "2026-10-04 16:16:59"}
[DBG] {"category": "QUEUE", "component": "queue", "event": "watchdog_armed", "host": "d6b2a058c4be", "pid": 193091, "rank": null, "stage": "queue_list_for_pop", "timeout_sec": 30.0, "ts": "2026-10-04 16:16:59"}
[DBG] {"category": "QUEUE", "component": "queue", "elapsed_sec": 0.001846, "event": "END:queue_list_for_pop", "host": "d6b2a058c4be", "pid": 193091, "rank": null, "ts": "2026-10-04 16:16:59"}
[DBG] {"available": 2, "category": "QUEUE", "component": "queue", "event": "pop_scan", "exact": true, "host": "d6b2a058c4be", "pid": 193091, "queue": "preference", "rank": null, "requested": 4, "selected": 2, "selected_keys": ["smoke01:preference:f56e5ede261545cba533d67a9f606dde", "smoke01:preference:7afd1b594bba496faba0e6ce09bbd17c"], "stale": 0, "stale_keys": [], "ts": "2026-10-04 16:16:59"}
[DBG] {"available": 2, "category": "QUEUE", "component": "queue", "event": "pop_not_enough", "host": "d6b2a058c4be", "pid": 193091, "queue": "preference", "rank": null, "requested": 4, "ts": "2026-10-04 16:16:59"}
[DBG] {"category": "QUEUE", "component": "queue", "current_version": null, "event": "BEGIN:queue_list_for_pop", "exact": false, "host": "d6b2a058c4be", "max_lag": null, "pid": 193091, "queue": "rollout", "rank": null, "requested": 1, "ts": "2026-10-04 16:16:59"}
[DBG] {"category": "QUEUE", "component": "queue", "event": "watchdog_armed", "host": "d6b2a058c4be", "pid": 193091, "rank": null, "stage": "queue_list_for_pop", "timeout_sec": 30.0, "ts": "2026-10-04 16:16:59"}
[DBG] {"category": "QUEUE", "component": "queue", "elapsed_sec": 0.002129, "event": "END:queue_list_for_pop", "host": "d6b2a058c4be", "pid": 193091, "rank": null, "ts": "2026-10-04 16:16:59"}
[DBG] {"available": 8, "category": "QUEUE", "component": "queue", "event": "pop_scan", "exact": false, "host": "d6b2a058c4be", "pid": 193091, "queue": "rollout", "rank": null, "requested": 1, "selected": 1, "selected_keys": ["smoke01:rollout:880110bd97fe464aab72a0f49dbf4b70"], "stale": 0, "stale_keys": [], "ts": "2026-10-04 16:16:59"}
[DBG] {"category": "QUEUE", "component": "queue", "event": "BEGIN:queue_get", "host": "d6b2a058c4be", "key": "smoke01:rollout:880110bd97fe464aab72a0f49dbf4b70", "pid": 193091, "queue": "rollout", "rank": null, "ts": "2026-10-04 16:16:59"}
[DBG] {"category": "QUEUE", "component": "queue", "event": "watchdog_armed", "host": "d6b2a058c4be", "pid": 193091, "rank": null, "stage": "queue_get", "timeout_sec": 30.0, "ts": "2026-10-04 16:16:59"}
[DBG] {"category": "QUEUE", "component": "queue", "elapsed_sec": 0.026207, "event": "END:queue_get", "host": "d6b2a058c4be", "pid": 193091, "rank": null, "ts": "2026-10-04 16:16:59"}
[DBG] {"category": "QUEUE", "component": "queue", "event": "queue_item_decoded", "host": "d6b2a058c4be", "item_id": "880110bd97fe464aab72a0f49dbf4b70", "key": "smoke01:rollout:880110bd97fe464aab72a0f49dbf4b70", "pid": 193091, "policy_version": 0, "queue": "rollout", "rank": null, "ts": "2026-10-04 16:16:59"}
[DBG] {"category": "QUEUE", "component": "queue", "count": 1, "event": "BEGIN:clear_popped", "host": "d6b2a058c4be", "pid": 193091, "queue": "rollout", "rank": null, "ts": "2026-10-04 16:16:59"}
[DBG] {"category": "QUEUE", "component": "queue", "event": "watchdog_armed", "host": "d6b2a058c4be", "pid": 193091, "rank": null, "stage": "clear_popped", "timeout_sec": 30.0, "ts": "2026-10-04 16:16:59"}
[DBG] {"category": "QUEUE", "component": "queue", "elapsed_sec": 0.015311, "event": "END:clear_popped", "host": "d6b2a058c4be", "pid": 193091, "rank": null, "ts": "2026-10-04 16:16:59"}
[DBG] {"category": "QUEUE", "component": "queue", "event": "pop_done", "host": "d6b2a058c4be", "item_ids": ["880110bd97fe464aab72a0f49dbf4b70"], "pid": 193091, "queue": "rollout", "rank": null, "remaining": 7, "returned": 1, "stale": 0, "ts": "2026-10-04 16:16:59"}
[DBG] {"category": "QUEUE", "component": "queue", "current_version": 0, "event": "BEGIN:queue_list_for_pop", "exact": true, "host": "d6b2a058c4be", "max_lag": 3, "pid": 193091, "queue": "preference", "rank": null, "requested": 4, "ts": "2026-10-04 16:16:59"}
[DBG] {"category": "QUEUE", "component": "queue", "event": "watchdog_armed", "host": "d6b2a058c4be", "pid": 193091, "rank": null, "stage": "queue_list_for_pop", "timeout_sec": 30.0, "ts": "2026-10-04 16:16:59"}
[DBG] {"category": "QUEUE", "component": "queue", "elapsed_sec": 0.001441, "event": "END:queue_list_for_pop", "host": "d6b2a058c4be", "pid": 193091, "rank": null, "ts": "2026-10-04 16:16:59"}
[DBG] {"available": 2, "category": "QUEUE", "component": "queue", "event": "pop_scan", "exact": true, "host": "d6b2a058c4be", "pid": 193091, "queue": "preference", "rank": null, "requested": 4, "selected": 2, "selected_keys": ["smoke01:preference:f56e5ede261545cba533d67a9f606dde", "smoke01:preference:7afd1b594bba496faba0e6ce09bbd17c"], "stale": 0, "stale_keys": [], "ts": "2026-10-04 16:16:59"}
[DBG] {"available": 2, "category": "QUEUE", "component": "queue", "event": "pop_not_enough", "host": "d6b2a058c4be", "pid": 193091, "queue": "preference", "rank": null, "requested": 4, "ts": "2026-10-04 16:16:59"}
[DBG] {"category": "QUEUE", "component": "queue", "event": "size_changed", "host": "d6b2a058c4be", "pid": 193091, "queue": "rollout", "rank": null, "size": 7, "ts": "2026-10-04 16:16:59"}
[DBG] {"category": "QUEUE", "component": "queue", "current_version": 0, "event": "BEGIN:queue_list_for_pop", "exact": true, "host": "d6b2a058c4be", "max_lag": 3, "pid": 193091, "queue": "preference", "rank": null, "requested": 4, "ts": "2026-10-04 16:17:00"}
[DBG] {"category": "QUEUE", "component": "queue", "event": "watchdog_armed", "host": "d6b2a058c4be", "pid": 193091, "rank": null, "stage": "queue_list_for_pop", "timeout_sec": 30.0, "ts": "2026-10-04 16:17:00"}
[DBG] {"category": "QUEUE", "component": "queue", "elapsed_sec": 0.001959, "event": "END:queue_list_for_pop", "host": "d6b2a058c4be", "pid": 193091, "rank": null, "ts": "2026-10-04 16:17:00"}
[DBG] {"available": 2, "category": "QUEUE", "component": "queue", "event": "pop_scan", "exact": true, "host": "d6b2a058c4be", "pid": 193091, "queue": "preference", "rank": null, "requested": 4, "selected": 2, "selected_keys": ["smoke01:preference:f56e5ede261545cba533d67a9f606dde", "smoke01:preference:7afd1b594bba496faba0e6ce09bbd17c"], "stale": 0, "stale_keys": [], "ts": "2026-10-04 16:17:00"}
[DBG] {"available": 2, "category": "QUEUE", "component": "queue", "event": "pop_not_enough", "host": "d6b2a058c4be", "pid": 193091, "queue": "preference", "rank": null, "requested": 4, "ts": "2026-10-04 16:17:00"}
[DBG] {"category": "QUEUE", "component": "queue", "event": "put_prepare", "host": "d6b2a058c4be", "item_id": "554482859f37492e935fe725669d347b", "partition": "smoke01:rollout", "payload_bytes": 2411, "pid": 193091, "policy_version": 0, "queue": "rollout", "rank": null, "ts": "2026-10-04 16:17:00"}
[DBG] {"category": "QUEUE", "component": "queue", "event": "BEGIN:queue_put", "host": "d6b2a058c4be", "item_id": "554482859f37492e935fe725669d347b", "pid": 193091, "queue": "rollout", "rank": null, "ts": "2026-10-04 16:17:00"}
[DBG] {"category": "QUEUE", "component": "queue", "event": "watchdog_armed", "host": "d6b2a058c4be", "pid": 193091, "rank": null, "stage": "queue_put", "timeout_sec": 30.0, "ts": "2026-10-04 16:17:00"}
[DBG] {"category": "QUEUE", "component": "queue", "elapsed_sec": 0.028556, "event": "END:queue_put", "host": "d6b2a058c4be", "pid": 193091, "rank": null, "ts": "2026-10-04 16:17:00"}
[DBG] {"category": "QUEUE", "component": "queue", "event": "put_done", "host": "d6b2a058c4be", "key": "smoke01:rollout:554482859f37492e935fe725669d347b", "pid": 193091, "policy_version": 0, "queue": "rollout", "rank": null, "ts": "2026-10-04 16:17:00"}
[DBG] {"category": "QUEUE", "component": "queue", "event": "put_prepare", "host": "d6b2a058c4be", "item_id": "3d7e8022c83548a581212649e6ef43db", "partition": "smoke01:rollout", "payload_bytes": 2589, "pid": 193091, "policy_version": 0, "queue": "rollout", "rank": null, "ts": "2026-10-04 16:17:00"}
[DBG] {"category": "QUEUE", "component": "queue", "event": "BEGIN:queue_put", "host": "d6b2a058c4be", "item_id": "3d7e8022c83548a581212649e6ef43db", "pid": 193091, "queue": "rollout", "rank": null, "ts": "2026-10-04 16:17:00"}
[DBG] {"category": "QUEUE", "component": "queue", "event": "watchdog_armed", "host": "d6b2a058c4be", "pid": 193091, "rank": null, "stage": "queue_put", "timeout_sec": 30.0, "ts": "2026-10-04 16:17:00"}
[DBG] {"category": "QUEUE", "component": "queue", "elapsed_sec": 0.02619, "event": "END:queue_put", "host": "d6b2a058c4be", "pid": 193091, "rank": null, "ts": "2026-10-04 16:17:00"}
[DBG] {"category": "QUEUE", "component": "queue", "event": "put_done", "host": "d6b2a058c4be", "key": "smoke01:rollout:3d7e8022c83548a581212649e6ef43db", "pid": 193091, "policy_version": 0, "queue": "rollout", "rank": null, "ts": "2026-10-04 16:17:00"}
[DBG] {"category": "QUEUE", "component": "queue", "event": "size_changed", "host": "d6b2a058c4be", "pid": 193091, "queue": "rollout", "rank": null, "size": 9, "ts": "2026-10-04 16:17:00"}
[DBG] {"category": "QUEUE", "component": "queue", "current_version": 0, "event": "BEGIN:queue_list_for_pop", "exact": true, "host": "d6b2a058c4be", "max_lag": 3, "pid": 193091, "queue": "preference", "rank": null, "requested": 4, "ts": "2026-10-04 16:17:00"}
[DBG] {"category": "QUEUE", "component": "queue", "event": "watchdog_armed", "host": "d6b2a058c4be", "pid": 193091, "rank": null, "stage": "queue_list_for_pop", "timeout_sec": 30.0, "ts": "2026-10-04 16:17:00"}
[DBG] {"category": "QUEUE", "component": "queue", "elapsed_sec": 0.001923, "event": "END:queue_list_for_pop", "host": "d6b2a058c4be", "pid": 193091, "rank": null, "ts": "2026-10-04 16:17:00"}
[DBG] {"available": 2, "category": "QUEUE", "component": "queue", "event": "pop_scan", "exact": true, "host": "d6b2a058c4be", "pid": 193091, "queue": "preference", "rank": null, "requested": 4, "selected": 2, "selected_keys": ["smoke01:preference:f56e5ede261545cba533d67a9f606dde", "smoke01:preference:7afd1b594bba496faba0e6ce09bbd17c"], "stale": 0, "stale_keys": [], "ts": "2026-10-04 16:17:00"}
[DBG] {"available": 2, "category": "QUEUE", "component": "queue", "event": "pop_not_enough", "host": "d6b2a058c4be", "pid": 193091, "queue": "preference", "rank": null, "requested": 4, "ts": "2026-10-04 16:17:00"}
[DBG] {"category": "QUEUE", "component": "queue", "event": "put_prepare", "host": "d6b2a058c4be", "item_id": "880110bd97fe464aab72a0f49dbf4b70", "partition": "smoke01:preference", "payload_bytes": 1641, "pid": 193091, "policy_version": 0, "queue": "preference", "rank": null, "ts": "2026-10-04 16:17:00"}
[DBG] {"category": "QUEUE", "component": "queue", "event": "BEGIN:queue_put", "host": "d6b2a058c4be", "item_id": "880110bd97fe464aab72a0f49dbf4b70", "pid": 193091, "queue": "preference", "rank": null, "ts": "2026-10-04 16:17:00"}
[DBG] {"category": "QUEUE", "component": "queue", "event": "watchdog_armed", "host": "d6b2a058c4be", "pid": 193091, "rank": null, "stage": "queue_put", "timeout_sec": 30.0, "ts": "2026-10-04 16:17:00"}
[DBG] {"category": "QUEUE", "component": "queue", "elapsed_sec": 0.025825, "event": "END:queue_put", "host": "d6b2a058c4be", "pid": 193091, "rank": null, "ts": "2026-10-04 16:17:00"}
[DBG] {"category": "QUEUE", "component": "queue", "event": "put_done", "host": "d6b2a058c4be", "key": "smoke01:preference:880110bd97fe464aab72a0f49dbf4b70", "pid": 193091, "policy_version": 0, "queue": "preference", "rank": null, "ts": "2026-10-04 16:17:00"}
[DBG] {"category": "QUEUE", "component": "queue", "event": "size_changed", "host": "d6b2a058c4be", "pid": 193091, "queue": "preference", "rank": null, "size": 3, "ts": "2026-10-04 16:17:00"}
[DBG] {"category": "QUEUE", "component": "queue", "current_version": 0, "event": "BEGIN:queue_list_for_pop", "exact": true, "host": "d6b2a058c4be", "max_lag": 3, "pid": 193091, "queue": "preference", "rank": null, "requested": 4, "ts": "2026-10-04 16:17:01"}
[DBG] {"category": "QUEUE", "component": "queue", "event": "watchdog_armed", "host": "d6b2a058c4be", "pid": 193091, "rank": null, "stage": "queue_list_for_pop", "timeout_sec": 30.0, "ts": "2026-10-04 16:17:01"}
[DBG] {"category": "QUEUE", "component": "queue", "elapsed_sec": 0.001781, "event": "END:queue_list_for_pop", "host": "d6b2a058c4be", "pid": 193091, "rank": null, "ts": "2026-10-04 16:17:01"}
[DBG] {"available": 3, "category": "QUEUE", "component": "queue", "event": "pop_scan", "exact": true, "host": "d6b2a058c4be", "pid": 193091, "queue": "preference", "rank": null, "requested": 4, "selected": 3, "selected_keys": ["smoke01:preference:f56e5ede261545cba533d67a9f606dde", "smoke01:preference:7afd1b594bba496faba0e6ce09bbd17c", "smoke01:preference:880110bd97fe464aab72a0f49dbf4b70"], "stale": 0, "stale_keys": [], "ts": "2026-10-04 16:17:01"}
[DBG] {"available": 3, "category": "QUEUE", "component": "queue", "event": "pop_not_enough", "host": "d6b2a058c4be", "pid": 193091, "queue": "preference", "rank": null, "requested": 4, "ts": "2026-10-04 16:17:01"}
[DBG] {"category": "QUEUE", "component": "queue", "current_version": 0, "event": "BEGIN:queue_list_for_pop", "exact": true, "host": "d6b2a058c4be", "max_lag": 3, "pid": 193091, "queue": "preference", "rank": null, "requested": 4, "ts": "2026-10-04 16:17:01"}
[DBG] {"category": "QUEUE", "component": "queue", "event": "watchdog_armed", "host": "d6b2a058c4be", "pid": 193091, "rank": null, "stage": "queue_list_for_pop", "timeout_sec": 30.0, "ts": "2026-10-04 16:17:01"}
[DBG] {"category": "QUEUE", "component": "queue", "elapsed_sec": 0.00154, "event": "END:queue_list_for_pop", "host": "d6b2a058c4be", "pid": 193091, "rank": null, "ts": "2026-10-04 16:17:01"}
[DBG] {"available": 3, "category": "QUEUE", "component": "queue", "event": "pop_scan", "exact": true, "host": "d6b2a058c4be", "pid": 193091, "queue": "preference", "rank": null, "requested": 4, "selected": 3, "selected_keys": ["smoke01:preference:f56e5ede261545cba533d67a9f606dde", "smoke01:preference:7afd1b594bba496faba0e6ce09bbd17c", "smoke01:preference:880110bd97fe464aab72a0f49dbf4b70"], "stale": 0, "stale_keys": [], "ts": "2026-10-04 16:17:01"}
[DBG] {"available": 3, "category": "QUEUE", "component": "queue", "event": "pop_not_enough", "host": "d6b2a058c4be", "pid": 193091, "queue": "preference", "rank": null, "requested": 4, "ts": "2026-10-04 16:17:01"}
[DBG] {"category": "QUEUE", "component": "queue", "current_version": null, "event": "BEGIN:queue_list_for_pop", "exact": false, "host": "d6b2a058c4be", "max_lag": null, "pid": 193091, "queue": "rollout", "rank": null, "requested": 1, "ts": "2026-10-04 16:17:01"}
[DBG] {"category": "QUEUE", "component": "queue", "event": "watchdog_armed", "host": "d6b2a058c4be", "pid": 193091, "rank": null, "stage": "queue_list_for_pop", "timeout_sec": 30.0, "ts": "2026-10-04 16:17:01"}
[DBG] {"category": "QUEUE", "component": "queue", "elapsed_sec": 0.002042, "event": "END:queue_list_for_pop", "host": "d6b2a058c4be", "pid": 193091, "rank": null, "ts": "2026-10-04 16:17:01"}
[DBG] {"available": 9, "category": "QUEUE", "component": "queue", "event": "pop_scan", "exact": false, "host": "d6b2a058c4be", "pid": 193091, "queue": "rollout", "rank": null, "requested": 1, "selected": 1, "selected_keys": ["smoke01:rollout:ccc153f174e542fd91a7e9888794520f"], "stale": 0, "stale_keys": [], "ts": "2026-10-04 16:17:01"}
[DBG] {"category": "QUEUE", "component": "queue", "event": "BEGIN:queue_get", "host": "d6b2a058c4be", "key": "smoke01:rollout:ccc153f174e542fd91a7e9888794520f", "pid": 193091, "queue": "rollout", "rank": null, "ts": "2026-10-04 16:17:01"}
[DBG] {"category": "QUEUE", "component": "queue", "event": "watchdog_armed", "host": "d6b2a058c4be", "pid": 193091, "rank": null, "stage": "queue_get", "timeout_sec": 30.0, "ts": "2026-10-04 16:17:01"}
[DBG] {"category": "QUEUE", "component": "queue", "elapsed_sec": 0.024704, "event": "END:queue_get", "host": "d6b2a058c4be", "pid": 193091, "rank": null, "ts": "2026-10-04 16:17:01"}
[DBG] {"category": "QUEUE", "component": "queue", "event": "queue_item_decoded", "host": "d6b2a058c4be", "item_id": "ccc153f174e542fd91a7e9888794520f", "key": "smoke01:rollout:ccc153f174e542fd91a7e9888794520f", "pid": 193091, "policy_version": 0, "queue": "rollout", "rank": null, "ts": "2026-10-04 16:17:01"}
[DBG] {"category": "QUEUE", "component": "queue", "count": 1, "event": "BEGIN:clear_popped", "host": "d6b2a058c4be", "pid": 193091, "queue": "rollout", "rank": null, "ts": "2026-10-04 16:17:01"}
[DBG] {"category": "QUEUE", "component": "queue", "event": "watchdog_armed", "host": "d6b2a058c4be", "pid": 193091, "rank": null, "stage": "clear_popped", "timeout_sec": 30.0, "ts": "2026-10-04 16:17:01"}
[DBG] {"category": "QUEUE", "component": "queue", "elapsed_sec": 0.018565, "event": "END:clear_popped", "host": "d6b2a058c4be", "pid": 193091, "rank": null, "ts": "2026-10-04 16:17:01"}
[DBG] {"category": "QUEUE", "component": "queue", "event": "pop_done", "host": "d6b2a058c4be", "item_ids": ["ccc153f174e542fd91a7e9888794520f"], "pid": 193091, "queue": "rollout", "rank": null, "remaining": 8, "returned": 1, "stale": 0, "ts": "2026-10-04 16:17:01"}
[DBG] {"category": "QUEUE", "component": "queue", "event": "size_changed", "host": "d6b2a058c4be", "pid": 193091, "queue": "rollout", "rank": null, "size": 8, "ts": "2026-10-04 16:17:02"}
[DBG] {"category": "QUEUE", "component": "queue", "current_version": 0, "event": "BEGIN:queue_list_for_pop", "exact": true, "host": "d6b2a058c4be", "max_lag": 3, "pid": 193091, "queue": "preference", "rank": null, "requested": 4, "ts": "2026-10-04 16:17:02"}
[DBG] {"category": "QUEUE", "component": "queue", "event": "watchdog_armed", "host": "d6b2a058c4be", "pid": 193091, "rank": null, "stage": "queue_list_for_pop", "timeout_sec": 30.0, "ts": "2026-10-04 16:17:02"}
[DBG] {"category": "QUEUE", "component": "queue", "elapsed_sec": 0.00192, "event": "END:queue_list_for_pop", "host": "d6b2a058c4be", "pid": 193091, "rank": null, "ts": "2026-10-04 16:17:02"}
[DBG] {"available": 3, "category": "QUEUE", "component": "queue", "event": "pop_scan", "exact": true, "host": "d6b2a058c4be", "pid": 193091, "queue": "preference", "rank": null, "requested": 4, "selected": 3, "selected_keys": ["smoke01:preference:f56e5ede261545cba533d67a9f606dde", "smoke01:preference:7afd1b594bba496faba0e6ce09bbd17c", "smoke01:preference:880110bd97fe464aab72a0f49dbf4b70"], "stale": 0, "stale_keys": [], "ts": "2026-10-04 16:17:02"}
[DBG] {"available": 3, "category": "QUEUE", "component": "queue", "event": "pop_not_enough", "host": "d6b2a058c4be", "pid": 193091, "queue": "preference", "rank": null, "requested": 4, "ts": "2026-10-04 16:17:02"}
[DBG] {"category": "QUEUE", "component": "queue", "current_version": 0, "event": "BEGIN:queue_list_for_pop", "exact": true, "host": "d6b2a058c4be", "max_lag": 3, "pid": 193091, "queue": "preference", "rank": null, "requested": 4, "ts": "2026-10-04 16:17:02"}
[DBG] {"category": "QUEUE", "component": "queue", "event": "watchdog_armed", "host": "d6b2a058c4be", "pid": 193091, "rank": null, "stage": "queue_list_for_pop", "timeout_sec": 30.0, "ts": "2026-10-04 16:17:02"}
[DBG] {"category": "QUEUE", "component": "queue", "elapsed_sec": 0.002031, "event": "END:queue_list_for_pop", "host": "d6b2a058c4be", "pid": 193091, "rank": null, "ts": "2026-10-04 16:17:02"}
[DBG] {"available": 3, "category": "QUEUE", "component": "queue", "event": "pop_scan", "exact": true, "host": "d6b2a058c4be", "pid": 193091, "queue": "preference", "rank": null, "requested": 4, "selected": 3, "selected_keys": ["smoke01:preference:f56e5ede261545cba533d67a9f606dde", "smoke01:preference:7afd1b594bba496faba0e6ce09bbd17c", "smoke01:preference:880110bd97fe464aab72a0f49dbf4b70"], "stale": 0, "stale_keys": [], "ts": "2026-10-04 16:17:02"}
[DBG] {"available": 3, "category": "QUEUE", "component": "queue", "event": "pop_not_enough", "host": "d6b2a058c4be", "pid": 193091, "queue": "preference", "rank": null, "requested": 4, "ts": "2026-10-04 16:17:02"}
[DBG] {"category": "QUEUE", "component": "queue", "event": "put_prepare", "host": "d6b2a058c4be", "item_id": "ccc153f174e542fd91a7e9888794520f", "partition": "smoke01:preference", "payload_bytes": 1363, "pid": 193091, "policy_version": 0, "queue": "preference", "rank": null, "ts": "2026-10-04 16:17:03"}
[DBG] {"category": "QUEUE", "component": "queue", "event": "BEGIN:queue_put", "host": "d6b2a058c4be", "item_id": "ccc153f174e542fd91a7e9888794520f", "pid": 193091, "queue": "preference", "rank": null, "ts": "2026-10-04 16:17:03"}
[DBG] {"category": "QUEUE", "component": "queue", "event": "watchdog_armed", "host": "d6b2a058c4be", "pid": 193091, "rank": null, "stage": "queue_put", "timeout_sec": 30.0, "ts": "2026-10-04 16:17:03"}
[DBG] {"category": "QUEUE", "component": "queue", "elapsed_sec": 0.02938, "event": "END:queue_put", "host": "d6b2a058c4be", "pid": 193091, "rank": null, "ts": "2026-10-04 16:17:03"}
[DBG] {"category": "QUEUE", "component": "queue", "event": "put_done", "host": "d6b2a058c4be", "key": "smoke01:preference:ccc153f174e542fd91a7e9888794520f", "pid": 193091, "policy_version": 0, "queue": "preference", "rank": null, "ts": "2026-10-04 16:17:03"}
[DBG] {"category": "QUEUE", "component": "queue", "event": "size_changed", "host": "d6b2a058c4be", "pid": 193091, "queue": "preference", "rank": null, "size": 4, "ts": "2026-10-04 16:17:03"}
[DBG] {"category": "QUEUE", "component": "queue", "current_version": 0, "event": "BEGIN:queue_list_for_pop", "exact": true, "host": "d6b2a058c4be", "max_lag": 3, "pid": 193091, "queue": "preference", "rank": null, "requested": 4, "ts": "2026-10-04 16:17:03"}
[DBG] {"category": "QUEUE", "component": "queue", "event": "watchdog_armed", "host": "d6b2a058c4be", "pid": 193091, "rank": null, "stage": "queue_list_for_pop", "timeout_sec": 30.0, "ts": "2026-10-04 16:17:03"}
[DBG] {"category": "QUEUE", "component": "queue", "elapsed_sec": 0.002183, "event": "END:queue_list_for_pop", "host": "d6b2a058c4be", "pid": 193091, "rank": null, "ts": "2026-10-04 16:17:03"}
[DBG] {"available": 4, "category": "QUEUE", "component": "queue", "event": "pop_scan", "exact": true, "host": "d6b2a058c4be", "pid": 193091, "queue": "preference", "rank": null, "requested": 4, "selected": 4, "selected_keys": ["smoke01:preference:f56e5ede261545cba533d67a9f606dde", "smoke01:preference:7afd1b594bba496faba0e6ce09bbd17c", "smoke01:preference:880110bd97fe464aab72a0f49dbf4b70", "smoke01:preference:ccc153f174e542fd91a7e9888794520f"], "stale": 0, "stale_keys": [], "ts": "2026-10-04 16:17:03"}
[DBG] {"category": "QUEUE", "component": "queue", "event": "BEGIN:queue_get", "host": "d6b2a058c4be", "key": "smoke01:preference:f56e5ede261545cba533d67a9f606dde", "pid": 193091, "queue": "preference", "rank": null, "ts": "2026-10-04 16:17:03"}
[DBG] {"category": "QUEUE", "component": "queue", "event": "watchdog_armed", "host": "d6b2a058c4be", "pid": 193091, "rank": null, "stage": "queue_get", "timeout_sec": 30.0, "ts": "2026-10-04 16:17:03"}
[DBG] {"category": "QUEUE", "component": "queue", "elapsed_sec": 0.026396, "event": "END:queue_get", "host": "d6b2a058c4be", "pid": 193091, "rank": null, "ts": "2026-10-04 16:17:03"}
[DBG] {"category": "QUEUE", "component": "queue", "event": "queue_item_decoded", "host": "d6b2a058c4be", "item_id": "f56e5ede261545cba533d67a9f606dde", "key": "smoke01:preference:f56e5ede261545cba533d67a9f606dde", "pid": 193091, "policy_version": 0, "queue": "preference", "rank": null, "ts": "2026-10-04 16:17:03"}
[DBG] {"category": "QUEUE", "component": "queue", "event": "BEGIN:queue_get", "host": "d6b2a058c4be", "key": "smoke01:preference:7afd1b594bba496faba0e6ce09bbd17c", "pid": 193091, "queue": "preference", "rank": null, "ts": "2026-10-04 16:17:03"}
[DBG] {"category": "QUEUE", "component": "queue", "event": "watchdog_armed", "host": "d6b2a058c4be", "pid": 193091, "rank": null, "stage": "queue_get", "timeout_sec": 30.0, "ts": "2026-10-04 16:17:03"}
[DBG] {"category": "QUEUE", "component": "queue", "elapsed_sec": 0.025059, "event": "END:queue_get", "host": "d6b2a058c4be", "pid": 193091, "rank": null, "ts": "2026-10-04 16:17:03"}
[DBG] {"category": "QUEUE", "component": "queue", "event": "queue_item_decoded", "host": "d6b2a058c4be", "item_id": "7afd1b594bba496faba0e6ce09bbd17c", "key": "smoke01:preference:7afd1b594bba496faba0e6ce09bbd17c", "pid": 193091, "policy_version": 0, "queue": "preference", "rank": null, "ts": "2026-10-04 16:17:03"}
[DBG] {"category": "QUEUE", "component": "queue", "event": "BEGIN:queue_get", "host": "d6b2a058c4be", "key": "smoke01:preference:880110bd97fe464aab72a0f49dbf4b70", "pid": 193091, "queue": "preference", "rank": null, "ts": "2026-10-04 16:17:03"}
[DBG] {"category": "QUEUE", "component": "queue", "event": "watchdog_armed", "host": "d6b2a058c4be", "pid": 193091, "rank": null, "stage": "queue_get", "timeout_sec": 30.0, "ts": "2026-10-04 16:17:03"}
[DBG] {"category": "QUEUE", "component": "queue", "elapsed_sec": 0.024821, "event": "END:queue_get", "host": "d6b2a058c4be", "pid": 193091, "rank": null, "ts": "2026-10-04 16:17:03"}
[DBG] {"category": "QUEUE", "component": "queue", "event": "queue_item_decoded", "host": "d6b2a058c4be", "item_id": "880110bd97fe464aab72a0f49dbf4b70", "key": "smoke01:preference:880110bd97fe464aab72a0f49dbf4b70", "pid": 193091, "policy_version": 0, "queue": "preference", "rank": null, "ts": "2026-10-04 16:17:03"}
[DBG] {"category": "QUEUE", "component": "queue", "event": "BEGIN:queue_get", "host": "d6b2a058c4be", "key": "smoke01:preference:ccc153f174e542fd91a7e9888794520f", "pid": 193091, "queue": "preference", "rank": null, "ts": "2026-10-04 16:17:03"}
[DBG] {"category": "QUEUE", "component": "queue", "event": "watchdog_armed", "host": "d6b2a058c4be", "pid": 193091, "rank": null, "stage": "queue_get", "timeout_sec": 30.0, "ts": "2026-10-04 16:17:03"}
[DBG] {"category": "QUEUE", "component": "queue", "elapsed_sec": 0.024941, "event": "END:queue_get", "host": "d6b2a058c4be", "pid": 193091, "rank": null, "ts": "2026-10-04 16:17:03"}
[DBG] {"category": "QUEUE", "component": "queue", "event": "queue_item_decoded", "host": "d6b2a058c4be", "item_id": "ccc153f174e542fd91a7e9888794520f", "key": "smoke01:preference:ccc153f174e542fd91a7e9888794520f", "pid": 193091, "policy_version": 0, "queue": "preference", "rank": null, "ts": "2026-10-04 16:17:03"}
[DBG] {"category": "QUEUE", "component": "queue", "count": 4, "event": "BEGIN:clear_popped", "host": "d6b2a058c4be", "pid": 193091, "queue": "preference", "rank": null, "ts": "2026-10-04 16:17:03"}
[DBG] {"category": "QUEUE", "component": "queue", "event": "watchdog_armed", "host": "d6b2a058c4be", "pid": 193091, "rank": null, "stage": "clear_popped", "timeout_sec": 30.0, "ts": "2026-10-04 16:17:03"}
[DBG] {"category": "QUEUE", "component": "queue", "elapsed_sec": 0.016702, "event": "END:clear_popped", "host": "d6b2a058c4be", "pid": 193091, "rank": null, "ts": "2026-10-04 16:17:03"}
[DBG] {"category": "QUEUE", "component": "queue", "event": "pop_done", "host": "d6b2a058c4be", "item_ids": ["f56e5ede261545cba533d67a9f606dde", "7afd1b594bba496faba0e6ce09bbd17c", "880110bd97fe464aab72a0f49dbf4b70", "ccc153f174e542fd91a7e9888794520f"], "pid": 193091, "queue": "preference", "rank": null, "remaining": 0, "returned": 4, "stale": 0, "ts": "2026-10-04 16:17:03"}
[DBG] {"category": "QUEUE", "component": "queue", "current_version": null, "event": "BEGIN:queue_list_for_pop", "exact": false, "host": "d6b2a058c4be", "max_lag": null, "pid": 193091, "queue": "rollout", "rank": null, "requested": 1, "ts": "2026-10-04 16:17:03"}
[DBG] {"category": "QUEUE", "component": "queue", "event": "watchdog_armed", "host": "d6b2a058c4be", "pid": 193091, "rank": null, "stage": "queue_list_for_pop", "timeout_sec": 30.0, "ts": "2026-10-04 16:17:03"}
[DBG] {"category": "QUEUE", "component": "queue", "elapsed_sec": 0.00283, "event": "END:queue_list_for_pop", "host": "d6b2a058c4be", "pid": 193091, "rank": null, "ts": "2026-10-04 16:17:03"}
[DBG] {"available": 8, "category": "QUEUE", "component": "queue", "event": "pop_scan", "exact": false, "host": "d6b2a058c4be", "pid": 193091, "queue": "rollout", "rank": null, "requested": 1, "selected": 1, "selected_keys": ["smoke01:rollout:eac06b5c92574636ba957ec42faaf59b"], "stale": 0, "stale_keys": [], "ts": "2026-10-04 16:17:03"}
[DBG] {"category": "QUEUE", "component": "queue", "event": "BEGIN:queue_get", "host": "d6b2a058c4be", "key": "smoke01:rollout:eac06b5c92574636ba957ec42faaf59b", "pid": 193091, "queue": "rollout", "rank": null, "ts": "2026-10-04 16:17:03"}
[DBG] {"category": "QUEUE", "component": "queue", "event": "watchdog_armed", "host": "d6b2a058c4be", "pid": 193091, "rank": null, "stage": "queue_get", "timeout_sec": 30.0, "ts": "2026-10-04 16:17:03"}
[DBG] {"category": "QUEUE", "component": "queue", "elapsed_sec": 0.026344, "event": "END:queue_get", "host": "d6b2a058c4be", "pid": 193091, "rank": null, "ts": "2026-10-04 16:17:03"}
[DBG] {"category": "QUEUE", "component": "queue", "event": "queue_item_decoded", "host": "d6b2a058c4be", "item_id": "eac06b5c92574636ba957ec42faaf59b", "key": "smoke01:rollout:eac06b5c92574636ba957ec42faaf59b", "pid": 193091, "policy_version": 0, "queue": "rollout", "rank": null, "ts": "2026-10-04 16:17:03"}
[DBG] {"category": "QUEUE", "component": "queue", "count": 1, "event": "BEGIN:clear_popped", "host": "d6b2a058c4be", "pid": 193091, "queue": "rollout", "rank": null, "ts": "2026-10-04 16:17:03"}
[DBG] {"category": "QUEUE", "component": "queue", "event": "watchdog_armed", "host": "d6b2a058c4be", "pid": 193091, "rank": null, "stage": "clear_popped", "timeout_sec": 30.0, "ts": "2026-10-04 16:17:03"}
[DBG] {"category": "QUEUE", "component": "queue", "elapsed_sec": 0.016811, "event": "END:clear_popped", "host": "d6b2a058c4be", "pid": 193091, "rank": null, "ts": "2026-10-04 16:17:03"}
[DBG] {"category": "QUEUE", "component": "queue", "event": "pop_done", "host": "d6b2a058c4be", "item_ids": ["eac06b5c92574636ba957ec42faaf59b"], "pid": 193091, "queue": "rollout", "rank": null, "remaining": 7, "returned": 1, "stale": 0, "ts": "2026-10-04 16:17:03"}
[DBG] {"category": "QUEUE", "component": "queue", "event": "size_changed", "host": "d6b2a058c4be", "pid": 193091, "queue": "rollout", "rank": null, "size": 7, "ts": "2026-10-04 16:17:03"}
[DBG] {"category": "QUEUE", "component": "queue", "event": "put_prepare", "host": "d6b2a058c4be", "item_id": "95eaae4d95734837a2bed4b58eebcab7", "partition": "smoke01:rollout", "payload_bytes": 2614, "pid": 193091, "policy_version": 0, "queue": "rollout", "rank": null, "ts": "2026-10-04 16:17:04"}
[DBG] {"category": "QUEUE", "component": "queue", "event": "BEGIN:queue_put", "host": "d6b2a058c4be", "item_id": "95eaae4d95734837a2bed4b58eebcab7", "pid": 193091, "queue": "rollout", "rank": null, "ts": "2026-10-04 16:17:04"}
[DBG] {"category": "QUEUE", "component": "queue", "event": "watchdog_armed", "host": "d6b2a058c4be", "pid": 193091, "rank": null, "stage": "queue_put", "timeout_sec": 30.0, "ts": "2026-10-04 16:17:04"}
[DBG] {"category": "QUEUE", "component": "queue", "elapsed_sec": 0.029783, "event": "END:queue_put", "host": "d6b2a058c4be", "pid": 193091, "rank": null, "ts": "2026-10-04 16:17:04"}
[DBG] {"category": "QUEUE", "component": "queue", "event": "put_done", "host": "d6b2a058c4be", "key": "smoke01:rollout:95eaae4d95734837a2bed4b58eebcab7", "pid": 193091, "policy_version": 0, "queue": "rollout", "rank": null, "ts": "2026-10-04 16:17:04"}
[DBG] {"category": "QUEUE", "component": "queue", "event": "put_prepare", "host": "d6b2a058c4be", "item_id": "83124b3a5c4d4368ae4b9d5ba58fc6ca", "partition": "smoke01:rollout", "payload_bytes": 1489, "pid": 193091, "policy_version": 0, "queue": "rollout", "rank": null, "ts": "2026-10-04 16:17:04"}
[DBG] {"category": "QUEUE", "component": "queue", "event": "BEGIN:queue_put", "host": "d6b2a058c4be", "item_id": "83124b3a5c4d4368ae4b9d5ba58fc6ca", "pid": 193091, "queue": "rollout", "rank": null, "ts": "2026-10-04 16:17:04"}
[DBG] {"category": "QUEUE", "component": "queue", "event": "watchdog_armed", "host": "d6b2a058c4be", "pid": 193091, "rank": null, "stage": "queue_put", "timeout_sec": 30.0, "ts": "2026-10-04 16:17:04"}
[DBG] {"category": "QUEUE", "component": "queue", "elapsed_sec": 0.028221, "event": "END:queue_put", "host": "d6b2a058c4be", "pid": 193091, "rank": null, "ts": "2026-10-04 16:17:04"}
[DBG] {"category": "QUEUE", "component": "queue", "event": "put_done", "host": "d6b2a058c4be", "key": "smoke01:rollout:83124b3a5c4d4368ae4b9d5ba58fc6ca", "pid": 193091, "policy_version": 0, "queue": "rollout", "rank": null, "ts": "2026-10-04 16:17:04"}
[DBG] {"category": "QUEUE", "component": "queue", "event": "size_changed", "host": "d6b2a058c4be", "pid": 193091, "queue": "rollout", "rank": null, "size": 9, "ts": "2026-10-04 16:17:04"}
[DBG] {"category": "QUEUE", "component": "queue", "event": "size_changed", "host": "d6b2a058c4be", "pid": 193091, "queue": "preference", "rank": null, "size": 0, "ts": "2026-10-04 16:17:05"}
[DBG] {"category": "QUEUE", "component": "queue", "event": "put_prepare", "host": "d6b2a058c4be", "item_id": "eac06b5c92574636ba957ec42faaf59b", "partition": "smoke01:preference", "payload_bytes": 1269, "pid": 193091, "policy_version": 0, "queue": "preference", "rank": null, "ts": "2026-10-04 16:17:05"}
[DBG] {"category": "QUEUE", "component": "queue", "event": "BEGIN:queue_put", "host": "d6b2a058c4be", "item_id": "eac06b5c92574636ba957ec42faaf59b", "pid": 193091, "queue": "preference", "rank": null, "ts": "2026-10-04 16:17:05"}
[DBG] {"category": "QUEUE", "component": "queue", "event": "watchdog_armed", "host": "d6b2a058c4be", "pid": 193091, "rank": null, "stage": "queue_put", "timeout_sec": 30.0, "ts": "2026-10-04 16:17:05"}
[DBG] {"category": "QUEUE", "component": "queue", "elapsed_sec": 0.026522, "event": "END:queue_put", "host": "d6b2a058c4be", "pid": 193091, "rank": null, "ts": "2026-10-04 16:17:05"}
[DBG] {"category": "QUEUE", "component": "queue", "event": "put_done", "host": "d6b2a058c4be", "key": "smoke01:preference:eac06b5c92574636ba957ec42faaf59b", "pid": 193091, "policy_version": 0, "queue": "preference", "rank": null, "ts": "2026-10-04 16:17:05"}
[DBG] {"category": "QUEUE", "component": "queue", "event": "size_changed", "host": "d6b2a058c4be", "pid": 193091, "queue": "preference", "rank": null, "size": 1, "ts": "2026-10-04 16:17:05"}
[DBG] {"category": "QUEUE", "component": "queue", "event": "broker_close_begin", "host": "d6b2a058c4be", "pid": 193091, "rank": null, "ts": "2026-10-04 16:17:06"}
[DBG] {"category": "QUEUE", "component": "queue", "event": "broker_close_end", "host": "d6b2a058c4be", "pid": 193091, "rank": null, "ts": "2026-10-04 16:17:07"}
