[DBG] {"category": "QUEUE", "component": "queue", "event": "BEGIN:transfer_queue_init", "host": "d6b2a058c4be", "pid": 107344, "rank": null, "run_id": "smoke01", "ts": "2026-10-04 14:55:30"}
[DBG] {"category": "QUEUE", "component": "queue", "event": "watchdog_armed", "host": "d6b2a058c4be", "pid": 107344, "rank": null, "stage": "transfer_queue_init", "timeout_sec": 30.0, "ts": "2026-10-04 14:55:30"}
[DBG] {"category": "QUEUE", "component": "queue", "elapsed_sec": 8.766662, "event": "END:transfer_queue_init", "host": "d6b2a058c4be", "pid": 107344, "rank": null, "ts": "2026-10-04 14:55:39"}
[DBG] {"category": "QUEUE", "component": "queue", "event": "broker_ready", "host": "d6b2a058c4be", "pid": 107344, "queues": {"preference": "preference", "rollout": "rollout"}, "rank": null, "ts": "2026-10-04 14:55:39"}
[DBG] {"category": "QUEUE", "component": "queue", "current_version": null, "event": "BEGIN:queue_list_for_pop", "exact": false, "host": "d6b2a058c4be", "max_lag": null, "pid": 107344, "queue": "rollout", "rank": null, "requested": 1, "ts": "2026-10-04 14:56:21"}
[DBG] {"category": "QUEUE", "component": "queue", "event": "watchdog_armed", "host": "d6b2a058c4be", "pid": 107344, "rank": null, "stage": "queue_list_for_pop", "timeout_sec": 30.0, "ts": "2026-10-04 14:56:21"}
[DBG] {"category": "QUEUE", "component": "queue", "elapsed_sec": 0.002824, "event": "END:queue_list_for_pop", "host": "d6b2a058c4be", "pid": 107344, "rank": null, "ts": "2026-10-04 14:56:21"}
[DBG] {"available": 0, "category": "QUEUE", "component": "queue", "event": "pop_scan", "exact": false, "host": "d6b2a058c4be", "pid": 107344, "queue": "rollout", "rank": null, "requested": 1, "selected": 0, "selected_keys": [], "stale": 0, "stale_keys": [], "ts": "2026-10-04 14:56:21"}
[DBG] {"category": "QUEUE", "component": "queue", "event": "pop_done", "host": "d6b2a058c4be", "item_ids": [], "pid": 107344, "queue": "rollout", "rank": null, "remaining": 0, "returned": 0, "stale": 0, "ts": "2026-10-04 14:56:21"}
[DBG] {"category": "QUEUE", "component": "queue", "event": "size_changed", "host": "d6b2a058c4be", "pid": 107344, "queue": "rollout", "rank": null, "size": 0, "ts": "2026-10-04 14:56:21"}
[DBG] {"category": "QUEUE", "component": "queue", "current_version": null, "event": "BEGIN:queue_list_for_pop", "exact": false, "host": "d6b2a058c4be", "max_lag": null, "pid": 107344, "queue": "rollout", "rank": null, "requested": 1, "ts": "2026-10-04 14:56:22"}
[DBG] {"category": "QUEUE", "component": "queue", "event": "watchdog_armed", "host": "d6b2a058c4be", "pid": 107344, "rank": null, "stage": "queue_list_for_pop", "timeout_sec": 30.0, "ts": "2026-10-04 14:56:22"}
[DBG] {"category": "QUEUE", "component": "queue", "elapsed_sec": 0.00164, "event": "END:queue_list_for_pop", "host": "d6b2a058c4be", "pid": 107344, "rank": null, "ts": "2026-10-04 14:56:22"}
[DBG] {"available": 0, "category": "QUEUE", "component": "queue", "event": "pop_scan", "exact": false, "host": "d6b2a058c4be", "pid": 107344, "queue": "rollout", "rank": null, "requested": 1, "selected": 0, "selected_keys": [], "stale": 0, "stale_keys": [], "ts": "2026-10-04 14:56:22"}
[DBG] {"category": "QUEUE", "component": "queue", "event": "pop_done", "host": "d6b2a058c4be", "item_ids": [], "pid": 107344, "queue": "rollout", "rank": null, "remaining": 0, "returned": 0, "stale": 0, "ts": "2026-10-04 14:56:22"}
[DBG] {"category": "QUEUE", "component": "queue", "current_version": null, "event": "BEGIN:queue_list_for_pop", "exact": false, "host": "d6b2a058c4be", "max_lag": null, "pid": 107344, "queue": "rollout", "rank": null, "requested": 1, "ts": "2026-10-04 14:56:22"}
[DBG] {"category": "QUEUE", "component": "queue", "event": "watchdog_armed", "host": "d6b2a058c4be", "pid": 107344, "rank": null, "stage": "queue_list_for_pop", "timeout_sec": 30.0, "ts": "2026-10-04 14:56:22"}
[DBG] {"category": "QUEUE", "component": "queue", "elapsed_sec": 0.001311, "event": "END:queue_list_for_pop", "host": "d6b2a058c4be", "pid": 107344, "rank": null, "ts": "2026-10-04 14:56:22"}
[DBG] {"available": 0, "category": "QUEUE", "component": "queue", "event": "pop_scan", "exact": false, "host": "d6b2a058c4be", "pid": 107344, "queue": "rollout", "rank": null, "requested": 1, "selected": 0, "selected_keys": [], "stale": 0, "stale_keys": [], "ts": "2026-10-04 14:56:22"}
[DBG] {"category": "QUEUE", "component": "queue", "event": "pop_done", "host": "d6b2a058c4be", "item_ids": [], "pid": 107344, "queue": "rollout", "rank": null, "remaining": 0, "returned": 0, "stale": 0, "ts": "2026-10-04 14:56:22"}
[DBG] {"category": "QUEUE", "component": "queue", "current_version": null, "event": "BEGIN:queue_list_for_pop", "exact": false, "host": "d6b2a058c4be", "max_lag": null, "pid": 107344, "queue": "rollout", "rank": null, "requested": 1, "ts": "2026-10-04 14:56:22"}
[DBG] {"category": "QUEUE", "component": "queue", "event": "watchdog_armed", "host": "d6b2a058c4be", "pid": 107344, "rank": null, "stage": "queue_list_for_pop", "timeout_sec": 30.0, "ts": "2026-10-04 14:56:22"}
[DBG] {"category": "QUEUE", "component": "queue", "elapsed_sec": 0.00134, "event": "END:queue_list_for_pop", "host": "d6b2a058c4be", "pid": 107344, "rank": null, "ts": "2026-10-04 14:56:22"}
[DBG] {"available": 0, "category": "QUEUE", "component": "queue", "event": "pop_scan", "exact": false, "host": "d6b2a058c4be", "pid": 107344, "queue": "rollout", "rank": null, "requested": 1, "selected": 0, "selected_keys": [], "stale": 0, "stale_keys": [], "ts": "2026-10-04 14:56:22"}
[DBG] {"category": "QUEUE", "component": "queue", "event": "pop_done", "host": "d6b2a058c4be", "item_ids": [], "pid": 107344, "queue": "rollout", "rank": null, "remaining": 0, "returned": 0, "stale": 0, "ts": "2026-10-04 14:56:22"}
[DBG] {"category": "QUEUE", "component": "queue", "current_version": null, "event": "BEGIN:queue_list_for_pop", "exact": false, "host": "d6b2a058c4be", "max_lag": null, "pid": 107344, "queue": "rollout", "rank": null, "requested": 1, "ts": "2026-10-04 14:56:22"}
[DBG] {"category": "QUEUE", "component": "queue", "event": "watchdog_armed", "host": "d6b2a058c4be", "pid": 107344, "rank": null, "stage": "queue_list_for_pop", "timeout_sec": 30.0, "ts": "2026-10-04 14:56:22"}
[DBG] {"category": "QUEUE", "component": "queue", "elapsed_sec": 0.001521, "event": "END:queue_list_for_pop", "host": "d6b2a058c4be", "pid": 107344, "rank": null, "ts": "2026-10-04 14:56:22"}
[DBG] {"available": 0, "category": "QUEUE", "component": "queue", "event": "pop_scan", "exact": false, "host": "d6b2a058c4be", "pid": 107344, "queue": "rollout", "rank": null, "requested": 1, "selected": 0, "selected_keys": [], "stale": 0, "stale_keys": [], "ts": "2026-10-04 14:56:22"}
[DBG] {"category": "QUEUE", "component": "queue", "event": "pop_done", "host": "d6b2a058c4be", "item_ids": [], "pid": 107344, "queue": "rollout", "rank": null, "remaining": 0, "returned": 0, "stale": 0, "ts": "2026-10-04 14:56:22"}
[DBG] {"category": "QUEUE", "component": "queue", "current_version": null, "event": "BEGIN:queue_list_for_pop", "exact": false, "host": "d6b2a058c4be", "max_lag": null, "pid": 107344, "queue": "rollout", "rank": null, "requested": 1, "ts": "2026-10-04 14:56:22"}
[DBG] {"category": "QUEUE", "component": "queue", "event": "watchdog_armed", "host": "d6b2a058c4be", "pid": 107344, "rank": null, "stage": "queue_list_for_pop", "timeout_sec": 30.0, "ts": "2026-10-04 14:56:22"}
[DBG] {"category": "QUEUE", "component": "queue", "elapsed_sec": 0.001511, "event": "END:queue_list_for_pop", "host": "d6b2a058c4be", "pid": 107344, "rank": null, "ts": "2026-10-04 14:56:22"}
[DBG] {"available": 0, "category": "QUEUE", "component": "queue", "event": "pop_scan", "exact": false, "host": "d6b2a058c4be", "pid": 107344, "queue": "rollout", "rank": null, "requested": 1, "selected": 0, "selected_keys": [], "stale": 0, "stale_keys": [], "ts": "2026-10-04 14:56:22"}
[DBG] {"category": "QUEUE", "component": "queue", "event": "pop_done", "host": "d6b2a058c4be", "item_ids": [], "pid": 107344, "queue": "rollout", "rank": null, "remaining": 0, "returned": 0, "stale": 0, "ts": "2026-10-04 14:56:22"}
[DBG] {"category": "QUEUE", "component": "queue", "current_version": null, "event": "BEGIN:queue_list_for_pop", "exact": false, "host": "d6b2a058c4be", "max_lag": null, "pid": 107344, "queue": "rollout", "rank": null, "requested": 1, "ts": "2026-10-04 14:56:23"}
[DBG] {"category": "QUEUE", "component": "queue", "event": "watchdog_armed", "host": "d6b2a058c4be", "pid": 107344, "rank": null, "stage": "queue_list_for_pop", "timeout_sec": 30.0, "ts": "2026-10-04 14:56:23"}
[DBG] {"category": "QUEUE", "component": "queue", "elapsed_sec": 0.001062, "event": "END:queue_list_for_pop", "host": "d6b2a058c4be", "pid": 107344, "rank": null, "ts": "2026-10-04 14:56:23"}
[DBG] {"available": 0, "category": "QUEUE", "component": "queue", "event": "pop_scan", "exact": false, "host": "d6b2a058c4be", "pid": 107344, "queue": "rollout", "rank": null, "requested": 1, "selected": 0, "selected_keys": [], "stale": 0, "stale_keys": [], "ts": "2026-10-04 14:56:23"}
[DBG] {"category": "QUEUE", "component": "queue", "event": "pop_done", "host": "d6b2a058c4be", "item_ids": [], "pid": 107344, "queue": "rollout", "rank": null, "remaining": 0, "returned": 0, "stale": 0, "ts": "2026-10-04 14:56:23"}
[DBG] {"category": "QUEUE", "component": "queue", "current_version": null, "event": "BEGIN:queue_list_for_pop", "exact": false, "host": "d6b2a058c4be", "max_lag": null, "pid": 107344, "queue": "rollout", "rank": null, "requested": 1, "ts": "2026-10-04 14:56:23"}
[DBG] {"category": "QUEUE", "component": "queue", "event": "watchdog_armed", "host": "d6b2a058c4be", "pid": 107344, "rank": null, "stage": "queue_list_for_pop", "timeout_sec": 30.0, "ts": "2026-10-04 14:56:23"}
[DBG] {"category": "QUEUE", "component": "queue", "elapsed_sec": 0.001178, "event": "END:queue_list_for_pop", "host": "d6b2a058c4be", "pid": 107344, "rank": null, "ts": "2026-10-04 14:56:23"}
[DBG] {"available": 0, "category": "QUEUE", "component": "queue", "event": "pop_scan", "exact": false, "host": "d6b2a058c4be", "pid": 107344, "queue": "rollout", "rank": null, "requested": 1, "selected": 0, "selected_keys": [], "stale": 0, "stale_keys": [], "ts": "2026-10-04 14:56:23"}
[DBG] {"category": "QUEUE", "component": "queue", "event": "pop_done", "host": "d6b2a058c4be", "item_ids": [], "pid": 107344, "queue": "rollout", "rank": null, "remaining": 0, "returned": 0, "stale": 0, "ts": "2026-10-04 14:56:23"}
[DBG] {"category": "QUEUE", "component": "queue", "current_version": null, "event": "BEGIN:queue_list_for_pop", "exact": false, "host": "d6b2a058c4be", "max_lag": null, "pid": 107344, "queue": "rollout", "rank": null, "requested": 1, "ts": "2026-10-04 14:56:23"}
[DBG] {"category": "QUEUE", "component": "queue", "event": "watchdog_armed", "host": "d6b2a058c4be", "pid": 107344, "rank": null, "stage": "queue_list_for_pop", "timeout_sec": 30.0, "ts": "2026-10-04 14:56:23"}
[DBG] {"category": "QUEUE", "component": "queue", "elapsed_sec": 0.00653, "event": "END:queue_list_for_pop", "host": "d6b2a058c4be", "pid": 107344, "rank": null, "ts": "2026-10-04 14:56:23"}
[DBG] {"available": 0, "category": "QUEUE", "component": "queue", "event": "pop_scan", "exact": false, "host": "d6b2a058c4be", "pid": 107344, "queue": "rollout", "rank": null, "requested": 1, "selected": 0, "selected_keys": [], "stale": 0, "stale_keys": [], "ts": "2026-10-04 14:56:23"}
[DBG] {"category": "QUEUE", "component": "queue", "event": "pop_done", "host": "d6b2a058c4be", "item_ids": [], "pid": 107344, "queue": "rollout", "rank": null, "remaining": 0, "returned": 0, "stale": 0, "ts": "2026-10-04 14:56:23"}
[DBG] {"category": "QUEUE", "component": "queue", "current_version": null, "event": "BEGIN:queue_list_for_pop", "exact": false, "host": "d6b2a058c4be", "max_lag": null, "pid": 107344, "queue": "rollout", "rank": null, "requested": 1, "ts": "2026-10-04 14:56:23"}
[DBG] {"category": "QUEUE", "component": "queue", "event": "watchdog_armed", "host": "d6b2a058c4be", "pid": 107344, "rank": null, "stage": "queue_list_for_pop", "timeout_sec": 30.0, "ts": "2026-10-04 14:56:23"}
[DBG] {"category": "QUEUE", "component": "queue", "elapsed_sec": 0.001028, "event": "END:queue_list_for_pop", "host": "d6b2a058c4be", "pid": 107344, "rank": null, "ts": "2026-10-04 14:56:23"}
[DBG] {"available": 0, "category": "QUEUE", "component": "queue", "event": "pop_scan", "exact": false, "host": "d6b2a058c4be", "pid": 107344, "queue": "rollout", "rank": null, "requested": 1, "selected": 0, "selected_keys": [], "stale": 0, "stale_keys": [], "ts": "2026-10-04 14:56:23"}
[DBG] {"category": "QUEUE", "component": "queue", "event": "pop_done", "host": "d6b2a058c4be", "item_ids": [], "pid": 107344, "queue": "rollout", "rank": null, "remaining": 0, "returned": 0, "stale": 0, "ts": "2026-10-04 14:56:23"}
[DBG] {"category": "QUEUE", "component": "queue", "current_version": null, "event": "BEGIN:queue_list_for_pop", "exact": false, "host": "d6b2a058c4be", "max_lag": null, "pid": 107344, "queue": "rollout", "rank": null, "requested": 1, "ts": "2026-10-04 14:56:23"}
[DBG] {"category": "QUEUE", "component": "queue", "event": "watchdog_armed", "host": "d6b2a058c4be", "pid": 107344, "rank": null, "stage": "queue_list_for_pop", "timeout_sec": 30.0, "ts": "2026-10-04 14:56:23"}
[DBG] {"category": "QUEUE", "component": "queue", "elapsed_sec": 0.000999, "event": "END:queue_list_for_pop", "host": "d6b2a058c4be", "pid": 107344, "rank": null, "ts": "2026-10-04 14:56:23"}
[DBG] {"available": 0, "category": "QUEUE", "component": "queue", "event": "pop_scan", "exact": false, "host": "d6b2a058c4be", "pid": 107344, "queue": "rollout", "rank": null, "requested": 1, "selected": 0, "selected_keys": [], "stale": 0, "stale_keys": [], "ts": "2026-10-04 14:56:23"}
[DBG] {"category": "QUEUE", "component": "queue", "event": "pop_done", "host": "d6b2a058c4be", "item_ids": [], "pid": 107344, "queue": "rollout", "rank": null, "remaining": 0, "returned": 0, "stale": 0, "ts": "2026-10-04 14:56:23"}
[DBG] {"category": "QUEUE", "component": "queue", "current_version": null, "event": "BEGIN:queue_list_for_pop", "exact": false, "host": "d6b2a058c4be", "max_lag": null, "pid": 107344, "queue": "rollout", "rank": null, "requested": 1, "ts": "2026-10-04 14:56:24"}
[DBG] {"category": "QUEUE", "component": "queue", "event": "watchdog_armed", "host": "d6b2a058c4be", "pid": 107344, "rank": null, "stage": "queue_list_for_pop", "timeout_sec": 30.0, "ts": "2026-10-04 14:56:24"}
[DBG] {"category": "QUEUE", "component": "queue", "elapsed_sec": 0.001015, "event": "END:queue_list_for_pop", "host": "d6b2a058c4be", "pid": 107344, "rank": null, "ts": "2026-10-04 14:56:24"}
[DBG] {"available": 0, "category": "QUEUE", "component": "queue", "event": "pop_scan", "exact": false, "host": "d6b2a058c4be", "pid": 107344, "queue": "rollout", "rank": null, "requested": 1, "selected": 0, "selected_keys": [], "stale": 0, "stale_keys": [], "ts": "2026-10-04 14:56:24"}
[DBG] {"category": "QUEUE", "component": "queue", "event": "pop_done", "host": "d6b2a058c4be", "item_ids": [], "pid": 107344, "queue": "rollout", "rank": null, "remaining": 0, "returned": 0, "stale": 0, "ts": "2026-10-04 14:56:24"}
[DBG] {"category": "QUEUE", "component": "queue", "event": "put_prepare", "host": "d6b2a058c4be", "item_id": "8dc5d15a2db04c6a8ce5f8bd9d3c7163", "partition": "smoke01:rollout", "payload_bytes": 2050, "pid": 107344, "policy_version": 0, "queue": "rollout", "rank": null, "ts": "2026-10-04 14:56:24"}
[DBG] {"category": "QUEUE", "component": "queue", "event": "BEGIN:queue_put", "host": "d6b2a058c4be", "item_id": "8dc5d15a2db04c6a8ce5f8bd9d3c7163", "pid": 107344, "queue": "rollout", "rank": null, "ts": "2026-10-04 14:56:24"}
[DBG] {"category": "QUEUE", "component": "queue", "event": "watchdog_armed", "host": "d6b2a058c4be", "pid": 107344, "rank": null, "stage": "queue_put", "timeout_sec": 30.0, "ts": "2026-10-04 14:56:24"}
[DBG] {"category": "QUEUE", "component": "queue", "elapsed_sec": 0.012388, "event": "END:queue_put", "host": "d6b2a058c4be", "pid": 107344, "rank": null, "ts": "2026-10-04 14:56:24"}
[DBG] {"category": "QUEUE", "component": "queue", "event": "put_done", "host": "d6b2a058c4be", "key": "smoke01:rollout:8dc5d15a2db04c6a8ce5f8bd9d3c7163", "pid": 107344, "policy_version": 0, "queue": "rollout", "rank": null, "ts": "2026-10-04 14:56:24"}
[DBG] {"category": "QUEUE", "component": "queue", "event": "put_prepare", "host": "d6b2a058c4be", "item_id": "2e07c777807a4c7fbb8b5829e12552d5", "partition": "smoke01:rollout", "payload_bytes": 2740, "pid": 107344, "policy_version": 0, "queue": "rollout", "rank": null, "ts": "2026-10-04 14:56:24"}
[DBG] {"category": "QUEUE", "component": "queue", "event": "BEGIN:queue_put", "host": "d6b2a058c4be", "item_id": "2e07c777807a4c7fbb8b5829e12552d5", "pid": 107344, "queue": "rollout", "rank": null, "ts": "2026-10-04 14:56:24"}
[DBG] {"category": "QUEUE", "component": "queue", "event": "watchdog_armed", "host": "d6b2a058c4be", "pid": 107344, "rank": null, "stage": "queue_put", "timeout_sec": 30.0, "ts": "2026-10-04 14:56:24"}
[DBG] {"category": "QUEUE", "component": "queue", "elapsed_sec": 0.021395, "event": "END:queue_put", "host": "d6b2a058c4be", "pid": 107344, "rank": null, "ts": "2026-10-04 14:56:24"}
[DBG] {"category": "QUEUE", "component": "queue", "event": "put_done", "host": "d6b2a058c4be", "key": "smoke01:rollout:2e07c777807a4c7fbb8b5829e12552d5", "pid": 107344, "policy_version": 0, "queue": "rollout", "rank": null, "ts": "2026-10-04 14:56:24"}
[DBG] {"category": "QUEUE", "component": "queue", "event": "size_changed", "host": "d6b2a058c4be", "pid": 107344, "queue": "rollout", "rank": null, "size": 2, "ts": "2026-10-04 14:56:24"}
[DBG] {"category": "QUEUE", "component": "queue", "current_version": null, "event": "BEGIN:queue_list_for_pop", "exact": false, "host": "d6b2a058c4be", "max_lag": null, "pid": 107344, "queue": "rollout", "rank": null, "requested": 1, "ts": "2026-10-04 14:56:24"}
[DBG] {"category": "QUEUE", "component": "queue", "event": "watchdog_armed", "host": "d6b2a058c4be", "pid": 107344, "rank": null, "stage": "queue_list_for_pop", "timeout_sec": 30.0, "ts": "2026-10-04 14:56:24"}
[DBG] {"category": "QUEUE", "component": "queue", "elapsed_sec": 0.001043, "event": "END:queue_list_for_pop", "host": "d6b2a058c4be", "pid": 107344, "rank": null, "ts": "2026-10-04 14:56:24"}
[DBG] {"available": 2, "category": "QUEUE", "component": "queue", "event": "pop_scan", "exact": false, "host": "d6b2a058c4be", "pid": 107344, "queue": "rollout", "rank": null, "requested": 1, "selected": 1, "selected_keys": ["smoke01:rollout:8dc5d15a2db04c6a8ce5f8bd9d3c7163"], "stale": 0, "stale_keys": [], "ts": "2026-10-04 14:56:24"}
[DBG] {"category": "QUEUE", "component": "queue", "event": "BEGIN:queue_get", "host": "d6b2a058c4be", "key": "smoke01:rollout:8dc5d15a2db04c6a8ce5f8bd9d3c7163", "pid": 107344, "queue": "rollout", "rank": null, "ts": "2026-10-04 14:56:24"}
[DBG] {"category": "QUEUE", "component": "queue", "event": "watchdog_armed", "host": "d6b2a058c4be", "pid": 107344, "rank": null, "stage": "queue_get", "timeout_sec": 30.0, "ts": "2026-10-04 14:56:24"}
[DBG] {"category": "QUEUE", "component": "queue", "elapsed_sec": 0.013124, "event": "END:queue_get", "host": "d6b2a058c4be", "pid": 107344, "rank": null, "ts": "2026-10-04 14:56:24"}
[DBG] {"category": "QUEUE", "component": "queue", "event": "queue_item_decoded", "host": "d6b2a058c4be", "item_id": "8dc5d15a2db04c6a8ce5f8bd9d3c7163", "key": "smoke01:rollout:8dc5d15a2db04c6a8ce5f8bd9d3c7163", "pid": 107344, "policy_version": 0, "queue": "rollout", "rank": null, "ts": "2026-10-04 14:56:24"}
[DBG] {"category": "QUEUE", "component": "queue", "count": 1, "event": "BEGIN:clear_popped", "host": "d6b2a058c4be", "pid": 107344, "queue": "rollout", "rank": null, "ts": "2026-10-04 14:56:24"}
[DBG] {"category": "QUEUE", "component": "queue", "event": "watchdog_armed", "host": "d6b2a058c4be", "pid": 107344, "rank": null, "stage": "clear_popped", "timeout_sec": 30.0, "ts": "2026-10-04 14:56:24"}
[DBG] {"category": "QUEUE", "component": "queue", "elapsed_sec": 0.004378, "event": "END:clear_popped", "host": "d6b2a058c4be", "pid": 107344, "rank": null, "ts": "2026-10-04 14:56:24"}
[DBG] {"category": "QUEUE", "component": "queue", "event": "pop_done", "host": "d6b2a058c4be", "item_ids": ["8dc5d15a2db04c6a8ce5f8bd9d3c7163"], "pid": 107344, "queue": "rollout", "rank": null, "remaining": 1, "returned": 1, "stale": 0, "ts": "2026-10-04 14:56:24"}
[DBG] {"category": "QUEUE", "component": "queue", "event": "put_prepare", "host": "d6b2a058c4be", "item_id": "d9e9b6c40e5b481c86bc7a89b55b9f6a", "partition": "smoke01:rollout", "payload_bytes": 2940, "pid": 107344, "policy_version": 0, "queue": "rollout", "rank": null, "ts": "2026-10-04 14:56:24"}
[DBG] {"category": "QUEUE", "component": "queue", "event": "BEGIN:queue_put", "host": "d6b2a058c4be", "item_id": "d9e9b6c40e5b481c86bc7a89b55b9f6a", "pid": 107344, "queue": "rollout", "rank": null, "ts": "2026-10-04 14:56:24"}
[DBG] {"category": "QUEUE", "component": "queue", "event": "watchdog_armed", "host": "d6b2a058c4be", "pid": 107344, "rank": null, "stage": "queue_put", "timeout_sec": 30.0, "ts": "2026-10-04 14:56:24"}
[DBG] {"category": "QUEUE", "component": "queue", "elapsed_sec": 0.008953, "event": "END:queue_put", "host": "d6b2a058c4be", "pid": 107344, "rank": null, "ts": "2026-10-04 14:56:24"}
[DBG] {"category": "QUEUE", "component": "queue", "event": "put_done", "host": "d6b2a058c4be", "key": "smoke01:rollout:d9e9b6c40e5b481c86bc7a89b55b9f6a", "pid": 107344, "policy_version": 0, "queue": "rollout", "rank": null, "ts": "2026-10-04 14:56:24"}
[DBG] {"category": "QUEUE", "component": "queue", "event": "put_prepare", "host": "d6b2a058c4be", "item_id": "8219b8140bd3461aa698b1b435cfa861", "partition": "smoke01:rollout", "payload_bytes": 2592, "pid": 107344, "policy_version": 0, "queue": "rollout", "rank": null, "ts": "2026-10-04 14:56:24"}
[DBG] {"category": "QUEUE", "component": "queue", "event": "BEGIN:queue_put", "host": "d6b2a058c4be", "item_id": "8219b8140bd3461aa698b1b435cfa861", "pid": 107344, "queue": "rollout", "rank": null, "ts": "2026-10-04 14:56:24"}
[DBG] {"category": "QUEUE", "component": "queue", "event": "watchdog_armed", "host": "d6b2a058c4be", "pid": 107344, "rank": null, "stage": "queue_put", "timeout_sec": 30.0, "ts": "2026-10-04 14:56:24"}
[DBG] {"category": "QUEUE", "component": "queue", "elapsed_sec": 0.01907, "event": "END:queue_put", "host": "d6b2a058c4be", "pid": 107344, "rank": null, "ts": "2026-10-04 14:56:24"}
[DBG] {"category": "QUEUE", "component": "queue", "event": "put_done", "host": "d6b2a058c4be", "key": "smoke01:rollout:8219b8140bd3461aa698b1b435cfa861", "pid": 107344, "policy_version": 0, "queue": "rollout", "rank": null, "ts": "2026-10-04 14:56:24"}
[DBG] {"category": "QUEUE", "component": "queue", "event": "size_changed", "host": "d6b2a058c4be", "pid": 107344, "queue": "rollout", "rank": null, "size": 3, "ts": "2026-10-04 14:56:24"}
[DBG] {"category": "QUEUE", "component": "queue", "event": "put_prepare", "host": "d6b2a058c4be", "item_id": "4d6d825a4fcb4d37a3aa7d5370f82017", "partition": "smoke01:rollout", "payload_bytes": 1897, "pid": 107344, "policy_version": 0, "queue": "rollout", "rank": null, "ts": "2026-10-04 14:56:25"}
[DBG] {"category": "QUEUE", "component": "queue", "event": "BEGIN:queue_put", "host": "d6b2a058c4be", "item_id": "4d6d825a4fcb4d37a3aa7d5370f82017", "pid": 107344, "queue": "rollout", "rank": null, "ts": "2026-10-04 14:56:25"}
[DBG] {"category": "QUEUE", "component": "queue", "event": "watchdog_armed", "host": "d6b2a058c4be", "pid": 107344, "rank": null, "stage": "queue_put", "timeout_sec": 30.0, "ts": "2026-10-04 14:56:25"}
[DBG] {"category": "QUEUE", "component": "queue", "elapsed_sec": 0.010105, "event": "END:queue_put", "host": "d6b2a058c4be", "pid": 107344, "rank": null, "ts": "2026-10-04 14:56:25"}
[DBG] {"category": "QUEUE", "component": "queue", "event": "put_done", "host": "d6b2a058c4be", "key": "smoke01:rollout:4d6d825a4fcb4d37a3aa7d5370f82017", "pid": 107344, "policy_version": 0, "queue": "rollout", "rank": null, "ts": "2026-10-04 14:56:25"}
[DBG] {"category": "QUEUE", "component": "queue", "event": "put_prepare", "host": "d6b2a058c4be", "item_id": "c02fda411c84498ba21c88a48879950b", "partition": "smoke01:rollout", "payload_bytes": 2505, "pid": 107344, "policy_version": 0, "queue": "rollout", "rank": null, "ts": "2026-10-04 14:56:25"}
[DBG] {"category": "QUEUE", "component": "queue", "event": "BEGIN:queue_put", "host": "d6b2a058c4be", "item_id": "c02fda411c84498ba21c88a48879950b", "pid": 107344, "queue": "rollout", "rank": null, "ts": "2026-10-04 14:56:25"}
[DBG] {"category": "QUEUE", "component": "queue", "event": "watchdog_armed", "host": "d6b2a058c4be", "pid": 107344, "rank": null, "stage": "queue_put", "timeout_sec": 30.0, "ts": "2026-10-04 14:56:25"}
[DBG] {"category": "QUEUE", "component": "queue", "elapsed_sec": 0.008022, "event": "END:queue_put", "host": "d6b2a058c4be", "pid": 107344, "rank": null, "ts": "2026-10-04 14:56:25"}
[DBG] {"category": "QUEUE", "component": "queue", "event": "put_done", "host": "d6b2a058c4be", "key": "smoke01:rollout:c02fda411c84498ba21c88a48879950b", "pid": 107344, "policy_version": 0, "queue": "rollout", "rank": null, "ts": "2026-10-04 14:56:25"}
[DBG] {"category": "QUEUE", "component": "queue", "event": "size_changed", "host": "d6b2a058c4be", "pid": 107344, "queue": "rollout", "rank": null, "size": 5, "ts": "2026-10-04 14:56:25"}
[DBG] {"category": "QUEUE", "component": "queue", "event": "put_prepare", "host": "d6b2a058c4be", "item_id": "616577ebdeeb4bb4a7700ba3f131418b", "partition": "smoke01:rollout", "payload_bytes": 2108, "pid": 107344, "policy_version": 0, "queue": "rollout", "rank": null, "ts": "2026-10-04 14:56:25"}
[DBG] {"category": "QUEUE", "component": "queue", "event": "BEGIN:queue_put", "host": "d6b2a058c4be", "item_id": "616577ebdeeb4bb4a7700ba3f131418b", "pid": 107344, "queue": "rollout", "rank": null, "ts": "2026-10-04 14:56:25"}
[DBG] {"category": "QUEUE", "component": "queue", "event": "watchdog_armed", "host": "d6b2a058c4be", "pid": 107344, "rank": null, "stage": "queue_put", "timeout_sec": 30.0, "ts": "2026-10-04 14:56:25"}
[DBG] {"category": "QUEUE", "component": "queue", "elapsed_sec": 0.009045, "event": "END:queue_put", "host": "d6b2a058c4be", "pid": 107344, "rank": null, "ts": "2026-10-04 14:56:25"}
[DBG] {"category": "QUEUE", "component": "queue", "event": "put_done", "host": "d6b2a058c4be", "key": "smoke01:rollout:616577ebdeeb4bb4a7700ba3f131418b", "pid": 107344, "policy_version": 0, "queue": "rollout", "rank": null, "ts": "2026-10-04 14:56:25"}
[DBG] {"category": "QUEUE", "component": "queue", "event": "put_prepare", "host": "d6b2a058c4be", "item_id": "07609ab8232f43a4b8dc5c4e1b199350", "partition": "smoke01:rollout", "payload_bytes": 2785, "pid": 107344, "policy_version": 0, "queue": "rollout", "rank": null, "ts": "2026-10-04 14:56:25"}
[DBG] {"category": "QUEUE", "component": "queue", "event": "BEGIN:queue_put", "host": "d6b2a058c4be", "item_id": "07609ab8232f43a4b8dc5c4e1b199350", "pid": 107344, "queue": "rollout", "rank": null, "ts": "2026-10-04 14:56:25"}
[DBG] {"category": "QUEUE", "component": "queue", "event": "watchdog_armed", "host": "d6b2a058c4be", "pid": 107344, "rank": null, "stage": "queue_put", "timeout_sec": 30.0, "ts": "2026-10-04 14:56:25"}
[DBG] {"category": "QUEUE", "component": "queue", "elapsed_sec": 0.008118, "event": "END:queue_put", "host": "d6b2a058c4be", "pid": 107344, "rank": null, "ts": "2026-10-04 14:56:25"}
[DBG] {"category": "QUEUE", "component": "queue", "event": "put_done", "host": "d6b2a058c4be", "key": "smoke01:rollout:07609ab8232f43a4b8dc5c4e1b199350", "pid": 107344, "policy_version": 0, "queue": "rollout", "rank": null, "ts": "2026-10-04 14:56:25"}
[DBG] {"category": "QUEUE", "component": "queue", "event": "size_changed", "host": "d6b2a058c4be", "pid": 107344, "queue": "rollout", "rank": null, "size": 7, "ts": "2026-10-04 14:56:25"}
[DBG] {"category": "QUEUE", "component": "queue", "event": "put_prepare", "host": "d6b2a058c4be", "item_id": "7d91302373a14049abfe0e32008b5e66", "partition": "smoke01:rollout", "payload_bytes": 2298, "pid": 107344, "policy_version": 0, "queue": "rollout", "rank": null, "ts": "2026-10-04 14:56:26"}
[DBG] {"category": "QUEUE", "component": "queue", "event": "BEGIN:queue_put", "host": "d6b2a058c4be", "item_id": "7d91302373a14049abfe0e32008b5e66", "pid": 107344, "queue": "rollout", "rank": null, "ts": "2026-10-04 14:56:26"}
[DBG] {"category": "QUEUE", "component": "queue", "event": "watchdog_armed", "host": "d6b2a058c4be", "pid": 107344, "rank": null, "stage": "queue_put", "timeout_sec": 30.0, "ts": "2026-10-04 14:56:26"}
[DBG] {"category": "QUEUE", "component": "queue", "elapsed_sec": 0.009575, "event": "END:queue_put", "host": "d6b2a058c4be", "pid": 107344, "rank": null, "ts": "2026-10-04 14:56:26"}
[DBG] {"category": "QUEUE", "component": "queue", "event": "put_done", "host": "d6b2a058c4be", "key": "smoke01:rollout:7d91302373a14049abfe0e32008b5e66", "pid": 107344, "policy_version": 0, "queue": "rollout", "rank": null, "ts": "2026-10-04 14:56:26"}
[DBG] {"category": "QUEUE", "component": "queue", "event": "put_prepare", "host": "d6b2a058c4be", "item_id": "cf8742c561af4fb4a7716b8a4eb73d4a", "partition": "smoke01:rollout", "payload_bytes": 3087, "pid": 107344, "policy_version": 0, "queue": "rollout", "rank": null, "ts": "2026-10-04 14:56:26"}
[DBG] {"category": "QUEUE", "component": "queue", "event": "BEGIN:queue_put", "host": "d6b2a058c4be", "item_id": "cf8742c561af4fb4a7716b8a4eb73d4a", "pid": 107344, "queue": "rollout", "rank": null, "ts": "2026-10-04 14:56:26"}
[DBG] {"category": "QUEUE", "component": "queue", "event": "watchdog_armed", "host": "d6b2a058c4be", "pid": 107344, "rank": null, "stage": "queue_put", "timeout_sec": 30.0, "ts": "2026-10-04 14:56:26"}
[DBG] {"category": "QUEUE", "component": "queue", "elapsed_sec": 0.009614, "event": "END:queue_put", "host": "d6b2a058c4be", "pid": 107344, "rank": null, "ts": "2026-10-04 14:56:26"}
[DBG] {"category": "QUEUE", "component": "queue", "event": "put_done", "host": "d6b2a058c4be", "key": "smoke01:rollout:cf8742c561af4fb4a7716b8a4eb73d4a", "pid": 107344, "policy_version": 0, "queue": "rollout", "rank": null, "ts": "2026-10-04 14:56:26"}
[DBG] {"category": "QUEUE", "component": "queue", "event": "size_changed", "host": "d6b2a058c4be", "pid": 107344, "queue": "rollout", "rank": null, "size": 9, "ts": "2026-10-04 14:56:26"}
[DBG] {"category": "QUEUE", "component": "queue", "event": "size_changed", "host": "d6b2a058c4be", "pid": 107344, "queue": "preference", "rank": null, "size": 0, "ts": "2026-10-04 14:56:43"}
[DBG] {"category": "QUEUE", "component": "queue", "current_version": 0, "event": "BEGIN:queue_list_for_pop", "exact": true, "host": "d6b2a058c4be", "max_lag": 3, "pid": 107344, "queue": "preference", "rank": null, "requested": 4, "ts": "2026-10-04 14:56:43"}
[DBG] {"category": "QUEUE", "component": "queue", "event": "watchdog_armed", "host": "d6b2a058c4be", "pid": 107344, "rank": null, "stage": "queue_list_for_pop", "timeout_sec": 30.0, "ts": "2026-10-04 14:56:43"}
[DBG] {"category": "QUEUE", "component": "queue", "elapsed_sec": 0.000615, "event": "END:queue_list_for_pop", "host": "d6b2a058c4be", "pid": 107344, "rank": null, "ts": "2026-10-04 14:56:43"}
[DBG] {"available": 0, "category": "QUEUE", "component": "queue", "event": "pop_scan", "exact": true, "host": "d6b2a058c4be", "pid": 107344, "queue": "preference", "rank": null, "requested": 4, "selected": 0, "selected_keys": [], "stale": 0, "stale_keys": [], "ts": "2026-10-04 14:56:43"}
[DBG] {"available": 0, "category": "QUEUE", "component": "queue", "event": "pop_not_enough", "host": "d6b2a058c4be", "pid": 107344, "queue": "preference", "rank": null, "requested": 4, "ts": "2026-10-04 14:56:43"}
[DBG] {"category": "QUEUE", "component": "queue", "current_version": 0, "event": "BEGIN:queue_list_for_pop", "exact": true, "host": "d6b2a058c4be", "max_lag": 3, "pid": 107344, "queue": "preference", "rank": null, "requested": 4, "ts": "2026-10-04 14:56:44"}
[DBG] {"category": "QUEUE", "component": "queue", "event": "watchdog_armed", "host": "d6b2a058c4be", "pid": 107344, "rank": null, "stage": "queue_list_for_pop", "timeout_sec": 30.0, "ts": "2026-10-04 14:56:44"}
[DBG] {"category": "QUEUE", "component": "queue", "elapsed_sec": 0.000624, "event": "END:queue_list_for_pop", "host": "d6b2a058c4be", "pid": 107344, "rank": null, "ts": "2026-10-04 14:56:44"}
[DBG] {"available": 0, "category": "QUEUE", "component": "queue", "event": "pop_scan", "exact": true, "host": "d6b2a058c4be", "pid": 107344, "queue": "preference", "rank": null, "requested": 4, "selected": 0, "selected_keys": [], "stale": 0, "stale_keys": [], "ts": "2026-10-04 14:56:44"}
[DBG] {"available": 0, "category": "QUEUE", "component": "queue", "event": "pop_not_enough", "host": "d6b2a058c4be", "pid": 107344, "queue": "preference", "rank": null, "requested": 4, "ts": "2026-10-04 14:56:44"}
[DBG] {"category": "QUEUE", "component": "queue", "current_version": 0, "event": "BEGIN:queue_list_for_pop", "exact": true, "host": "d6b2a058c4be", "max_lag": 3, "pid": 107344, "queue": "preference", "rank": null, "requested": 4, "ts": "2026-10-04 14:56:44"}
[DBG] {"category": "QUEUE", "component": "queue", "event": "watchdog_armed", "host": "d6b2a058c4be", "pid": 107344, "rank": null, "stage": "queue_list_for_pop", "timeout_sec": 30.0, "ts": "2026-10-04 14:56:44"}
[DBG] {"category": "QUEUE", "component": "queue", "elapsed_sec": 0.000732, "event": "END:queue_list_for_pop", "host": "d6b2a058c4be", "pid": 107344, "rank": null, "ts": "2026-10-04 14:56:44"}
[DBG] {"available": 0, "category": "QUEUE", "component": "queue", "event": "pop_scan", "exact": true, "host": "d6b2a058c4be", "pid": 107344, "queue": "preference", "rank": null, "requested": 4, "selected": 0, "selected_keys": [], "stale": 0, "stale_keys": [], "ts": "2026-10-04 14:56:44"}
[DBG] {"available": 0, "category": "QUEUE", "component": "queue", "event": "pop_not_enough", "host": "d6b2a058c4be", "pid": 107344, "queue": "preference", "rank": null, "requested": 4, "ts": "2026-10-04 14:56:44"}
[DBG] {"category": "QUEUE", "component": "queue", "current_version": 0, "event": "BEGIN:queue_list_for_pop", "exact": true, "host": "d6b2a058c4be", "max_lag": 3, "pid": 107344, "queue": "preference", "rank": null, "requested": 4, "ts": "2026-10-04 14:56:45"}
[DBG] {"category": "QUEUE", "component": "queue", "event": "watchdog_armed", "host": "d6b2a058c4be", "pid": 107344, "rank": null, "stage": "queue_list_for_pop", "timeout_sec": 30.0, "ts": "2026-10-04 14:56:45"}
[DBG] {"category": "QUEUE", "component": "queue", "elapsed_sec": 0.000613, "event": "END:queue_list_for_pop", "host": "d6b2a058c4be", "pid": 107344, "rank": null, "ts": "2026-10-04 14:56:45"}
[DBG] {"available": 0, "category": "QUEUE", "component": "queue", "event": "pop_scan", "exact": true, "host": "d6b2a058c4be", "pid": 107344, "queue": "preference", "rank": null, "requested": 4, "selected": 0, "selected_keys": [], "stale": 0, "stale_keys": [], "ts": "2026-10-04 14:56:45"}
[DBG] {"available": 0, "category": "QUEUE", "component": "queue", "event": "pop_not_enough", "host": "d6b2a058c4be", "pid": 107344, "queue": "preference", "rank": null, "requested": 4, "ts": "2026-10-04 14:56:45"}
[DBG] {"category": "QUEUE", "component": "queue", "current_version": 0, "event": "BEGIN:queue_list_for_pop", "exact": true, "host": "d6b2a058c4be", "max_lag": 3, "pid": 107344, "queue": "preference", "rank": null, "requested": 4, "ts": "2026-10-04 14:56:45"}
[DBG] {"category": "QUEUE", "component": "queue", "event": "watchdog_armed", "host": "d6b2a058c4be", "pid": 107344, "rank": null, "stage": "queue_list_for_pop", "timeout_sec": 30.0, "ts": "2026-10-04 14:56:45"}
[DBG] {"category": "QUEUE", "component": "queue", "elapsed_sec": 0.000619, "event": "END:queue_list_for_pop", "host": "d6b2a058c4be", "pid": 107344, "rank": null, "ts": "2026-10-04 14:56:45"}
[DBG] {"available": 0, "category": "QUEUE", "component": "queue", "event": "pop_scan", "exact": true, "host": "d6b2a058c4be", "pid": 107344, "queue": "preference", "rank": null, "requested": 4, "selected": 0, "selected_keys": [], "stale": 0, "stale_keys": [], "ts": "2026-10-04 14:56:45"}
[DBG] {"available": 0, "category": "QUEUE", "component": "queue", "event": "pop_not_enough", "host": "d6b2a058c4be", "pid": 107344, "queue": "preference", "rank": null, "requested": 4, "ts": "2026-10-04 14:56:45"}
[DBG] {"category": "QUEUE", "component": "queue", "current_version": 0, "event": "BEGIN:queue_list_for_pop", "exact": true, "host": "d6b2a058c4be", "max_lag": 3, "pid": 107344, "queue": "preference", "rank": null, "requested": 4, "ts": "2026-10-04 14:56:46"}
[DBG] {"category": "QUEUE", "component": "queue", "event": "watchdog_armed", "host": "d6b2a058c4be", "pid": 107344, "rank": null, "stage": "queue_list_for_pop", "timeout_sec": 30.0, "ts": "2026-10-04 14:56:46"}
[DBG] {"category": "QUEUE", "component": "queue", "elapsed_sec": 0.000657, "event": "END:queue_list_for_pop", "host": "d6b2a058c4be", "pid": 107344, "rank": null, "ts": "2026-10-04 14:56:46"}
[DBG] {"available": 0, "category": "QUEUE", "component": "queue", "event": "pop_scan", "exact": true, "host": "d6b2a058c4be", "pid": 107344, "queue": "preference", "rank": null, "requested": 4, "selected": 0, "selected_keys": [], "stale": 0, "stale_keys": [], "ts": "2026-10-04 14:56:46"}
[DBG] {"available": 0, "category": "QUEUE", "component": "queue", "event": "pop_not_enough", "host": "d6b2a058c4be", "pid": 107344, "queue": "preference", "rank": null, "requested": 4, "ts": "2026-10-04 14:56:46"}
[DBG] {"category": "QUEUE", "component": "queue", "current_version": 0, "event": "BEGIN:queue_list_for_pop", "exact": true, "host": "d6b2a058c4be", "max_lag": 3, "pid": 107344, "queue": "preference", "rank": null, "requested": 4, "ts": "2026-10-04 14:56:46"}
[DBG] {"category": "QUEUE", "component": "queue", "event": "watchdog_armed", "host": "d6b2a058c4be", "pid": 107344, "rank": null, "stage": "queue_list_for_pop", "timeout_sec": 30.0, "ts": "2026-10-04 14:56:46"}
[DBG] {"category": "QUEUE", "component": "queue", "elapsed_sec": 0.000593, "event": "END:queue_list_for_pop", "host": "d6b2a058c4be", "pid": 107344, "rank": null, "ts": "2026-10-04 14:56:46"}
[DBG] {"available": 0, "category": "QUEUE", "component": "queue", "event": "pop_scan", "exact": true, "host": "d6b2a058c4be", "pid": 107344, "queue": "preference", "rank": null, "requested": 4, "selected": 0, "selected_keys": [], "stale": 0, "stale_keys": [], "ts": "2026-10-04 14:56:46"}
[DBG] {"available": 0, "category": "QUEUE", "component": "queue", "event": "pop_not_enough", "host": "d6b2a058c4be", "pid": 107344, "queue": "preference", "rank": null, "requested": 4, "ts": "2026-10-04 14:56:46"}
[DBG] {"category": "QUEUE", "component": "queue", "current_version": 0, "event": "BEGIN:queue_list_for_pop", "exact": true, "host": "d6b2a058c4be", "max_lag": 3, "pid": 107344, "queue": "preference", "rank": null, "requested": 4, "ts": "2026-10-04 14:56:47"}
[DBG] {"category": "QUEUE", "component": "queue", "event": "watchdog_armed", "host": "d6b2a058c4be", "pid": 107344, "rank": null, "stage": "queue_list_for_pop", "timeout_sec": 30.0, "ts": "2026-10-04 14:56:47"}
[DBG] {"category": "QUEUE", "component": "queue", "elapsed_sec": 0.0006, "event": "END:queue_list_for_pop", "host": "d6b2a058c4be", "pid": 107344, "rank": null, "ts": "2026-10-04 14:56:47"}
[DBG] {"available": 0, "category": "QUEUE", "component": "queue", "event": "pop_scan", "exact": true, "host": "d6b2a058c4be", "pid": 107344, "queue": "preference", "rank": null, "requested": 4, "selected": 0, "selected_keys": [], "stale": 0, "stale_keys": [], "ts": "2026-10-04 14:56:47"}
[DBG] {"available": 0, "category": "QUEUE", "component": "queue", "event": "pop_not_enough", "host": "d6b2a058c4be", "pid": 107344, "queue": "preference", "rank": null, "requested": 4, "ts": "2026-10-04 14:56:47"}
[DBG] {"category": "QUEUE", "component": "queue", "current_version": 0, "event": "BEGIN:queue_list_for_pop", "exact": true, "host": "d6b2a058c4be", "max_lag": 3, "pid": 107344, "queue": "preference", "rank": null, "requested": 4, "ts": "2026-10-04 14:56:47"}
[DBG] {"category": "QUEUE", "component": "queue", "event": "watchdog_armed", "host": "d6b2a058c4be", "pid": 107344, "rank": null, "stage": "queue_list_for_pop", "timeout_sec": 30.0, "ts": "2026-10-04 14:56:47"}
[DBG] {"category": "QUEUE", "component": "queue", "elapsed_sec": 0.000623, "event": "END:queue_list_for_pop", "host": "d6b2a058c4be", "pid": 107344, "rank": null, "ts": "2026-10-04 14:56:47"}
[DBG] {"available": 0, "category": "QUEUE", "component": "queue", "event": "pop_scan", "exact": true, "host": "d6b2a058c4be", "pid": 107344, "queue": "preference", "rank": null, "requested": 4, "selected": 0, "selected_keys": [], "stale": 0, "stale_keys": [], "ts": "2026-10-04 14:56:47"}
[DBG] {"available": 0, "category": "QUEUE", "component": "queue", "event": "pop_not_enough", "host": "d6b2a058c4be", "pid": 107344, "queue": "preference", "rank": null, "requested": 4, "ts": "2026-10-04 14:56:47"}
[DBG] {"category": "QUEUE", "component": "queue", "current_version": 0, "event": "BEGIN:queue_list_for_pop", "exact": true, "host": "d6b2a058c4be", "max_lag": 3, "pid": 107344, "queue": "preference", "rank": null, "requested": 4, "ts": "2026-10-04 14:56:48"}
[DBG] {"category": "QUEUE", "component": "queue", "event": "watchdog_armed", "host": "d6b2a058c4be", "pid": 107344, "rank": null, "stage": "queue_list_for_pop", "timeout_sec": 30.0, "ts": "2026-10-04 14:56:48"}
[DBG] {"category": "QUEUE", "component": "queue", "elapsed_sec": 0.000656, "event": "END:queue_list_for_pop", "host": "d6b2a058c4be", "pid": 107344, "rank": null, "ts": "2026-10-04 14:56:48"}
[DBG] {"available": 0, "category": "QUEUE", "component": "queue", "event": "pop_scan", "exact": true, "host": "d6b2a058c4be", "pid": 107344, "queue": "preference", "rank": null, "requested": 4, "selected": 0, "selected_keys": [], "stale": 0, "stale_keys": [], "ts": "2026-10-04 14:56:48"}
[DBG] {"available": 0, "category": "QUEUE", "component": "queue", "event": "pop_not_enough", "host": "d6b2a058c4be", "pid": 107344, "queue": "preference", "rank": null, "requested": 4, "ts": "2026-10-04 14:56:48"}
[DBG] {"category": "QUEUE", "component": "queue", "current_version": 0, "event": "BEGIN:queue_list_for_pop", "exact": true, "host": "d6b2a058c4be", "max_lag": 3, "pid": 107344, "queue": "preference", "rank": null, "requested": 4, "ts": "2026-10-04 14:56:48"}
[DBG] {"category": "QUEUE", "component": "queue", "event": "watchdog_armed", "host": "d6b2a058c4be", "pid": 107344, "rank": null, "stage": "queue_list_for_pop", "timeout_sec": 30.0, "ts": "2026-10-04 14:56:48"}
[DBG] {"category": "QUEUE", "component": "queue", "elapsed_sec": 0.000661, "event": "END:queue_list_for_pop", "host": "d6b2a058c4be", "pid": 107344, "rank": null, "ts": "2026-10-04 14:56:48"}
[DBG] {"available": 0, "category": "QUEUE", "component": "queue", "event": "pop_scan", "exact": true, "host": "d6b2a058c4be", "pid": 107344, "queue": "preference", "rank": null, "requested": 4, "selected": 0, "selected_keys": [], "stale": 0, "stale_keys": [], "ts": "2026-10-04 14:56:48"}
[DBG] {"available": 0, "category": "QUEUE", "component": "queue", "event": "pop_not_enough", "host": "d6b2a058c4be", "pid": 107344, "queue": "preference", "rank": null, "requested": 4, "ts": "2026-10-04 14:56:48"}
[DBG] {"category": "QUEUE", "component": "queue", "current_version": 0, "event": "BEGIN:queue_list_for_pop", "exact": true, "host": "d6b2a058c4be", "max_lag": 3, "pid": 107344, "queue": "preference", "rank": null, "requested": 4, "ts": "2026-10-04 14:56:49"}
[DBG] {"category": "QUEUE", "component": "queue", "event": "watchdog_armed", "host": "d6b2a058c4be", "pid": 107344, "rank": null, "stage": "queue_list_for_pop", "timeout_sec": 30.0, "ts": "2026-10-04 14:56:49"}
[DBG] {"category": "QUEUE", "component": "queue", "elapsed_sec": 0.000648, "event": "END:queue_list_for_pop", "host": "d6b2a058c4be", "pid": 107344, "rank": null, "ts": "2026-10-04 14:56:49"}
[DBG] {"available": 0, "category": "QUEUE", "component": "queue", "event": "pop_scan", "exact": true, "host": "d6b2a058c4be", "pid": 107344, "queue": "preference", "rank": null, "requested": 4, "selected": 0, "selected_keys": [], "stale": 0, "stale_keys": [], "ts": "2026-10-04 14:56:49"}
[DBG] {"available": 0, "category": "QUEUE", "component": "queue", "event": "pop_not_enough", "host": "d6b2a058c4be", "pid": 107344, "queue": "preference", "rank": null, "requested": 4, "ts": "2026-10-04 14:56:49"}
[DBG] {"category": "QUEUE", "component": "queue", "current_version": 0, "event": "BEGIN:queue_list_for_pop", "exact": true, "host": "d6b2a058c4be", "max_lag": 3, "pid": 107344, "queue": "preference", "rank": null, "requested": 4, "ts": "2026-10-04 14:56:49"}
[DBG] {"category": "QUEUE", "component": "queue", "event": "watchdog_armed", "host": "d6b2a058c4be", "pid": 107344, "rank": null, "stage": "queue_list_for_pop", "timeout_sec": 30.0, "ts": "2026-10-04 14:56:49"}
[DBG] {"category": "QUEUE", "component": "queue", "elapsed_sec": 0.000638, "event": "END:queue_list_for_pop", "host": "d6b2a058c4be", "pid": 107344, "rank": null, "ts": "2026-10-04 14:56:49"}
[DBG] {"available": 0, "category": "QUEUE", "component": "queue", "event": "pop_scan", "exact": true, "host": "d6b2a058c4be", "pid": 107344, "queue": "preference", "rank": null, "requested": 4, "selected": 0, "selected_keys": [], "stale": 0, "stale_keys": [], "ts": "2026-10-04 14:56:49"}
[DBG] {"available": 0, "category": "QUEUE", "component": "queue", "event": "pop_not_enough", "host": "d6b2a058c4be", "pid": 107344, "queue": "preference", "rank": null, "requested": 4, "ts": "2026-10-04 14:56:49"}
[DBG] {"category": "QUEUE", "component": "queue", "current_version": 0, "event": "BEGIN:queue_list_for_pop", "exact": true, "host": "d6b2a058c4be", "max_lag": 3, "pid": 107344, "queue": "preference", "rank": null, "requested": 4, "ts": "2026-10-04 14:56:50"}
[DBG] {"category": "QUEUE", "component": "queue", "event": "watchdog_armed", "host": "d6b2a058c4be", "pid": 107344, "rank": null, "stage": "queue_list_for_pop", "timeout_sec": 30.0, "ts": "2026-10-04 14:56:50"}
[DBG] {"category": "QUEUE", "component": "queue", "elapsed_sec": 0.000614, "event": "END:queue_list_for_pop", "host": "d6b2a058c4be", "pid": 107344, "rank": null, "ts": "2026-10-04 14:56:50"}
[DBG] {"available": 0, "category": "QUEUE", "component": "queue", "event": "pop_scan", "exact": true, "host": "d6b2a058c4be", "pid": 107344, "queue": "preference", "rank": null, "requested": 4, "selected": 0, "selected_keys": [], "stale": 0, "stale_keys": [], "ts": "2026-10-04 14:56:50"}
[DBG] {"available": 0, "category": "QUEUE", "component": "queue", "event": "pop_not_enough", "host": "d6b2a058c4be", "pid": 107344, "queue": "preference", "rank": null, "requested": 4, "ts": "2026-10-04 14:56:50"}
[DBG] {"category": "QUEUE", "component": "queue", "current_version": 0, "event": "BEGIN:queue_list_for_pop", "exact": true, "host": "d6b2a058c4be", "max_lag": 3, "pid": 107344, "queue": "preference", "rank": null, "requested": 4, "ts": "2026-10-04 14:56:50"}
[DBG] {"category": "QUEUE", "component": "queue", "event": "watchdog_armed", "host": "d6b2a058c4be", "pid": 107344, "rank": null, "stage": "queue_list_for_pop", "timeout_sec": 30.0, "ts": "2026-10-04 14:56:50"}
[DBG] {"category": "QUEUE", "component": "queue", "elapsed_sec": 0.00062, "event": "END:queue_list_for_pop", "host": "d6b2a058c4be", "pid": 107344, "rank": null, "ts": "2026-10-04 14:56:50"}
[DBG] {"available": 0, "category": "QUEUE", "component": "queue", "event": "pop_scan", "exact": true, "host": "d6b2a058c4be", "pid": 107344, "queue": "preference", "rank": null, "requested": 4, "selected": 0, "selected_keys": [], "stale": 0, "stale_keys": [], "ts": "2026-10-04 14:56:50"}
[DBG] {"available": 0, "category": "QUEUE", "component": "queue", "event": "pop_not_enough", "host": "d6b2a058c4be", "pid": 107344, "queue": "preference", "rank": null, "requested": 4, "ts": "2026-10-04 14:56:50"}
[DBG] {"category": "QUEUE", "component": "queue", "current_version": 0, "event": "BEGIN:queue_list_for_pop", "exact": true, "host": "d6b2a058c4be", "max_lag": 3, "pid": 107344, "queue": "preference", "rank": null, "requested": 4, "ts": "2026-10-04 14:56:51"}
[DBG] {"category": "QUEUE", "component": "queue", "event": "watchdog_armed", "host": "d6b2a058c4be", "pid": 107344, "rank": null, "stage": "queue_list_for_pop", "timeout_sec": 30.0, "ts": "2026-10-04 14:56:51"}
[DBG] {"category": "QUEUE", "component": "queue", "elapsed_sec": 0.000662, "event": "END:queue_list_for_pop", "host": "d6b2a058c4be", "pid": 107344, "rank": null, "ts": "2026-10-04 14:56:51"}
[DBG] {"available": 0, "category": "QUEUE", "component": "queue", "event": "pop_scan", "exact": true, "host": "d6b2a058c4be", "pid": 107344, "queue": "preference", "rank": null, "requested": 4, "selected": 0, "selected_keys": [], "stale": 0, "stale_keys": [], "ts": "2026-10-04 14:56:51"}
[DBG] {"available": 0, "category": "QUEUE", "component": "queue", "event": "pop_not_enough", "host": "d6b2a058c4be", "pid": 107344, "queue": "preference", "rank": null, "requested": 4, "ts": "2026-10-04 14:56:51"}
[DBG] {"category": "QUEUE", "component": "queue", "current_version": 0, "event": "BEGIN:queue_list_for_pop", "exact": true, "host": "d6b2a058c4be", "max_lag": 3, "pid": 107344, "queue": "preference", "rank": null, "requested": 4, "ts": "2026-10-04 14:56:51"}
[DBG] {"category": "QUEUE", "component": "queue", "event": "watchdog_armed", "host": "d6b2a058c4be", "pid": 107344, "rank": null, "stage": "queue_list_for_pop", "timeout_sec": 30.0, "ts": "2026-10-04 14:56:51"}
[DBG] {"category": "QUEUE", "component": "queue", "elapsed_sec": 0.000673, "event": "END:queue_list_for_pop", "host": "d6b2a058c4be", "pid": 107344, "rank": null, "ts": "2026-10-04 14:56:51"}
[DBG] {"available": 0, "category": "QUEUE", "component": "queue", "event": "pop_scan", "exact": true, "host": "d6b2a058c4be", "pid": 107344, "queue": "preference", "rank": null, "requested": 4, "selected": 0, "selected_keys": [], "stale": 0, "stale_keys": [], "ts": "2026-10-04 14:56:51"}
[DBG] {"available": 0, "category": "QUEUE", "component": "queue", "event": "pop_not_enough", "host": "d6b2a058c4be", "pid": 107344, "queue": "preference", "rank": null, "requested": 4, "ts": "2026-10-04 14:56:51"}
[DBG] {"category": "QUEUE", "component": "queue", "current_version": 0, "event": "BEGIN:queue_list_for_pop", "exact": true, "host": "d6b2a058c4be", "max_lag": 3, "pid": 107344, "queue": "preference", "rank": null, "requested": 4, "ts": "2026-10-04 14:56:52"}
[DBG] {"category": "QUEUE", "component": "queue", "event": "watchdog_armed", "host": "d6b2a058c4be", "pid": 107344, "rank": null, "stage": "queue_list_for_pop", "timeout_sec": 30.0, "ts": "2026-10-04 14:56:52"}
[DBG] {"category": "QUEUE", "component": "queue", "elapsed_sec": 0.000616, "event": "END:queue_list_for_pop", "host": "d6b2a058c4be", "pid": 107344, "rank": null, "ts": "2026-10-04 14:56:52"}
[DBG] {"available": 0, "category": "QUEUE", "component": "queue", "event": "pop_scan", "exact": true, "host": "d6b2a058c4be", "pid": 107344, "queue": "preference", "rank": null, "requested": 4, "selected": 0, "selected_keys": [], "stale": 0, "stale_keys": [], "ts": "2026-10-04 14:56:52"}
[DBG] {"available": 0, "category": "QUEUE", "component": "queue", "event": "pop_not_enough", "host": "d6b2a058c4be", "pid": 107344, "queue": "preference", "rank": null, "requested": 4, "ts": "2026-10-04 14:56:52"}
[DBG] {"category": "QUEUE", "component": "queue", "current_version": 0, "event": "BEGIN:queue_list_for_pop", "exact": true, "host": "d6b2a058c4be", "max_lag": 3, "pid": 107344, "queue": "preference", "rank": null, "requested": 4, "ts": "2026-10-04 14:56:52"}
[DBG] {"category": "QUEUE", "component": "queue", "event": "watchdog_armed", "host": "d6b2a058c4be", "pid": 107344, "rank": null, "stage": "queue_list_for_pop", "timeout_sec": 30.0, "ts": "2026-10-04 14:56:52"}
[DBG] {"category": "QUEUE", "component": "queue", "elapsed_sec": 0.000637, "event": "END:queue_list_for_pop", "host": "d6b2a058c4be", "pid": 107344, "rank": null, "ts": "2026-10-04 14:56:52"}
[DBG] {"available": 0, "category": "QUEUE", "component": "queue", "event": "pop_scan", "exact": true, "host": "d6b2a058c4be", "pid": 107344, "queue": "preference", "rank": null, "requested": 4, "selected": 0, "selected_keys": [], "stale": 0, "stale_keys": [], "ts": "2026-10-04 14:56:52"}
[DBG] {"available": 0, "category": "QUEUE", "component": "queue", "event": "pop_not_enough", "host": "d6b2a058c4be", "pid": 107344, "queue": "preference", "rank": null, "requested": 4, "ts": "2026-10-04 14:56:52"}
[DBG] {"category": "QUEUE", "component": "queue", "current_version": 0, "event": "BEGIN:queue_list_for_pop", "exact": true, "host": "d6b2a058c4be", "max_lag": 3, "pid": 107344, "queue": "preference", "rank": null, "requested": 4, "ts": "2026-10-04 14:56:53"}
[DBG] {"category": "QUEUE", "component": "queue", "event": "watchdog_armed", "host": "d6b2a058c4be", "pid": 107344, "rank": null, "stage": "queue_list_for_pop", "timeout_sec": 30.0, "ts": "2026-10-04 14:56:53"}
[DBG] {"category": "QUEUE", "component": "queue", "elapsed_sec": 0.001793, "event": "END:queue_list_for_pop", "host": "d6b2a058c4be", "pid": 107344, "rank": null, "ts": "2026-10-04 14:56:53"}
[DBG] {"available": 0, "category": "QUEUE", "component": "queue", "event": "pop_scan", "exact": true, "host": "d6b2a058c4be", "pid": 107344, "queue": "preference", "rank": null, "requested": 4, "selected": 0, "selected_keys": [], "stale": 0, "stale_keys": [], "ts": "2026-10-04 14:56:53"}
[DBG] {"available": 0, "category": "QUEUE", "component": "queue", "event": "pop_not_enough", "host": "d6b2a058c4be", "pid": 107344, "queue": "preference", "rank": null, "requested": 4, "ts": "2026-10-04 14:56:53"}
[DBG] {"category": "QUEUE", "component": "queue", "current_version": 0, "event": "BEGIN:queue_list_for_pop", "exact": true, "host": "d6b2a058c4be", "max_lag": 3, "pid": 107344, "queue": "preference", "rank": null, "requested": 4, "ts": "2026-10-04 14:56:54"}
[DBG] {"category": "QUEUE", "component": "queue", "event": "watchdog_armed", "host": "d6b2a058c4be", "pid": 107344, "rank": null, "stage": "queue_list_for_pop", "timeout_sec": 30.0, "ts": "2026-10-04 14:56:54"}
[DBG] {"category": "QUEUE", "component": "queue", "elapsed_sec": 0.000855, "event": "END:queue_list_for_pop", "host": "d6b2a058c4be", "pid": 107344, "rank": null, "ts": "2026-10-04 14:56:54"}
[DBG] {"available": 0, "category": "QUEUE", "component": "queue", "event": "pop_scan", "exact": true, "host": "d6b2a058c4be", "pid": 107344, "queue": "preference", "rank": null, "requested": 4, "selected": 0, "selected_keys": [], "stale": 0, "stale_keys": [], "ts": "2026-10-04 14:56:54"}
[DBG] {"available": 0, "category": "QUEUE", "component": "queue", "event": "pop_not_enough", "host": "d6b2a058c4be", "pid": 107344, "queue": "preference", "rank": null, "requested": 4, "ts": "2026-10-04 14:56:54"}
[DBG] {"category": "QUEUE", "component": "queue", "current_version": 0, "event": "BEGIN:queue_list_for_pop", "exact": true, "host": "d6b2a058c4be", "max_lag": 3, "pid": 107344, "queue": "preference", "rank": null, "requested": 4, "ts": "2026-10-04 14:56:54"}
[DBG] {"category": "QUEUE", "component": "queue", "event": "watchdog_armed", "host": "d6b2a058c4be", "pid": 107344, "rank": null, "stage": "queue_list_for_pop", "timeout_sec": 30.0, "ts": "2026-10-04 14:56:54"}
[DBG] {"category": "QUEUE", "component": "queue", "elapsed_sec": 0.000756, "event": "END:queue_list_for_pop", "host": "d6b2a058c4be", "pid": 107344, "rank": null, "ts": "2026-10-04 14:56:54"}
[DBG] {"available": 0, "category": "QUEUE", "component": "queue", "event": "pop_scan", "exact": true, "host": "d6b2a058c4be", "pid": 107344, "queue": "preference", "rank": null, "requested": 4, "selected": 0, "selected_keys": [], "stale": 0, "stale_keys": [], "ts": "2026-10-04 14:56:54"}
[DBG] {"available": 0, "category": "QUEUE", "component": "queue", "event": "pop_not_enough", "host": "d6b2a058c4be", "pid": 107344, "queue": "preference", "rank": null, "requested": 4, "ts": "2026-10-04 14:56:54"}
[DBG] {"category": "QUEUE", "component": "queue", "current_version": 0, "event": "BEGIN:queue_list_for_pop", "exact": true, "host": "d6b2a058c4be", "max_lag": 3, "pid": 107344, "queue": "preference", "rank": null, "requested": 4, "ts": "2026-10-04 14:56:55"}
[DBG] {"category": "QUEUE", "component": "queue", "event": "watchdog_armed", "host": "d6b2a058c4be", "pid": 107344, "rank": null, "stage": "queue_list_for_pop", "timeout_sec": 30.0, "ts": "2026-10-04 14:56:55"}
[DBG] {"category": "QUEUE", "component": "queue", "elapsed_sec": 0.000688, "event": "END:queue_list_for_pop", "host": "d6b2a058c4be", "pid": 107344, "rank": null, "ts": "2026-10-04 14:56:55"}
[DBG] {"available": 0, "category": "QUEUE", "component": "queue", "event": "pop_scan", "exact": true, "host": "d6b2a058c4be", "pid": 107344, "queue": "preference", "rank": null, "requested": 4, "selected": 0, "selected_keys": [], "stale": 0, "stale_keys": [], "ts": "2026-10-04 14:56:55"}
[DBG] {"available": 0, "category": "QUEUE", "component": "queue", "event": "pop_not_enough", "host": "d6b2a058c4be", "pid": 107344, "queue": "preference", "rank": null, "requested": 4, "ts": "2026-10-04 14:56:55"}
[DBG] {"category": "QUEUE", "component": "queue", "current_version": 0, "event": "BEGIN:queue_list_for_pop", "exact": true, "host": "d6b2a058c4be", "max_lag": 3, "pid": 107344, "queue": "preference", "rank": null, "requested": 4, "ts": "2026-10-04 14:56:55"}
[DBG] {"category": "QUEUE", "component": "queue", "event": "watchdog_armed", "host": "d6b2a058c4be", "pid": 107344, "rank": null, "stage": "queue_list_for_pop", "timeout_sec": 30.0, "ts": "2026-10-04 14:56:55"}
[DBG] {"category": "QUEUE", "component": "queue", "elapsed_sec": 0.000713, "event": "END:queue_list_for_pop", "host": "d6b2a058c4be", "pid": 107344, "rank": null, "ts": "2026-10-04 14:56:55"}
[DBG] {"available": 0, "category": "QUEUE", "component": "queue", "event": "pop_scan", "exact": true, "host": "d6b2a058c4be", "pid": 107344, "queue": "preference", "rank": null, "requested": 4, "selected": 0, "selected_keys": [], "stale": 0, "stale_keys": [], "ts": "2026-10-04 14:56:55"}
[DBG] {"available": 0, "category": "QUEUE", "component": "queue", "event": "pop_not_enough", "host": "d6b2a058c4be", "pid": 107344, "queue": "preference", "rank": null, "requested": 4, "ts": "2026-10-04 14:56:55"}
[DBG] {"category": "QUEUE", "component": "queue", "current_version": 0, "event": "BEGIN:queue_list_for_pop", "exact": true, "host": "d6b2a058c4be", "max_lag": 3, "pid": 107344, "queue": "preference", "rank": null, "requested": 4, "ts": "2026-10-04 14:56:56"}
[DBG] {"category": "QUEUE", "component": "queue", "event": "watchdog_armed", "host": "d6b2a058c4be", "pid": 107344, "rank": null, "stage": "queue_list_for_pop", "timeout_sec": 30.0, "ts": "2026-10-04 14:56:56"}
[DBG] {"category": "QUEUE", "component": "queue", "elapsed_sec": 0.00073, "event": "END:queue_list_for_pop", "host": "d6b2a058c4be", "pid": 107344, "rank": null, "ts": "2026-10-04 14:56:56"}
[DBG] {"available": 0, "category": "QUEUE", "component": "queue", "event": "pop_scan", "exact": true, "host": "d6b2a058c4be", "pid": 107344, "queue": "preference", "rank": null, "requested": 4, "selected": 0, "selected_keys": [], "stale": 0, "stale_keys": [], "ts": "2026-10-04 14:56:56"}
[DBG] {"available": 0, "category": "QUEUE", "component": "queue", "event": "pop_not_enough", "host": "d6b2a058c4be", "pid": 107344, "queue": "preference", "rank": null, "requested": 4, "ts": "2026-10-04 14:56:56"}
[DBG] {"category": "QUEUE", "component": "queue", "current_version": 0, "event": "BEGIN:queue_list_for_pop", "exact": true, "host": "d6b2a058c4be", "max_lag": 3, "pid": 107344, "queue": "preference", "rank": null, "requested": 4, "ts": "2026-10-04 14:56:56"}
[DBG] {"category": "QUEUE", "component": "queue", "event": "watchdog_armed", "host": "d6b2a058c4be", "pid": 107344, "rank": null, "stage": "queue_list_for_pop", "timeout_sec": 30.0, "ts": "2026-10-04 14:56:56"}
[DBG] {"category": "QUEUE", "component": "queue", "elapsed_sec": 0.000676, "event": "END:queue_list_for_pop", "host": "d6b2a058c4be", "pid": 107344, "rank": null, "ts": "2026-10-04 14:56:56"}
[DBG] {"available": 0, "category": "QUEUE", "component": "queue", "event": "pop_scan", "exact": true, "host": "d6b2a058c4be", "pid": 107344, "queue": "preference", "rank": null, "requested": 4, "selected": 0, "selected_keys": [], "stale": 0, "stale_keys": [], "ts": "2026-10-04 14:56:56"}
[DBG] {"available": 0, "category": "QUEUE", "component": "queue", "event": "pop_not_enough", "host": "d6b2a058c4be", "pid": 107344, "queue": "preference", "rank": null, "requested": 4, "ts": "2026-10-04 14:56:56"}
[DBG] {"category": "QUEUE", "component": "queue", "current_version": 0, "event": "BEGIN:queue_list_for_pop", "exact": true, "host": "d6b2a058c4be", "max_lag": 3, "pid": 107344, "queue": "preference", "rank": null, "requested": 4, "ts": "2026-10-04 14:56:57"}
[DBG] {"category": "QUEUE", "component": "queue", "event": "watchdog_armed", "host": "d6b2a058c4be", "pid": 107344, "rank": null, "stage": "queue_list_for_pop", "timeout_sec": 30.0, "ts": "2026-10-04 14:56:57"}
[DBG] {"category": "QUEUE", "component": "queue", "elapsed_sec": 0.000735, "event": "END:queue_list_for_pop", "host": "d6b2a058c4be", "pid": 107344, "rank": null, "ts": "2026-10-04 14:56:57"}
[DBG] {"available": 0, "category": "QUEUE", "component": "queue", "event": "pop_scan", "exact": true, "host": "d6b2a058c4be", "pid": 107344, "queue": "preference", "rank": null, "requested": 4, "selected": 0, "selected_keys": [], "stale": 0, "stale_keys": [], "ts": "2026-10-04 14:56:57"}
[DBG] {"available": 0, "category": "QUEUE", "component": "queue", "event": "pop_not_enough", "host": "d6b2a058c4be", "pid": 107344, "queue": "preference", "rank": null, "requested": 4, "ts": "2026-10-04 14:56:57"}
[DBG] {"category": "QUEUE", "component": "queue", "current_version": 0, "event": "BEGIN:queue_list_for_pop", "exact": true, "host": "d6b2a058c4be", "max_lag": 3, "pid": 107344, "queue": "preference", "rank": null, "requested": 4, "ts": "2026-10-04 14:56:57"}
[DBG] {"category": "QUEUE", "component": "queue", "event": "watchdog_armed", "host": "d6b2a058c4be", "pid": 107344, "rank": null, "stage": "queue_list_for_pop", "timeout_sec": 30.0, "ts": "2026-10-04 14:56:57"}
[DBG] {"category": "QUEUE", "component": "queue", "elapsed_sec": 0.000672, "event": "END:queue_list_for_pop", "host": "d6b2a058c4be", "pid": 107344, "rank": null, "ts": "2026-10-04 14:56:57"}
[DBG] {"available": 0, "category": "QUEUE", "component": "queue", "event": "pop_scan", "exact": true, "host": "d6b2a058c4be", "pid": 107344, "queue": "preference", "rank": null, "requested": 4, "selected": 0, "selected_keys": [], "stale": 0, "stale_keys": [], "ts": "2026-10-04 14:56:57"}
[DBG] {"available": 0, "category": "QUEUE", "component": "queue", "event": "pop_not_enough", "host": "d6b2a058c4be", "pid": 107344, "queue": "preference", "rank": null, "requested": 4, "ts": "2026-10-04 14:56:57"}
[DBG] {"category": "QUEUE", "component": "queue", "current_version": 0, "event": "BEGIN:queue_list_for_pop", "exact": true, "host": "d6b2a058c4be", "max_lag": 3, "pid": 107344, "queue": "preference", "rank": null, "requested": 4, "ts": "2026-10-04 14:56:58"}
[DBG] {"category": "QUEUE", "component": "queue", "event": "watchdog_armed", "host": "d6b2a058c4be", "pid": 107344, "rank": null, "stage": "queue_list_for_pop", "timeout_sec": 30.0, "ts": "2026-10-04 14:56:58"}
[DBG] {"category": "QUEUE", "component": "queue", "elapsed_sec": 0.000618, "event": "END:queue_list_for_pop", "host": "d6b2a058c4be", "pid": 107344, "rank": null, "ts": "2026-10-04 14:56:58"}
[DBG] {"available": 0, "category": "QUEUE", "component": "queue", "event": "pop_scan", "exact": true, "host": "d6b2a058c4be", "pid": 107344, "queue": "preference", "rank": null, "requested": 4, "selected": 0, "selected_keys": [], "stale": 0, "stale_keys": [], "ts": "2026-10-04 14:56:58"}
[DBG] {"available": 0, "category": "QUEUE", "component": "queue", "event": "pop_not_enough", "host": "d6b2a058c4be", "pid": 107344, "queue": "preference", "rank": null, "requested": 4, "ts": "2026-10-04 14:56:58"}
[DBG] {"category": "QUEUE", "component": "queue", "current_version": 0, "event": "BEGIN:queue_list_for_pop", "exact": true, "host": "d6b2a058c4be", "max_lag": 3, "pid": 107344, "queue": "preference", "rank": null, "requested": 4, "ts": "2026-10-04 14:56:58"}
[DBG] {"category": "QUEUE", "component": "queue", "event": "watchdog_armed", "host": "d6b2a058c4be", "pid": 107344, "rank": null, "stage": "queue_list_for_pop", "timeout_sec": 30.0, "ts": "2026-10-04 14:56:58"}
[DBG] {"category": "QUEUE", "component": "queue", "elapsed_sec": 0.000786, "event": "END:queue_list_for_pop", "host": "d6b2a058c4be", "pid": 107344, "rank": null, "ts": "2026-10-04 14:56:58"}
[DBG] {"available": 0, "category": "QUEUE", "component": "queue", "event": "pop_scan", "exact": true, "host": "d6b2a058c4be", "pid": 107344, "queue": "preference", "rank": null, "requested": 4, "selected": 0, "selected_keys": [], "stale": 0, "stale_keys": [], "ts": "2026-10-04 14:56:58"}
[DBG] {"available": 0, "category": "QUEUE", "component": "queue", "event": "pop_not_enough", "host": "d6b2a058c4be", "pid": 107344, "queue": "preference", "rank": null, "requested": 4, "ts": "2026-10-04 14:56:58"}
[DBG] {"category": "QUEUE", "component": "queue", "current_version": 0, "event": "BEGIN:queue_list_for_pop", "exact": true, "host": "d6b2a058c4be", "max_lag": 3, "pid": 107344, "queue": "preference", "rank": null, "requested": 4, "ts": "2026-10-04 14:56:59"}
[DBG] {"category": "QUEUE", "component": "queue", "event": "watchdog_armed", "host": "d6b2a058c4be", "pid": 107344, "rank": null, "stage": "queue_list_for_pop", "timeout_sec": 30.0, "ts": "2026-10-04 14:56:59"}
[DBG] {"category": "QUEUE", "component": "queue", "elapsed_sec": 0.000592, "event": "END:queue_list_for_pop", "host": "d6b2a058c4be", "pid": 107344, "rank": null, "ts": "2026-10-04 14:56:59"}
[DBG] {"available": 0, "category": "QUEUE", "component": "queue", "event": "pop_scan", "exact": true, "host": "d6b2a058c4be", "pid": 107344, "queue": "preference", "rank": null, "requested": 4, "selected": 0, "selected_keys": [], "stale": 0, "stale_keys": [], "ts": "2026-10-04 14:56:59"}
[DBG] {"available": 0, "category": "QUEUE", "component": "queue", "event": "pop_not_enough", "host": "d6b2a058c4be", "pid": 107344, "queue": "preference", "rank": null, "requested": 4, "ts": "2026-10-04 14:56:59"}
[DBG] {"category": "QUEUE", "component": "queue", "current_version": 0, "event": "BEGIN:queue_list_for_pop", "exact": true, "host": "d6b2a058c4be", "max_lag": 3, "pid": 107344, "queue": "preference", "rank": null, "requested": 4, "ts": "2026-10-04 14:56:59"}
[DBG] {"category": "QUEUE", "component": "queue", "event": "watchdog_armed", "host": "d6b2a058c4be", "pid": 107344, "rank": null, "stage": "queue_list_for_pop", "timeout_sec": 30.0, "ts": "2026-10-04 14:56:59"}
[DBG] {"category": "QUEUE", "component": "queue", "elapsed_sec": 0.000593, "event": "END:queue_list_for_pop", "host": "d6b2a058c4be", "pid": 107344, "rank": null, "ts": "2026-10-04 14:56:59"}
[DBG] {"available": 0, "category": "QUEUE", "component": "queue", "event": "pop_scan", "exact": true, "host": "d6b2a058c4be", "pid": 107344, "queue": "preference", "rank": null, "requested": 4, "selected": 0, "selected_keys": [], "stale": 0, "stale_keys": [], "ts": "2026-10-04 14:56:59"}
[DBG] {"available": 0, "category": "QUEUE", "component": "queue", "event": "pop_not_enough", "host": "d6b2a058c4be", "pid": 107344, "queue": "preference", "rank": null, "requested": 4, "ts": "2026-10-04 14:56:59"}
[DBG] {"category": "QUEUE", "component": "queue", "current_version": 0, "event": "BEGIN:queue_list_for_pop", "exact": true, "host": "d6b2a058c4be", "max_lag": 3, "pid": 107344, "queue": "preference", "rank": null, "requested": 4, "ts": "2026-10-04 14:57:00"}
[DBG] {"category": "QUEUE", "component": "queue", "event": "watchdog_armed", "host": "d6b2a058c4be", "pid": 107344, "rank": null, "stage": "queue_list_for_pop", "timeout_sec": 30.0, "ts": "2026-10-04 14:57:00"}
[DBG] {"category": "QUEUE", "component": "queue", "elapsed_sec": 0.000564, "event": "END:queue_list_for_pop", "host": "d6b2a058c4be", "pid": 107344, "rank": null, "ts": "2026-10-04 14:57:00"}
[DBG] {"available": 0, "category": "QUEUE", "component": "queue", "event": "pop_scan", "exact": true, "host": "d6b2a058c4be", "pid": 107344, "queue": "preference", "rank": null, "requested": 4, "selected": 0, "selected_keys": [], "stale": 0, "stale_keys": [], "ts": "2026-10-04 14:57:00"}
[DBG] {"available": 0, "category": "QUEUE", "component": "queue", "event": "pop_not_enough", "host": "d6b2a058c4be", "pid": 107344, "queue": "preference", "rank": null, "requested": 4, "ts": "2026-10-04 14:57:00"}
[DBG] {"category": "QUEUE", "component": "queue", "current_version": 0, "event": "BEGIN:queue_list_for_pop", "exact": true, "host": "d6b2a058c4be", "max_lag": 3, "pid": 107344, "queue": "preference", "rank": null, "requested": 4, "ts": "2026-10-04 14:57:00"}
[DBG] {"category": "QUEUE", "component": "queue", "event": "watchdog_armed", "host": "d6b2a058c4be", "pid": 107344, "rank": null, "stage": "queue_list_for_pop", "timeout_sec": 30.0, "ts": "2026-10-04 14:57:00"}
[DBG] {"category": "QUEUE", "component": "queue", "elapsed_sec": 0.000591, "event": "END:queue_list_for_pop", "host": "d6b2a058c4be", "pid": 107344, "rank": null, "ts": "2026-10-04 14:57:00"}
[DBG] {"available": 0, "category": "QUEUE", "component": "queue", "event": "pop_scan", "exact": true, "host": "d6b2a058c4be", "pid": 107344, "queue": "preference", "rank": null, "requested": 4, "selected": 0, "selected_keys": [], "stale": 0, "stale_keys": [], "ts": "2026-10-04 14:57:00"}
[DBG] {"available": 0, "category": "QUEUE", "component": "queue", "event": "pop_not_enough", "host": "d6b2a058c4be", "pid": 107344, "queue": "preference", "rank": null, "requested": 4, "ts": "2026-10-04 14:57:00"}
[DBG] {"category": "QUEUE", "component": "queue", "current_version": 0, "event": "BEGIN:queue_list_for_pop", "exact": true, "host": "d6b2a058c4be", "max_lag": 3, "pid": 107344, "queue": "preference", "rank": null, "requested": 4, "ts": "2026-10-04 14:57:01"}
[DBG] {"category": "QUEUE", "component": "queue", "event": "watchdog_armed", "host": "d6b2a058c4be", "pid": 107344, "rank": null, "stage": "queue_list_for_pop", "timeout_sec": 30.0, "ts": "2026-10-04 14:57:01"}
[DBG] {"category": "QUEUE", "component": "queue", "elapsed_sec": 0.000633, "event": "END:queue_list_for_pop", "host": "d6b2a058c4be", "pid": 107344, "rank": null, "ts": "2026-10-04 14:57:01"}
[DBG] {"available": 0, "category": "QUEUE", "component": "queue", "event": "pop_scan", "exact": true, "host": "d6b2a058c4be", "pid": 107344, "queue": "preference", "rank": null, "requested": 4, "selected": 0, "selected_keys": [], "stale": 0, "stale_keys": [], "ts": "2026-10-04 14:57:01"}
[DBG] {"available": 0, "category": "QUEUE", "component": "queue", "event": "pop_not_enough", "host": "d6b2a058c4be", "pid": 107344, "queue": "preference", "rank": null, "requested": 4, "ts": "2026-10-04 14:57:01"}
[DBG] {"category": "QUEUE", "component": "queue", "current_version": 0, "event": "BEGIN:queue_list_for_pop", "exact": true, "host": "d6b2a058c4be", "max_lag": 3, "pid": 107344, "queue": "preference", "rank": null, "requested": 4, "ts": "2026-10-04 14:57:01"}
[DBG] {"category": "QUEUE", "component": "queue", "event": "watchdog_armed", "host": "d6b2a058c4be", "pid": 107344, "rank": null, "stage": "queue_list_for_pop", "timeout_sec": 30.0, "ts": "2026-10-04 14:57:01"}
[DBG] {"category": "QUEUE", "component": "queue", "elapsed_sec": 0.000616, "event": "END:queue_list_for_pop", "host": "d6b2a058c4be", "pid": 107344, "rank": null, "ts": "2026-10-04 14:57:01"}
[DBG] {"available": 0, "category": "QUEUE", "component": "queue", "event": "pop_scan", "exact": true, "host": "d6b2a058c4be", "pid": 107344, "queue": "preference", "rank": null, "requested": 4, "selected": 0, "selected_keys": [], "stale": 0, "stale_keys": [], "ts": "2026-10-04 14:57:01"}
[DBG] {"available": 0, "category": "QUEUE", "component": "queue", "event": "pop_not_enough", "host": "d6b2a058c4be", "pid": 107344, "queue": "preference", "rank": null, "requested": 4, "ts": "2026-10-04 14:57:01"}
[DBG] {"category": "QUEUE", "component": "queue", "current_version": 0, "event": "BEGIN:queue_list_for_pop", "exact": true, "host": "d6b2a058c4be", "max_lag": 3, "pid": 107344, "queue": "preference", "rank": null, "requested": 4, "ts": "2026-10-04 14:57:02"}
[DBG] {"category": "QUEUE", "component": "queue", "event": "watchdog_armed", "host": "d6b2a058c4be", "pid": 107344, "rank": null, "stage": "queue_list_for_pop", "timeout_sec": 30.0, "ts": "2026-10-04 14:57:02"}
[DBG] {"category": "QUEUE", "component": "queue", "elapsed_sec": 0.000762, "event": "END:queue_list_for_pop", "host": "d6b2a058c4be", "pid": 107344, "rank": null, "ts": "2026-10-04 14:57:02"}
[DBG] {"available": 0, "category": "QUEUE", "component": "queue", "event": "pop_scan", "exact": true, "host": "d6b2a058c4be", "pid": 107344, "queue": "preference", "rank": null, "requested": 4, "selected": 0, "selected_keys": [], "stale": 0, "stale_keys": [], "ts": "2026-10-04 14:57:02"}
[DBG] {"available": 0, "category": "QUEUE", "component": "queue", "event": "pop_not_enough", "host": "d6b2a058c4be", "pid": 107344, "queue": "preference", "rank": null, "requested": 4, "ts": "2026-10-04 14:57:02"}
[DBG] {"category": "QUEUE", "component": "queue", "current_version": 0, "event": "BEGIN:queue_list_for_pop", "exact": true, "host": "d6b2a058c4be", "max_lag": 3, "pid": 107344, "queue": "preference", "rank": null, "requested": 4, "ts": "2026-10-04 14:57:02"}
[DBG] {"category": "QUEUE", "component": "queue", "event": "watchdog_armed", "host": "d6b2a058c4be", "pid": 107344, "rank": null, "stage": "queue_list_for_pop", "timeout_sec": 30.0, "ts": "2026-10-04 14:57:02"}
[DBG] {"category": "QUEUE", "component": "queue", "elapsed_sec": 0.000762, "event": "END:queue_list_for_pop", "host": "d6b2a058c4be", "pid": 107344, "rank": null, "ts": "2026-10-04 14:57:02"}
[DBG] {"available": 0, "category": "QUEUE", "component": "queue", "event": "pop_scan", "exact": true, "host": "d6b2a058c4be", "pid": 107344, "queue": "preference", "rank": null, "requested": 4, "selected": 0, "selected_keys": [], "stale": 0, "stale_keys": [], "ts": "2026-10-04 14:57:02"}
[DBG] {"available": 0, "category": "QUEUE", "component": "queue", "event": "pop_not_enough", "host": "d6b2a058c4be", "pid": 107344, "queue": "preference", "rank": null, "requested": 4, "ts": "2026-10-04 14:57:02"}
[DBG] {"category": "QUEUE", "component": "queue", "current_version": 0, "event": "BEGIN:queue_list_for_pop", "exact": true, "host": "d6b2a058c4be", "max_lag": 3, "pid": 107344, "queue": "preference", "rank": null, "requested": 4, "ts": "2026-10-04 14:57:03"}
[DBG] {"category": "QUEUE", "component": "queue", "event": "watchdog_armed", "host": "d6b2a058c4be", "pid": 107344, "rank": null, "stage": "queue_list_for_pop", "timeout_sec": 30.0, "ts": "2026-10-04 14:57:03"}
[DBG] {"category": "QUEUE", "component": "queue", "elapsed_sec": 0.000591, "event": "END:queue_list_for_pop", "host": "d6b2a058c4be", "pid": 107344, "rank": null, "ts": "2026-10-04 14:57:03"}
[DBG] {"available": 0, "category": "QUEUE", "component": "queue", "event": "pop_scan", "exact": true, "host": "d6b2a058c4be", "pid": 107344, "queue": "preference", "rank": null, "requested": 4, "selected": 0, "selected_keys": [], "stale": 0, "stale_keys": [], "ts": "2026-10-04 14:57:03"}
[DBG] {"available": 0, "category": "QUEUE", "component": "queue", "event": "pop_not_enough", "host": "d6b2a058c4be", "pid": 107344, "queue": "preference", "rank": null, "requested": 4, "ts": "2026-10-04 14:57:03"}
[DBG] {"category": "QUEUE", "component": "queue", "current_version": 0, "event": "BEGIN:queue_list_for_pop", "exact": true, "host": "d6b2a058c4be", "max_lag": 3, "pid": 107344, "queue": "preference", "rank": null, "requested": 4, "ts": "2026-10-04 14:57:03"}
[DBG] {"category": "QUEUE", "component": "queue", "event": "watchdog_armed", "host": "d6b2a058c4be", "pid": 107344, "rank": null, "stage": "queue_list_for_pop", "timeout_sec": 30.0, "ts": "2026-10-04 14:57:03"}
[DBG] {"category": "QUEUE", "component": "queue", "elapsed_sec": 0.000629, "event": "END:queue_list_for_pop", "host": "d6b2a058c4be", "pid": 107344, "rank": null, "ts": "2026-10-04 14:57:03"}
[DBG] {"available": 0, "category": "QUEUE", "component": "queue", "event": "pop_scan", "exact": true, "host": "d6b2a058c4be", "pid": 107344, "queue": "preference", "rank": null, "requested": 4, "selected": 0, "selected_keys": [], "stale": 0, "stale_keys": [], "ts": "2026-10-04 14:57:03"}
[DBG] {"available": 0, "category": "QUEUE", "component": "queue", "event": "pop_not_enough", "host": "d6b2a058c4be", "pid": 107344, "queue": "preference", "rank": null, "requested": 4, "ts": "2026-10-04 14:57:03"}
[DBG] {"category": "QUEUE", "component": "queue", "current_version": 0, "event": "BEGIN:queue_list_for_pop", "exact": true, "host": "d6b2a058c4be", "max_lag": 3, "pid": 107344, "queue": "preference", "rank": null, "requested": 4, "ts": "2026-10-04 14:57:04"}
[DBG] {"category": "QUEUE", "component": "queue", "event": "watchdog_armed", "host": "d6b2a058c4be", "pid": 107344, "rank": null, "stage": "queue_list_for_pop", "timeout_sec": 30.0, "ts": "2026-10-04 14:57:04"}
[DBG] {"category": "QUEUE", "component": "queue", "elapsed_sec": 0.000572, "event": "END:queue_list_for_pop", "host": "d6b2a058c4be", "pid": 107344, "rank": null, "ts": "2026-10-04 14:57:04"}
[DBG] {"available": 0, "category": "QUEUE", "component": "queue", "event": "pop_scan", "exact": true, "host": "d6b2a058c4be", "pid": 107344, "queue": "preference", "rank": null, "requested": 4, "selected": 0, "selected_keys": [], "stale": 0, "stale_keys": [], "ts": "2026-10-04 14:57:04"}
[DBG] {"available": 0, "category": "QUEUE", "component": "queue", "event": "pop_not_enough", "host": "d6b2a058c4be", "pid": 107344, "queue": "preference", "rank": null, "requested": 4, "ts": "2026-10-04 14:57:04"}
[DBG] {"category": "QUEUE", "component": "queue", "current_version": 0, "event": "BEGIN:queue_list_for_pop", "exact": true, "host": "d6b2a058c4be", "max_lag": 3, "pid": 107344, "queue": "preference", "rank": null, "requested": 4, "ts": "2026-10-04 14:57:04"}
[DBG] {"category": "QUEUE", "component": "queue", "event": "watchdog_armed", "host": "d6b2a058c4be", "pid": 107344, "rank": null, "stage": "queue_list_for_pop", "timeout_sec": 30.0, "ts": "2026-10-04 14:57:04"}
[DBG] {"category": "QUEUE", "component": "queue", "elapsed_sec": 0.005252, "event": "END:queue_list_for_pop", "host": "d6b2a058c4be", "pid": 107344, "rank": null, "ts": "2026-10-04 14:57:04"}
[DBG] {"available": 0, "category": "QUEUE", "component": "queue", "event": "pop_scan", "exact": true, "host": "d6b2a058c4be", "pid": 107344, "queue": "preference", "rank": null, "requested": 4, "selected": 0, "selected_keys": [], "stale": 0, "stale_keys": [], "ts": "2026-10-04 14:57:04"}
[DBG] {"available": 0, "category": "QUEUE", "component": "queue", "event": "pop_not_enough", "host": "d6b2a058c4be", "pid": 107344, "queue": "preference", "rank": null, "requested": 4, "ts": "2026-10-04 14:57:04"}
[DBG] {"category": "QUEUE", "component": "queue", "current_version": 0, "event": "BEGIN:queue_list_for_pop", "exact": true, "host": "d6b2a058c4be", "max_lag": 3, "pid": 107344, "queue": "preference", "rank": null, "requested": 4, "ts": "2026-10-04 14:57:05"}
[DBG] {"category": "QUEUE", "component": "queue", "event": "watchdog_armed", "host": "d6b2a058c4be", "pid": 107344, "rank": null, "stage": "queue_list_for_pop", "timeout_sec": 30.0, "ts": "2026-10-04 14:57:05"}
[DBG] {"category": "QUEUE", "component": "queue", "elapsed_sec": 0.000591, "event": "END:queue_list_for_pop", "host": "d6b2a058c4be", "pid": 107344, "rank": null, "ts": "2026-10-04 14:57:05"}
[DBG] {"available": 0, "category": "QUEUE", "component": "queue", "event": "pop_scan", "exact": true, "host": "d6b2a058c4be", "pid": 107344, "queue": "preference", "rank": null, "requested": 4, "selected": 0, "selected_keys": [], "stale": 0, "stale_keys": [], "ts": "2026-10-04 14:57:05"}
[DBG] {"available": 0, "category": "QUEUE", "component": "queue", "event": "pop_not_enough", "host": "d6b2a058c4be", "pid": 107344, "queue": "preference", "rank": null, "requested": 4, "ts": "2026-10-04 14:57:05"}
[DBG] {"category": "QUEUE", "component": "queue", "current_version": 0, "event": "BEGIN:queue_list_for_pop", "exact": true, "host": "d6b2a058c4be", "max_lag": 3, "pid": 107344, "queue": "preference", "rank": null, "requested": 4, "ts": "2026-10-04 14:57:05"}
[DBG] {"category": "QUEUE", "component": "queue", "event": "watchdog_armed", "host": "d6b2a058c4be", "pid": 107344, "rank": null, "stage": "queue_list_for_pop", "timeout_sec": 30.0, "ts": "2026-10-04 14:57:05"}
[DBG] {"category": "QUEUE", "component": "queue", "elapsed_sec": 0.000607, "event": "END:queue_list_for_pop", "host": "d6b2a058c4be", "pid": 107344, "rank": null, "ts": "2026-10-04 14:57:05"}
[DBG] {"available": 0, "category": "QUEUE", "component": "queue", "event": "pop_scan", "exact": true, "host": "d6b2a058c4be", "pid": 107344, "queue": "preference", "rank": null, "requested": 4, "selected": 0, "selected_keys": [], "stale": 0, "stale_keys": [], "ts": "2026-10-04 14:57:05"}
[DBG] {"available": 0, "category": "QUEUE", "component": "queue", "event": "pop_not_enough", "host": "d6b2a058c4be", "pid": 107344, "queue": "preference", "rank": null, "requested": 4, "ts": "2026-10-04 14:57:05"}
[DBG] {"category": "QUEUE", "component": "queue", "current_version": 0, "event": "BEGIN:queue_list_for_pop", "exact": true, "host": "d6b2a058c4be", "max_lag": 3, "pid": 107344, "queue": "preference", "rank": null, "requested": 4, "ts": "2026-10-04 14:57:06"}
[DBG] {"category": "QUEUE", "component": "queue", "event": "watchdog_armed", "host": "d6b2a058c4be", "pid": 107344, "rank": null, "stage": "queue_list_for_pop", "timeout_sec": 30.0, "ts": "2026-10-04 14:57:06"}
[DBG] {"category": "QUEUE", "component": "queue", "elapsed_sec": 0.001016, "event": "END:queue_list_for_pop", "host": "d6b2a058c4be", "pid": 107344, "rank": null, "ts": "2026-10-04 14:57:06"}
[DBG] {"available": 0, "category": "QUEUE", "component": "queue", "event": "pop_scan", "exact": true, "host": "d6b2a058c4be", "pid": 107344, "queue": "preference", "rank": null, "requested": 4, "selected": 0, "selected_keys": [], "stale": 0, "stale_keys": [], "ts": "2026-10-04 14:57:06"}
[DBG] {"available": 0, "category": "QUEUE", "component": "queue", "event": "pop_not_enough", "host": "d6b2a058c4be", "pid": 107344, "queue": "preference", "rank": null, "requested": 4, "ts": "2026-10-04 14:57:06"}
[DBG] {"category": "QUEUE", "component": "queue", "current_version": 0, "event": "BEGIN:queue_list_for_pop", "exact": true, "host": "d6b2a058c4be", "max_lag": 3, "pid": 107344, "queue": "preference", "rank": null, "requested": 4, "ts": "2026-10-04 14:57:06"}
[DBG] {"category": "QUEUE", "component": "queue", "event": "watchdog_armed", "host": "d6b2a058c4be", "pid": 107344, "rank": null, "stage": "queue_list_for_pop", "timeout_sec": 30.0, "ts": "2026-10-04 14:57:06"}
[DBG] {"category": "QUEUE", "component": "queue", "elapsed_sec": 0.000695, "event": "END:queue_list_for_pop", "host": "d6b2a058c4be", "pid": 107344, "rank": null, "ts": "2026-10-04 14:57:06"}
[DBG] {"available": 0, "category": "QUEUE", "component": "queue", "event": "pop_scan", "exact": true, "host": "d6b2a058c4be", "pid": 107344, "queue": "preference", "rank": null, "requested": 4, "selected": 0, "selected_keys": [], "stale": 0, "stale_keys": [], "ts": "2026-10-04 14:57:06"}
[DBG] {"available": 0, "category": "QUEUE", "component": "queue", "event": "pop_not_enough", "host": "d6b2a058c4be", "pid": 107344, "queue": "preference", "rank": null, "requested": 4, "ts": "2026-10-04 14:57:06"}
[DBG] {"category": "QUEUE", "component": "queue", "current_version": 0, "event": "BEGIN:queue_list_for_pop", "exact": true, "host": "d6b2a058c4be", "max_lag": 3, "pid": 107344, "queue": "preference", "rank": null, "requested": 4, "ts": "2026-10-04 14:57:07"}
[DBG] {"category": "QUEUE", "component": "queue", "event": "watchdog_armed", "host": "d6b2a058c4be", "pid": 107344, "rank": null, "stage": "queue_list_for_pop", "timeout_sec": 30.0, "ts": "2026-10-04 14:57:07"}
[DBG] {"category": "QUEUE", "component": "queue", "elapsed_sec": 0.00066, "event": "END:queue_list_for_pop", "host": "d6b2a058c4be", "pid": 107344, "rank": null, "ts": "2026-10-04 14:57:07"}
[DBG] {"available": 0, "category": "QUEUE", "component": "queue", "event": "pop_scan", "exact": true, "host": "d6b2a058c4be", "pid": 107344, "queue": "preference", "rank": null, "requested": 4, "selected": 0, "selected_keys": [], "stale": 0, "stale_keys": [], "ts": "2026-10-04 14:57:07"}
[DBG] {"available": 0, "category": "QUEUE", "component": "queue", "event": "pop_not_enough", "host": "d6b2a058c4be", "pid": 107344, "queue": "preference", "rank": null, "requested": 4, "ts": "2026-10-04 14:57:07"}
[DBG] {"category": "QUEUE", "component": "queue", "current_version": 0, "event": "BEGIN:queue_list_for_pop", "exact": true, "host": "d6b2a058c4be", "max_lag": 3, "pid": 107344, "queue": "preference", "rank": null, "requested": 4, "ts": "2026-10-04 14:57:07"}
[DBG] {"category": "QUEUE", "component": "queue", "event": "watchdog_armed", "host": "d6b2a058c4be", "pid": 107344, "rank": null, "stage": "queue_list_for_pop", "timeout_sec": 30.0, "ts": "2026-10-04 14:57:07"}
[DBG] {"category": "QUEUE", "component": "queue", "elapsed_sec": 0.00075, "event": "END:queue_list_for_pop", "host": "d6b2a058c4be", "pid": 107344, "rank": null, "ts": "2026-10-04 14:57:07"}
[DBG] {"available": 0, "category": "QUEUE", "component": "queue", "event": "pop_scan", "exact": true, "host": "d6b2a058c4be", "pid": 107344, "queue": "preference", "rank": null, "requested": 4, "selected": 0, "selected_keys": [], "stale": 0, "stale_keys": [], "ts": "2026-10-04 14:57:07"}
[DBG] {"available": 0, "category": "QUEUE", "component": "queue", "event": "pop_not_enough", "host": "d6b2a058c4be", "pid": 107344, "queue": "preference", "rank": null, "requested": 4, "ts": "2026-10-04 14:57:07"}
[DBG] {"category": "QUEUE", "component": "queue", "current_version": 0, "event": "BEGIN:queue_list_for_pop", "exact": true, "host": "d6b2a058c4be", "max_lag": 3, "pid": 107344, "queue": "preference", "rank": null, "requested": 4, "ts": "2026-10-04 14:57:08"}
[DBG] {"category": "QUEUE", "component": "queue", "event": "watchdog_armed", "host": "d6b2a058c4be", "pid": 107344, "rank": null, "stage": "queue_list_for_pop", "timeout_sec": 30.0, "ts": "2026-10-04 14:57:08"}
[DBG] {"category": "QUEUE", "component": "queue", "elapsed_sec": 0.001356, "event": "END:queue_list_for_pop", "host": "d6b2a058c4be", "pid": 107344, "rank": null, "ts": "2026-10-04 14:57:08"}
[DBG] {"available": 0, "category": "QUEUE", "component": "queue", "event": "pop_scan", "exact": true, "host": "d6b2a058c4be", "pid": 107344, "queue": "preference", "rank": null, "requested": 4, "selected": 0, "selected_keys": [], "stale": 0, "stale_keys": [], "ts": "2026-10-04 14:57:08"}
[DBG] {"available": 0, "category": "QUEUE", "component": "queue", "event": "pop_not_enough", "host": "d6b2a058c4be", "pid": 107344, "queue": "preference", "rank": null, "requested": 4, "ts": "2026-10-04 14:57:08"}
[DBG] {"category": "QUEUE", "component": "queue", "current_version": 0, "event": "BEGIN:queue_list_for_pop", "exact": true, "host": "d6b2a058c4be", "max_lag": 3, "pid": 107344, "queue": "preference", "rank": null, "requested": 4, "ts": "2026-10-04 14:57:08"}
[DBG] {"category": "QUEUE", "component": "queue", "event": "watchdog_armed", "host": "d6b2a058c4be", "pid": 107344, "rank": null, "stage": "queue_list_for_pop", "timeout_sec": 30.0, "ts": "2026-10-04 14:57:08"}
[DBG] {"category": "QUEUE", "component": "queue", "elapsed_sec": 0.001914, "event": "END:queue_list_for_pop", "host": "d6b2a058c4be", "pid": 107344, "rank": null, "ts": "2026-10-04 14:57:08"}
[DBG] {"available": 0, "category": "QUEUE", "component": "queue", "event": "pop_scan", "exact": true, "host": "d6b2a058c4be", "pid": 107344, "queue": "preference", "rank": null, "requested": 4, "selected": 0, "selected_keys": [], "stale": 0, "stale_keys": [], "ts": "2026-10-04 14:57:08"}
[DBG] {"available": 0, "category": "QUEUE", "component": "queue", "event": "pop_not_enough", "host": "d6b2a058c4be", "pid": 107344, "queue": "preference", "rank": null, "requested": 4, "ts": "2026-10-04 14:57:08"}
[DBG] {"category": "QUEUE", "component": "queue", "current_version": 0, "event": "BEGIN:queue_list_for_pop", "exact": true, "host": "d6b2a058c4be", "max_lag": 3, "pid": 107344, "queue": "preference", "rank": null, "requested": 4, "ts": "2026-10-04 14:57:09"}
[DBG] {"category": "QUEUE", "component": "queue", "event": "watchdog_armed", "host": "d6b2a058c4be", "pid": 107344, "rank": null, "stage": "queue_list_for_pop", "timeout_sec": 30.0, "ts": "2026-10-04 14:57:09"}
[DBG] {"category": "QUEUE", "component": "queue", "elapsed_sec": 0.002312, "event": "END:queue_list_for_pop", "host": "d6b2a058c4be", "pid": 107344, "rank": null, "ts": "2026-10-04 14:57:09"}
[DBG] {"available": 0, "category": "QUEUE", "component": "queue", "event": "pop_scan", "exact": true, "host": "d6b2a058c4be", "pid": 107344, "queue": "preference", "rank": null, "requested": 4, "selected": 0, "selected_keys": [], "stale": 0, "stale_keys": [], "ts": "2026-10-04 14:57:09"}
[DBG] {"available": 0, "category": "QUEUE", "component": "queue", "event": "pop_not_enough", "host": "d6b2a058c4be", "pid": 107344, "queue": "preference", "rank": null, "requested": 4, "ts": "2026-10-04 14:57:09"}
[DBG] {"category": "QUEUE", "component": "queue", "current_version": 0, "event": "BEGIN:queue_list_for_pop", "exact": true, "host": "d6b2a058c4be", "max_lag": 3, "pid": 107344, "queue": "preference", "rank": null, "requested": 4, "ts": "2026-10-04 14:57:09"}
[DBG] {"category": "QUEUE", "component": "queue", "event": "watchdog_armed", "host": "d6b2a058c4be", "pid": 107344, "rank": null, "stage": "queue_list_for_pop", "timeout_sec": 30.0, "ts": "2026-10-04 14:57:09"}
[DBG] {"category": "QUEUE", "component": "queue", "elapsed_sec": 0.002071, "event": "END:queue_list_for_pop", "host": "d6b2a058c4be", "pid": 107344, "rank": null, "ts": "2026-10-04 14:57:09"}
[DBG] {"available": 0, "category": "QUEUE", "component": "queue", "event": "pop_scan", "exact": true, "host": "d6b2a058c4be", "pid": 107344, "queue": "preference", "rank": null, "requested": 4, "selected": 0, "selected_keys": [], "stale": 0, "stale_keys": [], "ts": "2026-10-04 14:57:09"}
[DBG] {"available": 0, "category": "QUEUE", "component": "queue", "event": "pop_not_enough", "host": "d6b2a058c4be", "pid": 107344, "queue": "preference", "rank": null, "requested": 4, "ts": "2026-10-04 14:57:09"}
[DBG] {"category": "QUEUE", "component": "queue", "current_version": 0, "event": "BEGIN:queue_list_for_pop", "exact": true, "host": "d6b2a058c4be", "max_lag": 3, "pid": 107344, "queue": "preference", "rank": null, "requested": 4, "ts": "2026-10-04 14:57:10"}
[DBG] {"category": "QUEUE", "component": "queue", "event": "watchdog_armed", "host": "d6b2a058c4be", "pid": 107344, "rank": null, "stage": "queue_list_for_pop", "timeout_sec": 30.0, "ts": "2026-10-04 14:57:10"}
[DBG] {"category": "QUEUE", "component": "queue", "elapsed_sec": 0.001751, "event": "END:queue_list_for_pop", "host": "d6b2a058c4be", "pid": 107344, "rank": null, "ts": "2026-10-04 14:57:10"}
[DBG] {"available": 0, "category": "QUEUE", "component": "queue", "event": "pop_scan", "exact": true, "host": "d6b2a058c4be", "pid": 107344, "queue": "preference", "rank": null, "requested": 4, "selected": 0, "selected_keys": [], "stale": 0, "stale_keys": [], "ts": "2026-10-04 14:57:10"}
[DBG] {"available": 0, "category": "QUEUE", "component": "queue", "event": "pop_not_enough", "host": "d6b2a058c4be", "pid": 107344, "queue": "preference", "rank": null, "requested": 4, "ts": "2026-10-04 14:57:10"}
[DBG] {"category": "QUEUE", "component": "queue", "current_version": 0, "event": "BEGIN:queue_list_for_pop", "exact": true, "host": "d6b2a058c4be", "max_lag": 3, "pid": 107344, "queue": "preference", "rank": null, "requested": 4, "ts": "2026-10-04 14:57:10"}
[DBG] {"category": "QUEUE", "component": "queue", "event": "watchdog_armed", "host": "d6b2a058c4be", "pid": 107344, "rank": null, "stage": "queue_list_for_pop", "timeout_sec": 30.0, "ts": "2026-10-04 14:57:10"}
[DBG] {"category": "QUEUE", "component": "queue", "elapsed_sec": 0.002596, "event": "END:queue_list_for_pop", "host": "d6b2a058c4be", "pid": 107344, "rank": null, "ts": "2026-10-04 14:57:10"}
[DBG] {"available": 0, "category": "QUEUE", "component": "queue", "event": "pop_scan", "exact": true, "host": "d6b2a058c4be", "pid": 107344, "queue": "preference", "rank": null, "requested": 4, "selected": 0, "selected_keys": [], "stale": 0, "stale_keys": [], "ts": "2026-10-04 14:57:10"}
[DBG] {"available": 0, "category": "QUEUE", "component": "queue", "event": "pop_not_enough", "host": "d6b2a058c4be", "pid": 107344, "queue": "preference", "rank": null, "requested": 4, "ts": "2026-10-04 14:57:10"}
[DBG] {"category": "QUEUE", "component": "queue", "current_version": 0, "event": "BEGIN:queue_list_for_pop", "exact": true, "host": "d6b2a058c4be", "max_lag": 3, "pid": 107344, "queue": "preference", "rank": null, "requested": 4, "ts": "2026-10-04 14:57:11"}
[DBG] {"category": "QUEUE", "component": "queue", "event": "watchdog_armed", "host": "d6b2a058c4be", "pid": 107344, "rank": null, "stage": "queue_list_for_pop", "timeout_sec": 30.0, "ts": "2026-10-04 14:57:11"}
[DBG] {"category": "QUEUE", "component": "queue", "elapsed_sec": 0.00223, "event": "END:queue_list_for_pop", "host": "d6b2a058c4be", "pid": 107344, "rank": null, "ts": "2026-10-04 14:57:11"}
[DBG] {"available": 0, "category": "QUEUE", "component": "queue", "event": "pop_scan", "exact": true, "host": "d6b2a058c4be", "pid": 107344, "queue": "preference", "rank": null, "requested": 4, "selected": 0, "selected_keys": [], "stale": 0, "stale_keys": [], "ts": "2026-10-04 14:57:11"}
[DBG] {"available": 0, "category": "QUEUE", "component": "queue", "event": "pop_not_enough", "host": "d6b2a058c4be", "pid": 107344, "queue": "preference", "rank": null, "requested": 4, "ts": "2026-10-04 14:57:11"}
[DBG] {"category": "QUEUE", "component": "queue", "current_version": 0, "event": "BEGIN:queue_list_for_pop", "exact": true, "host": "d6b2a058c4be", "max_lag": 3, "pid": 107344, "queue": "preference", "rank": null, "requested": 4, "ts": "2026-10-04 14:57:11"}
[DBG] {"category": "QUEUE", "component": "queue", "event": "watchdog_armed", "host": "d6b2a058c4be", "pid": 107344, "rank": null, "stage": "queue_list_for_pop", "timeout_sec": 30.0, "ts": "2026-10-04 14:57:11"}
[DBG] {"category": "QUEUE", "component": "queue", "elapsed_sec": 0.001922, "event": "END:queue_list_for_pop", "host": "d6b2a058c4be", "pid": 107344, "rank": null, "ts": "2026-10-04 14:57:11"}
[DBG] {"available": 0, "category": "QUEUE", "component": "queue", "event": "pop_scan", "exact": true, "host": "d6b2a058c4be", "pid": 107344, "queue": "preference", "rank": null, "requested": 4, "selected": 0, "selected_keys": [], "stale": 0, "stale_keys": [], "ts": "2026-10-04 14:57:11"}
[DBG] {"available": 0, "category": "QUEUE", "component": "queue", "event": "pop_not_enough", "host": "d6b2a058c4be", "pid": 107344, "queue": "preference", "rank": null, "requested": 4, "ts": "2026-10-04 14:57:11"}
[DBG] {"category": "QUEUE", "component": "queue", "current_version": 0, "event": "BEGIN:queue_list_for_pop", "exact": true, "host": "d6b2a058c4be", "max_lag": 3, "pid": 107344, "queue": "preference", "rank": null, "requested": 4, "ts": "2026-10-04 14:57:12"}
[DBG] {"category": "QUEUE", "component": "queue", "event": "watchdog_armed", "host": "d6b2a058c4be", "pid": 107344, "rank": null, "stage": "queue_list_for_pop", "timeout_sec": 30.0, "ts": "2026-10-04 14:57:12"}
[DBG] {"category": "QUEUE", "component": "queue", "elapsed_sec": 0.0016, "event": "END:queue_list_for_pop", "host": "d6b2a058c4be", "pid": 107344, "rank": null, "ts": "2026-10-04 14:57:12"}
[DBG] {"available": 0, "category": "QUEUE", "component": "queue", "event": "pop_scan", "exact": true, "host": "d6b2a058c4be", "pid": 107344, "queue": "preference", "rank": null, "requested": 4, "selected": 0, "selected_keys": [], "stale": 0, "stale_keys": [], "ts": "2026-10-04 14:57:12"}
[DBG] {"available": 0, "category": "QUEUE", "component": "queue", "event": "pop_not_enough", "host": "d6b2a058c4be", "pid": 107344, "queue": "preference", "rank": null, "requested": 4, "ts": "2026-10-04 14:57:12"}
[DBG] {"category": "QUEUE", "component": "queue", "current_version": 0, "event": "BEGIN:queue_list_for_pop", "exact": true, "host": "d6b2a058c4be", "max_lag": 3, "pid": 107344, "queue": "preference", "rank": null, "requested": 4, "ts": "2026-10-04 14:57:12"}
[DBG] {"category": "QUEUE", "component": "queue", "event": "watchdog_armed", "host": "d6b2a058c4be", "pid": 107344, "rank": null, "stage": "queue_list_for_pop", "timeout_sec": 30.0, "ts": "2026-10-04 14:57:12"}
[DBG] {"category": "QUEUE", "component": "queue", "elapsed_sec": 0.001937, "event": "END:queue_list_for_pop", "host": "d6b2a058c4be", "pid": 107344, "rank": null, "ts": "2026-10-04 14:57:12"}
[DBG] {"available": 0, "category": "QUEUE", "component": "queue", "event": "pop_scan", "exact": true, "host": "d6b2a058c4be", "pid": 107344, "queue": "preference", "rank": null, "requested": 4, "selected": 0, "selected_keys": [], "stale": 0, "stale_keys": [], "ts": "2026-10-04 14:57:12"}
[DBG] {"available": 0, "category": "QUEUE", "component": "queue", "event": "pop_not_enough", "host": "d6b2a058c4be", "pid": 107344, "queue": "preference", "rank": null, "requested": 4, "ts": "2026-10-04 14:57:12"}
[DBG] {"category": "QUEUE", "component": "queue", "current_version": 0, "event": "BEGIN:queue_list_for_pop", "exact": true, "host": "d6b2a058c4be", "max_lag": 3, "pid": 107344, "queue": "preference", "rank": null, "requested": 4, "ts": "2026-10-04 14:57:13"}
[DBG] {"category": "QUEUE", "component": "queue", "event": "watchdog_armed", "host": "d6b2a058c4be", "pid": 107344, "rank": null, "stage": "queue_list_for_pop", "timeout_sec": 30.0, "ts": "2026-10-04 14:57:13"}
[DBG] {"category": "QUEUE", "component": "queue", "elapsed_sec": 0.001882, "event": "END:queue_list_for_pop", "host": "d6b2a058c4be", "pid": 107344, "rank": null, "ts": "2026-10-04 14:57:13"}
[DBG] {"available": 0, "category": "QUEUE", "component": "queue", "event": "pop_scan", "exact": true, "host": "d6b2a058c4be", "pid": 107344, "queue": "preference", "rank": null, "requested": 4, "selected": 0, "selected_keys": [], "stale": 0, "stale_keys": [], "ts": "2026-10-04 14:57:13"}
[DBG] {"available": 0, "category": "QUEUE", "component": "queue", "event": "pop_not_enough", "host": "d6b2a058c4be", "pid": 107344, "queue": "preference", "rank": null, "requested": 4, "ts": "2026-10-04 14:57:13"}
[DBG] {"category": "QUEUE", "component": "queue", "current_version": 0, "event": "BEGIN:queue_list_for_pop", "exact": true, "host": "d6b2a058c4be", "max_lag": 3, "pid": 107344, "queue": "preference", "rank": null, "requested": 4, "ts": "2026-10-04 14:57:14"}
[DBG] {"category": "QUEUE", "component": "queue", "event": "watchdog_armed", "host": "d6b2a058c4be", "pid": 107344, "rank": null, "stage": "queue_list_for_pop", "timeout_sec": 30.0, "ts": "2026-10-04 14:57:14"}
[DBG] {"category": "QUEUE", "component": "queue", "elapsed_sec": 0.001947, "event": "END:queue_list_for_pop", "host": "d6b2a058c4be", "pid": 107344, "rank": null, "ts": "2026-10-04 14:57:14"}
[DBG] {"available": 0, "category": "QUEUE", "component": "queue", "event": "pop_scan", "exact": true, "host": "d6b2a058c4be", "pid": 107344, "queue": "preference", "rank": null, "requested": 4, "selected": 0, "selected_keys": [], "stale": 0, "stale_keys": [], "ts": "2026-10-04 14:57:14"}
[DBG] {"available": 0, "category": "QUEUE", "component": "queue", "event": "pop_not_enough", "host": "d6b2a058c4be", "pid": 107344, "queue": "preference", "rank": null, "requested": 4, "ts": "2026-10-04 14:57:14"}
[DBG] {"category": "QUEUE", "component": "queue", "current_version": 0, "event": "BEGIN:queue_list_for_pop", "exact": true, "host": "d6b2a058c4be", "max_lag": 3, "pid": 107344, "queue": "preference", "rank": null, "requested": 4, "ts": "2026-10-04 14:57:14"}
[DBG] {"category": "QUEUE", "component": "queue", "event": "watchdog_armed", "host": "d6b2a058c4be", "pid": 107344, "rank": null, "stage": "queue_list_for_pop", "timeout_sec": 30.0, "ts": "2026-10-04 14:57:14"}
[DBG] {"category": "QUEUE", "component": "queue", "elapsed_sec": 0.001758, "event": "END:queue_list_for_pop", "host": "d6b2a058c4be", "pid": 107344, "rank": null, "ts": "2026-10-04 14:57:14"}
[DBG] {"available": 0, "category": "QUEUE", "component": "queue", "event": "pop_scan", "exact": true, "host": "d6b2a058c4be", "pid": 107344, "queue": "preference", "rank": null, "requested": 4, "selected": 0, "selected_keys": [], "stale": 0, "stale_keys": [], "ts": "2026-10-04 14:57:14"}
[DBG] {"available": 0, "category": "QUEUE", "component": "queue", "event": "pop_not_enough", "host": "d6b2a058c4be", "pid": 107344, "queue": "preference", "rank": null, "requested": 4, "ts": "2026-10-04 14:57:14"}
[DBG] {"category": "QUEUE", "component": "queue", "current_version": 0, "event": "BEGIN:queue_list_for_pop", "exact": true, "host": "d6b2a058c4be", "max_lag": 3, "pid": 107344, "queue": "preference", "rank": null, "requested": 4, "ts": "2026-10-04 14:57:15"}
[DBG] {"category": "QUEUE", "component": "queue", "event": "watchdog_armed", "host": "d6b2a058c4be", "pid": 107344, "rank": null, "stage": "queue_list_for_pop", "timeout_sec": 30.0, "ts": "2026-10-04 14:57:15"}
[DBG] {"category": "QUEUE", "component": "queue", "elapsed_sec": 0.002147, "event": "END:queue_list_for_pop", "host": "d6b2a058c4be", "pid": 107344, "rank": null, "ts": "2026-10-04 14:57:15"}
[DBG] {"available": 0, "category": "QUEUE", "component": "queue", "event": "pop_scan", "exact": true, "host": "d6b2a058c4be", "pid": 107344, "queue": "preference", "rank": null, "requested": 4, "selected": 0, "selected_keys": [], "stale": 0, "stale_keys": [], "ts": "2026-10-04 14:57:15"}
[DBG] {"available": 0, "category": "QUEUE", "component": "queue", "event": "pop_not_enough", "host": "d6b2a058c4be", "pid": 107344, "queue": "preference", "rank": null, "requested": 4, "ts": "2026-10-04 14:57:15"}
[DBG] {"category": "QUEUE", "component": "queue", "current_version": 0, "event": "BEGIN:queue_list_for_pop", "exact": true, "host": "d6b2a058c4be", "max_lag": 3, "pid": 107344, "queue": "preference", "rank": null, "requested": 4, "ts": "2026-10-04 14:57:15"}
[DBG] {"category": "QUEUE", "component": "queue", "event": "watchdog_armed", "host": "d6b2a058c4be", "pid": 107344, "rank": null, "stage": "queue_list_for_pop", "timeout_sec": 30.0, "ts": "2026-10-04 14:57:15"}
[DBG] {"category": "QUEUE", "component": "queue", "elapsed_sec": 0.001812, "event": "END:queue_list_for_pop", "host": "d6b2a058c4be", "pid": 107344, "rank": null, "ts": "2026-10-04 14:57:15"}
[DBG] {"available": 0, "category": "QUEUE", "component": "queue", "event": "pop_scan", "exact": true, "host": "d6b2a058c4be", "pid": 107344, "queue": "preference", "rank": null, "requested": 4, "selected": 0, "selected_keys": [], "stale": 0, "stale_keys": [], "ts": "2026-10-04 14:57:15"}
[DBG] {"available": 0, "category": "QUEUE", "component": "queue", "event": "pop_not_enough", "host": "d6b2a058c4be", "pid": 107344, "queue": "preference", "rank": null, "requested": 4, "ts": "2026-10-04 14:57:15"}
[DBG] {"category": "QUEUE", "component": "queue", "current_version": 0, "event": "BEGIN:queue_list_for_pop", "exact": true, "host": "d6b2a058c4be", "max_lag": 3, "pid": 107344, "queue": "preference", "rank": null, "requested": 4, "ts": "2026-10-04 14:57:16"}
[DBG] {"category": "QUEUE", "component": "queue", "event": "watchdog_armed", "host": "d6b2a058c4be", "pid": 107344, "rank": null, "stage": "queue_list_for_pop", "timeout_sec": 30.0, "ts": "2026-10-04 14:57:16"}
[DBG] {"category": "QUEUE", "component": "queue", "elapsed_sec": 0.004201, "event": "END:queue_list_for_pop", "host": "d6b2a058c4be", "pid": 107344, "rank": null, "ts": "2026-10-04 14:57:16"}
[DBG] {"available": 0, "category": "QUEUE", "component": "queue", "event": "pop_scan", "exact": true, "host": "d6b2a058c4be", "pid": 107344, "queue": "preference", "rank": null, "requested": 4, "selected": 0, "selected_keys": [], "stale": 0, "stale_keys": [], "ts": "2026-10-04 14:57:16"}
[DBG] {"available": 0, "category": "QUEUE", "component": "queue", "event": "pop_not_enough", "host": "d6b2a058c4be", "pid": 107344, "queue": "preference", "rank": null, "requested": 4, "ts": "2026-10-04 14:57:16"}
[DBG] {"category": "QUEUE", "component": "queue", "current_version": 0, "event": "BEGIN:queue_list_for_pop", "exact": true, "host": "d6b2a058c4be", "max_lag": 3, "pid": 107344, "queue": "preference", "rank": null, "requested": 4, "ts": "2026-10-04 14:57:16"}
[DBG] {"category": "QUEUE", "component": "queue", "event": "watchdog_armed", "host": "d6b2a058c4be", "pid": 107344, "rank": null, "stage": "queue_list_for_pop", "timeout_sec": 30.0, "ts": "2026-10-04 14:57:16"}
[DBG] {"category": "QUEUE", "component": "queue", "elapsed_sec": 0.001793, "event": "END:queue_list_for_pop", "host": "d6b2a058c4be", "pid": 107344, "rank": null, "ts": "2026-10-04 14:57:16"}
[DBG] {"available": 0, "category": "QUEUE", "component": "queue", "event": "pop_scan", "exact": true, "host": "d6b2a058c4be", "pid": 107344, "queue": "preference", "rank": null, "requested": 4, "selected": 0, "selected_keys": [], "stale": 0, "stale_keys": [], "ts": "2026-10-04 14:57:16"}
[DBG] {"available": 0, "category": "QUEUE", "component": "queue", "event": "pop_not_enough", "host": "d6b2a058c4be", "pid": 107344, "queue": "preference", "rank": null, "requested": 4, "ts": "2026-10-04 14:57:16"}
[DBG] {"category": "QUEUE", "component": "queue", "current_version": 0, "event": "BEGIN:queue_list_for_pop", "exact": true, "host": "d6b2a058c4be", "max_lag": 3, "pid": 107344, "queue": "preference", "rank": null, "requested": 4, "ts": "2026-10-04 14:57:17"}
[DBG] {"category": "QUEUE", "component": "queue", "event": "watchdog_armed", "host": "d6b2a058c4be", "pid": 107344, "rank": null, "stage": "queue_list_for_pop", "timeout_sec": 30.0, "ts": "2026-10-04 14:57:17"}
[DBG] {"category": "QUEUE", "component": "queue", "elapsed_sec": 0.001752, "event": "END:queue_list_for_pop", "host": "d6b2a058c4be", "pid": 107344, "rank": null, "ts": "2026-10-04 14:57:17"}
[DBG] {"available": 0, "category": "QUEUE", "component": "queue", "event": "pop_scan", "exact": true, "host": "d6b2a058c4be", "pid": 107344, "queue": "preference", "rank": null, "requested": 4, "selected": 0, "selected_keys": [], "stale": 0, "stale_keys": [], "ts": "2026-10-04 14:57:17"}
[DBG] {"available": 0, "category": "QUEUE", "component": "queue", "event": "pop_not_enough", "host": "d6b2a058c4be", "pid": 107344, "queue": "preference", "rank": null, "requested": 4, "ts": "2026-10-04 14:57:17"}
[DBG] {"category": "QUEUE", "component": "queue", "current_version": 0, "event": "BEGIN:queue_list_for_pop", "exact": true, "host": "d6b2a058c4be", "max_lag": 3, "pid": 107344, "queue": "preference", "rank": null, "requested": 4, "ts": "2026-10-04 14:57:17"}
[DBG] {"category": "QUEUE", "component": "queue", "event": "watchdog_armed", "host": "d6b2a058c4be", "pid": 107344, "rank": null, "stage": "queue_list_for_pop", "timeout_sec": 30.0, "ts": "2026-10-04 14:57:17"}
[DBG] {"category": "QUEUE", "component": "queue", "elapsed_sec": 0.001773, "event": "END:queue_list_for_pop", "host": "d6b2a058c4be", "pid": 107344, "rank": null, "ts": "2026-10-04 14:57:17"}
[DBG] {"available": 0, "category": "QUEUE", "component": "queue", "event": "pop_scan", "exact": true, "host": "d6b2a058c4be", "pid": 107344, "queue": "preference", "rank": null, "requested": 4, "selected": 0, "selected_keys": [], "stale": 0, "stale_keys": [], "ts": "2026-10-04 14:57:17"}
[DBG] {"available": 0, "category": "QUEUE", "component": "queue", "event": "pop_not_enough", "host": "d6b2a058c4be", "pid": 107344, "queue": "preference", "rank": null, "requested": 4, "ts": "2026-10-04 14:57:17"}
[DBG] {"category": "QUEUE", "component": "queue", "current_version": 0, "event": "BEGIN:queue_list_for_pop", "exact": true, "host": "d6b2a058c4be", "max_lag": 3, "pid": 107344, "queue": "preference", "rank": null, "requested": 4, "ts": "2026-10-04 14:57:18"}
[DBG] {"category": "QUEUE", "component": "queue", "event": "watchdog_armed", "host": "d6b2a058c4be", "pid": 107344, "rank": null, "stage": "queue_list_for_pop", "timeout_sec": 30.0, "ts": "2026-10-04 14:57:18"}
[DBG] {"category": "QUEUE", "component": "queue", "elapsed_sec": 0.001781, "event": "END:queue_list_for_pop", "host": "d6b2a058c4be", "pid": 107344, "rank": null, "ts": "2026-10-04 14:57:18"}
[DBG] {"available": 0, "category": "QUEUE", "component": "queue", "event": "pop_scan", "exact": true, "host": "d6b2a058c4be", "pid": 107344, "queue": "preference", "rank": null, "requested": 4, "selected": 0, "selected_keys": [], "stale": 0, "stale_keys": [], "ts": "2026-10-04 14:57:18"}
[DBG] {"available": 0, "category": "QUEUE", "component": "queue", "event": "pop_not_enough", "host": "d6b2a058c4be", "pid": 107344, "queue": "preference", "rank": null, "requested": 4, "ts": "2026-10-04 14:57:18"}
[DBG] {"category": "QUEUE", "component": "queue", "current_version": 0, "event": "BEGIN:queue_list_for_pop", "exact": true, "host": "d6b2a058c4be", "max_lag": 3, "pid": 107344, "queue": "preference", "rank": null, "requested": 4, "ts": "2026-10-04 14:57:18"}
[DBG] {"category": "QUEUE", "component": "queue", "event": "watchdog_armed", "host": "d6b2a058c4be", "pid": 107344, "rank": null, "stage": "queue_list_for_pop", "timeout_sec": 30.0, "ts": "2026-10-04 14:57:18"}
[DBG] {"category": "QUEUE", "component": "queue", "elapsed_sec": 0.001571, "event": "END:queue_list_for_pop", "host": "d6b2a058c4be", "pid": 107344, "rank": null, "ts": "2026-10-04 14:57:18"}
[DBG] {"available": 0, "category": "QUEUE", "component": "queue", "event": "pop_scan", "exact": true, "host": "d6b2a058c4be", "pid": 107344, "queue": "preference", "rank": null, "requested": 4, "selected": 0, "selected_keys": [], "stale": 0, "stale_keys": [], "ts": "2026-10-04 14:57:18"}
[DBG] {"available": 0, "category": "QUEUE", "component": "queue", "event": "pop_not_enough", "host": "d6b2a058c4be", "pid": 107344, "queue": "preference", "rank": null, "requested": 4, "ts": "2026-10-04 14:57:18"}
[DBG] {"category": "QUEUE", "component": "queue", "current_version": 0, "event": "BEGIN:queue_list_for_pop", "exact": true, "host": "d6b2a058c4be", "max_lag": 3, "pid": 107344, "queue": "preference", "rank": null, "requested": 4, "ts": "2026-10-04 14:57:19"}
[DBG] {"category": "QUEUE", "component": "queue", "event": "watchdog_armed", "host": "d6b2a058c4be", "pid": 107344, "rank": null, "stage": "queue_list_for_pop", "timeout_sec": 30.0, "ts": "2026-10-04 14:57:19"}
[DBG] {"category": "QUEUE", "component": "queue", "elapsed_sec": 0.001907, "event": "END:queue_list_for_pop", "host": "d6b2a058c4be", "pid": 107344, "rank": null, "ts": "2026-10-04 14:57:19"}
[DBG] {"available": 0, "category": "QUEUE", "component": "queue", "event": "pop_scan", "exact": true, "host": "d6b2a058c4be", "pid": 107344, "queue": "preference", "rank": null, "requested": 4, "selected": 0, "selected_keys": [], "stale": 0, "stale_keys": [], "ts": "2026-10-04 14:57:19"}
[DBG] {"available": 0, "category": "QUEUE", "component": "queue", "event": "pop_not_enough", "host": "d6b2a058c4be", "pid": 107344, "queue": "preference", "rank": null, "requested": 4, "ts": "2026-10-04 14:57:19"}
[DBG] {"category": "QUEUE", "component": "queue", "current_version": 0, "event": "BEGIN:queue_list_for_pop", "exact": true, "host": "d6b2a058c4be", "max_lag": 3, "pid": 107344, "queue": "preference", "rank": null, "requested": 4, "ts": "2026-10-04 14:57:19"}
[DBG] {"category": "QUEUE", "component": "queue", "event": "watchdog_armed", "host": "d6b2a058c4be", "pid": 107344, "rank": null, "stage": "queue_list_for_pop", "timeout_sec": 30.0, "ts": "2026-10-04 14:57:19"}
[DBG] {"category": "QUEUE", "component": "queue", "elapsed_sec": 0.001868, "event": "END:queue_list_for_pop", "host": "d6b2a058c4be", "pid": 107344, "rank": null, "ts": "2026-10-04 14:57:19"}
[DBG] {"available": 0, "category": "QUEUE", "component": "queue", "event": "pop_scan", "exact": true, "host": "d6b2a058c4be", "pid": 107344, "queue": "preference", "rank": null, "requested": 4, "selected": 0, "selected_keys": [], "stale": 0, "stale_keys": [], "ts": "2026-10-04 14:57:19"}
[DBG] {"available": 0, "category": "QUEUE", "component": "queue", "event": "pop_not_enough", "host": "d6b2a058c4be", "pid": 107344, "queue": "preference", "rank": null, "requested": 4, "ts": "2026-10-04 14:57:19"}
[DBG] {"category": "QUEUE", "component": "queue", "current_version": 0, "event": "BEGIN:queue_list_for_pop", "exact": true, "host": "d6b2a058c4be", "max_lag": 3, "pid": 107344, "queue": "preference", "rank": null, "requested": 4, "ts": "2026-10-04 14:57:20"}
[DBG] {"category": "QUEUE", "component": "queue", "event": "watchdog_armed", "host": "d6b2a058c4be", "pid": 107344, "rank": null, "stage": "queue_list_for_pop", "timeout_sec": 30.0, "ts": "2026-10-04 14:57:20"}
[DBG] {"category": "QUEUE", "component": "queue", "elapsed_sec": 0.001907, "event": "END:queue_list_for_pop", "host": "d6b2a058c4be", "pid": 107344, "rank": null, "ts": "2026-10-04 14:57:20"}
[DBG] {"available": 0, "category": "QUEUE", "component": "queue", "event": "pop_scan", "exact": true, "host": "d6b2a058c4be", "pid": 107344, "queue": "preference", "rank": null, "requested": 4, "selected": 0, "selected_keys": [], "stale": 0, "stale_keys": [], "ts": "2026-10-04 14:57:20"}
[DBG] {"available": 0, "category": "QUEUE", "component": "queue", "event": "pop_not_enough", "host": "d6b2a058c4be", "pid": 107344, "queue": "preference", "rank": null, "requested": 4, "ts": "2026-10-04 14:57:20"}
[DBG] {"category": "QUEUE", "component": "queue", "current_version": 0, "event": "BEGIN:queue_list_for_pop", "exact": true, "host": "d6b2a058c4be", "max_lag": 3, "pid": 107344, "queue": "preference", "rank": null, "requested": 4, "ts": "2026-10-04 14:57:20"}
[DBG] {"category": "QUEUE", "component": "queue", "event": "watchdog_armed", "host": "d6b2a058c4be", "pid": 107344, "rank": null, "stage": "queue_list_for_pop", "timeout_sec": 30.0, "ts": "2026-10-04 14:57:20"}
[DBG] {"category": "QUEUE", "component": "queue", "elapsed_sec": 0.001839, "event": "END:queue_list_for_pop", "host": "d6b2a058c4be", "pid": 107344, "rank": null, "ts": "2026-10-04 14:57:20"}
[DBG] {"available": 0, "category": "QUEUE", "component": "queue", "event": "pop_scan", "exact": true, "host": "d6b2a058c4be", "pid": 107344, "queue": "preference", "rank": null, "requested": 4, "selected": 0, "selected_keys": [], "stale": 0, "stale_keys": [], "ts": "2026-10-04 14:57:20"}
[DBG] {"available": 0, "category": "QUEUE", "component": "queue", "event": "pop_not_enough", "host": "d6b2a058c4be", "pid": 107344, "queue": "preference", "rank": null, "requested": 4, "ts": "2026-10-04 14:57:20"}
[DBG] {"category": "QUEUE", "component": "queue", "current_version": 0, "event": "BEGIN:queue_list_for_pop", "exact": true, "host": "d6b2a058c4be", "max_lag": 3, "pid": 107344, "queue": "preference", "rank": null, "requested": 4, "ts": "2026-10-04 14:57:21"}
[DBG] {"category": "QUEUE", "component": "queue", "event": "watchdog_armed", "host": "d6b2a058c4be", "pid": 107344, "rank": null, "stage": "queue_list_for_pop", "timeout_sec": 30.0, "ts": "2026-10-04 14:57:21"}
[DBG] {"category": "QUEUE", "component": "queue", "elapsed_sec": 0.00177, "event": "END:queue_list_for_pop", "host": "d6b2a058c4be", "pid": 107344, "rank": null, "ts": "2026-10-04 14:57:21"}
[DBG] {"available": 0, "category": "QUEUE", "component": "queue", "event": "pop_scan", "exact": true, "host": "d6b2a058c4be", "pid": 107344, "queue": "preference", "rank": null, "requested": 4, "selected": 0, "selected_keys": [], "stale": 0, "stale_keys": [], "ts": "2026-10-04 14:57:21"}
[DBG] {"available": 0, "category": "QUEUE", "component": "queue", "event": "pop_not_enough", "host": "d6b2a058c4be", "pid": 107344, "queue": "preference", "rank": null, "requested": 4, "ts": "2026-10-04 14:57:21"}
[DBG] {"category": "QUEUE", "component": "queue", "current_version": 0, "event": "BEGIN:queue_list_for_pop", "exact": true, "host": "d6b2a058c4be", "max_lag": 3, "pid": 107344, "queue": "preference", "rank": null, "requested": 4, "ts": "2026-10-04 14:57:21"}
[DBG] {"category": "QUEUE", "component": "queue", "event": "watchdog_armed", "host": "d6b2a058c4be", "pid": 107344, "rank": null, "stage": "queue_list_for_pop", "timeout_sec": 30.0, "ts": "2026-10-04 14:57:21"}
[DBG] {"category": "QUEUE", "component": "queue", "elapsed_sec": 0.003579, "event": "END:queue_list_for_pop", "host": "d6b2a058c4be", "pid": 107344, "rank": null, "ts": "2026-10-04 14:57:21"}
[DBG] {"available": 0, "category": "QUEUE", "component": "queue", "event": "pop_scan", "exact": true, "host": "d6b2a058c4be", "pid": 107344, "queue": "preference", "rank": null, "requested": 4, "selected": 0, "selected_keys": [], "stale": 0, "stale_keys": [], "ts": "2026-10-04 14:57:21"}
[DBG] {"available": 0, "category": "QUEUE", "component": "queue", "event": "pop_not_enough", "host": "d6b2a058c4be", "pid": 107344, "queue": "preference", "rank": null, "requested": 4, "ts": "2026-10-04 14:57:21"}
[DBG] {"category": "QUEUE", "component": "queue", "current_version": 0, "event": "BEGIN:queue_list_for_pop", "exact": true, "host": "d6b2a058c4be", "max_lag": 3, "pid": 107344, "queue": "preference", "rank": null, "requested": 4, "ts": "2026-10-04 14:57:22"}
[DBG] {"category": "QUEUE", "component": "queue", "event": "watchdog_armed", "host": "d6b2a058c4be", "pid": 107344, "rank": null, "stage": "queue_list_for_pop", "timeout_sec": 30.0, "ts": "2026-10-04 14:57:22"}
[DBG] {"category": "QUEUE", "component": "queue", "elapsed_sec": 0.003646, "event": "END:queue_list_for_pop", "host": "d6b2a058c4be", "pid": 107344, "rank": null, "ts": "2026-10-04 14:57:22"}
[DBG] {"available": 0, "category": "QUEUE", "component": "queue", "event": "pop_scan", "exact": true, "host": "d6b2a058c4be", "pid": 107344, "queue": "preference", "rank": null, "requested": 4, "selected": 0, "selected_keys": [], "stale": 0, "stale_keys": [], "ts": "2026-10-04 14:57:22"}
[DBG] {"available": 0, "category": "QUEUE", "component": "queue", "event": "pop_not_enough", "host": "d6b2a058c4be", "pid": 107344, "queue": "preference", "rank": null, "requested": 4, "ts": "2026-10-04 14:57:22"}
[DBG] {"category": "QUEUE", "component": "queue", "current_version": 0, "event": "BEGIN:queue_list_for_pop", "exact": true, "host": "d6b2a058c4be", "max_lag": 3, "pid": 107344, "queue": "preference", "rank": null, "requested": 4, "ts": "2026-10-04 14:57:22"}
[DBG] {"category": "QUEUE", "component": "queue", "event": "watchdog_armed", "host": "d6b2a058c4be", "pid": 107344, "rank": null, "stage": "queue_list_for_pop", "timeout_sec": 30.0, "ts": "2026-10-04 14:57:22"}
[DBG] {"category": "QUEUE", "component": "queue", "elapsed_sec": 0.0034, "event": "END:queue_list_for_pop", "host": "d6b2a058c4be", "pid": 107344, "rank": null, "ts": "2026-10-04 14:57:22"}
[DBG] {"available": 0, "category": "QUEUE", "component": "queue", "event": "pop_scan", "exact": true, "host": "d6b2a058c4be", "pid": 107344, "queue": "preference", "rank": null, "requested": 4, "selected": 0, "selected_keys": [], "stale": 0, "stale_keys": [], "ts": "2026-10-04 14:57:22"}
[DBG] {"available": 0, "category": "QUEUE", "component": "queue", "event": "pop_not_enough", "host": "d6b2a058c4be", "pid": 107344, "queue": "preference", "rank": null, "requested": 4, "ts": "2026-10-04 14:57:22"}
[DBG] {"category": "QUEUE", "component": "queue", "current_version": 0, "event": "BEGIN:queue_list_for_pop", "exact": true, "host": "d6b2a058c4be", "max_lag": 3, "pid": 107344, "queue": "preference", "rank": null, "requested": 4, "ts": "2026-10-04 14:57:23"}
[DBG] {"category": "QUEUE", "component": "queue", "event": "watchdog_armed", "host": "d6b2a058c4be", "pid": 107344, "rank": null, "stage": "queue_list_for_pop", "timeout_sec": 30.0, "ts": "2026-10-04 14:57:23"}
[DBG] {"category": "QUEUE", "component": "queue", "elapsed_sec": 0.003464, "event": "END:queue_list_for_pop", "host": "d6b2a058c4be", "pid": 107344, "rank": null, "ts": "2026-10-04 14:57:23"}
[DBG] {"available": 0, "category": "QUEUE", "component": "queue", "event": "pop_scan", "exact": true, "host": "d6b2a058c4be", "pid": 107344, "queue": "preference", "rank": null, "requested": 4, "selected": 0, "selected_keys": [], "stale": 0, "stale_keys": [], "ts": "2026-10-04 14:57:23"}
[DBG] {"available": 0, "category": "QUEUE", "component": "queue", "event": "pop_not_enough", "host": "d6b2a058c4be", "pid": 107344, "queue": "preference", "rank": null, "requested": 4, "ts": "2026-10-04 14:57:23"}
[DBG] {"category": "QUEUE", "component": "queue", "current_version": 0, "event": "BEGIN:queue_list_for_pop", "exact": true, "host": "d6b2a058c4be", "max_lag": 3, "pid": 107344, "queue": "preference", "rank": null, "requested": 4, "ts": "2026-10-04 14:57:24"}
[DBG] {"category": "QUEUE", "component": "queue", "event": "watchdog_armed", "host": "d6b2a058c4be", "pid": 107344, "rank": null, "stage": "queue_list_for_pop", "timeout_sec": 30.0, "ts": "2026-10-04 14:57:24"}
[DBG] {"category": "QUEUE", "component": "queue", "elapsed_sec": 0.003546, "event": "END:queue_list_for_pop", "host": "d6b2a058c4be", "pid": 107344, "rank": null, "ts": "2026-10-04 14:57:24"}
[DBG] {"available": 0, "category": "QUEUE", "component": "queue", "event": "pop_scan", "exact": true, "host": "d6b2a058c4be", "pid": 107344, "queue": "preference", "rank": null, "requested": 4, "selected": 0, "selected_keys": [], "stale": 0, "stale_keys": [], "ts": "2026-10-04 14:57:24"}
[DBG] {"available": 0, "category": "QUEUE", "component": "queue", "event": "pop_not_enough", "host": "d6b2a058c4be", "pid": 107344, "queue": "preference", "rank": null, "requested": 4, "ts": "2026-10-04 14:57:24"}
[DBG] {"category": "QUEUE", "component": "queue", "current_version": 0, "event": "BEGIN:queue_list_for_pop", "exact": true, "host": "d6b2a058c4be", "max_lag": 3, "pid": 107344, "queue": "preference", "rank": null, "requested": 4, "ts": "2026-10-04 14:57:24"}
[DBG] {"category": "QUEUE", "component": "queue", "event": "watchdog_armed", "host": "d6b2a058c4be", "pid": 107344, "rank": null, "stage": "queue_list_for_pop", "timeout_sec": 30.0, "ts": "2026-10-04 14:57:24"}
[DBG] {"category": "QUEUE", "component": "queue", "elapsed_sec": 0.002616, "event": "END:queue_list_for_pop", "host": "d6b2a058c4be", "pid": 107344, "rank": null, "ts": "2026-10-04 14:57:24"}
[DBG] {"available": 0, "category": "QUEUE", "component": "queue", "event": "pop_scan", "exact": true, "host": "d6b2a058c4be", "pid": 107344, "queue": "preference", "rank": null, "requested": 4, "selected": 0, "selected_keys": [], "stale": 0, "stale_keys": [], "ts": "2026-10-04 14:57:24"}
[DBG] {"available": 0, "category": "QUEUE", "component": "queue", "event": "pop_not_enough", "host": "d6b2a058c4be", "pid": 107344, "queue": "preference", "rank": null, "requested": 4, "ts": "2026-10-04 14:57:24"}
[DBG] {"category": "QUEUE", "component": "queue", "current_version": 0, "event": "BEGIN:queue_list_for_pop", "exact": true, "host": "d6b2a058c4be", "max_lag": 3, "pid": 107344, "queue": "preference", "rank": null, "requested": 4, "ts": "2026-10-04 14:57:25"}
[DBG] {"category": "QUEUE", "component": "queue", "event": "watchdog_armed", "host": "d6b2a058c4be", "pid": 107344, "rank": null, "stage": "queue_list_for_pop", "timeout_sec": 30.0, "ts": "2026-10-04 14:57:25"}
[DBG] {"category": "QUEUE", "component": "queue", "elapsed_sec": 0.003971, "event": "END:queue_list_for_pop", "host": "d6b2a058c4be", "pid": 107344, "rank": null, "ts": "2026-10-04 14:57:25"}
[DBG] {"available": 0, "category": "QUEUE", "component": "queue", "event": "pop_scan", "exact": true, "host": "d6b2a058c4be", "pid": 107344, "queue": "preference", "rank": null, "requested": 4, "selected": 0, "selected_keys": [], "stale": 0, "stale_keys": [], "ts": "2026-10-04 14:57:25"}
[DBG] {"available": 0, "category": "QUEUE", "component": "queue", "event": "pop_not_enough", "host": "d6b2a058c4be", "pid": 107344, "queue": "preference", "rank": null, "requested": 4, "ts": "2026-10-04 14:57:25"}
[DBG] {"category": "QUEUE", "component": "queue", "current_version": 0, "event": "BEGIN:queue_list_for_pop", "exact": true, "host": "d6b2a058c4be", "max_lag": 3, "pid": 107344, "queue": "preference", "rank": null, "requested": 4, "ts": "2026-10-04 14:57:25"}
[DBG] {"category": "QUEUE", "component": "queue", "event": "watchdog_armed", "host": "d6b2a058c4be", "pid": 107344, "rank": null, "stage": "queue_list_for_pop", "timeout_sec": 30.0, "ts": "2026-10-04 14:57:25"}
[DBG] {"category": "QUEUE", "component": "queue", "elapsed_sec": 0.003834, "event": "END:queue_list_for_pop", "host": "d6b2a058c4be", "pid": 107344, "rank": null, "ts": "2026-10-04 14:57:25"}
[DBG] {"available": 0, "category": "QUEUE", "component": "queue", "event": "pop_scan", "exact": true, "host": "d6b2a058c4be", "pid": 107344, "queue": "preference", "rank": null, "requested": 4, "selected": 0, "selected_keys": [], "stale": 0, "stale_keys": [], "ts": "2026-10-04 14:57:25"}
[DBG] {"available": 0, "category": "QUEUE", "component": "queue", "event": "pop_not_enough", "host": "d6b2a058c4be", "pid": 107344, "queue": "preference", "rank": null, "requested": 4, "ts": "2026-10-04 14:57:25"}
[DBG] {"category": "QUEUE", "component": "queue", "current_version": 0, "event": "BEGIN:queue_list_for_pop", "exact": true, "host": "d6b2a058c4be", "max_lag": 3, "pid": 107344, "queue": "preference", "rank": null, "requested": 4, "ts": "2026-10-04 14:57:26"}
[DBG] {"category": "QUEUE", "component": "queue", "event": "watchdog_armed", "host": "d6b2a058c4be", "pid": 107344, "rank": null, "stage": "queue_list_for_pop", "timeout_sec": 30.0, "ts": "2026-10-04 14:57:26"}
[DBG] {"category": "QUEUE", "component": "queue", "elapsed_sec": 0.002102, "event": "END:queue_list_for_pop", "host": "d6b2a058c4be", "pid": 107344, "rank": null, "ts": "2026-10-04 14:57:26"}
[DBG] {"available": 0, "category": "QUEUE", "component": "queue", "event": "pop_scan", "exact": true, "host": "d6b2a058c4be", "pid": 107344, "queue": "preference", "rank": null, "requested": 4, "selected": 0, "selected_keys": [], "stale": 0, "stale_keys": [], "ts": "2026-10-04 14:57:26"}
[DBG] {"available": 0, "category": "QUEUE", "component": "queue", "event": "pop_not_enough", "host": "d6b2a058c4be", "pid": 107344, "queue": "preference", "rank": null, "requested": 4, "ts": "2026-10-04 14:57:26"}
[DBG] {"category": "QUEUE", "component": "queue", "current_version": 0, "event": "BEGIN:queue_list_for_pop", "exact": true, "host": "d6b2a058c4be", "max_lag": 3, "pid": 107344, "queue": "preference", "rank": null, "requested": 4, "ts": "2026-10-04 14:57:26"}
[DBG] {"category": "QUEUE", "component": "queue", "event": "watchdog_armed", "host": "d6b2a058c4be", "pid": 107344, "rank": null, "stage": "queue_list_for_pop", "timeout_sec": 30.0, "ts": "2026-10-04 14:57:26"}
[DBG] {"category": "QUEUE", "component": "queue", "elapsed_sec": 0.003154, "event": "END:queue_list_for_pop", "host": "d6b2a058c4be", "pid": 107344, "rank": null, "ts": "2026-10-04 14:57:26"}
[DBG] {"available": 0, "category": "QUEUE", "component": "queue", "event": "pop_scan", "exact": true, "host": "d6b2a058c4be", "pid": 107344, "queue": "preference", "rank": null, "requested": 4, "selected": 0, "selected_keys": [], "stale": 0, "stale_keys": [], "ts": "2026-10-04 14:57:26"}
[DBG] {"available": 0, "category": "QUEUE", "component": "queue", "event": "pop_not_enough", "host": "d6b2a058c4be", "pid": 107344, "queue": "preference", "rank": null, "requested": 4, "ts": "2026-10-04 14:57:26"}
[DBG] {"category": "QUEUE", "component": "queue", "current_version": 0, "event": "BEGIN:queue_list_for_pop", "exact": true, "host": "d6b2a058c4be", "max_lag": 3, "pid": 107344, "queue": "preference", "rank": null, "requested": 4, "ts": "2026-10-04 14:57:27"}
[DBG] {"category": "QUEUE", "component": "queue", "event": "watchdog_armed", "host": "d6b2a058c4be", "pid": 107344, "rank": null, "stage": "queue_list_for_pop", "timeout_sec": 30.0, "ts": "2026-10-04 14:57:27"}
[DBG] {"category": "QUEUE", "component": "queue", "elapsed_sec": 0.003396, "event": "END:queue_list_for_pop", "host": "d6b2a058c4be", "pid": 107344, "rank": null, "ts": "2026-10-04 14:57:27"}
[DBG] {"available": 0, "category": "QUEUE", "component": "queue", "event": "pop_scan", "exact": true, "host": "d6b2a058c4be", "pid": 107344, "queue": "preference", "rank": null, "requested": 4, "selected": 0, "selected_keys": [], "stale": 0, "stale_keys": [], "ts": "2026-10-04 14:57:27"}
[DBG] {"available": 0, "category": "QUEUE", "component": "queue", "event": "pop_not_enough", "host": "d6b2a058c4be", "pid": 107344, "queue": "preference", "rank": null, "requested": 4, "ts": "2026-10-04 14:57:27"}
[DBG] {"category": "QUEUE", "component": "queue", "current_version": 0, "event": "BEGIN:queue_list_for_pop", "exact": true, "host": "d6b2a058c4be", "max_lag": 3, "pid": 107344, "queue": "preference", "rank": null, "requested": 4, "ts": "2026-10-04 14:57:27"}
[DBG] {"category": "QUEUE", "component": "queue", "event": "watchdog_armed", "host": "d6b2a058c4be", "pid": 107344, "rank": null, "stage": "queue_list_for_pop", "timeout_sec": 30.0, "ts": "2026-10-04 14:57:27"}
[DBG] {"category": "QUEUE", "component": "queue", "elapsed_sec": 0.003285, "event": "END:queue_list_for_pop", "host": "d6b2a058c4be", "pid": 107344, "rank": null, "ts": "2026-10-04 14:57:27"}
[DBG] {"available": 0, "category": "QUEUE", "component": "queue", "event": "pop_scan", "exact": true, "host": "d6b2a058c4be", "pid": 107344, "queue": "preference", "rank": null, "requested": 4, "selected": 0, "selected_keys": [], "stale": 0, "stale_keys": [], "ts": "2026-10-04 14:57:27"}
[DBG] {"available": 0, "category": "QUEUE", "component": "queue", "event": "pop_not_enough", "host": "d6b2a058c4be", "pid": 107344, "queue": "preference", "rank": null, "requested": 4, "ts": "2026-10-04 14:57:27"}
[DBG] {"category": "QUEUE", "component": "queue", "current_version": 0, "event": "BEGIN:queue_list_for_pop", "exact": true, "host": "d6b2a058c4be", "max_lag": 3, "pid": 107344, "queue": "preference", "rank": null, "requested": 4, "ts": "2026-10-04 14:57:28"}
[DBG] {"category": "QUEUE", "component": "queue", "event": "watchdog_armed", "host": "d6b2a058c4be", "pid": 107344, "rank": null, "stage": "queue_list_for_pop", "timeout_sec": 30.0, "ts": "2026-10-04 14:57:28"}
[DBG] {"category": "QUEUE", "component": "queue", "elapsed_sec": 0.002881, "event": "END:queue_list_for_pop", "host": "d6b2a058c4be", "pid": 107344, "rank": null, "ts": "2026-10-04 14:57:28"}
[DBG] {"available": 0, "category": "QUEUE", "component": "queue", "event": "pop_scan", "exact": true, "host": "d6b2a058c4be", "pid": 107344, "queue": "preference", "rank": null, "requested": 4, "selected": 0, "selected_keys": [], "stale": 0, "stale_keys": [], "ts": "2026-10-04 14:57:28"}
[DBG] {"available": 0, "category": "QUEUE", "component": "queue", "event": "pop_not_enough", "host": "d6b2a058c4be", "pid": 107344, "queue": "preference", "rank": null, "requested": 4, "ts": "2026-10-04 14:57:28"}
[DBG] {"category": "QUEUE", "component": "queue", "current_version": 0, "event": "BEGIN:queue_list_for_pop", "exact": true, "host": "d6b2a058c4be", "max_lag": 3, "pid": 107344, "queue": "preference", "rank": null, "requested": 4, "ts": "2026-10-04 14:57:28"}
[DBG] {"category": "QUEUE", "component": "queue", "event": "watchdog_armed", "host": "d6b2a058c4be", "pid": 107344, "rank": null, "stage": "queue_list_for_pop", "timeout_sec": 30.0, "ts": "2026-10-04 14:57:28"}
[DBG] {"category": "QUEUE", "component": "queue", "elapsed_sec": 0.001806, "event": "END:queue_list_for_pop", "host": "d6b2a058c4be", "pid": 107344, "rank": null, "ts": "2026-10-04 14:57:28"}
[DBG] {"available": 0, "category": "QUEUE", "component": "queue", "event": "pop_scan", "exact": true, "host": "d6b2a058c4be", "pid": 107344, "queue": "preference", "rank": null, "requested": 4, "selected": 0, "selected_keys": [], "stale": 0, "stale_keys": [], "ts": "2026-10-04 14:57:28"}
[DBG] {"available": 0, "category": "QUEUE", "component": "queue", "event": "pop_not_enough", "host": "d6b2a058c4be", "pid": 107344, "queue": "preference", "rank": null, "requested": 4, "ts": "2026-10-04 14:57:28"}
[DBG] {"category": "QUEUE", "component": "queue", "current_version": 0, "event": "BEGIN:queue_list_for_pop", "exact": true, "host": "d6b2a058c4be", "max_lag": 3, "pid": 107344, "queue": "preference", "rank": null, "requested": 4, "ts": "2026-10-04 14:57:29"}
[DBG] {"category": "QUEUE", "component": "queue", "event": "watchdog_armed", "host": "d6b2a058c4be", "pid": 107344, "rank": null, "stage": "queue_list_for_pop", "timeout_sec": 30.0, "ts": "2026-10-04 14:57:29"}
[DBG] {"category": "QUEUE", "component": "queue", "elapsed_sec": 0.002397, "event": "END:queue_list_for_pop", "host": "d6b2a058c4be", "pid": 107344, "rank": null, "ts": "2026-10-04 14:57:29"}
[DBG] {"available": 0, "category": "QUEUE", "component": "queue", "event": "pop_scan", "exact": true, "host": "d6b2a058c4be", "pid": 107344, "queue": "preference", "rank": null, "requested": 4, "selected": 0, "selected_keys": [], "stale": 0, "stale_keys": [], "ts": "2026-10-04 14:57:29"}
[DBG] {"available": 0, "category": "QUEUE", "component": "queue", "event": "pop_not_enough", "host": "d6b2a058c4be", "pid": 107344, "queue": "preference", "rank": null, "requested": 4, "ts": "2026-10-04 14:57:29"}
[DBG] {"category": "QUEUE", "component": "queue", "current_version": 0, "event": "BEGIN:queue_list_for_pop", "exact": true, "host": "d6b2a058c4be", "max_lag": 3, "pid": 107344, "queue": "preference", "rank": null, "requested": 4, "ts": "2026-10-04 14:57:29"}
[DBG] {"category": "QUEUE", "component": "queue", "event": "watchdog_armed", "host": "d6b2a058c4be", "pid": 107344, "rank": null, "stage": "queue_list_for_pop", "timeout_sec": 30.0, "ts": "2026-10-04 14:57:29"}
[DBG] {"category": "QUEUE", "component": "queue", "elapsed_sec": 0.001864, "event": "END:queue_list_for_pop", "host": "d6b2a058c4be", "pid": 107344, "rank": null, "ts": "2026-10-04 14:57:29"}
[DBG] {"available": 0, "category": "QUEUE", "component": "queue", "event": "pop_scan", "exact": true, "host": "d6b2a058c4be", "pid": 107344, "queue": "preference", "rank": null, "requested": 4, "selected": 0, "selected_keys": [], "stale": 0, "stale_keys": [], "ts": "2026-10-04 14:57:29"}
[DBG] {"available": 0, "category": "QUEUE", "component": "queue", "event": "pop_not_enough", "host": "d6b2a058c4be", "pid": 107344, "queue": "preference", "rank": null, "requested": 4, "ts": "2026-10-04 14:57:29"}
[DBG] {"category": "QUEUE", "component": "queue", "current_version": 0, "event": "BEGIN:queue_list_for_pop", "exact": true, "host": "d6b2a058c4be", "max_lag": 3, "pid": 107344, "queue": "preference", "rank": null, "requested": 4, "ts": "2026-10-04 14:57:30"}
[DBG] {"category": "QUEUE", "component": "queue", "event": "watchdog_armed", "host": "d6b2a058c4be", "pid": 107344, "rank": null, "stage": "queue_list_for_pop", "timeout_sec": 30.0, "ts": "2026-10-04 14:57:30"}
[DBG] {"category": "QUEUE", "component": "queue", "elapsed_sec": 0.001747, "event": "END:queue_list_for_pop", "host": "d6b2a058c4be", "pid": 107344, "rank": null, "ts": "2026-10-04 14:57:30"}
[DBG] {"available": 0, "category": "QUEUE", "component": "queue", "event": "pop_scan", "exact": true, "host": "d6b2a058c4be", "pid": 107344, "queue": "preference", "rank": null, "requested": 4, "selected": 0, "selected_keys": [], "stale": 0, "stale_keys": [], "ts": "2026-10-04 14:57:30"}
[DBG] {"available": 0, "category": "QUEUE", "component": "queue", "event": "pop_not_enough", "host": "d6b2a058c4be", "pid": 107344, "queue": "preference", "rank": null, "requested": 4, "ts": "2026-10-04 14:57:30"}
[DBG] {"category": "QUEUE", "component": "queue", "current_version": 0, "event": "BEGIN:queue_list_for_pop", "exact": true, "host": "d6b2a058c4be", "max_lag": 3, "pid": 107344, "queue": "preference", "rank": null, "requested": 4, "ts": "2026-10-04 14:57:30"}
[DBG] {"category": "QUEUE", "component": "queue", "event": "watchdog_armed", "host": "d6b2a058c4be", "pid": 107344, "rank": null, "stage": "queue_list_for_pop", "timeout_sec": 30.0, "ts": "2026-10-04 14:57:30"}
[DBG] {"category": "QUEUE", "component": "queue", "elapsed_sec": 0.002067, "event": "END:queue_list_for_pop", "host": "d6b2a058c4be", "pid": 107344, "rank": null, "ts": "2026-10-04 14:57:30"}
[DBG] {"available": 0, "category": "QUEUE", "component": "queue", "event": "pop_scan", "exact": true, "host": "d6b2a058c4be", "pid": 107344, "queue": "preference", "rank": null, "requested": 4, "selected": 0, "selected_keys": [], "stale": 0, "stale_keys": [], "ts": "2026-10-04 14:57:30"}
[DBG] {"available": 0, "category": "QUEUE", "component": "queue", "event": "pop_not_enough", "host": "d6b2a058c4be", "pid": 107344, "queue": "preference", "rank": null, "requested": 4, "ts": "2026-10-04 14:57:30"}
[DBG] {"category": "QUEUE", "component": "queue", "current_version": 0, "event": "BEGIN:queue_list_for_pop", "exact": true, "host": "d6b2a058c4be", "max_lag": 3, "pid": 107344, "queue": "preference", "rank": null, "requested": 4, "ts": "2026-10-04 14:57:31"}
[DBG] {"category": "QUEUE", "component": "queue", "event": "watchdog_armed", "host": "d6b2a058c4be", "pid": 107344, "rank": null, "stage": "queue_list_for_pop", "timeout_sec": 30.0, "ts": "2026-10-04 14:57:31"}
[DBG] {"category": "QUEUE", "component": "queue", "elapsed_sec": 0.001867, "event": "END:queue_list_for_pop", "host": "d6b2a058c4be", "pid": 107344, "rank": null, "ts": "2026-10-04 14:57:31"}
[DBG] {"available": 0, "category": "QUEUE", "component": "queue", "event": "pop_scan", "exact": true, "host": "d6b2a058c4be", "pid": 107344, "queue": "preference", "rank": null, "requested": 4, "selected": 0, "selected_keys": [], "stale": 0, "stale_keys": [], "ts": "2026-10-04 14:57:31"}
[DBG] {"available": 0, "category": "QUEUE", "component": "queue", "event": "pop_not_enough", "host": "d6b2a058c4be", "pid": 107344, "queue": "preference", "rank": null, "requested": 4, "ts": "2026-10-04 14:57:31"}
[DBG] {"category": "QUEUE", "component": "queue", "current_version": 0, "event": "BEGIN:queue_list_for_pop", "exact": true, "host": "d6b2a058c4be", "max_lag": 3, "pid": 107344, "queue": "preference", "rank": null, "requested": 4, "ts": "2026-10-04 14:57:31"}
[DBG] {"category": "QUEUE", "component": "queue", "event": "watchdog_armed", "host": "d6b2a058c4be", "pid": 107344, "rank": null, "stage": "queue_list_for_pop", "timeout_sec": 30.0, "ts": "2026-10-04 14:57:31"}
[DBG] {"category": "QUEUE", "component": "queue", "elapsed_sec": 0.001838, "event": "END:queue_list_for_pop", "host": "d6b2a058c4be", "pid": 107344, "rank": null, "ts": "2026-10-04 14:57:31"}
[DBG] {"available": 0, "category": "QUEUE", "component": "queue", "event": "pop_scan", "exact": true, "host": "d6b2a058c4be", "pid": 107344, "queue": "preference", "rank": null, "requested": 4, "selected": 0, "selected_keys": [], "stale": 0, "stale_keys": [], "ts": "2026-10-04 14:57:31"}
[DBG] {"available": 0, "category": "QUEUE", "component": "queue", "event": "pop_not_enough", "host": "d6b2a058c4be", "pid": 107344, "queue": "preference", "rank": null, "requested": 4, "ts": "2026-10-04 14:57:31"}
[DBG] {"category": "QUEUE", "component": "queue", "current_version": 0, "event": "BEGIN:queue_list_for_pop", "exact": true, "host": "d6b2a058c4be", "max_lag": 3, "pid": 107344, "queue": "preference", "rank": null, "requested": 4, "ts": "2026-10-04 14:57:32"}
[DBG] {"category": "QUEUE", "component": "queue", "event": "watchdog_armed", "host": "d6b2a058c4be", "pid": 107344, "rank": null, "stage": "queue_list_for_pop", "timeout_sec": 30.0, "ts": "2026-10-04 14:57:32"}
[DBG] {"category": "QUEUE", "component": "queue", "elapsed_sec": 0.001871, "event": "END:queue_list_for_pop", "host": "d6b2a058c4be", "pid": 107344, "rank": null, "ts": "2026-10-04 14:57:32"}
[DBG] {"available": 0, "category": "QUEUE", "component": "queue", "event": "pop_scan", "exact": true, "host": "d6b2a058c4be", "pid": 107344, "queue": "preference", "rank": null, "requested": 4, "selected": 0, "selected_keys": [], "stale": 0, "stale_keys": [], "ts": "2026-10-04 14:57:32"}
[DBG] {"available": 0, "category": "QUEUE", "component": "queue", "event": "pop_not_enough", "host": "d6b2a058c4be", "pid": 107344, "queue": "preference", "rank": null, "requested": 4, "ts": "2026-10-04 14:57:32"}
[DBG] {"category": "QUEUE", "component": "queue", "current_version": 0, "event": "BEGIN:queue_list_for_pop", "exact": true, "host": "d6b2a058c4be", "max_lag": 3, "pid": 107344, "queue": "preference", "rank": null, "requested": 4, "ts": "2026-10-04 14:57:32"}
[DBG] {"category": "QUEUE", "component": "queue", "event": "watchdog_armed", "host": "d6b2a058c4be", "pid": 107344, "rank": null, "stage": "queue_list_for_pop", "timeout_sec": 30.0, "ts": "2026-10-04 14:57:32"}
[DBG] {"category": "QUEUE", "component": "queue", "elapsed_sec": 0.001936, "event": "END:queue_list_for_pop", "host": "d6b2a058c4be", "pid": 107344, "rank": null, "ts": "2026-10-04 14:57:32"}
[DBG] {"available": 0, "category": "QUEUE", "component": "queue", "event": "pop_scan", "exact": true, "host": "d6b2a058c4be", "pid": 107344, "queue": "preference", "rank": null, "requested": 4, "selected": 0, "selected_keys": [], "stale": 0, "stale_keys": [], "ts": "2026-10-04 14:57:32"}
[DBG] {"available": 0, "category": "QUEUE", "component": "queue", "event": "pop_not_enough", "host": "d6b2a058c4be", "pid": 107344, "queue": "preference", "rank": null, "requested": 4, "ts": "2026-10-04 14:57:32"}
[DBG] {"category": "QUEUE", "component": "queue", "current_version": 0, "event": "BEGIN:queue_list_for_pop", "exact": true, "host": "d6b2a058c4be", "max_lag": 3, "pid": 107344, "queue": "preference", "rank": null, "requested": 4, "ts": "2026-10-04 14:57:33"}
[DBG] {"category": "QUEUE", "component": "queue", "event": "watchdog_armed", "host": "d6b2a058c4be", "pid": 107344, "rank": null, "stage": "queue_list_for_pop", "timeout_sec": 30.0, "ts": "2026-10-04 14:57:33"}
[DBG] {"category": "QUEUE", "component": "queue", "elapsed_sec": 0.001864, "event": "END:queue_list_for_pop", "host": "d6b2a058c4be", "pid": 107344, "rank": null, "ts": "2026-10-04 14:57:33"}
[DBG] {"available": 0, "category": "QUEUE", "component": "queue", "event": "pop_scan", "exact": true, "host": "d6b2a058c4be", "pid": 107344, "queue": "preference", "rank": null, "requested": 4, "selected": 0, "selected_keys": [], "stale": 0, "stale_keys": [], "ts": "2026-10-04 14:57:33"}
[DBG] {"available": 0, "category": "QUEUE", "component": "queue", "event": "pop_not_enough", "host": "d6b2a058c4be", "pid": 107344, "queue": "preference", "rank": null, "requested": 4, "ts": "2026-10-04 14:57:33"}
[DBG] {"category": "QUEUE", "component": "queue", "current_version": 0, "event": "BEGIN:queue_list_for_pop", "exact": true, "host": "d6b2a058c4be", "max_lag": 3, "pid": 107344, "queue": "preference", "rank": null, "requested": 4, "ts": "2026-10-04 14:57:33"}
[DBG] {"category": "QUEUE", "component": "queue", "event": "watchdog_armed", "host": "d6b2a058c4be", "pid": 107344, "rank": null, "stage": "queue_list_for_pop", "timeout_sec": 30.0, "ts": "2026-10-04 14:57:33"}
[DBG] {"category": "QUEUE", "component": "queue", "elapsed_sec": 0.001754, "event": "END:queue_list_for_pop", "host": "d6b2a058c4be", "pid": 107344, "rank": null, "ts": "2026-10-04 14:57:33"}
[DBG] {"available": 0, "category": "QUEUE", "component": "queue", "event": "pop_scan", "exact": true, "host": "d6b2a058c4be", "pid": 107344, "queue": "preference", "rank": null, "requested": 4, "selected": 0, "selected_keys": [], "stale": 0, "stale_keys": [], "ts": "2026-10-04 14:57:33"}
[DBG] {"available": 0, "category": "QUEUE", "component": "queue", "event": "pop_not_enough", "host": "d6b2a058c4be", "pid": 107344, "queue": "preference", "rank": null, "requested": 4, "ts": "2026-10-04 14:57:33"}
[DBG] {"category": "QUEUE", "component": "queue", "current_version": 0, "event": "BEGIN:queue_list_for_pop", "exact": true, "host": "d6b2a058c4be", "max_lag": 3, "pid": 107344, "queue": "preference", "rank": null, "requested": 4, "ts": "2026-10-04 14:57:34"}
[DBG] {"category": "QUEUE", "component": "queue", "event": "watchdog_armed", "host": "d6b2a058c4be", "pid": 107344, "rank": null, "stage": "queue_list_for_pop", "timeout_sec": 30.0, "ts": "2026-10-04 14:57:34"}
[DBG] {"category": "QUEUE", "component": "queue", "elapsed_sec": 0.00188, "event": "END:queue_list_for_pop", "host": "d6b2a058c4be", "pid": 107344, "rank": null, "ts": "2026-10-04 14:57:34"}
[DBG] {"available": 0, "category": "QUEUE", "component": "queue", "event": "pop_scan", "exact": true, "host": "d6b2a058c4be", "pid": 107344, "queue": "preference", "rank": null, "requested": 4, "selected": 0, "selected_keys": [], "stale": 0, "stale_keys": [], "ts": "2026-10-04 14:57:34"}
[DBG] {"available": 0, "category": "QUEUE", "component": "queue", "event": "pop_not_enough", "host": "d6b2a058c4be", "pid": 107344, "queue": "preference", "rank": null, "requested": 4, "ts": "2026-10-04 14:57:34"}
[DBG] {"category": "QUEUE", "component": "queue", "current_version": 0, "event": "BEGIN:queue_list_for_pop", "exact": true, "host": "d6b2a058c4be", "max_lag": 3, "pid": 107344, "queue": "preference", "rank": null, "requested": 4, "ts": "2026-10-04 14:57:34"}
[DBG] {"category": "QUEUE", "component": "queue", "event": "watchdog_armed", "host": "d6b2a058c4be", "pid": 107344, "rank": null, "stage": "queue_list_for_pop", "timeout_sec": 30.0, "ts": "2026-10-04 14:57:34"}
[DBG] {"category": "QUEUE", "component": "queue", "elapsed_sec": 0.001802, "event": "END:queue_list_for_pop", "host": "d6b2a058c4be", "pid": 107344, "rank": null, "ts": "2026-10-04 14:57:34"}
[DBG] {"available": 0, "category": "QUEUE", "component": "queue", "event": "pop_scan", "exact": true, "host": "d6b2a058c4be", "pid": 107344, "queue": "preference", "rank": null, "requested": 4, "selected": 0, "selected_keys": [], "stale": 0, "stale_keys": [], "ts": "2026-10-04 14:57:34"}
[DBG] {"available": 0, "category": "QUEUE", "component": "queue", "event": "pop_not_enough", "host": "d6b2a058c4be", "pid": 107344, "queue": "preference", "rank": null, "requested": 4, "ts": "2026-10-04 14:57:34"}
[DBG] {"category": "QUEUE", "component": "queue", "current_version": 0, "event": "BEGIN:queue_list_for_pop", "exact": true, "host": "d6b2a058c4be", "max_lag": 3, "pid": 107344, "queue": "preference", "rank": null, "requested": 4, "ts": "2026-10-04 14:57:35"}
[DBG] {"category": "QUEUE", "component": "queue", "event": "watchdog_armed", "host": "d6b2a058c4be", "pid": 107344, "rank": null, "stage": "queue_list_for_pop", "timeout_sec": 30.0, "ts": "2026-10-04 14:57:35"}
[DBG] {"category": "QUEUE", "component": "queue", "elapsed_sec": 0.00188, "event": "END:queue_list_for_pop", "host": "d6b2a058c4be", "pid": 107344, "rank": null, "ts": "2026-10-04 14:57:35"}
[DBG] {"available": 0, "category": "QUEUE", "component": "queue", "event": "pop_scan", "exact": true, "host": "d6b2a058c4be", "pid": 107344, "queue": "preference", "rank": null, "requested": 4, "selected": 0, "selected_keys": [], "stale": 0, "stale_keys": [], "ts": "2026-10-04 14:57:35"}
[DBG] {"available": 0, "category": "QUEUE", "component": "queue", "event": "pop_not_enough", "host": "d6b2a058c4be", "pid": 107344, "queue": "preference", "rank": null, "requested": 4, "ts": "2026-10-04 14:57:35"}
[DBG] {"category": "QUEUE", "component": "queue", "current_version": 0, "event": "BEGIN:queue_list_for_pop", "exact": true, "host": "d6b2a058c4be", "max_lag": 3, "pid": 107344, "queue": "preference", "rank": null, "requested": 4, "ts": "2026-10-04 14:57:36"}
[DBG] {"category": "QUEUE", "component": "queue", "event": "watchdog_armed", "host": "d6b2a058c4be", "pid": 107344, "rank": null, "stage": "queue_list_for_pop", "timeout_sec": 30.0, "ts": "2026-10-04 14:57:36"}
[DBG] {"category": "QUEUE", "component": "queue", "elapsed_sec": 0.001792, "event": "END:queue_list_for_pop", "host": "d6b2a058c4be", "pid": 107344, "rank": null, "ts": "2026-10-04 14:57:36"}
[DBG] {"available": 0, "category": "QUEUE", "component": "queue", "event": "pop_scan", "exact": true, "host": "d6b2a058c4be", "pid": 107344, "queue": "preference", "rank": null, "requested": 4, "selected": 0, "selected_keys": [], "stale": 0, "stale_keys": [], "ts": "2026-10-04 14:57:36"}
[DBG] {"available": 0, "category": "QUEUE", "component": "queue", "event": "pop_not_enough", "host": "d6b2a058c4be", "pid": 107344, "queue": "preference", "rank": null, "requested": 4, "ts": "2026-10-04 14:57:36"}
[DBG] {"category": "QUEUE", "component": "queue", "current_version": 0, "event": "BEGIN:queue_list_for_pop", "exact": true, "host": "d6b2a058c4be", "max_lag": 3, "pid": 107344, "queue": "preference", "rank": null, "requested": 4, "ts": "2026-10-04 14:57:36"}
[DBG] {"category": "QUEUE", "component": "queue", "event": "watchdog_armed", "host": "d6b2a058c4be", "pid": 107344, "rank": null, "stage": "queue_list_for_pop", "timeout_sec": 30.0, "ts": "2026-10-04 14:57:36"}
[DBG] {"category": "QUEUE", "component": "queue", "elapsed_sec": 0.001993, "event": "END:queue_list_for_pop", "host": "d6b2a058c4be", "pid": 107344, "rank": null, "ts": "2026-10-04 14:57:36"}
[DBG] {"available": 0, "category": "QUEUE", "component": "queue", "event": "pop_scan", "exact": true, "host": "d6b2a058c4be", "pid": 107344, "queue": "preference", "rank": null, "requested": 4, "selected": 0, "selected_keys": [], "stale": 0, "stale_keys": [], "ts": "2026-10-04 14:57:36"}
[DBG] {"available": 0, "category": "QUEUE", "component": "queue", "event": "pop_not_enough", "host": "d6b2a058c4be", "pid": 107344, "queue": "preference", "rank": null, "requested": 4, "ts": "2026-10-04 14:57:36"}
[DBG] {"category": "QUEUE", "component": "queue", "current_version": 0, "event": "BEGIN:queue_list_for_pop", "exact": true, "host": "d6b2a058c4be", "max_lag": 3, "pid": 107344, "queue": "preference", "rank": null, "requested": 4, "ts": "2026-10-04 14:57:37"}
[DBG] {"category": "QUEUE", "component": "queue", "event": "watchdog_armed", "host": "d6b2a058c4be", "pid": 107344, "rank": null, "stage": "queue_list_for_pop", "timeout_sec": 30.0, "ts": "2026-10-04 14:57:37"}
[DBG] {"category": "QUEUE", "component": "queue", "elapsed_sec": 0.002071, "event": "END:queue_list_for_pop", "host": "d6b2a058c4be", "pid": 107344, "rank": null, "ts": "2026-10-04 14:57:37"}
[DBG] {"available": 0, "category": "QUEUE", "component": "queue", "event": "pop_scan", "exact": true, "host": "d6b2a058c4be", "pid": 107344, "queue": "preference", "rank": null, "requested": 4, "selected": 0, "selected_keys": [], "stale": 0, "stale_keys": [], "ts": "2026-10-04 14:57:37"}
[DBG] {"available": 0, "category": "QUEUE", "component": "queue", "event": "pop_not_enough", "host": "d6b2a058c4be", "pid": 107344, "queue": "preference", "rank": null, "requested": 4, "ts": "2026-10-04 14:57:37"}
[DBG] {"category": "QUEUE", "component": "queue", "current_version": 0, "event": "BEGIN:queue_list_for_pop", "exact": true, "host": "d6b2a058c4be", "max_lag": 3, "pid": 107344, "queue": "preference", "rank": null, "requested": 4, "ts": "2026-10-04 14:57:37"}
[DBG] {"category": "QUEUE", "component": "queue", "event": "watchdog_armed", "host": "d6b2a058c4be", "pid": 107344, "rank": null, "stage": "queue_list_for_pop", "timeout_sec": 30.0, "ts": "2026-10-04 14:57:37"}
[DBG] {"category": "QUEUE", "component": "queue", "elapsed_sec": 0.001934, "event": "END:queue_list_for_pop", "host": "d6b2a058c4be", "pid": 107344, "rank": null, "ts": "2026-10-04 14:57:37"}
[DBG] {"available": 0, "category": "QUEUE", "component": "queue", "event": "pop_scan", "exact": true, "host": "d6b2a058c4be", "pid": 107344, "queue": "preference", "rank": null, "requested": 4, "selected": 0, "selected_keys": [], "stale": 0, "stale_keys": [], "ts": "2026-10-04 14:57:37"}
[DBG] {"available": 0, "category": "QUEUE", "component": "queue", "event": "pop_not_enough", "host": "d6b2a058c4be", "pid": 107344, "queue": "preference", "rank": null, "requested": 4, "ts": "2026-10-04 14:57:37"}
[DBG] {"category": "QUEUE", "component": "queue", "current_version": 0, "event": "BEGIN:queue_list_for_pop", "exact": true, "host": "d6b2a058c4be", "max_lag": 3, "pid": 107344, "queue": "preference", "rank": null, "requested": 4, "ts": "2026-10-04 14:57:38"}
[DBG] {"category": "QUEUE", "component": "queue", "event": "watchdog_armed", "host": "d6b2a058c4be", "pid": 107344, "rank": null, "stage": "queue_list_for_pop", "timeout_sec": 30.0, "ts": "2026-10-04 14:57:38"}
[DBG] {"category": "QUEUE", "component": "queue", "elapsed_sec": 0.00189, "event": "END:queue_list_for_pop", "host": "d6b2a058c4be", "pid": 107344, "rank": null, "ts": "2026-10-04 14:57:38"}
[DBG] {"available": 0, "category": "QUEUE", "component": "queue", "event": "pop_scan", "exact": true, "host": "d6b2a058c4be", "pid": 107344, "queue": "preference", "rank": null, "requested": 4, "selected": 0, "selected_keys": [], "stale": 0, "stale_keys": [], "ts": "2026-10-04 14:57:38"}
[DBG] {"available": 0, "category": "QUEUE", "component": "queue", "event": "pop_not_enough", "host": "d6b2a058c4be", "pid": 107344, "queue": "preference", "rank": null, "requested": 4, "ts": "2026-10-04 14:57:38"}
[DBG] {"category": "QUEUE", "component": "queue", "current_version": 0, "event": "BEGIN:queue_list_for_pop", "exact": true, "host": "d6b2a058c4be", "max_lag": 3, "pid": 107344, "queue": "preference", "rank": null, "requested": 4, "ts": "2026-10-04 14:57:38"}
[DBG] {"category": "QUEUE", "component": "queue", "event": "watchdog_armed", "host": "d6b2a058c4be", "pid": 107344, "rank": null, "stage": "queue_list_for_pop", "timeout_sec": 30.0, "ts": "2026-10-04 14:57:38"}
[DBG] {"category": "QUEUE", "component": "queue", "elapsed_sec": 0.001809, "event": "END:queue_list_for_pop", "host": "d6b2a058c4be", "pid": 107344, "rank": null, "ts": "2026-10-04 14:57:38"}
[DBG] {"available": 0, "category": "QUEUE", "component": "queue", "event": "pop_scan", "exact": true, "host": "d6b2a058c4be", "pid": 107344, "queue": "preference", "rank": null, "requested": 4, "selected": 0, "selected_keys": [], "stale": 0, "stale_keys": [], "ts": "2026-10-04 14:57:38"}
[DBG] {"available": 0, "category": "QUEUE", "component": "queue", "event": "pop_not_enough", "host": "d6b2a058c4be", "pid": 107344, "queue": "preference", "rank": null, "requested": 4, "ts": "2026-10-04 14:57:38"}
[DBG] {"category": "QUEUE", "component": "queue", "current_version": 0, "event": "BEGIN:queue_list_for_pop", "exact": true, "host": "d6b2a058c4be", "max_lag": 3, "pid": 107344, "queue": "preference", "rank": null, "requested": 4, "ts": "2026-10-04 14:57:39"}
[DBG] {"category": "QUEUE", "component": "queue", "event": "watchdog_armed", "host": "d6b2a058c4be", "pid": 107344, "rank": null, "stage": "queue_list_for_pop", "timeout_sec": 30.0, "ts": "2026-10-04 14:57:39"}
[DBG] {"category": "QUEUE", "component": "queue", "elapsed_sec": 0.001756, "event": "END:queue_list_for_pop", "host": "d6b2a058c4be", "pid": 107344, "rank": null, "ts": "2026-10-04 14:57:39"}
[DBG] {"available": 0, "category": "QUEUE", "component": "queue", "event": "pop_scan", "exact": true, "host": "d6b2a058c4be", "pid": 107344, "queue": "preference", "rank": null, "requested": 4, "selected": 0, "selected_keys": [], "stale": 0, "stale_keys": [], "ts": "2026-10-04 14:57:39"}
[DBG] {"available": 0, "category": "QUEUE", "component": "queue", "event": "pop_not_enough", "host": "d6b2a058c4be", "pid": 107344, "queue": "preference", "rank": null, "requested": 4, "ts": "2026-10-04 14:57:39"}
[DBG] {"category": "QUEUE", "component": "queue", "current_version": 0, "event": "BEGIN:queue_list_for_pop", "exact": true, "host": "d6b2a058c4be", "max_lag": 3, "pid": 107344, "queue": "preference", "rank": null, "requested": 4, "ts": "2026-10-04 14:57:39"}
[DBG] {"category": "QUEUE", "component": "queue", "event": "watchdog_armed", "host": "d6b2a058c4be", "pid": 107344, "rank": null, "stage": "queue_list_for_pop", "timeout_sec": 30.0, "ts": "2026-10-04 14:57:39"}
[DBG] {"category": "QUEUE", "component": "queue", "elapsed_sec": 0.001777, "event": "END:queue_list_for_pop", "host": "d6b2a058c4be", "pid": 107344, "rank": null, "ts": "2026-10-04 14:57:39"}
[DBG] {"available": 0, "category": "QUEUE", "component": "queue", "event": "pop_scan", "exact": true, "host": "d6b2a058c4be", "pid": 107344, "queue": "preference", "rank": null, "requested": 4, "selected": 0, "selected_keys": [], "stale": 0, "stale_keys": [], "ts": "2026-10-04 14:57:39"}
[DBG] {"available": 0, "category": "QUEUE", "component": "queue", "event": "pop_not_enough", "host": "d6b2a058c4be", "pid": 107344, "queue": "preference", "rank": null, "requested": 4, "ts": "2026-10-04 14:57:39"}
[DBG] {"category": "QUEUE", "component": "queue", "current_version": 0, "event": "BEGIN:queue_list_for_pop", "exact": true, "host": "d6b2a058c4be", "max_lag": 3, "pid": 107344, "queue": "preference", "rank": null, "requested": 4, "ts": "2026-10-04 14:57:40"}
[DBG] {"category": "QUEUE", "component": "queue", "event": "watchdog_armed", "host": "d6b2a058c4be", "pid": 107344, "rank": null, "stage": "queue_list_for_pop", "timeout_sec": 30.0, "ts": "2026-10-04 14:57:40"}
[DBG] {"category": "QUEUE", "component": "queue", "elapsed_sec": 0.001733, "event": "END:queue_list_for_pop", "host": "d6b2a058c4be", "pid": 107344, "rank": null, "ts": "2026-10-04 14:57:40"}
[DBG] {"available": 0, "category": "QUEUE", "component": "queue", "event": "pop_scan", "exact": true, "host": "d6b2a058c4be", "pid": 107344, "queue": "preference", "rank": null, "requested": 4, "selected": 0, "selected_keys": [], "stale": 0, "stale_keys": [], "ts": "2026-10-04 14:57:40"}
[DBG] {"available": 0, "category": "QUEUE", "component": "queue", "event": "pop_not_enough", "host": "d6b2a058c4be", "pid": 107344, "queue": "preference", "rank": null, "requested": 4, "ts": "2026-10-04 14:57:40"}
[DBG] {"category": "QUEUE", "component": "queue", "current_version": 0, "event": "BEGIN:queue_list_for_pop", "exact": true, "host": "d6b2a058c4be", "max_lag": 3, "pid": 107344, "queue": "preference", "rank": null, "requested": 4, "ts": "2026-10-04 14:57:40"}
[DBG] {"category": "QUEUE", "component": "queue", "event": "watchdog_armed", "host": "d6b2a058c4be", "pid": 107344, "rank": null, "stage": "queue_list_for_pop", "timeout_sec": 30.0, "ts": "2026-10-04 14:57:40"}
[DBG] {"category": "QUEUE", "component": "queue", "elapsed_sec": 0.002736, "event": "END:queue_list_for_pop", "host": "d6b2a058c4be", "pid": 107344, "rank": null, "ts": "2026-10-04 14:57:40"}
[DBG] {"available": 0, "category": "QUEUE", "component": "queue", "event": "pop_scan", "exact": true, "host": "d6b2a058c4be", "pid": 107344, "queue": "preference", "rank": null, "requested": 4, "selected": 0, "selected_keys": [], "stale": 0, "stale_keys": [], "ts": "2026-10-04 14:57:40"}
[DBG] {"available": 0, "category": "QUEUE", "component": "queue", "event": "pop_not_enough", "host": "d6b2a058c4be", "pid": 107344, "queue": "preference", "rank": null, "requested": 4, "ts": "2026-10-04 14:57:40"}
[DBG] {"category": "QUEUE", "component": "queue", "current_version": 0, "event": "BEGIN:queue_list_for_pop", "exact": true, "host": "d6b2a058c4be", "max_lag": 3, "pid": 107344, "queue": "preference", "rank": null, "requested": 4, "ts": "2026-10-04 14:57:41"}
[DBG] {"category": "QUEUE", "component": "queue", "event": "watchdog_armed", "host": "d6b2a058c4be", "pid": 107344, "rank": null, "stage": "queue_list_for_pop", "timeout_sec": 30.0, "ts": "2026-10-04 14:57:41"}
[DBG] {"category": "QUEUE", "component": "queue", "elapsed_sec": 0.00177, "event": "END:queue_list_for_pop", "host": "d6b2a058c4be", "pid": 107344, "rank": null, "ts": "2026-10-04 14:57:41"}
[DBG] {"available": 0, "category": "QUEUE", "component": "queue", "event": "pop_scan", "exact": true, "host": "d6b2a058c4be", "pid": 107344, "queue": "preference", "rank": null, "requested": 4, "selected": 0, "selected_keys": [], "stale": 0, "stale_keys": [], "ts": "2026-10-04 14:57:41"}
[DBG] {"available": 0, "category": "QUEUE", "component": "queue", "event": "pop_not_enough", "host": "d6b2a058c4be", "pid": 107344, "queue": "preference", "rank": null, "requested": 4, "ts": "2026-10-04 14:57:41"}
[DBG] {"category": "QUEUE", "component": "queue", "current_version": 0, "event": "BEGIN:queue_list_for_pop", "exact": true, "host": "d6b2a058c4be", "max_lag": 3, "pid": 107344, "queue": "preference", "rank": null, "requested": 4, "ts": "2026-10-04 14:57:41"}
[DBG] {"category": "QUEUE", "component": "queue", "event": "watchdog_armed", "host": "d6b2a058c4be", "pid": 107344, "rank": null, "stage": "queue_list_for_pop", "timeout_sec": 30.0, "ts": "2026-10-04 14:57:41"}
[DBG] {"category": "QUEUE", "component": "queue", "elapsed_sec": 0.001755, "event": "END:queue_list_for_pop", "host": "d6b2a058c4be", "pid": 107344, "rank": null, "ts": "2026-10-04 14:57:41"}
[DBG] {"available": 0, "category": "QUEUE", "component": "queue", "event": "pop_scan", "exact": true, "host": "d6b2a058c4be", "pid": 107344, "queue": "preference", "rank": null, "requested": 4, "selected": 0, "selected_keys": [], "stale": 0, "stale_keys": [], "ts": "2026-10-04 14:57:41"}
[DBG] {"available": 0, "category": "QUEUE", "component": "queue", "event": "pop_not_enough", "host": "d6b2a058c4be", "pid": 107344, "queue": "preference", "rank": null, "requested": 4, "ts": "2026-10-04 14:57:41"}
[DBG] {"category": "QUEUE", "component": "queue", "current_version": 0, "event": "BEGIN:queue_list_for_pop", "exact": true, "host": "d6b2a058c4be", "max_lag": 3, "pid": 107344, "queue": "preference", "rank": null, "requested": 4, "ts": "2026-10-04 14:57:42"}
[DBG] {"category": "QUEUE", "component": "queue", "event": "watchdog_armed", "host": "d6b2a058c4be", "pid": 107344, "rank": null, "stage": "queue_list_for_pop", "timeout_sec": 30.0, "ts": "2026-10-04 14:57:42"}
[DBG] {"category": "QUEUE", "component": "queue", "elapsed_sec": 0.001778, "event": "END:queue_list_for_pop", "host": "d6b2a058c4be", "pid": 107344, "rank": null, "ts": "2026-10-04 14:57:42"}
[DBG] {"available": 0, "category": "QUEUE", "component": "queue", "event": "pop_scan", "exact": true, "host": "d6b2a058c4be", "pid": 107344, "queue": "preference", "rank": null, "requested": 4, "selected": 0, "selected_keys": [], "stale": 0, "stale_keys": [], "ts": "2026-10-04 14:57:42"}
[DBG] {"available": 0, "category": "QUEUE", "component": "queue", "event": "pop_not_enough", "host": "d6b2a058c4be", "pid": 107344, "queue": "preference", "rank": null, "requested": 4, "ts": "2026-10-04 14:57:42"}
[DBG] {"category": "QUEUE", "component": "queue", "current_version": 0, "event": "BEGIN:queue_list_for_pop", "exact": true, "host": "d6b2a058c4be", "max_lag": 3, "pid": 107344, "queue": "preference", "rank": null, "requested": 4, "ts": "2026-10-04 14:57:42"}
[DBG] {"category": "QUEUE", "component": "queue", "event": "watchdog_armed", "host": "d6b2a058c4be", "pid": 107344, "rank": null, "stage": "queue_list_for_pop", "timeout_sec": 30.0, "ts": "2026-10-04 14:57:42"}
[DBG] {"category": "QUEUE", "component": "queue", "elapsed_sec": 0.001779, "event": "END:queue_list_for_pop", "host": "d6b2a058c4be", "pid": 107344, "rank": null, "ts": "2026-10-04 14:57:42"}
[DBG] {"available": 0, "category": "QUEUE", "component": "queue", "event": "pop_scan", "exact": true, "host": "d6b2a058c4be", "pid": 107344, "queue": "preference", "rank": null, "requested": 4, "selected": 0, "selected_keys": [], "stale": 0, "stale_keys": [], "ts": "2026-10-04 14:57:42"}
[DBG] {"available": 0, "category": "QUEUE", "component": "queue", "event": "pop_not_enough", "host": "d6b2a058c4be", "pid": 107344, "queue": "preference", "rank": null, "requested": 4, "ts": "2026-10-04 14:57:42"}
[DBG] {"category": "QUEUE", "component": "queue", "current_version": 0, "event": "BEGIN:queue_list_for_pop", "exact": true, "host": "d6b2a058c4be", "max_lag": 3, "pid": 107344, "queue": "preference", "rank": null, "requested": 4, "ts": "2026-10-04 14:57:43"}
[DBG] {"category": "QUEUE", "component": "queue", "event": "watchdog_armed", "host": "d6b2a058c4be", "pid": 107344, "rank": null, "stage": "queue_list_for_pop", "timeout_sec": 30.0, "ts": "2026-10-04 14:57:43"}
[DBG] {"category": "QUEUE", "component": "queue", "elapsed_sec": 0.001875, "event": "END:queue_list_for_pop", "host": "d6b2a058c4be", "pid": 107344, "rank": null, "ts": "2026-10-04 14:57:43"}
[DBG] {"available": 0, "category": "QUEUE", "component": "queue", "event": "pop_scan", "exact": true, "host": "d6b2a058c4be", "pid": 107344, "queue": "preference", "rank": null, "requested": 4, "selected": 0, "selected_keys": [], "stale": 0, "stale_keys": [], "ts": "2026-10-04 14:57:43"}
[DBG] {"available": 0, "category": "QUEUE", "component": "queue", "event": "pop_not_enough", "host": "d6b2a058c4be", "pid": 107344, "queue": "preference", "rank": null, "requested": 4, "ts": "2026-10-04 14:57:43"}
[DBG] {"category": "QUEUE", "component": "queue", "current_version": 0, "event": "BEGIN:queue_list_for_pop", "exact": true, "host": "d6b2a058c4be", "max_lag": 3, "pid": 107344, "queue": "preference", "rank": null, "requested": 4, "ts": "2026-10-04 14:57:43"}
[DBG] {"category": "QUEUE", "component": "queue", "event": "watchdog_armed", "host": "d6b2a058c4be", "pid": 107344, "rank": null, "stage": "queue_list_for_pop", "timeout_sec": 30.0, "ts": "2026-10-04 14:57:43"}
[DBG] {"category": "QUEUE", "component": "queue", "elapsed_sec": 0.001826, "event": "END:queue_list_for_pop", "host": "d6b2a058c4be", "pid": 107344, "rank": null, "ts": "2026-10-04 14:57:43"}
[DBG] {"available": 0, "category": "QUEUE", "component": "queue", "event": "pop_scan", "exact": true, "host": "d6b2a058c4be", "pid": 107344, "queue": "preference", "rank": null, "requested": 4, "selected": 0, "selected_keys": [], "stale": 0, "stale_keys": [], "ts": "2026-10-04 14:57:43"}
[DBG] {"available": 0, "category": "QUEUE", "component": "queue", "event": "pop_not_enough", "host": "d6b2a058c4be", "pid": 107344, "queue": "preference", "rank": null, "requested": 4, "ts": "2026-10-04 14:57:43"}
[DBG] {"category": "QUEUE", "component": "queue", "current_version": 0, "event": "BEGIN:queue_list_for_pop", "exact": true, "host": "d6b2a058c4be", "max_lag": 3, "pid": 107344, "queue": "preference", "rank": null, "requested": 4, "ts": "2026-10-04 14:57:44"}
[DBG] {"category": "QUEUE", "component": "queue", "event": "watchdog_armed", "host": "d6b2a058c4be", "pid": 107344, "rank": null, "stage": "queue_list_for_pop", "timeout_sec": 30.0, "ts": "2026-10-04 14:57:44"}
[DBG] {"category": "QUEUE", "component": "queue", "elapsed_sec": 0.001928, "event": "END:queue_list_for_pop", "host": "d6b2a058c4be", "pid": 107344, "rank": null, "ts": "2026-10-04 14:57:44"}
[DBG] {"available": 0, "category": "QUEUE", "component": "queue", "event": "pop_scan", "exact": true, "host": "d6b2a058c4be", "pid": 107344, "queue": "preference", "rank": null, "requested": 4, "selected": 0, "selected_keys": [], "stale": 0, "stale_keys": [], "ts": "2026-10-04 14:57:44"}
[DBG] {"available": 0, "category": "QUEUE", "component": "queue", "event": "pop_not_enough", "host": "d6b2a058c4be", "pid": 107344, "queue": "preference", "rank": null, "requested": 4, "ts": "2026-10-04 14:57:44"}
[DBG] {"category": "QUEUE", "component": "queue", "current_version": 0, "event": "BEGIN:queue_list_for_pop", "exact": true, "host": "d6b2a058c4be", "max_lag": 3, "pid": 107344, "queue": "preference", "rank": null, "requested": 4, "ts": "2026-10-04 14:57:44"}
[DBG] {"category": "QUEUE", "component": "queue", "event": "watchdog_armed", "host": "d6b2a058c4be", "pid": 107344, "rank": null, "stage": "queue_list_for_pop", "timeout_sec": 30.0, "ts": "2026-10-04 14:57:44"}
[DBG] {"category": "QUEUE", "component": "queue", "elapsed_sec": 0.003198, "event": "END:queue_list_for_pop", "host": "d6b2a058c4be", "pid": 107344, "rank": null, "ts": "2026-10-04 14:57:44"}
[DBG] {"available": 0, "category": "QUEUE", "component": "queue", "event": "pop_scan", "exact": true, "host": "d6b2a058c4be", "pid": 107344, "queue": "preference", "rank": null, "requested": 4, "selected": 0, "selected_keys": [], "stale": 0, "stale_keys": [], "ts": "2026-10-04 14:57:44"}
[DBG] {"available": 0, "category": "QUEUE", "component": "queue", "event": "pop_not_enough", "host": "d6b2a058c4be", "pid": 107344, "queue": "preference", "rank": null, "requested": 4, "ts": "2026-10-04 14:57:44"}
[DBG] {"category": "QUEUE", "component": "queue", "current_version": 0, "event": "BEGIN:queue_list_for_pop", "exact": true, "host": "d6b2a058c4be", "max_lag": 3, "pid": 107344, "queue": "preference", "rank": null, "requested": 4, "ts": "2026-10-04 14:57:45"}
[DBG] {"category": "QUEUE", "component": "queue", "event": "watchdog_armed", "host": "d6b2a058c4be", "pid": 107344, "rank": null, "stage": "queue_list_for_pop", "timeout_sec": 30.0, "ts": "2026-10-04 14:57:45"}
[DBG] {"category": "QUEUE", "component": "queue", "elapsed_sec": 0.001916, "event": "END:queue_list_for_pop", "host": "d6b2a058c4be", "pid": 107344, "rank": null, "ts": "2026-10-04 14:57:45"}
[DBG] {"available": 0, "category": "QUEUE", "component": "queue", "event": "pop_scan", "exact": true, "host": "d6b2a058c4be", "pid": 107344, "queue": "preference", "rank": null, "requested": 4, "selected": 0, "selected_keys": [], "stale": 0, "stale_keys": [], "ts": "2026-10-04 14:57:45"}
[DBG] {"available": 0, "category": "QUEUE", "component": "queue", "event": "pop_not_enough", "host": "d6b2a058c4be", "pid": 107344, "queue": "preference", "rank": null, "requested": 4, "ts": "2026-10-04 14:57:45"}
[DBG] {"category": "QUEUE", "component": "queue", "current_version": 0, "event": "BEGIN:queue_list_for_pop", "exact": true, "host": "d6b2a058c4be", "max_lag": 3, "pid": 107344, "queue": "preference", "rank": null, "requested": 4, "ts": "2026-10-04 14:57:45"}
[DBG] {"category": "QUEUE", "component": "queue", "event": "watchdog_armed", "host": "d6b2a058c4be", "pid": 107344, "rank": null, "stage": "queue_list_for_pop", "timeout_sec": 30.0, "ts": "2026-10-04 14:57:45"}
[DBG] {"category": "QUEUE", "component": "queue", "elapsed_sec": 0.001779, "event": "END:queue_list_for_pop", "host": "d6b2a058c4be", "pid": 107344, "rank": null, "ts": "2026-10-04 14:57:45"}
[DBG] {"available": 0, "category": "QUEUE", "component": "queue", "event": "pop_scan", "exact": true, "host": "d6b2a058c4be", "pid": 107344, "queue": "preference", "rank": null, "requested": 4, "selected": 0, "selected_keys": [], "stale": 0, "stale_keys": [], "ts": "2026-10-04 14:57:45"}
[DBG] {"available": 0, "category": "QUEUE", "component": "queue", "event": "pop_not_enough", "host": "d6b2a058c4be", "pid": 107344, "queue": "preference", "rank": null, "requested": 4, "ts": "2026-10-04 14:57:45"}
[DBG] {"category": "QUEUE", "component": "queue", "current_version": 0, "event": "BEGIN:queue_list_for_pop", "exact": true, "host": "d6b2a058c4be", "max_lag": 3, "pid": 107344, "queue": "preference", "rank": null, "requested": 4, "ts": "2026-10-04 14:57:46"}
[DBG] {"category": "QUEUE", "component": "queue", "event": "watchdog_armed", "host": "d6b2a058c4be", "pid": 107344, "rank": null, "stage": "queue_list_for_pop", "timeout_sec": 30.0, "ts": "2026-10-04 14:57:46"}
[DBG] {"category": "QUEUE", "component": "queue", "elapsed_sec": 0.001789, "event": "END:queue_list_for_pop", "host": "d6b2a058c4be", "pid": 107344, "rank": null, "ts": "2026-10-04 14:57:46"}
[DBG] {"available": 0, "category": "QUEUE", "component": "queue", "event": "pop_scan", "exact": true, "host": "d6b2a058c4be", "pid": 107344, "queue": "preference", "rank": null, "requested": 4, "selected": 0, "selected_keys": [], "stale": 0, "stale_keys": [], "ts": "2026-10-04 14:57:46"}
[DBG] {"available": 0, "category": "QUEUE", "component": "queue", "event": "pop_not_enough", "host": "d6b2a058c4be", "pid": 107344, "queue": "preference", "rank": null, "requested": 4, "ts": "2026-10-04 14:57:46"}
[DBG] {"category": "QUEUE", "component": "queue", "current_version": 0, "event": "BEGIN:queue_list_for_pop", "exact": true, "host": "d6b2a058c4be", "max_lag": 3, "pid": 107344, "queue": "preference", "rank": null, "requested": 4, "ts": "2026-10-04 14:57:47"}
[DBG] {"category": "QUEUE", "component": "queue", "event": "watchdog_armed", "host": "d6b2a058c4be", "pid": 107344, "rank": null, "stage": "queue_list_for_pop", "timeout_sec": 30.0, "ts": "2026-10-04 14:57:47"}
[DBG] {"category": "QUEUE", "component": "queue", "elapsed_sec": 0.001855, "event": "END:queue_list_for_pop", "host": "d6b2a058c4be", "pid": 107344, "rank": null, "ts": "2026-10-04 14:57:47"}
[DBG] {"available": 0, "category": "QUEUE", "component": "queue", "event": "pop_scan", "exact": true, "host": "d6b2a058c4be", "pid": 107344, "queue": "preference", "rank": null, "requested": 4, "selected": 0, "selected_keys": [], "stale": 0, "stale_keys": [], "ts": "2026-10-04 14:57:47"}
[DBG] {"available": 0, "category": "QUEUE", "component": "queue", "event": "pop_not_enough", "host": "d6b2a058c4be", "pid": 107344, "queue": "preference", "rank": null, "requested": 4, "ts": "2026-10-04 14:57:47"}
[DBG] {"category": "QUEUE", "component": "queue", "current_version": 0, "event": "BEGIN:queue_list_for_pop", "exact": true, "host": "d6b2a058c4be", "max_lag": 3, "pid": 107344, "queue": "preference", "rank": null, "requested": 4, "ts": "2026-10-04 14:57:47"}
[DBG] {"category": "QUEUE", "component": "queue", "event": "watchdog_armed", "host": "d6b2a058c4be", "pid": 107344, "rank": null, "stage": "queue_list_for_pop", "timeout_sec": 30.0, "ts": "2026-10-04 14:57:47"}
[DBG] {"category": "QUEUE", "component": "queue", "elapsed_sec": 0.001908, "event": "END:queue_list_for_pop", "host": "d6b2a058c4be", "pid": 107344, "rank": null, "ts": "2026-10-04 14:57:47"}
[DBG] {"available": 0, "category": "QUEUE", "component": "queue", "event": "pop_scan", "exact": true, "host": "d6b2a058c4be", "pid": 107344, "queue": "preference", "rank": null, "requested": 4, "selected": 0, "selected_keys": [], "stale": 0, "stale_keys": [], "ts": "2026-10-04 14:57:47"}
[DBG] {"available": 0, "category": "QUEUE", "component": "queue", "event": "pop_not_enough", "host": "d6b2a058c4be", "pid": 107344, "queue": "preference", "rank": null, "requested": 4, "ts": "2026-10-04 14:57:47"}
[DBG] {"category": "QUEUE", "component": "queue", "current_version": 0, "event": "BEGIN:queue_list_for_pop", "exact": true, "host": "d6b2a058c4be", "max_lag": 3, "pid": 107344, "queue": "preference", "rank": null, "requested": 4, "ts": "2026-10-04 14:57:48"}
[DBG] {"category": "QUEUE", "component": "queue", "event": "watchdog_armed", "host": "d6b2a058c4be", "pid": 107344, "rank": null, "stage": "queue_list_for_pop", "timeout_sec": 30.0, "ts": "2026-10-04 14:57:48"}
[DBG] {"category": "QUEUE", "component": "queue", "elapsed_sec": 0.002048, "event": "END:queue_list_for_pop", "host": "d6b2a058c4be", "pid": 107344, "rank": null, "ts": "2026-10-04 14:57:48"}
[DBG] {"available": 0, "category": "QUEUE", "component": "queue", "event": "pop_scan", "exact": true, "host": "d6b2a058c4be", "pid": 107344, "queue": "preference", "rank": null, "requested": 4, "selected": 0, "selected_keys": [], "stale": 0, "stale_keys": [], "ts": "2026-10-04 14:57:48"}
[DBG] {"available": 0, "category": "QUEUE", "component": "queue", "event": "pop_not_enough", "host": "d6b2a058c4be", "pid": 107344, "queue": "preference", "rank": null, "requested": 4, "ts": "2026-10-04 14:57:48"}
[DBG] {"category": "QUEUE", "component": "queue", "current_version": 0, "event": "BEGIN:queue_list_for_pop", "exact": true, "host": "d6b2a058c4be", "max_lag": 3, "pid": 107344, "queue": "preference", "rank": null, "requested": 4, "ts": "2026-10-04 14:57:48"}
[DBG] {"category": "QUEUE", "component": "queue", "event": "watchdog_armed", "host": "d6b2a058c4be", "pid": 107344, "rank": null, "stage": "queue_list_for_pop", "timeout_sec": 30.0, "ts": "2026-10-04 14:57:48"}
[DBG] {"category": "QUEUE", "component": "queue", "elapsed_sec": 0.001912, "event": "END:queue_list_for_pop", "host": "d6b2a058c4be", "pid": 107344, "rank": null, "ts": "2026-10-04 14:57:48"}
[DBG] {"available": 0, "category": "QUEUE", "component": "queue", "event": "pop_scan", "exact": true, "host": "d6b2a058c4be", "pid": 107344, "queue": "preference", "rank": null, "requested": 4, "selected": 0, "selected_keys": [], "stale": 0, "stale_keys": [], "ts": "2026-10-04 14:57:48"}
[DBG] {"available": 0, "category": "QUEUE", "component": "queue", "event": "pop_not_enough", "host": "d6b2a058c4be", "pid": 107344, "queue": "preference", "rank": null, "requested": 4, "ts": "2026-10-04 14:57:48"}
[DBG] {"category": "QUEUE", "component": "queue", "current_version": 0, "event": "BEGIN:queue_list_for_pop", "exact": true, "host": "d6b2a058c4be", "max_lag": 3, "pid": 107344, "queue": "preference", "rank": null, "requested": 4, "ts": "2026-10-04 14:57:49"}
[DBG] {"category": "QUEUE", "component": "queue", "event": "watchdog_armed", "host": "d6b2a058c4be", "pid": 107344, "rank": null, "stage": "queue_list_for_pop", "timeout_sec": 30.0, "ts": "2026-10-04 14:57:49"}
[DBG] {"category": "QUEUE", "component": "queue", "elapsed_sec": 0.001936, "event": "END:queue_list_for_pop", "host": "d6b2a058c4be", "pid": 107344, "rank": null, "ts": "2026-10-04 14:57:49"}
[DBG] {"available": 0, "category": "QUEUE", "component": "queue", "event": "pop_scan", "exact": true, "host": "d6b2a058c4be", "pid": 107344, "queue": "preference", "rank": null, "requested": 4, "selected": 0, "selected_keys": [], "stale": 0, "stale_keys": [], "ts": "2026-10-04 14:57:49"}
[DBG] {"available": 0, "category": "QUEUE", "component": "queue", "event": "pop_not_enough", "host": "d6b2a058c4be", "pid": 107344, "queue": "preference", "rank": null, "requested": 4, "ts": "2026-10-04 14:57:49"}
[DBG] {"category": "QUEUE", "component": "queue", "current_version": 0, "event": "BEGIN:queue_list_for_pop", "exact": true, "host": "d6b2a058c4be", "max_lag": 3, "pid": 107344, "queue": "preference", "rank": null, "requested": 4, "ts": "2026-10-04 14:57:49"}
[DBG] {"category": "QUEUE", "component": "queue", "event": "watchdog_armed", "host": "d6b2a058c4be", "pid": 107344, "rank": null, "stage": "queue_list_for_pop", "timeout_sec": 30.0, "ts": "2026-10-04 14:57:49"}
[DBG] {"category": "QUEUE", "component": "queue", "elapsed_sec": 0.00182, "event": "END:queue_list_for_pop", "host": "d6b2a058c4be", "pid": 107344, "rank": null, "ts": "2026-10-04 14:57:49"}
[DBG] {"available": 0, "category": "QUEUE", "component": "queue", "event": "pop_scan", "exact": true, "host": "d6b2a058c4be", "pid": 107344, "queue": "preference", "rank": null, "requested": 4, "selected": 0, "selected_keys": [], "stale": 0, "stale_keys": [], "ts": "2026-10-04 14:57:49"}
[DBG] {"available": 0, "category": "QUEUE", "component": "queue", "event": "pop_not_enough", "host": "d6b2a058c4be", "pid": 107344, "queue": "preference", "rank": null, "requested": 4, "ts": "2026-10-04 14:57:49"}
[DBG] {"category": "QUEUE", "component": "queue", "current_version": 0, "event": "BEGIN:queue_list_for_pop", "exact": true, "host": "d6b2a058c4be", "max_lag": 3, "pid": 107344, "queue": "preference", "rank": null, "requested": 4, "ts": "2026-10-04 14:57:50"}
[DBG] {"category": "QUEUE", "component": "queue", "event": "watchdog_armed", "host": "d6b2a058c4be", "pid": 107344, "rank": null, "stage": "queue_list_for_pop", "timeout_sec": 30.0, "ts": "2026-10-04 14:57:50"}
[DBG] {"category": "QUEUE", "component": "queue", "elapsed_sec": 0.001885, "event": "END:queue_list_for_pop", "host": "d6b2a058c4be", "pid": 107344, "rank": null, "ts": "2026-10-04 14:57:50"}
[DBG] {"available": 0, "category": "QUEUE", "component": "queue", "event": "pop_scan", "exact": true, "host": "d6b2a058c4be", "pid": 107344, "queue": "preference", "rank": null, "requested": 4, "selected": 0, "selected_keys": [], "stale": 0, "stale_keys": [], "ts": "2026-10-04 14:57:50"}
[DBG] {"available": 0, "category": "QUEUE", "component": "queue", "event": "pop_not_enough", "host": "d6b2a058c4be", "pid": 107344, "queue": "preference", "rank": null, "requested": 4, "ts": "2026-10-04 14:57:50"}
[DBG] {"category": "QUEUE", "component": "queue", "current_version": 0, "event": "BEGIN:queue_list_for_pop", "exact": true, "host": "d6b2a058c4be", "max_lag": 3, "pid": 107344, "queue": "preference", "rank": null, "requested": 4, "ts": "2026-10-04 14:57:50"}
[DBG] {"category": "QUEUE", "component": "queue", "event": "watchdog_armed", "host": "d6b2a058c4be", "pid": 107344, "rank": null, "stage": "queue_list_for_pop", "timeout_sec": 30.0, "ts": "2026-10-04 14:57:50"}
[DBG] {"category": "QUEUE", "component": "queue", "elapsed_sec": 0.001762, "event": "END:queue_list_for_pop", "host": "d6b2a058c4be", "pid": 107344, "rank": null, "ts": "2026-10-04 14:57:50"}
[DBG] {"available": 0, "category": "QUEUE", "component": "queue", "event": "pop_scan", "exact": true, "host": "d6b2a058c4be", "pid": 107344, "queue": "preference", "rank": null, "requested": 4, "selected": 0, "selected_keys": [], "stale": 0, "stale_keys": [], "ts": "2026-10-04 14:57:50"}
[DBG] {"available": 0, "category": "QUEUE", "component": "queue", "event": "pop_not_enough", "host": "d6b2a058c4be", "pid": 107344, "queue": "preference", "rank": null, "requested": 4, "ts": "2026-10-04 14:57:50"}
[DBG] {"category": "QUEUE", "component": "queue", "current_version": 0, "event": "BEGIN:queue_list_for_pop", "exact": true, "host": "d6b2a058c4be", "max_lag": 3, "pid": 107344, "queue": "preference", "rank": null, "requested": 4, "ts": "2026-10-04 14:57:51"}
[DBG] {"category": "QUEUE", "component": "queue", "event": "watchdog_armed", "host": "d6b2a058c4be", "pid": 107344, "rank": null, "stage": "queue_list_for_pop", "timeout_sec": 30.0, "ts": "2026-10-04 14:57:51"}
[DBG] {"category": "QUEUE", "component": "queue", "elapsed_sec": 0.001807, "event": "END:queue_list_for_pop", "host": "d6b2a058c4be", "pid": 107344, "rank": null, "ts": "2026-10-04 14:57:51"}
[DBG] {"available": 0, "category": "QUEUE", "component": "queue", "event": "pop_scan", "exact": true, "host": "d6b2a058c4be", "pid": 107344, "queue": "preference", "rank": null, "requested": 4, "selected": 0, "selected_keys": [], "stale": 0, "stale_keys": [], "ts": "2026-10-04 14:57:51"}
[DBG] {"available": 0, "category": "QUEUE", "component": "queue", "event": "pop_not_enough", "host": "d6b2a058c4be", "pid": 107344, "queue": "preference", "rank": null, "requested": 4, "ts": "2026-10-04 14:57:51"}
[DBG] {"category": "QUEUE", "component": "queue", "current_version": 0, "event": "BEGIN:queue_list_for_pop", "exact": true, "host": "d6b2a058c4be", "max_lag": 3, "pid": 107344, "queue": "preference", "rank": null, "requested": 4, "ts": "2026-10-04 14:57:51"}
[DBG] {"category": "QUEUE", "component": "queue", "event": "watchdog_armed", "host": "d6b2a058c4be", "pid": 107344, "rank": null, "stage": "queue_list_for_pop", "timeout_sec": 30.0, "ts": "2026-10-04 14:57:51"}
[DBG] {"category": "QUEUE", "component": "queue", "elapsed_sec": 0.001896, "event": "END:queue_list_for_pop", "host": "d6b2a058c4be", "pid": 107344, "rank": null, "ts": "2026-10-04 14:57:51"}
[DBG] {"available": 0, "category": "QUEUE", "component": "queue", "event": "pop_scan", "exact": true, "host": "d6b2a058c4be", "pid": 107344, "queue": "preference", "rank": null, "requested": 4, "selected": 0, "selected_keys": [], "stale": 0, "stale_keys": [], "ts": "2026-10-04 14:57:51"}
[DBG] {"available": 0, "category": "QUEUE", "component": "queue", "event": "pop_not_enough", "host": "d6b2a058c4be", "pid": 107344, "queue": "preference", "rank": null, "requested": 4, "ts": "2026-10-04 14:57:51"}
[DBG] {"category": "QUEUE", "component": "queue", "current_version": 0, "event": "BEGIN:queue_list_for_pop", "exact": true, "host": "d6b2a058c4be", "max_lag": 3, "pid": 107344, "queue": "preference", "rank": null, "requested": 4, "ts": "2026-10-04 14:57:52"}
[DBG] {"category": "QUEUE", "component": "queue", "event": "watchdog_armed", "host": "d6b2a058c4be", "pid": 107344, "rank": null, "stage": "queue_list_for_pop", "timeout_sec": 30.0, "ts": "2026-10-04 14:57:52"}
[DBG] {"category": "QUEUE", "component": "queue", "elapsed_sec": 0.001893, "event": "END:queue_list_for_pop", "host": "d6b2a058c4be", "pid": 107344, "rank": null, "ts": "2026-10-04 14:57:52"}
[DBG] {"available": 0, "category": "QUEUE", "component": "queue", "event": "pop_scan", "exact": true, "host": "d6b2a058c4be", "pid": 107344, "queue": "preference", "rank": null, "requested": 4, "selected": 0, "selected_keys": [], "stale": 0, "stale_keys": [], "ts": "2026-10-04 14:57:52"}
[DBG] {"available": 0, "category": "QUEUE", "component": "queue", "event": "pop_not_enough", "host": "d6b2a058c4be", "pid": 107344, "queue": "preference", "rank": null, "requested": 4, "ts": "2026-10-04 14:57:52"}
[DBG] {"category": "QUEUE", "component": "queue", "current_version": 0, "event": "BEGIN:queue_list_for_pop", "exact": true, "host": "d6b2a058c4be", "max_lag": 3, "pid": 107344, "queue": "preference", "rank": null, "requested": 4, "ts": "2026-10-04 14:57:52"}
[DBG] {"category": "QUEUE", "component": "queue", "event": "watchdog_armed", "host": "d6b2a058c4be", "pid": 107344, "rank": null, "stage": "queue_list_for_pop", "timeout_sec": 30.0, "ts": "2026-10-04 14:57:52"}
[DBG] {"category": "QUEUE", "component": "queue", "elapsed_sec": 0.001808, "event": "END:queue_list_for_pop", "host": "d6b2a058c4be", "pid": 107344, "rank": null, "ts": "2026-10-04 14:57:52"}
[DBG] {"available": 0, "category": "QUEUE", "component": "queue", "event": "pop_scan", "exact": true, "host": "d6b2a058c4be", "pid": 107344, "queue": "preference", "rank": null, "requested": 4, "selected": 0, "selected_keys": [], "stale": 0, "stale_keys": [], "ts": "2026-10-04 14:57:52"}
[DBG] {"available": 0, "category": "QUEUE", "component": "queue", "event": "pop_not_enough", "host": "d6b2a058c4be", "pid": 107344, "queue": "preference", "rank": null, "requested": 4, "ts": "2026-10-04 14:57:52"}
[DBG] {"category": "QUEUE", "component": "queue", "current_version": 0, "event": "BEGIN:queue_list_for_pop", "exact": true, "host": "d6b2a058c4be", "max_lag": 3, "pid": 107344, "queue": "preference", "rank": null, "requested": 4, "ts": "2026-10-04 14:57:53"}
[DBG] {"category": "QUEUE", "component": "queue", "event": "watchdog_armed", "host": "d6b2a058c4be", "pid": 107344, "rank": null, "stage": "queue_list_for_pop", "timeout_sec": 30.0, "ts": "2026-10-04 14:57:53"}
[DBG] {"category": "QUEUE", "component": "queue", "elapsed_sec": 0.001773, "event": "END:queue_list_for_pop", "host": "d6b2a058c4be", "pid": 107344, "rank": null, "ts": "2026-10-04 14:57:53"}
[DBG] {"available": 0, "category": "QUEUE", "component": "queue", "event": "pop_scan", "exact": true, "host": "d6b2a058c4be", "pid": 107344, "queue": "preference", "rank": null, "requested": 4, "selected": 0, "selected_keys": [], "stale": 0, "stale_keys": [], "ts": "2026-10-04 14:57:53"}
[DBG] {"available": 0, "category": "QUEUE", "component": "queue", "event": "pop_not_enough", "host": "d6b2a058c4be", "pid": 107344, "queue": "preference", "rank": null, "requested": 4, "ts": "2026-10-04 14:57:53"}
[DBG] {"category": "QUEUE", "component": "queue", "current_version": 0, "event": "BEGIN:queue_list_for_pop", "exact": true, "host": "d6b2a058c4be", "max_lag": 3, "pid": 107344, "queue": "preference", "rank": null, "requested": 4, "ts": "2026-10-04 14:57:53"}
[DBG] {"category": "QUEUE", "component": "queue", "event": "watchdog_armed", "host": "d6b2a058c4be", "pid": 107344, "rank": null, "stage": "queue_list_for_pop", "timeout_sec": 30.0, "ts": "2026-10-04 14:57:53"}
[DBG] {"category": "QUEUE", "component": "queue", "elapsed_sec": 0.001976, "event": "END:queue_list_for_pop", "host": "d6b2a058c4be", "pid": 107344, "rank": null, "ts": "2026-10-04 14:57:53"}
[DBG] {"available": 0, "category": "QUEUE", "component": "queue", "event": "pop_scan", "exact": true, "host": "d6b2a058c4be", "pid": 107344, "queue": "preference", "rank": null, "requested": 4, "selected": 0, "selected_keys": [], "stale": 0, "stale_keys": [], "ts": "2026-10-04 14:57:53"}
[DBG] {"available": 0, "category": "QUEUE", "component": "queue", "event": "pop_not_enough", "host": "d6b2a058c4be", "pid": 107344, "queue": "preference", "rank": null, "requested": 4, "ts": "2026-10-04 14:57:53"}
[DBG] {"category": "QUEUE", "component": "queue", "current_version": 0, "event": "BEGIN:queue_list_for_pop", "exact": true, "host": "d6b2a058c4be", "max_lag": 3, "pid": 107344, "queue": "preference", "rank": null, "requested": 4, "ts": "2026-10-04 14:57:54"}
[DBG] {"category": "QUEUE", "component": "queue", "event": "watchdog_armed", "host": "d6b2a058c4be", "pid": 107344, "rank": null, "stage": "queue_list_for_pop", "timeout_sec": 30.0, "ts": "2026-10-04 14:57:54"}
[DBG] {"category": "QUEUE", "component": "queue", "elapsed_sec": 0.001913, "event": "END:queue_list_for_pop", "host": "d6b2a058c4be", "pid": 107344, "rank": null, "ts": "2026-10-04 14:57:54"}
[DBG] {"available": 0, "category": "QUEUE", "component": "queue", "event": "pop_scan", "exact": true, "host": "d6b2a058c4be", "pid": 107344, "queue": "preference", "rank": null, "requested": 4, "selected": 0, "selected_keys": [], "stale": 0, "stale_keys": [], "ts": "2026-10-04 14:57:54"}
[DBG] {"available": 0, "category": "QUEUE", "component": "queue", "event": "pop_not_enough", "host": "d6b2a058c4be", "pid": 107344, "queue": "preference", "rank": null, "requested": 4, "ts": "2026-10-04 14:57:54"}
[DBG] {"category": "QUEUE", "component": "queue", "current_version": 0, "event": "BEGIN:queue_list_for_pop", "exact": true, "host": "d6b2a058c4be", "max_lag": 3, "pid": 107344, "queue": "preference", "rank": null, "requested": 4, "ts": "2026-10-04 14:57:54"}
[DBG] {"category": "QUEUE", "component": "queue", "event": "watchdog_armed", "host": "d6b2a058c4be", "pid": 107344, "rank": null, "stage": "queue_list_for_pop", "timeout_sec": 30.0, "ts": "2026-10-04 14:57:54"}
[DBG] {"category": "QUEUE", "component": "queue", "elapsed_sec": 0.001724, "event": "END:queue_list_for_pop", "host": "d6b2a058c4be", "pid": 107344, "rank": null, "ts": "2026-10-04 14:57:54"}
[DBG] {"available": 0, "category": "QUEUE", "component": "queue", "event": "pop_scan", "exact": true, "host": "d6b2a058c4be", "pid": 107344, "queue": "preference", "rank": null, "requested": 4, "selected": 0, "selected_keys": [], "stale": 0, "stale_keys": [], "ts": "2026-10-04 14:57:54"}
[DBG] {"available": 0, "category": "QUEUE", "component": "queue", "event": "pop_not_enough", "host": "d6b2a058c4be", "pid": 107344, "queue": "preference", "rank": null, "requested": 4, "ts": "2026-10-04 14:57:54"}
[DBG] {"category": "QUEUE", "component": "queue", "current_version": 0, "event": "BEGIN:queue_list_for_pop", "exact": true, "host": "d6b2a058c4be", "max_lag": 3, "pid": 107344, "queue": "preference", "rank": null, "requested": 4, "ts": "2026-10-04 14:57:55"}
[DBG] {"category": "QUEUE", "component": "queue", "event": "watchdog_armed", "host": "d6b2a058c4be", "pid": 107344, "rank": null, "stage": "queue_list_for_pop", "timeout_sec": 30.0, "ts": "2026-10-04 14:57:55"}
[DBG] {"category": "QUEUE", "component": "queue", "elapsed_sec": 0.00181, "event": "END:queue_list_for_pop", "host": "d6b2a058c4be", "pid": 107344, "rank": null, "ts": "2026-10-04 14:57:55"}
[DBG] {"available": 0, "category": "QUEUE", "component": "queue", "event": "pop_scan", "exact": true, "host": "d6b2a058c4be", "pid": 107344, "queue": "preference", "rank": null, "requested": 4, "selected": 0, "selected_keys": [], "stale": 0, "stale_keys": [], "ts": "2026-10-04 14:57:55"}
[DBG] {"available": 0, "category": "QUEUE", "component": "queue", "event": "pop_not_enough", "host": "d6b2a058c4be", "pid": 107344, "queue": "preference", "rank": null, "requested": 4, "ts": "2026-10-04 14:57:55"}
[DBG] {"category": "QUEUE", "component": "queue", "current_version": 0, "event": "BEGIN:queue_list_for_pop", "exact": true, "host": "d6b2a058c4be", "max_lag": 3, "pid": 107344, "queue": "preference", "rank": null, "requested": 4, "ts": "2026-10-04 14:57:55"}
[DBG] {"category": "QUEUE", "component": "queue", "event": "watchdog_armed", "host": "d6b2a058c4be", "pid": 107344, "rank": null, "stage": "queue_list_for_pop", "timeout_sec": 30.0, "ts": "2026-10-04 14:57:55"}
[DBG] {"category": "QUEUE", "component": "queue", "elapsed_sec": 0.002081, "event": "END:queue_list_for_pop", "host": "d6b2a058c4be", "pid": 107344, "rank": null, "ts": "2026-10-04 14:57:55"}
[DBG] {"available": 0, "category": "QUEUE", "component": "queue", "event": "pop_scan", "exact": true, "host": "d6b2a058c4be", "pid": 107344, "queue": "preference", "rank": null, "requested": 4, "selected": 0, "selected_keys": [], "stale": 0, "stale_keys": [], "ts": "2026-10-04 14:57:55"}
[DBG] {"available": 0, "category": "QUEUE", "component": "queue", "event": "pop_not_enough", "host": "d6b2a058c4be", "pid": 107344, "queue": "preference", "rank": null, "requested": 4, "ts": "2026-10-04 14:57:55"}
[DBG] {"category": "QUEUE", "component": "queue", "current_version": 0, "event": "BEGIN:queue_list_for_pop", "exact": true, "host": "d6b2a058c4be", "max_lag": 3, "pid": 107344, "queue": "preference", "rank": null, "requested": 4, "ts": "2026-10-04 14:57:56"}
[DBG] {"category": "QUEUE", "component": "queue", "event": "watchdog_armed", "host": "d6b2a058c4be", "pid": 107344, "rank": null, "stage": "queue_list_for_pop", "timeout_sec": 30.0, "ts": "2026-10-04 14:57:56"}
[DBG] {"category": "QUEUE", "component": "queue", "elapsed_sec": 0.001818, "event": "END:queue_list_for_pop", "host": "d6b2a058c4be", "pid": 107344, "rank": null, "ts": "2026-10-04 14:57:56"}
[DBG] {"available": 0, "category": "QUEUE", "component": "queue", "event": "pop_scan", "exact": true, "host": "d6b2a058c4be", "pid": 107344, "queue": "preference", "rank": null, "requested": 4, "selected": 0, "selected_keys": [], "stale": 0, "stale_keys": [], "ts": "2026-10-04 14:57:56"}
[DBG] {"available": 0, "category": "QUEUE", "component": "queue", "event": "pop_not_enough", "host": "d6b2a058c4be", "pid": 107344, "queue": "preference", "rank": null, "requested": 4, "ts": "2026-10-04 14:57:56"}
[DBG] {"category": "QUEUE", "component": "queue", "current_version": 0, "event": "BEGIN:queue_list_for_pop", "exact": true, "host": "d6b2a058c4be", "max_lag": 3, "pid": 107344, "queue": "preference", "rank": null, "requested": 4, "ts": "2026-10-04 14:57:56"}
[DBG] {"category": "QUEUE", "component": "queue", "event": "watchdog_armed", "host": "d6b2a058c4be", "pid": 107344, "rank": null, "stage": "queue_list_for_pop", "timeout_sec": 30.0, "ts": "2026-10-04 14:57:56"}
[DBG] {"category": "QUEUE", "component": "queue", "elapsed_sec": 0.001734, "event": "END:queue_list_for_pop", "host": "d6b2a058c4be", "pid": 107344, "rank": null, "ts": "2026-10-04 14:57:56"}
[DBG] {"available": 0, "category": "QUEUE", "component": "queue", "event": "pop_scan", "exact": true, "host": "d6b2a058c4be", "pid": 107344, "queue": "preference", "rank": null, "requested": 4, "selected": 0, "selected_keys": [], "stale": 0, "stale_keys": [], "ts": "2026-10-04 14:57:56"}
[DBG] {"available": 0, "category": "QUEUE", "component": "queue", "event": "pop_not_enough", "host": "d6b2a058c4be", "pid": 107344, "queue": "preference", "rank": null, "requested": 4, "ts": "2026-10-04 14:57:56"}
[DBG] {"category": "QUEUE", "component": "queue", "current_version": 0, "event": "BEGIN:queue_list_for_pop", "exact": true, "host": "d6b2a058c4be", "max_lag": 3, "pid": 107344, "queue": "preference", "rank": null, "requested": 4, "ts": "2026-10-04 14:57:57"}
[DBG] {"category": "QUEUE", "component": "queue", "event": "watchdog_armed", "host": "d6b2a058c4be", "pid": 107344, "rank": null, "stage": "queue_list_for_pop", "timeout_sec": 30.0, "ts": "2026-10-04 14:57:57"}
[DBG] {"category": "QUEUE", "component": "queue", "elapsed_sec": 0.00174, "event": "END:queue_list_for_pop", "host": "d6b2a058c4be", "pid": 107344, "rank": null, "ts": "2026-10-04 14:57:57"}
[DBG] {"available": 0, "category": "QUEUE", "component": "queue", "event": "pop_scan", "exact": true, "host": "d6b2a058c4be", "pid": 107344, "queue": "preference", "rank": null, "requested": 4, "selected": 0, "selected_keys": [], "stale": 0, "stale_keys": [], "ts": "2026-10-04 14:57:57"}
[DBG] {"available": 0, "category": "QUEUE", "component": "queue", "event": "pop_not_enough", "host": "d6b2a058c4be", "pid": 107344, "queue": "preference", "rank": null, "requested": 4, "ts": "2026-10-04 14:57:57"}
[DBG] {"category": "QUEUE", "component": "queue", "current_version": 0, "event": "BEGIN:queue_list_for_pop", "exact": true, "host": "d6b2a058c4be", "max_lag": 3, "pid": 107344, "queue": "preference", "rank": null, "requested": 4, "ts": "2026-10-04 14:57:57"}
[DBG] {"category": "QUEUE", "component": "queue", "event": "watchdog_armed", "host": "d6b2a058c4be", "pid": 107344, "rank": null, "stage": "queue_list_for_pop", "timeout_sec": 30.0, "ts": "2026-10-04 14:57:57"}
[DBG] {"category": "QUEUE", "component": "queue", "elapsed_sec": 0.001852, "event": "END:queue_list_for_pop", "host": "d6b2a058c4be", "pid": 107344, "rank": null, "ts": "2026-10-04 14:57:57"}
[DBG] {"available": 0, "category": "QUEUE", "component": "queue", "event": "pop_scan", "exact": true, "host": "d6b2a058c4be", "pid": 107344, "queue": "preference", "rank": null, "requested": 4, "selected": 0, "selected_keys": [], "stale": 0, "stale_keys": [], "ts": "2026-10-04 14:57:57"}
[DBG] {"available": 0, "category": "QUEUE", "component": "queue", "event": "pop_not_enough", "host": "d6b2a058c4be", "pid": 107344, "queue": "preference", "rank": null, "requested": 4, "ts": "2026-10-04 14:57:57"}
[DBG] {"category": "QUEUE", "component": "queue", "current_version": 0, "event": "BEGIN:queue_list_for_pop", "exact": true, "host": "d6b2a058c4be", "max_lag": 3, "pid": 107344, "queue": "preference", "rank": null, "requested": 4, "ts": "2026-10-04 14:57:58"}
[DBG] {"category": "QUEUE", "component": "queue", "event": "watchdog_armed", "host": "d6b2a058c4be", "pid": 107344, "rank": null, "stage": "queue_list_for_pop", "timeout_sec": 30.0, "ts": "2026-10-04 14:57:58"}
[DBG] {"category": "QUEUE", "component": "queue", "elapsed_sec": 0.001826, "event": "END:queue_list_for_pop", "host": "d6b2a058c4be", "pid": 107344, "rank": null, "ts": "2026-10-04 14:57:58"}
[DBG] {"available": 0, "category": "QUEUE", "component": "queue", "event": "pop_scan", "exact": true, "host": "d6b2a058c4be", "pid": 107344, "queue": "preference", "rank": null, "requested": 4, "selected": 0, "selected_keys": [], "stale": 0, "stale_keys": [], "ts": "2026-10-04 14:57:58"}
[DBG] {"available": 0, "category": "QUEUE", "component": "queue", "event": "pop_not_enough", "host": "d6b2a058c4be", "pid": 107344, "queue": "preference", "rank": null, "requested": 4, "ts": "2026-10-04 14:57:58"}
[DBG] {"category": "QUEUE", "component": "queue", "current_version": 0, "event": "BEGIN:queue_list_for_pop", "exact": true, "host": "d6b2a058c4be", "max_lag": 3, "pid": 107344, "queue": "preference", "rank": null, "requested": 4, "ts": "2026-10-04 14:57:58"}
[DBG] {"category": "QUEUE", "component": "queue", "event": "watchdog_armed", "host": "d6b2a058c4be", "pid": 107344, "rank": null, "stage": "queue_list_for_pop", "timeout_sec": 30.0, "ts": "2026-10-04 14:57:58"}
[DBG] {"category": "QUEUE", "component": "queue", "elapsed_sec": 0.00352, "event": "END:queue_list_for_pop", "host": "d6b2a058c4be", "pid": 107344, "rank": null, "ts": "2026-10-04 14:57:58"}
[DBG] {"available": 0, "category": "QUEUE", "component": "queue", "event": "pop_scan", "exact": true, "host": "d6b2a058c4be", "pid": 107344, "queue": "preference", "rank": null, "requested": 4, "selected": 0, "selected_keys": [], "stale": 0, "stale_keys": [], "ts": "2026-10-04 14:57:58"}
[DBG] {"available": 0, "category": "QUEUE", "component": "queue", "event": "pop_not_enough", "host": "d6b2a058c4be", "pid": 107344, "queue": "preference", "rank": null, "requested": 4, "ts": "2026-10-04 14:57:58"}
[DBG] {"category": "QUEUE", "component": "queue", "current_version": 0, "event": "BEGIN:queue_list_for_pop", "exact": true, "host": "d6b2a058c4be", "max_lag": 3, "pid": 107344, "queue": "preference", "rank": null, "requested": 4, "ts": "2026-10-04 14:57:59"}
[DBG] {"category": "QUEUE", "component": "queue", "event": "watchdog_armed", "host": "d6b2a058c4be", "pid": 107344, "rank": null, "stage": "queue_list_for_pop", "timeout_sec": 30.0, "ts": "2026-10-04 14:57:59"}
[DBG] {"category": "QUEUE", "component": "queue", "elapsed_sec": 0.003424, "event": "END:queue_list_for_pop", "host": "d6b2a058c4be", "pid": 107344, "rank": null, "ts": "2026-10-04 14:57:59"}
[DBG] {"available": 0, "category": "QUEUE", "component": "queue", "event": "pop_scan", "exact": true, "host": "d6b2a058c4be", "pid": 107344, "queue": "preference", "rank": null, "requested": 4, "selected": 0, "selected_keys": [], "stale": 0, "stale_keys": [], "ts": "2026-10-04 14:57:59"}
[DBG] {"available": 0, "category": "QUEUE", "component": "queue", "event": "pop_not_enough", "host": "d6b2a058c4be", "pid": 107344, "queue": "preference", "rank": null, "requested": 4, "ts": "2026-10-04 14:57:59"}
[DBG] {"category": "QUEUE", "component": "queue", "current_version": 0, "event": "BEGIN:queue_list_for_pop", "exact": true, "host": "d6b2a058c4be", "max_lag": 3, "pid": 107344, "queue": "preference", "rank": null, "requested": 4, "ts": "2026-10-04 14:58:00"}
[DBG] {"category": "QUEUE", "component": "queue", "event": "watchdog_armed", "host": "d6b2a058c4be", "pid": 107344, "rank": null, "stage": "queue_list_for_pop", "timeout_sec": 30.0, "ts": "2026-10-04 14:58:00"}
[DBG] {"category": "QUEUE", "component": "queue", "elapsed_sec": 0.003435, "event": "END:queue_list_for_pop", "host": "d6b2a058c4be", "pid": 107344, "rank": null, "ts": "2026-10-04 14:58:00"}
[DBG] {"available": 0, "category": "QUEUE", "component": "queue", "event": "pop_scan", "exact": true, "host": "d6b2a058c4be", "pid": 107344, "queue": "preference", "rank": null, "requested": 4, "selected": 0, "selected_keys": [], "stale": 0, "stale_keys": [], "ts": "2026-10-04 14:58:00"}
[DBG] {"available": 0, "category": "QUEUE", "component": "queue", "event": "pop_not_enough", "host": "d6b2a058c4be", "pid": 107344, "queue": "preference", "rank": null, "requested": 4, "ts": "2026-10-04 14:58:00"}
[DBG] {"category": "QUEUE", "component": "queue", "current_version": 0, "event": "BEGIN:queue_list_for_pop", "exact": true, "host": "d6b2a058c4be", "max_lag": 3, "pid": 107344, "queue": "preference", "rank": null, "requested": 4, "ts": "2026-10-04 14:58:00"}
[DBG] {"category": "QUEUE", "component": "queue", "event": "watchdog_armed", "host": "d6b2a058c4be", "pid": 107344, "rank": null, "stage": "queue_list_for_pop", "timeout_sec": 30.0, "ts": "2026-10-04 14:58:00"}
[DBG] {"category": "QUEUE", "component": "queue", "elapsed_sec": 0.003303, "event": "END:queue_list_for_pop", "host": "d6b2a058c4be", "pid": 107344, "rank": null, "ts": "2026-10-04 14:58:00"}
[DBG] {"available": 0, "category": "QUEUE", "component": "queue", "event": "pop_scan", "exact": true, "host": "d6b2a058c4be", "pid": 107344, "queue": "preference", "rank": null, "requested": 4, "selected": 0, "selected_keys": [], "stale": 0, "stale_keys": [], "ts": "2026-10-04 14:58:00"}
[DBG] {"available": 0, "category": "QUEUE", "component": "queue", "event": "pop_not_enough", "host": "d6b2a058c4be", "pid": 107344, "queue": "preference", "rank": null, "requested": 4, "ts": "2026-10-04 14:58:00"}
[DBG] {"category": "QUEUE", "component": "queue", "current_version": 0, "event": "BEGIN:queue_list_for_pop", "exact": true, "host": "d6b2a058c4be", "max_lag": 3, "pid": 107344, "queue": "preference", "rank": null, "requested": 4, "ts": "2026-10-04 14:58:01"}
[DBG] {"category": "QUEUE", "component": "queue", "event": "watchdog_armed", "host": "d6b2a058c4be", "pid": 107344, "rank": null, "stage": "queue_list_for_pop", "timeout_sec": 30.0, "ts": "2026-10-04 14:58:01"}
[DBG] {"category": "QUEUE", "component": "queue", "elapsed_sec": 0.00325, "event": "END:queue_list_for_pop", "host": "d6b2a058c4be", "pid": 107344, "rank": null, "ts": "2026-10-04 14:58:01"}
[DBG] {"available": 0, "category": "QUEUE", "component": "queue", "event": "pop_scan", "exact": true, "host": "d6b2a058c4be", "pid": 107344, "queue": "preference", "rank": null, "requested": 4, "selected": 0, "selected_keys": [], "stale": 0, "stale_keys": [], "ts": "2026-10-04 14:58:01"}
[DBG] {"available": 0, "category": "QUEUE", "component": "queue", "event": "pop_not_enough", "host": "d6b2a058c4be", "pid": 107344, "queue": "preference", "rank": null, "requested": 4, "ts": "2026-10-04 14:58:01"}
[DBG] {"category": "QUEUE", "component": "queue", "current_version": 0, "event": "BEGIN:queue_list_for_pop", "exact": true, "host": "d6b2a058c4be", "max_lag": 3, "pid": 107344, "queue": "preference", "rank": null, "requested": 4, "ts": "2026-10-04 14:58:01"}
[DBG] {"category": "QUEUE", "component": "queue", "event": "watchdog_armed", "host": "d6b2a058c4be", "pid": 107344, "rank": null, "stage": "queue_list_for_pop", "timeout_sec": 30.0, "ts": "2026-10-04 14:58:01"}
[DBG] {"category": "QUEUE", "component": "queue", "elapsed_sec": 0.003262, "event": "END:queue_list_for_pop", "host": "d6b2a058c4be", "pid": 107344, "rank": null, "ts": "2026-10-04 14:58:01"}
[DBG] {"available": 0, "category": "QUEUE", "component": "queue", "event": "pop_scan", "exact": true, "host": "d6b2a058c4be", "pid": 107344, "queue": "preference", "rank": null, "requested": 4, "selected": 0, "selected_keys": [], "stale": 0, "stale_keys": [], "ts": "2026-10-04 14:58:01"}
[DBG] {"available": 0, "category": "QUEUE", "component": "queue", "event": "pop_not_enough", "host": "d6b2a058c4be", "pid": 107344, "queue": "preference", "rank": null, "requested": 4, "ts": "2026-10-04 14:58:01"}
[DBG] {"category": "QUEUE", "component": "queue", "current_version": 0, "event": "BEGIN:queue_list_for_pop", "exact": true, "host": "d6b2a058c4be", "max_lag": 3, "pid": 107344, "queue": "preference", "rank": null, "requested": 4, "ts": "2026-10-04 14:58:02"}
[DBG] {"category": "QUEUE", "component": "queue", "event": "watchdog_armed", "host": "d6b2a058c4be", "pid": 107344, "rank": null, "stage": "queue_list_for_pop", "timeout_sec": 30.0, "ts": "2026-10-04 14:58:02"}
[DBG] {"category": "QUEUE", "component": "queue", "elapsed_sec": 0.003319, "event": "END:queue_list_for_pop", "host": "d6b2a058c4be", "pid": 107344, "rank": null, "ts": "2026-10-04 14:58:02"}
[DBG] {"available": 0, "category": "QUEUE", "component": "queue", "event": "pop_scan", "exact": true, "host": "d6b2a058c4be", "pid": 107344, "queue": "preference", "rank": null, "requested": 4, "selected": 0, "selected_keys": [], "stale": 0, "stale_keys": [], "ts": "2026-10-04 14:58:02"}
[DBG] {"available": 0, "category": "QUEUE", "component": "queue", "event": "pop_not_enough", "host": "d6b2a058c4be", "pid": 107344, "queue": "preference", "rank": null, "requested": 4, "ts": "2026-10-04 14:58:02"}
[DBG] {"category": "QUEUE", "component": "queue", "current_version": 0, "event": "BEGIN:queue_list_for_pop", "exact": true, "host": "d6b2a058c4be", "max_lag": 3, "pid": 107344, "queue": "preference", "rank": null, "requested": 4, "ts": "2026-10-04 14:58:02"}
[DBG] {"category": "QUEUE", "component": "queue", "event": "watchdog_armed", "host": "d6b2a058c4be", "pid": 107344, "rank": null, "stage": "queue_list_for_pop", "timeout_sec": 30.0, "ts": "2026-10-04 14:58:02"}
[DBG] {"category": "QUEUE", "component": "queue", "elapsed_sec": 0.002603, "event": "END:queue_list_for_pop", "host": "d6b2a058c4be", "pid": 107344, "rank": null, "ts": "2026-10-04 14:58:02"}
[DBG] {"available": 0, "category": "QUEUE", "component": "queue", "event": "pop_scan", "exact": true, "host": "d6b2a058c4be", "pid": 107344, "queue": "preference", "rank": null, "requested": 4, "selected": 0, "selected_keys": [], "stale": 0, "stale_keys": [], "ts": "2026-10-04 14:58:02"}
[DBG] {"available": 0, "category": "QUEUE", "component": "queue", "event": "pop_not_enough", "host": "d6b2a058c4be", "pid": 107344, "queue": "preference", "rank": null, "requested": 4, "ts": "2026-10-04 14:58:02"}
[DBG] {"category": "QUEUE", "component": "queue", "current_version": 0, "event": "BEGIN:queue_list_for_pop", "exact": true, "host": "d6b2a058c4be", "max_lag": 3, "pid": 107344, "queue": "preference", "rank": null, "requested": 4, "ts": "2026-10-04 14:58:03"}
[DBG] {"category": "QUEUE", "component": "queue", "event": "watchdog_armed", "host": "d6b2a058c4be", "pid": 107344, "rank": null, "stage": "queue_list_for_pop", "timeout_sec": 30.0, "ts": "2026-10-04 14:58:03"}
[DBG] {"category": "QUEUE", "component": "queue", "elapsed_sec": 0.00145, "event": "END:queue_list_for_pop", "host": "d6b2a058c4be", "pid": 107344, "rank": null, "ts": "2026-10-04 14:58:03"}
[DBG] {"available": 0, "category": "QUEUE", "component": "queue", "event": "pop_scan", "exact": true, "host": "d6b2a058c4be", "pid": 107344, "queue": "preference", "rank": null, "requested": 4, "selected": 0, "selected_keys": [], "stale": 0, "stale_keys": [], "ts": "2026-10-04 14:58:03"}
[DBG] {"available": 0, "category": "QUEUE", "component": "queue", "event": "pop_not_enough", "host": "d6b2a058c4be", "pid": 107344, "queue": "preference", "rank": null, "requested": 4, "ts": "2026-10-04 14:58:03"}
[DBG] {"category": "QUEUE", "component": "queue", "current_version": 0, "event": "BEGIN:queue_list_for_pop", "exact": true, "host": "d6b2a058c4be", "max_lag": 3, "pid": 107344, "queue": "preference", "rank": null, "requested": 4, "ts": "2026-10-04 14:58:03"}
[DBG] {"category": "QUEUE", "component": "queue", "event": "watchdog_armed", "host": "d6b2a058c4be", "pid": 107344, "rank": null, "stage": "queue_list_for_pop", "timeout_sec": 30.0, "ts": "2026-10-04 14:58:03"}
[DBG] {"category": "QUEUE", "component": "queue", "elapsed_sec": 0.003203, "event": "END:queue_list_for_pop", "host": "d6b2a058c4be", "pid": 107344, "rank": null, "ts": "2026-10-04 14:58:03"}
[DBG] {"available": 0, "category": "QUEUE", "component": "queue", "event": "pop_scan", "exact": true, "host": "d6b2a058c4be", "pid": 107344, "queue": "preference", "rank": null, "requested": 4, "selected": 0, "selected_keys": [], "stale": 0, "stale_keys": [], "ts": "2026-10-04 14:58:03"}
[DBG] {"available": 0, "category": "QUEUE", "component": "queue", "event": "pop_not_enough", "host": "d6b2a058c4be", "pid": 107344, "queue": "preference", "rank": null, "requested": 4, "ts": "2026-10-04 14:58:03"}
[DBG] {"category": "QUEUE", "component": "queue", "current_version": 0, "event": "BEGIN:queue_list_for_pop", "exact": true, "host": "d6b2a058c4be", "max_lag": 3, "pid": 107344, "queue": "preference", "rank": null, "requested": 4, "ts": "2026-10-04 14:58:04"}
[DBG] {"category": "QUEUE", "component": "queue", "event": "watchdog_armed", "host": "d6b2a058c4be", "pid": 107344, "rank": null, "stage": "queue_list_for_pop", "timeout_sec": 30.0, "ts": "2026-10-04 14:58:04"}
[DBG] {"category": "QUEUE", "component": "queue", "elapsed_sec": 0.003159, "event": "END:queue_list_for_pop", "host": "d6b2a058c4be", "pid": 107344, "rank": null, "ts": "2026-10-04 14:58:04"}
[DBG] {"available": 0, "category": "QUEUE", "component": "queue", "event": "pop_scan", "exact": true, "host": "d6b2a058c4be", "pid": 107344, "queue": "preference", "rank": null, "requested": 4, "selected": 0, "selected_keys": [], "stale": 0, "stale_keys": [], "ts": "2026-10-04 14:58:04"}
[DBG] {"available": 0, "category": "QUEUE", "component": "queue", "event": "pop_not_enough", "host": "d6b2a058c4be", "pid": 107344, "queue": "preference", "rank": null, "requested": 4, "ts": "2026-10-04 14:58:04"}
[DBG] {"category": "QUEUE", "component": "queue", "current_version": 0, "event": "BEGIN:queue_list_for_pop", "exact": true, "host": "d6b2a058c4be", "max_lag": 3, "pid": 107344, "queue": "preference", "rank": null, "requested": 4, "ts": "2026-10-04 14:58:04"}
[DBG] {"category": "QUEUE", "component": "queue", "event": "watchdog_armed", "host": "d6b2a058c4be", "pid": 107344, "rank": null, "stage": "queue_list_for_pop", "timeout_sec": 30.0, "ts": "2026-10-04 14:58:04"}
[DBG] {"category": "QUEUE", "component": "queue", "elapsed_sec": 0.002707, "event": "END:queue_list_for_pop", "host": "d6b2a058c4be", "pid": 107344, "rank": null, "ts": "2026-10-04 14:58:04"}
[DBG] {"available": 0, "category": "QUEUE", "component": "queue", "event": "pop_scan", "exact": true, "host": "d6b2a058c4be", "pid": 107344, "queue": "preference", "rank": null, "requested": 4, "selected": 0, "selected_keys": [], "stale": 0, "stale_keys": [], "ts": "2026-10-04 14:58:04"}
[DBG] {"available": 0, "category": "QUEUE", "component": "queue", "event": "pop_not_enough", "host": "d6b2a058c4be", "pid": 107344, "queue": "preference", "rank": null, "requested": 4, "ts": "2026-10-04 14:58:04"}
[DBG] {"category": "QUEUE", "component": "queue", "current_version": 0, "event": "BEGIN:queue_list_for_pop", "exact": true, "host": "d6b2a058c4be", "max_lag": 3, "pid": 107344, "queue": "preference", "rank": null, "requested": 4, "ts": "2026-10-04 14:58:05"}
[DBG] {"category": "QUEUE", "component": "queue", "event": "watchdog_armed", "host": "d6b2a058c4be", "pid": 107344, "rank": null, "stage": "queue_list_for_pop", "timeout_sec": 30.0, "ts": "2026-10-04 14:58:05"}
[DBG] {"category": "QUEUE", "component": "queue", "elapsed_sec": 0.003283, "event": "END:queue_list_for_pop", "host": "d6b2a058c4be", "pid": 107344, "rank": null, "ts": "2026-10-04 14:58:05"}
[DBG] {"available": 0, "category": "QUEUE", "component": "queue", "event": "pop_scan", "exact": true, "host": "d6b2a058c4be", "pid": 107344, "queue": "preference", "rank": null, "requested": 4, "selected": 0, "selected_keys": [], "stale": 0, "stale_keys": [], "ts": "2026-10-04 14:58:05"}
[DBG] {"available": 0, "category": "QUEUE", "component": "queue", "event": "pop_not_enough", "host": "d6b2a058c4be", "pid": 107344, "queue": "preference", "rank": null, "requested": 4, "ts": "2026-10-04 14:58:05"}
[DBG] {"category": "QUEUE", "component": "queue", "current_version": 0, "event": "BEGIN:queue_list_for_pop", "exact": true, "host": "d6b2a058c4be", "max_lag": 3, "pid": 107344, "queue": "preference", "rank": null, "requested": 4, "ts": "2026-10-04 14:58:05"}
[DBG] {"category": "QUEUE", "component": "queue", "event": "watchdog_armed", "host": "d6b2a058c4be", "pid": 107344, "rank": null, "stage": "queue_list_for_pop", "timeout_sec": 30.0, "ts": "2026-10-04 14:58:05"}
[DBG] {"category": "QUEUE", "component": "queue", "elapsed_sec": 0.003217, "event": "END:queue_list_for_pop", "host": "d6b2a058c4be", "pid": 107344, "rank": null, "ts": "2026-10-04 14:58:05"}
[DBG] {"available": 0, "category": "QUEUE", "component": "queue", "event": "pop_scan", "exact": true, "host": "d6b2a058c4be", "pid": 107344, "queue": "preference", "rank": null, "requested": 4, "selected": 0, "selected_keys": [], "stale": 0, "stale_keys": [], "ts": "2026-10-04 14:58:05"}
[DBG] {"available": 0, "category": "QUEUE", "component": "queue", "event": "pop_not_enough", "host": "d6b2a058c4be", "pid": 107344, "queue": "preference", "rank": null, "requested": 4, "ts": "2026-10-04 14:58:05"}
[DBG] {"category": "QUEUE", "component": "queue", "current_version": 0, "event": "BEGIN:queue_list_for_pop", "exact": true, "host": "d6b2a058c4be", "max_lag": 3, "pid": 107344, "queue": "preference", "rank": null, "requested": 4, "ts": "2026-10-04 14:58:06"}
[DBG] {"category": "QUEUE", "component": "queue", "event": "watchdog_armed", "host": "d6b2a058c4be", "pid": 107344, "rank": null, "stage": "queue_list_for_pop", "timeout_sec": 30.0, "ts": "2026-10-04 14:58:06"}
[DBG] {"category": "QUEUE", "component": "queue", "elapsed_sec": 0.003391, "event": "END:queue_list_for_pop", "host": "d6b2a058c4be", "pid": 107344, "rank": null, "ts": "2026-10-04 14:58:06"}
[DBG] {"available": 0, "category": "QUEUE", "component": "queue", "event": "pop_scan", "exact": true, "host": "d6b2a058c4be", "pid": 107344, "queue": "preference", "rank": null, "requested": 4, "selected": 0, "selected_keys": [], "stale": 0, "stale_keys": [], "ts": "2026-10-04 14:58:06"}
[DBG] {"available": 0, "category": "QUEUE", "component": "queue", "event": "pop_not_enough", "host": "d6b2a058c4be", "pid": 107344, "queue": "preference", "rank": null, "requested": 4, "ts": "2026-10-04 14:58:06"}
[DBG] {"category": "QUEUE", "component": "queue", "current_version": 0, "event": "BEGIN:queue_list_for_pop", "exact": true, "host": "d6b2a058c4be", "max_lag": 3, "pid": 107344, "queue": "preference", "rank": null, "requested": 4, "ts": "2026-10-04 14:58:06"}
[DBG] {"category": "QUEUE", "component": "queue", "event": "watchdog_armed", "host": "d6b2a058c4be", "pid": 107344, "rank": null, "stage": "queue_list_for_pop", "timeout_sec": 30.0, "ts": "2026-10-04 14:58:06"}
[DBG] {"category": "QUEUE", "component": "queue", "elapsed_sec": 0.003372, "event": "END:queue_list_for_pop", "host": "d6b2a058c4be", "pid": 107344, "rank": null, "ts": "2026-10-04 14:58:06"}
[DBG] {"available": 0, "category": "QUEUE", "component": "queue", "event": "pop_scan", "exact": true, "host": "d6b2a058c4be", "pid": 107344, "queue": "preference", "rank": null, "requested": 4, "selected": 0, "selected_keys": [], "stale": 0, "stale_keys": [], "ts": "2026-10-04 14:58:06"}
[DBG] {"available": 0, "category": "QUEUE", "component": "queue", "event": "pop_not_enough", "host": "d6b2a058c4be", "pid": 107344, "queue": "preference", "rank": null, "requested": 4, "ts": "2026-10-04 14:58:06"}
[DBG] {"category": "QUEUE", "component": "queue", "current_version": 0, "event": "BEGIN:queue_list_for_pop", "exact": true, "host": "d6b2a058c4be", "max_lag": 3, "pid": 107344, "queue": "preference", "rank": null, "requested": 4, "ts": "2026-10-04 14:58:07"}
[DBG] {"category": "QUEUE", "component": "queue", "event": "watchdog_armed", "host": "d6b2a058c4be", "pid": 107344, "rank": null, "stage": "queue_list_for_pop", "timeout_sec": 30.0, "ts": "2026-10-04 14:58:07"}
[DBG] {"category": "QUEUE", "component": "queue", "elapsed_sec": 0.003471, "event": "END:queue_list_for_pop", "host": "d6b2a058c4be", "pid": 107344, "rank": null, "ts": "2026-10-04 14:58:07"}
[DBG] {"available": 0, "category": "QUEUE", "component": "queue", "event": "pop_scan", "exact": true, "host": "d6b2a058c4be", "pid": 107344, "queue": "preference", "rank": null, "requested": 4, "selected": 0, "selected_keys": [], "stale": 0, "stale_keys": [], "ts": "2026-10-04 14:58:07"}
[DBG] {"available": 0, "category": "QUEUE", "component": "queue", "event": "pop_not_enough", "host": "d6b2a058c4be", "pid": 107344, "queue": "preference", "rank": null, "requested": 4, "ts": "2026-10-04 14:58:07"}
[DBG] {"category": "QUEUE", "component": "queue", "current_version": 0, "event": "BEGIN:queue_list_for_pop", "exact": true, "host": "d6b2a058c4be", "max_lag": 3, "pid": 107344, "queue": "preference", "rank": null, "requested": 4, "ts": "2026-10-04 14:58:07"}
[DBG] {"category": "QUEUE", "component": "queue", "event": "watchdog_armed", "host": "d6b2a058c4be", "pid": 107344, "rank": null, "stage": "queue_list_for_pop", "timeout_sec": 30.0, "ts": "2026-10-04 14:58:07"}
[DBG] {"category": "QUEUE", "component": "queue", "elapsed_sec": 0.001803, "event": "END:queue_list_for_pop", "host": "d6b2a058c4be", "pid": 107344, "rank": null, "ts": "2026-10-04 14:58:07"}
[DBG] {"available": 0, "category": "QUEUE", "component": "queue", "event": "pop_scan", "exact": true, "host": "d6b2a058c4be", "pid": 107344, "queue": "preference", "rank": null, "requested": 4, "selected": 0, "selected_keys": [], "stale": 0, "stale_keys": [], "ts": "2026-10-04 14:58:07"}
[DBG] {"available": 0, "category": "QUEUE", "component": "queue", "event": "pop_not_enough", "host": "d6b2a058c4be", "pid": 107344, "queue": "preference", "rank": null, "requested": 4, "ts": "2026-10-04 14:58:07"}
[DBG] {"category": "QUEUE", "component": "queue", "current_version": 0, "event": "BEGIN:queue_list_for_pop", "exact": true, "host": "d6b2a058c4be", "max_lag": 3, "pid": 107344, "queue": "preference", "rank": null, "requested": 4, "ts": "2026-10-04 14:58:08"}
[DBG] {"category": "QUEUE", "component": "queue", "event": "watchdog_armed", "host": "d6b2a058c4be", "pid": 107344, "rank": null, "stage": "queue_list_for_pop", "timeout_sec": 30.0, "ts": "2026-10-04 14:58:08"}
[DBG] {"category": "QUEUE", "component": "queue", "elapsed_sec": 0.00194, "event": "END:queue_list_for_pop", "host": "d6b2a058c4be", "pid": 107344, "rank": null, "ts": "2026-10-04 14:58:08"}
[DBG] {"available": 0, "category": "QUEUE", "component": "queue", "event": "pop_scan", "exact": true, "host": "d6b2a058c4be", "pid": 107344, "queue": "preference", "rank": null, "requested": 4, "selected": 0, "selected_keys": [], "stale": 0, "stale_keys": [], "ts": "2026-10-04 14:58:08"}
[DBG] {"available": 0, "category": "QUEUE", "component": "queue", "event": "pop_not_enough", "host": "d6b2a058c4be", "pid": 107344, "queue": "preference", "rank": null, "requested": 4, "ts": "2026-10-04 14:58:08"}
[DBG] {"category": "QUEUE", "component": "queue", "current_version": 0, "event": "BEGIN:queue_list_for_pop", "exact": true, "host": "d6b2a058c4be", "max_lag": 3, "pid": 107344, "queue": "preference", "rank": null, "requested": 4, "ts": "2026-10-04 14:58:08"}
[DBG] {"category": "QUEUE", "component": "queue", "event": "watchdog_armed", "host": "d6b2a058c4be", "pid": 107344, "rank": null, "stage": "queue_list_for_pop", "timeout_sec": 30.0, "ts": "2026-10-04 14:58:08"}
[DBG] {"category": "QUEUE", "component": "queue", "elapsed_sec": 0.001874, "event": "END:queue_list_for_pop", "host": "d6b2a058c4be", "pid": 107344, "rank": null, "ts": "2026-10-04 14:58:08"}
[DBG] {"available": 0, "category": "QUEUE", "component": "queue", "event": "pop_scan", "exact": true, "host": "d6b2a058c4be", "pid": 107344, "queue": "preference", "rank": null, "requested": 4, "selected": 0, "selected_keys": [], "stale": 0, "stale_keys": [], "ts": "2026-10-04 14:58:08"}
[DBG] {"available": 0, "category": "QUEUE", "component": "queue", "event": "pop_not_enough", "host": "d6b2a058c4be", "pid": 107344, "queue": "preference", "rank": null, "requested": 4, "ts": "2026-10-04 14:58:08"}
[DBG] {"category": "QUEUE", "component": "queue", "current_version": 0, "event": "BEGIN:queue_list_for_pop", "exact": true, "host": "d6b2a058c4be", "max_lag": 3, "pid": 107344, "queue": "preference", "rank": null, "requested": 4, "ts": "2026-10-04 14:58:09"}
[DBG] {"category": "QUEUE", "component": "queue", "event": "watchdog_armed", "host": "d6b2a058c4be", "pid": 107344, "rank": null, "stage": "queue_list_for_pop", "timeout_sec": 30.0, "ts": "2026-10-04 14:58:09"}
[DBG] {"category": "QUEUE", "component": "queue", "elapsed_sec": 0.001823, "event": "END:queue_list_for_pop", "host": "d6b2a058c4be", "pid": 107344, "rank": null, "ts": "2026-10-04 14:58:09"}
[DBG] {"available": 0, "category": "QUEUE", "component": "queue", "event": "pop_scan", "exact": true, "host": "d6b2a058c4be", "pid": 107344, "queue": "preference", "rank": null, "requested": 4, "selected": 0, "selected_keys": [], "stale": 0, "stale_keys": [], "ts": "2026-10-04 14:58:09"}
[DBG] {"available": 0, "category": "QUEUE", "component": "queue", "event": "pop_not_enough", "host": "d6b2a058c4be", "pid": 107344, "queue": "preference", "rank": null, "requested": 4, "ts": "2026-10-04 14:58:09"}
[DBG] {"category": "QUEUE", "component": "queue", "current_version": 0, "event": "BEGIN:queue_list_for_pop", "exact": true, "host": "d6b2a058c4be", "max_lag": 3, "pid": 107344, "queue": "preference", "rank": null, "requested": 4, "ts": "2026-10-04 14:58:09"}
[DBG] {"category": "QUEUE", "component": "queue", "event": "watchdog_armed", "host": "d6b2a058c4be", "pid": 107344, "rank": null, "stage": "queue_list_for_pop", "timeout_sec": 30.0, "ts": "2026-10-04 14:58:09"}
[DBG] {"category": "QUEUE", "component": "queue", "elapsed_sec": 0.001815, "event": "END:queue_list_for_pop", "host": "d6b2a058c4be", "pid": 107344, "rank": null, "ts": "2026-10-04 14:58:09"}
[DBG] {"available": 0, "category": "QUEUE", "component": "queue", "event": "pop_scan", "exact": true, "host": "d6b2a058c4be", "pid": 107344, "queue": "preference", "rank": null, "requested": 4, "selected": 0, "selected_keys": [], "stale": 0, "stale_keys": [], "ts": "2026-10-04 14:58:09"}
[DBG] {"available": 0, "category": "QUEUE", "component": "queue", "event": "pop_not_enough", "host": "d6b2a058c4be", "pid": 107344, "queue": "preference", "rank": null, "requested": 4, "ts": "2026-10-04 14:58:09"}
[DBG] {"category": "QUEUE", "component": "queue", "current_version": 0, "event": "BEGIN:queue_list_for_pop", "exact": true, "host": "d6b2a058c4be", "max_lag": 3, "pid": 107344, "queue": "preference", "rank": null, "requested": 4, "ts": "2026-10-04 14:58:10"}
[DBG] {"category": "QUEUE", "component": "queue", "event": "watchdog_armed", "host": "d6b2a058c4be", "pid": 107344, "rank": null, "stage": "queue_list_for_pop", "timeout_sec": 30.0, "ts": "2026-10-04 14:58:10"}
[DBG] {"category": "QUEUE", "component": "queue", "elapsed_sec": 0.002071, "event": "END:queue_list_for_pop", "host": "d6b2a058c4be", "pid": 107344, "rank": null, "ts": "2026-10-04 14:58:10"}
[DBG] {"available": 0, "category": "QUEUE", "component": "queue", "event": "pop_scan", "exact": true, "host": "d6b2a058c4be", "pid": 107344, "queue": "preference", "rank": null, "requested": 4, "selected": 0, "selected_keys": [], "stale": 0, "stale_keys": [], "ts": "2026-10-04 14:58:10"}
[DBG] {"available": 0, "category": "QUEUE", "component": "queue", "event": "pop_not_enough", "host": "d6b2a058c4be", "pid": 107344, "queue": "preference", "rank": null, "requested": 4, "ts": "2026-10-04 14:58:10"}
[DBG] {"category": "QUEUE", "component": "queue", "current_version": 0, "event": "BEGIN:queue_list_for_pop", "exact": true, "host": "d6b2a058c4be", "max_lag": 3, "pid": 107344, "queue": "preference", "rank": null, "requested": 4, "ts": "2026-10-04 14:58:10"}
[DBG] {"category": "QUEUE", "component": "queue", "event": "watchdog_armed", "host": "d6b2a058c4be", "pid": 107344, "rank": null, "stage": "queue_list_for_pop", "timeout_sec": 30.0, "ts": "2026-10-04 14:58:10"}
[DBG] {"category": "QUEUE", "component": "queue", "elapsed_sec": 0.002107, "event": "END:queue_list_for_pop", "host": "d6b2a058c4be", "pid": 107344, "rank": null, "ts": "2026-10-04 14:58:10"}
[DBG] {"available": 0, "category": "QUEUE", "component": "queue", "event": "pop_scan", "exact": true, "host": "d6b2a058c4be", "pid": 107344, "queue": "preference", "rank": null, "requested": 4, "selected": 0, "selected_keys": [], "stale": 0, "stale_keys": [], "ts": "2026-10-04 14:58:10"}
[DBG] {"available": 0, "category": "QUEUE", "component": "queue", "event": "pop_not_enough", "host": "d6b2a058c4be", "pid": 107344, "queue": "preference", "rank": null, "requested": 4, "ts": "2026-10-04 14:58:10"}
[DBG] {"category": "QUEUE", "component": "queue", "current_version": 0, "event": "BEGIN:queue_list_for_pop", "exact": true, "host": "d6b2a058c4be", "max_lag": 3, "pid": 107344, "queue": "preference", "rank": null, "requested": 4, "ts": "2026-10-04 14:58:11"}
[DBG] {"category": "QUEUE", "component": "queue", "event": "watchdog_armed", "host": "d6b2a058c4be", "pid": 107344, "rank": null, "stage": "queue_list_for_pop", "timeout_sec": 30.0, "ts": "2026-10-04 14:58:11"}
[DBG] {"category": "QUEUE", "component": "queue", "elapsed_sec": 0.0022, "event": "END:queue_list_for_pop", "host": "d6b2a058c4be", "pid": 107344, "rank": null, "ts": "2026-10-04 14:58:11"}
[DBG] {"available": 0, "category": "QUEUE", "component": "queue", "event": "pop_scan", "exact": true, "host": "d6b2a058c4be", "pid": 107344, "queue": "preference", "rank": null, "requested": 4, "selected": 0, "selected_keys": [], "stale": 0, "stale_keys": [], "ts": "2026-10-04 14:58:11"}
[DBG] {"available": 0, "category": "QUEUE", "component": "queue", "event": "pop_not_enough", "host": "d6b2a058c4be", "pid": 107344, "queue": "preference", "rank": null, "requested": 4, "ts": "2026-10-04 14:58:11"}
[DBG] {"category": "QUEUE", "component": "queue", "current_version": 0, "event": "BEGIN:queue_list_for_pop", "exact": true, "host": "d6b2a058c4be", "max_lag": 3, "pid": 107344, "queue": "preference", "rank": null, "requested": 4, "ts": "2026-10-04 14:58:12"}
[DBG] {"category": "QUEUE", "component": "queue", "event": "watchdog_armed", "host": "d6b2a058c4be", "pid": 107344, "rank": null, "stage": "queue_list_for_pop", "timeout_sec": 30.0, "ts": "2026-10-04 14:58:12"}
[DBG] {"category": "QUEUE", "component": "queue", "elapsed_sec": 0.001791, "event": "END:queue_list_for_pop", "host": "d6b2a058c4be", "pid": 107344, "rank": null, "ts": "2026-10-04 14:58:12"}
[DBG] {"available": 0, "category": "QUEUE", "component": "queue", "event": "pop_scan", "exact": true, "host": "d6b2a058c4be", "pid": 107344, "queue": "preference", "rank": null, "requested": 4, "selected": 0, "selected_keys": [], "stale": 0, "stale_keys": [], "ts": "2026-10-04 14:58:12"}
[DBG] {"available": 0, "category": "QUEUE", "component": "queue", "event": "pop_not_enough", "host": "d6b2a058c4be", "pid": 107344, "queue": "preference", "rank": null, "requested": 4, "ts": "2026-10-04 14:58:12"}
[DBG] {"category": "QUEUE", "component": "queue", "current_version": 0, "event": "BEGIN:queue_list_for_pop", "exact": true, "host": "d6b2a058c4be", "max_lag": 3, "pid": 107344, "queue": "preference", "rank": null, "requested": 4, "ts": "2026-10-04 14:58:12"}
[DBG] {"category": "QUEUE", "component": "queue", "event": "watchdog_armed", "host": "d6b2a058c4be", "pid": 107344, "rank": null, "stage": "queue_list_for_pop", "timeout_sec": 30.0, "ts": "2026-10-04 14:58:12"}
[DBG] {"category": "QUEUE", "component": "queue", "elapsed_sec": 0.002075, "event": "END:queue_list_for_pop", "host": "d6b2a058c4be", "pid": 107344, "rank": null, "ts": "2026-10-04 14:58:12"}
[DBG] {"available": 0, "category": "QUEUE", "component": "queue", "event": "pop_scan", "exact": true, "host": "d6b2a058c4be", "pid": 107344, "queue": "preference", "rank": null, "requested": 4, "selected": 0, "selected_keys": [], "stale": 0, "stale_keys": [], "ts": "2026-10-04 14:58:12"}
[DBG] {"available": 0, "category": "QUEUE", "component": "queue", "event": "pop_not_enough", "host": "d6b2a058c4be", "pid": 107344, "queue": "preference", "rank": null, "requested": 4, "ts": "2026-10-04 14:58:12"}
[DBG] {"category": "QUEUE", "component": "queue", "current_version": 0, "event": "BEGIN:queue_list_for_pop", "exact": true, "host": "d6b2a058c4be", "max_lag": 3, "pid": 107344, "queue": "preference", "rank": null, "requested": 4, "ts": "2026-10-04 14:58:13"}
[DBG] {"category": "QUEUE", "component": "queue", "event": "watchdog_armed", "host": "d6b2a058c4be", "pid": 107344, "rank": null, "stage": "queue_list_for_pop", "timeout_sec": 30.0, "ts": "2026-10-04 14:58:13"}
[DBG] {"category": "QUEUE", "component": "queue", "elapsed_sec": 0.003859, "event": "END:queue_list_for_pop", "host": "d6b2a058c4be", "pid": 107344, "rank": null, "ts": "2026-10-04 14:58:13"}
[DBG] {"available": 0, "category": "QUEUE", "component": "queue", "event": "pop_scan", "exact": true, "host": "d6b2a058c4be", "pid": 107344, "queue": "preference", "rank": null, "requested": 4, "selected": 0, "selected_keys": [], "stale": 0, "stale_keys": [], "ts": "2026-10-04 14:58:13"}
[DBG] {"available": 0, "category": "QUEUE", "component": "queue", "event": "pop_not_enough", "host": "d6b2a058c4be", "pid": 107344, "queue": "preference", "rank": null, "requested": 4, "ts": "2026-10-04 14:58:13"}
[DBG] {"category": "QUEUE", "component": "queue", "current_version": 0, "event": "BEGIN:queue_list_for_pop", "exact": true, "host": "d6b2a058c4be", "max_lag": 3, "pid": 107344, "queue": "preference", "rank": null, "requested": 4, "ts": "2026-10-04 14:58:13"}
[DBG] {"category": "QUEUE", "component": "queue", "event": "watchdog_armed", "host": "d6b2a058c4be", "pid": 107344, "rank": null, "stage": "queue_list_for_pop", "timeout_sec": 30.0, "ts": "2026-10-04 14:58:13"}
[DBG] {"category": "QUEUE", "component": "queue", "elapsed_sec": 0.002632, "event": "END:queue_list_for_pop", "host": "d6b2a058c4be", "pid": 107344, "rank": null, "ts": "2026-10-04 14:58:13"}
[DBG] {"available": 0, "category": "QUEUE", "component": "queue", "event": "pop_scan", "exact": true, "host": "d6b2a058c4be", "pid": 107344, "queue": "preference", "rank": null, "requested": 4, "selected": 0, "selected_keys": [], "stale": 0, "stale_keys": [], "ts": "2026-10-04 14:58:13"}
[DBG] {"available": 0, "category": "QUEUE", "component": "queue", "event": "pop_not_enough", "host": "d6b2a058c4be", "pid": 107344, "queue": "preference", "rank": null, "requested": 4, "ts": "2026-10-04 14:58:13"}
[DBG] {"category": "QUEUE", "component": "queue", "current_version": 0, "event": "BEGIN:queue_list_for_pop", "exact": true, "host": "d6b2a058c4be", "max_lag": 3, "pid": 107344, "queue": "preference", "rank": null, "requested": 4, "ts": "2026-10-04 14:58:14"}
[DBG] {"category": "QUEUE", "component": "queue", "event": "watchdog_armed", "host": "d6b2a058c4be", "pid": 107344, "rank": null, "stage": "queue_list_for_pop", "timeout_sec": 30.0, "ts": "2026-10-04 14:58:14"}
[DBG] {"category": "QUEUE", "component": "queue", "elapsed_sec": 0.002194, "event": "END:queue_list_for_pop", "host": "d6b2a058c4be", "pid": 107344, "rank": null, "ts": "2026-10-04 14:58:14"}
[DBG] {"available": 0, "category": "QUEUE", "component": "queue", "event": "pop_scan", "exact": true, "host": "d6b2a058c4be", "pid": 107344, "queue": "preference", "rank": null, "requested": 4, "selected": 0, "selected_keys": [], "stale": 0, "stale_keys": [], "ts": "2026-10-04 14:58:14"}
[DBG] {"available": 0, "category": "QUEUE", "component": "queue", "event": "pop_not_enough", "host": "d6b2a058c4be", "pid": 107344, "queue": "preference", "rank": null, "requested": 4, "ts": "2026-10-04 14:58:14"}
[DBG] {"category": "QUEUE", "component": "queue", "current_version": 0, "event": "BEGIN:queue_list_for_pop", "exact": true, "host": "d6b2a058c4be", "max_lag": 3, "pid": 107344, "queue": "preference", "rank": null, "requested": 4, "ts": "2026-10-04 14:58:14"}
[DBG] {"category": "QUEUE", "component": "queue", "event": "watchdog_armed", "host": "d6b2a058c4be", "pid": 107344, "rank": null, "stage": "queue_list_for_pop", "timeout_sec": 30.0, "ts": "2026-10-04 14:58:14"}
[DBG] {"category": "QUEUE", "component": "queue", "elapsed_sec": 0.003396, "event": "END:queue_list_for_pop", "host": "d6b2a058c4be", "pid": 107344, "rank": null, "ts": "2026-10-04 14:58:14"}
[DBG] {"available": 0, "category": "QUEUE", "component": "queue", "event": "pop_scan", "exact": true, "host": "d6b2a058c4be", "pid": 107344, "queue": "preference", "rank": null, "requested": 4, "selected": 0, "selected_keys": [], "stale": 0, "stale_keys": [], "ts": "2026-10-04 14:58:14"}
[DBG] {"available": 0, "category": "QUEUE", "component": "queue", "event": "pop_not_enough", "host": "d6b2a058c4be", "pid": 107344, "queue": "preference", "rank": null, "requested": 4, "ts": "2026-10-04 14:58:14"}
[DBG] {"category": "QUEUE", "component": "queue", "current_version": 0, "event": "BEGIN:queue_list_for_pop", "exact": true, "host": "d6b2a058c4be", "max_lag": 3, "pid": 107344, "queue": "preference", "rank": null, "requested": 4, "ts": "2026-10-04 14:58:15"}
[DBG] {"category": "QUEUE", "component": "queue", "event": "watchdog_armed", "host": "d6b2a058c4be", "pid": 107344, "rank": null, "stage": "queue_list_for_pop", "timeout_sec": 30.0, "ts": "2026-10-04 14:58:15"}
[DBG] {"category": "QUEUE", "component": "queue", "elapsed_sec": 0.003056, "event": "END:queue_list_for_pop", "host": "d6b2a058c4be", "pid": 107344, "rank": null, "ts": "2026-10-04 14:58:15"}
[DBG] {"available": 0, "category": "QUEUE", "component": "queue", "event": "pop_scan", "exact": true, "host": "d6b2a058c4be", "pid": 107344, "queue": "preference", "rank": null, "requested": 4, "selected": 0, "selected_keys": [], "stale": 0, "stale_keys": [], "ts": "2026-10-04 14:58:15"}
[DBG] {"available": 0, "category": "QUEUE", "component": "queue", "event": "pop_not_enough", "host": "d6b2a058c4be", "pid": 107344, "queue": "preference", "rank": null, "requested": 4, "ts": "2026-10-04 14:58:15"}
[DBG] {"category": "QUEUE", "component": "queue", "current_version": 0, "event": "BEGIN:queue_list_for_pop", "exact": true, "host": "d6b2a058c4be", "max_lag": 3, "pid": 107344, "queue": "preference", "rank": null, "requested": 4, "ts": "2026-10-04 14:58:15"}
[DBG] {"category": "QUEUE", "component": "queue", "event": "watchdog_armed", "host": "d6b2a058c4be", "pid": 107344, "rank": null, "stage": "queue_list_for_pop", "timeout_sec": 30.0, "ts": "2026-10-04 14:58:15"}
[DBG] {"category": "QUEUE", "component": "queue", "elapsed_sec": 0.003323, "event": "END:queue_list_for_pop", "host": "d6b2a058c4be", "pid": 107344, "rank": null, "ts": "2026-10-04 14:58:15"}
[DBG] {"available": 0, "category": "QUEUE", "component": "queue", "event": "pop_scan", "exact": true, "host": "d6b2a058c4be", "pid": 107344, "queue": "preference", "rank": null, "requested": 4, "selected": 0, "selected_keys": [], "stale": 0, "stale_keys": [], "ts": "2026-10-04 14:58:15"}
[DBG] {"available": 0, "category": "QUEUE", "component": "queue", "event": "pop_not_enough", "host": "d6b2a058c4be", "pid": 107344, "queue": "preference", "rank": null, "requested": 4, "ts": "2026-10-04 14:58:15"}
[DBG] {"category": "QUEUE", "component": "queue", "current_version": 0, "event": "BEGIN:queue_list_for_pop", "exact": true, "host": "d6b2a058c4be", "max_lag": 3, "pid": 107344, "queue": "preference", "rank": null, "requested": 4, "ts": "2026-10-04 14:58:16"}
[DBG] {"category": "QUEUE", "component": "queue", "event": "watchdog_armed", "host": "d6b2a058c4be", "pid": 107344, "rank": null, "stage": "queue_list_for_pop", "timeout_sec": 30.0, "ts": "2026-10-04 14:58:16"}
[DBG] {"category": "QUEUE", "component": "queue", "elapsed_sec": 0.003176, "event": "END:queue_list_for_pop", "host": "d6b2a058c4be", "pid": 107344, "rank": null, "ts": "2026-10-04 14:58:16"}
[DBG] {"available": 0, "category": "QUEUE", "component": "queue", "event": "pop_scan", "exact": true, "host": "d6b2a058c4be", "pid": 107344, "queue": "preference", "rank": null, "requested": 4, "selected": 0, "selected_keys": [], "stale": 0, "stale_keys": [], "ts": "2026-10-04 14:58:16"}
[DBG] {"available": 0, "category": "QUEUE", "component": "queue", "event": "pop_not_enough", "host": "d6b2a058c4be", "pid": 107344, "queue": "preference", "rank": null, "requested": 4, "ts": "2026-10-04 14:58:16"}
[DBG] {"category": "QUEUE", "component": "queue", "event": "put_prepare", "host": "d6b2a058c4be", "item_id": "8dc5d15a2db04c6a8ce5f8bd9d3c7163", "partition": "smoke01:preference", "payload_bytes": 1279, "pid": 107344, "policy_version": 0, "queue": "preference", "rank": null, "ts": "2026-10-04 14:58:16"}
[DBG] {"category": "QUEUE", "component": "queue", "event": "BEGIN:queue_put", "host": "d6b2a058c4be", "item_id": "8dc5d15a2db04c6a8ce5f8bd9d3c7163", "pid": 107344, "queue": "preference", "rank": null, "ts": "2026-10-04 14:58:16"}
[DBG] {"category": "QUEUE", "component": "queue", "event": "watchdog_armed", "host": "d6b2a058c4be", "pid": 107344, "rank": null, "stage": "queue_put", "timeout_sec": 30.0, "ts": "2026-10-04 14:58:16"}
[DBG] {"category": "QUEUE", "component": "queue", "elapsed_sec": 0.038155, "event": "END:queue_put", "host": "d6b2a058c4be", "pid": 107344, "rank": null, "ts": "2026-10-04 14:58:16"}
[DBG] {"category": "QUEUE", "component": "queue", "event": "put_done", "host": "d6b2a058c4be", "key": "smoke01:preference:8dc5d15a2db04c6a8ce5f8bd9d3c7163", "pid": 107344, "policy_version": 0, "queue": "preference", "rank": null, "ts": "2026-10-04 14:58:16"}
[DBG] {"category": "QUEUE", "component": "queue", "event": "size_changed", "host": "d6b2a058c4be", "pid": 107344, "queue": "preference", "rank": null, "size": 1, "ts": "2026-10-04 14:58:16"}
[DBG] {"category": "QUEUE", "component": "queue", "current_version": null, "event": "BEGIN:queue_list_for_pop", "exact": false, "host": "d6b2a058c4be", "max_lag": null, "pid": 107344, "queue": "rollout", "rank": null, "requested": 1, "ts": "2026-10-04 14:58:16"}
[DBG] {"category": "QUEUE", "component": "queue", "event": "watchdog_armed", "host": "d6b2a058c4be", "pid": 107344, "rank": null, "stage": "queue_list_for_pop", "timeout_sec": 30.0, "ts": "2026-10-04 14:58:16"}
[DBG] {"category": "QUEUE", "component": "queue", "elapsed_sec": 0.002998, "event": "END:queue_list_for_pop", "host": "d6b2a058c4be", "pid": 107344, "rank": null, "ts": "2026-10-04 14:58:16"}
[DBG] {"available": 9, "category": "QUEUE", "component": "queue", "event": "pop_scan", "exact": false, "host": "d6b2a058c4be", "pid": 107344, "queue": "rollout", "rank": null, "requested": 1, "selected": 1, "selected_keys": ["smoke01:rollout:2e07c777807a4c7fbb8b5829e12552d5"], "stale": 0, "stale_keys": [], "ts": "2026-10-04 14:58:16"}
[DBG] {"category": "QUEUE", "component": "queue", "event": "BEGIN:queue_get", "host": "d6b2a058c4be", "key": "smoke01:rollout:2e07c777807a4c7fbb8b5829e12552d5", "pid": 107344, "queue": "rollout", "rank": null, "ts": "2026-10-04 14:58:16"}
[DBG] {"category": "QUEUE", "component": "queue", "event": "watchdog_armed", "host": "d6b2a058c4be", "pid": 107344, "rank": null, "stage": "queue_get", "timeout_sec": 30.0, "ts": "2026-10-04 14:58:16"}
[DBG] {"category": "QUEUE", "component": "queue", "elapsed_sec": 0.032934, "event": "END:queue_get", "host": "d6b2a058c4be", "pid": 107344, "rank": null, "ts": "2026-10-04 14:58:16"}
[DBG] {"category": "QUEUE", "component": "queue", "event": "queue_item_decoded", "host": "d6b2a058c4be", "item_id": "2e07c777807a4c7fbb8b5829e12552d5", "key": "smoke01:rollout:2e07c777807a4c7fbb8b5829e12552d5", "pid": 107344, "policy_version": 0, "queue": "rollout", "rank": null, "ts": "2026-10-04 14:58:16"}
[DBG] {"category": "QUEUE", "component": "queue", "count": 1, "event": "BEGIN:clear_popped", "host": "d6b2a058c4be", "pid": 107344, "queue": "rollout", "rank": null, "ts": "2026-10-04 14:58:16"}
[DBG] {"category": "QUEUE", "component": "queue", "event": "watchdog_armed", "host": "d6b2a058c4be", "pid": 107344, "rank": null, "stage": "clear_popped", "timeout_sec": 30.0, "ts": "2026-10-04 14:58:16"}
[DBG] {"category": "QUEUE", "component": "queue", "elapsed_sec": 0.019224, "event": "END:clear_popped", "host": "d6b2a058c4be", "pid": 107344, "rank": null, "ts": "2026-10-04 14:58:16"}
[DBG] {"category": "QUEUE", "component": "queue", "event": "pop_done", "host": "d6b2a058c4be", "item_ids": ["2e07c777807a4c7fbb8b5829e12552d5"], "pid": 107344, "queue": "rollout", "rank": null, "remaining": 8, "returned": 1, "stale": 0, "ts": "2026-10-04 14:58:16"}
[DBG] {"category": "QUEUE", "component": "queue", "current_version": 0, "event": "BEGIN:queue_list_for_pop", "exact": true, "host": "d6b2a058c4be", "max_lag": 3, "pid": 107344, "queue": "preference", "rank": null, "requested": 4, "ts": "2026-10-04 14:58:16"}
[DBG] {"category": "QUEUE", "component": "queue", "event": "watchdog_armed", "host": "d6b2a058c4be", "pid": 107344, "rank": null, "stage": "queue_list_for_pop", "timeout_sec": 30.0, "ts": "2026-10-04 14:58:16"}
[DBG] {"category": "QUEUE", "component": "queue", "elapsed_sec": 0.002273, "event": "END:queue_list_for_pop", "host": "d6b2a058c4be", "pid": 107344, "rank": null, "ts": "2026-10-04 14:58:16"}
[DBG] {"available": 1, "category": "QUEUE", "component": "queue", "event": "pop_scan", "exact": true, "host": "d6b2a058c4be", "pid": 107344, "queue": "preference", "rank": null, "requested": 4, "selected": 1, "selected_keys": ["smoke01:preference:8dc5d15a2db04c6a8ce5f8bd9d3c7163"], "stale": 0, "stale_keys": [], "ts": "2026-10-04 14:58:16"}
[DBG] {"available": 1, "category": "QUEUE", "component": "queue", "event": "pop_not_enough", "host": "d6b2a058c4be", "pid": 107344, "queue": "preference", "rank": null, "requested": 4, "ts": "2026-10-04 14:58:16"}
[DBG] {"category": "QUEUE", "component": "queue", "event": "size_changed", "host": "d6b2a058c4be", "pid": 107344, "queue": "rollout", "rank": null, "size": 8, "ts": "2026-10-04 14:58:16"}
[DBG] {"category": "QUEUE", "component": "queue", "current_version": 0, "event": "BEGIN:queue_list_for_pop", "exact": true, "host": "d6b2a058c4be", "max_lag": 3, "pid": 107344, "queue": "preference", "rank": null, "requested": 4, "ts": "2026-10-04 14:58:17"}
[DBG] {"category": "QUEUE", "component": "queue", "event": "watchdog_armed", "host": "d6b2a058c4be", "pid": 107344, "rank": null, "stage": "queue_list_for_pop", "timeout_sec": 30.0, "ts": "2026-10-04 14:58:17"}
[DBG] {"category": "QUEUE", "component": "queue", "elapsed_sec": 0.003238, "event": "END:queue_list_for_pop", "host": "d6b2a058c4be", "pid": 107344, "rank": null, "ts": "2026-10-04 14:58:17"}
[DBG] {"available": 1, "category": "QUEUE", "component": "queue", "event": "pop_scan", "exact": true, "host": "d6b2a058c4be", "pid": 107344, "queue": "preference", "rank": null, "requested": 4, "selected": 1, "selected_keys": ["smoke01:preference:8dc5d15a2db04c6a8ce5f8bd9d3c7163"], "stale": 0, "stale_keys": [], "ts": "2026-10-04 14:58:17"}
[DBG] {"available": 1, "category": "QUEUE", "component": "queue", "event": "pop_not_enough", "host": "d6b2a058c4be", "pid": 107344, "queue": "preference", "rank": null, "requested": 4, "ts": "2026-10-04 14:58:17"}
[DBG] {"category": "QUEUE", "component": "queue", "event": "put_prepare", "host": "d6b2a058c4be", "item_id": "2e07c777807a4c7fbb8b5829e12552d5", "partition": "smoke01:preference", "payload_bytes": 1622, "pid": 107344, "policy_version": 0, "queue": "preference", "rank": null, "ts": "2026-10-04 14:58:17"}
[DBG] {"category": "QUEUE", "component": "queue", "event": "BEGIN:queue_put", "host": "d6b2a058c4be", "item_id": "2e07c777807a4c7fbb8b5829e12552d5", "pid": 107344, "queue": "preference", "rank": null, "ts": "2026-10-04 14:58:17"}
[DBG] {"category": "QUEUE", "component": "queue", "event": "watchdog_armed", "host": "d6b2a058c4be", "pid": 107344, "rank": null, "stage": "queue_put", "timeout_sec": 30.0, "ts": "2026-10-04 14:58:17"}
[DBG] {"category": "QUEUE", "component": "queue", "elapsed_sec": 0.034377, "event": "END:queue_put", "host": "d6b2a058c4be", "pid": 107344, "rank": null, "ts": "2026-10-04 14:58:17"}
[DBG] {"category": "QUEUE", "component": "queue", "event": "put_done", "host": "d6b2a058c4be", "key": "smoke01:preference:2e07c777807a4c7fbb8b5829e12552d5", "pid": 107344, "policy_version": 0, "queue": "preference", "rank": null, "ts": "2026-10-04 14:58:17"}
[DBG] {"category": "QUEUE", "component": "queue", "event": "size_changed", "host": "d6b2a058c4be", "pid": 107344, "queue": "preference", "rank": null, "size": 2, "ts": "2026-10-04 14:58:17"}
[DBG] {"category": "QUEUE", "component": "queue", "current_version": null, "event": "BEGIN:queue_list_for_pop", "exact": false, "host": "d6b2a058c4be", "max_lag": null, "pid": 107344, "queue": "rollout", "rank": null, "requested": 1, "ts": "2026-10-04 14:58:17"}
[DBG] {"category": "QUEUE", "component": "queue", "event": "watchdog_armed", "host": "d6b2a058c4be", "pid": 107344, "rank": null, "stage": "queue_list_for_pop", "timeout_sec": 30.0, "ts": "2026-10-04 14:58:17"}
[DBG] {"category": "QUEUE", "component": "queue", "elapsed_sec": 0.003102, "event": "END:queue_list_for_pop", "host": "d6b2a058c4be", "pid": 107344, "rank": null, "ts": "2026-10-04 14:58:17"}
[DBG] {"available": 8, "category": "QUEUE", "component": "queue", "event": "pop_scan", "exact": false, "host": "d6b2a058c4be", "pid": 107344, "queue": "rollout", "rank": null, "requested": 1, "selected": 1, "selected_keys": ["smoke01:rollout:d9e9b6c40e5b481c86bc7a89b55b9f6a"], "stale": 0, "stale_keys": [], "ts": "2026-10-04 14:58:17"}
[DBG] {"category": "QUEUE", "component": "queue", "event": "BEGIN:queue_get", "host": "d6b2a058c4be", "key": "smoke01:rollout:d9e9b6c40e5b481c86bc7a89b55b9f6a", "pid": 107344, "queue": "rollout", "rank": null, "ts": "2026-10-04 14:58:17"}
[DBG] {"category": "QUEUE", "component": "queue", "event": "watchdog_armed", "host": "d6b2a058c4be", "pid": 107344, "rank": null, "stage": "queue_get", "timeout_sec": 30.0, "ts": "2026-10-04 14:58:17"}
[DBG] {"category": "QUEUE", "component": "queue", "elapsed_sec": 0.030017, "event": "END:queue_get", "host": "d6b2a058c4be", "pid": 107344, "rank": null, "ts": "2026-10-04 14:58:17"}
[DBG] {"category": "QUEUE", "component": "queue", "event": "queue_item_decoded", "host": "d6b2a058c4be", "item_id": "d9e9b6c40e5b481c86bc7a89b55b9f6a", "key": "smoke01:rollout:d9e9b6c40e5b481c86bc7a89b55b9f6a", "pid": 107344, "policy_version": 0, "queue": "rollout", "rank": null, "ts": "2026-10-04 14:58:17"}
[DBG] {"category": "QUEUE", "component": "queue", "count": 1, "event": "BEGIN:clear_popped", "host": "d6b2a058c4be", "pid": 107344, "queue": "rollout", "rank": null, "ts": "2026-10-04 14:58:17"}
[DBG] {"category": "QUEUE", "component": "queue", "event": "watchdog_armed", "host": "d6b2a058c4be", "pid": 107344, "rank": null, "stage": "clear_popped", "timeout_sec": 30.0, "ts": "2026-10-04 14:58:17"}
[DBG] {"category": "QUEUE", "component": "queue", "elapsed_sec": 0.019203, "event": "END:clear_popped", "host": "d6b2a058c4be", "pid": 107344, "rank": null, "ts": "2026-10-04 14:58:17"}
[DBG] {"category": "QUEUE", "component": "queue", "event": "pop_done", "host": "d6b2a058c4be", "item_ids": ["d9e9b6c40e5b481c86bc7a89b55b9f6a"], "pid": 107344, "queue": "rollout", "rank": null, "remaining": 7, "returned": 1, "stale": 0, "ts": "2026-10-04 14:58:17"}
[DBG] {"category": "QUEUE", "component": "queue", "event": "size_changed", "host": "d6b2a058c4be", "pid": 107344, "queue": "rollout", "rank": null, "size": 7, "ts": "2026-10-04 14:58:17"}
[DBG] {"category": "QUEUE", "component": "queue", "current_version": 0, "event": "BEGIN:queue_list_for_pop", "exact": true, "host": "d6b2a058c4be", "max_lag": 3, "pid": 107344, "queue": "preference", "rank": null, "requested": 4, "ts": "2026-10-04 14:58:17"}
[DBG] {"category": "QUEUE", "component": "queue", "event": "watchdog_armed", "host": "d6b2a058c4be", "pid": 107344, "rank": null, "stage": "queue_list_for_pop", "timeout_sec": 30.0, "ts": "2026-10-04 14:58:17"}
[DBG] {"category": "QUEUE", "component": "queue", "elapsed_sec": 0.005446, "event": "END:queue_list_for_pop", "host": "d6b2a058c4be", "pid": 107344, "rank": null, "ts": "2026-10-04 14:58:17"}
[DBG] {"available": 2, "category": "QUEUE", "component": "queue", "event": "pop_scan", "exact": true, "host": "d6b2a058c4be", "pid": 107344, "queue": "preference", "rank": null, "requested": 4, "selected": 2, "selected_keys": ["smoke01:preference:8dc5d15a2db04c6a8ce5f8bd9d3c7163", "smoke01:preference:2e07c777807a4c7fbb8b5829e12552d5"], "stale": 0, "stale_keys": [], "ts": "2026-10-04 14:58:17"}
[DBG] {"available": 2, "category": "QUEUE", "component": "queue", "event": "pop_not_enough", "host": "d6b2a058c4be", "pid": 107344, "queue": "preference", "rank": null, "requested": 4, "ts": "2026-10-04 14:58:17"}
[DBG] {"category": "QUEUE", "component": "queue", "event": "put_prepare", "host": "d6b2a058c4be", "item_id": "183002ed79b54b6fa7f74b39f70f25e1", "partition": "smoke01:rollout", "payload_bytes": 2411, "pid": 107344, "policy_version": 0, "queue": "rollout", "rank": null, "ts": "2026-10-04 14:58:18"}
[DBG] {"category": "QUEUE", "component": "queue", "event": "BEGIN:queue_put", "host": "d6b2a058c4be", "item_id": "183002ed79b54b6fa7f74b39f70f25e1", "pid": 107344, "queue": "rollout", "rank": null, "ts": "2026-10-04 14:58:18"}
[DBG] {"category": "QUEUE", "component": "queue", "event": "watchdog_armed", "host": "d6b2a058c4be", "pid": 107344, "rank": null, "stage": "queue_put", "timeout_sec": 30.0, "ts": "2026-10-04 14:58:18"}
[DBG] {"category": "QUEUE", "component": "queue", "elapsed_sec": 0.065675, "event": "END:queue_put", "host": "d6b2a058c4be", "pid": 107344, "rank": null, "ts": "2026-10-04 14:58:18"}
[DBG] {"category": "QUEUE", "component": "queue", "event": "put_done", "host": "d6b2a058c4be", "key": "smoke01:rollout:183002ed79b54b6fa7f74b39f70f25e1", "pid": 107344, "policy_version": 0, "queue": "rollout", "rank": null, "ts": "2026-10-04 14:58:18"}
[DBG] {"category": "QUEUE", "component": "queue", "event": "put_prepare", "host": "d6b2a058c4be", "item_id": "81a773ae608d4b42ab14f1e00a9752a0", "partition": "smoke01:rollout", "payload_bytes": 2589, "pid": 107344, "policy_version": 0, "queue": "rollout", "rank": null, "ts": "2026-10-04 14:58:18"}
[DBG] {"category": "QUEUE", "component": "queue", "event": "BEGIN:queue_put", "host": "d6b2a058c4be", "item_id": "81a773ae608d4b42ab14f1e00a9752a0", "pid": 107344, "queue": "rollout", "rank": null, "ts": "2026-10-04 14:58:18"}
[DBG] {"category": "QUEUE", "component": "queue", "event": "watchdog_armed", "host": "d6b2a058c4be", "pid": 107344, "rank": null, "stage": "queue_put", "timeout_sec": 30.0, "ts": "2026-10-04 14:58:18"}
[DBG] {"category": "QUEUE", "component": "queue", "elapsed_sec": 0.03703, "event": "END:queue_put", "host": "d6b2a058c4be", "pid": 107344, "rank": null, "ts": "2026-10-04 14:58:18"}
[DBG] {"category": "QUEUE", "component": "queue", "event": "put_done", "host": "d6b2a058c4be", "key": "smoke01:rollout:81a773ae608d4b42ab14f1e00a9752a0", "pid": 107344, "policy_version": 0, "queue": "rollout", "rank": null, "ts": "2026-10-04 14:58:18"}
[DBG] {"category": "QUEUE", "component": "queue", "event": "size_changed", "host": "d6b2a058c4be", "pid": 107344, "queue": "rollout", "rank": null, "size": 9, "ts": "2026-10-04 14:58:18"}
[DBG] {"category": "QUEUE", "component": "queue", "current_version": 0, "event": "BEGIN:queue_list_for_pop", "exact": true, "host": "d6b2a058c4be", "max_lag": 3, "pid": 107344, "queue": "preference", "rank": null, "requested": 4, "ts": "2026-10-04 14:58:18"}
[DBG] {"category": "QUEUE", "component": "queue", "event": "watchdog_armed", "host": "d6b2a058c4be", "pid": 107344, "rank": null, "stage": "queue_list_for_pop", "timeout_sec": 30.0, "ts": "2026-10-04 14:58:18"}
[DBG] {"category": "QUEUE", "component": "queue", "elapsed_sec": 0.002505, "event": "END:queue_list_for_pop", "host": "d6b2a058c4be", "pid": 107344, "rank": null, "ts": "2026-10-04 14:58:18"}
[DBG] {"available": 2, "category": "QUEUE", "component": "queue", "event": "pop_scan", "exact": true, "host": "d6b2a058c4be", "pid": 107344, "queue": "preference", "rank": null, "requested": 4, "selected": 2, "selected_keys": ["smoke01:preference:8dc5d15a2db04c6a8ce5f8bd9d3c7163", "smoke01:preference:2e07c777807a4c7fbb8b5829e12552d5"], "stale": 0, "stale_keys": [], "ts": "2026-10-04 14:58:18"}
[DBG] {"available": 2, "category": "QUEUE", "component": "queue", "event": "pop_not_enough", "host": "d6b2a058c4be", "pid": 107344, "queue": "preference", "rank": null, "requested": 4, "ts": "2026-10-04 14:58:18"}
[DBG] {"category": "QUEUE", "component": "queue", "event": "put_prepare", "host": "d6b2a058c4be", "item_id": "d9e9b6c40e5b481c86bc7a89b55b9f6a", "partition": "smoke01:preference", "payload_bytes": 1641, "pid": 107344, "policy_version": 0, "queue": "preference", "rank": null, "ts": "2026-10-04 14:58:18"}
[DBG] {"category": "QUEUE", "component": "queue", "event": "BEGIN:queue_put", "host": "d6b2a058c4be", "item_id": "d9e9b6c40e5b481c86bc7a89b55b9f6a", "pid": 107344, "queue": "preference", "rank": null, "ts": "2026-10-04 14:58:18"}
[DBG] {"category": "QUEUE", "component": "queue", "event": "watchdog_armed", "host": "d6b2a058c4be", "pid": 107344, "rank": null, "stage": "queue_put", "timeout_sec": 30.0, "ts": "2026-10-04 14:58:18"}
[DBG] {"category": "QUEUE", "component": "queue", "elapsed_sec": 0.033844, "event": "END:queue_put", "host": "d6b2a058c4be", "pid": 107344, "rank": null, "ts": "2026-10-04 14:58:18"}
[DBG] {"category": "QUEUE", "component": "queue", "event": "put_done", "host": "d6b2a058c4be", "key": "smoke01:preference:d9e9b6c40e5b481c86bc7a89b55b9f6a", "pid": 107344, "policy_version": 0, "queue": "preference", "rank": null, "ts": "2026-10-04 14:58:18"}
[DBG] {"category": "QUEUE", "component": "queue", "event": "size_changed", "host": "d6b2a058c4be", "pid": 107344, "queue": "preference", "rank": null, "size": 3, "ts": "2026-10-04 14:58:18"}
[DBG] {"category": "QUEUE", "component": "queue", "current_version": null, "event": "BEGIN:queue_list_for_pop", "exact": false, "host": "d6b2a058c4be", "max_lag": null, "pid": 107344, "queue": "rollout", "rank": null, "requested": 1, "ts": "2026-10-04 14:58:18"}
[DBG] {"category": "QUEUE", "component": "queue", "event": "watchdog_armed", "host": "d6b2a058c4be", "pid": 107344, "rank": null, "stage": "queue_list_for_pop", "timeout_sec": 30.0, "ts": "2026-10-04 14:58:18"}
[DBG] {"category": "QUEUE", "component": "queue", "elapsed_sec": 0.003342, "event": "END:queue_list_for_pop", "host": "d6b2a058c4be", "pid": 107344, "rank": null, "ts": "2026-10-04 14:58:18"}
[DBG] {"available": 9, "category": "QUEUE", "component": "queue", "event": "pop_scan", "exact": false, "host": "d6b2a058c4be", "pid": 107344, "queue": "rollout", "rank": null, "requested": 1, "selected": 1, "selected_keys": ["smoke01:rollout:8219b8140bd3461aa698b1b435cfa861"], "stale": 0, "stale_keys": [], "ts": "2026-10-04 14:58:18"}
[DBG] {"category": "QUEUE", "component": "queue", "event": "BEGIN:queue_get", "host": "d6b2a058c4be", "key": "smoke01:rollout:8219b8140bd3461aa698b1b435cfa861", "pid": 107344, "queue": "rollout", "rank": null, "ts": "2026-10-04 14:58:18"}
[DBG] {"category": "QUEUE", "component": "queue", "event": "watchdog_armed", "host": "d6b2a058c4be", "pid": 107344, "rank": null, "stage": "queue_get", "timeout_sec": 30.0, "ts": "2026-10-04 14:58:18"}
[DBG] {"category": "QUEUE", "component": "queue", "elapsed_sec": 0.028573, "event": "END:queue_get", "host": "d6b2a058c4be", "pid": 107344, "rank": null, "ts": "2026-10-04 14:58:18"}
[DBG] {"category": "QUEUE", "component": "queue", "event": "queue_item_decoded", "host": "d6b2a058c4be", "item_id": "8219b8140bd3461aa698b1b435cfa861", "key": "smoke01:rollout:8219b8140bd3461aa698b1b435cfa861", "pid": 107344, "policy_version": 0, "queue": "rollout", "rank": null, "ts": "2026-10-04 14:58:18"}
[DBG] {"category": "QUEUE", "component": "queue", "count": 1, "event": "BEGIN:clear_popped", "host": "d6b2a058c4be", "pid": 107344, "queue": "rollout", "rank": null, "ts": "2026-10-04 14:58:18"}
[DBG] {"category": "QUEUE", "component": "queue", "event": "watchdog_armed", "host": "d6b2a058c4be", "pid": 107344, "rank": null, "stage": "clear_popped", "timeout_sec": 30.0, "ts": "2026-10-04 14:58:18"}
[DBG] {"category": "QUEUE", "component": "queue", "elapsed_sec": 0.019048, "event": "END:clear_popped", "host": "d6b2a058c4be", "pid": 107344, "rank": null, "ts": "2026-10-04 14:58:18"}
[DBG] {"category": "QUEUE", "component": "queue", "event": "pop_done", "host": "d6b2a058c4be", "item_ids": ["8219b8140bd3461aa698b1b435cfa861"], "pid": 107344, "queue": "rollout", "rank": null, "remaining": 8, "returned": 1, "stale": 0, "ts": "2026-10-04 14:58:18"}
[DBG] {"category": "QUEUE", "component": "queue", "event": "size_changed", "host": "d6b2a058c4be", "pid": 107344, "queue": "rollout", "rank": null, "size": 8, "ts": "2026-10-04 14:58:18"}
[DBG] {"category": "QUEUE", "component": "queue", "current_version": 0, "event": "BEGIN:queue_list_for_pop", "exact": true, "host": "d6b2a058c4be", "max_lag": 3, "pid": 107344, "queue": "preference", "rank": null, "requested": 4, "ts": "2026-10-04 14:58:18"}
[DBG] {"category": "QUEUE", "component": "queue", "event": "watchdog_armed", "host": "d6b2a058c4be", "pid": 107344, "rank": null, "stage": "queue_list_for_pop", "timeout_sec": 30.0, "ts": "2026-10-04 14:58:18"}
[DBG] {"category": "QUEUE", "component": "queue", "elapsed_sec": 0.002662, "event": "END:queue_list_for_pop", "host": "d6b2a058c4be", "pid": 107344, "rank": null, "ts": "2026-10-04 14:58:18"}
[DBG] {"available": 3, "category": "QUEUE", "component": "queue", "event": "pop_scan", "exact": true, "host": "d6b2a058c4be", "pid": 107344, "queue": "preference", "rank": null, "requested": 4, "selected": 3, "selected_keys": ["smoke01:preference:8dc5d15a2db04c6a8ce5f8bd9d3c7163", "smoke01:preference:2e07c777807a4c7fbb8b5829e12552d5", "smoke01:preference:d9e9b6c40e5b481c86bc7a89b55b9f6a"], "stale": 0, "stale_keys": [], "ts": "2026-10-04 14:58:18"}
[DBG] {"available": 3, "category": "QUEUE", "component": "queue", "event": "pop_not_enough", "host": "d6b2a058c4be", "pid": 107344, "queue": "preference", "rank": null, "requested": 4, "ts": "2026-10-04 14:58:18"}
[DBG] {"category": "QUEUE", "component": "queue", "current_version": 0, "event": "BEGIN:queue_list_for_pop", "exact": true, "host": "d6b2a058c4be", "max_lag": 3, "pid": 107344, "queue": "preference", "rank": null, "requested": 4, "ts": "2026-10-04 14:58:19"}
[DBG] {"category": "QUEUE", "component": "queue", "event": "watchdog_armed", "host": "d6b2a058c4be", "pid": 107344, "rank": null, "stage": "queue_list_for_pop", "timeout_sec": 30.0, "ts": "2026-10-04 14:58:19"}
[DBG] {"category": "QUEUE", "component": "queue", "elapsed_sec": 0.003936, "event": "END:queue_list_for_pop", "host": "d6b2a058c4be", "pid": 107344, "rank": null, "ts": "2026-10-04 14:58:19"}
[DBG] {"available": 3, "category": "QUEUE", "component": "queue", "event": "pop_scan", "exact": true, "host": "d6b2a058c4be", "pid": 107344, "queue": "preference", "rank": null, "requested": 4, "selected": 3, "selected_keys": ["smoke01:preference:8dc5d15a2db04c6a8ce5f8bd9d3c7163", "smoke01:preference:2e07c777807a4c7fbb8b5829e12552d5", "smoke01:preference:d9e9b6c40e5b481c86bc7a89b55b9f6a"], "stale": 0, "stale_keys": [], "ts": "2026-10-04 14:58:19"}
[DBG] {"available": 3, "category": "QUEUE", "component": "queue", "event": "pop_not_enough", "host": "d6b2a058c4be", "pid": 107344, "queue": "preference", "rank": null, "requested": 4, "ts": "2026-10-04 14:58:19"}
[DBG] {"category": "QUEUE", "component": "queue", "event": "put_prepare", "host": "d6b2a058c4be", "item_id": "8219b8140bd3461aa698b1b435cfa861", "partition": "smoke01:preference", "payload_bytes": 1363, "pid": 107344, "policy_version": 0, "queue": "preference", "rank": null, "ts": "2026-10-04 14:58:19"}
[DBG] {"category": "QUEUE", "component": "queue", "event": "BEGIN:queue_put", "host": "d6b2a058c4be", "item_id": "8219b8140bd3461aa698b1b435cfa861", "pid": 107344, "queue": "preference", "rank": null, "ts": "2026-10-04 14:58:19"}
[DBG] {"category": "QUEUE", "component": "queue", "event": "watchdog_armed", "host": "d6b2a058c4be", "pid": 107344, "rank": null, "stage": "queue_put", "timeout_sec": 30.0, "ts": "2026-10-04 14:58:19"}
[DBG] {"category": "QUEUE", "component": "queue", "elapsed_sec": 0.040697, "event": "END:queue_put", "host": "d6b2a058c4be", "pid": 107344, "rank": null, "ts": "2026-10-04 14:58:19"}
[DBG] {"category": "QUEUE", "component": "queue", "event": "put_done", "host": "d6b2a058c4be", "key": "smoke01:preference:8219b8140bd3461aa698b1b435cfa861", "pid": 107344, "policy_version": 0, "queue": "preference", "rank": null, "ts": "2026-10-04 14:58:19"}
[DBG] {"category": "QUEUE", "component": "queue", "event": "size_changed", "host": "d6b2a058c4be", "pid": 107344, "queue": "preference", "rank": null, "size": 4, "ts": "2026-10-04 14:58:19"}
[DBG] {"category": "QUEUE", "component": "queue", "current_version": null, "event": "BEGIN:queue_list_for_pop", "exact": false, "host": "d6b2a058c4be", "max_lag": null, "pid": 107344, "queue": "rollout", "rank": null, "requested": 1, "ts": "2026-10-04 14:58:19"}
[DBG] {"category": "QUEUE", "component": "queue", "event": "watchdog_armed", "host": "d6b2a058c4be", "pid": 107344, "rank": null, "stage": "queue_list_for_pop", "timeout_sec": 30.0, "ts": "2026-10-04 14:58:19"}
[DBG] {"category": "QUEUE", "component": "queue", "elapsed_sec": 0.004789, "event": "END:queue_list_for_pop", "host": "d6b2a058c4be", "pid": 107344, "rank": null, "ts": "2026-10-04 14:58:19"}
[DBG] {"available": 8, "category": "QUEUE", "component": "queue", "event": "pop_scan", "exact": false, "host": "d6b2a058c4be", "pid": 107344, "queue": "rollout", "rank": null, "requested": 1, "selected": 1, "selected_keys": ["smoke01:rollout:4d6d825a4fcb4d37a3aa7d5370f82017"], "stale": 0, "stale_keys": [], "ts": "2026-10-04 14:58:19"}
[DBG] {"category": "QUEUE", "component": "queue", "event": "BEGIN:queue_get", "host": "d6b2a058c4be", "key": "smoke01:rollout:4d6d825a4fcb4d37a3aa7d5370f82017", "pid": 107344, "queue": "rollout", "rank": null, "ts": "2026-10-04 14:58:19"}
[DBG] {"category": "QUEUE", "component": "queue", "event": "watchdog_armed", "host": "d6b2a058c4be", "pid": 107344, "rank": null, "stage": "queue_get", "timeout_sec": 30.0, "ts": "2026-10-04 14:58:19"}
[DBG] {"category": "QUEUE", "component": "queue", "elapsed_sec": 0.030531, "event": "END:queue_get", "host": "d6b2a058c4be", "pid": 107344, "rank": null, "ts": "2026-10-04 14:58:19"}
[DBG] {"category": "QUEUE", "component": "queue", "event": "queue_item_decoded", "host": "d6b2a058c4be", "item_id": "4d6d825a4fcb4d37a3aa7d5370f82017", "key": "smoke01:rollout:4d6d825a4fcb4d37a3aa7d5370f82017", "pid": 107344, "policy_version": 0, "queue": "rollout", "rank": null, "ts": "2026-10-04 14:58:19"}
[DBG] {"category": "QUEUE", "component": "queue", "count": 1, "event": "BEGIN:clear_popped", "host": "d6b2a058c4be", "pid": 107344, "queue": "rollout", "rank": null, "ts": "2026-10-04 14:58:19"}
[DBG] {"category": "QUEUE", "component": "queue", "event": "watchdog_armed", "host": "d6b2a058c4be", "pid": 107344, "rank": null, "stage": "clear_popped", "timeout_sec": 30.0, "ts": "2026-10-04 14:58:19"}
[DBG] {"category": "QUEUE", "component": "queue", "elapsed_sec": 0.019757, "event": "END:clear_popped", "host": "d6b2a058c4be", "pid": 107344, "rank": null, "ts": "2026-10-04 14:58:19"}
[DBG] {"category": "QUEUE", "component": "queue", "event": "pop_done", "host": "d6b2a058c4be", "item_ids": ["4d6d825a4fcb4d37a3aa7d5370f82017"], "pid": 107344, "queue": "rollout", "rank": null, "remaining": 7, "returned": 1, "stale": 0, "ts": "2026-10-04 14:58:19"}
[DBG] {"category": "QUEUE", "component": "queue", "event": "size_changed", "host": "d6b2a058c4be", "pid": 107344, "queue": "rollout", "rank": null, "size": 7, "ts": "2026-10-04 14:58:19"}
[DBG] {"category": "QUEUE", "component": "queue", "current_version": 0, "event": "BEGIN:queue_list_for_pop", "exact": true, "host": "d6b2a058c4be", "max_lag": 3, "pid": 107344, "queue": "preference", "rank": null, "requested": 4, "ts": "2026-10-04 14:58:19"}
[DBG] {"category": "QUEUE", "component": "queue", "event": "watchdog_armed", "host": "d6b2a058c4be", "pid": 107344, "rank": null, "stage": "queue_list_for_pop", "timeout_sec": 30.0, "ts": "2026-10-04 14:58:19"}
[DBG] {"category": "QUEUE", "component": "queue", "elapsed_sec": 0.003799, "event": "END:queue_list_for_pop", "host": "d6b2a058c4be", "pid": 107344, "rank": null, "ts": "2026-10-04 14:58:19"}
[DBG] {"available": 4, "category": "QUEUE", "component": "queue", "event": "pop_scan", "exact": true, "host": "d6b2a058c4be", "pid": 107344, "queue": "preference", "rank": null, "requested": 4, "selected": 4, "selected_keys": ["smoke01:preference:8dc5d15a2db04c6a8ce5f8bd9d3c7163", "smoke01:preference:2e07c777807a4c7fbb8b5829e12552d5", "smoke01:preference:d9e9b6c40e5b481c86bc7a89b55b9f6a", "smoke01:preference:8219b8140bd3461aa698b1b435cfa861"], "stale": 0, "stale_keys": [], "ts": "2026-10-04 14:58:19"}
[DBG] {"category": "QUEUE", "component": "queue", "event": "BEGIN:queue_get", "host": "d6b2a058c4be", "key": "smoke01:preference:8dc5d15a2db04c6a8ce5f8bd9d3c7163", "pid": 107344, "queue": "preference", "rank": null, "ts": "2026-10-04 14:58:19"}
[DBG] {"category": "QUEUE", "component": "queue", "event": "watchdog_armed", "host": "d6b2a058c4be", "pid": 107344, "rank": null, "stage": "queue_get", "timeout_sec": 30.0, "ts": "2026-10-04 14:58:19"}
[DBG] {"category": "QUEUE", "component": "queue", "elapsed_sec": 0.034614, "event": "END:queue_get", "host": "d6b2a058c4be", "pid": 107344, "rank": null, "ts": "2026-10-04 14:58:19"}
[DBG] {"category": "QUEUE", "component": "queue", "event": "queue_item_decoded", "host": "d6b2a058c4be", "item_id": "8dc5d15a2db04c6a8ce5f8bd9d3c7163", "key": "smoke01:preference:8dc5d15a2db04c6a8ce5f8bd9d3c7163", "pid": 107344, "policy_version": 0, "queue": "preference", "rank": null, "ts": "2026-10-04 14:58:19"}
[DBG] {"category": "QUEUE", "component": "queue", "event": "BEGIN:queue_get", "host": "d6b2a058c4be", "key": "smoke01:preference:2e07c777807a4c7fbb8b5829e12552d5", "pid": 107344, "queue": "preference", "rank": null, "ts": "2026-10-04 14:58:19"}
[DBG] {"category": "QUEUE", "component": "queue", "event": "watchdog_armed", "host": "d6b2a058c4be", "pid": 107344, "rank": null, "stage": "queue_get", "timeout_sec": 30.0, "ts": "2026-10-04 14:58:19"}
[DBG] {"category": "QUEUE", "component": "queue", "elapsed_sec": 0.03585, "event": "END:queue_get", "host": "d6b2a058c4be", "pid": 107344, "rank": null, "ts": "2026-10-04 14:58:20"}
[DBG] {"category": "QUEUE", "component": "queue", "event": "queue_item_decoded", "host": "d6b2a058c4be", "item_id": "2e07c777807a4c7fbb8b5829e12552d5", "key": "smoke01:preference:2e07c777807a4c7fbb8b5829e12552d5", "pid": 107344, "policy_version": 0, "queue": "preference", "rank": null, "ts": "2026-10-04 14:58:20"}
[DBG] {"category": "QUEUE", "component": "queue", "event": "BEGIN:queue_get", "host": "d6b2a058c4be", "key": "smoke01:preference:d9e9b6c40e5b481c86bc7a89b55b9f6a", "pid": 107344, "queue": "preference", "rank": null, "ts": "2026-10-04 14:58:20"}
[DBG] {"category": "QUEUE", "component": "queue", "event": "watchdog_armed", "host": "d6b2a058c4be", "pid": 107344, "rank": null, "stage": "queue_get", "timeout_sec": 30.0, "ts": "2026-10-04 14:58:20"}
[DBG] {"category": "QUEUE", "component": "queue", "elapsed_sec": 0.038867, "event": "END:queue_get", "host": "d6b2a058c4be", "pid": 107344, "rank": null, "ts": "2026-10-04 14:58:20"}
[DBG] {"category": "QUEUE", "component": "queue", "event": "queue_item_decoded", "host": "d6b2a058c4be", "item_id": "d9e9b6c40e5b481c86bc7a89b55b9f6a", "key": "smoke01:preference:d9e9b6c40e5b481c86bc7a89b55b9f6a", "pid": 107344, "policy_version": 0, "queue": "preference", "rank": null, "ts": "2026-10-04 14:58:20"}
[DBG] {"category": "QUEUE", "component": "queue", "event": "BEGIN:queue_get", "host": "d6b2a058c4be", "key": "smoke01:preference:8219b8140bd3461aa698b1b435cfa861", "pid": 107344, "queue": "preference", "rank": null, "ts": "2026-10-04 14:58:20"}
[DBG] {"category": "QUEUE", "component": "queue", "event": "watchdog_armed", "host": "d6b2a058c4be", "pid": 107344, "rank": null, "stage": "queue_get", "timeout_sec": 30.0, "ts": "2026-10-04 14:58:20"}
[DBG] {"category": "QUEUE", "component": "queue", "elapsed_sec": 0.03683, "event": "END:queue_get", "host": "d6b2a058c4be", "pid": 107344, "rank": null, "ts": "2026-10-04 14:58:20"}
[DBG] {"category": "QUEUE", "component": "queue", "event": "queue_item_decoded", "host": "d6b2a058c4be", "item_id": "8219b8140bd3461aa698b1b435cfa861", "key": "smoke01:preference:8219b8140bd3461aa698b1b435cfa861", "pid": 107344, "policy_version": 0, "queue": "preference", "rank": null, "ts": "2026-10-04 14:58:20"}
[DBG] {"category": "QUEUE", "component": "queue", "count": 4, "event": "BEGIN:clear_popped", "host": "d6b2a058c4be", "pid": 107344, "queue": "preference", "rank": null, "ts": "2026-10-04 14:58:20"}
[DBG] {"category": "QUEUE", "component": "queue", "event": "watchdog_armed", "host": "d6b2a058c4be", "pid": 107344, "rank": null, "stage": "clear_popped", "timeout_sec": 30.0, "ts": "2026-10-04 14:58:20"}
[DBG] {"category": "QUEUE", "component": "queue", "elapsed_sec": 0.023985, "event": "END:clear_popped", "host": "d6b2a058c4be", "pid": 107344, "rank": null, "ts": "2026-10-04 14:58:20"}
[DBG] {"category": "QUEUE", "component": "queue", "event": "pop_done", "host": "d6b2a058c4be", "item_ids": ["8dc5d15a2db04c6a8ce5f8bd9d3c7163", "2e07c777807a4c7fbb8b5829e12552d5", "d9e9b6c40e5b481c86bc7a89b55b9f6a", "8219b8140bd3461aa698b1b435cfa861"], "pid": 107344, "queue": "preference", "rank": null, "remaining": 0, "returned": 4, "stale": 0, "ts": "2026-10-04 14:58:20"}
[DBG] {"category": "QUEUE", "component": "queue", "event": "put_prepare", "host": "d6b2a058c4be", "item_id": "ee31a5ce21b7447b8821f887c75e6b97", "partition": "smoke01:rollout", "payload_bytes": 2614, "pid": 107344, "policy_version": 0, "queue": "rollout", "rank": null, "ts": "2026-10-04 14:58:20"}
[DBG] {"category": "QUEUE", "component": "queue", "event": "BEGIN:queue_put", "host": "d6b2a058c4be", "item_id": "ee31a5ce21b7447b8821f887c75e6b97", "pid": 107344, "queue": "rollout", "rank": null, "ts": "2026-10-04 14:58:20"}
[DBG] {"category": "QUEUE", "component": "queue", "event": "watchdog_armed", "host": "d6b2a058c4be", "pid": 107344, "rank": null, "stage": "queue_put", "timeout_sec": 30.0, "ts": "2026-10-04 14:58:20"}
[DBG] {"category": "QUEUE", "component": "queue", "elapsed_sec": 0.053877, "event": "END:queue_put", "host": "d6b2a058c4be", "pid": 107344, "rank": null, "ts": "2026-10-04 14:58:20"}
[DBG] {"category": "QUEUE", "component": "queue", "event": "put_done", "host": "d6b2a058c4be", "key": "smoke01:rollout:ee31a5ce21b7447b8821f887c75e6b97", "pid": 107344, "policy_version": 0, "queue": "rollout", "rank": null, "ts": "2026-10-04 14:58:20"}
[DBG] {"category": "QUEUE", "component": "queue", "event": "size_changed", "host": "d6b2a058c4be", "pid": 107344, "queue": "preference", "rank": null, "size": 0, "ts": "2026-10-04 14:58:20"}
[DBG] {"category": "QUEUE", "component": "queue", "event": "put_prepare", "host": "d6b2a058c4be", "item_id": "1ed2f8198e534db5b42b9d1d342f5ca5", "partition": "smoke01:rollout", "payload_bytes": 1489, "pid": 107344, "policy_version": 0, "queue": "rollout", "rank": null, "ts": "2026-10-04 14:58:20"}
[DBG] {"category": "QUEUE", "component": "queue", "event": "BEGIN:queue_put", "host": "d6b2a058c4be", "item_id": "1ed2f8198e534db5b42b9d1d342f5ca5", "pid": 107344, "queue": "rollout", "rank": null, "ts": "2026-10-04 14:58:20"}
[DBG] {"category": "QUEUE", "component": "queue", "event": "watchdog_armed", "host": "d6b2a058c4be", "pid": 107344, "rank": null, "stage": "queue_put", "timeout_sec": 30.0, "ts": "2026-10-04 14:58:20"}
[DBG] {"category": "QUEUE", "component": "queue", "elapsed_sec": 0.037831, "event": "END:queue_put", "host": "d6b2a058c4be", "pid": 107344, "rank": null, "ts": "2026-10-04 14:58:20"}
[DBG] {"category": "QUEUE", "component": "queue", "event": "put_done", "host": "d6b2a058c4be", "key": "smoke01:rollout:1ed2f8198e534db5b42b9d1d342f5ca5", "pid": 107344, "policy_version": 0, "queue": "rollout", "rank": null, "ts": "2026-10-04 14:58:20"}
[DBG] {"category": "QUEUE", "component": "queue", "event": "put_prepare", "host": "d6b2a058c4be", "item_id": "4d6d825a4fcb4d37a3aa7d5370f82017", "partition": "smoke01:preference", "payload_bytes": 1269, "pid": 107344, "policy_version": 0, "queue": "preference", "rank": null, "ts": "2026-10-04 14:58:20"}
[DBG] {"category": "QUEUE", "component": "queue", "event": "BEGIN:queue_put", "host": "d6b2a058c4be", "item_id": "4d6d825a4fcb4d37a3aa7d5370f82017", "pid": 107344, "queue": "preference", "rank": null, "ts": "2026-10-04 14:58:20"}
[DBG] {"category": "QUEUE", "component": "queue", "event": "watchdog_armed", "host": "d6b2a058c4be", "pid": 107344, "rank": null, "stage": "queue_put", "timeout_sec": 30.0, "ts": "2026-10-04 14:58:20"}
[DBG] {"category": "QUEUE", "component": "queue", "elapsed_sec": 0.031328, "event": "END:queue_put", "host": "d6b2a058c4be", "pid": 107344, "rank": null, "ts": "2026-10-04 14:58:20"}
[DBG] {"category": "QUEUE", "component": "queue", "event": "put_done", "host": "d6b2a058c4be", "key": "smoke01:preference:4d6d825a4fcb4d37a3aa7d5370f82017", "pid": 107344, "policy_version": 0, "queue": "preference", "rank": null, "ts": "2026-10-04 14:58:20"}
[DBG] {"category": "QUEUE", "component": "queue", "event": "size_changed", "host": "d6b2a058c4be", "pid": 107344, "queue": "rollout", "rank": null, "size": 9, "ts": "2026-10-04 14:58:20"}
[DBG] {"category": "QUEUE", "component": "queue", "event": "size_changed", "host": "d6b2a058c4be", "pid": 107344, "queue": "preference", "rank": null, "size": 1, "ts": "2026-10-04 14:58:20"}
[DBG] {"category": "QUEUE", "component": "queue", "current_version": null, "event": "BEGIN:queue_list_for_pop", "exact": false, "host": "d6b2a058c4be", "max_lag": null, "pid": 107344, "queue": "rollout", "rank": null, "requested": 1, "ts": "2026-10-04 14:58:20"}
[DBG] {"category": "QUEUE", "component": "queue", "event": "watchdog_armed", "host": "d6b2a058c4be", "pid": 107344, "rank": null, "stage": "queue_list_for_pop", "timeout_sec": 30.0, "ts": "2026-10-04 14:58:20"}
[DBG] {"category": "QUEUE", "component": "queue", "elapsed_sec": 0.002268, "event": "END:queue_list_for_pop", "host": "d6b2a058c4be", "pid": 107344, "rank": null, "ts": "2026-10-04 14:58:20"}
[DBG] {"available": 9, "category": "QUEUE", "component": "queue", "event": "pop_scan", "exact": false, "host": "d6b2a058c4be", "pid": 107344, "queue": "rollout", "rank": null, "requested": 1, "selected": 1, "selected_keys": ["smoke01:rollout:c02fda411c84498ba21c88a48879950b"], "stale": 0, "stale_keys": [], "ts": "2026-10-04 14:58:20"}
[DBG] {"category": "QUEUE", "component": "queue", "event": "BEGIN:queue_get", "host": "d6b2a058c4be", "key": "smoke01:rollout:c02fda411c84498ba21c88a48879950b", "pid": 107344, "queue": "rollout", "rank": null, "ts": "2026-10-04 14:58:20"}
[DBG] {"category": "QUEUE", "component": "queue", "event": "watchdog_armed", "host": "d6b2a058c4be", "pid": 107344, "rank": null, "stage": "queue_get", "timeout_sec": 30.0, "ts": "2026-10-04 14:58:20"}
[DBG] {"category": "QUEUE", "component": "queue", "elapsed_sec": 0.030089, "event": "END:queue_get", "host": "d6b2a058c4be", "pid": 107344, "rank": null, "ts": "2026-10-04 14:58:20"}
[DBG] {"category": "QUEUE", "component": "queue", "event": "queue_item_decoded", "host": "d6b2a058c4be", "item_id": "c02fda411c84498ba21c88a48879950b", "key": "smoke01:rollout:c02fda411c84498ba21c88a48879950b", "pid": 107344, "policy_version": 0, "queue": "rollout", "rank": null, "ts": "2026-10-04 14:58:20"}
[DBG] {"category": "QUEUE", "component": "queue", "count": 1, "event": "BEGIN:clear_popped", "host": "d6b2a058c4be", "pid": 107344, "queue": "rollout", "rank": null, "ts": "2026-10-04 14:58:20"}
[DBG] {"category": "QUEUE", "component": "queue", "event": "watchdog_armed", "host": "d6b2a058c4be", "pid": 107344, "rank": null, "stage": "clear_popped", "timeout_sec": 30.0, "ts": "2026-10-04 14:58:20"}
[DBG] {"category": "QUEUE", "component": "queue", "elapsed_sec": 0.015666, "event": "END:clear_popped", "host": "d6b2a058c4be", "pid": 107344, "rank": null, "ts": "2026-10-04 14:58:20"}
[DBG] {"category": "QUEUE", "component": "queue", "event": "pop_done", "host": "d6b2a058c4be", "item_ids": ["c02fda411c84498ba21c88a48879950b"], "pid": 107344, "queue": "rollout", "rank": null, "remaining": 8, "returned": 1, "stale": 0, "ts": "2026-10-04 14:58:20"}
[DBG] {"category": "QUEUE", "component": "queue", "event": "size_changed", "host": "d6b2a058c4be", "pid": 107344, "queue": "rollout", "rank": null, "size": 8, "ts": "2026-10-04 14:58:20"}
[DBG] {"category": "QUEUE", "component": "queue", "event": "put_prepare", "host": "d6b2a058c4be", "item_id": "c02fda411c84498ba21c88a48879950b", "partition": "smoke01:preference", "payload_bytes": 1301, "pid": 107344, "policy_version": 0, "queue": "preference", "rank": null, "ts": "2026-10-04 14:58:21"}
[DBG] {"category": "QUEUE", "component": "queue", "event": "BEGIN:queue_put", "host": "d6b2a058c4be", "item_id": "c02fda411c84498ba21c88a48879950b", "pid": 107344, "queue": "preference", "rank": null, "ts": "2026-10-04 14:58:21"}
[DBG] {"category": "QUEUE", "component": "queue", "event": "watchdog_armed", "host": "d6b2a058c4be", "pid": 107344, "rank": null, "stage": "queue_put", "timeout_sec": 30.0, "ts": "2026-10-04 14:58:21"}
[DBG] {"category": "QUEUE", "component": "queue", "elapsed_sec": 0.023858, "event": "END:queue_put", "host": "d6b2a058c4be", "pid": 107344, "rank": null, "ts": "2026-10-04 14:58:21"}
[DBG] {"category": "QUEUE", "component": "queue", "event": "put_done", "host": "d6b2a058c4be", "key": "smoke01:preference:c02fda411c84498ba21c88a48879950b", "pid": 107344, "policy_version": 0, "queue": "preference", "rank": null, "ts": "2026-10-04 14:58:21"}
[DBG] {"category": "QUEUE", "component": "queue", "event": "size_changed", "host": "d6b2a058c4be", "pid": 107344, "queue": "preference", "rank": null, "size": 2, "ts": "2026-10-04 14:58:21"}
[DBG] {"category": "QUEUE", "component": "queue", "current_version": null, "event": "BEGIN:queue_list_for_pop", "exact": false, "host": "d6b2a058c4be", "max_lag": null, "pid": 107344, "queue": "rollout", "rank": null, "requested": 1, "ts": "2026-10-04 14:58:21"}
[DBG] {"category": "QUEUE", "component": "queue", "event": "watchdog_armed", "host": "d6b2a058c4be", "pid": 107344, "rank": null, "stage": "queue_list_for_pop", "timeout_sec": 30.0, "ts": "2026-10-04 14:58:21"}
[DBG] {"category": "QUEUE", "component": "queue", "elapsed_sec": 0.001688, "event": "END:queue_list_for_pop", "host": "d6b2a058c4be", "pid": 107344, "rank": null, "ts": "2026-10-04 14:58:21"}
[DBG] {"available": 8, "category": "QUEUE", "component": "queue", "event": "pop_scan", "exact": false, "host": "d6b2a058c4be", "pid": 107344, "queue": "rollout", "rank": null, "requested": 1, "selected": 1, "selected_keys": ["smoke01:rollout:616577ebdeeb4bb4a7700ba3f131418b"], "stale": 0, "stale_keys": [], "ts": "2026-10-04 14:58:21"}
[DBG] {"category": "QUEUE", "component": "queue", "event": "BEGIN:queue_get", "host": "d6b2a058c4be", "key": "smoke01:rollout:616577ebdeeb4bb4a7700ba3f131418b", "pid": 107344, "queue": "rollout", "rank": null, "ts": "2026-10-04 14:58:21"}
[DBG] {"category": "QUEUE", "component": "queue", "event": "watchdog_armed", "host": "d6b2a058c4be", "pid": 107344, "rank": null, "stage": "queue_get", "timeout_sec": 30.0, "ts": "2026-10-04 14:58:21"}
[DBG] {"category": "QUEUE", "component": "queue", "elapsed_sec": 0.034502, "event": "END:queue_get", "host": "d6b2a058c4be", "pid": 107344, "rank": null, "ts": "2026-10-04 14:58:21"}
[DBG] {"category": "QUEUE", "component": "queue", "event": "queue_item_decoded", "host": "d6b2a058c4be", "item_id": "616577ebdeeb4bb4a7700ba3f131418b", "key": "smoke01:rollout:616577ebdeeb4bb4a7700ba3f131418b", "pid": 107344, "policy_version": 0, "queue": "rollout", "rank": null, "ts": "2026-10-04 14:58:21"}
[DBG] {"category": "QUEUE", "component": "queue", "count": 1, "event": "BEGIN:clear_popped", "host": "d6b2a058c4be", "pid": 107344, "queue": "rollout", "rank": null, "ts": "2026-10-04 14:58:21"}
[DBG] {"category": "QUEUE", "component": "queue", "event": "watchdog_armed", "host": "d6b2a058c4be", "pid": 107344, "rank": null, "stage": "clear_popped", "timeout_sec": 30.0, "ts": "2026-10-04 14:58:21"}
[DBG] {"category": "QUEUE", "component": "queue", "elapsed_sec": 0.018333, "event": "END:clear_popped", "host": "d6b2a058c4be", "pid": 107344, "rank": null, "ts": "2026-10-04 14:58:21"}
[DBG] {"category": "QUEUE", "component": "queue", "event": "pop_done", "host": "d6b2a058c4be", "item_ids": ["616577ebdeeb4bb4a7700ba3f131418b"], "pid": 107344, "queue": "rollout", "rank": null, "remaining": 7, "returned": 1, "stale": 0, "ts": "2026-10-04 14:58:21"}
[DBG] {"category": "QUEUE", "component": "queue", "event": "size_changed", "host": "d6b2a058c4be", "pid": 107344, "queue": "rollout", "rank": null, "size": 7, "ts": "2026-10-04 14:58:21"}
[DBG] {"category": "QUEUE", "component": "queue", "event": "put_prepare", "host": "d6b2a058c4be", "item_id": "29c5bee107364f23b9b4718a08d89156", "partition": "smoke01:rollout", "payload_bytes": 1943, "pid": 107344, "policy_version": 0, "queue": "rollout", "rank": null, "ts": "2026-10-04 14:58:21"}
[DBG] {"category": "QUEUE", "component": "queue", "event": "BEGIN:queue_put", "host": "d6b2a058c4be", "item_id": "29c5bee107364f23b9b4718a08d89156", "pid": 107344, "queue": "rollout", "rank": null, "ts": "2026-10-04 14:58:21"}
[DBG] {"category": "QUEUE", "component": "queue", "event": "watchdog_armed", "host": "d6b2a058c4be", "pid": 107344, "rank": null, "stage": "queue_put", "timeout_sec": 30.0, "ts": "2026-10-04 14:58:21"}
[DBG] {"category": "QUEUE", "component": "queue", "elapsed_sec": 0.030511, "event": "END:queue_put", "host": "d6b2a058c4be", "pid": 107344, "rank": null, "ts": "2026-10-04 14:58:21"}
[DBG] {"category": "QUEUE", "component": "queue", "event": "put_done", "host": "d6b2a058c4be", "key": "smoke01:rollout:29c5bee107364f23b9b4718a08d89156", "pid": 107344, "policy_version": 0, "queue": "rollout", "rank": null, "ts": "2026-10-04 14:58:21"}
[DBG] {"category": "QUEUE", "component": "queue", "event": "put_prepare", "host": "d6b2a058c4be", "item_id": "8cddd10016d640f99325a869f5b42b45", "partition": "smoke01:rollout", "payload_bytes": 2023, "pid": 107344, "policy_version": 0, "queue": "rollout", "rank": null, "ts": "2026-10-04 14:58:21"}
[DBG] {"category": "QUEUE", "component": "queue", "event": "BEGIN:queue_put", "host": "d6b2a058c4be", "item_id": "8cddd10016d640f99325a869f5b42b45", "pid": 107344, "queue": "rollout", "rank": null, "ts": "2026-10-04 14:58:21"}
[DBG] {"category": "QUEUE", "component": "queue", "event": "watchdog_armed", "host": "d6b2a058c4be", "pid": 107344, "rank": null, "stage": "queue_put", "timeout_sec": 30.0, "ts": "2026-10-04 14:58:21"}
[DBG] {"category": "QUEUE", "component": "queue", "elapsed_sec": 0.030508, "event": "END:queue_put", "host": "d6b2a058c4be", "pid": 107344, "rank": null, "ts": "2026-10-04 14:58:21"}
[DBG] {"category": "QUEUE", "component": "queue", "event": "put_done", "host": "d6b2a058c4be", "key": "smoke01:rollout:8cddd10016d640f99325a869f5b42b45", "pid": 107344, "policy_version": 0, "queue": "rollout", "rank": null, "ts": "2026-10-04 14:58:21"}
[DBG] {"category": "QUEUE", "component": "queue", "event": "put_prepare", "host": "d6b2a058c4be", "item_id": "616577ebdeeb4bb4a7700ba3f131418b", "partition": "smoke01:preference", "payload_bytes": 1262, "pid": 107344, "policy_version": 0, "queue": "preference", "rank": null, "ts": "2026-10-04 14:58:21"}
[DBG] {"category": "QUEUE", "component": "queue", "event": "BEGIN:queue_put", "host": "d6b2a058c4be", "item_id": "616577ebdeeb4bb4a7700ba3f131418b", "pid": 107344, "queue": "preference", "rank": null, "ts": "2026-10-04 14:58:21"}
[DBG] {"category": "QUEUE", "component": "queue", "event": "watchdog_armed", "host": "d6b2a058c4be", "pid": 107344, "rank": null, "stage": "queue_put", "timeout_sec": 30.0, "ts": "2026-10-04 14:58:21"}
[DBG] {"category": "QUEUE", "component": "queue", "elapsed_sec": 0.030346, "event": "END:queue_put", "host": "d6b2a058c4be", "pid": 107344, "rank": null, "ts": "2026-10-04 14:58:21"}
[DBG] {"category": "QUEUE", "component": "queue", "event": "put_done", "host": "d6b2a058c4be", "key": "smoke01:preference:616577ebdeeb4bb4a7700ba3f131418b", "pid": 107344, "policy_version": 0, "queue": "preference", "rank": null, "ts": "2026-10-04 14:58:21"}
[DBG] {"category": "QUEUE", "component": "queue", "event": "size_changed", "host": "d6b2a058c4be", "pid": 107344, "queue": "rollout", "rank": null, "size": 9, "ts": "2026-10-04 14:58:21"}
[DBG] {"category": "QUEUE", "component": "queue", "event": "size_changed", "host": "d6b2a058c4be", "pid": 107344, "queue": "preference", "rank": null, "size": 3, "ts": "2026-10-04 14:58:21"}
[DBG] {"category": "QUEUE", "component": "queue", "current_version": null, "event": "BEGIN:queue_list_for_pop", "exact": false, "host": "d6b2a058c4be", "max_lag": null, "pid": 107344, "queue": "rollout", "rank": null, "requested": 1, "ts": "2026-10-04 14:58:21"}
[DBG] {"category": "QUEUE", "component": "queue", "event": "watchdog_armed", "host": "d6b2a058c4be", "pid": 107344, "rank": null, "stage": "queue_list_for_pop", "timeout_sec": 30.0, "ts": "2026-10-04 14:58:21"}
[DBG] {"category": "QUEUE", "component": "queue", "elapsed_sec": 0.003093, "event": "END:queue_list_for_pop", "host": "d6b2a058c4be", "pid": 107344, "rank": null, "ts": "2026-10-04 14:58:21"}
[DBG] {"available": 9, "category": "QUEUE", "component": "queue", "event": "pop_scan", "exact": false, "host": "d6b2a058c4be", "pid": 107344, "queue": "rollout", "rank": null, "requested": 1, "selected": 1, "selected_keys": ["smoke01:rollout:07609ab8232f43a4b8dc5c4e1b199350"], "stale": 0, "stale_keys": [], "ts": "2026-10-04 14:58:21"}
[DBG] {"category": "QUEUE", "component": "queue", "event": "BEGIN:queue_get", "host": "d6b2a058c4be", "key": "smoke01:rollout:07609ab8232f43a4b8dc5c4e1b199350", "pid": 107344, "queue": "rollout", "rank": null, "ts": "2026-10-04 14:58:21"}
[DBG] {"category": "QUEUE", "component": "queue", "event": "watchdog_armed", "host": "d6b2a058c4be", "pid": 107344, "rank": null, "stage": "queue_get", "timeout_sec": 30.0, "ts": "2026-10-04 14:58:21"}
[DBG] {"category": "QUEUE", "component": "queue", "elapsed_sec": 0.026918, "event": "END:queue_get", "host": "d6b2a058c4be", "pid": 107344, "rank": null, "ts": "2026-10-04 14:58:21"}
[DBG] {"category": "QUEUE", "component": "queue", "event": "queue_item_decoded", "host": "d6b2a058c4be", "item_id": "07609ab8232f43a4b8dc5c4e1b199350", "key": "smoke01:rollout:07609ab8232f43a4b8dc5c4e1b199350", "pid": 107344, "policy_version": 0, "queue": "rollout", "rank": null, "ts": "2026-10-04 14:58:21"}
[DBG] {"category": "QUEUE", "component": "queue", "count": 1, "event": "BEGIN:clear_popped", "host": "d6b2a058c4be", "pid": 107344, "queue": "rollout", "rank": null, "ts": "2026-10-04 14:58:21"}
[DBG] {"category": "QUEUE", "component": "queue", "event": "watchdog_armed", "host": "d6b2a058c4be", "pid": 107344, "rank": null, "stage": "clear_popped", "timeout_sec": 30.0, "ts": "2026-10-04 14:58:21"}
[DBG] {"category": "QUEUE", "component": "queue", "elapsed_sec": 0.018438, "event": "END:clear_popped", "host": "d6b2a058c4be", "pid": 107344, "rank": null, "ts": "2026-10-04 14:58:21"}
[DBG] {"category": "QUEUE", "component": "queue", "event": "pop_done", "host": "d6b2a058c4be", "item_ids": ["07609ab8232f43a4b8dc5c4e1b199350"], "pid": 107344, "queue": "rollout", "rank": null, "remaining": 8, "returned": 1, "stale": 0, "ts": "2026-10-04 14:58:21"}
[DBG] {"category": "QUEUE", "component": "queue", "event": "size_changed", "host": "d6b2a058c4be", "pid": 107344, "queue": "rollout", "rank": null, "size": 8, "ts": "2026-10-04 14:58:22"}
[DBG] {"category": "QUEUE", "component": "queue", "event": "put_prepare", "host": "d6b2a058c4be", "item_id": "07609ab8232f43a4b8dc5c4e1b199350", "partition": "smoke01:preference", "payload_bytes": 1456, "pid": 107344, "policy_version": 0, "queue": "preference", "rank": null, "ts": "2026-10-04 14:58:22"}
[DBG] {"category": "QUEUE", "component": "queue", "event": "BEGIN:queue_put", "host": "d6b2a058c4be", "item_id": "07609ab8232f43a4b8dc5c4e1b199350", "pid": 107344, "queue": "preference", "rank": null, "ts": "2026-10-04 14:58:22"}
[DBG] {"category": "QUEUE", "component": "queue", "event": "watchdog_armed", "host": "d6b2a058c4be", "pid": 107344, "rank": null, "stage": "queue_put", "timeout_sec": 30.0, "ts": "2026-10-04 14:58:22"}
[DBG] {"category": "QUEUE", "component": "queue", "elapsed_sec": 0.028503, "event": "END:queue_put", "host": "d6b2a058c4be", "pid": 107344, "rank": null, "ts": "2026-10-04 14:58:22"}
[DBG] {"category": "QUEUE", "component": "queue", "event": "put_done", "host": "d6b2a058c4be", "key": "smoke01:preference:07609ab8232f43a4b8dc5c4e1b199350", "pid": 107344, "policy_version": 0, "queue": "preference", "rank": null, "ts": "2026-10-04 14:58:22"}
[DBG] {"category": "QUEUE", "component": "queue", "event": "size_changed", "host": "d6b2a058c4be", "pid": 107344, "queue": "preference", "rank": null, "size": 4, "ts": "2026-10-04 14:58:22"}
[DBG] {"category": "QUEUE", "component": "queue", "current_version": null, "event": "BEGIN:queue_list_for_pop", "exact": false, "host": "d6b2a058c4be", "max_lag": null, "pid": 107344, "queue": "rollout", "rank": null, "requested": 1, "ts": "2026-10-04 14:58:22"}
[DBG] {"category": "QUEUE", "component": "queue", "event": "watchdog_armed", "host": "d6b2a058c4be", "pid": 107344, "rank": null, "stage": "queue_list_for_pop", "timeout_sec": 30.0, "ts": "2026-10-04 14:58:22"}
[DBG] {"category": "QUEUE", "component": "queue", "elapsed_sec": 0.001582, "event": "END:queue_list_for_pop", "host": "d6b2a058c4be", "pid": 107344, "rank": null, "ts": "2026-10-04 14:58:22"}
[DBG] {"available": 8, "category": "QUEUE", "component": "queue", "event": "pop_scan", "exact": false, "host": "d6b2a058c4be", "pid": 107344, "queue": "rollout", "rank": null, "requested": 1, "selected": 1, "selected_keys": ["smoke01:rollout:7d91302373a14049abfe0e32008b5e66"], "stale": 0, "stale_keys": [], "ts": "2026-10-04 14:58:22"}
[DBG] {"category": "QUEUE", "component": "queue", "event": "BEGIN:queue_get", "host": "d6b2a058c4be", "key": "smoke01:rollout:7d91302373a14049abfe0e32008b5e66", "pid": 107344, "queue": "rollout", "rank": null, "ts": "2026-10-04 14:58:22"}
[DBG] {"category": "QUEUE", "component": "queue", "event": "watchdog_armed", "host": "d6b2a058c4be", "pid": 107344, "rank": null, "stage": "queue_get", "timeout_sec": 30.0, "ts": "2026-10-04 14:58:22"}
[DBG] {"category": "QUEUE", "component": "queue", "elapsed_sec": 0.016954, "event": "END:queue_get", "host": "d6b2a058c4be", "pid": 107344, "rank": null, "ts": "2026-10-04 14:58:22"}
[DBG] {"category": "QUEUE", "component": "queue", "event": "queue_item_decoded", "host": "d6b2a058c4be", "item_id": "7d91302373a14049abfe0e32008b5e66", "key": "smoke01:rollout:7d91302373a14049abfe0e32008b5e66", "pid": 107344, "policy_version": 0, "queue": "rollout", "rank": null, "ts": "2026-10-04 14:58:22"}
[DBG] {"category": "QUEUE", "component": "queue", "count": 1, "event": "BEGIN:clear_popped", "host": "d6b2a058c4be", "pid": 107344, "queue": "rollout", "rank": null, "ts": "2026-10-04 14:58:22"}
[DBG] {"category": "QUEUE", "component": "queue", "event": "watchdog_armed", "host": "d6b2a058c4be", "pid": 107344, "rank": null, "stage": "clear_popped", "timeout_sec": 30.0, "ts": "2026-10-04 14:58:22"}
[DBG] {"category": "QUEUE", "component": "queue", "elapsed_sec": 0.015237, "event": "END:clear_popped", "host": "d6b2a058c4be", "pid": 107344, "rank": null, "ts": "2026-10-04 14:58:22"}
[DBG] {"category": "QUEUE", "component": "queue", "event": "pop_done", "host": "d6b2a058c4be", "item_ids": ["7d91302373a14049abfe0e32008b5e66"], "pid": 107344, "queue": "rollout", "rank": null, "remaining": 7, "returned": 1, "stale": 0, "ts": "2026-10-04 14:58:22"}
[DBG] {"category": "QUEUE", "component": "queue", "event": "size_changed", "host": "d6b2a058c4be", "pid": 107344, "queue": "rollout", "rank": null, "size": 7, "ts": "2026-10-04 14:58:22"}
[DBG] {"category": "QUEUE", "component": "queue", "event": "put_prepare", "host": "d6b2a058c4be", "item_id": "75c22ccbb1da48ca86c4ca23e8340dd5", "partition": "smoke01:rollout", "payload_bytes": 2471, "pid": 107344, "policy_version": 0, "queue": "rollout", "rank": null, "ts": "2026-10-04 14:58:23"}
[DBG] {"category": "QUEUE", "component": "queue", "event": "BEGIN:queue_put", "host": "d6b2a058c4be", "item_id": "75c22ccbb1da48ca86c4ca23e8340dd5", "pid": 107344, "queue": "rollout", "rank": null, "ts": "2026-10-04 14:58:23"}
[DBG] {"category": "QUEUE", "component": "queue", "event": "watchdog_armed", "host": "d6b2a058c4be", "pid": 107344, "rank": null, "stage": "queue_put", "timeout_sec": 30.0, "ts": "2026-10-04 14:58:23"}
[DBG] {"category": "QUEUE", "component": "queue", "elapsed_sec": 0.021722, "event": "END:queue_put", "host": "d6b2a058c4be", "pid": 107344, "rank": null, "ts": "2026-10-04 14:58:23"}
[DBG] {"category": "QUEUE", "component": "queue", "event": "put_done", "host": "d6b2a058c4be", "key": "smoke01:rollout:75c22ccbb1da48ca86c4ca23e8340dd5", "pid": 107344, "policy_version": 0, "queue": "rollout", "rank": null, "ts": "2026-10-04 14:58:23"}
[DBG] {"category": "QUEUE", "component": "queue", "event": "put_prepare", "host": "d6b2a058c4be", "item_id": "cdf35f6edc4745c59768d0dd2c8326be", "partition": "smoke01:rollout", "payload_bytes": 2541, "pid": 107344, "policy_version": 0, "queue": "rollout", "rank": null, "ts": "2026-10-04 14:58:23"}
[DBG] {"category": "QUEUE", "component": "queue", "event": "BEGIN:queue_put", "host": "d6b2a058c4be", "item_id": "cdf35f6edc4745c59768d0dd2c8326be", "pid": 107344, "queue": "rollout", "rank": null, "ts": "2026-10-04 14:58:23"}
[DBG] {"category": "QUEUE", "component": "queue", "event": "watchdog_armed", "host": "d6b2a058c4be", "pid": 107344, "rank": null, "stage": "queue_put", "timeout_sec": 30.0, "ts": "2026-10-04 14:58:23"}
[DBG] {"category": "QUEUE", "component": "queue", "elapsed_sec": 0.014296, "event": "END:queue_put", "host": "d6b2a058c4be", "pid": 107344, "rank": null, "ts": "2026-10-04 14:58:23"}
[DBG] {"category": "QUEUE", "component": "queue", "event": "put_done", "host": "d6b2a058c4be", "key": "smoke01:rollout:cdf35f6edc4745c59768d0dd2c8326be", "pid": 107344, "policy_version": 0, "queue": "rollout", "rank": null, "ts": "2026-10-04 14:58:23"}
[DBG] {"category": "QUEUE", "component": "queue", "event": "put_prepare", "host": "d6b2a058c4be", "item_id": "7d91302373a14049abfe0e32008b5e66", "partition": "smoke01:preference", "payload_bytes": 1395, "pid": 107344, "policy_version": 0, "queue": "preference", "rank": null, "ts": "2026-10-04 14:58:23"}
[DBG] {"category": "QUEUE", "component": "queue", "event": "BEGIN:queue_put", "host": "d6b2a058c4be", "item_id": "7d91302373a14049abfe0e32008b5e66", "pid": 107344, "queue": "preference", "rank": null, "ts": "2026-10-04 14:58:23"}
[DBG] {"category": "QUEUE", "component": "queue", "event": "watchdog_armed", "host": "d6b2a058c4be", "pid": 107344, "rank": null, "stage": "queue_put", "timeout_sec": 30.0, "ts": "2026-10-04 14:58:23"}
[DBG] {"category": "QUEUE", "component": "queue", "elapsed_sec": 0.010191, "event": "END:queue_put", "host": "d6b2a058c4be", "pid": 107344, "rank": null, "ts": "2026-10-04 14:58:23"}
[DBG] {"category": "QUEUE", "component": "queue", "event": "put_done", "host": "d6b2a058c4be", "key": "smoke01:preference:7d91302373a14049abfe0e32008b5e66", "pid": 107344, "policy_version": 0, "queue": "preference", "rank": null, "ts": "2026-10-04 14:58:23"}
[DBG] {"category": "QUEUE", "component": "queue", "event": "size_changed", "host": "d6b2a058c4be", "pid": 107344, "queue": "rollout", "rank": null, "size": 9, "ts": "2026-10-04 14:58:23"}
[DBG] {"category": "QUEUE", "component": "queue", "event": "size_changed", "host": "d6b2a058c4be", "pid": 107344, "queue": "preference", "rank": null, "size": 5, "ts": "2026-10-04 14:58:23"}
[DBG] {"category": "QUEUE", "component": "queue", "current_version": null, "event": "BEGIN:queue_list_for_pop", "exact": false, "host": "d6b2a058c4be", "max_lag": null, "pid": 107344, "queue": "rollout", "rank": null, "requested": 1, "ts": "2026-10-04 14:58:23"}
[DBG] {"category": "QUEUE", "component": "queue", "event": "watchdog_armed", "host": "d6b2a058c4be", "pid": 107344, "rank": null, "stage": "queue_list_for_pop", "timeout_sec": 30.0, "ts": "2026-10-04 14:58:23"}
[DBG] {"category": "QUEUE", "component": "queue", "elapsed_sec": 0.001242, "event": "END:queue_list_for_pop", "host": "d6b2a058c4be", "pid": 107344, "rank": null, "ts": "2026-10-04 14:58:23"}
[DBG] {"available": 9, "category": "QUEUE", "component": "queue", "event": "pop_scan", "exact": false, "host": "d6b2a058c4be", "pid": 107344, "queue": "rollout", "rank": null, "requested": 1, "selected": 1, "selected_keys": ["smoke01:rollout:cf8742c561af4fb4a7716b8a4eb73d4a"], "stale": 0, "stale_keys": [], "ts": "2026-10-04 14:58:23"}
[DBG] {"category": "QUEUE", "component": "queue", "event": "BEGIN:queue_get", "host": "d6b2a058c4be", "key": "smoke01:rollout:cf8742c561af4fb4a7716b8a4eb73d4a", "pid": 107344, "queue": "rollout", "rank": null, "ts": "2026-10-04 14:58:23"}
[DBG] {"category": "QUEUE", "component": "queue", "event": "watchdog_armed", "host": "d6b2a058c4be", "pid": 107344, "rank": null, "stage": "queue_get", "timeout_sec": 30.0, "ts": "2026-10-04 14:58:23"}
[DBG] {"category": "QUEUE", "component": "queue", "elapsed_sec": 0.011823, "event": "END:queue_get", "host": "d6b2a058c4be", "pid": 107344, "rank": null, "ts": "2026-10-04 14:58:23"}
[DBG] {"category": "QUEUE", "component": "queue", "event": "queue_item_decoded", "host": "d6b2a058c4be", "item_id": "cf8742c561af4fb4a7716b8a4eb73d4a", "key": "smoke01:rollout:cf8742c561af4fb4a7716b8a4eb73d4a", "pid": 107344, "policy_version": 0, "queue": "rollout", "rank": null, "ts": "2026-10-04 14:58:23"}
[DBG] {"category": "QUEUE", "component": "queue", "count": 1, "event": "BEGIN:clear_popped", "host": "d6b2a058c4be", "pid": 107344, "queue": "rollout", "rank": null, "ts": "2026-10-04 14:58:23"}
[DBG] {"category": "QUEUE", "component": "queue", "event": "watchdog_armed", "host": "d6b2a058c4be", "pid": 107344, "rank": null, "stage": "clear_popped", "timeout_sec": 30.0, "ts": "2026-10-04 14:58:23"}
[DBG] {"category": "QUEUE", "component": "queue", "elapsed_sec": 0.007659, "event": "END:clear_popped", "host": "d6b2a058c4be", "pid": 107344, "rank": null, "ts": "2026-10-04 14:58:23"}
[DBG] {"category": "QUEUE", "component": "queue", "event": "pop_done", "host": "d6b2a058c4be", "item_ids": ["cf8742c561af4fb4a7716b8a4eb73d4a"], "pid": 107344, "queue": "rollout", "rank": null, "remaining": 8, "returned": 1, "stale": 0, "ts": "2026-10-04 14:58:23"}
[DBG] {"category": "QUEUE", "component": "queue", "event": "size_changed", "host": "d6b2a058c4be", "pid": 107344, "queue": "rollout", "rank": null, "size": 8, "ts": "2026-10-04 14:58:23"}
