[DBG] {"category": "QUEUE", "component": "queue", "event": "BEGIN:transfer_queue_init", "host": "d6b2a058c4be", "pid": 75141, "rank": null, "run_id": "smoke01", "ts": "2026-10-04 13:36:31"}
[DBG] {"category": "QUEUE", "component": "queue", "event": "watchdog_armed", "host": "d6b2a058c4be", "pid": 75141, "rank": null, "stage": "transfer_queue_init", "timeout_sec": 30.0, "ts": "2026-10-04 13:36:31"}
[DBG] {"category": "QUEUE", "component": "queue", "elapsed_sec": 6.051205, "event": "END:transfer_queue_init", "host": "d6b2a058c4be", "pid": 75141, "rank": null, "ts": "2026-10-04 13:36:37"}
[DBG] {"category": "QUEUE", "component": "queue", "event": "broker_ready", "host": "d6b2a058c4be", "pid": 75141, "queues": {"preference": "preference", "rollout": "rollout"}, "rank": null, "ts": "2026-10-04 13:36:37"}
[DBG] {"category": "QUEUE", "component": "queue", "current_version": null, "event": "BEGIN:queue_list_for_pop", "exact": false, "host": "d6b2a058c4be", "max_lag": null, "pid": 75141, "queue": "rollout", "rank": null, "requested": 1, "ts": "2026-10-04 13:37:17"}
[DBG] {"category": "QUEUE", "component": "queue", "event": "watchdog_armed", "host": "d6b2a058c4be", "pid": 75141, "rank": null, "stage": "queue_list_for_pop", "timeout_sec": 30.0, "ts": "2026-10-04 13:37:17"}
[DBG] {"category": "QUEUE", "component": "queue", "elapsed_sec": 0.021312, "event": "END:queue_list_for_pop", "host": "d6b2a058c4be", "pid": 75141, "rank": null, "ts": "2026-10-04 13:37:17"}
[DBG] {"available": 0, "category": "QUEUE", "component": "queue", "event": "pop_scan", "exact": false, "host": "d6b2a058c4be", "pid": 75141, "queue": "rollout", "rank": null, "requested": 1, "selected": 0, "stale": 0, "ts": "2026-10-04 13:37:17"}
[DBG] {"category": "QUEUE", "component": "queue", "event": "pop_done", "host": "d6b2a058c4be", "pid": 75141, "queue": "rollout", "rank": null, "returned": 0, "stale": 0, "ts": "2026-10-04 13:37:17"}
[DBG] {"category": "QUEUE", "component": "queue", "event": "size_changed", "host": "d6b2a058c4be", "pid": 75141, "queue": "rollout", "rank": null, "size": 0, "ts": "2026-10-04 13:37:17"}
[DBG] {"category": "QUEUE", "component": "queue", "current_version": null, "event": "BEGIN:queue_list_for_pop", "exact": false, "host": "d6b2a058c4be", "max_lag": null, "pid": 75141, "queue": "rollout", "rank": null, "requested": 1, "ts": "2026-10-04 13:37:17"}
[DBG] {"category": "QUEUE", "component": "queue", "event": "watchdog_armed", "host": "d6b2a058c4be", "pid": 75141, "rank": null, "stage": "queue_list_for_pop", "timeout_sec": 30.0, "ts": "2026-10-04 13:37:17"}
[DBG] {"category": "QUEUE", "component": "queue", "elapsed_sec": 0.002535, "event": "END:queue_list_for_pop", "host": "d6b2a058c4be", "pid": 75141, "rank": null, "ts": "2026-10-04 13:37:17"}
[DBG] {"available": 0, "category": "QUEUE", "component": "queue", "event": "pop_scan", "exact": false, "host": "d6b2a058c4be", "pid": 75141, "queue": "rollout", "rank": null, "requested": 1, "selected": 0, "stale": 0, "ts": "2026-10-04 13:37:17"}
[DBG] {"category": "QUEUE", "component": "queue", "event": "pop_done", "host": "d6b2a058c4be", "pid": 75141, "queue": "rollout", "rank": null, "returned": 0, "stale": 0, "ts": "2026-10-04 13:37:17"}
[DBG] {"category": "QUEUE", "component": "queue", "current_version": null, "event": "BEGIN:queue_list_for_pop", "exact": false, "host": "d6b2a058c4be", "max_lag": null, "pid": 75141, "queue": "rollout", "rank": null, "requested": 1, "ts": "2026-10-04 13:37:18"}
[DBG] {"category": "QUEUE", "component": "queue", "event": "watchdog_armed", "host": "d6b2a058c4be", "pid": 75141, "rank": null, "stage": "queue_list_for_pop", "timeout_sec": 30.0, "ts": "2026-10-04 13:37:18"}
[DBG] {"category": "QUEUE", "component": "queue", "elapsed_sec": 0.002626, "event": "END:queue_list_for_pop", "host": "d6b2a058c4be", "pid": 75141, "rank": null, "ts": "2026-10-04 13:37:18"}
[DBG] {"available": 0, "category": "QUEUE", "component": "queue", "event": "pop_scan", "exact": false, "host": "d6b2a058c4be", "pid": 75141, "queue": "rollout", "rank": null, "requested": 1, "selected": 0, "stale": 0, "ts": "2026-10-04 13:37:18"}
[DBG] {"category": "QUEUE", "component": "queue", "event": "pop_done", "host": "d6b2a058c4be", "pid": 75141, "queue": "rollout", "rank": null, "returned": 0, "stale": 0, "ts": "2026-10-04 13:37:18"}
[DBG] {"category": "QUEUE", "component": "queue", "current_version": null, "event": "BEGIN:queue_list_for_pop", "exact": false, "host": "d6b2a058c4be", "max_lag": null, "pid": 75141, "queue": "rollout", "rank": null, "requested": 1, "ts": "2026-10-04 13:37:18"}
[DBG] {"category": "QUEUE", "component": "queue", "event": "watchdog_armed", "host": "d6b2a058c4be", "pid": 75141, "rank": null, "stage": "queue_list_for_pop", "timeout_sec": 30.0, "ts": "2026-10-04 13:37:18"}
[DBG] {"category": "QUEUE", "component": "queue", "elapsed_sec": 0.002776, "event": "END:queue_list_for_pop", "host": "d6b2a058c4be", "pid": 75141, "rank": null, "ts": "2026-10-04 13:37:18"}
[DBG] {"available": 0, "category": "QUEUE", "component": "queue", "event": "pop_scan", "exact": false, "host": "d6b2a058c4be", "pid": 75141, "queue": "rollout", "rank": null, "requested": 1, "selected": 0, "stale": 0, "ts": "2026-10-04 13:37:18"}
[DBG] {"category": "QUEUE", "component": "queue", "event": "pop_done", "host": "d6b2a058c4be", "pid": 75141, "queue": "rollout", "rank": null, "returned": 0, "stale": 0, "ts": "2026-10-04 13:37:18"}
[DBG] {"category": "QUEUE", "component": "queue", "current_version": null, "event": "BEGIN:queue_list_for_pop", "exact": false, "host": "d6b2a058c4be", "max_lag": null, "pid": 75141, "queue": "rollout", "rank": null, "requested": 1, "ts": "2026-10-04 13:37:18"}
[DBG] {"category": "QUEUE", "component": "queue", "event": "watchdog_armed", "host": "d6b2a058c4be", "pid": 75141, "rank": null, "stage": "queue_list_for_pop", "timeout_sec": 30.0, "ts": "2026-10-04 13:37:18"}
[DBG] {"category": "QUEUE", "component": "queue", "elapsed_sec": 0.002554, "event": "END:queue_list_for_pop", "host": "d6b2a058c4be", "pid": 75141, "rank": null, "ts": "2026-10-04 13:37:18"}
[DBG] {"available": 0, "category": "QUEUE", "component": "queue", "event": "pop_scan", "exact": false, "host": "d6b2a058c4be", "pid": 75141, "queue": "rollout", "rank": null, "requested": 1, "selected": 0, "stale": 0, "ts": "2026-10-04 13:37:18"}
[DBG] {"category": "QUEUE", "component": "queue", "event": "pop_done", "host": "d6b2a058c4be", "pid": 75141, "queue": "rollout", "rank": null, "returned": 0, "stale": 0, "ts": "2026-10-04 13:37:18"}
[DBG] {"category": "QUEUE", "component": "queue", "current_version": null, "event": "BEGIN:queue_list_for_pop", "exact": false, "host": "d6b2a058c4be", "max_lag": null, "pid": 75141, "queue": "rollout", "rank": null, "requested": 1, "ts": "2026-10-04 13:37:18"}
[DBG] {"category": "QUEUE", "component": "queue", "event": "watchdog_armed", "host": "d6b2a058c4be", "pid": 75141, "rank": null, "stage": "queue_list_for_pop", "timeout_sec": 30.0, "ts": "2026-10-04 13:37:18"}
[DBG] {"category": "QUEUE", "component": "queue", "elapsed_sec": 0.002886, "event": "END:queue_list_for_pop", "host": "d6b2a058c4be", "pid": 75141, "rank": null, "ts": "2026-10-04 13:37:18"}
[DBG] {"available": 0, "category": "QUEUE", "component": "queue", "event": "pop_scan", "exact": false, "host": "d6b2a058c4be", "pid": 75141, "queue": "rollout", "rank": null, "requested": 1, "selected": 0, "stale": 0, "ts": "2026-10-04 13:37:18"}
[DBG] {"category": "QUEUE", "component": "queue", "event": "pop_done", "host": "d6b2a058c4be", "pid": 75141, "queue": "rollout", "rank": null, "returned": 0, "stale": 0, "ts": "2026-10-04 13:37:18"}
[DBG] {"category": "QUEUE", "component": "queue", "current_version": null, "event": "BEGIN:queue_list_for_pop", "exact": false, "host": "d6b2a058c4be", "max_lag": null, "pid": 75141, "queue": "rollout", "rank": null, "requested": 1, "ts": "2026-10-04 13:37:18"}
[DBG] {"category": "QUEUE", "component": "queue", "event": "watchdog_armed", "host": "d6b2a058c4be", "pid": 75141, "rank": null, "stage": "queue_list_for_pop", "timeout_sec": 30.0, "ts": "2026-10-04 13:37:18"}
[DBG] {"category": "QUEUE", "component": "queue", "elapsed_sec": 0.002811, "event": "END:queue_list_for_pop", "host": "d6b2a058c4be", "pid": 75141, "rank": null, "ts": "2026-10-04 13:37:18"}
[DBG] {"available": 0, "category": "QUEUE", "component": "queue", "event": "pop_scan", "exact": false, "host": "d6b2a058c4be", "pid": 75141, "queue": "rollout", "rank": null, "requested": 1, "selected": 0, "stale": 0, "ts": "2026-10-04 13:37:18"}
[DBG] {"category": "QUEUE", "component": "queue", "event": "pop_done", "host": "d6b2a058c4be", "pid": 75141, "queue": "rollout", "rank": null, "returned": 0, "stale": 0, "ts": "2026-10-04 13:37:18"}
[DBG] {"category": "QUEUE", "component": "queue", "current_version": null, "event": "BEGIN:queue_list_for_pop", "exact": false, "host": "d6b2a058c4be", "max_lag": null, "pid": 75141, "queue": "rollout", "rank": null, "requested": 1, "ts": "2026-10-04 13:37:19"}
[DBG] {"category": "QUEUE", "component": "queue", "event": "watchdog_armed", "host": "d6b2a058c4be", "pid": 75141, "rank": null, "stage": "queue_list_for_pop", "timeout_sec": 30.0, "ts": "2026-10-04 13:37:19"}
[DBG] {"category": "QUEUE", "component": "queue", "elapsed_sec": 0.002557, "event": "END:queue_list_for_pop", "host": "d6b2a058c4be", "pid": 75141, "rank": null, "ts": "2026-10-04 13:37:19"}
[DBG] {"available": 0, "category": "QUEUE", "component": "queue", "event": "pop_scan", "exact": false, "host": "d6b2a058c4be", "pid": 75141, "queue": "rollout", "rank": null, "requested": 1, "selected": 0, "stale": 0, "ts": "2026-10-04 13:37:19"}
[DBG] {"category": "QUEUE", "component": "queue", "event": "pop_done", "host": "d6b2a058c4be", "pid": 75141, "queue": "rollout", "rank": null, "returned": 0, "stale": 0, "ts": "2026-10-04 13:37:19"}
[DBG] {"category": "QUEUE", "component": "queue", "current_version": null, "event": "BEGIN:queue_list_for_pop", "exact": false, "host": "d6b2a058c4be", "max_lag": null, "pid": 75141, "queue": "rollout", "rank": null, "requested": 1, "ts": "2026-10-04 13:37:19"}
[DBG] {"category": "QUEUE", "component": "queue", "event": "watchdog_armed", "host": "d6b2a058c4be", "pid": 75141, "rank": null, "stage": "queue_list_for_pop", "timeout_sec": 30.0, "ts": "2026-10-04 13:37:19"}
[DBG] {"category": "QUEUE", "component": "queue", "elapsed_sec": 0.002546, "event": "END:queue_list_for_pop", "host": "d6b2a058c4be", "pid": 75141, "rank": null, "ts": "2026-10-04 13:37:19"}
[DBG] {"available": 0, "category": "QUEUE", "component": "queue", "event": "pop_scan", "exact": false, "host": "d6b2a058c4be", "pid": 75141, "queue": "rollout", "rank": null, "requested": 1, "selected": 0, "stale": 0, "ts": "2026-10-04 13:37:19"}
[DBG] {"category": "QUEUE", "component": "queue", "event": "pop_done", "host": "d6b2a058c4be", "pid": 75141, "queue": "rollout", "rank": null, "returned": 0, "stale": 0, "ts": "2026-10-04 13:37:19"}
[DBG] {"category": "QUEUE", "component": "queue", "current_version": null, "event": "BEGIN:queue_list_for_pop", "exact": false, "host": "d6b2a058c4be", "max_lag": null, "pid": 75141, "queue": "rollout", "rank": null, "requested": 1, "ts": "2026-10-04 13:37:19"}
[DBG] {"category": "QUEUE", "component": "queue", "event": "watchdog_armed", "host": "d6b2a058c4be", "pid": 75141, "rank": null, "stage": "queue_list_for_pop", "timeout_sec": 30.0, "ts": "2026-10-04 13:37:19"}
[DBG] {"category": "QUEUE", "component": "queue", "elapsed_sec": 0.00227, "event": "END:queue_list_for_pop", "host": "d6b2a058c4be", "pid": 75141, "rank": null, "ts": "2026-10-04 13:37:19"}
[DBG] {"available": 0, "category": "QUEUE", "component": "queue", "event": "pop_scan", "exact": false, "host": "d6b2a058c4be", "pid": 75141, "queue": "rollout", "rank": null, "requested": 1, "selected": 0, "stale": 0, "ts": "2026-10-04 13:37:19"}
[DBG] {"category": "QUEUE", "component": "queue", "event": "pop_done", "host": "d6b2a058c4be", "pid": 75141, "queue": "rollout", "rank": null, "returned": 0, "stale": 0, "ts": "2026-10-04 13:37:19"}
[DBG] {"category": "QUEUE", "component": "queue", "current_version": null, "event": "BEGIN:queue_list_for_pop", "exact": false, "host": "d6b2a058c4be", "max_lag": null, "pid": 75141, "queue": "rollout", "rank": null, "requested": 1, "ts": "2026-10-04 13:37:19"}
[DBG] {"category": "QUEUE", "component": "queue", "event": "watchdog_armed", "host": "d6b2a058c4be", "pid": 75141, "rank": null, "stage": "queue_list_for_pop", "timeout_sec": 30.0, "ts": "2026-10-04 13:37:19"}
[DBG] {"category": "QUEUE", "component": "queue", "elapsed_sec": 0.002335, "event": "END:queue_list_for_pop", "host": "d6b2a058c4be", "pid": 75141, "rank": null, "ts": "2026-10-04 13:37:19"}
[DBG] {"available": 0, "category": "QUEUE", "component": "queue", "event": "pop_scan", "exact": false, "host": "d6b2a058c4be", "pid": 75141, "queue": "rollout", "rank": null, "requested": 1, "selected": 0, "stale": 0, "ts": "2026-10-04 13:37:19"}
[DBG] {"category": "QUEUE", "component": "queue", "event": "pop_done", "host": "d6b2a058c4be", "pid": 75141, "queue": "rollout", "rank": null, "returned": 0, "stale": 0, "ts": "2026-10-04 13:37:19"}
[DBG] {"category": "QUEUE", "component": "queue", "current_version": null, "event": "BEGIN:queue_list_for_pop", "exact": false, "host": "d6b2a058c4be", "max_lag": null, "pid": 75141, "queue": "rollout", "rank": null, "requested": 1, "ts": "2026-10-04 13:37:19"}
[DBG] {"category": "QUEUE", "component": "queue", "event": "watchdog_armed", "host": "d6b2a058c4be", "pid": 75141, "rank": null, "stage": "queue_list_for_pop", "timeout_sec": 30.0, "ts": "2026-10-04 13:37:19"}
[DBG] {"category": "QUEUE", "component": "queue", "elapsed_sec": 0.002215, "event": "END:queue_list_for_pop", "host": "d6b2a058c4be", "pid": 75141, "rank": null, "ts": "2026-10-04 13:37:19"}
[DBG] {"available": 0, "category": "QUEUE", "component": "queue", "event": "pop_scan", "exact": false, "host": "d6b2a058c4be", "pid": 75141, "queue": "rollout", "rank": null, "requested": 1, "selected": 0, "stale": 0, "ts": "2026-10-04 13:37:19"}
[DBG] {"category": "QUEUE", "component": "queue", "event": "pop_done", "host": "d6b2a058c4be", "pid": 75141, "queue": "rollout", "rank": null, "returned": 0, "stale": 0, "ts": "2026-10-04 13:37:19"}
[DBG] {"category": "QUEUE", "component": "queue", "current_version": null, "event": "BEGIN:queue_list_for_pop", "exact": false, "host": "d6b2a058c4be", "max_lag": null, "pid": 75141, "queue": "rollout", "rank": null, "requested": 1, "ts": "2026-10-04 13:37:20"}
[DBG] {"category": "QUEUE", "component": "queue", "event": "watchdog_armed", "host": "d6b2a058c4be", "pid": 75141, "rank": null, "stage": "queue_list_for_pop", "timeout_sec": 30.0, "ts": "2026-10-04 13:37:20"}
[DBG] {"category": "QUEUE", "component": "queue", "elapsed_sec": 0.002304, "event": "END:queue_list_for_pop", "host": "d6b2a058c4be", "pid": 75141, "rank": null, "ts": "2026-10-04 13:37:20"}
[DBG] {"available": 0, "category": "QUEUE", "component": "queue", "event": "pop_scan", "exact": false, "host": "d6b2a058c4be", "pid": 75141, "queue": "rollout", "rank": null, "requested": 1, "selected": 0, "stale": 0, "ts": "2026-10-04 13:37:20"}
[DBG] {"category": "QUEUE", "component": "queue", "event": "pop_done", "host": "d6b2a058c4be", "pid": 75141, "queue": "rollout", "rank": null, "returned": 0, "stale": 0, "ts": "2026-10-04 13:37:20"}
[DBG] {"category": "QUEUE", "component": "queue", "current_version": null, "event": "BEGIN:queue_list_for_pop", "exact": false, "host": "d6b2a058c4be", "max_lag": null, "pid": 75141, "queue": "rollout", "rank": null, "requested": 1, "ts": "2026-10-04 13:37:20"}
[DBG] {"category": "QUEUE", "component": "queue", "event": "watchdog_armed", "host": "d6b2a058c4be", "pid": 75141, "rank": null, "stage": "queue_list_for_pop", "timeout_sec": 30.0, "ts": "2026-10-04 13:37:20"}
[DBG] {"category": "QUEUE", "component": "queue", "elapsed_sec": 0.002247, "event": "END:queue_list_for_pop", "host": "d6b2a058c4be", "pid": 75141, "rank": null, "ts": "2026-10-04 13:37:20"}
[DBG] {"available": 0, "category": "QUEUE", "component": "queue", "event": "pop_scan", "exact": false, "host": "d6b2a058c4be", "pid": 75141, "queue": "rollout", "rank": null, "requested": 1, "selected": 0, "stale": 0, "ts": "2026-10-04 13:37:20"}
[DBG] {"category": "QUEUE", "component": "queue", "event": "pop_done", "host": "d6b2a058c4be", "pid": 75141, "queue": "rollout", "rank": null, "returned": 0, "stale": 0, "ts": "2026-10-04 13:37:20"}
[DBG] {"category": "QUEUE", "component": "queue", "current_version": null, "event": "BEGIN:queue_list_for_pop", "exact": false, "host": "d6b2a058c4be", "max_lag": null, "pid": 75141, "queue": "rollout", "rank": null, "requested": 1, "ts": "2026-10-04 13:37:20"}
[DBG] {"category": "QUEUE", "component": "queue", "event": "watchdog_armed", "host": "d6b2a058c4be", "pid": 75141, "rank": null, "stage": "queue_list_for_pop", "timeout_sec": 30.0, "ts": "2026-10-04 13:37:20"}
[DBG] {"category": "QUEUE", "component": "queue", "elapsed_sec": 0.002132, "event": "END:queue_list_for_pop", "host": "d6b2a058c4be", "pid": 75141, "rank": null, "ts": "2026-10-04 13:37:20"}
[DBG] {"available": 0, "category": "QUEUE", "component": "queue", "event": "pop_scan", "exact": false, "host": "d6b2a058c4be", "pid": 75141, "queue": "rollout", "rank": null, "requested": 1, "selected": 0, "stale": 0, "ts": "2026-10-04 13:37:20"}
[DBG] {"category": "QUEUE", "component": "queue", "event": "pop_done", "host": "d6b2a058c4be", "pid": 75141, "queue": "rollout", "rank": null, "returned": 0, "stale": 0, "ts": "2026-10-04 13:37:20"}
[DBG] {"category": "QUEUE", "component": "queue", "current_version": null, "event": "BEGIN:queue_list_for_pop", "exact": false, "host": "d6b2a058c4be", "max_lag": null, "pid": 75141, "queue": "rollout", "rank": null, "requested": 1, "ts": "2026-10-04 13:37:20"}
[DBG] {"category": "QUEUE", "component": "queue", "event": "watchdog_armed", "host": "d6b2a058c4be", "pid": 75141, "rank": null, "stage": "queue_list_for_pop", "timeout_sec": 30.0, "ts": "2026-10-04 13:37:20"}
[DBG] {"category": "QUEUE", "component": "queue", "elapsed_sec": 0.001978, "event": "END:queue_list_for_pop", "host": "d6b2a058c4be", "pid": 75141, "rank": null, "ts": "2026-10-04 13:37:20"}
[DBG] {"available": 0, "category": "QUEUE", "component": "queue", "event": "pop_scan", "exact": false, "host": "d6b2a058c4be", "pid": 75141, "queue": "rollout", "rank": null, "requested": 1, "selected": 0, "stale": 0, "ts": "2026-10-04 13:37:20"}
[DBG] {"category": "QUEUE", "component": "queue", "event": "pop_done", "host": "d6b2a058c4be", "pid": 75141, "queue": "rollout", "rank": null, "returned": 0, "stale": 0, "ts": "2026-10-04 13:37:20"}
[DBG] {"category": "QUEUE", "component": "queue", "event": "BEGIN:queue_put", "host": "d6b2a058c4be", "item_id": "c67627bbef3042d89e8d808cf0fae381", "pid": 75141, "queue": "rollout", "rank": null, "ts": "2026-10-04 13:37:20"}
[DBG] {"category": "QUEUE", "component": "queue", "event": "watchdog_armed", "host": "d6b2a058c4be", "pid": 75141, "rank": null, "stage": "queue_put", "timeout_sec": 30.0, "ts": "2026-10-04 13:37:20"}
[DBG] {"category": "QUEUE", "component": "queue", "elapsed_sec": 0.042017, "event": "END:queue_put", "host": "d6b2a058c4be", "pid": 75141, "rank": null, "ts": "2026-10-04 13:37:20"}
[DBG] {"category": "QUEUE", "component": "queue", "event": "put_done", "host": "d6b2a058c4be", "key": "smoke01:rollout:c67627bbef3042d89e8d808cf0fae381", "pid": 75141, "policy_version": 0, "queue": "rollout", "rank": null, "ts": "2026-10-04 13:37:20"}
[DBG] {"category": "QUEUE", "component": "queue", "event": "BEGIN:queue_put", "host": "d6b2a058c4be", "item_id": "5361ff1d70194ff4abc87e9fd532a9e9", "pid": 75141, "queue": "rollout", "rank": null, "ts": "2026-10-04 13:37:20"}
[DBG] {"category": "QUEUE", "component": "queue", "event": "watchdog_armed", "host": "d6b2a058c4be", "pid": 75141, "rank": null, "stage": "queue_put", "timeout_sec": 30.0, "ts": "2026-10-04 13:37:20"}
[DBG] {"category": "QUEUE", "component": "queue", "elapsed_sec": 0.029881, "event": "END:queue_put", "host": "d6b2a058c4be", "pid": 75141, "rank": null, "ts": "2026-10-04 13:37:20"}
[DBG] {"category": "QUEUE", "component": "queue", "event": "put_done", "host": "d6b2a058c4be", "key": "smoke01:rollout:5361ff1d70194ff4abc87e9fd532a9e9", "pid": 75141, "policy_version": 0, "queue": "rollout", "rank": null, "ts": "2026-10-04 13:37:20"}
[DBG] {"category": "QUEUE", "component": "queue", "event": "size_changed", "host": "d6b2a058c4be", "pid": 75141, "queue": "rollout", "rank": null, "size": 2, "ts": "2026-10-04 13:37:20"}
[DBG] {"category": "QUEUE", "component": "queue", "current_version": null, "event": "BEGIN:queue_list_for_pop", "exact": false, "host": "d6b2a058c4be", "max_lag": null, "pid": 75141, "queue": "rollout", "rank": null, "requested": 1, "ts": "2026-10-04 13:37:21"}
[DBG] {"category": "QUEUE", "component": "queue", "event": "watchdog_armed", "host": "d6b2a058c4be", "pid": 75141, "rank": null, "stage": "queue_list_for_pop", "timeout_sec": 30.0, "ts": "2026-10-04 13:37:21"}
[DBG] {"category": "QUEUE", "component": "queue", "elapsed_sec": 0.002142, "event": "END:queue_list_for_pop", "host": "d6b2a058c4be", "pid": 75141, "rank": null, "ts": "2026-10-04 13:37:21"}
[DBG] {"available": 2, "category": "QUEUE", "component": "queue", "event": "pop_scan", "exact": false, "host": "d6b2a058c4be", "pid": 75141, "queue": "rollout", "rank": null, "requested": 1, "selected": 1, "stale": 0, "ts": "2026-10-04 13:37:21"}
[DBG] {"category": "QUEUE", "component": "queue", "event": "BEGIN:queue_get", "host": "d6b2a058c4be", "key": "smoke01:rollout:c67627bbef3042d89e8d808cf0fae381", "pid": 75141, "queue": "rollout", "rank": null, "ts": "2026-10-04 13:37:21"}
[DBG] {"category": "QUEUE", "component": "queue", "event": "watchdog_armed", "host": "d6b2a058c4be", "pid": 75141, "rank": null, "stage": "queue_get", "timeout_sec": 30.0, "ts": "2026-10-04 13:37:21"}
[DBG] {"category": "QUEUE", "component": "queue", "elapsed_sec": 0.039688, "event": "END:queue_get", "host": "d6b2a058c4be", "pid": 75141, "rank": null, "ts": "2026-10-04 13:37:21"}
[DBG] {"category": "QUEUE", "component": "queue", "count": 1, "event": "BEGIN:clear_popped", "host": "d6b2a058c4be", "pid": 75141, "queue": "rollout", "rank": null, "ts": "2026-10-04 13:37:21"}
[DBG] {"category": "QUEUE", "component": "queue", "event": "watchdog_armed", "host": "d6b2a058c4be", "pid": 75141, "rank": null, "stage": "clear_popped", "timeout_sec": 30.0, "ts": "2026-10-04 13:37:21"}
[DBG] {"category": "QUEUE", "component": "queue", "elapsed_sec": 0.017439, "event": "END:clear_popped", "host": "d6b2a058c4be", "pid": 75141, "rank": null, "ts": "2026-10-04 13:37:21"}
[DBG] {"category": "QUEUE", "component": "queue", "event": "pop_done", "host": "d6b2a058c4be", "pid": 75141, "queue": "rollout", "rank": null, "returned": 1, "stale": 0, "ts": "2026-10-04 13:37:21"}
[DBG] {"category": "QUEUE", "component": "queue", "event": "BEGIN:queue_put", "host": "d6b2a058c4be", "item_id": "6eecafb7c1164429838b6e4726c0bbd9", "pid": 75141, "queue": "rollout", "rank": null, "ts": "2026-10-04 13:37:21"}
[DBG] {"category": "QUEUE", "component": "queue", "event": "watchdog_armed", "host": "d6b2a058c4be", "pid": 75141, "rank": null, "stage": "queue_put", "timeout_sec": 30.0, "ts": "2026-10-04 13:37:21"}
[DBG] {"category": "QUEUE", "component": "queue", "elapsed_sec": 0.028143, "event": "END:queue_put", "host": "d6b2a058c4be", "pid": 75141, "rank": null, "ts": "2026-10-04 13:37:21"}
[DBG] {"category": "QUEUE", "component": "queue", "event": "put_done", "host": "d6b2a058c4be", "key": "smoke01:rollout:6eecafb7c1164429838b6e4726c0bbd9", "pid": 75141, "policy_version": 0, "queue": "rollout", "rank": null, "ts": "2026-10-04 13:37:21"}
[DBG] {"category": "QUEUE", "component": "queue", "event": "BEGIN:queue_put", "host": "d6b2a058c4be", "item_id": "afd7a98721c646f0b8ba708a3142a214", "pid": 75141, "queue": "rollout", "rank": null, "ts": "2026-10-04 13:37:21"}
[DBG] {"category": "QUEUE", "component": "queue", "event": "watchdog_armed", "host": "d6b2a058c4be", "pid": 75141, "rank": null, "stage": "queue_put", "timeout_sec": 30.0, "ts": "2026-10-04 13:37:21"}
[DBG] {"category": "QUEUE", "component": "queue", "elapsed_sec": 0.027729, "event": "END:queue_put", "host": "d6b2a058c4be", "pid": 75141, "rank": null, "ts": "2026-10-04 13:37:21"}
[DBG] {"category": "QUEUE", "component": "queue", "event": "put_done", "host": "d6b2a058c4be", "key": "smoke01:rollout:afd7a98721c646f0b8ba708a3142a214", "pid": 75141, "policy_version": 0, "queue": "rollout", "rank": null, "ts": "2026-10-04 13:37:21"}
[DBG] {"category": "QUEUE", "component": "queue", "event": "size_changed", "host": "d6b2a058c4be", "pid": 75141, "queue": "rollout", "rank": null, "size": 3, "ts": "2026-10-04 13:37:21"}
[DBG] {"category": "QUEUE", "component": "queue", "event": "BEGIN:queue_put", "host": "d6b2a058c4be", "item_id": "c5dacb9c76cd4e49b466dec5ef36d123", "pid": 75141, "queue": "rollout", "rank": null, "ts": "2026-10-04 13:37:22"}
[DBG] {"category": "QUEUE", "component": "queue", "event": "watchdog_armed", "host": "d6b2a058c4be", "pid": 75141, "rank": null, "stage": "queue_put", "timeout_sec": 30.0, "ts": "2026-10-04 13:37:22"}
[DBG] {"category": "QUEUE", "component": "queue", "elapsed_sec": 0.027859, "event": "END:queue_put", "host": "d6b2a058c4be", "pid": 75141, "rank": null, "ts": "2026-10-04 13:37:22"}
[DBG] {"category": "QUEUE", "component": "queue", "event": "put_done", "host": "d6b2a058c4be", "key": "smoke01:rollout:c5dacb9c76cd4e49b466dec5ef36d123", "pid": 75141, "policy_version": 0, "queue": "rollout", "rank": null, "ts": "2026-10-04 13:37:22"}
[DBG] {"category": "QUEUE", "component": "queue", "event": "BEGIN:queue_put", "host": "d6b2a058c4be", "item_id": "55782ab7d56e44deb8a91561f6a2dccb", "pid": 75141, "queue": "rollout", "rank": null, "ts": "2026-10-04 13:37:22"}
[DBG] {"category": "QUEUE", "component": "queue", "event": "watchdog_armed", "host": "d6b2a058c4be", "pid": 75141, "rank": null, "stage": "queue_put", "timeout_sec": 30.0, "ts": "2026-10-04 13:37:22"}
[DBG] {"category": "QUEUE", "component": "queue", "elapsed_sec": 0.026671, "event": "END:queue_put", "host": "d6b2a058c4be", "pid": 75141, "rank": null, "ts": "2026-10-04 13:37:22"}
[DBG] {"category": "QUEUE", "component": "queue", "event": "put_done", "host": "d6b2a058c4be", "key": "smoke01:rollout:55782ab7d56e44deb8a91561f6a2dccb", "pid": 75141, "policy_version": 0, "queue": "rollout", "rank": null, "ts": "2026-10-04 13:37:22"}
[DBG] {"category": "QUEUE", "component": "queue", "event": "size_changed", "host": "d6b2a058c4be", "pid": 75141, "queue": "rollout", "rank": null, "size": 5, "ts": "2026-10-04 13:37:22"}
[DBG] {"category": "QUEUE", "component": "queue", "event": "BEGIN:queue_put", "host": "d6b2a058c4be", "item_id": "62d915cc9bcd4097935a3aa8e8af757f", "pid": 75141, "queue": "rollout", "rank": null, "ts": "2026-10-04 13:37:22"}
[DBG] {"category": "QUEUE", "component": "queue", "event": "watchdog_armed", "host": "d6b2a058c4be", "pid": 75141, "rank": null, "stage": "queue_put", "timeout_sec": 30.0, "ts": "2026-10-04 13:37:22"}
[DBG] {"category": "QUEUE", "component": "queue", "elapsed_sec": 0.027716, "event": "END:queue_put", "host": "d6b2a058c4be", "pid": 75141, "rank": null, "ts": "2026-10-04 13:37:22"}
[DBG] {"category": "QUEUE", "component": "queue", "event": "put_done", "host": "d6b2a058c4be", "key": "smoke01:rollout:62d915cc9bcd4097935a3aa8e8af757f", "pid": 75141, "policy_version": 0, "queue": "rollout", "rank": null, "ts": "2026-10-04 13:37:22"}
[DBG] {"category": "QUEUE", "component": "queue", "event": "BEGIN:queue_put", "host": "d6b2a058c4be", "item_id": "38576a20ce204edb8f18e9fd3f604bb0", "pid": 75141, "queue": "rollout", "rank": null, "ts": "2026-10-04 13:37:22"}
[DBG] {"category": "QUEUE", "component": "queue", "event": "watchdog_armed", "host": "d6b2a058c4be", "pid": 75141, "rank": null, "stage": "queue_put", "timeout_sec": 30.0, "ts": "2026-10-04 13:37:22"}
[DBG] {"category": "QUEUE", "component": "queue", "elapsed_sec": 0.026493, "event": "END:queue_put", "host": "d6b2a058c4be", "pid": 75141, "rank": null, "ts": "2026-10-04 13:37:22"}
[DBG] {"category": "QUEUE", "component": "queue", "event": "put_done", "host": "d6b2a058c4be", "key": "smoke01:rollout:38576a20ce204edb8f18e9fd3f604bb0", "pid": 75141, "policy_version": 0, "queue": "rollout", "rank": null, "ts": "2026-10-04 13:37:22"}
[DBG] {"category": "QUEUE", "component": "queue", "event": "size_changed", "host": "d6b2a058c4be", "pid": 75141, "queue": "rollout", "rank": null, "size": 7, "ts": "2026-10-04 13:37:22"}
[DBG] {"category": "QUEUE", "component": "queue", "event": "BEGIN:queue_put", "host": "d6b2a058c4be", "item_id": "52eb32692ca24ede810e3bc2f8ff0745", "pid": 75141, "queue": "rollout", "rank": null, "ts": "2026-10-04 13:37:23"}
[DBG] {"category": "QUEUE", "component": "queue", "event": "watchdog_armed", "host": "d6b2a058c4be", "pid": 75141, "rank": null, "stage": "queue_put", "timeout_sec": 30.0, "ts": "2026-10-04 13:37:23"}
[DBG] {"category": "QUEUE", "component": "queue", "elapsed_sec": 0.026103, "event": "END:queue_put", "host": "d6b2a058c4be", "pid": 75141, "rank": null, "ts": "2026-10-04 13:37:23"}
[DBG] {"category": "QUEUE", "component": "queue", "event": "put_done", "host": "d6b2a058c4be", "key": "smoke01:rollout:52eb32692ca24ede810e3bc2f8ff0745", "pid": 75141, "policy_version": 0, "queue": "rollout", "rank": null, "ts": "2026-10-04 13:37:23"}
[DBG] {"category": "QUEUE", "component": "queue", "event": "BEGIN:queue_put", "host": "d6b2a058c4be", "item_id": "634bb3d8621c446385e7a8fd45d0d5e0", "pid": 75141, "queue": "rollout", "rank": null, "ts": "2026-10-04 13:37:23"}
[DBG] {"category": "QUEUE", "component": "queue", "event": "watchdog_armed", "host": "d6b2a058c4be", "pid": 75141, "rank": null, "stage": "queue_put", "timeout_sec": 30.0, "ts": "2026-10-04 13:37:23"}
[DBG] {"category": "QUEUE", "component": "queue", "elapsed_sec": 0.028306, "event": "END:queue_put", "host": "d6b2a058c4be", "pid": 75141, "rank": null, "ts": "2026-10-04 13:37:23"}
[DBG] {"category": "QUEUE", "component": "queue", "event": "put_done", "host": "d6b2a058c4be", "key": "smoke01:rollout:634bb3d8621c446385e7a8fd45d0d5e0", "pid": 75141, "policy_version": 0, "queue": "rollout", "rank": null, "ts": "2026-10-04 13:37:23"}
[DBG] {"category": "QUEUE", "component": "queue", "event": "size_changed", "host": "d6b2a058c4be", "pid": 75141, "queue": "rollout", "rank": null, "size": 9, "ts": "2026-10-04 13:37:23"}
[DBG] {"category": "QUEUE", "component": "queue", "event": "BEGIN:queue_put", "host": "d6b2a058c4be", "item_id": "c67627bbef3042d89e8d808cf0fae381", "pid": 75141, "queue": "preference", "rank": null, "ts": "2026-10-04 13:37:41"}
[DBG] {"category": "QUEUE", "component": "queue", "event": "watchdog_armed", "host": "d6b2a058c4be", "pid": 75141, "rank": null, "stage": "queue_put", "timeout_sec": 30.0, "ts": "2026-10-04 13:37:41"}
[DBG] {"category": "QUEUE", "component": "queue", "elapsed_sec": 0.023275, "event": "END:queue_put", "host": "d6b2a058c4be", "pid": 75141, "rank": null, "ts": "2026-10-04 13:37:41"}
[DBG] {"category": "QUEUE", "component": "queue", "event": "put_done", "host": "d6b2a058c4be", "key": "smoke01:preference:c67627bbef3042d89e8d808cf0fae381", "pid": 75141, "policy_version": 0, "queue": "preference", "rank": null, "ts": "2026-10-04 13:37:41"}
[DBG] {"category": "QUEUE", "component": "queue", "event": "size_changed", "host": "d6b2a058c4be", "pid": 75141, "queue": "preference", "rank": null, "size": 1, "ts": "2026-10-04 13:37:41"}
[DBG] {"category": "QUEUE", "component": "queue", "current_version": null, "event": "BEGIN:queue_list_for_pop", "exact": false, "host": "d6b2a058c4be", "max_lag": null, "pid": 75141, "queue": "rollout", "rank": null, "requested": 1, "ts": "2026-10-04 13:37:41"}
[DBG] {"category": "QUEUE", "component": "queue", "event": "watchdog_armed", "host": "d6b2a058c4be", "pid": 75141, "rank": null, "stage": "queue_list_for_pop", "timeout_sec": 30.0, "ts": "2026-10-04 13:37:41"}
[DBG] {"category": "QUEUE", "component": "queue", "elapsed_sec": 0.00214, "event": "END:queue_list_for_pop", "host": "d6b2a058c4be", "pid": 75141, "rank": null, "ts": "2026-10-04 13:37:41"}
[DBG] {"available": 9, "category": "QUEUE", "component": "queue", "event": "pop_scan", "exact": false, "host": "d6b2a058c4be", "pid": 75141, "queue": "rollout", "rank": null, "requested": 1, "selected": 1, "stale": 0, "ts": "2026-10-04 13:37:41"}
[DBG] {"category": "QUEUE", "component": "queue", "event": "BEGIN:queue_get", "host": "d6b2a058c4be", "key": "smoke01:rollout:5361ff1d70194ff4abc87e9fd532a9e9", "pid": 75141, "queue": "rollout", "rank": null, "ts": "2026-10-04 13:37:41"}
[DBG] {"category": "QUEUE", "component": "queue", "event": "watchdog_armed", "host": "d6b2a058c4be", "pid": 75141, "rank": null, "stage": "queue_get", "timeout_sec": 30.0, "ts": "2026-10-04 13:37:41"}
[DBG] {"category": "QUEUE", "component": "queue", "elapsed_sec": 0.0259, "event": "END:queue_get", "host": "d6b2a058c4be", "pid": 75141, "rank": null, "ts": "2026-10-04 13:37:41"}
[DBG] {"category": "QUEUE", "component": "queue", "count": 1, "event": "BEGIN:clear_popped", "host": "d6b2a058c4be", "pid": 75141, "queue": "rollout", "rank": null, "ts": "2026-10-04 13:37:41"}
[DBG] {"category": "QUEUE", "component": "queue", "event": "watchdog_armed", "host": "d6b2a058c4be", "pid": 75141, "rank": null, "stage": "clear_popped", "timeout_sec": 30.0, "ts": "2026-10-04 13:37:41"}
[DBG] {"category": "QUEUE", "component": "queue", "elapsed_sec": 0.016641, "event": "END:clear_popped", "host": "d6b2a058c4be", "pid": 75141, "rank": null, "ts": "2026-10-04 13:37:41"}
[DBG] {"category": "QUEUE", "component": "queue", "event": "pop_done", "host": "d6b2a058c4be", "pid": 75141, "queue": "rollout", "rank": null, "returned": 1, "stale": 0, "ts": "2026-10-04 13:37:41"}
[DBG] {"category": "QUEUE", "component": "queue", "event": "size_changed", "host": "d6b2a058c4be", "pid": 75141, "queue": "rollout", "rank": null, "size": 8, "ts": "2026-10-04 13:37:41"}
[DBG] {"category": "QUEUE", "component": "queue", "current_version": 0, "event": "BEGIN:queue_list_for_pop", "exact": true, "host": "d6b2a058c4be", "max_lag": 3, "pid": 75141, "queue": "preference", "rank": null, "requested": 4, "ts": "2026-10-04 13:37:41"}
[DBG] {"category": "QUEUE", "component": "queue", "event": "watchdog_armed", "host": "d6b2a058c4be", "pid": 75141, "rank": null, "stage": "queue_list_for_pop", "timeout_sec": 30.0, "ts": "2026-10-04 13:37:41"}
[DBG] {"category": "QUEUE", "component": "queue", "elapsed_sec": 0.001735, "event": "END:queue_list_for_pop", "host": "d6b2a058c4be", "pid": 75141, "rank": null, "ts": "2026-10-04 13:37:41"}
[DBG] {"available": 1, "category": "QUEUE", "component": "queue", "event": "pop_scan", "exact": true, "host": "d6b2a058c4be", "pid": 75141, "queue": "preference", "rank": null, "requested": 4, "selected": 1, "stale": 0, "ts": "2026-10-04 13:37:41"}
[DBG] {"available": 1, "category": "QUEUE", "component": "queue", "event": "pop_not_enough", "host": "d6b2a058c4be", "pid": 75141, "queue": "preference", "rank": null, "requested": 4, "ts": "2026-10-04 13:37:41"}
[DBG] {"category": "QUEUE", "component": "queue", "current_version": 0, "event": "BEGIN:queue_list_for_pop", "exact": true, "host": "d6b2a058c4be", "max_lag": 3, "pid": 75141, "queue": "preference", "rank": null, "requested": 4, "ts": "2026-10-04 13:37:42"}
[DBG] {"category": "QUEUE", "component": "queue", "event": "watchdog_armed", "host": "d6b2a058c4be", "pid": 75141, "rank": null, "stage": "queue_list_for_pop", "timeout_sec": 30.0, "ts": "2026-10-04 13:37:42"}
[DBG] {"category": "QUEUE", "component": "queue", "elapsed_sec": 0.001939, "event": "END:queue_list_for_pop", "host": "d6b2a058c4be", "pid": 75141, "rank": null, "ts": "2026-10-04 13:37:42"}
[DBG] {"available": 1, "category": "QUEUE", "component": "queue", "event": "pop_scan", "exact": true, "host": "d6b2a058c4be", "pid": 75141, "queue": "preference", "rank": null, "requested": 4, "selected": 1, "stale": 0, "ts": "2026-10-04 13:37:42"}
[DBG] {"available": 1, "category": "QUEUE", "component": "queue", "event": "pop_not_enough", "host": "d6b2a058c4be", "pid": 75141, "queue": "preference", "rank": null, "requested": 4, "ts": "2026-10-04 13:37:42"}
[DBG] {"category": "QUEUE", "component": "queue", "event": "BEGIN:queue_put", "host": "d6b2a058c4be", "item_id": "5361ff1d70194ff4abc87e9fd532a9e9", "pid": 75141, "queue": "preference", "rank": null, "ts": "2026-10-04 13:37:42"}
[DBG] {"category": "QUEUE", "component": "queue", "event": "watchdog_armed", "host": "d6b2a058c4be", "pid": 75141, "rank": null, "stage": "queue_put", "timeout_sec": 30.0, "ts": "2026-10-04 13:37:42"}
[DBG] {"category": "QUEUE", "component": "queue", "elapsed_sec": 0.029482, "event": "END:queue_put", "host": "d6b2a058c4be", "pid": 75141, "rank": null, "ts": "2026-10-04 13:37:42"}
[DBG] {"category": "QUEUE", "component": "queue", "event": "put_done", "host": "d6b2a058c4be", "key": "smoke01:preference:5361ff1d70194ff4abc87e9fd532a9e9", "pid": 75141, "policy_version": 0, "queue": "preference", "rank": null, "ts": "2026-10-04 13:37:42"}
[DBG] {"category": "QUEUE", "component": "queue", "event": "size_changed", "host": "d6b2a058c4be", "pid": 75141, "queue": "preference", "rank": null, "size": 2, "ts": "2026-10-04 13:37:42"}
[DBG] {"category": "QUEUE", "component": "queue", "current_version": null, "event": "BEGIN:queue_list_for_pop", "exact": false, "host": "d6b2a058c4be", "max_lag": null, "pid": 75141, "queue": "rollout", "rank": null, "requested": 1, "ts": "2026-10-04 13:37:42"}
[DBG] {"category": "QUEUE", "component": "queue", "event": "watchdog_armed", "host": "d6b2a058c4be", "pid": 75141, "rank": null, "stage": "queue_list_for_pop", "timeout_sec": 30.0, "ts": "2026-10-04 13:37:42"}
[DBG] {"category": "QUEUE", "component": "queue", "elapsed_sec": 0.001712, "event": "END:queue_list_for_pop", "host": "d6b2a058c4be", "pid": 75141, "rank": null, "ts": "2026-10-04 13:37:42"}
[DBG] {"available": 8, "category": "QUEUE", "component": "queue", "event": "pop_scan", "exact": false, "host": "d6b2a058c4be", "pid": 75141, "queue": "rollout", "rank": null, "requested": 1, "selected": 1, "stale": 0, "ts": "2026-10-04 13:37:42"}
[DBG] {"category": "QUEUE", "component": "queue", "event": "BEGIN:queue_get", "host": "d6b2a058c4be", "key": "smoke01:rollout:6eecafb7c1164429838b6e4726c0bbd9", "pid": 75141, "queue": "rollout", "rank": null, "ts": "2026-10-04 13:37:42"}
[DBG] {"category": "QUEUE", "component": "queue", "event": "watchdog_armed", "host": "d6b2a058c4be", "pid": 75141, "rank": null, "stage": "queue_get", "timeout_sec": 30.0, "ts": "2026-10-04 13:37:42"}
[DBG] {"category": "QUEUE", "component": "queue", "elapsed_sec": 0.025427, "event": "END:queue_get", "host": "d6b2a058c4be", "pid": 75141, "rank": null, "ts": "2026-10-04 13:37:42"}
[DBG] {"category": "QUEUE", "component": "queue", "count": 1, "event": "BEGIN:clear_popped", "host": "d6b2a058c4be", "pid": 75141, "queue": "rollout", "rank": null, "ts": "2026-10-04 13:37:42"}
[DBG] {"category": "QUEUE", "component": "queue", "event": "watchdog_armed", "host": "d6b2a058c4be", "pid": 75141, "rank": null, "stage": "clear_popped", "timeout_sec": 30.0, "ts": "2026-10-04 13:37:42"}
[DBG] {"category": "QUEUE", "component": "queue", "elapsed_sec": 0.016477, "event": "END:clear_popped", "host": "d6b2a058c4be", "pid": 75141, "rank": null, "ts": "2026-10-04 13:37:42"}
[DBG] {"category": "QUEUE", "component": "queue", "event": "pop_done", "host": "d6b2a058c4be", "pid": 75141, "queue": "rollout", "rank": null, "returned": 1, "stale": 0, "ts": "2026-10-04 13:37:42"}
[DBG] {"category": "QUEUE", "component": "queue", "event": "size_changed", "host": "d6b2a058c4be", "pid": 75141, "queue": "rollout", "rank": null, "size": 7, "ts": "2026-10-04 13:37:42"}
[DBG] {"category": "QUEUE", "component": "queue", "current_version": 0, "event": "BEGIN:queue_list_for_pop", "exact": true, "host": "d6b2a058c4be", "max_lag": 3, "pid": 75141, "queue": "preference", "rank": null, "requested": 4, "ts": "2026-10-04 13:37:42"}
[DBG] {"category": "QUEUE", "component": "queue", "event": "watchdog_armed", "host": "d6b2a058c4be", "pid": 75141, "rank": null, "stage": "queue_list_for_pop", "timeout_sec": 30.0, "ts": "2026-10-04 13:37:42"}
[DBG] {"category": "QUEUE", "component": "queue", "elapsed_sec": 0.0019, "event": "END:queue_list_for_pop", "host": "d6b2a058c4be", "pid": 75141, "rank": null, "ts": "2026-10-04 13:37:42"}
[DBG] {"available": 2, "category": "QUEUE", "component": "queue", "event": "pop_scan", "exact": true, "host": "d6b2a058c4be", "pid": 75141, "queue": "preference", "rank": null, "requested": 4, "selected": 2, "stale": 0, "ts": "2026-10-04 13:37:42"}
[DBG] {"available": 2, "category": "QUEUE", "component": "queue", "event": "pop_not_enough", "host": "d6b2a058c4be", "pid": 75141, "queue": "preference", "rank": null, "requested": 4, "ts": "2026-10-04 13:37:42"}
[DBG] {"category": "QUEUE", "component": "queue", "event": "BEGIN:queue_put", "host": "d6b2a058c4be", "item_id": "8a3bedf54497472fac38688ec46316ae", "pid": 75141, "queue": "rollout", "rank": null, "ts": "2026-10-04 13:37:43"}
[DBG] {"category": "QUEUE", "component": "queue", "event": "watchdog_armed", "host": "d6b2a058c4be", "pid": 75141, "rank": null, "stage": "queue_put", "timeout_sec": 30.0, "ts": "2026-10-04 13:37:43"}
[DBG] {"category": "QUEUE", "component": "queue", "elapsed_sec": 0.026983, "event": "END:queue_put", "host": "d6b2a058c4be", "pid": 75141, "rank": null, "ts": "2026-10-04 13:37:43"}
[DBG] {"category": "QUEUE", "component": "queue", "event": "put_done", "host": "d6b2a058c4be", "key": "smoke01:rollout:8a3bedf54497472fac38688ec46316ae", "pid": 75141, "policy_version": 0, "queue": "rollout", "rank": null, "ts": "2026-10-04 13:37:43"}
[DBG] {"category": "QUEUE", "component": "queue", "event": "BEGIN:queue_put", "host": "d6b2a058c4be", "item_id": "22dada67e8c14fc183949d9709b580d5", "pid": 75141, "queue": "rollout", "rank": null, "ts": "2026-10-04 13:37:43"}
[DBG] {"category": "QUEUE", "component": "queue", "event": "watchdog_armed", "host": "d6b2a058c4be", "pid": 75141, "rank": null, "stage": "queue_put", "timeout_sec": 30.0, "ts": "2026-10-04 13:37:43"}
[DBG] {"category": "QUEUE", "component": "queue", "elapsed_sec": 0.026648, "event": "END:queue_put", "host": "d6b2a058c4be", "pid": 75141, "rank": null, "ts": "2026-10-04 13:37:43"}
[DBG] {"category": "QUEUE", "component": "queue", "event": "put_done", "host": "d6b2a058c4be", "key": "smoke01:rollout:22dada67e8c14fc183949d9709b580d5", "pid": 75141, "policy_version": 0, "queue": "rollout", "rank": null, "ts": "2026-10-04 13:37:43"}
[DBG] {"category": "QUEUE", "component": "queue", "event": "size_changed", "host": "d6b2a058c4be", "pid": 75141, "queue": "rollout", "rank": null, "size": 9, "ts": "2026-10-04 13:37:43"}
[DBG] {"category": "QUEUE", "component": "queue", "event": "BEGIN:queue_put", "host": "d6b2a058c4be", "item_id": "6eecafb7c1164429838b6e4726c0bbd9", "pid": 75141, "queue": "preference", "rank": null, "ts": "2026-10-04 13:37:43"}
[DBG] {"category": "QUEUE", "component": "queue", "event": "watchdog_armed", "host": "d6b2a058c4be", "pid": 75141, "rank": null, "stage": "queue_put", "timeout_sec": 30.0, "ts": "2026-10-04 13:37:43"}
[DBG] {"category": "QUEUE", "component": "queue", "elapsed_sec": 0.028534, "event": "END:queue_put", "host": "d6b2a058c4be", "pid": 75141, "rank": null, "ts": "2026-10-04 13:37:43"}
[DBG] {"category": "QUEUE", "component": "queue", "event": "put_done", "host": "d6b2a058c4be", "key": "smoke01:preference:6eecafb7c1164429838b6e4726c0bbd9", "pid": 75141, "policy_version": 0, "queue": "preference", "rank": null, "ts": "2026-10-04 13:37:43"}
[DBG] {"category": "QUEUE", "component": "queue", "event": "size_changed", "host": "d6b2a058c4be", "pid": 75141, "queue": "preference", "rank": null, "size": 3, "ts": "2026-10-04 13:37:43"}
[DBG] {"category": "QUEUE", "component": "queue", "current_version": null, "event": "BEGIN:queue_list_for_pop", "exact": false, "host": "d6b2a058c4be", "max_lag": null, "pid": 75141, "queue": "rollout", "rank": null, "requested": 1, "ts": "2026-10-04 13:37:43"}
[DBG] {"category": "QUEUE", "component": "queue", "event": "watchdog_armed", "host": "d6b2a058c4be", "pid": 75141, "rank": null, "stage": "queue_list_for_pop", "timeout_sec": 30.0, "ts": "2026-10-04 13:37:43"}
[DBG] {"category": "QUEUE", "component": "queue", "elapsed_sec": 0.001875, "event": "END:queue_list_for_pop", "host": "d6b2a058c4be", "pid": 75141, "rank": null, "ts": "2026-10-04 13:37:43"}
[DBG] {"available": 9, "category": "QUEUE", "component": "queue", "event": "pop_scan", "exact": false, "host": "d6b2a058c4be", "pid": 75141, "queue": "rollout", "rank": null, "requested": 1, "selected": 1, "stale": 0, "ts": "2026-10-04 13:37:43"}
[DBG] {"category": "QUEUE", "component": "queue", "event": "BEGIN:queue_get", "host": "d6b2a058c4be", "key": "smoke01:rollout:afd7a98721c646f0b8ba708a3142a214", "pid": 75141, "queue": "rollout", "rank": null, "ts": "2026-10-04 13:37:43"}
[DBG] {"category": "QUEUE", "component": "queue", "event": "watchdog_armed", "host": "d6b2a058c4be", "pid": 75141, "rank": null, "stage": "queue_get", "timeout_sec": 30.0, "ts": "2026-10-04 13:37:43"}
[DBG] {"category": "QUEUE", "component": "queue", "elapsed_sec": 0.02572, "event": "END:queue_get", "host": "d6b2a058c4be", "pid": 75141, "rank": null, "ts": "2026-10-04 13:37:43"}
[DBG] {"category": "QUEUE", "component": "queue", "count": 1, "event": "BEGIN:clear_popped", "host": "d6b2a058c4be", "pid": 75141, "queue": "rollout", "rank": null, "ts": "2026-10-04 13:37:43"}
[DBG] {"category": "QUEUE", "component": "queue", "event": "watchdog_armed", "host": "d6b2a058c4be", "pid": 75141, "rank": null, "stage": "clear_popped", "timeout_sec": 30.0, "ts": "2026-10-04 13:37:43"}
[DBG] {"category": "QUEUE", "component": "queue", "elapsed_sec": 0.016306, "event": "END:clear_popped", "host": "d6b2a058c4be", "pid": 75141, "rank": null, "ts": "2026-10-04 13:37:43"}
[DBG] {"category": "QUEUE", "component": "queue", "event": "pop_done", "host": "d6b2a058c4be", "pid": 75141, "queue": "rollout", "rank": null, "returned": 1, "stale": 0, "ts": "2026-10-04 13:37:43"}
[DBG] {"category": "QUEUE", "component": "queue", "event": "size_changed", "host": "d6b2a058c4be", "pid": 75141, "queue": "rollout", "rank": null, "size": 8, "ts": "2026-10-04 13:37:43"}
[DBG] {"category": "QUEUE", "component": "queue", "event": "BEGIN:queue_put", "host": "d6b2a058c4be", "item_id": "afd7a98721c646f0b8ba708a3142a214", "pid": 75141, "queue": "preference", "rank": null, "ts": "2026-10-04 13:37:44"}
[DBG] {"category": "QUEUE", "component": "queue", "event": "watchdog_armed", "host": "d6b2a058c4be", "pid": 75141, "rank": null, "stage": "queue_put", "timeout_sec": 30.0, "ts": "2026-10-04 13:37:44"}
[DBG] {"category": "QUEUE", "component": "queue", "elapsed_sec": 0.02784, "event": "END:queue_put", "host": "d6b2a058c4be", "pid": 75141, "rank": null, "ts": "2026-10-04 13:37:44"}
[DBG] {"category": "QUEUE", "component": "queue", "event": "put_done", "host": "d6b2a058c4be", "key": "smoke01:preference:afd7a98721c646f0b8ba708a3142a214", "pid": 75141, "policy_version": 0, "queue": "preference", "rank": null, "ts": "2026-10-04 13:37:44"}
[DBG] {"category": "QUEUE", "component": "queue", "event": "size_changed", "host": "d6b2a058c4be", "pid": 75141, "queue": "preference", "rank": null, "size": 4, "ts": "2026-10-04 13:37:44"}
[DBG] {"category": "QUEUE", "component": "queue", "current_version": null, "event": "BEGIN:queue_list_for_pop", "exact": false, "host": "d6b2a058c4be", "max_lag": null, "pid": 75141, "queue": "rollout", "rank": null, "requested": 1, "ts": "2026-10-04 13:37:44"}
[DBG] {"category": "QUEUE", "component": "queue", "event": "watchdog_armed", "host": "d6b2a058c4be", "pid": 75141, "rank": null, "stage": "queue_list_for_pop", "timeout_sec": 30.0, "ts": "2026-10-04 13:37:44"}
[DBG] {"category": "QUEUE", "component": "queue", "elapsed_sec": 0.002053, "event": "END:queue_list_for_pop", "host": "d6b2a058c4be", "pid": 75141, "rank": null, "ts": "2026-10-04 13:37:44"}
[DBG] {"available": 8, "category": "QUEUE", "component": "queue", "event": "pop_scan", "exact": false, "host": "d6b2a058c4be", "pid": 75141, "queue": "rollout", "rank": null, "requested": 1, "selected": 1, "stale": 0, "ts": "2026-10-04 13:37:44"}
[DBG] {"category": "QUEUE", "component": "queue", "event": "BEGIN:queue_get", "host": "d6b2a058c4be", "key": "smoke01:rollout:c5dacb9c76cd4e49b466dec5ef36d123", "pid": 75141, "queue": "rollout", "rank": null, "ts": "2026-10-04 13:37:44"}
[DBG] {"category": "QUEUE", "component": "queue", "event": "watchdog_armed", "host": "d6b2a058c4be", "pid": 75141, "rank": null, "stage": "queue_get", "timeout_sec": 30.0, "ts": "2026-10-04 13:37:44"}
[DBG] {"category": "QUEUE", "component": "queue", "elapsed_sec": 0.018486, "event": "END:queue_get", "host": "d6b2a058c4be", "pid": 75141, "rank": null, "ts": "2026-10-04 13:37:44"}
[DBG] {"category": "QUEUE", "component": "queue", "count": 1, "event": "BEGIN:clear_popped", "host": "d6b2a058c4be", "pid": 75141, "queue": "rollout", "rank": null, "ts": "2026-10-04 13:37:44"}
[DBG] {"category": "QUEUE", "component": "queue", "event": "watchdog_armed", "host": "d6b2a058c4be", "pid": 75141, "rank": null, "stage": "clear_popped", "timeout_sec": 30.0, "ts": "2026-10-04 13:37:44"}
[DBG] {"category": "QUEUE", "component": "queue", "elapsed_sec": 0.009909, "event": "END:clear_popped", "host": "d6b2a058c4be", "pid": 75141, "rank": null, "ts": "2026-10-04 13:37:44"}
[DBG] {"category": "QUEUE", "component": "queue", "event": "pop_done", "host": "d6b2a058c4be", "pid": 75141, "queue": "rollout", "rank": null, "returned": 1, "stale": 0, "ts": "2026-10-04 13:37:44"}
[DBG] {"category": "QUEUE", "component": "queue", "event": "size_changed", "host": "d6b2a058c4be", "pid": 75141, "queue": "rollout", "rank": null, "size": 7, "ts": "2026-10-04 13:37:44"}
[DBG] {"category": "QUEUE", "component": "queue", "event": "BEGIN:queue_put", "host": "d6b2a058c4be", "item_id": "69115bdf101b40d29a31be2ba27c5a91", "pid": 75141, "queue": "rollout", "rank": null, "ts": "2026-10-04 13:37:44"}
[DBG] {"category": "QUEUE", "component": "queue", "event": "watchdog_armed", "host": "d6b2a058c4be", "pid": 75141, "rank": null, "stage": "queue_put", "timeout_sec": 30.0, "ts": "2026-10-04 13:37:44"}
[DBG] {"category": "QUEUE", "component": "queue", "elapsed_sec": 0.028236, "event": "END:queue_put", "host": "d6b2a058c4be", "pid": 75141, "rank": null, "ts": "2026-10-04 13:37:44"}
[DBG] {"category": "QUEUE", "component": "queue", "event": "put_done", "host": "d6b2a058c4be", "key": "smoke01:rollout:69115bdf101b40d29a31be2ba27c5a91", "pid": 75141, "policy_version": 0, "queue": "rollout", "rank": null, "ts": "2026-10-04 13:37:44"}
[DBG] {"category": "QUEUE", "component": "queue", "event": "BEGIN:queue_put", "host": "d6b2a058c4be", "item_id": "ac1885b037084e2e96e01c89826df7e7", "pid": 75141, "queue": "rollout", "rank": null, "ts": "2026-10-04 13:37:44"}
[DBG] {"category": "QUEUE", "component": "queue", "event": "watchdog_armed", "host": "d6b2a058c4be", "pid": 75141, "rank": null, "stage": "queue_put", "timeout_sec": 30.0, "ts": "2026-10-04 13:37:44"}
[DBG] {"category": "QUEUE", "component": "queue", "elapsed_sec": 0.027003, "event": "END:queue_put", "host": "d6b2a058c4be", "pid": 75141, "rank": null, "ts": "2026-10-04 13:37:44"}
[DBG] {"category": "QUEUE", "component": "queue", "event": "put_done", "host": "d6b2a058c4be", "key": "smoke01:rollout:ac1885b037084e2e96e01c89826df7e7", "pid": 75141, "policy_version": 0, "queue": "rollout", "rank": null, "ts": "2026-10-04 13:37:44"}
[DBG] {"category": "QUEUE", "component": "queue", "event": "size_changed", "host": "d6b2a058c4be", "pid": 75141, "queue": "rollout", "rank": null, "size": 9, "ts": "2026-10-04 13:37:44"}
[DBG] {"category": "QUEUE", "component": "queue", "event": "BEGIN:queue_put", "host": "d6b2a058c4be", "item_id": "c5dacb9c76cd4e49b466dec5ef36d123", "pid": 75141, "queue": "preference", "rank": null, "ts": "2026-10-04 13:37:45"}
[DBG] {"category": "QUEUE", "component": "queue", "event": "watchdog_armed", "host": "d6b2a058c4be", "pid": 75141, "rank": null, "stage": "queue_put", "timeout_sec": 30.0, "ts": "2026-10-04 13:37:45"}
[DBG] {"category": "QUEUE", "component": "queue", "elapsed_sec": 0.027829, "event": "END:queue_put", "host": "d6b2a058c4be", "pid": 75141, "rank": null, "ts": "2026-10-04 13:37:45"}
[DBG] {"category": "QUEUE", "component": "queue", "event": "put_done", "host": "d6b2a058c4be", "key": "smoke01:preference:c5dacb9c76cd4e49b466dec5ef36d123", "pid": 75141, "policy_version": 0, "queue": "preference", "rank": null, "ts": "2026-10-04 13:37:45"}
[DBG] {"category": "QUEUE", "component": "queue", "event": "size_changed", "host": "d6b2a058c4be", "pid": 75141, "queue": "preference", "rank": null, "size": 5, "ts": "2026-10-04 13:37:45"}
[DBG] {"category": "QUEUE", "component": "queue", "current_version": null, "event": "BEGIN:queue_list_for_pop", "exact": false, "host": "d6b2a058c4be", "max_lag": null, "pid": 75141, "queue": "rollout", "rank": null, "requested": 1, "ts": "2026-10-04 13:37:45"}
[DBG] {"category": "QUEUE", "component": "queue", "event": "watchdog_armed", "host": "d6b2a058c4be", "pid": 75141, "rank": null, "stage": "queue_list_for_pop", "timeout_sec": 30.0, "ts": "2026-10-04 13:37:45"}
[DBG] {"category": "QUEUE", "component": "queue", "elapsed_sec": 0.002151, "event": "END:queue_list_for_pop", "host": "d6b2a058c4be", "pid": 75141, "rank": null, "ts": "2026-10-04 13:37:45"}
[DBG] {"available": 9, "category": "QUEUE", "component": "queue", "event": "pop_scan", "exact": false, "host": "d6b2a058c4be", "pid": 75141, "queue": "rollout", "rank": null, "requested": 1, "selected": 1, "stale": 0, "ts": "2026-10-04 13:37:45"}
[DBG] {"category": "QUEUE", "component": "queue", "event": "BEGIN:queue_get", "host": "d6b2a058c4be", "key": "smoke01:rollout:55782ab7d56e44deb8a91561f6a2dccb", "pid": 75141, "queue": "rollout", "rank": null, "ts": "2026-10-04 13:37:45"}
[DBG] {"category": "QUEUE", "component": "queue", "event": "watchdog_armed", "host": "d6b2a058c4be", "pid": 75141, "rank": null, "stage": "queue_get", "timeout_sec": 30.0, "ts": "2026-10-04 13:37:45"}
[DBG] {"category": "QUEUE", "component": "queue", "elapsed_sec": 0.026142, "event": "END:queue_get", "host": "d6b2a058c4be", "pid": 75141, "rank": null, "ts": "2026-10-04 13:37:45"}
[DBG] {"category": "QUEUE", "component": "queue", "count": 1, "event": "BEGIN:clear_popped", "host": "d6b2a058c4be", "pid": 75141, "queue": "rollout", "rank": null, "ts": "2026-10-04 13:37:45"}
[DBG] {"category": "QUEUE", "component": "queue", "event": "watchdog_armed", "host": "d6b2a058c4be", "pid": 75141, "rank": null, "stage": "clear_popped", "timeout_sec": 30.0, "ts": "2026-10-04 13:37:45"}
[DBG] {"category": "QUEUE", "component": "queue", "elapsed_sec": 0.018894, "event": "END:clear_popped", "host": "d6b2a058c4be", "pid": 75141, "rank": null, "ts": "2026-10-04 13:37:45"}
[DBG] {"category": "QUEUE", "component": "queue", "event": "pop_done", "host": "d6b2a058c4be", "pid": 75141, "queue": "rollout", "rank": null, "returned": 1, "stale": 0, "ts": "2026-10-04 13:37:45"}
[DBG] {"category": "QUEUE", "component": "queue", "event": "size_changed", "host": "d6b2a058c4be", "pid": 75141, "queue": "rollout", "rank": null, "size": 8, "ts": "2026-10-04 13:37:45"}
[DBG] {"category": "QUEUE", "component": "queue", "event": "BEGIN:queue_put", "host": "d6b2a058c4be", "item_id": "55782ab7d56e44deb8a91561f6a2dccb", "pid": 75141, "queue": "preference", "rank": null, "ts": "2026-10-04 13:37:47"}
[DBG] {"category": "QUEUE", "component": "queue", "event": "watchdog_armed", "host": "d6b2a058c4be", "pid": 75141, "rank": null, "stage": "queue_put", "timeout_sec": 30.0, "ts": "2026-10-04 13:37:47"}
[DBG] {"category": "QUEUE", "component": "queue", "elapsed_sec": 0.026768, "event": "END:queue_put", "host": "d6b2a058c4be", "pid": 75141, "rank": null, "ts": "2026-10-04 13:37:47"}
[DBG] {"category": "QUEUE", "component": "queue", "event": "put_done", "host": "d6b2a058c4be", "key": "smoke01:preference:55782ab7d56e44deb8a91561f6a2dccb", "pid": 75141, "policy_version": 0, "queue": "preference", "rank": null, "ts": "2026-10-04 13:37:47"}
[DBG] {"category": "QUEUE", "component": "queue", "event": "size_changed", "host": "d6b2a058c4be", "pid": 75141, "queue": "preference", "rank": null, "size": 6, "ts": "2026-10-04 13:37:47"}
[DBG] {"category": "QUEUE", "component": "queue", "current_version": null, "event": "BEGIN:queue_list_for_pop", "exact": false, "host": "d6b2a058c4be", "max_lag": null, "pid": 75141, "queue": "rollout", "rank": null, "requested": 1, "ts": "2026-10-04 13:37:47"}
[DBG] {"category": "QUEUE", "component": "queue", "event": "watchdog_armed", "host": "d6b2a058c4be", "pid": 75141, "rank": null, "stage": "queue_list_for_pop", "timeout_sec": 30.0, "ts": "2026-10-04 13:37:47"}
[DBG] {"category": "QUEUE", "component": "queue", "elapsed_sec": 0.001866, "event": "END:queue_list_for_pop", "host": "d6b2a058c4be", "pid": 75141, "rank": null, "ts": "2026-10-04 13:37:47"}
[DBG] {"available": 8, "category": "QUEUE", "component": "queue", "event": "pop_scan", "exact": false, "host": "d6b2a058c4be", "pid": 75141, "queue": "rollout", "rank": null, "requested": 1, "selected": 1, "stale": 0, "ts": "2026-10-04 13:37:47"}
[DBG] {"category": "QUEUE", "component": "queue", "event": "BEGIN:queue_get", "host": "d6b2a058c4be", "key": "smoke01:rollout:62d915cc9bcd4097935a3aa8e8af757f", "pid": 75141, "queue": "rollout", "rank": null, "ts": "2026-10-04 13:37:47"}
[DBG] {"category": "QUEUE", "component": "queue", "event": "watchdog_armed", "host": "d6b2a058c4be", "pid": 75141, "rank": null, "stage": "queue_get", "timeout_sec": 30.0, "ts": "2026-10-04 13:37:47"}
[DBG] {"category": "QUEUE", "component": "queue", "elapsed_sec": 0.025532, "event": "END:queue_get", "host": "d6b2a058c4be", "pid": 75141, "rank": null, "ts": "2026-10-04 13:37:47"}
[DBG] {"category": "QUEUE", "component": "queue", "count": 1, "event": "BEGIN:clear_popped", "host": "d6b2a058c4be", "pid": 75141, "queue": "rollout", "rank": null, "ts": "2026-10-04 13:37:47"}
[DBG] {"category": "QUEUE", "component": "queue", "event": "watchdog_armed", "host": "d6b2a058c4be", "pid": 75141, "rank": null, "stage": "clear_popped", "timeout_sec": 30.0, "ts": "2026-10-04 13:37:47"}
[DBG] {"category": "QUEUE", "component": "queue", "elapsed_sec": 0.016524, "event": "END:clear_popped", "host": "d6b2a058c4be", "pid": 75141, "rank": null, "ts": "2026-10-04 13:37:47"}
[DBG] {"category": "QUEUE", "component": "queue", "event": "pop_done", "host": "d6b2a058c4be", "pid": 75141, "queue": "rollout", "rank": null, "returned": 1, "stale": 0, "ts": "2026-10-04 13:37:47"}
[DBG] {"category": "QUEUE", "component": "queue", "event": "size_changed", "host": "d6b2a058c4be", "pid": 75141, "queue": "rollout", "rank": null, "size": 7, "ts": "2026-10-04 13:37:47"}
[DBG] {"category": "QUEUE", "component": "queue", "event": "BEGIN:queue_put", "host": "d6b2a058c4be", "item_id": "d3cd3b1ef39c4410a4c78b4364bc8dde", "pid": 75141, "queue": "rollout", "rank": null, "ts": "2026-10-04 13:37:47"}
[DBG] {"category": "QUEUE", "component": "queue", "event": "watchdog_armed", "host": "d6b2a058c4be", "pid": 75141, "rank": null, "stage": "queue_put", "timeout_sec": 30.0, "ts": "2026-10-04 13:37:47"}
[DBG] {"category": "QUEUE", "component": "queue", "elapsed_sec": 0.027478, "event": "END:queue_put", "host": "d6b2a058c4be", "pid": 75141, "rank": null, "ts": "2026-10-04 13:37:47"}
[DBG] {"category": "QUEUE", "component": "queue", "event": "put_done", "host": "d6b2a058c4be", "key": "smoke01:rollout:d3cd3b1ef39c4410a4c78b4364bc8dde", "pid": 75141, "policy_version": 0, "queue": "rollout", "rank": null, "ts": "2026-10-04 13:37:47"}
[DBG] {"category": "QUEUE", "component": "queue", "event": "BEGIN:queue_put", "host": "d6b2a058c4be", "item_id": "c2a80dedd6824df595d466ae5ce745e8", "pid": 75141, "queue": "rollout", "rank": null, "ts": "2026-10-04 13:37:47"}
[DBG] {"category": "QUEUE", "component": "queue", "event": "watchdog_armed", "host": "d6b2a058c4be", "pid": 75141, "rank": null, "stage": "queue_put", "timeout_sec": 30.0, "ts": "2026-10-04 13:37:47"}
[DBG] {"category": "QUEUE", "component": "queue", "elapsed_sec": 0.028326, "event": "END:queue_put", "host": "d6b2a058c4be", "pid": 75141, "rank": null, "ts": "2026-10-04 13:37:47"}
[DBG] {"category": "QUEUE", "component": "queue", "event": "put_done", "host": "d6b2a058c4be", "key": "smoke01:rollout:c2a80dedd6824df595d466ae5ce745e8", "pid": 75141, "policy_version": 0, "queue": "rollout", "rank": null, "ts": "2026-10-04 13:37:47"}
[DBG] {"category": "QUEUE", "component": "queue", "event": "size_changed", "host": "d6b2a058c4be", "pid": 75141, "queue": "rollout", "rank": null, "size": 9, "ts": "2026-10-04 13:37:47"}
[DBG] {"category": "QUEUE", "component": "queue", "event": "BEGIN:queue_put", "host": "d6b2a058c4be", "item_id": "62d915cc9bcd4097935a3aa8e8af757f", "pid": 75141, "queue": "preference", "rank": null, "ts": "2026-10-04 13:37:48"}
[DBG] {"category": "QUEUE", "component": "queue", "event": "watchdog_armed", "host": "d6b2a058c4be", "pid": 75141, "rank": null, "stage": "queue_put", "timeout_sec": 30.0, "ts": "2026-10-04 13:37:48"}
[DBG] {"category": "QUEUE", "component": "queue", "elapsed_sec": 0.027536, "event": "END:queue_put", "host": "d6b2a058c4be", "pid": 75141, "rank": null, "ts": "2026-10-04 13:37:48"}
[DBG] {"category": "QUEUE", "component": "queue", "event": "put_done", "host": "d6b2a058c4be", "key": "smoke01:preference:62d915cc9bcd4097935a3aa8e8af757f", "pid": 75141, "policy_version": 0, "queue": "preference", "rank": null, "ts": "2026-10-04 13:37:48"}
[DBG] {"category": "QUEUE", "component": "queue", "event": "size_changed", "host": "d6b2a058c4be", "pid": 75141, "queue": "preference", "rank": null, "size": 7, "ts": "2026-10-04 13:37:48"}
[DBG] {"category": "QUEUE", "component": "queue", "current_version": null, "event": "BEGIN:queue_list_for_pop", "exact": false, "host": "d6b2a058c4be", "max_lag": null, "pid": 75141, "queue": "rollout", "rank": null, "requested": 1, "ts": "2026-10-04 13:37:48"}
[DBG] {"category": "QUEUE", "component": "queue", "event": "watchdog_armed", "host": "d6b2a058c4be", "pid": 75141, "rank": null, "stage": "queue_list_for_pop", "timeout_sec": 30.0, "ts": "2026-10-04 13:37:48"}
[DBG] {"category": "QUEUE", "component": "queue", "elapsed_sec": 0.002146, "event": "END:queue_list_for_pop", "host": "d6b2a058c4be", "pid": 75141, "rank": null, "ts": "2026-10-04 13:37:48"}
[DBG] {"available": 9, "category": "QUEUE", "component": "queue", "event": "pop_scan", "exact": false, "host": "d6b2a058c4be", "pid": 75141, "queue": "rollout", "rank": null, "requested": 1, "selected": 1, "stale": 0, "ts": "2026-10-04 13:37:48"}
[DBG] {"category": "QUEUE", "component": "queue", "event": "BEGIN:queue_get", "host": "d6b2a058c4be", "key": "smoke01:rollout:38576a20ce204edb8f18e9fd3f604bb0", "pid": 75141, "queue": "rollout", "rank": null, "ts": "2026-10-04 13:37:48"}
[DBG] {"category": "QUEUE", "component": "queue", "event": "watchdog_armed", "host": "d6b2a058c4be", "pid": 75141, "rank": null, "stage": "queue_get", "timeout_sec": 30.0, "ts": "2026-10-04 13:37:48"}
[DBG] {"category": "QUEUE", "component": "queue", "elapsed_sec": 0.026007, "event": "END:queue_get", "host": "d6b2a058c4be", "pid": 75141, "rank": null, "ts": "2026-10-04 13:37:48"}
[DBG] {"category": "QUEUE", "component": "queue", "count": 1, "event": "BEGIN:clear_popped", "host": "d6b2a058c4be", "pid": 75141, "queue": "rollout", "rank": null, "ts": "2026-10-04 13:37:48"}
[DBG] {"category": "QUEUE", "component": "queue", "event": "watchdog_armed", "host": "d6b2a058c4be", "pid": 75141, "rank": null, "stage": "clear_popped", "timeout_sec": 30.0, "ts": "2026-10-04 13:37:48"}
[DBG] {"category": "QUEUE", "component": "queue", "elapsed_sec": 0.01684, "event": "END:clear_popped", "host": "d6b2a058c4be", "pid": 75141, "rank": null, "ts": "2026-10-04 13:37:48"}
[DBG] {"category": "QUEUE", "component": "queue", "event": "pop_done", "host": "d6b2a058c4be", "pid": 75141, "queue": "rollout", "rank": null, "returned": 1, "stale": 0, "ts": "2026-10-04 13:37:48"}
[DBG] {"category": "QUEUE", "component": "queue", "event": "size_changed", "host": "d6b2a058c4be", "pid": 75141, "queue": "rollout", "rank": null, "size": 8, "ts": "2026-10-04 13:37:48"}
[DBG] {"category": "QUEUE", "component": "queue", "event": "BEGIN:queue_put", "host": "d6b2a058c4be", "item_id": "38576a20ce204edb8f18e9fd3f604bb0", "pid": 75141, "queue": "preference", "rank": null, "ts": "2026-10-04 13:37:49"}
[DBG] {"category": "QUEUE", "component": "queue", "event": "watchdog_armed", "host": "d6b2a058c4be", "pid": 75141, "rank": null, "stage": "queue_put", "timeout_sec": 30.0, "ts": "2026-10-04 13:37:49"}
[DBG] {"category": "QUEUE", "component": "queue", "elapsed_sec": 0.025835, "event": "END:queue_put", "host": "d6b2a058c4be", "pid": 75141, "rank": null, "ts": "2026-10-04 13:37:49"}
[DBG] {"category": "QUEUE", "component": "queue", "event": "put_done", "host": "d6b2a058c4be", "key": "smoke01:preference:38576a20ce204edb8f18e9fd3f604bb0", "pid": 75141, "policy_version": 0, "queue": "preference", "rank": null, "ts": "2026-10-04 13:37:49"}
[DBG] {"category": "QUEUE", "component": "queue", "event": "size_changed", "host": "d6b2a058c4be", "pid": 75141, "queue": "preference", "rank": null, "size": 8, "ts": "2026-10-04 13:37:49"}
[DBG] {"category": "QUEUE", "component": "queue", "current_version": null, "event": "BEGIN:queue_list_for_pop", "exact": false, "host": "d6b2a058c4be", "max_lag": null, "pid": 75141, "queue": "rollout", "rank": null, "requested": 1, "ts": "2026-10-04 13:37:49"}
[DBG] {"category": "QUEUE", "component": "queue", "event": "watchdog_armed", "host": "d6b2a058c4be", "pid": 75141, "rank": null, "stage": "queue_list_for_pop", "timeout_sec": 30.0, "ts": "2026-10-04 13:37:49"}
[DBG] {"category": "QUEUE", "component": "queue", "elapsed_sec": 0.001332, "event": "END:queue_list_for_pop", "host": "d6b2a058c4be", "pid": 75141, "rank": null, "ts": "2026-10-04 13:37:49"}
[DBG] {"available": 8, "category": "QUEUE", "component": "queue", "event": "pop_scan", "exact": false, "host": "d6b2a058c4be", "pid": 75141, "queue": "rollout", "rank": null, "requested": 1, "selected": 1, "stale": 0, "ts": "2026-10-04 13:37:49"}
[DBG] {"category": "QUEUE", "component": "queue", "event": "BEGIN:queue_get", "host": "d6b2a058c4be", "key": "smoke01:rollout:52eb32692ca24ede810e3bc2f8ff0745", "pid": 75141, "queue": "rollout", "rank": null, "ts": "2026-10-04 13:37:49"}
[DBG] {"category": "QUEUE", "component": "queue", "event": "watchdog_armed", "host": "d6b2a058c4be", "pid": 75141, "rank": null, "stage": "queue_get", "timeout_sec": 30.0, "ts": "2026-10-04 13:37:49"}
[DBG] {"category": "QUEUE", "component": "queue", "elapsed_sec": 0.024697, "event": "END:queue_get", "host": "d6b2a058c4be", "pid": 75141, "rank": null, "ts": "2026-10-04 13:37:49"}
[DBG] {"category": "QUEUE", "component": "queue", "count": 1, "event": "BEGIN:clear_popped", "host": "d6b2a058c4be", "pid": 75141, "queue": "rollout", "rank": null, "ts": "2026-10-04 13:37:49"}
[DBG] {"category": "QUEUE", "component": "queue", "event": "watchdog_armed", "host": "d6b2a058c4be", "pid": 75141, "rank": null, "stage": "clear_popped", "timeout_sec": 30.0, "ts": "2026-10-04 13:37:49"}
[DBG] {"category": "QUEUE", "component": "queue", "elapsed_sec": 0.016402, "event": "END:clear_popped", "host": "d6b2a058c4be", "pid": 75141, "rank": null, "ts": "2026-10-04 13:37:49"}
[DBG] {"category": "QUEUE", "component": "queue", "event": "pop_done", "host": "d6b2a058c4be", "pid": 75141, "queue": "rollout", "rank": null, "returned": 1, "stale": 0, "ts": "2026-10-04 13:37:49"}
[DBG] {"category": "QUEUE", "component": "queue", "event": "size_changed", "host": "d6b2a058c4be", "pid": 75141, "queue": "rollout", "rank": null, "size": 7, "ts": "2026-10-04 13:37:49"}
[DBG] {"category": "QUEUE", "component": "queue", "event": "BEGIN:queue_put", "host": "d6b2a058c4be", "item_id": "d230f6edc0d54702999a3dcf68fffdcc", "pid": 75141, "queue": "rollout", "rank": null, "ts": "2026-10-04 13:37:49"}
[DBG] {"category": "QUEUE", "component": "queue", "event": "watchdog_armed", "host": "d6b2a058c4be", "pid": 75141, "rank": null, "stage": "queue_put", "timeout_sec": 30.0, "ts": "2026-10-04 13:37:49"}
[DBG] {"category": "QUEUE", "component": "queue", "elapsed_sec": 0.022738, "event": "END:queue_put", "host": "d6b2a058c4be", "pid": 75141, "rank": null, "ts": "2026-10-04 13:37:49"}
[DBG] {"category": "QUEUE", "component": "queue", "event": "put_done", "host": "d6b2a058c4be", "key": "smoke01:rollout:d230f6edc0d54702999a3dcf68fffdcc", "pid": 75141, "policy_version": 0, "queue": "rollout", "rank": null, "ts": "2026-10-04 13:37:49"}
[DBG] {"category": "QUEUE", "component": "queue", "event": "BEGIN:queue_put", "host": "d6b2a058c4be", "item_id": "ccbbb36341b541618879292d0c2fe4af", "pid": 75141, "queue": "rollout", "rank": null, "ts": "2026-10-04 13:37:49"}
[DBG] {"category": "QUEUE", "component": "queue", "event": "watchdog_armed", "host": "d6b2a058c4be", "pid": 75141, "rank": null, "stage": "queue_put", "timeout_sec": 30.0, "ts": "2026-10-04 13:37:49"}
[DBG] {"category": "QUEUE", "component": "queue", "elapsed_sec": 0.019527, "event": "END:queue_put", "host": "d6b2a058c4be", "pid": 75141, "rank": null, "ts": "2026-10-04 13:37:49"}
[DBG] {"category": "QUEUE", "component": "queue", "event": "put_done", "host": "d6b2a058c4be", "key": "smoke01:rollout:ccbbb36341b541618879292d0c2fe4af", "pid": 75141, "policy_version": 0, "queue": "rollout", "rank": null, "ts": "2026-10-04 13:37:49"}
[DBG] {"category": "QUEUE", "component": "queue", "event": "size_changed", "host": "d6b2a058c4be", "pid": 75141, "queue": "rollout", "rank": null, "size": 9, "ts": "2026-10-04 13:37:49"}
[DBG] {"category": "QUEUE", "component": "queue", "event": "BEGIN:queue_put", "host": "d6b2a058c4be", "item_id": "52eb32692ca24ede810e3bc2f8ff0745", "pid": 75141, "queue": "preference", "rank": null, "ts": "2026-10-04 13:37:50"}
[DBG] {"category": "QUEUE", "component": "queue", "event": "watchdog_armed", "host": "d6b2a058c4be", "pid": 75141, "rank": null, "stage": "queue_put", "timeout_sec": 30.0, "ts": "2026-10-04 13:37:50"}
[DBG] {"category": "QUEUE", "component": "queue", "elapsed_sec": 0.025557, "event": "END:queue_put", "host": "d6b2a058c4be", "pid": 75141, "rank": null, "ts": "2026-10-04 13:37:50"}
[DBG] {"category": "QUEUE", "component": "queue", "event": "put_done", "host": "d6b2a058c4be", "key": "smoke01:preference:52eb32692ca24ede810e3bc2f8ff0745", "pid": 75141, "policy_version": 0, "queue": "preference", "rank": null, "ts": "2026-10-04 13:37:50"}
[DBG] {"category": "QUEUE", "component": "queue", "event": "size_changed", "host": "d6b2a058c4be", "pid": 75141, "queue": "preference", "rank": null, "size": 9, "ts": "2026-10-04 13:37:50"}
[DBG] {"category": "QUEUE", "component": "queue", "current_version": null, "event": "BEGIN:queue_list_for_pop", "exact": false, "host": "d6b2a058c4be", "max_lag": null, "pid": 75141, "queue": "rollout", "rank": null, "requested": 1, "ts": "2026-10-04 13:37:50"}
[DBG] {"category": "QUEUE", "component": "queue", "event": "watchdog_armed", "host": "d6b2a058c4be", "pid": 75141, "rank": null, "stage": "queue_list_for_pop", "timeout_sec": 30.0, "ts": "2026-10-04 13:37:50"}
[DBG] {"category": "QUEUE", "component": "queue", "elapsed_sec": 0.00184, "event": "END:queue_list_for_pop", "host": "d6b2a058c4be", "pid": 75141, "rank": null, "ts": "2026-10-04 13:37:50"}
[DBG] {"available": 9, "category": "QUEUE", "component": "queue", "event": "pop_scan", "exact": false, "host": "d6b2a058c4be", "pid": 75141, "queue": "rollout", "rank": null, "requested": 1, "selected": 1, "stale": 0, "ts": "2026-10-04 13:37:50"}
[DBG] {"category": "QUEUE", "component": "queue", "event": "BEGIN:queue_get", "host": "d6b2a058c4be", "key": "smoke01:rollout:634bb3d8621c446385e7a8fd45d0d5e0", "pid": 75141, "queue": "rollout", "rank": null, "ts": "2026-10-04 13:37:50"}
[DBG] {"category": "QUEUE", "component": "queue", "event": "watchdog_armed", "host": "d6b2a058c4be", "pid": 75141, "rank": null, "stage": "queue_get", "timeout_sec": 30.0, "ts": "2026-10-04 13:37:50"}
[DBG] {"category": "QUEUE", "component": "queue", "elapsed_sec": 0.0246, "event": "END:queue_get", "host": "d6b2a058c4be", "pid": 75141, "rank": null, "ts": "2026-10-04 13:37:50"}
[DBG] {"category": "QUEUE", "component": "queue", "count": 1, "event": "BEGIN:clear_popped", "host": "d6b2a058c4be", "pid": 75141, "queue": "rollout", "rank": null, "ts": "2026-10-04 13:37:50"}
[DBG] {"category": "QUEUE", "component": "queue", "event": "watchdog_armed", "host": "d6b2a058c4be", "pid": 75141, "rank": null, "stage": "clear_popped", "timeout_sec": 30.0, "ts": "2026-10-04 13:37:50"}
[DBG] {"category": "QUEUE", "component": "queue", "elapsed_sec": 0.01546, "event": "END:clear_popped", "host": "d6b2a058c4be", "pid": 75141, "rank": null, "ts": "2026-10-04 13:37:50"}
[DBG] {"category": "QUEUE", "component": "queue", "event": "pop_done", "host": "d6b2a058c4be", "pid": 75141, "queue": "rollout", "rank": null, "returned": 1, "stale": 0, "ts": "2026-10-04 13:37:50"}
[DBG] {"category": "QUEUE", "component": "queue", "event": "size_changed", "host": "d6b2a058c4be", "pid": 75141, "queue": "rollout", "rank": null, "size": 8, "ts": "2026-10-04 13:37:50"}
[DBG] {"category": "QUEUE", "component": "queue", "event": "BEGIN:queue_put", "host": "d6b2a058c4be", "item_id": "634bb3d8621c446385e7a8fd45d0d5e0", "pid": 75141, "queue": "preference", "rank": null, "ts": "2026-10-04 13:37:52"}
[DBG] {"category": "QUEUE", "component": "queue", "event": "watchdog_armed", "host": "d6b2a058c4be", "pid": 75141, "rank": null, "stage": "queue_put", "timeout_sec": 30.0, "ts": "2026-10-04 13:37:52"}
[DBG] {"category": "QUEUE", "component": "queue", "elapsed_sec": 0.025181, "event": "END:queue_put", "host": "d6b2a058c4be", "pid": 75141, "rank": null, "ts": "2026-10-04 13:37:52"}
[DBG] {"category": "QUEUE", "component": "queue", "event": "put_done", "host": "d6b2a058c4be", "key": "smoke01:preference:634bb3d8621c446385e7a8fd45d0d5e0", "pid": 75141, "policy_version": 0, "queue": "preference", "rank": null, "ts": "2026-10-04 13:37:52"}
[DBG] {"category": "QUEUE", "component": "queue", "event": "size_changed", "host": "d6b2a058c4be", "pid": 75141, "queue": "preference", "rank": null, "size": 10, "ts": "2026-10-04 13:37:52"}
[DBG] {"category": "QUEUE", "component": "queue", "current_version": null, "event": "BEGIN:queue_list_for_pop", "exact": false, "host": "d6b2a058c4be", "max_lag": null, "pid": 75141, "queue": "rollout", "rank": null, "requested": 1, "ts": "2026-10-04 13:37:52"}
[DBG] {"category": "QUEUE", "component": "queue", "event": "watchdog_armed", "host": "d6b2a058c4be", "pid": 75141, "rank": null, "stage": "queue_list_for_pop", "timeout_sec": 30.0, "ts": "2026-10-04 13:37:52"}
[DBG] {"category": "QUEUE", "component": "queue", "elapsed_sec": 0.001616, "event": "END:queue_list_for_pop", "host": "d6b2a058c4be", "pid": 75141, "rank": null, "ts": "2026-10-04 13:37:52"}
[DBG] {"available": 8, "category": "QUEUE", "component": "queue", "event": "pop_scan", "exact": false, "host": "d6b2a058c4be", "pid": 75141, "queue": "rollout", "rank": null, "requested": 1, "selected": 1, "stale": 0, "ts": "2026-10-04 13:37:52"}
[DBG] {"category": "QUEUE", "component": "queue", "event": "BEGIN:queue_get", "host": "d6b2a058c4be", "key": "smoke01:rollout:8a3bedf54497472fac38688ec46316ae", "pid": 75141, "queue": "rollout", "rank": null, "ts": "2026-10-04 13:37:52"}
[DBG] {"category": "QUEUE", "component": "queue", "event": "watchdog_armed", "host": "d6b2a058c4be", "pid": 75141, "rank": null, "stage": "queue_get", "timeout_sec": 30.0, "ts": "2026-10-04 13:37:52"}
[DBG] {"category": "QUEUE", "component": "queue", "elapsed_sec": 0.026323, "event": "END:queue_get", "host": "d6b2a058c4be", "pid": 75141, "rank": null, "ts": "2026-10-04 13:37:52"}
[DBG] {"category": "QUEUE", "component": "queue", "count": 1, "event": "BEGIN:clear_popped", "host": "d6b2a058c4be", "pid": 75141, "queue": "rollout", "rank": null, "ts": "2026-10-04 13:37:52"}
[DBG] {"category": "QUEUE", "component": "queue", "event": "watchdog_armed", "host": "d6b2a058c4be", "pid": 75141, "rank": null, "stage": "clear_popped", "timeout_sec": 30.0, "ts": "2026-10-04 13:37:52"}
[DBG] {"category": "QUEUE", "component": "queue", "elapsed_sec": 0.015605, "event": "END:clear_popped", "host": "d6b2a058c4be", "pid": 75141, "rank": null, "ts": "2026-10-04 13:37:52"}
[DBG] {"category": "QUEUE", "component": "queue", "event": "pop_done", "host": "d6b2a058c4be", "pid": 75141, "queue": "rollout", "rank": null, "returned": 1, "stale": 0, "ts": "2026-10-04 13:37:52"}
[DBG] {"category": "QUEUE", "component": "queue", "event": "size_changed", "host": "d6b2a058c4be", "pid": 75141, "queue": "rollout", "rank": null, "size": 7, "ts": "2026-10-04 13:37:52"}
[DBG] {"category": "QUEUE", "component": "queue", "event": "BEGIN:queue_put", "host": "d6b2a058c4be", "item_id": "4cdee33d03d0491b82e9bea630a6ea53", "pid": 75141, "queue": "rollout", "rank": null, "ts": "2026-10-04 13:37:52"}
[DBG] {"category": "QUEUE", "component": "queue", "event": "watchdog_armed", "host": "d6b2a058c4be", "pid": 75141, "rank": null, "stage": "queue_put", "timeout_sec": 30.0, "ts": "2026-10-04 13:37:52"}
[DBG] {"category": "QUEUE", "component": "queue", "elapsed_sec": 0.02803, "event": "END:queue_put", "host": "d6b2a058c4be", "pid": 75141, "rank": null, "ts": "2026-10-04 13:37:52"}
[DBG] {"category": "QUEUE", "component": "queue", "event": "put_done", "host": "d6b2a058c4be", "key": "smoke01:rollout:4cdee33d03d0491b82e9bea630a6ea53", "pid": 75141, "policy_version": 0, "queue": "rollout", "rank": null, "ts": "2026-10-04 13:37:52"}
[DBG] {"category": "QUEUE", "component": "queue", "event": "BEGIN:queue_put", "host": "d6b2a058c4be", "item_id": "51eda63e7e554adf923db49827838949", "pid": 75141, "queue": "rollout", "rank": null, "ts": "2026-10-04 13:37:52"}
[DBG] {"category": "QUEUE", "component": "queue", "event": "watchdog_armed", "host": "d6b2a058c4be", "pid": 75141, "rank": null, "stage": "queue_put", "timeout_sec": 30.0, "ts": "2026-10-04 13:37:52"}
[DBG] {"category": "QUEUE", "component": "queue", "elapsed_sec": 0.027271, "event": "END:queue_put", "host": "d6b2a058c4be", "pid": 75141, "rank": null, "ts": "2026-10-04 13:37:52"}
[DBG] {"category": "QUEUE", "component": "queue", "event": "put_done", "host": "d6b2a058c4be", "key": "smoke01:rollout:51eda63e7e554adf923db49827838949", "pid": 75141, "policy_version": 0, "queue": "rollout", "rank": null, "ts": "2026-10-04 13:37:52"}
[DBG] {"category": "QUEUE", "component": "queue", "event": "size_changed", "host": "d6b2a058c4be", "pid": 75141, "queue": "rollout", "rank": null, "size": 9, "ts": "2026-10-04 13:37:52"}
[DBG] {"category": "QUEUE", "component": "queue", "event": "BEGIN:queue_put", "host": "d6b2a058c4be", "item_id": "8a3bedf54497472fac38688ec46316ae", "pid": 75141, "queue": "preference", "rank": null, "ts": "2026-10-04 13:37:53"}
[DBG] {"category": "QUEUE", "component": "queue", "event": "watchdog_armed", "host": "d6b2a058c4be", "pid": 75141, "rank": null, "stage": "queue_put", "timeout_sec": 30.0, "ts": "2026-10-04 13:37:53"}
[DBG] {"category": "QUEUE", "component": "queue", "elapsed_sec": 0.027097, "event": "END:queue_put", "host": "d6b2a058c4be", "pid": 75141, "rank": null, "ts": "2026-10-04 13:37:53"}
[DBG] {"category": "QUEUE", "component": "queue", "event": "put_done", "host": "d6b2a058c4be", "key": "smoke01:preference:8a3bedf54497472fac38688ec46316ae", "pid": 75141, "policy_version": 0, "queue": "preference", "rank": null, "ts": "2026-10-04 13:37:53"}
[DBG] {"category": "QUEUE", "component": "queue", "event": "size_changed", "host": "d6b2a058c4be", "pid": 75141, "queue": "preference", "rank": null, "size": 11, "ts": "2026-10-04 13:37:53"}
[DBG] {"category": "QUEUE", "component": "queue", "current_version": null, "event": "BEGIN:queue_list_for_pop", "exact": false, "host": "d6b2a058c4be", "max_lag": null, "pid": 75141, "queue": "rollout", "rank": null, "requested": 1, "ts": "2026-10-04 13:37:53"}
[DBG] {"category": "QUEUE", "component": "queue", "event": "watchdog_armed", "host": "d6b2a058c4be", "pid": 75141, "rank": null, "stage": "queue_list_for_pop", "timeout_sec": 30.0, "ts": "2026-10-04 13:37:53"}
[DBG] {"category": "QUEUE", "component": "queue", "elapsed_sec": 0.00176, "event": "END:queue_list_for_pop", "host": "d6b2a058c4be", "pid": 75141, "rank": null, "ts": "2026-10-04 13:37:53"}
[DBG] {"available": 9, "category": "QUEUE", "component": "queue", "event": "pop_scan", "exact": false, "host": "d6b2a058c4be", "pid": 75141, "queue": "rollout", "rank": null, "requested": 1, "selected": 1, "stale": 0, "ts": "2026-10-04 13:37:53"}
[DBG] {"category": "QUEUE", "component": "queue", "event": "BEGIN:queue_get", "host": "d6b2a058c4be", "key": "smoke01:rollout:22dada67e8c14fc183949d9709b580d5", "pid": 75141, "queue": "rollout", "rank": null, "ts": "2026-10-04 13:37:53"}
[DBG] {"category": "QUEUE", "component": "queue", "event": "watchdog_armed", "host": "d6b2a058c4be", "pid": 75141, "rank": null, "stage": "queue_get", "timeout_sec": 30.0, "ts": "2026-10-04 13:37:53"}
[DBG] {"category": "QUEUE", "component": "queue", "elapsed_sec": 0.025011, "event": "END:queue_get", "host": "d6b2a058c4be", "pid": 75141, "rank": null, "ts": "2026-10-04 13:37:53"}
[DBG] {"category": "QUEUE", "component": "queue", "count": 1, "event": "BEGIN:clear_popped", "host": "d6b2a058c4be", "pid": 75141, "queue": "rollout", "rank": null, "ts": "2026-10-04 13:37:53"}
[DBG] {"category": "QUEUE", "component": "queue", "event": "watchdog_armed", "host": "d6b2a058c4be", "pid": 75141, "rank": null, "stage": "clear_popped", "timeout_sec": 30.0, "ts": "2026-10-04 13:37:53"}
[DBG] {"category": "QUEUE", "component": "queue", "elapsed_sec": 0.016351, "event": "END:clear_popped", "host": "d6b2a058c4be", "pid": 75141, "rank": null, "ts": "2026-10-04 13:37:53"}
[DBG] {"category": "QUEUE", "component": "queue", "event": "pop_done", "host": "d6b2a058c4be", "pid": 75141, "queue": "rollout", "rank": null, "returned": 1, "stale": 0, "ts": "2026-10-04 13:37:53"}
[DBG] {"category": "QUEUE", "component": "queue", "event": "size_changed", "host": "d6b2a058c4be", "pid": 75141, "queue": "rollout", "rank": null, "size": 8, "ts": "2026-10-04 13:37:53"}
[DBG] {"category": "QUEUE", "component": "queue", "event": "BEGIN:queue_put", "host": "d6b2a058c4be", "item_id": "22dada67e8c14fc183949d9709b580d5", "pid": 75141, "queue": "preference", "rank": null, "ts": "2026-10-04 13:37:55"}
[DBG] {"category": "QUEUE", "component": "queue", "event": "watchdog_armed", "host": "d6b2a058c4be", "pid": 75141, "rank": null, "stage": "queue_put", "timeout_sec": 30.0, "ts": "2026-10-04 13:37:55"}
[DBG] {"category": "QUEUE", "component": "queue", "elapsed_sec": 0.028554, "event": "END:queue_put", "host": "d6b2a058c4be", "pid": 75141, "rank": null, "ts": "2026-10-04 13:37:55"}
[DBG] {"category": "QUEUE", "component": "queue", "event": "put_done", "host": "d6b2a058c4be", "key": "smoke01:preference:22dada67e8c14fc183949d9709b580d5", "pid": 75141, "policy_version": 0, "queue": "preference", "rank": null, "ts": "2026-10-04 13:37:55"}
[DBG] {"category": "QUEUE", "component": "queue", "event": "size_changed", "host": "d6b2a058c4be", "pid": 75141, "queue": "preference", "rank": null, "size": 12, "ts": "2026-10-04 13:37:55"}
[DBG] {"category": "QUEUE", "component": "queue", "current_version": null, "event": "BEGIN:queue_list_for_pop", "exact": false, "host": "d6b2a058c4be", "max_lag": null, "pid": 75141, "queue": "rollout", "rank": null, "requested": 1, "ts": "2026-10-04 13:37:55"}
[DBG] {"category": "QUEUE", "component": "queue", "event": "watchdog_armed", "host": "d6b2a058c4be", "pid": 75141, "rank": null, "stage": "queue_list_for_pop", "timeout_sec": 30.0, "ts": "2026-10-04 13:37:55"}
[DBG] {"category": "QUEUE", "component": "queue", "elapsed_sec": 0.001826, "event": "END:queue_list_for_pop", "host": "d6b2a058c4be", "pid": 75141, "rank": null, "ts": "2026-10-04 13:37:55"}
[DBG] {"available": 8, "category": "QUEUE", "component": "queue", "event": "pop_scan", "exact": false, "host": "d6b2a058c4be", "pid": 75141, "queue": "rollout", "rank": null, "requested": 1, "selected": 1, "stale": 0, "ts": "2026-10-04 13:37:55"}
[DBG] {"category": "QUEUE", "component": "queue", "event": "BEGIN:queue_get", "host": "d6b2a058c4be", "key": "smoke01:rollout:69115bdf101b40d29a31be2ba27c5a91", "pid": 75141, "queue": "rollout", "rank": null, "ts": "2026-10-04 13:37:55"}
[DBG] {"category": "QUEUE", "component": "queue", "event": "watchdog_armed", "host": "d6b2a058c4be", "pid": 75141, "rank": null, "stage": "queue_get", "timeout_sec": 30.0, "ts": "2026-10-04 13:37:55"}
[DBG] {"category": "QUEUE", "component": "queue", "elapsed_sec": 0.024647, "event": "END:queue_get", "host": "d6b2a058c4be", "pid": 75141, "rank": null, "ts": "2026-10-04 13:37:55"}
[DBG] {"category": "QUEUE", "component": "queue", "count": 1, "event": "BEGIN:clear_popped", "host": "d6b2a058c4be", "pid": 75141, "queue": "rollout", "rank": null, "ts": "2026-10-04 13:37:55"}
[DBG] {"category": "QUEUE", "component": "queue", "event": "watchdog_armed", "host": "d6b2a058c4be", "pid": 75141, "rank": null, "stage": "clear_popped", "timeout_sec": 30.0, "ts": "2026-10-04 13:37:55"}
[DBG] {"category": "QUEUE", "component": "queue", "elapsed_sec": 0.015046, "event": "END:clear_popped", "host": "d6b2a058c4be", "pid": 75141, "rank": null, "ts": "2026-10-04 13:37:55"}
[DBG] {"category": "QUEUE", "component": "queue", "event": "pop_done", "host": "d6b2a058c4be", "pid": 75141, "queue": "rollout", "rank": null, "returned": 1, "stale": 0, "ts": "2026-10-04 13:37:55"}
[DBG] {"category": "QUEUE", "component": "queue", "event": "size_changed", "host": "d6b2a058c4be", "pid": 75141, "queue": "rollout", "rank": null, "size": 7, "ts": "2026-10-04 13:37:55"}
[DBG] {"category": "QUEUE", "component": "queue", "event": "BEGIN:queue_put", "host": "d6b2a058c4be", "item_id": "6282e680ea1148c5b5ed8572b39330dd", "pid": 75141, "queue": "rollout", "rank": null, "ts": "2026-10-04 13:37:55"}
[DBG] {"category": "QUEUE", "component": "queue", "event": "watchdog_armed", "host": "d6b2a058c4be", "pid": 75141, "rank": null, "stage": "queue_put", "timeout_sec": 30.0, "ts": "2026-10-04 13:37:55"}
[DBG] {"category": "QUEUE", "component": "queue", "elapsed_sec": 0.026949, "event": "END:queue_put", "host": "d6b2a058c4be", "pid": 75141, "rank": null, "ts": "2026-10-04 13:37:55"}
[DBG] {"category": "QUEUE", "component": "queue", "event": "put_done", "host": "d6b2a058c4be", "key": "smoke01:rollout:6282e680ea1148c5b5ed8572b39330dd", "pid": 75141, "policy_version": 0, "queue": "rollout", "rank": null, "ts": "2026-10-04 13:37:55"}
[DBG] {"category": "QUEUE", "component": "queue", "event": "BEGIN:queue_put", "host": "d6b2a058c4be", "item_id": "fc3a61e9e8824e038ae7a3586aa6af10", "pid": 75141, "queue": "rollout", "rank": null, "ts": "2026-10-04 13:37:55"}
[DBG] {"category": "QUEUE", "component": "queue", "event": "watchdog_armed", "host": "d6b2a058c4be", "pid": 75141, "rank": null, "stage": "queue_put", "timeout_sec": 30.0, "ts": "2026-10-04 13:37:55"}
[DBG] {"category": "QUEUE", "component": "queue", "elapsed_sec": 0.025628, "event": "END:queue_put", "host": "d6b2a058c4be", "pid": 75141, "rank": null, "ts": "2026-10-04 13:37:55"}
[DBG] {"category": "QUEUE", "component": "queue", "event": "put_done", "host": "d6b2a058c4be", "key": "smoke01:rollout:fc3a61e9e8824e038ae7a3586aa6af10", "pid": 75141, "policy_version": 0, "queue": "rollout", "rank": null, "ts": "2026-10-04 13:37:55"}
[DBG] {"category": "QUEUE", "component": "queue", "event": "size_changed", "host": "d6b2a058c4be", "pid": 75141, "queue": "rollout", "rank": null, "size": 9, "ts": "2026-10-04 13:37:55"}
[DBG] {"category": "QUEUE", "component": "queue", "event": "BEGIN:queue_put", "host": "d6b2a058c4be", "item_id": "69115bdf101b40d29a31be2ba27c5a91", "pid": 75141, "queue": "preference", "rank": null, "ts": "2026-10-04 13:37:56"}
[DBG] {"category": "QUEUE", "component": "queue", "event": "watchdog_armed", "host": "d6b2a058c4be", "pid": 75141, "rank": null, "stage": "queue_put", "timeout_sec": 30.0, "ts": "2026-10-04 13:37:56"}
[DBG] {"category": "QUEUE", "component": "queue", "elapsed_sec": 0.026764, "event": "END:queue_put", "host": "d6b2a058c4be", "pid": 75141, "rank": null, "ts": "2026-10-04 13:37:56"}
[DBG] {"category": "QUEUE", "component": "queue", "event": "put_done", "host": "d6b2a058c4be", "key": "smoke01:preference:69115bdf101b40d29a31be2ba27c5a91", "pid": 75141, "policy_version": 0, "queue": "preference", "rank": null, "ts": "2026-10-04 13:37:56"}
[DBG] {"category": "QUEUE", "component": "queue", "event": "size_changed", "host": "d6b2a058c4be", "pid": 75141, "queue": "preference", "rank": null, "size": 13, "ts": "2026-10-04 13:37:56"}
[DBG] {"category": "QUEUE", "component": "queue", "current_version": null, "event": "BEGIN:queue_list_for_pop", "exact": false, "host": "d6b2a058c4be", "max_lag": null, "pid": 75141, "queue": "rollout", "rank": null, "requested": 1, "ts": "2026-10-04 13:37:56"}
[DBG] {"category": "QUEUE", "component": "queue", "event": "watchdog_armed", "host": "d6b2a058c4be", "pid": 75141, "rank": null, "stage": "queue_list_for_pop", "timeout_sec": 30.0, "ts": "2026-10-04 13:37:56"}
[DBG] {"category": "QUEUE", "component": "queue", "elapsed_sec": 0.001285, "event": "END:queue_list_for_pop", "host": "d6b2a058c4be", "pid": 75141, "rank": null, "ts": "2026-10-04 13:37:56"}
[DBG] {"available": 9, "category": "QUEUE", "component": "queue", "event": "pop_scan", "exact": false, "host": "d6b2a058c4be", "pid": 75141, "queue": "rollout", "rank": null, "requested": 1, "selected": 1, "stale": 0, "ts": "2026-10-04 13:37:56"}
[DBG] {"category": "QUEUE", "component": "queue", "event": "BEGIN:queue_get", "host": "d6b2a058c4be", "key": "smoke01:rollout:ac1885b037084e2e96e01c89826df7e7", "pid": 75141, "queue": "rollout", "rank": null, "ts": "2026-10-04 13:37:56"}
[DBG] {"category": "QUEUE", "component": "queue", "event": "watchdog_armed", "host": "d6b2a058c4be", "pid": 75141, "rank": null, "stage": "queue_get", "timeout_sec": 30.0, "ts": "2026-10-04 13:37:56"}
[DBG] {"category": "QUEUE", "component": "queue", "elapsed_sec": 0.024311, "event": "END:queue_get", "host": "d6b2a058c4be", "pid": 75141, "rank": null, "ts": "2026-10-04 13:37:56"}
[DBG] {"category": "QUEUE", "component": "queue", "count": 1, "event": "BEGIN:clear_popped", "host": "d6b2a058c4be", "pid": 75141, "queue": "rollout", "rank": null, "ts": "2026-10-04 13:37:56"}
[DBG] {"category": "QUEUE", "component": "queue", "event": "watchdog_armed", "host": "d6b2a058c4be", "pid": 75141, "rank": null, "stage": "clear_popped", "timeout_sec": 30.0, "ts": "2026-10-04 13:37:56"}
[DBG] {"category": "QUEUE", "component": "queue", "elapsed_sec": 0.015396, "event": "END:clear_popped", "host": "d6b2a058c4be", "pid": 75141, "rank": null, "ts": "2026-10-04 13:37:56"}
[DBG] {"category": "QUEUE", "component": "queue", "event": "pop_done", "host": "d6b2a058c4be", "pid": 75141, "queue": "rollout", "rank": null, "returned": 1, "stale": 0, "ts": "2026-10-04 13:37:56"}
[DBG] {"category": "QUEUE", "component": "queue", "event": "size_changed", "host": "d6b2a058c4be", "pid": 75141, "queue": "rollout", "rank": null, "size": 8, "ts": "2026-10-04 13:37:56"}
[DBG] {"category": "QUEUE", "component": "queue", "event": "BEGIN:queue_put", "host": "d6b2a058c4be", "item_id": "ac1885b037084e2e96e01c89826df7e7", "pid": 75141, "queue": "preference", "rank": null, "ts": "2026-10-04 13:37:57"}
[DBG] {"category": "QUEUE", "component": "queue", "event": "watchdog_armed", "host": "d6b2a058c4be", "pid": 75141, "rank": null, "stage": "queue_put", "timeout_sec": 30.0, "ts": "2026-10-04 13:37:57"}
[DBG] {"category": "QUEUE", "component": "queue", "elapsed_sec": 0.027697, "event": "END:queue_put", "host": "d6b2a058c4be", "pid": 75141, "rank": null, "ts": "2026-10-04 13:37:57"}
[DBG] {"category": "QUEUE", "component": "queue", "event": "put_done", "host": "d6b2a058c4be", "key": "smoke01:preference:ac1885b037084e2e96e01c89826df7e7", "pid": 75141, "policy_version": 0, "queue": "preference", "rank": null, "ts": "2026-10-04 13:37:57"}
[DBG] {"category": "QUEUE", "component": "queue", "event": "size_changed", "host": "d6b2a058c4be", "pid": 75141, "queue": "preference", "rank": null, "size": 14, "ts": "2026-10-04 13:37:57"}
[DBG] {"category": "QUEUE", "component": "queue", "current_version": null, "event": "BEGIN:queue_list_for_pop", "exact": false, "host": "d6b2a058c4be", "max_lag": null, "pid": 75141, "queue": "rollout", "rank": null, "requested": 1, "ts": "2026-10-04 13:37:57"}
[DBG] {"category": "QUEUE", "component": "queue", "event": "watchdog_armed", "host": "d6b2a058c4be", "pid": 75141, "rank": null, "stage": "queue_list_for_pop", "timeout_sec": 30.0, "ts": "2026-10-04 13:37:57"}
[DBG] {"category": "QUEUE", "component": "queue", "elapsed_sec": 0.00159, "event": "END:queue_list_for_pop", "host": "d6b2a058c4be", "pid": 75141, "rank": null, "ts": "2026-10-04 13:37:57"}
[DBG] {"available": 8, "category": "QUEUE", "component": "queue", "event": "pop_scan", "exact": false, "host": "d6b2a058c4be", "pid": 75141, "queue": "rollout", "rank": null, "requested": 1, "selected": 1, "stale": 0, "ts": "2026-10-04 13:37:57"}
[DBG] {"category": "QUEUE", "component": "queue", "event": "BEGIN:queue_get", "host": "d6b2a058c4be", "key": "smoke01:rollout:d3cd3b1ef39c4410a4c78b4364bc8dde", "pid": 75141, "queue": "rollout", "rank": null, "ts": "2026-10-04 13:37:57"}
[DBG] {"category": "QUEUE", "component": "queue", "event": "watchdog_armed", "host": "d6b2a058c4be", "pid": 75141, "rank": null, "stage": "queue_get", "timeout_sec": 30.0, "ts": "2026-10-04 13:37:57"}
[DBG] {"category": "QUEUE", "component": "queue", "elapsed_sec": 0.023359, "event": "END:queue_get", "host": "d6b2a058c4be", "pid": 75141, "rank": null, "ts": "2026-10-04 13:37:57"}
[DBG] {"category": "QUEUE", "component": "queue", "count": 1, "event": "BEGIN:clear_popped", "host": "d6b2a058c4be", "pid": 75141, "queue": "rollout", "rank": null, "ts": "2026-10-04 13:37:57"}
[DBG] {"category": "QUEUE", "component": "queue", "event": "watchdog_armed", "host": "d6b2a058c4be", "pid": 75141, "rank": null, "stage": "clear_popped", "timeout_sec": 30.0, "ts": "2026-10-04 13:37:57"}
[DBG] {"category": "QUEUE", "component": "queue", "elapsed_sec": 0.014219, "event": "END:clear_popped", "host": "d6b2a058c4be", "pid": 75141, "rank": null, "ts": "2026-10-04 13:37:57"}
[DBG] {"category": "QUEUE", "component": "queue", "event": "pop_done", "host": "d6b2a058c4be", "pid": 75141, "queue": "rollout", "rank": null, "returned": 1, "stale": 0, "ts": "2026-10-04 13:37:57"}
[DBG] {"category": "QUEUE", "component": "queue", "event": "size_changed", "host": "d6b2a058c4be", "pid": 75141, "queue": "rollout", "rank": null, "size": 7, "ts": "2026-10-04 13:37:57"}
[DBG] {"category": "QUEUE", "component": "queue", "event": "BEGIN:queue_put", "host": "d6b2a058c4be", "item_id": "c53ae5bf86094271b6c9be288b3571a8", "pid": 75141, "queue": "rollout", "rank": null, "ts": "2026-10-04 13:37:57"}
[DBG] {"category": "QUEUE", "component": "queue", "event": "watchdog_armed", "host": "d6b2a058c4be", "pid": 75141, "rank": null, "stage": "queue_put", "timeout_sec": 30.0, "ts": "2026-10-04 13:37:57"}
[DBG] {"category": "QUEUE", "component": "queue", "elapsed_sec": 0.027622, "event": "END:queue_put", "host": "d6b2a058c4be", "pid": 75141, "rank": null, "ts": "2026-10-04 13:37:57"}
[DBG] {"category": "QUEUE", "component": "queue", "event": "put_done", "host": "d6b2a058c4be", "key": "smoke01:rollout:c53ae5bf86094271b6c9be288b3571a8", "pid": 75141, "policy_version": 0, "queue": "rollout", "rank": null, "ts": "2026-10-04 13:37:57"}
[DBG] {"category": "QUEUE", "component": "queue", "event": "BEGIN:queue_put", "host": "d6b2a058c4be", "item_id": "32cf85928da448a492c95174d22b537f", "pid": 75141, "queue": "rollout", "rank": null, "ts": "2026-10-04 13:37:57"}
[DBG] {"category": "QUEUE", "component": "queue", "event": "watchdog_armed", "host": "d6b2a058c4be", "pid": 75141, "rank": null, "stage": "queue_put", "timeout_sec": 30.0, "ts": "2026-10-04 13:37:57"}
[DBG] {"category": "QUEUE", "component": "queue", "elapsed_sec": 0.027001, "event": "END:queue_put", "host": "d6b2a058c4be", "pid": 75141, "rank": null, "ts": "2026-10-04 13:37:57"}
[DBG] {"category": "QUEUE", "component": "queue", "event": "put_done", "host": "d6b2a058c4be", "key": "smoke01:rollout:32cf85928da448a492c95174d22b537f", "pid": 75141, "policy_version": 0, "queue": "rollout", "rank": null, "ts": "2026-10-04 13:37:57"}
[DBG] {"category": "QUEUE", "component": "queue", "event": "size_changed", "host": "d6b2a058c4be", "pid": 75141, "queue": "rollout", "rank": null, "size": 9, "ts": "2026-10-04 13:37:57"}
[DBG] {"category": "QUEUE", "component": "queue", "event": "BEGIN:queue_put", "host": "d6b2a058c4be", "item_id": "d3cd3b1ef39c4410a4c78b4364bc8dde", "pid": 75141, "queue": "preference", "rank": null, "ts": "2026-10-04 13:37:58"}
[DBG] {"category": "QUEUE", "component": "queue", "event": "watchdog_armed", "host": "d6b2a058c4be", "pid": 75141, "rank": null, "stage": "queue_put", "timeout_sec": 30.0, "ts": "2026-10-04 13:37:58"}
[DBG] {"category": "QUEUE", "component": "queue", "elapsed_sec": 0.026968, "event": "END:queue_put", "host": "d6b2a058c4be", "pid": 75141, "rank": null, "ts": "2026-10-04 13:37:58"}
[DBG] {"category": "QUEUE", "component": "queue", "event": "put_done", "host": "d6b2a058c4be", "key": "smoke01:preference:d3cd3b1ef39c4410a4c78b4364bc8dde", "pid": 75141, "policy_version": 0, "queue": "preference", "rank": null, "ts": "2026-10-04 13:37:58"}
[DBG] {"category": "QUEUE", "component": "queue", "event": "size_changed", "host": "d6b2a058c4be", "pid": 75141, "queue": "preference", "rank": null, "size": 15, "ts": "2026-10-04 13:37:58"}
[DBG] {"category": "QUEUE", "component": "queue", "current_version": null, "event": "BEGIN:queue_list_for_pop", "exact": false, "host": "d6b2a058c4be", "max_lag": null, "pid": 75141, "queue": "rollout", "rank": null, "requested": 1, "ts": "2026-10-04 13:37:58"}
[DBG] {"category": "QUEUE", "component": "queue", "event": "watchdog_armed", "host": "d6b2a058c4be", "pid": 75141, "rank": null, "stage": "queue_list_for_pop", "timeout_sec": 30.0, "ts": "2026-10-04 13:37:58"}
[DBG] {"category": "QUEUE", "component": "queue", "elapsed_sec": 0.001377, "event": "END:queue_list_for_pop", "host": "d6b2a058c4be", "pid": 75141, "rank": null, "ts": "2026-10-04 13:37:58"}
[DBG] {"available": 9, "category": "QUEUE", "component": "queue", "event": "pop_scan", "exact": false, "host": "d6b2a058c4be", "pid": 75141, "queue": "rollout", "rank": null, "requested": 1, "selected": 1, "stale": 0, "ts": "2026-10-04 13:37:58"}
[DBG] {"category": "QUEUE", "component": "queue", "event": "BEGIN:queue_get", "host": "d6b2a058c4be", "key": "smoke01:rollout:c2a80dedd6824df595d466ae5ce745e8", "pid": 75141, "queue": "rollout", "rank": null, "ts": "2026-10-04 13:37:58"}
[DBG] {"category": "QUEUE", "component": "queue", "event": "watchdog_armed", "host": "d6b2a058c4be", "pid": 75141, "rank": null, "stage": "queue_get", "timeout_sec": 30.0, "ts": "2026-10-04 13:37:58"}
[DBG] {"category": "QUEUE", "component": "queue", "elapsed_sec": 0.025564, "event": "END:queue_get", "host": "d6b2a058c4be", "pid": 75141, "rank": null, "ts": "2026-10-04 13:37:58"}
[DBG] {"category": "QUEUE", "component": "queue", "count": 1, "event": "BEGIN:clear_popped", "host": "d6b2a058c4be", "pid": 75141, "queue": "rollout", "rank": null, "ts": "2026-10-04 13:37:58"}
[DBG] {"category": "QUEUE", "component": "queue", "event": "watchdog_armed", "host": "d6b2a058c4be", "pid": 75141, "rank": null, "stage": "clear_popped", "timeout_sec": 30.0, "ts": "2026-10-04 13:37:58"}
[DBG] {"category": "QUEUE", "component": "queue", "elapsed_sec": 0.018461, "event": "END:clear_popped", "host": "d6b2a058c4be", "pid": 75141, "rank": null, "ts": "2026-10-04 13:37:58"}
[DBG] {"category": "QUEUE", "component": "queue", "event": "pop_done", "host": "d6b2a058c4be", "pid": 75141, "queue": "rollout", "rank": null, "returned": 1, "stale": 0, "ts": "2026-10-04 13:37:58"}
[DBG] {"category": "QUEUE", "component": "queue", "event": "size_changed", "host": "d6b2a058c4be", "pid": 75141, "queue": "rollout", "rank": null, "size": 8, "ts": "2026-10-04 13:37:58"}
[DBG] {"category": "QUEUE", "component": "queue", "event": "BEGIN:queue_put", "host": "d6b2a058c4be", "item_id": "c2a80dedd6824df595d466ae5ce745e8", "pid": 75141, "queue": "preference", "rank": null, "ts": "2026-10-04 13:37:59"}
[DBG] {"category": "QUEUE", "component": "queue", "event": "watchdog_armed", "host": "d6b2a058c4be", "pid": 75141, "rank": null, "stage": "queue_put", "timeout_sec": 30.0, "ts": "2026-10-04 13:37:59"}
[DBG] {"category": "QUEUE", "component": "queue", "elapsed_sec": 0.027733, "event": "END:queue_put", "host": "d6b2a058c4be", "pid": 75141, "rank": null, "ts": "2026-10-04 13:37:59"}
[DBG] {"category": "QUEUE", "component": "queue", "event": "put_done", "host": "d6b2a058c4be", "key": "smoke01:preference:c2a80dedd6824df595d466ae5ce745e8", "pid": 75141, "policy_version": 0, "queue": "preference", "rank": null, "ts": "2026-10-04 13:37:59"}
[DBG] {"category": "QUEUE", "component": "queue", "event": "size_changed", "host": "d6b2a058c4be", "pid": 75141, "queue": "preference", "rank": null, "size": 16, "ts": "2026-10-04 13:37:59"}
[DBG] {"category": "QUEUE", "component": "queue", "current_version": null, "event": "BEGIN:queue_list_for_pop", "exact": false, "host": "d6b2a058c4be", "max_lag": null, "pid": 75141, "queue": "rollout", "rank": null, "requested": 1, "ts": "2026-10-04 13:37:59"}
[DBG] {"category": "QUEUE", "component": "queue", "event": "watchdog_armed", "host": "d6b2a058c4be", "pid": 75141, "rank": null, "stage": "queue_list_for_pop", "timeout_sec": 30.0, "ts": "2026-10-04 13:37:59"}
[DBG] {"category": "QUEUE", "component": "queue", "elapsed_sec": 0.001606, "event": "END:queue_list_for_pop", "host": "d6b2a058c4be", "pid": 75141, "rank": null, "ts": "2026-10-04 13:37:59"}
[DBG] {"available": 8, "category": "QUEUE", "component": "queue", "event": "pop_scan", "exact": false, "host": "d6b2a058c4be", "pid": 75141, "queue": "rollout", "rank": null, "requested": 1, "selected": 1, "stale": 0, "ts": "2026-10-04 13:37:59"}
[DBG] {"category": "QUEUE", "component": "queue", "event": "BEGIN:queue_get", "host": "d6b2a058c4be", "key": "smoke01:rollout:d230f6edc0d54702999a3dcf68fffdcc", "pid": 75141, "queue": "rollout", "rank": null, "ts": "2026-10-04 13:37:59"}
[DBG] {"category": "QUEUE", "component": "queue", "event": "watchdog_armed", "host": "d6b2a058c4be", "pid": 75141, "rank": null, "stage": "queue_get", "timeout_sec": 30.0, "ts": "2026-10-04 13:37:59"}
[DBG] {"category": "QUEUE", "component": "queue", "elapsed_sec": 0.024022, "event": "END:queue_get", "host": "d6b2a058c4be", "pid": 75141, "rank": null, "ts": "2026-10-04 13:37:59"}
[DBG] {"category": "QUEUE", "component": "queue", "count": 1, "event": "BEGIN:clear_popped", "host": "d6b2a058c4be", "pid": 75141, "queue": "rollout", "rank": null, "ts": "2026-10-04 13:37:59"}
[DBG] {"category": "QUEUE", "component": "queue", "event": "watchdog_armed", "host": "d6b2a058c4be", "pid": 75141, "rank": null, "stage": "clear_popped", "timeout_sec": 30.0, "ts": "2026-10-04 13:37:59"}
[DBG] {"category": "QUEUE", "component": "queue", "elapsed_sec": 0.015802, "event": "END:clear_popped", "host": "d6b2a058c4be", "pid": 75141, "rank": null, "ts": "2026-10-04 13:37:59"}
[DBG] {"category": "QUEUE", "component": "queue", "event": "pop_done", "host": "d6b2a058c4be", "pid": 75141, "queue": "rollout", "rank": null, "returned": 1, "stale": 0, "ts": "2026-10-04 13:37:59"}
[DBG] {"category": "QUEUE", "component": "queue", "event": "size_changed", "host": "d6b2a058c4be", "pid": 75141, "queue": "rollout", "rank": null, "size": 7, "ts": "2026-10-04 13:37:59"}
[DBG] {"category": "QUEUE", "component": "queue", "event": "BEGIN:queue_put", "host": "d6b2a058c4be", "item_id": "cd79e29b4e43468db0dc3ff110086dd6", "pid": 75141, "queue": "rollout", "rank": null, "ts": "2026-10-04 13:37:59"}
[DBG] {"category": "QUEUE", "component": "queue", "event": "watchdog_armed", "host": "d6b2a058c4be", "pid": 75141, "rank": null, "stage": "queue_put", "timeout_sec": 30.0, "ts": "2026-10-04 13:37:59"}
[DBG] {"category": "QUEUE", "component": "queue", "elapsed_sec": 0.028581, "event": "END:queue_put", "host": "d6b2a058c4be", "pid": 75141, "rank": null, "ts": "2026-10-04 13:38:00"}
[DBG] {"category": "QUEUE", "component": "queue", "event": "put_done", "host": "d6b2a058c4be", "key": "smoke01:rollout:cd79e29b4e43468db0dc3ff110086dd6", "pid": 75141, "policy_version": 0, "queue": "rollout", "rank": null, "ts": "2026-10-04 13:38:00"}
[DBG] {"category": "QUEUE", "component": "queue", "event": "BEGIN:queue_put", "host": "d6b2a058c4be", "item_id": "10fa28ddba784bbda11ee0be7eeec648", "pid": 75141, "queue": "rollout", "rank": null, "ts": "2026-10-04 13:38:00"}
[DBG] {"category": "QUEUE", "component": "queue", "event": "watchdog_armed", "host": "d6b2a058c4be", "pid": 75141, "rank": null, "stage": "queue_put", "timeout_sec": 30.0, "ts": "2026-10-04 13:38:00"}
[DBG] {"category": "QUEUE", "component": "queue", "elapsed_sec": 0.026979, "event": "END:queue_put", "host": "d6b2a058c4be", "pid": 75141, "rank": null, "ts": "2026-10-04 13:38:00"}
[DBG] {"category": "QUEUE", "component": "queue", "event": "put_done", "host": "d6b2a058c4be", "key": "smoke01:rollout:10fa28ddba784bbda11ee0be7eeec648", "pid": 75141, "policy_version": 0, "queue": "rollout", "rank": null, "ts": "2026-10-04 13:38:00"}
[DBG] {"category": "QUEUE", "component": "queue", "event": "size_changed", "host": "d6b2a058c4be", "pid": 75141, "queue": "rollout", "rank": null, "size": 9, "ts": "2026-10-04 13:38:00"}
[DBG] {"category": "QUEUE", "component": "queue", "event": "BEGIN:queue_put", "host": "d6b2a058c4be", "item_id": "d230f6edc0d54702999a3dcf68fffdcc", "pid": 75141, "queue": "preference", "rank": null, "ts": "2026-10-04 13:38:00"}
[DBG] {"category": "QUEUE", "component": "queue", "event": "watchdog_armed", "host": "d6b2a058c4be", "pid": 75141, "rank": null, "stage": "queue_put", "timeout_sec": 30.0, "ts": "2026-10-04 13:38:00"}
[DBG] {"category": "QUEUE", "component": "queue", "elapsed_sec": 0.027298, "event": "END:queue_put", "host": "d6b2a058c4be", "pid": 75141, "rank": null, "ts": "2026-10-04 13:38:00"}
[DBG] {"category": "QUEUE", "component": "queue", "event": "put_done", "host": "d6b2a058c4be", "key": "smoke01:preference:d230f6edc0d54702999a3dcf68fffdcc", "pid": 75141, "policy_version": 0, "queue": "preference", "rank": null, "ts": "2026-10-04 13:38:00"}
[DBG] {"category": "QUEUE", "component": "queue", "event": "size_changed", "host": "d6b2a058c4be", "pid": 75141, "queue": "preference", "rank": null, "size": 17, "ts": "2026-10-04 13:38:00"}
[DBG] {"category": "QUEUE", "component": "queue", "current_version": null, "event": "BEGIN:queue_list_for_pop", "exact": false, "host": "d6b2a058c4be", "max_lag": null, "pid": 75141, "queue": "rollout", "rank": null, "requested": 1, "ts": "2026-10-04 13:38:00"}
[DBG] {"category": "QUEUE", "component": "queue", "event": "watchdog_armed", "host": "d6b2a058c4be", "pid": 75141, "rank": null, "stage": "queue_list_for_pop", "timeout_sec": 30.0, "ts": "2026-10-04 13:38:00"}
[DBG] {"category": "QUEUE", "component": "queue", "elapsed_sec": 0.001905, "event": "END:queue_list_for_pop", "host": "d6b2a058c4be", "pid": 75141, "rank": null, "ts": "2026-10-04 13:38:00"}
[DBG] {"available": 9, "category": "QUEUE", "component": "queue", "event": "pop_scan", "exact": false, "host": "d6b2a058c4be", "pid": 75141, "queue": "rollout", "rank": null, "requested": 1, "selected": 1, "stale": 0, "ts": "2026-10-04 13:38:00"}
[DBG] {"category": "QUEUE", "component": "queue", "event": "BEGIN:queue_get", "host": "d6b2a058c4be", "key": "smoke01:rollout:ccbbb36341b541618879292d0c2fe4af", "pid": 75141, "queue": "rollout", "rank": null, "ts": "2026-10-04 13:38:00"}
[DBG] {"category": "QUEUE", "component": "queue", "event": "watchdog_armed", "host": "d6b2a058c4be", "pid": 75141, "rank": null, "stage": "queue_get", "timeout_sec": 30.0, "ts": "2026-10-04 13:38:00"}
[DBG] {"category": "QUEUE", "component": "queue", "elapsed_sec": 0.024285, "event": "END:queue_get", "host": "d6b2a058c4be", "pid": 75141, "rank": null, "ts": "2026-10-04 13:38:00"}
[DBG] {"category": "QUEUE", "component": "queue", "count": 1, "event": "BEGIN:clear_popped", "host": "d6b2a058c4be", "pid": 75141, "queue": "rollout", "rank": null, "ts": "2026-10-04 13:38:00"}
[DBG] {"category": "QUEUE", "component": "queue", "event": "watchdog_armed", "host": "d6b2a058c4be", "pid": 75141, "rank": null, "stage": "clear_popped", "timeout_sec": 30.0, "ts": "2026-10-04 13:38:00"}
[DBG] {"category": "QUEUE", "component": "queue", "elapsed_sec": 0.01551, "event": "END:clear_popped", "host": "d6b2a058c4be", "pid": 75141, "rank": null, "ts": "2026-10-04 13:38:00"}
[DBG] {"category": "QUEUE", "component": "queue", "event": "pop_done", "host": "d6b2a058c4be", "pid": 75141, "queue": "rollout", "rank": null, "returned": 1, "stale": 0, "ts": "2026-10-04 13:38:00"}
[DBG] {"category": "QUEUE", "component": "queue", "event": "size_changed", "host": "d6b2a058c4be", "pid": 75141, "queue": "rollout", "rank": null, "size": 8, "ts": "2026-10-04 13:38:00"}
