[DBG] {"category": "QUEUE", "component": "queue", "event": "BEGIN:transfer_queue_init", "host": "d6b2a058c4be", "pid": 183871, "rank": null, "run_id": "smoke01", "ts": "2026-10-04 16:00:39"}
[DBG] {"category": "QUEUE", "component": "queue", "event": "watchdog_armed", "host": "d6b2a058c4be", "pid": 183871, "rank": null, "stage": "transfer_queue_init", "timeout_sec": 30.0, "ts": "2026-10-04 16:00:39"}
[DBG] {"category": "QUEUE", "component": "queue", "elapsed_sec": 7.783131, "event": "END:transfer_queue_init", "host": "d6b2a058c4be", "pid": 183871, "rank": null, "ts": "2026-10-04 16:00:47"}
[DBG] {"category": "QUEUE", "component": "queue", "event": "broker_ready", "host": "d6b2a058c4be", "pid": 183871, "queues": {"preference": "preference", "rollout": "rollout"}, "rank": null, "ts": "2026-10-04 16:00:47"}
[DBG] {"category": "QUEUE", "component": "queue", "current_version": null, "event": "BEGIN:queue_list_for_pop", "exact": false, "host": "d6b2a058c4be", "max_lag": null, "pid": 183871, "queue": "rollout", "rank": null, "requested": 1, "ts": "2026-10-04 16:01:28"}
[DBG] {"category": "QUEUE", "component": "queue", "event": "watchdog_armed", "host": "d6b2a058c4be", "pid": 183871, "rank": null, "stage": "queue_list_for_pop", "timeout_sec": 30.0, "ts": "2026-10-04 16:01:28"}
[DBG] {"category": "QUEUE", "component": "queue", "elapsed_sec": 0.003948, "event": "END:queue_list_for_pop", "host": "d6b2a058c4be", "pid": 183871, "rank": null, "ts": "2026-10-04 16:01:28"}
[DBG] {"available": 0, "category": "QUEUE", "component": "queue", "event": "pop_scan", "exact": false, "host": "d6b2a058c4be", "pid": 183871, "queue": "rollout", "rank": null, "requested": 1, "selected": 0, "selected_keys": [], "stale": 0, "stale_keys": [], "ts": "2026-10-04 16:01:28"}
[DBG] {"category": "QUEUE", "component": "queue", "event": "pop_done", "host": "d6b2a058c4be", "item_ids": [], "pid": 183871, "queue": "rollout", "rank": null, "remaining": 0, "returned": 0, "stale": 0, "ts": "2026-10-04 16:01:28"}
[DBG] {"category": "QUEUE", "component": "queue", "event": "size_changed", "host": "d6b2a058c4be", "pid": 183871, "queue": "rollout", "rank": null, "size": 0, "ts": "2026-10-04 16:01:28"}
[DBG] {"category": "QUEUE", "component": "queue", "current_version": null, "event": "BEGIN:queue_list_for_pop", "exact": false, "host": "d6b2a058c4be", "max_lag": null, "pid": 183871, "queue": "rollout", "rank": null, "requested": 1, "ts": "2026-10-04 16:01:28"}
[DBG] {"category": "QUEUE", "component": "queue", "event": "watchdog_armed", "host": "d6b2a058c4be", "pid": 183871, "rank": null, "stage": "queue_list_for_pop", "timeout_sec": 30.0, "ts": "2026-10-04 16:01:28"}
[DBG] {"category": "QUEUE", "component": "queue", "elapsed_sec": 0.002149, "event": "END:queue_list_for_pop", "host": "d6b2a058c4be", "pid": 183871, "rank": null, "ts": "2026-10-04 16:01:28"}
[DBG] {"available": 0, "category": "QUEUE", "component": "queue", "event": "pop_scan", "exact": false, "host": "d6b2a058c4be", "pid": 183871, "queue": "rollout", "rank": null, "requested": 1, "selected": 0, "selected_keys": [], "stale": 0, "stale_keys": [], "ts": "2026-10-04 16:01:28"}
[DBG] {"category": "QUEUE", "component": "queue", "event": "pop_done", "host": "d6b2a058c4be", "item_ids": [], "pid": 183871, "queue": "rollout", "rank": null, "remaining": 0, "returned": 0, "stale": 0, "ts": "2026-10-04 16:01:28"}
[DBG] {"category": "QUEUE", "component": "queue", "current_version": null, "event": "BEGIN:queue_list_for_pop", "exact": false, "host": "d6b2a058c4be", "max_lag": null, "pid": 183871, "queue": "rollout", "rank": null, "requested": 1, "ts": "2026-10-04 16:01:28"}
[DBG] {"category": "QUEUE", "component": "queue", "event": "watchdog_armed", "host": "d6b2a058c4be", "pid": 183871, "rank": null, "stage": "queue_list_for_pop", "timeout_sec": 30.0, "ts": "2026-10-04 16:01:28"}
[DBG] {"category": "QUEUE", "component": "queue", "elapsed_sec": 0.001991, "event": "END:queue_list_for_pop", "host": "d6b2a058c4be", "pid": 183871, "rank": null, "ts": "2026-10-04 16:01:28"}
[DBG] {"available": 0, "category": "QUEUE", "component": "queue", "event": "pop_scan", "exact": false, "host": "d6b2a058c4be", "pid": 183871, "queue": "rollout", "rank": null, "requested": 1, "selected": 0, "selected_keys": [], "stale": 0, "stale_keys": [], "ts": "2026-10-04 16:01:28"}
[DBG] {"category": "QUEUE", "component": "queue", "event": "pop_done", "host": "d6b2a058c4be", "item_ids": [], "pid": 183871, "queue": "rollout", "rank": null, "remaining": 0, "returned": 0, "stale": 0, "ts": "2026-10-04 16:01:28"}
[DBG] {"category": "QUEUE", "component": "queue", "current_version": null, "event": "BEGIN:queue_list_for_pop", "exact": false, "host": "d6b2a058c4be", "max_lag": null, "pid": 183871, "queue": "rollout", "rank": null, "requested": 1, "ts": "2026-10-04 16:01:28"}
[DBG] {"category": "QUEUE", "component": "queue", "event": "watchdog_armed", "host": "d6b2a058c4be", "pid": 183871, "rank": null, "stage": "queue_list_for_pop", "timeout_sec": 30.0, "ts": "2026-10-04 16:01:28"}
[DBG] {"category": "QUEUE", "component": "queue", "elapsed_sec": 0.001907, "event": "END:queue_list_for_pop", "host": "d6b2a058c4be", "pid": 183871, "rank": null, "ts": "2026-10-04 16:01:28"}
[DBG] {"available": 0, "category": "QUEUE", "component": "queue", "event": "pop_scan", "exact": false, "host": "d6b2a058c4be", "pid": 183871, "queue": "rollout", "rank": null, "requested": 1, "selected": 0, "selected_keys": [], "stale": 0, "stale_keys": [], "ts": "2026-10-04 16:01:28"}
[DBG] {"category": "QUEUE", "component": "queue", "event": "pop_done", "host": "d6b2a058c4be", "item_ids": [], "pid": 183871, "queue": "rollout", "rank": null, "remaining": 0, "returned": 0, "stale": 0, "ts": "2026-10-04 16:01:28"}
[DBG] {"category": "QUEUE", "component": "queue", "current_version": null, "event": "BEGIN:queue_list_for_pop", "exact": false, "host": "d6b2a058c4be", "max_lag": null, "pid": 183871, "queue": "rollout", "rank": null, "requested": 1, "ts": "2026-10-04 16:01:28"}
[DBG] {"category": "QUEUE", "component": "queue", "event": "watchdog_armed", "host": "d6b2a058c4be", "pid": 183871, "rank": null, "stage": "queue_list_for_pop", "timeout_sec": 30.0, "ts": "2026-10-04 16:01:28"}
[DBG] {"category": "QUEUE", "component": "queue", "elapsed_sec": 0.001678, "event": "END:queue_list_for_pop", "host": "d6b2a058c4be", "pid": 183871, "rank": null, "ts": "2026-10-04 16:01:28"}
[DBG] {"available": 0, "category": "QUEUE", "component": "queue", "event": "pop_scan", "exact": false, "host": "d6b2a058c4be", "pid": 183871, "queue": "rollout", "rank": null, "requested": 1, "selected": 0, "selected_keys": [], "stale": 0, "stale_keys": [], "ts": "2026-10-04 16:01:28"}
[DBG] {"category": "QUEUE", "component": "queue", "event": "pop_done", "host": "d6b2a058c4be", "item_ids": [], "pid": 183871, "queue": "rollout", "rank": null, "remaining": 0, "returned": 0, "stale": 0, "ts": "2026-10-04 16:01:28"}
[DBG] {"category": "QUEUE", "component": "queue", "current_version": null, "event": "BEGIN:queue_list_for_pop", "exact": false, "host": "d6b2a058c4be", "max_lag": null, "pid": 183871, "queue": "rollout", "rank": null, "requested": 1, "ts": "2026-10-04 16:01:29"}
[DBG] {"category": "QUEUE", "component": "queue", "event": "watchdog_armed", "host": "d6b2a058c4be", "pid": 183871, "rank": null, "stage": "queue_list_for_pop", "timeout_sec": 30.0, "ts": "2026-10-04 16:01:29"}
[DBG] {"category": "QUEUE", "component": "queue", "elapsed_sec": 0.001372, "event": "END:queue_list_for_pop", "host": "d6b2a058c4be", "pid": 183871, "rank": null, "ts": "2026-10-04 16:01:29"}
[DBG] {"available": 0, "category": "QUEUE", "component": "queue", "event": "pop_scan", "exact": false, "host": "d6b2a058c4be", "pid": 183871, "queue": "rollout", "rank": null, "requested": 1, "selected": 0, "selected_keys": [], "stale": 0, "stale_keys": [], "ts": "2026-10-04 16:01:29"}
[DBG] {"category": "QUEUE", "component": "queue", "event": "pop_done", "host": "d6b2a058c4be", "item_ids": [], "pid": 183871, "queue": "rollout", "rank": null, "remaining": 0, "returned": 0, "stale": 0, "ts": "2026-10-04 16:01:29"}
[DBG] {"category": "QUEUE", "component": "queue", "current_version": null, "event": "BEGIN:queue_list_for_pop", "exact": false, "host": "d6b2a058c4be", "max_lag": null, "pid": 183871, "queue": "rollout", "rank": null, "requested": 1, "ts": "2026-10-04 16:01:29"}
[DBG] {"category": "QUEUE", "component": "queue", "event": "watchdog_armed", "host": "d6b2a058c4be", "pid": 183871, "rank": null, "stage": "queue_list_for_pop", "timeout_sec": 30.0, "ts": "2026-10-04 16:01:29"}
[DBG] {"category": "QUEUE", "component": "queue", "elapsed_sec": 0.001271, "event": "END:queue_list_for_pop", "host": "d6b2a058c4be", "pid": 183871, "rank": null, "ts": "2026-10-04 16:01:29"}
[DBG] {"available": 0, "category": "QUEUE", "component": "queue", "event": "pop_scan", "exact": false, "host": "d6b2a058c4be", "pid": 183871, "queue": "rollout", "rank": null, "requested": 1, "selected": 0, "selected_keys": [], "stale": 0, "stale_keys": [], "ts": "2026-10-04 16:01:29"}
[DBG] {"category": "QUEUE", "component": "queue", "event": "pop_done", "host": "d6b2a058c4be", "item_ids": [], "pid": 183871, "queue": "rollout", "rank": null, "remaining": 0, "returned": 0, "stale": 0, "ts": "2026-10-04 16:01:29"}
[DBG] {"category": "QUEUE", "component": "queue", "current_version": null, "event": "BEGIN:queue_list_for_pop", "exact": false, "host": "d6b2a058c4be", "max_lag": null, "pid": 183871, "queue": "rollout", "rank": null, "requested": 1, "ts": "2026-10-04 16:01:29"}
[DBG] {"category": "QUEUE", "component": "queue", "event": "watchdog_armed", "host": "d6b2a058c4be", "pid": 183871, "rank": null, "stage": "queue_list_for_pop", "timeout_sec": 30.0, "ts": "2026-10-04 16:01:29"}
[DBG] {"category": "QUEUE", "component": "queue", "elapsed_sec": 0.002352, "event": "END:queue_list_for_pop", "host": "d6b2a058c4be", "pid": 183871, "rank": null, "ts": "2026-10-04 16:01:29"}
[DBG] {"available": 0, "category": "QUEUE", "component": "queue", "event": "pop_scan", "exact": false, "host": "d6b2a058c4be", "pid": 183871, "queue": "rollout", "rank": null, "requested": 1, "selected": 0, "selected_keys": [], "stale": 0, "stale_keys": [], "ts": "2026-10-04 16:01:29"}
[DBG] {"category": "QUEUE", "component": "queue", "event": "pop_done", "host": "d6b2a058c4be", "item_ids": [], "pid": 183871, "queue": "rollout", "rank": null, "remaining": 0, "returned": 0, "stale": 0, "ts": "2026-10-04 16:01:29"}
[DBG] {"category": "QUEUE", "component": "queue", "current_version": null, "event": "BEGIN:queue_list_for_pop", "exact": false, "host": "d6b2a058c4be", "max_lag": null, "pid": 183871, "queue": "rollout", "rank": null, "requested": 1, "ts": "2026-10-04 16:01:29"}
[DBG] {"category": "QUEUE", "component": "queue", "event": "watchdog_armed", "host": "d6b2a058c4be", "pid": 183871, "rank": null, "stage": "queue_list_for_pop", "timeout_sec": 30.0, "ts": "2026-10-04 16:01:29"}
[DBG] {"category": "QUEUE", "component": "queue", "elapsed_sec": 0.00203, "event": "END:queue_list_for_pop", "host": "d6b2a058c4be", "pid": 183871, "rank": null, "ts": "2026-10-04 16:01:29"}
[DBG] {"available": 0, "category": "QUEUE", "component": "queue", "event": "pop_scan", "exact": false, "host": "d6b2a058c4be", "pid": 183871, "queue": "rollout", "rank": null, "requested": 1, "selected": 0, "selected_keys": [], "stale": 0, "stale_keys": [], "ts": "2026-10-04 16:01:29"}
[DBG] {"category": "QUEUE", "component": "queue", "event": "pop_done", "host": "d6b2a058c4be", "item_ids": [], "pid": 183871, "queue": "rollout", "rank": null, "remaining": 0, "returned": 0, "stale": 0, "ts": "2026-10-04 16:01:29"}
[DBG] {"category": "QUEUE", "component": "queue", "current_version": null, "event": "BEGIN:queue_list_for_pop", "exact": false, "host": "d6b2a058c4be", "max_lag": null, "pid": 183871, "queue": "rollout", "rank": null, "requested": 1, "ts": "2026-10-04 16:01:29"}
[DBG] {"category": "QUEUE", "component": "queue", "event": "watchdog_armed", "host": "d6b2a058c4be", "pid": 183871, "rank": null, "stage": "queue_list_for_pop", "timeout_sec": 30.0, "ts": "2026-10-04 16:01:29"}
[DBG] {"category": "QUEUE", "component": "queue", "elapsed_sec": 0.001877, "event": "END:queue_list_for_pop", "host": "d6b2a058c4be", "pid": 183871, "rank": null, "ts": "2026-10-04 16:01:29"}
[DBG] {"available": 0, "category": "QUEUE", "component": "queue", "event": "pop_scan", "exact": false, "host": "d6b2a058c4be", "pid": 183871, "queue": "rollout", "rank": null, "requested": 1, "selected": 0, "selected_keys": [], "stale": 0, "stale_keys": [], "ts": "2026-10-04 16:01:29"}
[DBG] {"category": "QUEUE", "component": "queue", "event": "pop_done", "host": "d6b2a058c4be", "item_ids": [], "pid": 183871, "queue": "rollout", "rank": null, "remaining": 0, "returned": 0, "stale": 0, "ts": "2026-10-04 16:01:29"}
[DBG] {"category": "QUEUE", "component": "queue", "current_version": null, "event": "BEGIN:queue_list_for_pop", "exact": false, "host": "d6b2a058c4be", "max_lag": null, "pid": 183871, "queue": "rollout", "rank": null, "requested": 1, "ts": "2026-10-04 16:01:30"}
[DBG] {"category": "QUEUE", "component": "queue", "event": "watchdog_armed", "host": "d6b2a058c4be", "pid": 183871, "rank": null, "stage": "queue_list_for_pop", "timeout_sec": 30.0, "ts": "2026-10-04 16:01:30"}
[DBG] {"category": "QUEUE", "component": "queue", "elapsed_sec": 0.002112, "event": "END:queue_list_for_pop", "host": "d6b2a058c4be", "pid": 183871, "rank": null, "ts": "2026-10-04 16:01:30"}
[DBG] {"available": 0, "category": "QUEUE", "component": "queue", "event": "pop_scan", "exact": false, "host": "d6b2a058c4be", "pid": 183871, "queue": "rollout", "rank": null, "requested": 1, "selected": 0, "selected_keys": [], "stale": 0, "stale_keys": [], "ts": "2026-10-04 16:01:30"}
[DBG] {"category": "QUEUE", "component": "queue", "event": "pop_done", "host": "d6b2a058c4be", "item_ids": [], "pid": 183871, "queue": "rollout", "rank": null, "remaining": 0, "returned": 0, "stale": 0, "ts": "2026-10-04 16:01:30"}
[DBG] {"category": "QUEUE", "component": "queue", "event": "put_prepare", "host": "d6b2a058c4be", "item_id": "133d1baed9da44bebb1ac99487621d21", "partition": "smoke01:rollout", "payload_bytes": 2076, "pid": 183871, "policy_version": 0, "queue": "rollout", "rank": null, "ts": "2026-10-04 16:01:30"}
[DBG] {"category": "QUEUE", "component": "queue", "event": "BEGIN:queue_put", "host": "d6b2a058c4be", "item_id": "133d1baed9da44bebb1ac99487621d21", "pid": 183871, "queue": "rollout", "rank": null, "ts": "2026-10-04 16:01:30"}
[DBG] {"category": "QUEUE", "component": "queue", "event": "watchdog_armed", "host": "d6b2a058c4be", "pid": 183871, "rank": null, "stage": "queue_put", "timeout_sec": 30.0, "ts": "2026-10-04 16:01:30"}
[DBG] {"category": "QUEUE", "component": "queue", "elapsed_sec": 0.017194, "event": "END:queue_put", "host": "d6b2a058c4be", "pid": 183871, "rank": null, "ts": "2026-10-04 16:01:30"}
[DBG] {"category": "QUEUE", "component": "queue", "event": "put_done", "host": "d6b2a058c4be", "key": "smoke01:rollout:133d1baed9da44bebb1ac99487621d21", "pid": 183871, "policy_version": 0, "queue": "rollout", "rank": null, "ts": "2026-10-04 16:01:30"}
[DBG] {"category": "QUEUE", "component": "queue", "current_version": null, "event": "BEGIN:queue_list_for_pop", "exact": false, "host": "d6b2a058c4be", "max_lag": null, "pid": 183871, "queue": "rollout", "rank": null, "requested": 1, "ts": "2026-10-04 16:01:30"}
[DBG] {"category": "QUEUE", "component": "queue", "event": "watchdog_armed", "host": "d6b2a058c4be", "pid": 183871, "rank": null, "stage": "queue_list_for_pop", "timeout_sec": 30.0, "ts": "2026-10-04 16:01:30"}
[DBG] {"category": "QUEUE", "component": "queue", "elapsed_sec": 0.001157, "event": "END:queue_list_for_pop", "host": "d6b2a058c4be", "pid": 183871, "rank": null, "ts": "2026-10-04 16:01:30"}
[DBG] {"available": 1, "category": "QUEUE", "component": "queue", "event": "pop_scan", "exact": false, "host": "d6b2a058c4be", "pid": 183871, "queue": "rollout", "rank": null, "requested": 1, "selected": 1, "selected_keys": ["smoke01:rollout:133d1baed9da44bebb1ac99487621d21"], "stale": 0, "stale_keys": [], "ts": "2026-10-04 16:01:30"}
[DBG] {"category": "QUEUE", "component": "queue", "event": "BEGIN:queue_get", "host": "d6b2a058c4be", "key": "smoke01:rollout:133d1baed9da44bebb1ac99487621d21", "pid": 183871, "queue": "rollout", "rank": null, "ts": "2026-10-04 16:01:30"}
[DBG] {"category": "QUEUE", "component": "queue", "event": "watchdog_armed", "host": "d6b2a058c4be", "pid": 183871, "rank": null, "stage": "queue_get", "timeout_sec": 30.0, "ts": "2026-10-04 16:01:30"}
[DBG] {"category": "QUEUE", "component": "queue", "elapsed_sec": 0.016451, "event": "END:queue_get", "host": "d6b2a058c4be", "pid": 183871, "rank": null, "ts": "2026-10-04 16:01:30"}
[DBG] {"category": "QUEUE", "component": "queue", "event": "queue_item_decoded", "host": "d6b2a058c4be", "item_id": "133d1baed9da44bebb1ac99487621d21", "key": "smoke01:rollout:133d1baed9da44bebb1ac99487621d21", "pid": 183871, "policy_version": 0, "queue": "rollout", "rank": null, "ts": "2026-10-04 16:01:30"}
[DBG] {"category": "QUEUE", "component": "queue", "count": 1, "event": "BEGIN:clear_popped", "host": "d6b2a058c4be", "pid": 183871, "queue": "rollout", "rank": null, "ts": "2026-10-04 16:01:30"}
[DBG] {"category": "QUEUE", "component": "queue", "event": "watchdog_armed", "host": "d6b2a058c4be", "pid": 183871, "rank": null, "stage": "clear_popped", "timeout_sec": 30.0, "ts": "2026-10-04 16:01:30"}
[DBG] {"category": "QUEUE", "component": "queue", "elapsed_sec": 0.005505, "event": "END:clear_popped", "host": "d6b2a058c4be", "pid": 183871, "rank": null, "ts": "2026-10-04 16:01:30"}
[DBG] {"category": "QUEUE", "component": "queue", "event": "pop_done", "host": "d6b2a058c4be", "item_ids": ["133d1baed9da44bebb1ac99487621d21"], "pid": 183871, "queue": "rollout", "rank": null, "remaining": 0, "returned": 1, "stale": 0, "ts": "2026-10-04 16:01:30"}
[DBG] {"category": "QUEUE", "component": "queue", "event": "put_prepare", "host": "d6b2a058c4be", "item_id": "08f81cb53b1a4d38bff82eceaf2f054a", "partition": "smoke01:rollout", "payload_bytes": 2488, "pid": 183871, "policy_version": 0, "queue": "rollout", "rank": null, "ts": "2026-10-04 16:01:30"}
[DBG] {"category": "QUEUE", "component": "queue", "event": "BEGIN:queue_put", "host": "d6b2a058c4be", "item_id": "08f81cb53b1a4d38bff82eceaf2f054a", "pid": 183871, "queue": "rollout", "rank": null, "ts": "2026-10-04 16:01:30"}
[DBG] {"category": "QUEUE", "component": "queue", "event": "watchdog_armed", "host": "d6b2a058c4be", "pid": 183871, "rank": null, "stage": "queue_put", "timeout_sec": 30.0, "ts": "2026-10-04 16:01:30"}
[DBG] {"category": "QUEUE", "component": "queue", "elapsed_sec": 0.017914, "event": "END:queue_put", "host": "d6b2a058c4be", "pid": 183871, "rank": null, "ts": "2026-10-04 16:01:30"}
[DBG] {"category": "QUEUE", "component": "queue", "event": "put_done", "host": "d6b2a058c4be", "key": "smoke01:rollout:08f81cb53b1a4d38bff82eceaf2f054a", "pid": 183871, "policy_version": 0, "queue": "rollout", "rank": null, "ts": "2026-10-04 16:01:30"}
[DBG] {"category": "QUEUE", "component": "queue", "event": "size_changed", "host": "d6b2a058c4be", "pid": 183871, "queue": "rollout", "rank": null, "size": 1, "ts": "2026-10-04 16:01:30"}
[DBG] {"category": "QUEUE", "component": "queue", "event": "put_prepare", "host": "d6b2a058c4be", "item_id": "6fea28f27dc943a3b1a35a8d246c963d", "partition": "smoke01:rollout", "payload_bytes": 2940, "pid": 183871, "policy_version": 0, "queue": "rollout", "rank": null, "ts": "2026-10-04 16:01:30"}
[DBG] {"category": "QUEUE", "component": "queue", "event": "BEGIN:queue_put", "host": "d6b2a058c4be", "item_id": "6fea28f27dc943a3b1a35a8d246c963d", "pid": 183871, "queue": "rollout", "rank": null, "ts": "2026-10-04 16:01:30"}
[DBG] {"category": "QUEUE", "component": "queue", "event": "watchdog_armed", "host": "d6b2a058c4be", "pid": 183871, "rank": null, "stage": "queue_put", "timeout_sec": 30.0, "ts": "2026-10-04 16:01:30"}
[DBG] {"category": "QUEUE", "component": "queue", "elapsed_sec": 0.027922, "event": "END:queue_put", "host": "d6b2a058c4be", "pid": 183871, "rank": null, "ts": "2026-10-04 16:01:30"}
[DBG] {"category": "QUEUE", "component": "queue", "event": "put_done", "host": "d6b2a058c4be", "key": "smoke01:rollout:6fea28f27dc943a3b1a35a8d246c963d", "pid": 183871, "policy_version": 0, "queue": "rollout", "rank": null, "ts": "2026-10-04 16:01:30"}
[DBG] {"category": "QUEUE", "component": "queue", "event": "put_prepare", "host": "d6b2a058c4be", "item_id": "d2935eaa9e134a45a11109593f06921a", "partition": "smoke01:rollout", "payload_bytes": 2592, "pid": 183871, "policy_version": 0, "queue": "rollout", "rank": null, "ts": "2026-10-04 16:01:30"}
[DBG] {"category": "QUEUE", "component": "queue", "event": "BEGIN:queue_put", "host": "d6b2a058c4be", "item_id": "d2935eaa9e134a45a11109593f06921a", "pid": 183871, "queue": "rollout", "rank": null, "ts": "2026-10-04 16:01:30"}
[DBG] {"category": "QUEUE", "component": "queue", "event": "watchdog_armed", "host": "d6b2a058c4be", "pid": 183871, "rank": null, "stage": "queue_put", "timeout_sec": 30.0, "ts": "2026-10-04 16:01:30"}
[DBG] {"category": "QUEUE", "component": "queue", "elapsed_sec": 0.024572, "event": "END:queue_put", "host": "d6b2a058c4be", "pid": 183871, "rank": null, "ts": "2026-10-04 16:01:31"}
[DBG] {"category": "QUEUE", "component": "queue", "event": "put_done", "host": "d6b2a058c4be", "key": "smoke01:rollout:d2935eaa9e134a45a11109593f06921a", "pid": 183871, "policy_version": 0, "queue": "rollout", "rank": null, "ts": "2026-10-04 16:01:31"}
[DBG] {"category": "QUEUE", "component": "queue", "event": "size_changed", "host": "d6b2a058c4be", "pid": 183871, "queue": "rollout", "rank": null, "size": 3, "ts": "2026-10-04 16:01:31"}
[DBG] {"category": "QUEUE", "component": "queue", "event": "put_prepare", "host": "d6b2a058c4be", "item_id": "f7cac799908a4b0f89366c85ca19d45a", "partition": "smoke01:rollout", "payload_bytes": 2048, "pid": 183871, "policy_version": 0, "queue": "rollout", "rank": null, "ts": "2026-10-04 16:01:31"}
[DBG] {"category": "QUEUE", "component": "queue", "event": "BEGIN:queue_put", "host": "d6b2a058c4be", "item_id": "f7cac799908a4b0f89366c85ca19d45a", "pid": 183871, "queue": "rollout", "rank": null, "ts": "2026-10-04 16:01:31"}
[DBG] {"category": "QUEUE", "component": "queue", "event": "watchdog_armed", "host": "d6b2a058c4be", "pid": 183871, "rank": null, "stage": "queue_put", "timeout_sec": 30.0, "ts": "2026-10-04 16:01:31"}
[DBG] {"category": "QUEUE", "component": "queue", "elapsed_sec": 0.026496, "event": "END:queue_put", "host": "d6b2a058c4be", "pid": 183871, "rank": null, "ts": "2026-10-04 16:01:31"}
[DBG] {"category": "QUEUE", "component": "queue", "event": "put_done", "host": "d6b2a058c4be", "key": "smoke01:rollout:f7cac799908a4b0f89366c85ca19d45a", "pid": 183871, "policy_version": 0, "queue": "rollout", "rank": null, "ts": "2026-10-04 16:01:31"}
[DBG] {"category": "QUEUE", "component": "queue", "event": "put_prepare", "host": "d6b2a058c4be", "item_id": "528ff09cf18f454fa7b26dee8ba7c41f", "partition": "smoke01:rollout", "payload_bytes": 2594, "pid": 183871, "policy_version": 0, "queue": "rollout", "rank": null, "ts": "2026-10-04 16:01:31"}
[DBG] {"category": "QUEUE", "component": "queue", "event": "BEGIN:queue_put", "host": "d6b2a058c4be", "item_id": "528ff09cf18f454fa7b26dee8ba7c41f", "pid": 183871, "queue": "rollout", "rank": null, "ts": "2026-10-04 16:01:31"}
[DBG] {"category": "QUEUE", "component": "queue", "event": "watchdog_armed", "host": "d6b2a058c4be", "pid": 183871, "rank": null, "stage": "queue_put", "timeout_sec": 30.0, "ts": "2026-10-04 16:01:31"}
[DBG] {"category": "QUEUE", "component": "queue", "elapsed_sec": 0.025412, "event": "END:queue_put", "host": "d6b2a058c4be", "pid": 183871, "rank": null, "ts": "2026-10-04 16:01:31"}
[DBG] {"category": "QUEUE", "component": "queue", "event": "put_done", "host": "d6b2a058c4be", "key": "smoke01:rollout:528ff09cf18f454fa7b26dee8ba7c41f", "pid": 183871, "policy_version": 0, "queue": "rollout", "rank": null, "ts": "2026-10-04 16:01:31"}
[DBG] {"category": "QUEUE", "component": "queue", "event": "size_changed", "host": "d6b2a058c4be", "pid": 183871, "queue": "rollout", "rank": null, "size": 5, "ts": "2026-10-04 16:01:31"}
[DBG] {"category": "QUEUE", "component": "queue", "event": "put_prepare", "host": "d6b2a058c4be", "item_id": "31f54a2bdfc142c09839063fb51da304", "partition": "smoke01:rollout", "payload_bytes": 2108, "pid": 183871, "policy_version": 0, "queue": "rollout", "rank": null, "ts": "2026-10-04 16:01:32"}
[DBG] {"category": "QUEUE", "component": "queue", "event": "BEGIN:queue_put", "host": "d6b2a058c4be", "item_id": "31f54a2bdfc142c09839063fb51da304", "pid": 183871, "queue": "rollout", "rank": null, "ts": "2026-10-04 16:01:32"}
[DBG] {"category": "QUEUE", "component": "queue", "event": "watchdog_armed", "host": "d6b2a058c4be", "pid": 183871, "rank": null, "stage": "queue_put", "timeout_sec": 30.0, "ts": "2026-10-04 16:01:32"}
[DBG] {"category": "QUEUE", "component": "queue", "elapsed_sec": 0.026112, "event": "END:queue_put", "host": "d6b2a058c4be", "pid": 183871, "rank": null, "ts": "2026-10-04 16:01:32"}
[DBG] {"category": "QUEUE", "component": "queue", "event": "put_done", "host": "d6b2a058c4be", "key": "smoke01:rollout:31f54a2bdfc142c09839063fb51da304", "pid": 183871, "policy_version": 0, "queue": "rollout", "rank": null, "ts": "2026-10-04 16:01:32"}
[DBG] {"category": "QUEUE", "component": "queue", "event": "put_prepare", "host": "d6b2a058c4be", "item_id": "854566d163814318bde6fb7531bcf5d1", "partition": "smoke01:rollout", "payload_bytes": 2785, "pid": 183871, "policy_version": 0, "queue": "rollout", "rank": null, "ts": "2026-10-04 16:01:32"}
[DBG] {"category": "QUEUE", "component": "queue", "event": "BEGIN:queue_put", "host": "d6b2a058c4be", "item_id": "854566d163814318bde6fb7531bcf5d1", "pid": 183871, "queue": "rollout", "rank": null, "ts": "2026-10-04 16:01:32"}
[DBG] {"category": "QUEUE", "component": "queue", "event": "watchdog_armed", "host": "d6b2a058c4be", "pid": 183871, "rank": null, "stage": "queue_put", "timeout_sec": 30.0, "ts": "2026-10-04 16:01:32"}
[DBG] {"category": "QUEUE", "component": "queue", "elapsed_sec": 0.013866, "event": "END:queue_put", "host": "d6b2a058c4be", "pid": 183871, "rank": null, "ts": "2026-10-04 16:01:32"}
[DBG] {"category": "QUEUE", "component": "queue", "event": "put_done", "host": "d6b2a058c4be", "key": "smoke01:rollout:854566d163814318bde6fb7531bcf5d1", "pid": 183871, "policy_version": 0, "queue": "rollout", "rank": null, "ts": "2026-10-04 16:01:32"}
[DBG] {"category": "QUEUE", "component": "queue", "event": "size_changed", "host": "d6b2a058c4be", "pid": 183871, "queue": "rollout", "rank": null, "size": 7, "ts": "2026-10-04 16:01:32"}
[DBG] {"category": "QUEUE", "component": "queue", "event": "put_prepare", "host": "d6b2a058c4be", "item_id": "a7bf59db78804ebda2f365715da2565c", "partition": "smoke01:rollout", "payload_bytes": 2298, "pid": 183871, "policy_version": 0, "queue": "rollout", "rank": null, "ts": "2026-10-04 16:01:32"}
[DBG] {"category": "QUEUE", "component": "queue", "event": "BEGIN:queue_put", "host": "d6b2a058c4be", "item_id": "a7bf59db78804ebda2f365715da2565c", "pid": 183871, "queue": "rollout", "rank": null, "ts": "2026-10-04 16:01:32"}
[DBG] {"category": "QUEUE", "component": "queue", "event": "watchdog_armed", "host": "d6b2a058c4be", "pid": 183871, "rank": null, "stage": "queue_put", "timeout_sec": 30.0, "ts": "2026-10-04 16:01:32"}
[DBG] {"category": "QUEUE", "component": "queue", "elapsed_sec": 0.027533, "event": "END:queue_put", "host": "d6b2a058c4be", "pid": 183871, "rank": null, "ts": "2026-10-04 16:01:32"}
[DBG] {"category": "QUEUE", "component": "queue", "event": "put_done", "host": "d6b2a058c4be", "key": "smoke01:rollout:a7bf59db78804ebda2f365715da2565c", "pid": 183871, "policy_version": 0, "queue": "rollout", "rank": null, "ts": "2026-10-04 16:01:32"}
[DBG] {"category": "QUEUE", "component": "queue", "event": "put_prepare", "host": "d6b2a058c4be", "item_id": "27a7f93244bb4d82817fd0b77e7ef8fa", "partition": "smoke01:rollout", "payload_bytes": 3087, "pid": 183871, "policy_version": 0, "queue": "rollout", "rank": null, "ts": "2026-10-04 16:01:32"}
[DBG] {"category": "QUEUE", "component": "queue", "event": "BEGIN:queue_put", "host": "d6b2a058c4be", "item_id": "27a7f93244bb4d82817fd0b77e7ef8fa", "pid": 183871, "queue": "rollout", "rank": null, "ts": "2026-10-04 16:01:32"}
[DBG] {"category": "QUEUE", "component": "queue", "event": "watchdog_armed", "host": "d6b2a058c4be", "pid": 183871, "rank": null, "stage": "queue_put", "timeout_sec": 30.0, "ts": "2026-10-04 16:01:32"}
[DBG] {"category": "QUEUE", "component": "queue", "elapsed_sec": 0.027719, "event": "END:queue_put", "host": "d6b2a058c4be", "pid": 183871, "rank": null, "ts": "2026-10-04 16:01:32"}
[DBG] {"category": "QUEUE", "component": "queue", "event": "put_done", "host": "d6b2a058c4be", "key": "smoke01:rollout:27a7f93244bb4d82817fd0b77e7ef8fa", "pid": 183871, "policy_version": 0, "queue": "rollout", "rank": null, "ts": "2026-10-04 16:01:32"}
[DBG] {"category": "QUEUE", "component": "queue", "event": "size_changed", "host": "d6b2a058c4be", "pid": 183871, "queue": "rollout", "rank": null, "size": 9, "ts": "2026-10-04 16:01:32"}
[DBG] {"category": "QUEUE", "component": "queue", "event": "size_changed", "host": "d6b2a058c4be", "pid": 183871, "queue": "preference", "rank": null, "size": 0, "ts": "2026-10-04 16:01:50"}
[DBG] {"category": "QUEUE", "component": "queue", "current_version": 0, "event": "BEGIN:queue_list_for_pop", "exact": true, "host": "d6b2a058c4be", "max_lag": 3, "pid": 183871, "queue": "preference", "rank": null, "requested": 4, "ts": "2026-10-04 16:01:50"}
[DBG] {"category": "QUEUE", "component": "queue", "event": "watchdog_armed", "host": "d6b2a058c4be", "pid": 183871, "rank": null, "stage": "queue_list_for_pop", "timeout_sec": 30.0, "ts": "2026-10-04 16:01:50"}
[DBG] {"category": "QUEUE", "component": "queue", "elapsed_sec": 0.001928, "event": "END:queue_list_for_pop", "host": "d6b2a058c4be", "pid": 183871, "rank": null, "ts": "2026-10-04 16:01:50"}
[DBG] {"available": 0, "category": "QUEUE", "component": "queue", "event": "pop_scan", "exact": true, "host": "d6b2a058c4be", "pid": 183871, "queue": "preference", "rank": null, "requested": 4, "selected": 0, "selected_keys": [], "stale": 0, "stale_keys": [], "ts": "2026-10-04 16:01:50"}
[DBG] {"available": 0, "category": "QUEUE", "component": "queue", "event": "pop_not_enough", "host": "d6b2a058c4be", "pid": 183871, "queue": "preference", "rank": null, "requested": 4, "ts": "2026-10-04 16:01:50"}
[DBG] {"category": "QUEUE", "component": "queue", "current_version": 0, "event": "BEGIN:queue_list_for_pop", "exact": true, "host": "d6b2a058c4be", "max_lag": 3, "pid": 183871, "queue": "preference", "rank": null, "requested": 4, "ts": "2026-10-04 16:01:51"}
[DBG] {"category": "QUEUE", "component": "queue", "event": "watchdog_armed", "host": "d6b2a058c4be", "pid": 183871, "rank": null, "stage": "queue_list_for_pop", "timeout_sec": 30.0, "ts": "2026-10-04 16:01:51"}
[DBG] {"category": "QUEUE", "component": "queue", "elapsed_sec": 0.001953, "event": "END:queue_list_for_pop", "host": "d6b2a058c4be", "pid": 183871, "rank": null, "ts": "2026-10-04 16:01:51"}
[DBG] {"available": 0, "category": "QUEUE", "component": "queue", "event": "pop_scan", "exact": true, "host": "d6b2a058c4be", "pid": 183871, "queue": "preference", "rank": null, "requested": 4, "selected": 0, "selected_keys": [], "stale": 0, "stale_keys": [], "ts": "2026-10-04 16:01:51"}
[DBG] {"available": 0, "category": "QUEUE", "component": "queue", "event": "pop_not_enough", "host": "d6b2a058c4be", "pid": 183871, "queue": "preference", "rank": null, "requested": 4, "ts": "2026-10-04 16:01:51"}
[DBG] {"category": "QUEUE", "component": "queue", "current_version": 0, "event": "BEGIN:queue_list_for_pop", "exact": true, "host": "d6b2a058c4be", "max_lag": 3, "pid": 183871, "queue": "preference", "rank": null, "requested": 4, "ts": "2026-10-04 16:01:51"}
[DBG] {"category": "QUEUE", "component": "queue", "event": "watchdog_armed", "host": "d6b2a058c4be", "pid": 183871, "rank": null, "stage": "queue_list_for_pop", "timeout_sec": 30.0, "ts": "2026-10-04 16:01:51"}
[DBG] {"category": "QUEUE", "component": "queue", "elapsed_sec": 0.001865, "event": "END:queue_list_for_pop", "host": "d6b2a058c4be", "pid": 183871, "rank": null, "ts": "2026-10-04 16:01:51"}
[DBG] {"available": 0, "category": "QUEUE", "component": "queue", "event": "pop_scan", "exact": true, "host": "d6b2a058c4be", "pid": 183871, "queue": "preference", "rank": null, "requested": 4, "selected": 0, "selected_keys": [], "stale": 0, "stale_keys": [], "ts": "2026-10-04 16:01:51"}
[DBG] {"available": 0, "category": "QUEUE", "component": "queue", "event": "pop_not_enough", "host": "d6b2a058c4be", "pid": 183871, "queue": "preference", "rank": null, "requested": 4, "ts": "2026-10-04 16:01:51"}
[DBG] {"category": "QUEUE", "component": "queue", "current_version": 0, "event": "BEGIN:queue_list_for_pop", "exact": true, "host": "d6b2a058c4be", "max_lag": 3, "pid": 183871, "queue": "preference", "rank": null, "requested": 4, "ts": "2026-10-04 16:01:52"}
[DBG] {"category": "QUEUE", "component": "queue", "event": "watchdog_armed", "host": "d6b2a058c4be", "pid": 183871, "rank": null, "stage": "queue_list_for_pop", "timeout_sec": 30.0, "ts": "2026-10-04 16:01:52"}
[DBG] {"category": "QUEUE", "component": "queue", "elapsed_sec": 0.000974, "event": "END:queue_list_for_pop", "host": "d6b2a058c4be", "pid": 183871, "rank": null, "ts": "2026-10-04 16:01:52"}
[DBG] {"available": 0, "category": "QUEUE", "component": "queue", "event": "pop_scan", "exact": true, "host": "d6b2a058c4be", "pid": 183871, "queue": "preference", "rank": null, "requested": 4, "selected": 0, "selected_keys": [], "stale": 0, "stale_keys": [], "ts": "2026-10-04 16:01:52"}
[DBG] {"available": 0, "category": "QUEUE", "component": "queue", "event": "pop_not_enough", "host": "d6b2a058c4be", "pid": 183871, "queue": "preference", "rank": null, "requested": 4, "ts": "2026-10-04 16:01:52"}
[DBG] {"category": "QUEUE", "component": "queue", "current_version": 0, "event": "BEGIN:queue_list_for_pop", "exact": true, "host": "d6b2a058c4be", "max_lag": 3, "pid": 183871, "queue": "preference", "rank": null, "requested": 4, "ts": "2026-10-04 16:01:52"}
[DBG] {"category": "QUEUE", "component": "queue", "event": "watchdog_armed", "host": "d6b2a058c4be", "pid": 183871, "rank": null, "stage": "queue_list_for_pop", "timeout_sec": 30.0, "ts": "2026-10-04 16:01:52"}
[DBG] {"category": "QUEUE", "component": "queue", "elapsed_sec": 0.001947, "event": "END:queue_list_for_pop", "host": "d6b2a058c4be", "pid": 183871, "rank": null, "ts": "2026-10-04 16:01:52"}
[DBG] {"available": 0, "category": "QUEUE", "component": "queue", "event": "pop_scan", "exact": true, "host": "d6b2a058c4be", "pid": 183871, "queue": "preference", "rank": null, "requested": 4, "selected": 0, "selected_keys": [], "stale": 0, "stale_keys": [], "ts": "2026-10-04 16:01:52"}
[DBG] {"available": 0, "category": "QUEUE", "component": "queue", "event": "pop_not_enough", "host": "d6b2a058c4be", "pid": 183871, "queue": "preference", "rank": null, "requested": 4, "ts": "2026-10-04 16:01:52"}
[DBG] {"category": "QUEUE", "component": "queue", "current_version": 0, "event": "BEGIN:queue_list_for_pop", "exact": true, "host": "d6b2a058c4be", "max_lag": 3, "pid": 183871, "queue": "preference", "rank": null, "requested": 4, "ts": "2026-10-04 16:01:53"}
[DBG] {"category": "QUEUE", "component": "queue", "event": "watchdog_armed", "host": "d6b2a058c4be", "pid": 183871, "rank": null, "stage": "queue_list_for_pop", "timeout_sec": 30.0, "ts": "2026-10-04 16:01:53"}
[DBG] {"category": "QUEUE", "component": "queue", "elapsed_sec": 0.001849, "event": "END:queue_list_for_pop", "host": "d6b2a058c4be", "pid": 183871, "rank": null, "ts": "2026-10-04 16:01:53"}
[DBG] {"available": 0, "category": "QUEUE", "component": "queue", "event": "pop_scan", "exact": true, "host": "d6b2a058c4be", "pid": 183871, "queue": "preference", "rank": null, "requested": 4, "selected": 0, "selected_keys": [], "stale": 0, "stale_keys": [], "ts": "2026-10-04 16:01:53"}
[DBG] {"available": 0, "category": "QUEUE", "component": "queue", "event": "pop_not_enough", "host": "d6b2a058c4be", "pid": 183871, "queue": "preference", "rank": null, "requested": 4, "ts": "2026-10-04 16:01:53"}
[DBG] {"category": "QUEUE", "component": "queue", "current_version": 0, "event": "BEGIN:queue_list_for_pop", "exact": true, "host": "d6b2a058c4be", "max_lag": 3, "pid": 183871, "queue": "preference", "rank": null, "requested": 4, "ts": "2026-10-04 16:01:53"}
[DBG] {"category": "QUEUE", "component": "queue", "event": "watchdog_armed", "host": "d6b2a058c4be", "pid": 183871, "rank": null, "stage": "queue_list_for_pop", "timeout_sec": 30.0, "ts": "2026-10-04 16:01:53"}
[DBG] {"category": "QUEUE", "component": "queue", "elapsed_sec": 0.001715, "event": "END:queue_list_for_pop", "host": "d6b2a058c4be", "pid": 183871, "rank": null, "ts": "2026-10-04 16:01:53"}
[DBG] {"available": 0, "category": "QUEUE", "component": "queue", "event": "pop_scan", "exact": true, "host": "d6b2a058c4be", "pid": 183871, "queue": "preference", "rank": null, "requested": 4, "selected": 0, "selected_keys": [], "stale": 0, "stale_keys": [], "ts": "2026-10-04 16:01:53"}
[DBG] {"available": 0, "category": "QUEUE", "component": "queue", "event": "pop_not_enough", "host": "d6b2a058c4be", "pid": 183871, "queue": "preference", "rank": null, "requested": 4, "ts": "2026-10-04 16:01:53"}
[DBG] {"category": "QUEUE", "component": "queue", "current_version": 0, "event": "BEGIN:queue_list_for_pop", "exact": true, "host": "d6b2a058c4be", "max_lag": 3, "pid": 183871, "queue": "preference", "rank": null, "requested": 4, "ts": "2026-10-04 16:01:54"}
[DBG] {"category": "QUEUE", "component": "queue", "event": "watchdog_armed", "host": "d6b2a058c4be", "pid": 183871, "rank": null, "stage": "queue_list_for_pop", "timeout_sec": 30.0, "ts": "2026-10-04 16:01:54"}
[DBG] {"category": "QUEUE", "component": "queue", "elapsed_sec": 0.001581, "event": "END:queue_list_for_pop", "host": "d6b2a058c4be", "pid": 183871, "rank": null, "ts": "2026-10-04 16:01:54"}
[DBG] {"available": 0, "category": "QUEUE", "component": "queue", "event": "pop_scan", "exact": true, "host": "d6b2a058c4be", "pid": 183871, "queue": "preference", "rank": null, "requested": 4, "selected": 0, "selected_keys": [], "stale": 0, "stale_keys": [], "ts": "2026-10-04 16:01:54"}
[DBG] {"available": 0, "category": "QUEUE", "component": "queue", "event": "pop_not_enough", "host": "d6b2a058c4be", "pid": 183871, "queue": "preference", "rank": null, "requested": 4, "ts": "2026-10-04 16:01:54"}
[DBG] {"category": "QUEUE", "component": "queue", "current_version": 0, "event": "BEGIN:queue_list_for_pop", "exact": true, "host": "d6b2a058c4be", "max_lag": 3, "pid": 183871, "queue": "preference", "rank": null, "requested": 4, "ts": "2026-10-04 16:01:54"}
[DBG] {"category": "QUEUE", "component": "queue", "event": "watchdog_armed", "host": "d6b2a058c4be", "pid": 183871, "rank": null, "stage": "queue_list_for_pop", "timeout_sec": 30.0, "ts": "2026-10-04 16:01:54"}
[DBG] {"category": "QUEUE", "component": "queue", "elapsed_sec": 0.001953, "event": "END:queue_list_for_pop", "host": "d6b2a058c4be", "pid": 183871, "rank": null, "ts": "2026-10-04 16:01:54"}
[DBG] {"available": 0, "category": "QUEUE", "component": "queue", "event": "pop_scan", "exact": true, "host": "d6b2a058c4be", "pid": 183871, "queue": "preference", "rank": null, "requested": 4, "selected": 0, "selected_keys": [], "stale": 0, "stale_keys": [], "ts": "2026-10-04 16:01:54"}
[DBG] {"available": 0, "category": "QUEUE", "component": "queue", "event": "pop_not_enough", "host": "d6b2a058c4be", "pid": 183871, "queue": "preference", "rank": null, "requested": 4, "ts": "2026-10-04 16:01:54"}
[DBG] {"category": "QUEUE", "component": "queue", "current_version": 0, "event": "BEGIN:queue_list_for_pop", "exact": true, "host": "d6b2a058c4be", "max_lag": 3, "pid": 183871, "queue": "preference", "rank": null, "requested": 4, "ts": "2026-10-04 16:01:55"}
[DBG] {"category": "QUEUE", "component": "queue", "event": "watchdog_armed", "host": "d6b2a058c4be", "pid": 183871, "rank": null, "stage": "queue_list_for_pop", "timeout_sec": 30.0, "ts": "2026-10-04 16:01:55"}
[DBG] {"category": "QUEUE", "component": "queue", "elapsed_sec": 0.001025, "event": "END:queue_list_for_pop", "host": "d6b2a058c4be", "pid": 183871, "rank": null, "ts": "2026-10-04 16:01:55"}
[DBG] {"available": 0, "category": "QUEUE", "component": "queue", "event": "pop_scan", "exact": true, "host": "d6b2a058c4be", "pid": 183871, "queue": "preference", "rank": null, "requested": 4, "selected": 0, "selected_keys": [], "stale": 0, "stale_keys": [], "ts": "2026-10-04 16:01:55"}
[DBG] {"available": 0, "category": "QUEUE", "component": "queue", "event": "pop_not_enough", "host": "d6b2a058c4be", "pid": 183871, "queue": "preference", "rank": null, "requested": 4, "ts": "2026-10-04 16:01:55"}
[DBG] {"category": "QUEUE", "component": "queue", "current_version": 0, "event": "BEGIN:queue_list_for_pop", "exact": true, "host": "d6b2a058c4be", "max_lag": 3, "pid": 183871, "queue": "preference", "rank": null, "requested": 4, "ts": "2026-10-04 16:01:55"}
[DBG] {"category": "QUEUE", "component": "queue", "event": "watchdog_armed", "host": "d6b2a058c4be", "pid": 183871, "rank": null, "stage": "queue_list_for_pop", "timeout_sec": 30.0, "ts": "2026-10-04 16:01:55"}
[DBG] {"category": "QUEUE", "component": "queue", "elapsed_sec": 0.001315, "event": "END:queue_list_for_pop", "host": "d6b2a058c4be", "pid": 183871, "rank": null, "ts": "2026-10-04 16:01:55"}
[DBG] {"available": 0, "category": "QUEUE", "component": "queue", "event": "pop_scan", "exact": true, "host": "d6b2a058c4be", "pid": 183871, "queue": "preference", "rank": null, "requested": 4, "selected": 0, "selected_keys": [], "stale": 0, "stale_keys": [], "ts": "2026-10-04 16:01:55"}
[DBG] {"available": 0, "category": "QUEUE", "component": "queue", "event": "pop_not_enough", "host": "d6b2a058c4be", "pid": 183871, "queue": "preference", "rank": null, "requested": 4, "ts": "2026-10-04 16:01:55"}
[DBG] {"category": "QUEUE", "component": "queue", "current_version": 0, "event": "BEGIN:queue_list_for_pop", "exact": true, "host": "d6b2a058c4be", "max_lag": 3, "pid": 183871, "queue": "preference", "rank": null, "requested": 4, "ts": "2026-10-04 16:01:56"}
[DBG] {"category": "QUEUE", "component": "queue", "event": "watchdog_armed", "host": "d6b2a058c4be", "pid": 183871, "rank": null, "stage": "queue_list_for_pop", "timeout_sec": 30.0, "ts": "2026-10-04 16:01:56"}
[DBG] {"category": "QUEUE", "component": "queue", "elapsed_sec": 0.001754, "event": "END:queue_list_for_pop", "host": "d6b2a058c4be", "pid": 183871, "rank": null, "ts": "2026-10-04 16:01:56"}
[DBG] {"available": 0, "category": "QUEUE", "component": "queue", "event": "pop_scan", "exact": true, "host": "d6b2a058c4be", "pid": 183871, "queue": "preference", "rank": null, "requested": 4, "selected": 0, "selected_keys": [], "stale": 0, "stale_keys": [], "ts": "2026-10-04 16:01:56"}
[DBG] {"available": 0, "category": "QUEUE", "component": "queue", "event": "pop_not_enough", "host": "d6b2a058c4be", "pid": 183871, "queue": "preference", "rank": null, "requested": 4, "ts": "2026-10-04 16:01:56"}
[DBG] {"category": "QUEUE", "component": "queue", "current_version": 0, "event": "BEGIN:queue_list_for_pop", "exact": true, "host": "d6b2a058c4be", "max_lag": 3, "pid": 183871, "queue": "preference", "rank": null, "requested": 4, "ts": "2026-10-04 16:01:56"}
[DBG] {"category": "QUEUE", "component": "queue", "event": "watchdog_armed", "host": "d6b2a058c4be", "pid": 183871, "rank": null, "stage": "queue_list_for_pop", "timeout_sec": 30.0, "ts": "2026-10-04 16:01:56"}
[DBG] {"category": "QUEUE", "component": "queue", "elapsed_sec": 0.001738, "event": "END:queue_list_for_pop", "host": "d6b2a058c4be", "pid": 183871, "rank": null, "ts": "2026-10-04 16:01:56"}
[DBG] {"available": 0, "category": "QUEUE", "component": "queue", "event": "pop_scan", "exact": true, "host": "d6b2a058c4be", "pid": 183871, "queue": "preference", "rank": null, "requested": 4, "selected": 0, "selected_keys": [], "stale": 0, "stale_keys": [], "ts": "2026-10-04 16:01:56"}
[DBG] {"available": 0, "category": "QUEUE", "component": "queue", "event": "pop_not_enough", "host": "d6b2a058c4be", "pid": 183871, "queue": "preference", "rank": null, "requested": 4, "ts": "2026-10-04 16:01:56"}
[DBG] {"category": "QUEUE", "component": "queue", "current_version": 0, "event": "BEGIN:queue_list_for_pop", "exact": true, "host": "d6b2a058c4be", "max_lag": 3, "pid": 183871, "queue": "preference", "rank": null, "requested": 4, "ts": "2026-10-04 16:01:57"}
[DBG] {"category": "QUEUE", "component": "queue", "event": "watchdog_armed", "host": "d6b2a058c4be", "pid": 183871, "rank": null, "stage": "queue_list_for_pop", "timeout_sec": 30.0, "ts": "2026-10-04 16:01:57"}
[DBG] {"category": "QUEUE", "component": "queue", "elapsed_sec": 0.0019, "event": "END:queue_list_for_pop", "host": "d6b2a058c4be", "pid": 183871, "rank": null, "ts": "2026-10-04 16:01:57"}
[DBG] {"available": 0, "category": "QUEUE", "component": "queue", "event": "pop_scan", "exact": true, "host": "d6b2a058c4be", "pid": 183871, "queue": "preference", "rank": null, "requested": 4, "selected": 0, "selected_keys": [], "stale": 0, "stale_keys": [], "ts": "2026-10-04 16:01:57"}
[DBG] {"available": 0, "category": "QUEUE", "component": "queue", "event": "pop_not_enough", "host": "d6b2a058c4be", "pid": 183871, "queue": "preference", "rank": null, "requested": 4, "ts": "2026-10-04 16:01:57"}
[DBG] {"category": "QUEUE", "component": "queue", "current_version": 0, "event": "BEGIN:queue_list_for_pop", "exact": true, "host": "d6b2a058c4be", "max_lag": 3, "pid": 183871, "queue": "preference", "rank": null, "requested": 4, "ts": "2026-10-04 16:01:57"}
[DBG] {"category": "QUEUE", "component": "queue", "event": "watchdog_armed", "host": "d6b2a058c4be", "pid": 183871, "rank": null, "stage": "queue_list_for_pop", "timeout_sec": 30.0, "ts": "2026-10-04 16:01:57"}
[DBG] {"category": "QUEUE", "component": "queue", "elapsed_sec": 0.001864, "event": "END:queue_list_for_pop", "host": "d6b2a058c4be", "pid": 183871, "rank": null, "ts": "2026-10-04 16:01:57"}
[DBG] {"available": 0, "category": "QUEUE", "component": "queue", "event": "pop_scan", "exact": true, "host": "d6b2a058c4be", "pid": 183871, "queue": "preference", "rank": null, "requested": 4, "selected": 0, "selected_keys": [], "stale": 0, "stale_keys": [], "ts": "2026-10-04 16:01:57"}
[DBG] {"available": 0, "category": "QUEUE", "component": "queue", "event": "pop_not_enough", "host": "d6b2a058c4be", "pid": 183871, "queue": "preference", "rank": null, "requested": 4, "ts": "2026-10-04 16:01:57"}
[DBG] {"category": "QUEUE", "component": "queue", "current_version": 0, "event": "BEGIN:queue_list_for_pop", "exact": true, "host": "d6b2a058c4be", "max_lag": 3, "pid": 183871, "queue": "preference", "rank": null, "requested": 4, "ts": "2026-10-04 16:01:58"}
[DBG] {"category": "QUEUE", "component": "queue", "event": "watchdog_armed", "host": "d6b2a058c4be", "pid": 183871, "rank": null, "stage": "queue_list_for_pop", "timeout_sec": 30.0, "ts": "2026-10-04 16:01:58"}
[DBG] {"category": "QUEUE", "component": "queue", "elapsed_sec": 0.001903, "event": "END:queue_list_for_pop", "host": "d6b2a058c4be", "pid": 183871, "rank": null, "ts": "2026-10-04 16:01:58"}
[DBG] {"available": 0, "category": "QUEUE", "component": "queue", "event": "pop_scan", "exact": true, "host": "d6b2a058c4be", "pid": 183871, "queue": "preference", "rank": null, "requested": 4, "selected": 0, "selected_keys": [], "stale": 0, "stale_keys": [], "ts": "2026-10-04 16:01:58"}
[DBG] {"available": 0, "category": "QUEUE", "component": "queue", "event": "pop_not_enough", "host": "d6b2a058c4be", "pid": 183871, "queue": "preference", "rank": null, "requested": 4, "ts": "2026-10-04 16:01:58"}
[DBG] {"category": "QUEUE", "component": "queue", "current_version": 0, "event": "BEGIN:queue_list_for_pop", "exact": true, "host": "d6b2a058c4be", "max_lag": 3, "pid": 183871, "queue": "preference", "rank": null, "requested": 4, "ts": "2026-10-04 16:01:58"}
[DBG] {"category": "QUEUE", "component": "queue", "event": "watchdog_armed", "host": "d6b2a058c4be", "pid": 183871, "rank": null, "stage": "queue_list_for_pop", "timeout_sec": 30.0, "ts": "2026-10-04 16:01:58"}
[DBG] {"category": "QUEUE", "component": "queue", "elapsed_sec": 0.000878, "event": "END:queue_list_for_pop", "host": "d6b2a058c4be", "pid": 183871, "rank": null, "ts": "2026-10-04 16:01:58"}
[DBG] {"available": 0, "category": "QUEUE", "component": "queue", "event": "pop_scan", "exact": true, "host": "d6b2a058c4be", "pid": 183871, "queue": "preference", "rank": null, "requested": 4, "selected": 0, "selected_keys": [], "stale": 0, "stale_keys": [], "ts": "2026-10-04 16:01:58"}
[DBG] {"available": 0, "category": "QUEUE", "component": "queue", "event": "pop_not_enough", "host": "d6b2a058c4be", "pid": 183871, "queue": "preference", "rank": null, "requested": 4, "ts": "2026-10-04 16:01:58"}
[DBG] {"category": "QUEUE", "component": "queue", "current_version": 0, "event": "BEGIN:queue_list_for_pop", "exact": true, "host": "d6b2a058c4be", "max_lag": 3, "pid": 183871, "queue": "preference", "rank": null, "requested": 4, "ts": "2026-10-04 16:01:59"}
[DBG] {"category": "QUEUE", "component": "queue", "event": "watchdog_armed", "host": "d6b2a058c4be", "pid": 183871, "rank": null, "stage": "queue_list_for_pop", "timeout_sec": 30.0, "ts": "2026-10-04 16:01:59"}
[DBG] {"category": "QUEUE", "component": "queue", "elapsed_sec": 0.00191, "event": "END:queue_list_for_pop", "host": "d6b2a058c4be", "pid": 183871, "rank": null, "ts": "2026-10-04 16:01:59"}
[DBG] {"available": 0, "category": "QUEUE", "component": "queue", "event": "pop_scan", "exact": true, "host": "d6b2a058c4be", "pid": 183871, "queue": "preference", "rank": null, "requested": 4, "selected": 0, "selected_keys": [], "stale": 0, "stale_keys": [], "ts": "2026-10-04 16:01:59"}
[DBG] {"available": 0, "category": "QUEUE", "component": "queue", "event": "pop_not_enough", "host": "d6b2a058c4be", "pid": 183871, "queue": "preference", "rank": null, "requested": 4, "ts": "2026-10-04 16:01:59"}
[DBG] {"category": "QUEUE", "component": "queue", "current_version": 0, "event": "BEGIN:queue_list_for_pop", "exact": true, "host": "d6b2a058c4be", "max_lag": 3, "pid": 183871, "queue": "preference", "rank": null, "requested": 4, "ts": "2026-10-04 16:01:59"}
[DBG] {"category": "QUEUE", "component": "queue", "event": "watchdog_armed", "host": "d6b2a058c4be", "pid": 183871, "rank": null, "stage": "queue_list_for_pop", "timeout_sec": 30.0, "ts": "2026-10-04 16:01:59"}
[DBG] {"category": "QUEUE", "component": "queue", "elapsed_sec": 0.001906, "event": "END:queue_list_for_pop", "host": "d6b2a058c4be", "pid": 183871, "rank": null, "ts": "2026-10-04 16:01:59"}
[DBG] {"available": 0, "category": "QUEUE", "component": "queue", "event": "pop_scan", "exact": true, "host": "d6b2a058c4be", "pid": 183871, "queue": "preference", "rank": null, "requested": 4, "selected": 0, "selected_keys": [], "stale": 0, "stale_keys": [], "ts": "2026-10-04 16:01:59"}
[DBG] {"available": 0, "category": "QUEUE", "component": "queue", "event": "pop_not_enough", "host": "d6b2a058c4be", "pid": 183871, "queue": "preference", "rank": null, "requested": 4, "ts": "2026-10-04 16:01:59"}
[DBG] {"category": "QUEUE", "component": "queue", "current_version": 0, "event": "BEGIN:queue_list_for_pop", "exact": true, "host": "d6b2a058c4be", "max_lag": 3, "pid": 183871, "queue": "preference", "rank": null, "requested": 4, "ts": "2026-10-04 16:02:00"}
[DBG] {"category": "QUEUE", "component": "queue", "event": "watchdog_armed", "host": "d6b2a058c4be", "pid": 183871, "rank": null, "stage": "queue_list_for_pop", "timeout_sec": 30.0, "ts": "2026-10-04 16:02:00"}
[DBG] {"category": "QUEUE", "component": "queue", "elapsed_sec": 0.001555, "event": "END:queue_list_for_pop", "host": "d6b2a058c4be", "pid": 183871, "rank": null, "ts": "2026-10-04 16:02:00"}
[DBG] {"available": 0, "category": "QUEUE", "component": "queue", "event": "pop_scan", "exact": true, "host": "d6b2a058c4be", "pid": 183871, "queue": "preference", "rank": null, "requested": 4, "selected": 0, "selected_keys": [], "stale": 0, "stale_keys": [], "ts": "2026-10-04 16:02:00"}
[DBG] {"available": 0, "category": "QUEUE", "component": "queue", "event": "pop_not_enough", "host": "d6b2a058c4be", "pid": 183871, "queue": "preference", "rank": null, "requested": 4, "ts": "2026-10-04 16:02:00"}
[DBG] {"category": "QUEUE", "component": "queue", "current_version": 0, "event": "BEGIN:queue_list_for_pop", "exact": true, "host": "d6b2a058c4be", "max_lag": 3, "pid": 183871, "queue": "preference", "rank": null, "requested": 4, "ts": "2026-10-04 16:02:01"}
[DBG] {"category": "QUEUE", "component": "queue", "event": "watchdog_armed", "host": "d6b2a058c4be", "pid": 183871, "rank": null, "stage": "queue_list_for_pop", "timeout_sec": 30.0, "ts": "2026-10-04 16:02:01"}
[DBG] {"category": "QUEUE", "component": "queue", "elapsed_sec": 0.001845, "event": "END:queue_list_for_pop", "host": "d6b2a058c4be", "pid": 183871, "rank": null, "ts": "2026-10-04 16:02:01"}
[DBG] {"available": 0, "category": "QUEUE", "component": "queue", "event": "pop_scan", "exact": true, "host": "d6b2a058c4be", "pid": 183871, "queue": "preference", "rank": null, "requested": 4, "selected": 0, "selected_keys": [], "stale": 0, "stale_keys": [], "ts": "2026-10-04 16:02:01"}
[DBG] {"available": 0, "category": "QUEUE", "component": "queue", "event": "pop_not_enough", "host": "d6b2a058c4be", "pid": 183871, "queue": "preference", "rank": null, "requested": 4, "ts": "2026-10-04 16:02:01"}
[DBG] {"category": "QUEUE", "component": "queue", "current_version": 0, "event": "BEGIN:queue_list_for_pop", "exact": true, "host": "d6b2a058c4be", "max_lag": 3, "pid": 183871, "queue": "preference", "rank": null, "requested": 4, "ts": "2026-10-04 16:02:01"}
[DBG] {"category": "QUEUE", "component": "queue", "event": "watchdog_armed", "host": "d6b2a058c4be", "pid": 183871, "rank": null, "stage": "queue_list_for_pop", "timeout_sec": 30.0, "ts": "2026-10-04 16:02:01"}
[DBG] {"category": "QUEUE", "component": "queue", "elapsed_sec": 0.001672, "event": "END:queue_list_for_pop", "host": "d6b2a058c4be", "pid": 183871, "rank": null, "ts": "2026-10-04 16:02:01"}
[DBG] {"available": 0, "category": "QUEUE", "component": "queue", "event": "pop_scan", "exact": true, "host": "d6b2a058c4be", "pid": 183871, "queue": "preference", "rank": null, "requested": 4, "selected": 0, "selected_keys": [], "stale": 0, "stale_keys": [], "ts": "2026-10-04 16:02:01"}
[DBG] {"available": 0, "category": "QUEUE", "component": "queue", "event": "pop_not_enough", "host": "d6b2a058c4be", "pid": 183871, "queue": "preference", "rank": null, "requested": 4, "ts": "2026-10-04 16:02:01"}
[DBG] {"category": "QUEUE", "component": "queue", "current_version": 0, "event": "BEGIN:queue_list_for_pop", "exact": true, "host": "d6b2a058c4be", "max_lag": 3, "pid": 183871, "queue": "preference", "rank": null, "requested": 4, "ts": "2026-10-04 16:02:02"}
[DBG] {"category": "QUEUE", "component": "queue", "event": "watchdog_armed", "host": "d6b2a058c4be", "pid": 183871, "rank": null, "stage": "queue_list_for_pop", "timeout_sec": 30.0, "ts": "2026-10-04 16:02:02"}
[DBG] {"category": "QUEUE", "component": "queue", "elapsed_sec": 0.000695, "event": "END:queue_list_for_pop", "host": "d6b2a058c4be", "pid": 183871, "rank": null, "ts": "2026-10-04 16:02:02"}
[DBG] {"available": 0, "category": "QUEUE", "component": "queue", "event": "pop_scan", "exact": true, "host": "d6b2a058c4be", "pid": 183871, "queue": "preference", "rank": null, "requested": 4, "selected": 0, "selected_keys": [], "stale": 0, "stale_keys": [], "ts": "2026-10-04 16:02:02"}
[DBG] {"available": 0, "category": "QUEUE", "component": "queue", "event": "pop_not_enough", "host": "d6b2a058c4be", "pid": 183871, "queue": "preference", "rank": null, "requested": 4, "ts": "2026-10-04 16:02:02"}
[DBG] {"category": "QUEUE", "component": "queue", "current_version": 0, "event": "BEGIN:queue_list_for_pop", "exact": true, "host": "d6b2a058c4be", "max_lag": 3, "pid": 183871, "queue": "preference", "rank": null, "requested": 4, "ts": "2026-10-04 16:02:02"}
[DBG] {"category": "QUEUE", "component": "queue", "event": "watchdog_armed", "host": "d6b2a058c4be", "pid": 183871, "rank": null, "stage": "queue_list_for_pop", "timeout_sec": 30.0, "ts": "2026-10-04 16:02:02"}
[DBG] {"category": "QUEUE", "component": "queue", "elapsed_sec": 0.001481, "event": "END:queue_list_for_pop", "host": "d6b2a058c4be", "pid": 183871, "rank": null, "ts": "2026-10-04 16:02:02"}
[DBG] {"available": 0, "category": "QUEUE", "component": "queue", "event": "pop_scan", "exact": true, "host": "d6b2a058c4be", "pid": 183871, "queue": "preference", "rank": null, "requested": 4, "selected": 0, "selected_keys": [], "stale": 0, "stale_keys": [], "ts": "2026-10-04 16:02:02"}
[DBG] {"available": 0, "category": "QUEUE", "component": "queue", "event": "pop_not_enough", "host": "d6b2a058c4be", "pid": 183871, "queue": "preference", "rank": null, "requested": 4, "ts": "2026-10-04 16:02:02"}
[DBG] {"category": "QUEUE", "component": "queue", "current_version": 0, "event": "BEGIN:queue_list_for_pop", "exact": true, "host": "d6b2a058c4be", "max_lag": 3, "pid": 183871, "queue": "preference", "rank": null, "requested": 4, "ts": "2026-10-04 16:02:03"}
[DBG] {"category": "QUEUE", "component": "queue", "event": "watchdog_armed", "host": "d6b2a058c4be", "pid": 183871, "rank": null, "stage": "queue_list_for_pop", "timeout_sec": 30.0, "ts": "2026-10-04 16:02:03"}
[DBG] {"category": "QUEUE", "component": "queue", "elapsed_sec": 0.001086, "event": "END:queue_list_for_pop", "host": "d6b2a058c4be", "pid": 183871, "rank": null, "ts": "2026-10-04 16:02:03"}
[DBG] {"available": 0, "category": "QUEUE", "component": "queue", "event": "pop_scan", "exact": true, "host": "d6b2a058c4be", "pid": 183871, "queue": "preference", "rank": null, "requested": 4, "selected": 0, "selected_keys": [], "stale": 0, "stale_keys": [], "ts": "2026-10-04 16:02:03"}
[DBG] {"available": 0, "category": "QUEUE", "component": "queue", "event": "pop_not_enough", "host": "d6b2a058c4be", "pid": 183871, "queue": "preference", "rank": null, "requested": 4, "ts": "2026-10-04 16:02:03"}
[DBG] {"category": "QUEUE", "component": "queue", "current_version": 0, "event": "BEGIN:queue_list_for_pop", "exact": true, "host": "d6b2a058c4be", "max_lag": 3, "pid": 183871, "queue": "preference", "rank": null, "requested": 4, "ts": "2026-10-04 16:02:03"}
[DBG] {"category": "QUEUE", "component": "queue", "event": "watchdog_armed", "host": "d6b2a058c4be", "pid": 183871, "rank": null, "stage": "queue_list_for_pop", "timeout_sec": 30.0, "ts": "2026-10-04 16:02:03"}
[DBG] {"category": "QUEUE", "component": "queue", "elapsed_sec": 0.001492, "event": "END:queue_list_for_pop", "host": "d6b2a058c4be", "pid": 183871, "rank": null, "ts": "2026-10-04 16:02:03"}
[DBG] {"available": 0, "category": "QUEUE", "component": "queue", "event": "pop_scan", "exact": true, "host": "d6b2a058c4be", "pid": 183871, "queue": "preference", "rank": null, "requested": 4, "selected": 0, "selected_keys": [], "stale": 0, "stale_keys": [], "ts": "2026-10-04 16:02:03"}
[DBG] {"available": 0, "category": "QUEUE", "component": "queue", "event": "pop_not_enough", "host": "d6b2a058c4be", "pid": 183871, "queue": "preference", "rank": null, "requested": 4, "ts": "2026-10-04 16:02:03"}
[DBG] {"category": "QUEUE", "component": "queue", "current_version": 0, "event": "BEGIN:queue_list_for_pop", "exact": true, "host": "d6b2a058c4be", "max_lag": 3, "pid": 183871, "queue": "preference", "rank": null, "requested": 4, "ts": "2026-10-04 16:02:04"}
[DBG] {"category": "QUEUE", "component": "queue", "event": "watchdog_armed", "host": "d6b2a058c4be", "pid": 183871, "rank": null, "stage": "queue_list_for_pop", "timeout_sec": 30.0, "ts": "2026-10-04 16:02:04"}
[DBG] {"category": "QUEUE", "component": "queue", "elapsed_sec": 0.001359, "event": "END:queue_list_for_pop", "host": "d6b2a058c4be", "pid": 183871, "rank": null, "ts": "2026-10-04 16:02:04"}
[DBG] {"available": 0, "category": "QUEUE", "component": "queue", "event": "pop_scan", "exact": true, "host": "d6b2a058c4be", "pid": 183871, "queue": "preference", "rank": null, "requested": 4, "selected": 0, "selected_keys": [], "stale": 0, "stale_keys": [], "ts": "2026-10-04 16:02:04"}
[DBG] {"available": 0, "category": "QUEUE", "component": "queue", "event": "pop_not_enough", "host": "d6b2a058c4be", "pid": 183871, "queue": "preference", "rank": null, "requested": 4, "ts": "2026-10-04 16:02:04"}
[DBG] {"category": "QUEUE", "component": "queue", "current_version": 0, "event": "BEGIN:queue_list_for_pop", "exact": true, "host": "d6b2a058c4be", "max_lag": 3, "pid": 183871, "queue": "preference", "rank": null, "requested": 4, "ts": "2026-10-04 16:02:04"}
[DBG] {"category": "QUEUE", "component": "queue", "event": "watchdog_armed", "host": "d6b2a058c4be", "pid": 183871, "rank": null, "stage": "queue_list_for_pop", "timeout_sec": 30.0, "ts": "2026-10-04 16:02:04"}
[DBG] {"category": "QUEUE", "component": "queue", "elapsed_sec": 0.001022, "event": "END:queue_list_for_pop", "host": "d6b2a058c4be", "pid": 183871, "rank": null, "ts": "2026-10-04 16:02:04"}
[DBG] {"available": 0, "category": "QUEUE", "component": "queue", "event": "pop_scan", "exact": true, "host": "d6b2a058c4be", "pid": 183871, "queue": "preference", "rank": null, "requested": 4, "selected": 0, "selected_keys": [], "stale": 0, "stale_keys": [], "ts": "2026-10-04 16:02:04"}
[DBG] {"available": 0, "category": "QUEUE", "component": "queue", "event": "pop_not_enough", "host": "d6b2a058c4be", "pid": 183871, "queue": "preference", "rank": null, "requested": 4, "ts": "2026-10-04 16:02:04"}
[DBG] {"category": "QUEUE", "component": "queue", "current_version": 0, "event": "BEGIN:queue_list_for_pop", "exact": true, "host": "d6b2a058c4be", "max_lag": 3, "pid": 183871, "queue": "preference", "rank": null, "requested": 4, "ts": "2026-10-04 16:02:05"}
[DBG] {"category": "QUEUE", "component": "queue", "event": "watchdog_armed", "host": "d6b2a058c4be", "pid": 183871, "rank": null, "stage": "queue_list_for_pop", "timeout_sec": 30.0, "ts": "2026-10-04 16:02:05"}
[DBG] {"category": "QUEUE", "component": "queue", "elapsed_sec": 0.001058, "event": "END:queue_list_for_pop", "host": "d6b2a058c4be", "pid": 183871, "rank": null, "ts": "2026-10-04 16:02:05"}
[DBG] {"available": 0, "category": "QUEUE", "component": "queue", "event": "pop_scan", "exact": true, "host": "d6b2a058c4be", "pid": 183871, "queue": "preference", "rank": null, "requested": 4, "selected": 0, "selected_keys": [], "stale": 0, "stale_keys": [], "ts": "2026-10-04 16:02:05"}
[DBG] {"available": 0, "category": "QUEUE", "component": "queue", "event": "pop_not_enough", "host": "d6b2a058c4be", "pid": 183871, "queue": "preference", "rank": null, "requested": 4, "ts": "2026-10-04 16:02:05"}
[DBG] {"category": "QUEUE", "component": "queue", "current_version": 0, "event": "BEGIN:queue_list_for_pop", "exact": true, "host": "d6b2a058c4be", "max_lag": 3, "pid": 183871, "queue": "preference", "rank": null, "requested": 4, "ts": "2026-10-04 16:02:05"}
[DBG] {"category": "QUEUE", "component": "queue", "event": "watchdog_armed", "host": "d6b2a058c4be", "pid": 183871, "rank": null, "stage": "queue_list_for_pop", "timeout_sec": 30.0, "ts": "2026-10-04 16:02:05"}
[DBG] {"category": "QUEUE", "component": "queue", "elapsed_sec": 0.000661, "event": "END:queue_list_for_pop", "host": "d6b2a058c4be", "pid": 183871, "rank": null, "ts": "2026-10-04 16:02:05"}
[DBG] {"available": 0, "category": "QUEUE", "component": "queue", "event": "pop_scan", "exact": true, "host": "d6b2a058c4be", "pid": 183871, "queue": "preference", "rank": null, "requested": 4, "selected": 0, "selected_keys": [], "stale": 0, "stale_keys": [], "ts": "2026-10-04 16:02:05"}
[DBG] {"available": 0, "category": "QUEUE", "component": "queue", "event": "pop_not_enough", "host": "d6b2a058c4be", "pid": 183871, "queue": "preference", "rank": null, "requested": 4, "ts": "2026-10-04 16:02:05"}
[DBG] {"category": "QUEUE", "component": "queue", "current_version": 0, "event": "BEGIN:queue_list_for_pop", "exact": true, "host": "d6b2a058c4be", "max_lag": 3, "pid": 183871, "queue": "preference", "rank": null, "requested": 4, "ts": "2026-10-04 16:02:06"}
[DBG] {"category": "QUEUE", "component": "queue", "event": "watchdog_armed", "host": "d6b2a058c4be", "pid": 183871, "rank": null, "stage": "queue_list_for_pop", "timeout_sec": 30.0, "ts": "2026-10-04 16:02:06"}
[DBG] {"category": "QUEUE", "component": "queue", "elapsed_sec": 0.000899, "event": "END:queue_list_for_pop", "host": "d6b2a058c4be", "pid": 183871, "rank": null, "ts": "2026-10-04 16:02:06"}
[DBG] {"available": 0, "category": "QUEUE", "component": "queue", "event": "pop_scan", "exact": true, "host": "d6b2a058c4be", "pid": 183871, "queue": "preference", "rank": null, "requested": 4, "selected": 0, "selected_keys": [], "stale": 0, "stale_keys": [], "ts": "2026-10-04 16:02:06"}
[DBG] {"available": 0, "category": "QUEUE", "component": "queue", "event": "pop_not_enough", "host": "d6b2a058c4be", "pid": 183871, "queue": "preference", "rank": null, "requested": 4, "ts": "2026-10-04 16:02:06"}
[DBG] {"category": "QUEUE", "component": "queue", "current_version": 0, "event": "BEGIN:queue_list_for_pop", "exact": true, "host": "d6b2a058c4be", "max_lag": 3, "pid": 183871, "queue": "preference", "rank": null, "requested": 4, "ts": "2026-10-04 16:02:06"}
[DBG] {"category": "QUEUE", "component": "queue", "event": "watchdog_armed", "host": "d6b2a058c4be", "pid": 183871, "rank": null, "stage": "queue_list_for_pop", "timeout_sec": 30.0, "ts": "2026-10-04 16:02:06"}
[DBG] {"category": "QUEUE", "component": "queue", "elapsed_sec": 0.001465, "event": "END:queue_list_for_pop", "host": "d6b2a058c4be", "pid": 183871, "rank": null, "ts": "2026-10-04 16:02:06"}
[DBG] {"available": 0, "category": "QUEUE", "component": "queue", "event": "pop_scan", "exact": true, "host": "d6b2a058c4be", "pid": 183871, "queue": "preference", "rank": null, "requested": 4, "selected": 0, "selected_keys": [], "stale": 0, "stale_keys": [], "ts": "2026-10-04 16:02:06"}
[DBG] {"available": 0, "category": "QUEUE", "component": "queue", "event": "pop_not_enough", "host": "d6b2a058c4be", "pid": 183871, "queue": "preference", "rank": null, "requested": 4, "ts": "2026-10-04 16:02:06"}
[DBG] {"category": "QUEUE", "component": "queue", "current_version": 0, "event": "BEGIN:queue_list_for_pop", "exact": true, "host": "d6b2a058c4be", "max_lag": 3, "pid": 183871, "queue": "preference", "rank": null, "requested": 4, "ts": "2026-10-04 16:02:07"}
[DBG] {"category": "QUEUE", "component": "queue", "event": "watchdog_armed", "host": "d6b2a058c4be", "pid": 183871, "rank": null, "stage": "queue_list_for_pop", "timeout_sec": 30.0, "ts": "2026-10-04 16:02:07"}
[DBG] {"category": "QUEUE", "component": "queue", "elapsed_sec": 0.001705, "event": "END:queue_list_for_pop", "host": "d6b2a058c4be", "pid": 183871, "rank": null, "ts": "2026-10-04 16:02:07"}
[DBG] {"available": 0, "category": "QUEUE", "component": "queue", "event": "pop_scan", "exact": true, "host": "d6b2a058c4be", "pid": 183871, "queue": "preference", "rank": null, "requested": 4, "selected": 0, "selected_keys": [], "stale": 0, "stale_keys": [], "ts": "2026-10-04 16:02:07"}
[DBG] {"available": 0, "category": "QUEUE", "component": "queue", "event": "pop_not_enough", "host": "d6b2a058c4be", "pid": 183871, "queue": "preference", "rank": null, "requested": 4, "ts": "2026-10-04 16:02:07"}
[DBG] {"category": "QUEUE", "component": "queue", "current_version": 0, "event": "BEGIN:queue_list_for_pop", "exact": true, "host": "d6b2a058c4be", "max_lag": 3, "pid": 183871, "queue": "preference", "rank": null, "requested": 4, "ts": "2026-10-04 16:02:07"}
[DBG] {"category": "QUEUE", "component": "queue", "event": "watchdog_armed", "host": "d6b2a058c4be", "pid": 183871, "rank": null, "stage": "queue_list_for_pop", "timeout_sec": 30.0, "ts": "2026-10-04 16:02:07"}
[DBG] {"category": "QUEUE", "component": "queue", "elapsed_sec": 0.001217, "event": "END:queue_list_for_pop", "host": "d6b2a058c4be", "pid": 183871, "rank": null, "ts": "2026-10-04 16:02:07"}
[DBG] {"available": 0, "category": "QUEUE", "component": "queue", "event": "pop_scan", "exact": true, "host": "d6b2a058c4be", "pid": 183871, "queue": "preference", "rank": null, "requested": 4, "selected": 0, "selected_keys": [], "stale": 0, "stale_keys": [], "ts": "2026-10-04 16:02:07"}
[DBG] {"available": 0, "category": "QUEUE", "component": "queue", "event": "pop_not_enough", "host": "d6b2a058c4be", "pid": 183871, "queue": "preference", "rank": null, "requested": 4, "ts": "2026-10-04 16:02:07"}
[DBG] {"category": "QUEUE", "component": "queue", "current_version": 0, "event": "BEGIN:queue_list_for_pop", "exact": true, "host": "d6b2a058c4be", "max_lag": 3, "pid": 183871, "queue": "preference", "rank": null, "requested": 4, "ts": "2026-10-04 16:02:08"}
[DBG] {"category": "QUEUE", "component": "queue", "event": "watchdog_armed", "host": "d6b2a058c4be", "pid": 183871, "rank": null, "stage": "queue_list_for_pop", "timeout_sec": 30.0, "ts": "2026-10-04 16:02:08"}
[DBG] {"category": "QUEUE", "component": "queue", "elapsed_sec": 0.001419, "event": "END:queue_list_for_pop", "host": "d6b2a058c4be", "pid": 183871, "rank": null, "ts": "2026-10-04 16:02:08"}
[DBG] {"available": 0, "category": "QUEUE", "component": "queue", "event": "pop_scan", "exact": true, "host": "d6b2a058c4be", "pid": 183871, "queue": "preference", "rank": null, "requested": 4, "selected": 0, "selected_keys": [], "stale": 0, "stale_keys": [], "ts": "2026-10-04 16:02:08"}
[DBG] {"available": 0, "category": "QUEUE", "component": "queue", "event": "pop_not_enough", "host": "d6b2a058c4be", "pid": 183871, "queue": "preference", "rank": null, "requested": 4, "ts": "2026-10-04 16:02:08"}
[DBG] {"category": "QUEUE", "component": "queue", "current_version": 0, "event": "BEGIN:queue_list_for_pop", "exact": true, "host": "d6b2a058c4be", "max_lag": 3, "pid": 183871, "queue": "preference", "rank": null, "requested": 4, "ts": "2026-10-04 16:02:08"}
[DBG] {"category": "QUEUE", "component": "queue", "event": "watchdog_armed", "host": "d6b2a058c4be", "pid": 183871, "rank": null, "stage": "queue_list_for_pop", "timeout_sec": 30.0, "ts": "2026-10-04 16:02:08"}
[DBG] {"category": "QUEUE", "component": "queue", "elapsed_sec": 0.000716, "event": "END:queue_list_for_pop", "host": "d6b2a058c4be", "pid": 183871, "rank": null, "ts": "2026-10-04 16:02:08"}
[DBG] {"available": 0, "category": "QUEUE", "component": "queue", "event": "pop_scan", "exact": true, "host": "d6b2a058c4be", "pid": 183871, "queue": "preference", "rank": null, "requested": 4, "selected": 0, "selected_keys": [], "stale": 0, "stale_keys": [], "ts": "2026-10-04 16:02:08"}
[DBG] {"available": 0, "category": "QUEUE", "component": "queue", "event": "pop_not_enough", "host": "d6b2a058c4be", "pid": 183871, "queue": "preference", "rank": null, "requested": 4, "ts": "2026-10-04 16:02:08"}
[DBG] {"category": "QUEUE", "component": "queue", "current_version": 0, "event": "BEGIN:queue_list_for_pop", "exact": true, "host": "d6b2a058c4be", "max_lag": 3, "pid": 183871, "queue": "preference", "rank": null, "requested": 4, "ts": "2026-10-04 16:02:09"}
[DBG] {"category": "QUEUE", "component": "queue", "event": "watchdog_armed", "host": "d6b2a058c4be", "pid": 183871, "rank": null, "stage": "queue_list_for_pop", "timeout_sec": 30.0, "ts": "2026-10-04 16:02:09"}
[DBG] {"category": "QUEUE", "component": "queue", "elapsed_sec": 0.00201, "event": "END:queue_list_for_pop", "host": "d6b2a058c4be", "pid": 183871, "rank": null, "ts": "2026-10-04 16:02:09"}
[DBG] {"available": 0, "category": "QUEUE", "component": "queue", "event": "pop_scan", "exact": true, "host": "d6b2a058c4be", "pid": 183871, "queue": "preference", "rank": null, "requested": 4, "selected": 0, "selected_keys": [], "stale": 0, "stale_keys": [], "ts": "2026-10-04 16:02:09"}
[DBG] {"available": 0, "category": "QUEUE", "component": "queue", "event": "pop_not_enough", "host": "d6b2a058c4be", "pid": 183871, "queue": "preference", "rank": null, "requested": 4, "ts": "2026-10-04 16:02:09"}
[DBG] {"category": "QUEUE", "component": "queue", "current_version": 0, "event": "BEGIN:queue_list_for_pop", "exact": true, "host": "d6b2a058c4be", "max_lag": 3, "pid": 183871, "queue": "preference", "rank": null, "requested": 4, "ts": "2026-10-04 16:02:09"}
[DBG] {"category": "QUEUE", "component": "queue", "event": "watchdog_armed", "host": "d6b2a058c4be", "pid": 183871, "rank": null, "stage": "queue_list_for_pop", "timeout_sec": 30.0, "ts": "2026-10-04 16:02:09"}
[DBG] {"category": "QUEUE", "component": "queue", "elapsed_sec": 0.001705, "event": "END:queue_list_for_pop", "host": "d6b2a058c4be", "pid": 183871, "rank": null, "ts": "2026-10-04 16:02:09"}
[DBG] {"available": 0, "category": "QUEUE", "component": "queue", "event": "pop_scan", "exact": true, "host": "d6b2a058c4be", "pid": 183871, "queue": "preference", "rank": null, "requested": 4, "selected": 0, "selected_keys": [], "stale": 0, "stale_keys": [], "ts": "2026-10-04 16:02:09"}
[DBG] {"available": 0, "category": "QUEUE", "component": "queue", "event": "pop_not_enough", "host": "d6b2a058c4be", "pid": 183871, "queue": "preference", "rank": null, "requested": 4, "ts": "2026-10-04 16:02:09"}
[DBG] {"category": "QUEUE", "component": "queue", "current_version": 0, "event": "BEGIN:queue_list_for_pop", "exact": true, "host": "d6b2a058c4be", "max_lag": 3, "pid": 183871, "queue": "preference", "rank": null, "requested": 4, "ts": "2026-10-04 16:02:10"}
[DBG] {"category": "QUEUE", "component": "queue", "event": "watchdog_armed", "host": "d6b2a058c4be", "pid": 183871, "rank": null, "stage": "queue_list_for_pop", "timeout_sec": 30.0, "ts": "2026-10-04 16:02:10"}
[DBG] {"category": "QUEUE", "component": "queue", "elapsed_sec": 0.001806, "event": "END:queue_list_for_pop", "host": "d6b2a058c4be", "pid": 183871, "rank": null, "ts": "2026-10-04 16:02:10"}
[DBG] {"available": 0, "category": "QUEUE", "component": "queue", "event": "pop_scan", "exact": true, "host": "d6b2a058c4be", "pid": 183871, "queue": "preference", "rank": null, "requested": 4, "selected": 0, "selected_keys": [], "stale": 0, "stale_keys": [], "ts": "2026-10-04 16:02:10"}
[DBG] {"available": 0, "category": "QUEUE", "component": "queue", "event": "pop_not_enough", "host": "d6b2a058c4be", "pid": 183871, "queue": "preference", "rank": null, "requested": 4, "ts": "2026-10-04 16:02:10"}
[DBG] {"category": "QUEUE", "component": "queue", "current_version": 0, "event": "BEGIN:queue_list_for_pop", "exact": true, "host": "d6b2a058c4be", "max_lag": 3, "pid": 183871, "queue": "preference", "rank": null, "requested": 4, "ts": "2026-10-04 16:02:10"}
[DBG] {"category": "QUEUE", "component": "queue", "event": "watchdog_armed", "host": "d6b2a058c4be", "pid": 183871, "rank": null, "stage": "queue_list_for_pop", "timeout_sec": 30.0, "ts": "2026-10-04 16:02:10"}
[DBG] {"category": "QUEUE", "component": "queue", "elapsed_sec": 0.001419, "event": "END:queue_list_for_pop", "host": "d6b2a058c4be", "pid": 183871, "rank": null, "ts": "2026-10-04 16:02:10"}
[DBG] {"available": 0, "category": "QUEUE", "component": "queue", "event": "pop_scan", "exact": true, "host": "d6b2a058c4be", "pid": 183871, "queue": "preference", "rank": null, "requested": 4, "selected": 0, "selected_keys": [], "stale": 0, "stale_keys": [], "ts": "2026-10-04 16:02:10"}
[DBG] {"available": 0, "category": "QUEUE", "component": "queue", "event": "pop_not_enough", "host": "d6b2a058c4be", "pid": 183871, "queue": "preference", "rank": null, "requested": 4, "ts": "2026-10-04 16:02:10"}
[DBG] {"category": "QUEUE", "component": "queue", "current_version": 0, "event": "BEGIN:queue_list_for_pop", "exact": true, "host": "d6b2a058c4be", "max_lag": 3, "pid": 183871, "queue": "preference", "rank": null, "requested": 4, "ts": "2026-10-04 16:02:11"}
[DBG] {"category": "QUEUE", "component": "queue", "event": "watchdog_armed", "host": "d6b2a058c4be", "pid": 183871, "rank": null, "stage": "queue_list_for_pop", "timeout_sec": 30.0, "ts": "2026-10-04 16:02:11"}
[DBG] {"category": "QUEUE", "component": "queue", "elapsed_sec": 0.001189, "event": "END:queue_list_for_pop", "host": "d6b2a058c4be", "pid": 183871, "rank": null, "ts": "2026-10-04 16:02:11"}
[DBG] {"available": 0, "category": "QUEUE", "component": "queue", "event": "pop_scan", "exact": true, "host": "d6b2a058c4be", "pid": 183871, "queue": "preference", "rank": null, "requested": 4, "selected": 0, "selected_keys": [], "stale": 0, "stale_keys": [], "ts": "2026-10-04 16:02:11"}
[DBG] {"available": 0, "category": "QUEUE", "component": "queue", "event": "pop_not_enough", "host": "d6b2a058c4be", "pid": 183871, "queue": "preference", "rank": null, "requested": 4, "ts": "2026-10-04 16:02:11"}
[DBG] {"category": "QUEUE", "component": "queue", "current_version": 0, "event": "BEGIN:queue_list_for_pop", "exact": true, "host": "d6b2a058c4be", "max_lag": 3, "pid": 183871, "queue": "preference", "rank": null, "requested": 4, "ts": "2026-10-04 16:02:11"}
[DBG] {"category": "QUEUE", "component": "queue", "event": "watchdog_armed", "host": "d6b2a058c4be", "pid": 183871, "rank": null, "stage": "queue_list_for_pop", "timeout_sec": 30.0, "ts": "2026-10-04 16:02:11"}
[DBG] {"category": "QUEUE", "component": "queue", "elapsed_sec": 0.001664, "event": "END:queue_list_for_pop", "host": "d6b2a058c4be", "pid": 183871, "rank": null, "ts": "2026-10-04 16:02:11"}
[DBG] {"available": 0, "category": "QUEUE", "component": "queue", "event": "pop_scan", "exact": true, "host": "d6b2a058c4be", "pid": 183871, "queue": "preference", "rank": null, "requested": 4, "selected": 0, "selected_keys": [], "stale": 0, "stale_keys": [], "ts": "2026-10-04 16:02:11"}
[DBG] {"available": 0, "category": "QUEUE", "component": "queue", "event": "pop_not_enough", "host": "d6b2a058c4be", "pid": 183871, "queue": "preference", "rank": null, "requested": 4, "ts": "2026-10-04 16:02:11"}
[DBG] {"category": "QUEUE", "component": "queue", "current_version": 0, "event": "BEGIN:queue_list_for_pop", "exact": true, "host": "d6b2a058c4be", "max_lag": 3, "pid": 183871, "queue": "preference", "rank": null, "requested": 4, "ts": "2026-10-04 16:02:12"}
[DBG] {"category": "QUEUE", "component": "queue", "event": "watchdog_armed", "host": "d6b2a058c4be", "pid": 183871, "rank": null, "stage": "queue_list_for_pop", "timeout_sec": 30.0, "ts": "2026-10-04 16:02:12"}
[DBG] {"category": "QUEUE", "component": "queue", "elapsed_sec": 0.000871, "event": "END:queue_list_for_pop", "host": "d6b2a058c4be", "pid": 183871, "rank": null, "ts": "2026-10-04 16:02:12"}
[DBG] {"available": 0, "category": "QUEUE", "component": "queue", "event": "pop_scan", "exact": true, "host": "d6b2a058c4be", "pid": 183871, "queue": "preference", "rank": null, "requested": 4, "selected": 0, "selected_keys": [], "stale": 0, "stale_keys": [], "ts": "2026-10-04 16:02:12"}
[DBG] {"available": 0, "category": "QUEUE", "component": "queue", "event": "pop_not_enough", "host": "d6b2a058c4be", "pid": 183871, "queue": "preference", "rank": null, "requested": 4, "ts": "2026-10-04 16:02:12"}
[DBG] {"category": "QUEUE", "component": "queue", "current_version": 0, "event": "BEGIN:queue_list_for_pop", "exact": true, "host": "d6b2a058c4be", "max_lag": 3, "pid": 183871, "queue": "preference", "rank": null, "requested": 4, "ts": "2026-10-04 16:02:12"}
[DBG] {"category": "QUEUE", "component": "queue", "event": "watchdog_armed", "host": "d6b2a058c4be", "pid": 183871, "rank": null, "stage": "queue_list_for_pop", "timeout_sec": 30.0, "ts": "2026-10-04 16:02:12"}
[DBG] {"category": "QUEUE", "component": "queue", "elapsed_sec": 0.001329, "event": "END:queue_list_for_pop", "host": "d6b2a058c4be", "pid": 183871, "rank": null, "ts": "2026-10-04 16:02:12"}
[DBG] {"available": 0, "category": "QUEUE", "component": "queue", "event": "pop_scan", "exact": true, "host": "d6b2a058c4be", "pid": 183871, "queue": "preference", "rank": null, "requested": 4, "selected": 0, "selected_keys": [], "stale": 0, "stale_keys": [], "ts": "2026-10-04 16:02:12"}
[DBG] {"available": 0, "category": "QUEUE", "component": "queue", "event": "pop_not_enough", "host": "d6b2a058c4be", "pid": 183871, "queue": "preference", "rank": null, "requested": 4, "ts": "2026-10-04 16:02:12"}
[DBG] {"category": "QUEUE", "component": "queue", "current_version": 0, "event": "BEGIN:queue_list_for_pop", "exact": true, "host": "d6b2a058c4be", "max_lag": 3, "pid": 183871, "queue": "preference", "rank": null, "requested": 4, "ts": "2026-10-04 16:02:13"}
[DBG] {"category": "QUEUE", "component": "queue", "event": "watchdog_armed", "host": "d6b2a058c4be", "pid": 183871, "rank": null, "stage": "queue_list_for_pop", "timeout_sec": 30.0, "ts": "2026-10-04 16:02:13"}
[DBG] {"category": "QUEUE", "component": "queue", "elapsed_sec": 0.001844, "event": "END:queue_list_for_pop", "host": "d6b2a058c4be", "pid": 183871, "rank": null, "ts": "2026-10-04 16:02:13"}
[DBG] {"available": 0, "category": "QUEUE", "component": "queue", "event": "pop_scan", "exact": true, "host": "d6b2a058c4be", "pid": 183871, "queue": "preference", "rank": null, "requested": 4, "selected": 0, "selected_keys": [], "stale": 0, "stale_keys": [], "ts": "2026-10-04 16:02:13"}
[DBG] {"available": 0, "category": "QUEUE", "component": "queue", "event": "pop_not_enough", "host": "d6b2a058c4be", "pid": 183871, "queue": "preference", "rank": null, "requested": 4, "ts": "2026-10-04 16:02:13"}
[DBG] {"category": "QUEUE", "component": "queue", "current_version": 0, "event": "BEGIN:queue_list_for_pop", "exact": true, "host": "d6b2a058c4be", "max_lag": 3, "pid": 183871, "queue": "preference", "rank": null, "requested": 4, "ts": "2026-10-04 16:02:13"}
[DBG] {"category": "QUEUE", "component": "queue", "event": "watchdog_armed", "host": "d6b2a058c4be", "pid": 183871, "rank": null, "stage": "queue_list_for_pop", "timeout_sec": 30.0, "ts": "2026-10-04 16:02:13"}
[DBG] {"category": "QUEUE", "component": "queue", "elapsed_sec": 0.002037, "event": "END:queue_list_for_pop", "host": "d6b2a058c4be", "pid": 183871, "rank": null, "ts": "2026-10-04 16:02:13"}
[DBG] {"available": 0, "category": "QUEUE", "component": "queue", "event": "pop_scan", "exact": true, "host": "d6b2a058c4be", "pid": 183871, "queue": "preference", "rank": null, "requested": 4, "selected": 0, "selected_keys": [], "stale": 0, "stale_keys": [], "ts": "2026-10-04 16:02:13"}
[DBG] {"available": 0, "category": "QUEUE", "component": "queue", "event": "pop_not_enough", "host": "d6b2a058c4be", "pid": 183871, "queue": "preference", "rank": null, "requested": 4, "ts": "2026-10-04 16:02:13"}
[DBG] {"category": "QUEUE", "component": "queue", "current_version": 0, "event": "BEGIN:queue_list_for_pop", "exact": true, "host": "d6b2a058c4be", "max_lag": 3, "pid": 183871, "queue": "preference", "rank": null, "requested": 4, "ts": "2026-10-04 16:02:14"}
[DBG] {"category": "QUEUE", "component": "queue", "event": "watchdog_armed", "host": "d6b2a058c4be", "pid": 183871, "rank": null, "stage": "queue_list_for_pop", "timeout_sec": 30.0, "ts": "2026-10-04 16:02:14"}
[DBG] {"category": "QUEUE", "component": "queue", "elapsed_sec": 0.001534, "event": "END:queue_list_for_pop", "host": "d6b2a058c4be", "pid": 183871, "rank": null, "ts": "2026-10-04 16:02:14"}
[DBG] {"available": 0, "category": "QUEUE", "component": "queue", "event": "pop_scan", "exact": true, "host": "d6b2a058c4be", "pid": 183871, "queue": "preference", "rank": null, "requested": 4, "selected": 0, "selected_keys": [], "stale": 0, "stale_keys": [], "ts": "2026-10-04 16:02:14"}
[DBG] {"available": 0, "category": "QUEUE", "component": "queue", "event": "pop_not_enough", "host": "d6b2a058c4be", "pid": 183871, "queue": "preference", "rank": null, "requested": 4, "ts": "2026-10-04 16:02:14"}
[DBG] {"category": "QUEUE", "component": "queue", "current_version": 0, "event": "BEGIN:queue_list_for_pop", "exact": true, "host": "d6b2a058c4be", "max_lag": 3, "pid": 183871, "queue": "preference", "rank": null, "requested": 4, "ts": "2026-10-04 16:02:14"}
[DBG] {"category": "QUEUE", "component": "queue", "event": "watchdog_armed", "host": "d6b2a058c4be", "pid": 183871, "rank": null, "stage": "queue_list_for_pop", "timeout_sec": 30.0, "ts": "2026-10-04 16:02:14"}
[DBG] {"category": "QUEUE", "component": "queue", "elapsed_sec": 0.001669, "event": "END:queue_list_for_pop", "host": "d6b2a058c4be", "pid": 183871, "rank": null, "ts": "2026-10-04 16:02:14"}
[DBG] {"available": 0, "category": "QUEUE", "component": "queue", "event": "pop_scan", "exact": true, "host": "d6b2a058c4be", "pid": 183871, "queue": "preference", "rank": null, "requested": 4, "selected": 0, "selected_keys": [], "stale": 0, "stale_keys": [], "ts": "2026-10-04 16:02:14"}
[DBG] {"available": 0, "category": "QUEUE", "component": "queue", "event": "pop_not_enough", "host": "d6b2a058c4be", "pid": 183871, "queue": "preference", "rank": null, "requested": 4, "ts": "2026-10-04 16:02:14"}
[DBG] {"category": "QUEUE", "component": "queue", "current_version": 0, "event": "BEGIN:queue_list_for_pop", "exact": true, "host": "d6b2a058c4be", "max_lag": 3, "pid": 183871, "queue": "preference", "rank": null, "requested": 4, "ts": "2026-10-04 16:02:15"}
[DBG] {"category": "QUEUE", "component": "queue", "event": "watchdog_armed", "host": "d6b2a058c4be", "pid": 183871, "rank": null, "stage": "queue_list_for_pop", "timeout_sec": 30.0, "ts": "2026-10-04 16:02:15"}
[DBG] {"category": "QUEUE", "component": "queue", "elapsed_sec": 0.001478, "event": "END:queue_list_for_pop", "host": "d6b2a058c4be", "pid": 183871, "rank": null, "ts": "2026-10-04 16:02:15"}
[DBG] {"available": 0, "category": "QUEUE", "component": "queue", "event": "pop_scan", "exact": true, "host": "d6b2a058c4be", "pid": 183871, "queue": "preference", "rank": null, "requested": 4, "selected": 0, "selected_keys": [], "stale": 0, "stale_keys": [], "ts": "2026-10-04 16:02:15"}
[DBG] {"available": 0, "category": "QUEUE", "component": "queue", "event": "pop_not_enough", "host": "d6b2a058c4be", "pid": 183871, "queue": "preference", "rank": null, "requested": 4, "ts": "2026-10-04 16:02:15"}
[DBG] {"category": "QUEUE", "component": "queue", "current_version": 0, "event": "BEGIN:queue_list_for_pop", "exact": true, "host": "d6b2a058c4be", "max_lag": 3, "pid": 183871, "queue": "preference", "rank": null, "requested": 4, "ts": "2026-10-04 16:02:15"}
[DBG] {"category": "QUEUE", "component": "queue", "event": "watchdog_armed", "host": "d6b2a058c4be", "pid": 183871, "rank": null, "stage": "queue_list_for_pop", "timeout_sec": 30.0, "ts": "2026-10-04 16:02:15"}
[DBG] {"category": "QUEUE", "component": "queue", "elapsed_sec": 0.002032, "event": "END:queue_list_for_pop", "host": "d6b2a058c4be", "pid": 183871, "rank": null, "ts": "2026-10-04 16:02:15"}
[DBG] {"available": 0, "category": "QUEUE", "component": "queue", "event": "pop_scan", "exact": true, "host": "d6b2a058c4be", "pid": 183871, "queue": "preference", "rank": null, "requested": 4, "selected": 0, "selected_keys": [], "stale": 0, "stale_keys": [], "ts": "2026-10-04 16:02:15"}
[DBG] {"available": 0, "category": "QUEUE", "component": "queue", "event": "pop_not_enough", "host": "d6b2a058c4be", "pid": 183871, "queue": "preference", "rank": null, "requested": 4, "ts": "2026-10-04 16:02:15"}
[DBG] {"category": "QUEUE", "component": "queue", "current_version": 0, "event": "BEGIN:queue_list_for_pop", "exact": true, "host": "d6b2a058c4be", "max_lag": 3, "pid": 183871, "queue": "preference", "rank": null, "requested": 4, "ts": "2026-10-04 16:02:16"}
[DBG] {"category": "QUEUE", "component": "queue", "event": "watchdog_armed", "host": "d6b2a058c4be", "pid": 183871, "rank": null, "stage": "queue_list_for_pop", "timeout_sec": 30.0, "ts": "2026-10-04 16:02:16"}
[DBG] {"category": "QUEUE", "component": "queue", "elapsed_sec": 0.002018, "event": "END:queue_list_for_pop", "host": "d6b2a058c4be", "pid": 183871, "rank": null, "ts": "2026-10-04 16:02:16"}
[DBG] {"available": 0, "category": "QUEUE", "component": "queue", "event": "pop_scan", "exact": true, "host": "d6b2a058c4be", "pid": 183871, "queue": "preference", "rank": null, "requested": 4, "selected": 0, "selected_keys": [], "stale": 0, "stale_keys": [], "ts": "2026-10-04 16:02:16"}
[DBG] {"available": 0, "category": "QUEUE", "component": "queue", "event": "pop_not_enough", "host": "d6b2a058c4be", "pid": 183871, "queue": "preference", "rank": null, "requested": 4, "ts": "2026-10-04 16:02:16"}
[DBG] {"category": "QUEUE", "component": "queue", "current_version": 0, "event": "BEGIN:queue_list_for_pop", "exact": true, "host": "d6b2a058c4be", "max_lag": 3, "pid": 183871, "queue": "preference", "rank": null, "requested": 4, "ts": "2026-10-04 16:02:16"}
[DBG] {"category": "QUEUE", "component": "queue", "event": "watchdog_armed", "host": "d6b2a058c4be", "pid": 183871, "rank": null, "stage": "queue_list_for_pop", "timeout_sec": 30.0, "ts": "2026-10-04 16:02:16"}
[DBG] {"category": "QUEUE", "component": "queue", "elapsed_sec": 0.001662, "event": "END:queue_list_for_pop", "host": "d6b2a058c4be", "pid": 183871, "rank": null, "ts": "2026-10-04 16:02:16"}
[DBG] {"available": 0, "category": "QUEUE", "component": "queue", "event": "pop_scan", "exact": true, "host": "d6b2a058c4be", "pid": 183871, "queue": "preference", "rank": null, "requested": 4, "selected": 0, "selected_keys": [], "stale": 0, "stale_keys": [], "ts": "2026-10-04 16:02:16"}
[DBG] {"available": 0, "category": "QUEUE", "component": "queue", "event": "pop_not_enough", "host": "d6b2a058c4be", "pid": 183871, "queue": "preference", "rank": null, "requested": 4, "ts": "2026-10-04 16:02:16"}
[DBG] {"category": "QUEUE", "component": "queue", "current_version": 0, "event": "BEGIN:queue_list_for_pop", "exact": true, "host": "d6b2a058c4be", "max_lag": 3, "pid": 183871, "queue": "preference", "rank": null, "requested": 4, "ts": "2026-10-04 16:02:17"}
[DBG] {"category": "QUEUE", "component": "queue", "event": "watchdog_armed", "host": "d6b2a058c4be", "pid": 183871, "rank": null, "stage": "queue_list_for_pop", "timeout_sec": 30.0, "ts": "2026-10-04 16:02:17"}
[DBG] {"category": "QUEUE", "component": "queue", "elapsed_sec": 0.001689, "event": "END:queue_list_for_pop", "host": "d6b2a058c4be", "pid": 183871, "rank": null, "ts": "2026-10-04 16:02:17"}
[DBG] {"available": 0, "category": "QUEUE", "component": "queue", "event": "pop_scan", "exact": true, "host": "d6b2a058c4be", "pid": 183871, "queue": "preference", "rank": null, "requested": 4, "selected": 0, "selected_keys": [], "stale": 0, "stale_keys": [], "ts": "2026-10-04 16:02:17"}
[DBG] {"available": 0, "category": "QUEUE", "component": "queue", "event": "pop_not_enough", "host": "d6b2a058c4be", "pid": 183871, "queue": "preference", "rank": null, "requested": 4, "ts": "2026-10-04 16:02:17"}
[DBG] {"category": "QUEUE", "component": "queue", "current_version": 0, "event": "BEGIN:queue_list_for_pop", "exact": true, "host": "d6b2a058c4be", "max_lag": 3, "pid": 183871, "queue": "preference", "rank": null, "requested": 4, "ts": "2026-10-04 16:02:18"}
[DBG] {"category": "QUEUE", "component": "queue", "event": "watchdog_armed", "host": "d6b2a058c4be", "pid": 183871, "rank": null, "stage": "queue_list_for_pop", "timeout_sec": 30.0, "ts": "2026-10-04 16:02:18"}
[DBG] {"category": "QUEUE", "component": "queue", "elapsed_sec": 0.001019, "event": "END:queue_list_for_pop", "host": "d6b2a058c4be", "pid": 183871, "rank": null, "ts": "2026-10-04 16:02:18"}
[DBG] {"available": 0, "category": "QUEUE", "component": "queue", "event": "pop_scan", "exact": true, "host": "d6b2a058c4be", "pid": 183871, "queue": "preference", "rank": null, "requested": 4, "selected": 0, "selected_keys": [], "stale": 0, "stale_keys": [], "ts": "2026-10-04 16:02:18"}
[DBG] {"available": 0, "category": "QUEUE", "component": "queue", "event": "pop_not_enough", "host": "d6b2a058c4be", "pid": 183871, "queue": "preference", "rank": null, "requested": 4, "ts": "2026-10-04 16:02:18"}
[DBG] {"category": "QUEUE", "component": "queue", "current_version": 0, "event": "BEGIN:queue_list_for_pop", "exact": true, "host": "d6b2a058c4be", "max_lag": 3, "pid": 183871, "queue": "preference", "rank": null, "requested": 4, "ts": "2026-10-04 16:02:18"}
[DBG] {"category": "QUEUE", "component": "queue", "event": "watchdog_armed", "host": "d6b2a058c4be", "pid": 183871, "rank": null, "stage": "queue_list_for_pop", "timeout_sec": 30.0, "ts": "2026-10-04 16:02:18"}
[DBG] {"category": "QUEUE", "component": "queue", "elapsed_sec": 0.001467, "event": "END:queue_list_for_pop", "host": "d6b2a058c4be", "pid": 183871, "rank": null, "ts": "2026-10-04 16:02:18"}
[DBG] {"available": 0, "category": "QUEUE", "component": "queue", "event": "pop_scan", "exact": true, "host": "d6b2a058c4be", "pid": 183871, "queue": "preference", "rank": null, "requested": 4, "selected": 0, "selected_keys": [], "stale": 0, "stale_keys": [], "ts": "2026-10-04 16:02:18"}
[DBG] {"available": 0, "category": "QUEUE", "component": "queue", "event": "pop_not_enough", "host": "d6b2a058c4be", "pid": 183871, "queue": "preference", "rank": null, "requested": 4, "ts": "2026-10-04 16:02:18"}
[DBG] {"category": "QUEUE", "component": "queue", "current_version": 0, "event": "BEGIN:queue_list_for_pop", "exact": true, "host": "d6b2a058c4be", "max_lag": 3, "pid": 183871, "queue": "preference", "rank": null, "requested": 4, "ts": "2026-10-04 16:02:19"}
[DBG] {"category": "QUEUE", "component": "queue", "event": "watchdog_armed", "host": "d6b2a058c4be", "pid": 183871, "rank": null, "stage": "queue_list_for_pop", "timeout_sec": 30.0, "ts": "2026-10-04 16:02:19"}
[DBG] {"category": "QUEUE", "component": "queue", "elapsed_sec": 0.000933, "event": "END:queue_list_for_pop", "host": "d6b2a058c4be", "pid": 183871, "rank": null, "ts": "2026-10-04 16:02:19"}
[DBG] {"available": 0, "category": "QUEUE", "component": "queue", "event": "pop_scan", "exact": true, "host": "d6b2a058c4be", "pid": 183871, "queue": "preference", "rank": null, "requested": 4, "selected": 0, "selected_keys": [], "stale": 0, "stale_keys": [], "ts": "2026-10-04 16:02:19"}
[DBG] {"available": 0, "category": "QUEUE", "component": "queue", "event": "pop_not_enough", "host": "d6b2a058c4be", "pid": 183871, "queue": "preference", "rank": null, "requested": 4, "ts": "2026-10-04 16:02:19"}
[DBG] {"category": "QUEUE", "component": "queue", "current_version": 0, "event": "BEGIN:queue_list_for_pop", "exact": true, "host": "d6b2a058c4be", "max_lag": 3, "pid": 183871, "queue": "preference", "rank": null, "requested": 4, "ts": "2026-10-04 16:02:19"}
[DBG] {"category": "QUEUE", "component": "queue", "event": "watchdog_armed", "host": "d6b2a058c4be", "pid": 183871, "rank": null, "stage": "queue_list_for_pop", "timeout_sec": 30.0, "ts": "2026-10-04 16:02:19"}
[DBG] {"category": "QUEUE", "component": "queue", "elapsed_sec": 0.0017, "event": "END:queue_list_for_pop", "host": "d6b2a058c4be", "pid": 183871, "rank": null, "ts": "2026-10-04 16:02:19"}
[DBG] {"available": 0, "category": "QUEUE", "component": "queue", "event": "pop_scan", "exact": true, "host": "d6b2a058c4be", "pid": 183871, "queue": "preference", "rank": null, "requested": 4, "selected": 0, "selected_keys": [], "stale": 0, "stale_keys": [], "ts": "2026-10-04 16:02:19"}
[DBG] {"available": 0, "category": "QUEUE", "component": "queue", "event": "pop_not_enough", "host": "d6b2a058c4be", "pid": 183871, "queue": "preference", "rank": null, "requested": 4, "ts": "2026-10-04 16:02:19"}
[DBG] {"category": "QUEUE", "component": "queue", "current_version": 0, "event": "BEGIN:queue_list_for_pop", "exact": true, "host": "d6b2a058c4be", "max_lag": 3, "pid": 183871, "queue": "preference", "rank": null, "requested": 4, "ts": "2026-10-04 16:02:20"}
[DBG] {"category": "QUEUE", "component": "queue", "event": "watchdog_armed", "host": "d6b2a058c4be", "pid": 183871, "rank": null, "stage": "queue_list_for_pop", "timeout_sec": 30.0, "ts": "2026-10-04 16:02:20"}
[DBG] {"category": "QUEUE", "component": "queue", "elapsed_sec": 0.001252, "event": "END:queue_list_for_pop", "host": "d6b2a058c4be", "pid": 183871, "rank": null, "ts": "2026-10-04 16:02:20"}
[DBG] {"available": 0, "category": "QUEUE", "component": "queue", "event": "pop_scan", "exact": true, "host": "d6b2a058c4be", "pid": 183871, "queue": "preference", "rank": null, "requested": 4, "selected": 0, "selected_keys": [], "stale": 0, "stale_keys": [], "ts": "2026-10-04 16:02:20"}
[DBG] {"available": 0, "category": "QUEUE", "component": "queue", "event": "pop_not_enough", "host": "d6b2a058c4be", "pid": 183871, "queue": "preference", "rank": null, "requested": 4, "ts": "2026-10-04 16:02:20"}
[DBG] {"category": "QUEUE", "component": "queue", "current_version": 0, "event": "BEGIN:queue_list_for_pop", "exact": true, "host": "d6b2a058c4be", "max_lag": 3, "pid": 183871, "queue": "preference", "rank": null, "requested": 4, "ts": "2026-10-04 16:02:20"}
[DBG] {"category": "QUEUE", "component": "queue", "event": "watchdog_armed", "host": "d6b2a058c4be", "pid": 183871, "rank": null, "stage": "queue_list_for_pop", "timeout_sec": 30.0, "ts": "2026-10-04 16:02:20"}
[DBG] {"category": "QUEUE", "component": "queue", "elapsed_sec": 0.002676, "event": "END:queue_list_for_pop", "host": "d6b2a058c4be", "pid": 183871, "rank": null, "ts": "2026-10-04 16:02:20"}
[DBG] {"available": 0, "category": "QUEUE", "component": "queue", "event": "pop_scan", "exact": true, "host": "d6b2a058c4be", "pid": 183871, "queue": "preference", "rank": null, "requested": 4, "selected": 0, "selected_keys": [], "stale": 0, "stale_keys": [], "ts": "2026-10-04 16:02:20"}
[DBG] {"available": 0, "category": "QUEUE", "component": "queue", "event": "pop_not_enough", "host": "d6b2a058c4be", "pid": 183871, "queue": "preference", "rank": null, "requested": 4, "ts": "2026-10-04 16:02:20"}
[DBG] {"category": "QUEUE", "component": "queue", "current_version": 0, "event": "BEGIN:queue_list_for_pop", "exact": true, "host": "d6b2a058c4be", "max_lag": 3, "pid": 183871, "queue": "preference", "rank": null, "requested": 4, "ts": "2026-10-04 16:02:21"}
[DBG] {"category": "QUEUE", "component": "queue", "event": "watchdog_armed", "host": "d6b2a058c4be", "pid": 183871, "rank": null, "stage": "queue_list_for_pop", "timeout_sec": 30.0, "ts": "2026-10-04 16:02:21"}
[DBG] {"category": "QUEUE", "component": "queue", "elapsed_sec": 0.002642, "event": "END:queue_list_for_pop", "host": "d6b2a058c4be", "pid": 183871, "rank": null, "ts": "2026-10-04 16:02:21"}
[DBG] {"available": 0, "category": "QUEUE", "component": "queue", "event": "pop_scan", "exact": true, "host": "d6b2a058c4be", "pid": 183871, "queue": "preference", "rank": null, "requested": 4, "selected": 0, "selected_keys": [], "stale": 0, "stale_keys": [], "ts": "2026-10-04 16:02:21"}
[DBG] {"available": 0, "category": "QUEUE", "component": "queue", "event": "pop_not_enough", "host": "d6b2a058c4be", "pid": 183871, "queue": "preference", "rank": null, "requested": 4, "ts": "2026-10-04 16:02:21"}
[DBG] {"category": "QUEUE", "component": "queue", "current_version": 0, "event": "BEGIN:queue_list_for_pop", "exact": true, "host": "d6b2a058c4be", "max_lag": 3, "pid": 183871, "queue": "preference", "rank": null, "requested": 4, "ts": "2026-10-04 16:02:21"}
[DBG] {"category": "QUEUE", "component": "queue", "event": "watchdog_armed", "host": "d6b2a058c4be", "pid": 183871, "rank": null, "stage": "queue_list_for_pop", "timeout_sec": 30.0, "ts": "2026-10-04 16:02:21"}
[DBG] {"category": "QUEUE", "component": "queue", "elapsed_sec": 0.002544, "event": "END:queue_list_for_pop", "host": "d6b2a058c4be", "pid": 183871, "rank": null, "ts": "2026-10-04 16:02:21"}
[DBG] {"available": 0, "category": "QUEUE", "component": "queue", "event": "pop_scan", "exact": true, "host": "d6b2a058c4be", "pid": 183871, "queue": "preference", "rank": null, "requested": 4, "selected": 0, "selected_keys": [], "stale": 0, "stale_keys": [], "ts": "2026-10-04 16:02:21"}
[DBG] {"available": 0, "category": "QUEUE", "component": "queue", "event": "pop_not_enough", "host": "d6b2a058c4be", "pid": 183871, "queue": "preference", "rank": null, "requested": 4, "ts": "2026-10-04 16:02:21"}
[DBG] {"category": "QUEUE", "component": "queue", "current_version": 0, "event": "BEGIN:queue_list_for_pop", "exact": true, "host": "d6b2a058c4be", "max_lag": 3, "pid": 183871, "queue": "preference", "rank": null, "requested": 4, "ts": "2026-10-04 16:02:22"}
[DBG] {"category": "QUEUE", "component": "queue", "event": "watchdog_armed", "host": "d6b2a058c4be", "pid": 183871, "rank": null, "stage": "queue_list_for_pop", "timeout_sec": 30.0, "ts": "2026-10-04 16:02:22"}
[DBG] {"category": "QUEUE", "component": "queue", "elapsed_sec": 0.003151, "event": "END:queue_list_for_pop", "host": "d6b2a058c4be", "pid": 183871, "rank": null, "ts": "2026-10-04 16:02:22"}
[DBG] {"available": 0, "category": "QUEUE", "component": "queue", "event": "pop_scan", "exact": true, "host": "d6b2a058c4be", "pid": 183871, "queue": "preference", "rank": null, "requested": 4, "selected": 0, "selected_keys": [], "stale": 0, "stale_keys": [], "ts": "2026-10-04 16:02:22"}
[DBG] {"available": 0, "category": "QUEUE", "component": "queue", "event": "pop_not_enough", "host": "d6b2a058c4be", "pid": 183871, "queue": "preference", "rank": null, "requested": 4, "ts": "2026-10-04 16:02:22"}
[DBG] {"category": "QUEUE", "component": "queue", "current_version": 0, "event": "BEGIN:queue_list_for_pop", "exact": true, "host": "d6b2a058c4be", "max_lag": 3, "pid": 183871, "queue": "preference", "rank": null, "requested": 4, "ts": "2026-10-04 16:02:22"}
[DBG] {"category": "QUEUE", "component": "queue", "event": "watchdog_armed", "host": "d6b2a058c4be", "pid": 183871, "rank": null, "stage": "queue_list_for_pop", "timeout_sec": 30.0, "ts": "2026-10-04 16:02:22"}
[DBG] {"category": "QUEUE", "component": "queue", "elapsed_sec": 0.00322, "event": "END:queue_list_for_pop", "host": "d6b2a058c4be", "pid": 183871, "rank": null, "ts": "2026-10-04 16:02:22"}
[DBG] {"available": 0, "category": "QUEUE", "component": "queue", "event": "pop_scan", "exact": true, "host": "d6b2a058c4be", "pid": 183871, "queue": "preference", "rank": null, "requested": 4, "selected": 0, "selected_keys": [], "stale": 0, "stale_keys": [], "ts": "2026-10-04 16:02:22"}
[DBG] {"available": 0, "category": "QUEUE", "component": "queue", "event": "pop_not_enough", "host": "d6b2a058c4be", "pid": 183871, "queue": "preference", "rank": null, "requested": 4, "ts": "2026-10-04 16:02:22"}
[DBG] {"category": "QUEUE", "component": "queue", "current_version": 0, "event": "BEGIN:queue_list_for_pop", "exact": true, "host": "d6b2a058c4be", "max_lag": 3, "pid": 183871, "queue": "preference", "rank": null, "requested": 4, "ts": "2026-10-04 16:02:23"}
[DBG] {"category": "QUEUE", "component": "queue", "event": "watchdog_armed", "host": "d6b2a058c4be", "pid": 183871, "rank": null, "stage": "queue_list_for_pop", "timeout_sec": 30.0, "ts": "2026-10-04 16:02:23"}
[DBG] {"category": "QUEUE", "component": "queue", "elapsed_sec": 0.003255, "event": "END:queue_list_for_pop", "host": "d6b2a058c4be", "pid": 183871, "rank": null, "ts": "2026-10-04 16:02:23"}
[DBG] {"available": 0, "category": "QUEUE", "component": "queue", "event": "pop_scan", "exact": true, "host": "d6b2a058c4be", "pid": 183871, "queue": "preference", "rank": null, "requested": 4, "selected": 0, "selected_keys": [], "stale": 0, "stale_keys": [], "ts": "2026-10-04 16:02:23"}
[DBG] {"available": 0, "category": "QUEUE", "component": "queue", "event": "pop_not_enough", "host": "d6b2a058c4be", "pid": 183871, "queue": "preference", "rank": null, "requested": 4, "ts": "2026-10-04 16:02:23"}
[DBG] {"category": "QUEUE", "component": "queue", "current_version": 0, "event": "BEGIN:queue_list_for_pop", "exact": true, "host": "d6b2a058c4be", "max_lag": 3, "pid": 183871, "queue": "preference", "rank": null, "requested": 4, "ts": "2026-10-04 16:02:23"}
[DBG] {"category": "QUEUE", "component": "queue", "event": "watchdog_armed", "host": "d6b2a058c4be", "pid": 183871, "rank": null, "stage": "queue_list_for_pop", "timeout_sec": 30.0, "ts": "2026-10-04 16:02:23"}
[DBG] {"category": "QUEUE", "component": "queue", "elapsed_sec": 0.003193, "event": "END:queue_list_for_pop", "host": "d6b2a058c4be", "pid": 183871, "rank": null, "ts": "2026-10-04 16:02:23"}
[DBG] {"available": 0, "category": "QUEUE", "component": "queue", "event": "pop_scan", "exact": true, "host": "d6b2a058c4be", "pid": 183871, "queue": "preference", "rank": null, "requested": 4, "selected": 0, "selected_keys": [], "stale": 0, "stale_keys": [], "ts": "2026-10-04 16:02:23"}
[DBG] {"available": 0, "category": "QUEUE", "component": "queue", "event": "pop_not_enough", "host": "d6b2a058c4be", "pid": 183871, "queue": "preference", "rank": null, "requested": 4, "ts": "2026-10-04 16:02:23"}
[DBG] {"category": "QUEUE", "component": "queue", "current_version": 0, "event": "BEGIN:queue_list_for_pop", "exact": true, "host": "d6b2a058c4be", "max_lag": 3, "pid": 183871, "queue": "preference", "rank": null, "requested": 4, "ts": "2026-10-04 16:02:24"}
[DBG] {"category": "QUEUE", "component": "queue", "event": "watchdog_armed", "host": "d6b2a058c4be", "pid": 183871, "rank": null, "stage": "queue_list_for_pop", "timeout_sec": 30.0, "ts": "2026-10-04 16:02:24"}
[DBG] {"category": "QUEUE", "component": "queue", "elapsed_sec": 0.002477, "event": "END:queue_list_for_pop", "host": "d6b2a058c4be", "pid": 183871, "rank": null, "ts": "2026-10-04 16:02:24"}
[DBG] {"available": 0, "category": "QUEUE", "component": "queue", "event": "pop_scan", "exact": true, "host": "d6b2a058c4be", "pid": 183871, "queue": "preference", "rank": null, "requested": 4, "selected": 0, "selected_keys": [], "stale": 0, "stale_keys": [], "ts": "2026-10-04 16:02:24"}
[DBG] {"available": 0, "category": "QUEUE", "component": "queue", "event": "pop_not_enough", "host": "d6b2a058c4be", "pid": 183871, "queue": "preference", "rank": null, "requested": 4, "ts": "2026-10-04 16:02:24"}
[DBG] {"category": "QUEUE", "component": "queue", "current_version": 0, "event": "BEGIN:queue_list_for_pop", "exact": true, "host": "d6b2a058c4be", "max_lag": 3, "pid": 183871, "queue": "preference", "rank": null, "requested": 4, "ts": "2026-10-04 16:02:24"}
[DBG] {"category": "QUEUE", "component": "queue", "event": "watchdog_armed", "host": "d6b2a058c4be", "pid": 183871, "rank": null, "stage": "queue_list_for_pop", "timeout_sec": 30.0, "ts": "2026-10-04 16:02:24"}
[DBG] {"category": "QUEUE", "component": "queue", "elapsed_sec": 0.001804, "event": "END:queue_list_for_pop", "host": "d6b2a058c4be", "pid": 183871, "rank": null, "ts": "2026-10-04 16:02:24"}
[DBG] {"available": 0, "category": "QUEUE", "component": "queue", "event": "pop_scan", "exact": true, "host": "d6b2a058c4be", "pid": 183871, "queue": "preference", "rank": null, "requested": 4, "selected": 0, "selected_keys": [], "stale": 0, "stale_keys": [], "ts": "2026-10-04 16:02:24"}
[DBG] {"available": 0, "category": "QUEUE", "component": "queue", "event": "pop_not_enough", "host": "d6b2a058c4be", "pid": 183871, "queue": "preference", "rank": null, "requested": 4, "ts": "2026-10-04 16:02:24"}
[DBG] {"category": "QUEUE", "component": "queue", "current_version": 0, "event": "BEGIN:queue_list_for_pop", "exact": true, "host": "d6b2a058c4be", "max_lag": 3, "pid": 183871, "queue": "preference", "rank": null, "requested": 4, "ts": "2026-10-04 16:02:25"}
[DBG] {"category": "QUEUE", "component": "queue", "event": "watchdog_armed", "host": "d6b2a058c4be", "pid": 183871, "rank": null, "stage": "queue_list_for_pop", "timeout_sec": 30.0, "ts": "2026-10-04 16:02:25"}
[DBG] {"category": "QUEUE", "component": "queue", "elapsed_sec": 0.00181, "event": "END:queue_list_for_pop", "host": "d6b2a058c4be", "pid": 183871, "rank": null, "ts": "2026-10-04 16:02:25"}
[DBG] {"available": 0, "category": "QUEUE", "component": "queue", "event": "pop_scan", "exact": true, "host": "d6b2a058c4be", "pid": 183871, "queue": "preference", "rank": null, "requested": 4, "selected": 0, "selected_keys": [], "stale": 0, "stale_keys": [], "ts": "2026-10-04 16:02:25"}
[DBG] {"available": 0, "category": "QUEUE", "component": "queue", "event": "pop_not_enough", "host": "d6b2a058c4be", "pid": 183871, "queue": "preference", "rank": null, "requested": 4, "ts": "2026-10-04 16:02:25"}
[DBG] {"category": "QUEUE", "component": "queue", "current_version": 0, "event": "BEGIN:queue_list_for_pop", "exact": true, "host": "d6b2a058c4be", "max_lag": 3, "pid": 183871, "queue": "preference", "rank": null, "requested": 4, "ts": "2026-10-04 16:02:25"}
[DBG] {"category": "QUEUE", "component": "queue", "event": "watchdog_armed", "host": "d6b2a058c4be", "pid": 183871, "rank": null, "stage": "queue_list_for_pop", "timeout_sec": 30.0, "ts": "2026-10-04 16:02:25"}
[DBG] {"category": "QUEUE", "component": "queue", "elapsed_sec": 0.001713, "event": "END:queue_list_for_pop", "host": "d6b2a058c4be", "pid": 183871, "rank": null, "ts": "2026-10-04 16:02:25"}
[DBG] {"available": 0, "category": "QUEUE", "component": "queue", "event": "pop_scan", "exact": true, "host": "d6b2a058c4be", "pid": 183871, "queue": "preference", "rank": null, "requested": 4, "selected": 0, "selected_keys": [], "stale": 0, "stale_keys": [], "ts": "2026-10-04 16:02:25"}
[DBG] {"available": 0, "category": "QUEUE", "component": "queue", "event": "pop_not_enough", "host": "d6b2a058c4be", "pid": 183871, "queue": "preference", "rank": null, "requested": 4, "ts": "2026-10-04 16:02:25"}
[DBG] {"category": "QUEUE", "component": "queue", "current_version": 0, "event": "BEGIN:queue_list_for_pop", "exact": true, "host": "d6b2a058c4be", "max_lag": 3, "pid": 183871, "queue": "preference", "rank": null, "requested": 4, "ts": "2026-10-04 16:02:26"}
[DBG] {"category": "QUEUE", "component": "queue", "event": "watchdog_armed", "host": "d6b2a058c4be", "pid": 183871, "rank": null, "stage": "queue_list_for_pop", "timeout_sec": 30.0, "ts": "2026-10-04 16:02:26"}
[DBG] {"category": "QUEUE", "component": "queue", "elapsed_sec": 0.002025, "event": "END:queue_list_for_pop", "host": "d6b2a058c4be", "pid": 183871, "rank": null, "ts": "2026-10-04 16:02:26"}
[DBG] {"available": 0, "category": "QUEUE", "component": "queue", "event": "pop_scan", "exact": true, "host": "d6b2a058c4be", "pid": 183871, "queue": "preference", "rank": null, "requested": 4, "selected": 0, "selected_keys": [], "stale": 0, "stale_keys": [], "ts": "2026-10-04 16:02:26"}
[DBG] {"available": 0, "category": "QUEUE", "component": "queue", "event": "pop_not_enough", "host": "d6b2a058c4be", "pid": 183871, "queue": "preference", "rank": null, "requested": 4, "ts": "2026-10-04 16:02:26"}
[DBG] {"category": "QUEUE", "component": "queue", "current_version": 0, "event": "BEGIN:queue_list_for_pop", "exact": true, "host": "d6b2a058c4be", "max_lag": 3, "pid": 183871, "queue": "preference", "rank": null, "requested": 4, "ts": "2026-10-04 16:02:26"}
[DBG] {"category": "QUEUE", "component": "queue", "event": "watchdog_armed", "host": "d6b2a058c4be", "pid": 183871, "rank": null, "stage": "queue_list_for_pop", "timeout_sec": 30.0, "ts": "2026-10-04 16:02:26"}
[DBG] {"category": "QUEUE", "component": "queue", "elapsed_sec": 0.001753, "event": "END:queue_list_for_pop", "host": "d6b2a058c4be", "pid": 183871, "rank": null, "ts": "2026-10-04 16:02:26"}
[DBG] {"available": 0, "category": "QUEUE", "component": "queue", "event": "pop_scan", "exact": true, "host": "d6b2a058c4be", "pid": 183871, "queue": "preference", "rank": null, "requested": 4, "selected": 0, "selected_keys": [], "stale": 0, "stale_keys": [], "ts": "2026-10-04 16:02:26"}
[DBG] {"available": 0, "category": "QUEUE", "component": "queue", "event": "pop_not_enough", "host": "d6b2a058c4be", "pid": 183871, "queue": "preference", "rank": null, "requested": 4, "ts": "2026-10-04 16:02:26"}
[DBG] {"category": "QUEUE", "component": "queue", "current_version": 0, "event": "BEGIN:queue_list_for_pop", "exact": true, "host": "d6b2a058c4be", "max_lag": 3, "pid": 183871, "queue": "preference", "rank": null, "requested": 4, "ts": "2026-10-04 16:02:27"}
[DBG] {"category": "QUEUE", "component": "queue", "event": "watchdog_armed", "host": "d6b2a058c4be", "pid": 183871, "rank": null, "stage": "queue_list_for_pop", "timeout_sec": 30.0, "ts": "2026-10-04 16:02:27"}
[DBG] {"category": "QUEUE", "component": "queue", "elapsed_sec": 0.00184, "event": "END:queue_list_for_pop", "host": "d6b2a058c4be", "pid": 183871, "rank": null, "ts": "2026-10-04 16:02:27"}
[DBG] {"available": 0, "category": "QUEUE", "component": "queue", "event": "pop_scan", "exact": true, "host": "d6b2a058c4be", "pid": 183871, "queue": "preference", "rank": null, "requested": 4, "selected": 0, "selected_keys": [], "stale": 0, "stale_keys": [], "ts": "2026-10-04 16:02:27"}
[DBG] {"available": 0, "category": "QUEUE", "component": "queue", "event": "pop_not_enough", "host": "d6b2a058c4be", "pid": 183871, "queue": "preference", "rank": null, "requested": 4, "ts": "2026-10-04 16:02:27"}
[DBG] {"category": "QUEUE", "component": "queue", "current_version": 0, "event": "BEGIN:queue_list_for_pop", "exact": true, "host": "d6b2a058c4be", "max_lag": 3, "pid": 183871, "queue": "preference", "rank": null, "requested": 4, "ts": "2026-10-04 16:02:27"}
[DBG] {"category": "QUEUE", "component": "queue", "event": "watchdog_armed", "host": "d6b2a058c4be", "pid": 183871, "rank": null, "stage": "queue_list_for_pop", "timeout_sec": 30.0, "ts": "2026-10-04 16:02:27"}
[DBG] {"category": "QUEUE", "component": "queue", "elapsed_sec": 0.001778, "event": "END:queue_list_for_pop", "host": "d6b2a058c4be", "pid": 183871, "rank": null, "ts": "2026-10-04 16:02:27"}
[DBG] {"available": 0, "category": "QUEUE", "component": "queue", "event": "pop_scan", "exact": true, "host": "d6b2a058c4be", "pid": 183871, "queue": "preference", "rank": null, "requested": 4, "selected": 0, "selected_keys": [], "stale": 0, "stale_keys": [], "ts": "2026-10-04 16:02:27"}
[DBG] {"available": 0, "category": "QUEUE", "component": "queue", "event": "pop_not_enough", "host": "d6b2a058c4be", "pid": 183871, "queue": "preference", "rank": null, "requested": 4, "ts": "2026-10-04 16:02:27"}
[DBG] {"category": "QUEUE", "component": "queue", "current_version": 0, "event": "BEGIN:queue_list_for_pop", "exact": true, "host": "d6b2a058c4be", "max_lag": 3, "pid": 183871, "queue": "preference", "rank": null, "requested": 4, "ts": "2026-10-04 16:02:28"}
[DBG] {"category": "QUEUE", "component": "queue", "event": "watchdog_armed", "host": "d6b2a058c4be", "pid": 183871, "rank": null, "stage": "queue_list_for_pop", "timeout_sec": 30.0, "ts": "2026-10-04 16:02:28"}
[DBG] {"category": "QUEUE", "component": "queue", "elapsed_sec": 0.003136, "event": "END:queue_list_for_pop", "host": "d6b2a058c4be", "pid": 183871, "rank": null, "ts": "2026-10-04 16:02:28"}
[DBG] {"available": 0, "category": "QUEUE", "component": "queue", "event": "pop_scan", "exact": true, "host": "d6b2a058c4be", "pid": 183871, "queue": "preference", "rank": null, "requested": 4, "selected": 0, "selected_keys": [], "stale": 0, "stale_keys": [], "ts": "2026-10-04 16:02:28"}
[DBG] {"available": 0, "category": "QUEUE", "component": "queue", "event": "pop_not_enough", "host": "d6b2a058c4be", "pid": 183871, "queue": "preference", "rank": null, "requested": 4, "ts": "2026-10-04 16:02:28"}
[DBG] {"category": "QUEUE", "component": "queue", "current_version": 0, "event": "BEGIN:queue_list_for_pop", "exact": true, "host": "d6b2a058c4be", "max_lag": 3, "pid": 183871, "queue": "preference", "rank": null, "requested": 4, "ts": "2026-10-04 16:02:29"}
[DBG] {"category": "QUEUE", "component": "queue", "event": "watchdog_armed", "host": "d6b2a058c4be", "pid": 183871, "rank": null, "stage": "queue_list_for_pop", "timeout_sec": 30.0, "ts": "2026-10-04 16:02:29"}
[DBG] {"category": "QUEUE", "component": "queue", "elapsed_sec": 0.003385, "event": "END:queue_list_for_pop", "host": "d6b2a058c4be", "pid": 183871, "rank": null, "ts": "2026-10-04 16:02:29"}
[DBG] {"available": 0, "category": "QUEUE", "component": "queue", "event": "pop_scan", "exact": true, "host": "d6b2a058c4be", "pid": 183871, "queue": "preference", "rank": null, "requested": 4, "selected": 0, "selected_keys": [], "stale": 0, "stale_keys": [], "ts": "2026-10-04 16:02:29"}
[DBG] {"available": 0, "category": "QUEUE", "component": "queue", "event": "pop_not_enough", "host": "d6b2a058c4be", "pid": 183871, "queue": "preference", "rank": null, "requested": 4, "ts": "2026-10-04 16:02:29"}
[DBG] {"category": "QUEUE", "component": "queue", "current_version": 0, "event": "BEGIN:queue_list_for_pop", "exact": true, "host": "d6b2a058c4be", "max_lag": 3, "pid": 183871, "queue": "preference", "rank": null, "requested": 4, "ts": "2026-10-04 16:02:29"}
[DBG] {"category": "QUEUE", "component": "queue", "event": "watchdog_armed", "host": "d6b2a058c4be", "pid": 183871, "rank": null, "stage": "queue_list_for_pop", "timeout_sec": 30.0, "ts": "2026-10-04 16:02:29"}
[DBG] {"category": "QUEUE", "component": "queue", "elapsed_sec": 0.002849, "event": "END:queue_list_for_pop", "host": "d6b2a058c4be", "pid": 183871, "rank": null, "ts": "2026-10-04 16:02:29"}
[DBG] {"available": 0, "category": "QUEUE", "component": "queue", "event": "pop_scan", "exact": true, "host": "d6b2a058c4be", "pid": 183871, "queue": "preference", "rank": null, "requested": 4, "selected": 0, "selected_keys": [], "stale": 0, "stale_keys": [], "ts": "2026-10-04 16:02:29"}
[DBG] {"available": 0, "category": "QUEUE", "component": "queue", "event": "pop_not_enough", "host": "d6b2a058c4be", "pid": 183871, "queue": "preference", "rank": null, "requested": 4, "ts": "2026-10-04 16:02:29"}
[DBG] {"category": "QUEUE", "component": "queue", "current_version": 0, "event": "BEGIN:queue_list_for_pop", "exact": true, "host": "d6b2a058c4be", "max_lag": 3, "pid": 183871, "queue": "preference", "rank": null, "requested": 4, "ts": "2026-10-04 16:02:30"}
[DBG] {"category": "QUEUE", "component": "queue", "event": "watchdog_armed", "host": "d6b2a058c4be", "pid": 183871, "rank": null, "stage": "queue_list_for_pop", "timeout_sec": 30.0, "ts": "2026-10-04 16:02:30"}
[DBG] {"category": "QUEUE", "component": "queue", "elapsed_sec": 0.003001, "event": "END:queue_list_for_pop", "host": "d6b2a058c4be", "pid": 183871, "rank": null, "ts": "2026-10-04 16:02:30"}
[DBG] {"available": 0, "category": "QUEUE", "component": "queue", "event": "pop_scan", "exact": true, "host": "d6b2a058c4be", "pid": 183871, "queue": "preference", "rank": null, "requested": 4, "selected": 0, "selected_keys": [], "stale": 0, "stale_keys": [], "ts": "2026-10-04 16:02:30"}
[DBG] {"available": 0, "category": "QUEUE", "component": "queue", "event": "pop_not_enough", "host": "d6b2a058c4be", "pid": 183871, "queue": "preference", "rank": null, "requested": 4, "ts": "2026-10-04 16:02:30"}
[DBG] {"category": "QUEUE", "component": "queue", "current_version": 0, "event": "BEGIN:queue_list_for_pop", "exact": true, "host": "d6b2a058c4be", "max_lag": 3, "pid": 183871, "queue": "preference", "rank": null, "requested": 4, "ts": "2026-10-04 16:02:30"}
[DBG] {"category": "QUEUE", "component": "queue", "event": "watchdog_armed", "host": "d6b2a058c4be", "pid": 183871, "rank": null, "stage": "queue_list_for_pop", "timeout_sec": 30.0, "ts": "2026-10-04 16:02:30"}
[DBG] {"category": "QUEUE", "component": "queue", "elapsed_sec": 0.001398, "event": "END:queue_list_for_pop", "host": "d6b2a058c4be", "pid": 183871, "rank": null, "ts": "2026-10-04 16:02:30"}
[DBG] {"available": 0, "category": "QUEUE", "component": "queue", "event": "pop_scan", "exact": true, "host": "d6b2a058c4be", "pid": 183871, "queue": "preference", "rank": null, "requested": 4, "selected": 0, "selected_keys": [], "stale": 0, "stale_keys": [], "ts": "2026-10-04 16:02:30"}
[DBG] {"available": 0, "category": "QUEUE", "component": "queue", "event": "pop_not_enough", "host": "d6b2a058c4be", "pid": 183871, "queue": "preference", "rank": null, "requested": 4, "ts": "2026-10-04 16:02:30"}
[DBG] {"category": "QUEUE", "component": "queue", "current_version": 0, "event": "BEGIN:queue_list_for_pop", "exact": true, "host": "d6b2a058c4be", "max_lag": 3, "pid": 183871, "queue": "preference", "rank": null, "requested": 4, "ts": "2026-10-04 16:02:31"}
[DBG] {"category": "QUEUE", "component": "queue", "event": "watchdog_armed", "host": "d6b2a058c4be", "pid": 183871, "rank": null, "stage": "queue_list_for_pop", "timeout_sec": 30.0, "ts": "2026-10-04 16:02:31"}
[DBG] {"category": "QUEUE", "component": "queue", "elapsed_sec": 0.002203, "event": "END:queue_list_for_pop", "host": "d6b2a058c4be", "pid": 183871, "rank": null, "ts": "2026-10-04 16:02:31"}
[DBG] {"available": 0, "category": "QUEUE", "component": "queue", "event": "pop_scan", "exact": true, "host": "d6b2a058c4be", "pid": 183871, "queue": "preference", "rank": null, "requested": 4, "selected": 0, "selected_keys": [], "stale": 0, "stale_keys": [], "ts": "2026-10-04 16:02:31"}
[DBG] {"available": 0, "category": "QUEUE", "component": "queue", "event": "pop_not_enough", "host": "d6b2a058c4be", "pid": 183871, "queue": "preference", "rank": null, "requested": 4, "ts": "2026-10-04 16:02:31"}
[DBG] {"category": "QUEUE", "component": "queue", "current_version": 0, "event": "BEGIN:queue_list_for_pop", "exact": true, "host": "d6b2a058c4be", "max_lag": 3, "pid": 183871, "queue": "preference", "rank": null, "requested": 4, "ts": "2026-10-04 16:02:31"}
[DBG] {"category": "QUEUE", "component": "queue", "event": "watchdog_armed", "host": "d6b2a058c4be", "pid": 183871, "rank": null, "stage": "queue_list_for_pop", "timeout_sec": 30.0, "ts": "2026-10-04 16:02:31"}
[DBG] {"category": "QUEUE", "component": "queue", "elapsed_sec": 0.001863, "event": "END:queue_list_for_pop", "host": "d6b2a058c4be", "pid": 183871, "rank": null, "ts": "2026-10-04 16:02:31"}
[DBG] {"available": 0, "category": "QUEUE", "component": "queue", "event": "pop_scan", "exact": true, "host": "d6b2a058c4be", "pid": 183871, "queue": "preference", "rank": null, "requested": 4, "selected": 0, "selected_keys": [], "stale": 0, "stale_keys": [], "ts": "2026-10-04 16:02:31"}
[DBG] {"available": 0, "category": "QUEUE", "component": "queue", "event": "pop_not_enough", "host": "d6b2a058c4be", "pid": 183871, "queue": "preference", "rank": null, "requested": 4, "ts": "2026-10-04 16:02:31"}
[DBG] {"category": "QUEUE", "component": "queue", "current_version": 0, "event": "BEGIN:queue_list_for_pop", "exact": true, "host": "d6b2a058c4be", "max_lag": 3, "pid": 183871, "queue": "preference", "rank": null, "requested": 4, "ts": "2026-10-04 16:02:32"}
[DBG] {"category": "QUEUE", "component": "queue", "event": "watchdog_armed", "host": "d6b2a058c4be", "pid": 183871, "rank": null, "stage": "queue_list_for_pop", "timeout_sec": 30.0, "ts": "2026-10-04 16:02:32"}
[DBG] {"category": "QUEUE", "component": "queue", "elapsed_sec": 0.001833, "event": "END:queue_list_for_pop", "host": "d6b2a058c4be", "pid": 183871, "rank": null, "ts": "2026-10-04 16:02:32"}
[DBG] {"available": 0, "category": "QUEUE", "component": "queue", "event": "pop_scan", "exact": true, "host": "d6b2a058c4be", "pid": 183871, "queue": "preference", "rank": null, "requested": 4, "selected": 0, "selected_keys": [], "stale": 0, "stale_keys": [], "ts": "2026-10-04 16:02:32"}
[DBG] {"available": 0, "category": "QUEUE", "component": "queue", "event": "pop_not_enough", "host": "d6b2a058c4be", "pid": 183871, "queue": "preference", "rank": null, "requested": 4, "ts": "2026-10-04 16:02:32"}
[DBG] {"category": "QUEUE", "component": "queue", "current_version": 0, "event": "BEGIN:queue_list_for_pop", "exact": true, "host": "d6b2a058c4be", "max_lag": 3, "pid": 183871, "queue": "preference", "rank": null, "requested": 4, "ts": "2026-10-04 16:02:32"}
[DBG] {"category": "QUEUE", "component": "queue", "event": "watchdog_armed", "host": "d6b2a058c4be", "pid": 183871, "rank": null, "stage": "queue_list_for_pop", "timeout_sec": 30.0, "ts": "2026-10-04 16:02:32"}
[DBG] {"category": "QUEUE", "component": "queue", "elapsed_sec": 0.001865, "event": "END:queue_list_for_pop", "host": "d6b2a058c4be", "pid": 183871, "rank": null, "ts": "2026-10-04 16:02:32"}
[DBG] {"available": 0, "category": "QUEUE", "component": "queue", "event": "pop_scan", "exact": true, "host": "d6b2a058c4be", "pid": 183871, "queue": "preference", "rank": null, "requested": 4, "selected": 0, "selected_keys": [], "stale": 0, "stale_keys": [], "ts": "2026-10-04 16:02:32"}
[DBG] {"available": 0, "category": "QUEUE", "component": "queue", "event": "pop_not_enough", "host": "d6b2a058c4be", "pid": 183871, "queue": "preference", "rank": null, "requested": 4, "ts": "2026-10-04 16:02:32"}
[DBG] {"category": "QUEUE", "component": "queue", "current_version": 0, "event": "BEGIN:queue_list_for_pop", "exact": true, "host": "d6b2a058c4be", "max_lag": 3, "pid": 183871, "queue": "preference", "rank": null, "requested": 4, "ts": "2026-10-04 16:02:33"}
[DBG] {"category": "QUEUE", "component": "queue", "event": "watchdog_armed", "host": "d6b2a058c4be", "pid": 183871, "rank": null, "stage": "queue_list_for_pop", "timeout_sec": 30.0, "ts": "2026-10-04 16:02:33"}
[DBG] {"category": "QUEUE", "component": "queue", "elapsed_sec": 0.001821, "event": "END:queue_list_for_pop", "host": "d6b2a058c4be", "pid": 183871, "rank": null, "ts": "2026-10-04 16:02:33"}
[DBG] {"available": 0, "category": "QUEUE", "component": "queue", "event": "pop_scan", "exact": true, "host": "d6b2a058c4be", "pid": 183871, "queue": "preference", "rank": null, "requested": 4, "selected": 0, "selected_keys": [], "stale": 0, "stale_keys": [], "ts": "2026-10-04 16:02:33"}
[DBG] {"available": 0, "category": "QUEUE", "component": "queue", "event": "pop_not_enough", "host": "d6b2a058c4be", "pid": 183871, "queue": "preference", "rank": null, "requested": 4, "ts": "2026-10-04 16:02:33"}
[DBG] {"category": "QUEUE", "component": "queue", "current_version": 0, "event": "BEGIN:queue_list_for_pop", "exact": true, "host": "d6b2a058c4be", "max_lag": 3, "pid": 183871, "queue": "preference", "rank": null, "requested": 4, "ts": "2026-10-04 16:02:33"}
[DBG] {"category": "QUEUE", "component": "queue", "event": "watchdog_armed", "host": "d6b2a058c4be", "pid": 183871, "rank": null, "stage": "queue_list_for_pop", "timeout_sec": 30.0, "ts": "2026-10-04 16:02:33"}
[DBG] {"category": "QUEUE", "component": "queue", "elapsed_sec": 0.001646, "event": "END:queue_list_for_pop", "host": "d6b2a058c4be", "pid": 183871, "rank": null, "ts": "2026-10-04 16:02:33"}
[DBG] {"available": 0, "category": "QUEUE", "component": "queue", "event": "pop_scan", "exact": true, "host": "d6b2a058c4be", "pid": 183871, "queue": "preference", "rank": null, "requested": 4, "selected": 0, "selected_keys": [], "stale": 0, "stale_keys": [], "ts": "2026-10-04 16:02:33"}
[DBG] {"available": 0, "category": "QUEUE", "component": "queue", "event": "pop_not_enough", "host": "d6b2a058c4be", "pid": 183871, "queue": "preference", "rank": null, "requested": 4, "ts": "2026-10-04 16:02:33"}
[DBG] {"category": "QUEUE", "component": "queue", "current_version": 0, "event": "BEGIN:queue_list_for_pop", "exact": true, "host": "d6b2a058c4be", "max_lag": 3, "pid": 183871, "queue": "preference", "rank": null, "requested": 4, "ts": "2026-10-04 16:02:34"}
[DBG] {"category": "QUEUE", "component": "queue", "event": "watchdog_armed", "host": "d6b2a058c4be", "pid": 183871, "rank": null, "stage": "queue_list_for_pop", "timeout_sec": 30.0, "ts": "2026-10-04 16:02:34"}
[DBG] {"category": "QUEUE", "component": "queue", "elapsed_sec": 0.001471, "event": "END:queue_list_for_pop", "host": "d6b2a058c4be", "pid": 183871, "rank": null, "ts": "2026-10-04 16:02:34"}
[DBG] {"available": 0, "category": "QUEUE", "component": "queue", "event": "pop_scan", "exact": true, "host": "d6b2a058c4be", "pid": 183871, "queue": "preference", "rank": null, "requested": 4, "selected": 0, "selected_keys": [], "stale": 0, "stale_keys": [], "ts": "2026-10-04 16:02:34"}
[DBG] {"available": 0, "category": "QUEUE", "component": "queue", "event": "pop_not_enough", "host": "d6b2a058c4be", "pid": 183871, "queue": "preference", "rank": null, "requested": 4, "ts": "2026-10-04 16:02:34"}
[DBG] {"category": "QUEUE", "component": "queue", "current_version": 0, "event": "BEGIN:queue_list_for_pop", "exact": true, "host": "d6b2a058c4be", "max_lag": 3, "pid": 183871, "queue": "preference", "rank": null, "requested": 4, "ts": "2026-10-04 16:02:34"}
[DBG] {"category": "QUEUE", "component": "queue", "event": "watchdog_armed", "host": "d6b2a058c4be", "pid": 183871, "rank": null, "stage": "queue_list_for_pop", "timeout_sec": 30.0, "ts": "2026-10-04 16:02:34"}
[DBG] {"category": "QUEUE", "component": "queue", "elapsed_sec": 0.001197, "event": "END:queue_list_for_pop", "host": "d6b2a058c4be", "pid": 183871, "rank": null, "ts": "2026-10-04 16:02:34"}
[DBG] {"available": 0, "category": "QUEUE", "component": "queue", "event": "pop_scan", "exact": true, "host": "d6b2a058c4be", "pid": 183871, "queue": "preference", "rank": null, "requested": 4, "selected": 0, "selected_keys": [], "stale": 0, "stale_keys": [], "ts": "2026-10-04 16:02:34"}
[DBG] {"available": 0, "category": "QUEUE", "component": "queue", "event": "pop_not_enough", "host": "d6b2a058c4be", "pid": 183871, "queue": "preference", "rank": null, "requested": 4, "ts": "2026-10-04 16:02:34"}
[DBG] {"category": "QUEUE", "component": "queue", "current_version": 0, "event": "BEGIN:queue_list_for_pop", "exact": true, "host": "d6b2a058c4be", "max_lag": 3, "pid": 183871, "queue": "preference", "rank": null, "requested": 4, "ts": "2026-10-04 16:02:35"}
[DBG] {"category": "QUEUE", "component": "queue", "event": "watchdog_armed", "host": "d6b2a058c4be", "pid": 183871, "rank": null, "stage": "queue_list_for_pop", "timeout_sec": 30.0, "ts": "2026-10-04 16:02:35"}
[DBG] {"category": "QUEUE", "component": "queue", "elapsed_sec": 0.001284, "event": "END:queue_list_for_pop", "host": "d6b2a058c4be", "pid": 183871, "rank": null, "ts": "2026-10-04 16:02:35"}
[DBG] {"available": 0, "category": "QUEUE", "component": "queue", "event": "pop_scan", "exact": true, "host": "d6b2a058c4be", "pid": 183871, "queue": "preference", "rank": null, "requested": 4, "selected": 0, "selected_keys": [], "stale": 0, "stale_keys": [], "ts": "2026-10-04 16:02:35"}
[DBG] {"available": 0, "category": "QUEUE", "component": "queue", "event": "pop_not_enough", "host": "d6b2a058c4be", "pid": 183871, "queue": "preference", "rank": null, "requested": 4, "ts": "2026-10-04 16:02:35"}
[DBG] {"category": "QUEUE", "component": "queue", "current_version": 0, "event": "BEGIN:queue_list_for_pop", "exact": true, "host": "d6b2a058c4be", "max_lag": 3, "pid": 183871, "queue": "preference", "rank": null, "requested": 4, "ts": "2026-10-04 16:02:35"}
[DBG] {"category": "QUEUE", "component": "queue", "event": "watchdog_armed", "host": "d6b2a058c4be", "pid": 183871, "rank": null, "stage": "queue_list_for_pop", "timeout_sec": 30.0, "ts": "2026-10-04 16:02:35"}
[DBG] {"category": "QUEUE", "component": "queue", "elapsed_sec": 0.001355, "event": "END:queue_list_for_pop", "host": "d6b2a058c4be", "pid": 183871, "rank": null, "ts": "2026-10-04 16:02:35"}
[DBG] {"available": 0, "category": "QUEUE", "component": "queue", "event": "pop_scan", "exact": true, "host": "d6b2a058c4be", "pid": 183871, "queue": "preference", "rank": null, "requested": 4, "selected": 0, "selected_keys": [], "stale": 0, "stale_keys": [], "ts": "2026-10-04 16:02:35"}
[DBG] {"available": 0, "category": "QUEUE", "component": "queue", "event": "pop_not_enough", "host": "d6b2a058c4be", "pid": 183871, "queue": "preference", "rank": null, "requested": 4, "ts": "2026-10-04 16:02:35"}
[DBG] {"category": "QUEUE", "component": "queue", "current_version": 0, "event": "BEGIN:queue_list_for_pop", "exact": true, "host": "d6b2a058c4be", "max_lag": 3, "pid": 183871, "queue": "preference", "rank": null, "requested": 4, "ts": "2026-10-04 16:02:36"}
[DBG] {"category": "QUEUE", "component": "queue", "event": "watchdog_armed", "host": "d6b2a058c4be", "pid": 183871, "rank": null, "stage": "queue_list_for_pop", "timeout_sec": 30.0, "ts": "2026-10-04 16:02:36"}
[DBG] {"category": "QUEUE", "component": "queue", "elapsed_sec": 0.001385, "event": "END:queue_list_for_pop", "host": "d6b2a058c4be", "pid": 183871, "rank": null, "ts": "2026-10-04 16:02:36"}
[DBG] {"available": 0, "category": "QUEUE", "component": "queue", "event": "pop_scan", "exact": true, "host": "d6b2a058c4be", "pid": 183871, "queue": "preference", "rank": null, "requested": 4, "selected": 0, "selected_keys": [], "stale": 0, "stale_keys": [], "ts": "2026-10-04 16:02:36"}
[DBG] {"available": 0, "category": "QUEUE", "component": "queue", "event": "pop_not_enough", "host": "d6b2a058c4be", "pid": 183871, "queue": "preference", "rank": null, "requested": 4, "ts": "2026-10-04 16:02:36"}
[DBG] {"category": "QUEUE", "component": "queue", "current_version": 0, "event": "BEGIN:queue_list_for_pop", "exact": true, "host": "d6b2a058c4be", "max_lag": 3, "pid": 183871, "queue": "preference", "rank": null, "requested": 4, "ts": "2026-10-04 16:02:36"}
[DBG] {"category": "QUEUE", "component": "queue", "event": "watchdog_armed", "host": "d6b2a058c4be", "pid": 183871, "rank": null, "stage": "queue_list_for_pop", "timeout_sec": 30.0, "ts": "2026-10-04 16:02:36"}
[DBG] {"category": "QUEUE", "component": "queue", "elapsed_sec": 0.001294, "event": "END:queue_list_for_pop", "host": "d6b2a058c4be", "pid": 183871, "rank": null, "ts": "2026-10-04 16:02:36"}
[DBG] {"available": 0, "category": "QUEUE", "component": "queue", "event": "pop_scan", "exact": true, "host": "d6b2a058c4be", "pid": 183871, "queue": "preference", "rank": null, "requested": 4, "selected": 0, "selected_keys": [], "stale": 0, "stale_keys": [], "ts": "2026-10-04 16:02:36"}
[DBG] {"available": 0, "category": "QUEUE", "component": "queue", "event": "pop_not_enough", "host": "d6b2a058c4be", "pid": 183871, "queue": "preference", "rank": null, "requested": 4, "ts": "2026-10-04 16:02:36"}
[DBG] {"category": "QUEUE", "component": "queue", "current_version": 0, "event": "BEGIN:queue_list_for_pop", "exact": true, "host": "d6b2a058c4be", "max_lag": 3, "pid": 183871, "queue": "preference", "rank": null, "requested": 4, "ts": "2026-10-04 16:02:37"}
[DBG] {"category": "QUEUE", "component": "queue", "event": "watchdog_armed", "host": "d6b2a058c4be", "pid": 183871, "rank": null, "stage": "queue_list_for_pop", "timeout_sec": 30.0, "ts": "2026-10-04 16:02:37"}
[DBG] {"category": "QUEUE", "component": "queue", "elapsed_sec": 0.001286, "event": "END:queue_list_for_pop", "host": "d6b2a058c4be", "pid": 183871, "rank": null, "ts": "2026-10-04 16:02:37"}
[DBG] {"available": 0, "category": "QUEUE", "component": "queue", "event": "pop_scan", "exact": true, "host": "d6b2a058c4be", "pid": 183871, "queue": "preference", "rank": null, "requested": 4, "selected": 0, "selected_keys": [], "stale": 0, "stale_keys": [], "ts": "2026-10-04 16:02:37"}
[DBG] {"available": 0, "category": "QUEUE", "component": "queue", "event": "pop_not_enough", "host": "d6b2a058c4be", "pid": 183871, "queue": "preference", "rank": null, "requested": 4, "ts": "2026-10-04 16:02:37"}
[DBG] {"category": "QUEUE", "component": "queue", "current_version": 0, "event": "BEGIN:queue_list_for_pop", "exact": true, "host": "d6b2a058c4be", "max_lag": 3, "pid": 183871, "queue": "preference", "rank": null, "requested": 4, "ts": "2026-10-04 16:02:37"}
[DBG] {"category": "QUEUE", "component": "queue", "event": "watchdog_armed", "host": "d6b2a058c4be", "pid": 183871, "rank": null, "stage": "queue_list_for_pop", "timeout_sec": 30.0, "ts": "2026-10-04 16:02:37"}
[DBG] {"category": "QUEUE", "component": "queue", "elapsed_sec": 0.001228, "event": "END:queue_list_for_pop", "host": "d6b2a058c4be", "pid": 183871, "rank": null, "ts": "2026-10-04 16:02:37"}
[DBG] {"available": 0, "category": "QUEUE", "component": "queue", "event": "pop_scan", "exact": true, "host": "d6b2a058c4be", "pid": 183871, "queue": "preference", "rank": null, "requested": 4, "selected": 0, "selected_keys": [], "stale": 0, "stale_keys": [], "ts": "2026-10-04 16:02:37"}
[DBG] {"available": 0, "category": "QUEUE", "component": "queue", "event": "pop_not_enough", "host": "d6b2a058c4be", "pid": 183871, "queue": "preference", "rank": null, "requested": 4, "ts": "2026-10-04 16:02:37"}
[DBG] {"category": "QUEUE", "component": "queue", "current_version": 0, "event": "BEGIN:queue_list_for_pop", "exact": true, "host": "d6b2a058c4be", "max_lag": 3, "pid": 183871, "queue": "preference", "rank": null, "requested": 4, "ts": "2026-10-04 16:02:38"}
[DBG] {"category": "QUEUE", "component": "queue", "event": "watchdog_armed", "host": "d6b2a058c4be", "pid": 183871, "rank": null, "stage": "queue_list_for_pop", "timeout_sec": 30.0, "ts": "2026-10-04 16:02:38"}
[DBG] {"category": "QUEUE", "component": "queue", "elapsed_sec": 0.001404, "event": "END:queue_list_for_pop", "host": "d6b2a058c4be", "pid": 183871, "rank": null, "ts": "2026-10-04 16:02:38"}
[DBG] {"available": 0, "category": "QUEUE", "component": "queue", "event": "pop_scan", "exact": true, "host": "d6b2a058c4be", "pid": 183871, "queue": "preference", "rank": null, "requested": 4, "selected": 0, "selected_keys": [], "stale": 0, "stale_keys": [], "ts": "2026-10-04 16:02:38"}
[DBG] {"available": 0, "category": "QUEUE", "component": "queue", "event": "pop_not_enough", "host": "d6b2a058c4be", "pid": 183871, "queue": "preference", "rank": null, "requested": 4, "ts": "2026-10-04 16:02:38"}
[DBG] {"category": "QUEUE", "component": "queue", "current_version": 0, "event": "BEGIN:queue_list_for_pop", "exact": true, "host": "d6b2a058c4be", "max_lag": 3, "pid": 183871, "queue": "preference", "rank": null, "requested": 4, "ts": "2026-10-04 16:02:38"}
[DBG] {"category": "QUEUE", "component": "queue", "event": "watchdog_armed", "host": "d6b2a058c4be", "pid": 183871, "rank": null, "stage": "queue_list_for_pop", "timeout_sec": 30.0, "ts": "2026-10-04 16:02:38"}
[DBG] {"category": "QUEUE", "component": "queue", "elapsed_sec": 0.001817, "event": "END:queue_list_for_pop", "host": "d6b2a058c4be", "pid": 183871, "rank": null, "ts": "2026-10-04 16:02:38"}
[DBG] {"available": 0, "category": "QUEUE", "component": "queue", "event": "pop_scan", "exact": true, "host": "d6b2a058c4be", "pid": 183871, "queue": "preference", "rank": null, "requested": 4, "selected": 0, "selected_keys": [], "stale": 0, "stale_keys": [], "ts": "2026-10-04 16:02:38"}
[DBG] {"available": 0, "category": "QUEUE", "component": "queue", "event": "pop_not_enough", "host": "d6b2a058c4be", "pid": 183871, "queue": "preference", "rank": null, "requested": 4, "ts": "2026-10-04 16:02:38"}
[DBG] {"category": "QUEUE", "component": "queue", "current_version": 0, "event": "BEGIN:queue_list_for_pop", "exact": true, "host": "d6b2a058c4be", "max_lag": 3, "pid": 183871, "queue": "preference", "rank": null, "requested": 4, "ts": "2026-10-04 16:02:39"}
[DBG] {"category": "QUEUE", "component": "queue", "event": "watchdog_armed", "host": "d6b2a058c4be", "pid": 183871, "rank": null, "stage": "queue_list_for_pop", "timeout_sec": 30.0, "ts": "2026-10-04 16:02:39"}
[DBG] {"category": "QUEUE", "component": "queue", "elapsed_sec": 0.001379, "event": "END:queue_list_for_pop", "host": "d6b2a058c4be", "pid": 183871, "rank": null, "ts": "2026-10-04 16:02:39"}
[DBG] {"available": 0, "category": "QUEUE", "component": "queue", "event": "pop_scan", "exact": true, "host": "d6b2a058c4be", "pid": 183871, "queue": "preference", "rank": null, "requested": 4, "selected": 0, "selected_keys": [], "stale": 0, "stale_keys": [], "ts": "2026-10-04 16:02:39"}
[DBG] {"available": 0, "category": "QUEUE", "component": "queue", "event": "pop_not_enough", "host": "d6b2a058c4be", "pid": 183871, "queue": "preference", "rank": null, "requested": 4, "ts": "2026-10-04 16:02:39"}
[DBG] {"category": "QUEUE", "component": "queue", "current_version": 0, "event": "BEGIN:queue_list_for_pop", "exact": true, "host": "d6b2a058c4be", "max_lag": 3, "pid": 183871, "queue": "preference", "rank": null, "requested": 4, "ts": "2026-10-04 16:02:39"}
[DBG] {"category": "QUEUE", "component": "queue", "event": "watchdog_armed", "host": "d6b2a058c4be", "pid": 183871, "rank": null, "stage": "queue_list_for_pop", "timeout_sec": 30.0, "ts": "2026-10-04 16:02:39"}
[DBG] {"category": "QUEUE", "component": "queue", "elapsed_sec": 0.001349, "event": "END:queue_list_for_pop", "host": "d6b2a058c4be", "pid": 183871, "rank": null, "ts": "2026-10-04 16:02:39"}
[DBG] {"available": 0, "category": "QUEUE", "component": "queue", "event": "pop_scan", "exact": true, "host": "d6b2a058c4be", "pid": 183871, "queue": "preference", "rank": null, "requested": 4, "selected": 0, "selected_keys": [], "stale": 0, "stale_keys": [], "ts": "2026-10-04 16:02:39"}
[DBG] {"available": 0, "category": "QUEUE", "component": "queue", "event": "pop_not_enough", "host": "d6b2a058c4be", "pid": 183871, "queue": "preference", "rank": null, "requested": 4, "ts": "2026-10-04 16:02:39"}
[DBG] {"category": "QUEUE", "component": "queue", "current_version": 0, "event": "BEGIN:queue_list_for_pop", "exact": true, "host": "d6b2a058c4be", "max_lag": 3, "pid": 183871, "queue": "preference", "rank": null, "requested": 4, "ts": "2026-10-04 16:02:40"}
[DBG] {"category": "QUEUE", "component": "queue", "event": "watchdog_armed", "host": "d6b2a058c4be", "pid": 183871, "rank": null, "stage": "queue_list_for_pop", "timeout_sec": 30.0, "ts": "2026-10-04 16:02:40"}
[DBG] {"category": "QUEUE", "component": "queue", "elapsed_sec": 0.001777, "event": "END:queue_list_for_pop", "host": "d6b2a058c4be", "pid": 183871, "rank": null, "ts": "2026-10-04 16:02:40"}
[DBG] {"available": 0, "category": "QUEUE", "component": "queue", "event": "pop_scan", "exact": true, "host": "d6b2a058c4be", "pid": 183871, "queue": "preference", "rank": null, "requested": 4, "selected": 0, "selected_keys": [], "stale": 0, "stale_keys": [], "ts": "2026-10-04 16:02:40"}
[DBG] {"available": 0, "category": "QUEUE", "component": "queue", "event": "pop_not_enough", "host": "d6b2a058c4be", "pid": 183871, "queue": "preference", "rank": null, "requested": 4, "ts": "2026-10-04 16:02:40"}
[DBG] {"category": "QUEUE", "component": "queue", "current_version": 0, "event": "BEGIN:queue_list_for_pop", "exact": true, "host": "d6b2a058c4be", "max_lag": 3, "pid": 183871, "queue": "preference", "rank": null, "requested": 4, "ts": "2026-10-04 16:02:41"}
[DBG] {"category": "QUEUE", "component": "queue", "event": "watchdog_armed", "host": "d6b2a058c4be", "pid": 183871, "rank": null, "stage": "queue_list_for_pop", "timeout_sec": 30.0, "ts": "2026-10-04 16:02:41"}
[DBG] {"category": "QUEUE", "component": "queue", "elapsed_sec": 0.001441, "event": "END:queue_list_for_pop", "host": "d6b2a058c4be", "pid": 183871, "rank": null, "ts": "2026-10-04 16:02:41"}
[DBG] {"available": 0, "category": "QUEUE", "component": "queue", "event": "pop_scan", "exact": true, "host": "d6b2a058c4be", "pid": 183871, "queue": "preference", "rank": null, "requested": 4, "selected": 0, "selected_keys": [], "stale": 0, "stale_keys": [], "ts": "2026-10-04 16:02:41"}
[DBG] {"available": 0, "category": "QUEUE", "component": "queue", "event": "pop_not_enough", "host": "d6b2a058c4be", "pid": 183871, "queue": "preference", "rank": null, "requested": 4, "ts": "2026-10-04 16:02:41"}
[DBG] {"category": "QUEUE", "component": "queue", "current_version": 0, "event": "BEGIN:queue_list_for_pop", "exact": true, "host": "d6b2a058c4be", "max_lag": 3, "pid": 183871, "queue": "preference", "rank": null, "requested": 4, "ts": "2026-10-04 16:02:41"}
[DBG] {"category": "QUEUE", "component": "queue", "event": "watchdog_armed", "host": "d6b2a058c4be", "pid": 183871, "rank": null, "stage": "queue_list_for_pop", "timeout_sec": 30.0, "ts": "2026-10-04 16:02:41"}
[DBG] {"category": "QUEUE", "component": "queue", "elapsed_sec": 0.001323, "event": "END:queue_list_for_pop", "host": "d6b2a058c4be", "pid": 183871, "rank": null, "ts": "2026-10-04 16:02:41"}
[DBG] {"available": 0, "category": "QUEUE", "component": "queue", "event": "pop_scan", "exact": true, "host": "d6b2a058c4be", "pid": 183871, "queue": "preference", "rank": null, "requested": 4, "selected": 0, "selected_keys": [], "stale": 0, "stale_keys": [], "ts": "2026-10-04 16:02:41"}
[DBG] {"available": 0, "category": "QUEUE", "component": "queue", "event": "pop_not_enough", "host": "d6b2a058c4be", "pid": 183871, "queue": "preference", "rank": null, "requested": 4, "ts": "2026-10-04 16:02:41"}
[DBG] {"category": "QUEUE", "component": "queue", "current_version": 0, "event": "BEGIN:queue_list_for_pop", "exact": true, "host": "d6b2a058c4be", "max_lag": 3, "pid": 183871, "queue": "preference", "rank": null, "requested": 4, "ts": "2026-10-04 16:02:42"}
[DBG] {"category": "QUEUE", "component": "queue", "event": "watchdog_armed", "host": "d6b2a058c4be", "pid": 183871, "rank": null, "stage": "queue_list_for_pop", "timeout_sec": 30.0, "ts": "2026-10-04 16:02:42"}
[DBG] {"category": "QUEUE", "component": "queue", "elapsed_sec": 0.001349, "event": "END:queue_list_for_pop", "host": "d6b2a058c4be", "pid": 183871, "rank": null, "ts": "2026-10-04 16:02:42"}
[DBG] {"available": 0, "category": "QUEUE", "component": "queue", "event": "pop_scan", "exact": true, "host": "d6b2a058c4be", "pid": 183871, "queue": "preference", "rank": null, "requested": 4, "selected": 0, "selected_keys": [], "stale": 0, "stale_keys": [], "ts": "2026-10-04 16:02:42"}
[DBG] {"available": 0, "category": "QUEUE", "component": "queue", "event": "pop_not_enough", "host": "d6b2a058c4be", "pid": 183871, "queue": "preference", "rank": null, "requested": 4, "ts": "2026-10-04 16:02:42"}
[DBG] {"category": "QUEUE", "component": "queue", "current_version": 0, "event": "BEGIN:queue_list_for_pop", "exact": true, "host": "d6b2a058c4be", "max_lag": 3, "pid": 183871, "queue": "preference", "rank": null, "requested": 4, "ts": "2026-10-04 16:02:42"}
[DBG] {"category": "QUEUE", "component": "queue", "event": "watchdog_armed", "host": "d6b2a058c4be", "pid": 183871, "rank": null, "stage": "queue_list_for_pop", "timeout_sec": 30.0, "ts": "2026-10-04 16:02:42"}
[DBG] {"category": "QUEUE", "component": "queue", "elapsed_sec": 0.00116, "event": "END:queue_list_for_pop", "host": "d6b2a058c4be", "pid": 183871, "rank": null, "ts": "2026-10-04 16:02:42"}
[DBG] {"available": 0, "category": "QUEUE", "component": "queue", "event": "pop_scan", "exact": true, "host": "d6b2a058c4be", "pid": 183871, "queue": "preference", "rank": null, "requested": 4, "selected": 0, "selected_keys": [], "stale": 0, "stale_keys": [], "ts": "2026-10-04 16:02:42"}
[DBG] {"available": 0, "category": "QUEUE", "component": "queue", "event": "pop_not_enough", "host": "d6b2a058c4be", "pid": 183871, "queue": "preference", "rank": null, "requested": 4, "ts": "2026-10-04 16:02:42"}
[DBG] {"category": "QUEUE", "component": "queue", "current_version": 0, "event": "BEGIN:queue_list_for_pop", "exact": true, "host": "d6b2a058c4be", "max_lag": 3, "pid": 183871, "queue": "preference", "rank": null, "requested": 4, "ts": "2026-10-04 16:02:43"}
[DBG] {"category": "QUEUE", "component": "queue", "event": "watchdog_armed", "host": "d6b2a058c4be", "pid": 183871, "rank": null, "stage": "queue_list_for_pop", "timeout_sec": 30.0, "ts": "2026-10-04 16:02:43"}
[DBG] {"category": "QUEUE", "component": "queue", "elapsed_sec": 0.001313, "event": "END:queue_list_for_pop", "host": "d6b2a058c4be", "pid": 183871, "rank": null, "ts": "2026-10-04 16:02:43"}
[DBG] {"available": 0, "category": "QUEUE", "component": "queue", "event": "pop_scan", "exact": true, "host": "d6b2a058c4be", "pid": 183871, "queue": "preference", "rank": null, "requested": 4, "selected": 0, "selected_keys": [], "stale": 0, "stale_keys": [], "ts": "2026-10-04 16:02:43"}
[DBG] {"available": 0, "category": "QUEUE", "component": "queue", "event": "pop_not_enough", "host": "d6b2a058c4be", "pid": 183871, "queue": "preference", "rank": null, "requested": 4, "ts": "2026-10-04 16:02:43"}
[DBG] {"category": "QUEUE", "component": "queue", "current_version": 0, "event": "BEGIN:queue_list_for_pop", "exact": true, "host": "d6b2a058c4be", "max_lag": 3, "pid": 183871, "queue": "preference", "rank": null, "requested": 4, "ts": "2026-10-04 16:02:43"}
[DBG] {"category": "QUEUE", "component": "queue", "event": "watchdog_armed", "host": "d6b2a058c4be", "pid": 183871, "rank": null, "stage": "queue_list_for_pop", "timeout_sec": 30.0, "ts": "2026-10-04 16:02:43"}
[DBG] {"category": "QUEUE", "component": "queue", "elapsed_sec": 0.001375, "event": "END:queue_list_for_pop", "host": "d6b2a058c4be", "pid": 183871, "rank": null, "ts": "2026-10-04 16:02:43"}
[DBG] {"available": 0, "category": "QUEUE", "component": "queue", "event": "pop_scan", "exact": true, "host": "d6b2a058c4be", "pid": 183871, "queue": "preference", "rank": null, "requested": 4, "selected": 0, "selected_keys": [], "stale": 0, "stale_keys": [], "ts": "2026-10-04 16:02:43"}
[DBG] {"available": 0, "category": "QUEUE", "component": "queue", "event": "pop_not_enough", "host": "d6b2a058c4be", "pid": 183871, "queue": "preference", "rank": null, "requested": 4, "ts": "2026-10-04 16:02:43"}
[DBG] {"category": "QUEUE", "component": "queue", "current_version": 0, "event": "BEGIN:queue_list_for_pop", "exact": true, "host": "d6b2a058c4be", "max_lag": 3, "pid": 183871, "queue": "preference", "rank": null, "requested": 4, "ts": "2026-10-04 16:02:44"}
[DBG] {"category": "QUEUE", "component": "queue", "event": "watchdog_armed", "host": "d6b2a058c4be", "pid": 183871, "rank": null, "stage": "queue_list_for_pop", "timeout_sec": 30.0, "ts": "2026-10-04 16:02:44"}
[DBG] {"category": "QUEUE", "component": "queue", "elapsed_sec": 0.00136, "event": "END:queue_list_for_pop", "host": "d6b2a058c4be", "pid": 183871, "rank": null, "ts": "2026-10-04 16:02:44"}
[DBG] {"available": 0, "category": "QUEUE", "component": "queue", "event": "pop_scan", "exact": true, "host": "d6b2a058c4be", "pid": 183871, "queue": "preference", "rank": null, "requested": 4, "selected": 0, "selected_keys": [], "stale": 0, "stale_keys": [], "ts": "2026-10-04 16:02:44"}
[DBG] {"available": 0, "category": "QUEUE", "component": "queue", "event": "pop_not_enough", "host": "d6b2a058c4be", "pid": 183871, "queue": "preference", "rank": null, "requested": 4, "ts": "2026-10-04 16:02:44"}
[DBG] {"category": "QUEUE", "component": "queue", "current_version": 0, "event": "BEGIN:queue_list_for_pop", "exact": true, "host": "d6b2a058c4be", "max_lag": 3, "pid": 183871, "queue": "preference", "rank": null, "requested": 4, "ts": "2026-10-04 16:02:44"}
[DBG] {"category": "QUEUE", "component": "queue", "event": "watchdog_armed", "host": "d6b2a058c4be", "pid": 183871, "rank": null, "stage": "queue_list_for_pop", "timeout_sec": 30.0, "ts": "2026-10-04 16:02:44"}
[DBG] {"category": "QUEUE", "component": "queue", "elapsed_sec": 0.001575, "event": "END:queue_list_for_pop", "host": "d6b2a058c4be", "pid": 183871, "rank": null, "ts": "2026-10-04 16:02:44"}
[DBG] {"available": 0, "category": "QUEUE", "component": "queue", "event": "pop_scan", "exact": true, "host": "d6b2a058c4be", "pid": 183871, "queue": "preference", "rank": null, "requested": 4, "selected": 0, "selected_keys": [], "stale": 0, "stale_keys": [], "ts": "2026-10-04 16:02:44"}
[DBG] {"available": 0, "category": "QUEUE", "component": "queue", "event": "pop_not_enough", "host": "d6b2a058c4be", "pid": 183871, "queue": "preference", "rank": null, "requested": 4, "ts": "2026-10-04 16:02:44"}
[DBG] {"category": "QUEUE", "component": "queue", "current_version": 0, "event": "BEGIN:queue_list_for_pop", "exact": true, "host": "d6b2a058c4be", "max_lag": 3, "pid": 183871, "queue": "preference", "rank": null, "requested": 4, "ts": "2026-10-04 16:02:45"}
[DBG] {"category": "QUEUE", "component": "queue", "event": "watchdog_armed", "host": "d6b2a058c4be", "pid": 183871, "rank": null, "stage": "queue_list_for_pop", "timeout_sec": 30.0, "ts": "2026-10-04 16:02:45"}
[DBG] {"category": "QUEUE", "component": "queue", "elapsed_sec": 0.001298, "event": "END:queue_list_for_pop", "host": "d6b2a058c4be", "pid": 183871, "rank": null, "ts": "2026-10-04 16:02:45"}
[DBG] {"available": 0, "category": "QUEUE", "component": "queue", "event": "pop_scan", "exact": true, "host": "d6b2a058c4be", "pid": 183871, "queue": "preference", "rank": null, "requested": 4, "selected": 0, "selected_keys": [], "stale": 0, "stale_keys": [], "ts": "2026-10-04 16:02:45"}
[DBG] {"available": 0, "category": "QUEUE", "component": "queue", "event": "pop_not_enough", "host": "d6b2a058c4be", "pid": 183871, "queue": "preference", "rank": null, "requested": 4, "ts": "2026-10-04 16:02:45"}
[DBG] {"category": "QUEUE", "component": "queue", "current_version": 0, "event": "BEGIN:queue_list_for_pop", "exact": true, "host": "d6b2a058c4be", "max_lag": 3, "pid": 183871, "queue": "preference", "rank": null, "requested": 4, "ts": "2026-10-04 16:02:45"}
[DBG] {"category": "QUEUE", "component": "queue", "event": "watchdog_armed", "host": "d6b2a058c4be", "pid": 183871, "rank": null, "stage": "queue_list_for_pop", "timeout_sec": 30.0, "ts": "2026-10-04 16:02:45"}
[DBG] {"category": "QUEUE", "component": "queue", "elapsed_sec": 0.001326, "event": "END:queue_list_for_pop", "host": "d6b2a058c4be", "pid": 183871, "rank": null, "ts": "2026-10-04 16:02:45"}
[DBG] {"available": 0, "category": "QUEUE", "component": "queue", "event": "pop_scan", "exact": true, "host": "d6b2a058c4be", "pid": 183871, "queue": "preference", "rank": null, "requested": 4, "selected": 0, "selected_keys": [], "stale": 0, "stale_keys": [], "ts": "2026-10-04 16:02:45"}
[DBG] {"available": 0, "category": "QUEUE", "component": "queue", "event": "pop_not_enough", "host": "d6b2a058c4be", "pid": 183871, "queue": "preference", "rank": null, "requested": 4, "ts": "2026-10-04 16:02:45"}
[DBG] {"category": "QUEUE", "component": "queue", "current_version": 0, "event": "BEGIN:queue_list_for_pop", "exact": true, "host": "d6b2a058c4be", "max_lag": 3, "pid": 183871, "queue": "preference", "rank": null, "requested": 4, "ts": "2026-10-04 16:02:46"}
[DBG] {"category": "QUEUE", "component": "queue", "event": "watchdog_armed", "host": "d6b2a058c4be", "pid": 183871, "rank": null, "stage": "queue_list_for_pop", "timeout_sec": 30.0, "ts": "2026-10-04 16:02:46"}
[DBG] {"category": "QUEUE", "component": "queue", "elapsed_sec": 0.001373, "event": "END:queue_list_for_pop", "host": "d6b2a058c4be", "pid": 183871, "rank": null, "ts": "2026-10-04 16:02:46"}
[DBG] {"available": 0, "category": "QUEUE", "component": "queue", "event": "pop_scan", "exact": true, "host": "d6b2a058c4be", "pid": 183871, "queue": "preference", "rank": null, "requested": 4, "selected": 0, "selected_keys": [], "stale": 0, "stale_keys": [], "ts": "2026-10-04 16:02:46"}
[DBG] {"available": 0, "category": "QUEUE", "component": "queue", "event": "pop_not_enough", "host": "d6b2a058c4be", "pid": 183871, "queue": "preference", "rank": null, "requested": 4, "ts": "2026-10-04 16:02:46"}
[DBG] {"category": "QUEUE", "component": "queue", "event": "put_prepare", "host": "d6b2a058c4be", "item_id": "133d1baed9da44bebb1ac99487621d21", "partition": "smoke01:preference", "payload_bytes": 1305, "pid": 183871, "policy_version": 0, "queue": "preference", "rank": null, "ts": "2026-10-04 16:02:46"}
[DBG] {"category": "QUEUE", "component": "queue", "event": "BEGIN:queue_put", "host": "d6b2a058c4be", "item_id": "133d1baed9da44bebb1ac99487621d21", "pid": 183871, "queue": "preference", "rank": null, "ts": "2026-10-04 16:02:46"}
[DBG] {"category": "QUEUE", "component": "queue", "event": "watchdog_armed", "host": "d6b2a058c4be", "pid": 183871, "rank": null, "stage": "queue_put", "timeout_sec": 30.0, "ts": "2026-10-04 16:02:46"}
[DBG] {"category": "QUEUE", "component": "queue", "elapsed_sec": 0.031418, "event": "END:queue_put", "host": "d6b2a058c4be", "pid": 183871, "rank": null, "ts": "2026-10-04 16:02:46"}
[DBG] {"category": "QUEUE", "component": "queue", "event": "put_done", "host": "d6b2a058c4be", "key": "smoke01:preference:133d1baed9da44bebb1ac99487621d21", "pid": 183871, "policy_version": 0, "queue": "preference", "rank": null, "ts": "2026-10-04 16:02:46"}
[DBG] {"category": "QUEUE", "component": "queue", "event": "size_changed", "host": "d6b2a058c4be", "pid": 183871, "queue": "preference", "rank": null, "size": 1, "ts": "2026-10-04 16:02:46"}
[DBG] {"category": "QUEUE", "component": "queue", "current_version": 0, "event": "BEGIN:queue_list_for_pop", "exact": true, "host": "d6b2a058c4be", "max_lag": 3, "pid": 183871, "queue": "preference", "rank": null, "requested": 4, "ts": "2026-10-04 16:02:46"}
[DBG] {"category": "QUEUE", "component": "queue", "event": "watchdog_armed", "host": "d6b2a058c4be", "pid": 183871, "rank": null, "stage": "queue_list_for_pop", "timeout_sec": 30.0, "ts": "2026-10-04 16:02:46"}
[DBG] {"category": "QUEUE", "component": "queue", "elapsed_sec": 0.002178, "event": "END:queue_list_for_pop", "host": "d6b2a058c4be", "pid": 183871, "rank": null, "ts": "2026-10-04 16:02:46"}
[DBG] {"available": 1, "category": "QUEUE", "component": "queue", "event": "pop_scan", "exact": true, "host": "d6b2a058c4be", "pid": 183871, "queue": "preference", "rank": null, "requested": 4, "selected": 1, "selected_keys": ["smoke01:preference:133d1baed9da44bebb1ac99487621d21"], "stale": 0, "stale_keys": [], "ts": "2026-10-04 16:02:46"}
[DBG] {"available": 1, "category": "QUEUE", "component": "queue", "event": "pop_not_enough", "host": "d6b2a058c4be", "pid": 183871, "queue": "preference", "rank": null, "requested": 4, "ts": "2026-10-04 16:02:46"}
[DBG] {"category": "QUEUE", "component": "queue", "current_version": 0, "event": "BEGIN:queue_list_for_pop", "exact": true, "host": "d6b2a058c4be", "max_lag": 3, "pid": 183871, "queue": "preference", "rank": null, "requested": 4, "ts": "2026-10-04 16:02:47"}
[DBG] {"category": "QUEUE", "component": "queue", "event": "watchdog_armed", "host": "d6b2a058c4be", "pid": 183871, "rank": null, "stage": "queue_list_for_pop", "timeout_sec": 30.0, "ts": "2026-10-04 16:02:47"}
[DBG] {"category": "QUEUE", "component": "queue", "elapsed_sec": 0.001962, "event": "END:queue_list_for_pop", "host": "d6b2a058c4be", "pid": 183871, "rank": null, "ts": "2026-10-04 16:02:47"}
[DBG] {"available": 1, "category": "QUEUE", "component": "queue", "event": "pop_scan", "exact": true, "host": "d6b2a058c4be", "pid": 183871, "queue": "preference", "rank": null, "requested": 4, "selected": 1, "selected_keys": ["smoke01:preference:133d1baed9da44bebb1ac99487621d21"], "stale": 0, "stale_keys": [], "ts": "2026-10-04 16:02:47"}
[DBG] {"available": 1, "category": "QUEUE", "component": "queue", "event": "pop_not_enough", "host": "d6b2a058c4be", "pid": 183871, "queue": "preference", "rank": null, "requested": 4, "ts": "2026-10-04 16:02:47"}
[DBG] {"category": "QUEUE", "component": "queue", "current_version": null, "event": "BEGIN:queue_list_for_pop", "exact": false, "host": "d6b2a058c4be", "max_lag": null, "pid": 183871, "queue": "rollout", "rank": null, "requested": 1, "ts": "2026-10-04 16:02:47"}
[DBG] {"category": "QUEUE", "component": "queue", "event": "watchdog_armed", "host": "d6b2a058c4be", "pid": 183871, "rank": null, "stage": "queue_list_for_pop", "timeout_sec": 30.0, "ts": "2026-10-04 16:02:47"}
[DBG] {"category": "QUEUE", "component": "queue", "elapsed_sec": 0.003122, "event": "END:queue_list_for_pop", "host": "d6b2a058c4be", "pid": 183871, "rank": null, "ts": "2026-10-04 16:02:47"}
[DBG] {"available": 9, "category": "QUEUE", "component": "queue", "event": "pop_scan", "exact": false, "host": "d6b2a058c4be", "pid": 183871, "queue": "rollout", "rank": null, "requested": 1, "selected": 1, "selected_keys": ["smoke01:rollout:08f81cb53b1a4d38bff82eceaf2f054a"], "stale": 0, "stale_keys": [], "ts": "2026-10-04 16:02:47"}
[DBG] {"category": "QUEUE", "component": "queue", "event": "BEGIN:queue_get", "host": "d6b2a058c4be", "key": "smoke01:rollout:08f81cb53b1a4d38bff82eceaf2f054a", "pid": 183871, "queue": "rollout", "rank": null, "ts": "2026-10-04 16:02:47"}
[DBG] {"category": "QUEUE", "component": "queue", "event": "watchdog_armed", "host": "d6b2a058c4be", "pid": 183871, "rank": null, "stage": "queue_get", "timeout_sec": 30.0, "ts": "2026-10-04 16:02:47"}
[DBG] {"category": "QUEUE", "component": "queue", "elapsed_sec": 0.029292, "event": "END:queue_get", "host": "d6b2a058c4be", "pid": 183871, "rank": null, "ts": "2026-10-04 16:02:47"}
[DBG] {"category": "QUEUE", "component": "queue", "event": "queue_item_decoded", "host": "d6b2a058c4be", "item_id": "08f81cb53b1a4d38bff82eceaf2f054a", "key": "smoke01:rollout:08f81cb53b1a4d38bff82eceaf2f054a", "pid": 183871, "policy_version": 0, "queue": "rollout", "rank": null, "ts": "2026-10-04 16:02:47"}
[DBG] {"category": "QUEUE", "component": "queue", "count": 1, "event": "BEGIN:clear_popped", "host": "d6b2a058c4be", "pid": 183871, "queue": "rollout", "rank": null, "ts": "2026-10-04 16:02:47"}
[DBG] {"category": "QUEUE", "component": "queue", "event": "watchdog_armed", "host": "d6b2a058c4be", "pid": 183871, "rank": null, "stage": "clear_popped", "timeout_sec": 30.0, "ts": "2026-10-04 16:02:47"}
[DBG] {"category": "QUEUE", "component": "queue", "elapsed_sec": 0.019658, "event": "END:clear_popped", "host": "d6b2a058c4be", "pid": 183871, "rank": null, "ts": "2026-10-04 16:02:47"}
[DBG] {"category": "QUEUE", "component": "queue", "event": "pop_done", "host": "d6b2a058c4be", "item_ids": ["08f81cb53b1a4d38bff82eceaf2f054a"], "pid": 183871, "queue": "rollout", "rank": null, "remaining": 8, "returned": 1, "stale": 0, "ts": "2026-10-04 16:02:47"}
[DBG] {"category": "QUEUE", "component": "queue", "event": "size_changed", "host": "d6b2a058c4be", "pid": 183871, "queue": "rollout", "rank": null, "size": 8, "ts": "2026-10-04 16:02:47"}
[DBG] {"category": "QUEUE", "component": "queue", "current_version": 0, "event": "BEGIN:queue_list_for_pop", "exact": true, "host": "d6b2a058c4be", "max_lag": 3, "pid": 183871, "queue": "preference", "rank": null, "requested": 4, "ts": "2026-10-04 16:02:47"}
[DBG] {"category": "QUEUE", "component": "queue", "event": "watchdog_armed", "host": "d6b2a058c4be", "pid": 183871, "rank": null, "stage": "queue_list_for_pop", "timeout_sec": 30.0, "ts": "2026-10-04 16:02:47"}
[DBG] {"category": "QUEUE", "component": "queue", "elapsed_sec": 0.001905, "event": "END:queue_list_for_pop", "host": "d6b2a058c4be", "pid": 183871, "rank": null, "ts": "2026-10-04 16:02:47"}
[DBG] {"available": 1, "category": "QUEUE", "component": "queue", "event": "pop_scan", "exact": true, "host": "d6b2a058c4be", "pid": 183871, "queue": "preference", "rank": null, "requested": 4, "selected": 1, "selected_keys": ["smoke01:preference:133d1baed9da44bebb1ac99487621d21"], "stale": 0, "stale_keys": [], "ts": "2026-10-04 16:02:47"}
[DBG] {"available": 1, "category": "QUEUE", "component": "queue", "event": "pop_not_enough", "host": "d6b2a058c4be", "pid": 183871, "queue": "preference", "rank": null, "requested": 4, "ts": "2026-10-04 16:02:47"}
[DBG] {"category": "QUEUE", "component": "queue", "current_version": 0, "event": "BEGIN:queue_list_for_pop", "exact": true, "host": "d6b2a058c4be", "max_lag": 3, "pid": 183871, "queue": "preference", "rank": null, "requested": 4, "ts": "2026-10-04 16:02:48"}
[DBG] {"category": "QUEUE", "component": "queue", "event": "watchdog_armed", "host": "d6b2a058c4be", "pid": 183871, "rank": null, "stage": "queue_list_for_pop", "timeout_sec": 30.0, "ts": "2026-10-04 16:02:48"}
[DBG] {"category": "QUEUE", "component": "queue", "elapsed_sec": 0.002397, "event": "END:queue_list_for_pop", "host": "d6b2a058c4be", "pid": 183871, "rank": null, "ts": "2026-10-04 16:02:48"}
[DBG] {"available": 1, "category": "QUEUE", "component": "queue", "event": "pop_scan", "exact": true, "host": "d6b2a058c4be", "pid": 183871, "queue": "preference", "rank": null, "requested": 4, "selected": 1, "selected_keys": ["smoke01:preference:133d1baed9da44bebb1ac99487621d21"], "stale": 0, "stale_keys": [], "ts": "2026-10-04 16:02:48"}
[DBG] {"available": 1, "category": "QUEUE", "component": "queue", "event": "pop_not_enough", "host": "d6b2a058c4be", "pid": 183871, "queue": "preference", "rank": null, "requested": 4, "ts": "2026-10-04 16:02:48"}
[DBG] {"category": "QUEUE", "component": "queue", "current_version": 0, "event": "BEGIN:queue_list_for_pop", "exact": true, "host": "d6b2a058c4be", "max_lag": 3, "pid": 183871, "queue": "preference", "rank": null, "requested": 4, "ts": "2026-10-04 16:02:48"}
[DBG] {"category": "QUEUE", "component": "queue", "event": "watchdog_armed", "host": "d6b2a058c4be", "pid": 183871, "rank": null, "stage": "queue_list_for_pop", "timeout_sec": 30.0, "ts": "2026-10-04 16:02:48"}
[DBG] {"category": "QUEUE", "component": "queue", "elapsed_sec": 0.002778, "event": "END:queue_list_for_pop", "host": "d6b2a058c4be", "pid": 183871, "rank": null, "ts": "2026-10-04 16:02:48"}
[DBG] {"available": 1, "category": "QUEUE", "component": "queue", "event": "pop_scan", "exact": true, "host": "d6b2a058c4be", "pid": 183871, "queue": "preference", "rank": null, "requested": 4, "selected": 1, "selected_keys": ["smoke01:preference:133d1baed9da44bebb1ac99487621d21"], "stale": 0, "stale_keys": [], "ts": "2026-10-04 16:02:48"}
[DBG] {"available": 1, "category": "QUEUE", "component": "queue", "event": "pop_not_enough", "host": "d6b2a058c4be", "pid": 183871, "queue": "preference", "rank": null, "requested": 4, "ts": "2026-10-04 16:02:48"}
[DBG] {"category": "QUEUE", "component": "queue", "event": "put_prepare", "host": "d6b2a058c4be", "item_id": "08f81cb53b1a4d38bff82eceaf2f054a", "partition": "smoke01:preference", "payload_bytes": 1469, "pid": 183871, "policy_version": 0, "queue": "preference", "rank": null, "ts": "2026-10-04 16:02:49"}
[DBG] {"category": "QUEUE", "component": "queue", "event": "BEGIN:queue_put", "host": "d6b2a058c4be", "item_id": "08f81cb53b1a4d38bff82eceaf2f054a", "pid": 183871, "queue": "preference", "rank": null, "ts": "2026-10-04 16:02:49"}
[DBG] {"category": "QUEUE", "component": "queue", "event": "watchdog_armed", "host": "d6b2a058c4be", "pid": 183871, "rank": null, "stage": "queue_put", "timeout_sec": 30.0, "ts": "2026-10-04 16:02:49"}
[DBG] {"category": "QUEUE", "component": "queue", "elapsed_sec": 0.029601, "event": "END:queue_put", "host": "d6b2a058c4be", "pid": 183871, "rank": null, "ts": "2026-10-04 16:02:49"}
[DBG] {"category": "QUEUE", "component": "queue", "event": "put_done", "host": "d6b2a058c4be", "key": "smoke01:preference:08f81cb53b1a4d38bff82eceaf2f054a", "pid": 183871, "policy_version": 0, "queue": "preference", "rank": null, "ts": "2026-10-04 16:02:49"}
[DBG] {"category": "QUEUE", "component": "queue", "event": "size_changed", "host": "d6b2a058c4be", "pid": 183871, "queue": "preference", "rank": null, "size": 2, "ts": "2026-10-04 16:02:49"}
[DBG] {"category": "QUEUE", "component": "queue", "current_version": 0, "event": "BEGIN:queue_list_for_pop", "exact": true, "host": "d6b2a058c4be", "max_lag": 3, "pid": 183871, "queue": "preference", "rank": null, "requested": 4, "ts": "2026-10-04 16:02:49"}
[DBG] {"category": "QUEUE", "component": "queue", "event": "watchdog_armed", "host": "d6b2a058c4be", "pid": 183871, "rank": null, "stage": "queue_list_for_pop", "timeout_sec": 30.0, "ts": "2026-10-04 16:02:49"}
[DBG] {"category": "QUEUE", "component": "queue", "elapsed_sec": 0.002816, "event": "END:queue_list_for_pop", "host": "d6b2a058c4be", "pid": 183871, "rank": null, "ts": "2026-10-04 16:02:49"}
[DBG] {"available": 2, "category": "QUEUE", "component": "queue", "event": "pop_scan", "exact": true, "host": "d6b2a058c4be", "pid": 183871, "queue": "preference", "rank": null, "requested": 4, "selected": 2, "selected_keys": ["smoke01:preference:133d1baed9da44bebb1ac99487621d21", "smoke01:preference:08f81cb53b1a4d38bff82eceaf2f054a"], "stale": 0, "stale_keys": [], "ts": "2026-10-04 16:02:49"}
[DBG] {"available": 2, "category": "QUEUE", "component": "queue", "event": "pop_not_enough", "host": "d6b2a058c4be", "pid": 183871, "queue": "preference", "rank": null, "requested": 4, "ts": "2026-10-04 16:02:49"}
[DBG] {"category": "QUEUE", "component": "queue", "current_version": 0, "event": "BEGIN:queue_list_for_pop", "exact": true, "host": "d6b2a058c4be", "max_lag": 3, "pid": 183871, "queue": "preference", "rank": null, "requested": 4, "ts": "2026-10-04 16:02:49"}
[DBG] {"category": "QUEUE", "component": "queue", "event": "watchdog_armed", "host": "d6b2a058c4be", "pid": 183871, "rank": null, "stage": "queue_list_for_pop", "timeout_sec": 30.0, "ts": "2026-10-04 16:02:49"}
[DBG] {"category": "QUEUE", "component": "queue", "elapsed_sec": 0.002048, "event": "END:queue_list_for_pop", "host": "d6b2a058c4be", "pid": 183871, "rank": null, "ts": "2026-10-04 16:02:49"}
[DBG] {"available": 2, "category": "QUEUE", "component": "queue", "event": "pop_scan", "exact": true, "host": "d6b2a058c4be", "pid": 183871, "queue": "preference", "rank": null, "requested": 4, "selected": 2, "selected_keys": ["smoke01:preference:133d1baed9da44bebb1ac99487621d21", "smoke01:preference:08f81cb53b1a4d38bff82eceaf2f054a"], "stale": 0, "stale_keys": [], "ts": "2026-10-04 16:02:49"}
[DBG] {"available": 2, "category": "QUEUE", "component": "queue", "event": "pop_not_enough", "host": "d6b2a058c4be", "pid": 183871, "queue": "preference", "rank": null, "requested": 4, "ts": "2026-10-04 16:02:49"}
[DBG] {"category": "QUEUE", "component": "queue", "current_version": null, "event": "BEGIN:queue_list_for_pop", "exact": false, "host": "d6b2a058c4be", "max_lag": null, "pid": 183871, "queue": "rollout", "rank": null, "requested": 1, "ts": "2026-10-04 16:02:50"}
[DBG] {"category": "QUEUE", "component": "queue", "event": "watchdog_armed", "host": "d6b2a058c4be", "pid": 183871, "rank": null, "stage": "queue_list_for_pop", "timeout_sec": 30.0, "ts": "2026-10-04 16:02:50"}
[DBG] {"category": "QUEUE", "component": "queue", "elapsed_sec": 0.002848, "event": "END:queue_list_for_pop", "host": "d6b2a058c4be", "pid": 183871, "rank": null, "ts": "2026-10-04 16:02:50"}
[DBG] {"available": 8, "category": "QUEUE", "component": "queue", "event": "pop_scan", "exact": false, "host": "d6b2a058c4be", "pid": 183871, "queue": "rollout", "rank": null, "requested": 1, "selected": 1, "selected_keys": ["smoke01:rollout:6fea28f27dc943a3b1a35a8d246c963d"], "stale": 0, "stale_keys": [], "ts": "2026-10-04 16:02:50"}
[DBG] {"category": "QUEUE", "component": "queue", "event": "BEGIN:queue_get", "host": "d6b2a058c4be", "key": "smoke01:rollout:6fea28f27dc943a3b1a35a8d246c963d", "pid": 183871, "queue": "rollout", "rank": null, "ts": "2026-10-04 16:02:50"}
[DBG] {"category": "QUEUE", "component": "queue", "event": "watchdog_armed", "host": "d6b2a058c4be", "pid": 183871, "rank": null, "stage": "queue_get", "timeout_sec": 30.0, "ts": "2026-10-04 16:02:50"}
[DBG] {"category": "QUEUE", "component": "queue", "elapsed_sec": 0.026705, "event": "END:queue_get", "host": "d6b2a058c4be", "pid": 183871, "rank": null, "ts": "2026-10-04 16:02:50"}
[DBG] {"category": "QUEUE", "component": "queue", "event": "queue_item_decoded", "host": "d6b2a058c4be", "item_id": "6fea28f27dc943a3b1a35a8d246c963d", "key": "smoke01:rollout:6fea28f27dc943a3b1a35a8d246c963d", "pid": 183871, "policy_version": 0, "queue": "rollout", "rank": null, "ts": "2026-10-04 16:02:50"}
[DBG] {"category": "QUEUE", "component": "queue", "count": 1, "event": "BEGIN:clear_popped", "host": "d6b2a058c4be", "pid": 183871, "queue": "rollout", "rank": null, "ts": "2026-10-04 16:02:50"}
[DBG] {"category": "QUEUE", "component": "queue", "event": "watchdog_armed", "host": "d6b2a058c4be", "pid": 183871, "rank": null, "stage": "clear_popped", "timeout_sec": 30.0, "ts": "2026-10-04 16:02:50"}
[DBG] {"category": "QUEUE", "component": "queue", "elapsed_sec": 0.017803, "event": "END:clear_popped", "host": "d6b2a058c4be", "pid": 183871, "rank": null, "ts": "2026-10-04 16:02:50"}
[DBG] {"category": "QUEUE", "component": "queue", "event": "pop_done", "host": "d6b2a058c4be", "item_ids": ["6fea28f27dc943a3b1a35a8d246c963d"], "pid": 183871, "queue": "rollout", "rank": null, "remaining": 7, "returned": 1, "stale": 0, "ts": "2026-10-04 16:02:50"}
[DBG] {"category": "QUEUE", "component": "queue", "current_version": 0, "event": "BEGIN:queue_list_for_pop", "exact": true, "host": "d6b2a058c4be", "max_lag": 3, "pid": 183871, "queue": "preference", "rank": null, "requested": 4, "ts": "2026-10-04 16:02:50"}
[DBG] {"category": "QUEUE", "component": "queue", "event": "watchdog_armed", "host": "d6b2a058c4be", "pid": 183871, "rank": null, "stage": "queue_list_for_pop", "timeout_sec": 30.0, "ts": "2026-10-04 16:02:50"}
[DBG] {"category": "QUEUE", "component": "queue", "elapsed_sec": 0.002455, "event": "END:queue_list_for_pop", "host": "d6b2a058c4be", "pid": 183871, "rank": null, "ts": "2026-10-04 16:02:50"}
[DBG] {"available": 2, "category": "QUEUE", "component": "queue", "event": "pop_scan", "exact": true, "host": "d6b2a058c4be", "pid": 183871, "queue": "preference", "rank": null, "requested": 4, "selected": 2, "selected_keys": ["smoke01:preference:133d1baed9da44bebb1ac99487621d21", "smoke01:preference:08f81cb53b1a4d38bff82eceaf2f054a"], "stale": 0, "stale_keys": [], "ts": "2026-10-04 16:02:50"}
[DBG] {"available": 2, "category": "QUEUE", "component": "queue", "event": "pop_not_enough", "host": "d6b2a058c4be", "pid": 183871, "queue": "preference", "rank": null, "requested": 4, "ts": "2026-10-04 16:02:50"}
[DBG] {"category": "QUEUE", "component": "queue", "event": "size_changed", "host": "d6b2a058c4be", "pid": 183871, "queue": "rollout", "rank": null, "size": 7, "ts": "2026-10-04 16:02:50"}
[DBG] {"category": "QUEUE", "component": "queue", "current_version": 0, "event": "BEGIN:queue_list_for_pop", "exact": true, "host": "d6b2a058c4be", "max_lag": 3, "pid": 183871, "queue": "preference", "rank": null, "requested": 4, "ts": "2026-10-04 16:02:50"}
[DBG] {"category": "QUEUE", "component": "queue", "event": "watchdog_armed", "host": "d6b2a058c4be", "pid": 183871, "rank": null, "stage": "queue_list_for_pop", "timeout_sec": 30.0, "ts": "2026-10-04 16:02:50"}
[DBG] {"category": "QUEUE", "component": "queue", "elapsed_sec": 0.001867, "event": "END:queue_list_for_pop", "host": "d6b2a058c4be", "pid": 183871, "rank": null, "ts": "2026-10-04 16:02:50"}
[DBG] {"available": 2, "category": "QUEUE", "component": "queue", "event": "pop_scan", "exact": true, "host": "d6b2a058c4be", "pid": 183871, "queue": "preference", "rank": null, "requested": 4, "selected": 2, "selected_keys": ["smoke01:preference:133d1baed9da44bebb1ac99487621d21", "smoke01:preference:08f81cb53b1a4d38bff82eceaf2f054a"], "stale": 0, "stale_keys": [], "ts": "2026-10-04 16:02:50"}
[DBG] {"available": 2, "category": "QUEUE", "component": "queue", "event": "pop_not_enough", "host": "d6b2a058c4be", "pid": 183871, "queue": "preference", "rank": null, "requested": 4, "ts": "2026-10-04 16:02:50"}
[DBG] {"category": "QUEUE", "component": "queue", "event": "put_prepare", "host": "d6b2a058c4be", "item_id": "8a7711e601794b1cad7bbcddb4ea06dd", "partition": "smoke01:rollout", "payload_bytes": 2626, "pid": 183871, "policy_version": 0, "queue": "rollout", "rank": null, "ts": "2026-10-04 16:02:51"}
[DBG] {"category": "QUEUE", "component": "queue", "event": "BEGIN:queue_put", "host": "d6b2a058c4be", "item_id": "8a7711e601794b1cad7bbcddb4ea06dd", "pid": 183871, "queue": "rollout", "rank": null, "ts": "2026-10-04 16:02:51"}
[DBG] {"category": "QUEUE", "component": "queue", "event": "watchdog_armed", "host": "d6b2a058c4be", "pid": 183871, "rank": null, "stage": "queue_put", "timeout_sec": 30.0, "ts": "2026-10-04 16:02:51"}
[DBG] {"category": "QUEUE", "component": "queue", "elapsed_sec": 0.033335, "event": "END:queue_put", "host": "d6b2a058c4be", "pid": 183871, "rank": null, "ts": "2026-10-04 16:02:51"}
[DBG] {"category": "QUEUE", "component": "queue", "event": "put_done", "host": "d6b2a058c4be", "key": "smoke01:rollout:8a7711e601794b1cad7bbcddb4ea06dd", "pid": 183871, "policy_version": 0, "queue": "rollout", "rank": null, "ts": "2026-10-04 16:02:51"}
[DBG] {"category": "QUEUE", "component": "queue", "event": "put_prepare", "host": "d6b2a058c4be", "item_id": "2dc16a9b2a5042959c99587e7fcd1a0f", "partition": "smoke01:rollout", "payload_bytes": 2699, "pid": 183871, "policy_version": 0, "queue": "rollout", "rank": null, "ts": "2026-10-04 16:02:51"}
[DBG] {"category": "QUEUE", "component": "queue", "event": "BEGIN:queue_put", "host": "d6b2a058c4be", "item_id": "2dc16a9b2a5042959c99587e7fcd1a0f", "pid": 183871, "queue": "rollout", "rank": null, "ts": "2026-10-04 16:02:51"}
[DBG] {"category": "QUEUE", "component": "queue", "event": "watchdog_armed", "host": "d6b2a058c4be", "pid": 183871, "rank": null, "stage": "queue_put", "timeout_sec": 30.0, "ts": "2026-10-04 16:02:51"}
[DBG] {"category": "QUEUE", "component": "queue", "elapsed_sec": 0.027853, "event": "END:queue_put", "host": "d6b2a058c4be", "pid": 183871, "rank": null, "ts": "2026-10-04 16:02:51"}
[DBG] {"category": "QUEUE", "component": "queue", "event": "put_done", "host": "d6b2a058c4be", "key": "smoke01:rollout:2dc16a9b2a5042959c99587e7fcd1a0f", "pid": 183871, "policy_version": 0, "queue": "rollout", "rank": null, "ts": "2026-10-04 16:02:51"}
[DBG] {"category": "QUEUE", "component": "queue", "event": "size_changed", "host": "d6b2a058c4be", "pid": 183871, "queue": "rollout", "rank": null, "size": 9, "ts": "2026-10-04 16:02:51"}
[DBG] {"category": "QUEUE", "component": "queue", "current_version": 0, "event": "BEGIN:queue_list_for_pop", "exact": true, "host": "d6b2a058c4be", "max_lag": 3, "pid": 183871, "queue": "preference", "rank": null, "requested": 4, "ts": "2026-10-04 16:02:51"}
[DBG] {"category": "QUEUE", "component": "queue", "event": "watchdog_armed", "host": "d6b2a058c4be", "pid": 183871, "rank": null, "stage": "queue_list_for_pop", "timeout_sec": 30.0, "ts": "2026-10-04 16:02:51"}
[DBG] {"category": "QUEUE", "component": "queue", "elapsed_sec": 0.002794, "event": "END:queue_list_for_pop", "host": "d6b2a058c4be", "pid": 183871, "rank": null, "ts": "2026-10-04 16:02:51"}
[DBG] {"available": 2, "category": "QUEUE", "component": "queue", "event": "pop_scan", "exact": true, "host": "d6b2a058c4be", "pid": 183871, "queue": "preference", "rank": null, "requested": 4, "selected": 2, "selected_keys": ["smoke01:preference:133d1baed9da44bebb1ac99487621d21", "smoke01:preference:08f81cb53b1a4d38bff82eceaf2f054a"], "stale": 0, "stale_keys": [], "ts": "2026-10-04 16:02:51"}
[DBG] {"available": 2, "category": "QUEUE", "component": "queue", "event": "pop_not_enough", "host": "d6b2a058c4be", "pid": 183871, "queue": "preference", "rank": null, "requested": 4, "ts": "2026-10-04 16:02:51"}
[DBG] {"category": "QUEUE", "component": "queue", "current_version": 0, "event": "BEGIN:queue_list_for_pop", "exact": true, "host": "d6b2a058c4be", "max_lag": 3, "pid": 183871, "queue": "preference", "rank": null, "requested": 4, "ts": "2026-10-04 16:02:52"}
[DBG] {"category": "QUEUE", "component": "queue", "event": "watchdog_armed", "host": "d6b2a058c4be", "pid": 183871, "rank": null, "stage": "queue_list_for_pop", "timeout_sec": 30.0, "ts": "2026-10-04 16:02:52"}
[DBG] {"category": "QUEUE", "component": "queue", "elapsed_sec": 0.001589, "event": "END:queue_list_for_pop", "host": "d6b2a058c4be", "pid": 183871, "rank": null, "ts": "2026-10-04 16:02:52"}
[DBG] {"available": 2, "category": "QUEUE", "component": "queue", "event": "pop_scan", "exact": true, "host": "d6b2a058c4be", "pid": 183871, "queue": "preference", "rank": null, "requested": 4, "selected": 2, "selected_keys": ["smoke01:preference:133d1baed9da44bebb1ac99487621d21", "smoke01:preference:08f81cb53b1a4d38bff82eceaf2f054a"], "stale": 0, "stale_keys": [], "ts": "2026-10-04 16:02:52"}
[DBG] {"available": 2, "category": "QUEUE", "component": "queue", "event": "pop_not_enough", "host": "d6b2a058c4be", "pid": 183871, "queue": "preference", "rank": null, "requested": 4, "ts": "2026-10-04 16:02:52"}
[DBG] {"category": "QUEUE", "component": "queue", "event": "put_prepare", "host": "d6b2a058c4be", "item_id": "6fea28f27dc943a3b1a35a8d246c963d", "partition": "smoke01:preference", "payload_bytes": 1641, "pid": 183871, "policy_version": 0, "queue": "preference", "rank": null, "ts": "2026-10-04 16:02:52"}
[DBG] {"category": "QUEUE", "component": "queue", "event": "BEGIN:queue_put", "host": "d6b2a058c4be", "item_id": "6fea28f27dc943a3b1a35a8d246c963d", "pid": 183871, "queue": "preference", "rank": null, "ts": "2026-10-04 16:02:52"}
[DBG] {"category": "QUEUE", "component": "queue", "event": "watchdog_armed", "host": "d6b2a058c4be", "pid": 183871, "rank": null, "stage": "queue_put", "timeout_sec": 30.0, "ts": "2026-10-04 16:02:52"}
[DBG] {"category": "QUEUE", "component": "queue", "elapsed_sec": 0.030623, "event": "END:queue_put", "host": "d6b2a058c4be", "pid": 183871, "rank": null, "ts": "2026-10-04 16:02:52"}
[DBG] {"category": "QUEUE", "component": "queue", "event": "put_done", "host": "d6b2a058c4be", "key": "smoke01:preference:6fea28f27dc943a3b1a35a8d246c963d", "pid": 183871, "policy_version": 0, "queue": "preference", "rank": null, "ts": "2026-10-04 16:02:52"}
[DBG] {"category": "QUEUE", "component": "queue", "event": "size_changed", "host": "d6b2a058c4be", "pid": 183871, "queue": "preference", "rank": null, "size": 3, "ts": "2026-10-04 16:02:52"}
[DBG] {"category": "QUEUE", "component": "queue", "current_version": 0, "event": "BEGIN:queue_list_for_pop", "exact": true, "host": "d6b2a058c4be", "max_lag": 3, "pid": 183871, "queue": "preference", "rank": null, "requested": 4, "ts": "2026-10-04 16:02:52"}
[DBG] {"category": "QUEUE", "component": "queue", "event": "watchdog_armed", "host": "d6b2a058c4be", "pid": 183871, "rank": null, "stage": "queue_list_for_pop", "timeout_sec": 30.0, "ts": "2026-10-04 16:02:52"}
[DBG] {"category": "QUEUE", "component": "queue", "elapsed_sec": 0.000945, "event": "END:queue_list_for_pop", "host": "d6b2a058c4be", "pid": 183871, "rank": null, "ts": "2026-10-04 16:02:52"}
[DBG] {"available": 3, "category": "QUEUE", "component": "queue", "event": "pop_scan", "exact": true, "host": "d6b2a058c4be", "pid": 183871, "queue": "preference", "rank": null, "requested": 4, "selected": 3, "selected_keys": ["smoke01:preference:133d1baed9da44bebb1ac99487621d21", "smoke01:preference:08f81cb53b1a4d38bff82eceaf2f054a", "smoke01:preference:6fea28f27dc943a3b1a35a8d246c963d"], "stale": 0, "stale_keys": [], "ts": "2026-10-04 16:02:52"}
[DBG] {"available": 3, "category": "QUEUE", "component": "queue", "event": "pop_not_enough", "host": "d6b2a058c4be", "pid": 183871, "queue": "preference", "rank": null, "requested": 4, "ts": "2026-10-04 16:02:52"}
[DBG] {"category": "QUEUE", "component": "queue", "current_version": 0, "event": "BEGIN:queue_list_for_pop", "exact": true, "host": "d6b2a058c4be", "max_lag": 3, "pid": 183871, "queue": "preference", "rank": null, "requested": 4, "ts": "2026-10-04 16:02:53"}
[DBG] {"category": "QUEUE", "component": "queue", "event": "watchdog_armed", "host": "d6b2a058c4be", "pid": 183871, "rank": null, "stage": "queue_list_for_pop", "timeout_sec": 30.0, "ts": "2026-10-04 16:02:53"}
[DBG] {"category": "QUEUE", "component": "queue", "elapsed_sec": 0.006358, "event": "END:queue_list_for_pop", "host": "d6b2a058c4be", "pid": 183871, "rank": null, "ts": "2026-10-04 16:02:53"}
[DBG] {"available": 3, "category": "QUEUE", "component": "queue", "event": "pop_scan", "exact": true, "host": "d6b2a058c4be", "pid": 183871, "queue": "preference", "rank": null, "requested": 4, "selected": 3, "selected_keys": ["smoke01:preference:133d1baed9da44bebb1ac99487621d21", "smoke01:preference:08f81cb53b1a4d38bff82eceaf2f054a", "smoke01:preference:6fea28f27dc943a3b1a35a8d246c963d"], "stale": 0, "stale_keys": [], "ts": "2026-10-04 16:02:53"}
[DBG] {"available": 3, "category": "QUEUE", "component": "queue", "event": "pop_not_enough", "host": "d6b2a058c4be", "pid": 183871, "queue": "preference", "rank": null, "requested": 4, "ts": "2026-10-04 16:02:53"}
[DBG] {"category": "QUEUE", "component": "queue", "current_version": null, "event": "BEGIN:queue_list_for_pop", "exact": false, "host": "d6b2a058c4be", "max_lag": null, "pid": 183871, "queue": "rollout", "rank": null, "requested": 1, "ts": "2026-10-04 16:02:53"}
[DBG] {"category": "QUEUE", "component": "queue", "event": "watchdog_armed", "host": "d6b2a058c4be", "pid": 183871, "rank": null, "stage": "queue_list_for_pop", "timeout_sec": 30.0, "ts": "2026-10-04 16:02:53"}
[DBG] {"category": "QUEUE", "component": "queue", "elapsed_sec": 0.00327, "event": "END:queue_list_for_pop", "host": "d6b2a058c4be", "pid": 183871, "rank": null, "ts": "2026-10-04 16:02:53"}
[DBG] {"available": 9, "category": "QUEUE", "component": "queue", "event": "pop_scan", "exact": false, "host": "d6b2a058c4be", "pid": 183871, "queue": "rollout", "rank": null, "requested": 1, "selected": 1, "selected_keys": ["smoke01:rollout:d2935eaa9e134a45a11109593f06921a"], "stale": 0, "stale_keys": [], "ts": "2026-10-04 16:02:53"}
[DBG] {"category": "QUEUE", "component": "queue", "event": "BEGIN:queue_get", "host": "d6b2a058c4be", "key": "smoke01:rollout:d2935eaa9e134a45a11109593f06921a", "pid": 183871, "queue": "rollout", "rank": null, "ts": "2026-10-04 16:02:53"}
[DBG] {"category": "QUEUE", "component": "queue", "event": "watchdog_armed", "host": "d6b2a058c4be", "pid": 183871, "rank": null, "stage": "queue_get", "timeout_sec": 30.0, "ts": "2026-10-04 16:02:53"}
[DBG] {"category": "QUEUE", "component": "queue", "elapsed_sec": 0.028227, "event": "END:queue_get", "host": "d6b2a058c4be", "pid": 183871, "rank": null, "ts": "2026-10-04 16:02:53"}
[DBG] {"category": "QUEUE", "component": "queue", "event": "queue_item_decoded", "host": "d6b2a058c4be", "item_id": "d2935eaa9e134a45a11109593f06921a", "key": "smoke01:rollout:d2935eaa9e134a45a11109593f06921a", "pid": 183871, "policy_version": 0, "queue": "rollout", "rank": null, "ts": "2026-10-04 16:02:53"}
[DBG] {"category": "QUEUE", "component": "queue", "count": 1, "event": "BEGIN:clear_popped", "host": "d6b2a058c4be", "pid": 183871, "queue": "rollout", "rank": null, "ts": "2026-10-04 16:02:53"}
[DBG] {"category": "QUEUE", "component": "queue", "event": "watchdog_armed", "host": "d6b2a058c4be", "pid": 183871, "rank": null, "stage": "clear_popped", "timeout_sec": 30.0, "ts": "2026-10-04 16:02:53"}
[DBG] {"category": "QUEUE", "component": "queue", "elapsed_sec": 0.019476, "event": "END:clear_popped", "host": "d6b2a058c4be", "pid": 183871, "rank": null, "ts": "2026-10-04 16:02:53"}
[DBG] {"category": "QUEUE", "component": "queue", "event": "pop_done", "host": "d6b2a058c4be", "item_ids": ["d2935eaa9e134a45a11109593f06921a"], "pid": 183871, "queue": "rollout", "rank": null, "remaining": 8, "returned": 1, "stale": 0, "ts": "2026-10-04 16:02:53"}
[DBG] {"category": "QUEUE", "component": "queue", "event": "size_changed", "host": "d6b2a058c4be", "pid": 183871, "queue": "rollout", "rank": null, "size": 8, "ts": "2026-10-04 16:02:53"}
[DBG] {"category": "QUEUE", "component": "queue", "current_version": 0, "event": "BEGIN:queue_list_for_pop", "exact": true, "host": "d6b2a058c4be", "max_lag": 3, "pid": 183871, "queue": "preference", "rank": null, "requested": 4, "ts": "2026-10-04 16:02:53"}
[DBG] {"category": "QUEUE", "component": "queue", "event": "watchdog_armed", "host": "d6b2a058c4be", "pid": 183871, "rank": null, "stage": "queue_list_for_pop", "timeout_sec": 30.0, "ts": "2026-10-04 16:02:53"}
[DBG] {"category": "QUEUE", "component": "queue", "elapsed_sec": 0.002853, "event": "END:queue_list_for_pop", "host": "d6b2a058c4be", "pid": 183871, "rank": null, "ts": "2026-10-04 16:02:53"}
[DBG] {"available": 3, "category": "QUEUE", "component": "queue", "event": "pop_scan", "exact": true, "host": "d6b2a058c4be", "pid": 183871, "queue": "preference", "rank": null, "requested": 4, "selected": 3, "selected_keys": ["smoke01:preference:133d1baed9da44bebb1ac99487621d21", "smoke01:preference:08f81cb53b1a4d38bff82eceaf2f054a", "smoke01:preference:6fea28f27dc943a3b1a35a8d246c963d"], "stale": 0, "stale_keys": [], "ts": "2026-10-04 16:02:53"}
[DBG] {"available": 3, "category": "QUEUE", "component": "queue", "event": "pop_not_enough", "host": "d6b2a058c4be", "pid": 183871, "queue": "preference", "rank": null, "requested": 4, "ts": "2026-10-04 16:02:53"}
[DBG] {"category": "QUEUE", "component": "queue", "current_version": 0, "event": "BEGIN:queue_list_for_pop", "exact": true, "host": "d6b2a058c4be", "max_lag": 3, "pid": 183871, "queue": "preference", "rank": null, "requested": 4, "ts": "2026-10-04 16:02:54"}
[DBG] {"category": "QUEUE", "component": "queue", "event": "watchdog_armed", "host": "d6b2a058c4be", "pid": 183871, "rank": null, "stage": "queue_list_for_pop", "timeout_sec": 30.0, "ts": "2026-10-04 16:02:54"}
[DBG] {"category": "QUEUE", "component": "queue", "elapsed_sec": 0.002749, "event": "END:queue_list_for_pop", "host": "d6b2a058c4be", "pid": 183871, "rank": null, "ts": "2026-10-04 16:02:54"}
[DBG] {"available": 3, "category": "QUEUE", "component": "queue", "event": "pop_scan", "exact": true, "host": "d6b2a058c4be", "pid": 183871, "queue": "preference", "rank": null, "requested": 4, "selected": 3, "selected_keys": ["smoke01:preference:133d1baed9da44bebb1ac99487621d21", "smoke01:preference:08f81cb53b1a4d38bff82eceaf2f054a", "smoke01:preference:6fea28f27dc943a3b1a35a8d246c963d"], "stale": 0, "stale_keys": [], "ts": "2026-10-04 16:02:54"}
[DBG] {"available": 3, "category": "QUEUE", "component": "queue", "event": "pop_not_enough", "host": "d6b2a058c4be", "pid": 183871, "queue": "preference", "rank": null, "requested": 4, "ts": "2026-10-04 16:02:54"}
[DBG] {"category": "QUEUE", "component": "queue", "event": "put_prepare", "host": "d6b2a058c4be", "item_id": "d2935eaa9e134a45a11109593f06921a", "partition": "smoke01:preference", "payload_bytes": 1363, "pid": 183871, "policy_version": 0, "queue": "preference", "rank": null, "ts": "2026-10-04 16:02:54"}
[DBG] {"category": "QUEUE", "component": "queue", "event": "BEGIN:queue_put", "host": "d6b2a058c4be", "item_id": "d2935eaa9e134a45a11109593f06921a", "pid": 183871, "queue": "preference", "rank": null, "ts": "2026-10-04 16:02:54"}
[DBG] {"category": "QUEUE", "component": "queue", "event": "watchdog_armed", "host": "d6b2a058c4be", "pid": 183871, "rank": null, "stage": "queue_put", "timeout_sec": 30.0, "ts": "2026-10-04 16:02:54"}
[DBG] {"category": "QUEUE", "component": "queue", "elapsed_sec": 0.030398, "event": "END:queue_put", "host": "d6b2a058c4be", "pid": 183871, "rank": null, "ts": "2026-10-04 16:02:54"}
[DBG] {"category": "QUEUE", "component": "queue", "event": "put_done", "host": "d6b2a058c4be", "key": "smoke01:preference:d2935eaa9e134a45a11109593f06921a", "pid": 183871, "policy_version": 0, "queue": "preference", "rank": null, "ts": "2026-10-04 16:02:54"}
[DBG] {"category": "QUEUE", "component": "queue", "event": "size_changed", "host": "d6b2a058c4be", "pid": 183871, "queue": "preference", "rank": null, "size": 4, "ts": "2026-10-04 16:02:54"}
[DBG] {"category": "QUEUE", "component": "queue", "current_version": 0, "event": "BEGIN:queue_list_for_pop", "exact": true, "host": "d6b2a058c4be", "max_lag": 3, "pid": 183871, "queue": "preference", "rank": null, "requested": 4, "ts": "2026-10-04 16:02:54"}
[DBG] {"category": "QUEUE", "component": "queue", "event": "watchdog_armed", "host": "d6b2a058c4be", "pid": 183871, "rank": null, "stage": "queue_list_for_pop", "timeout_sec": 30.0, "ts": "2026-10-04 16:02:54"}
[DBG] {"category": "QUEUE", "component": "queue", "elapsed_sec": 0.001606, "event": "END:queue_list_for_pop", "host": "d6b2a058c4be", "pid": 183871, "rank": null, "ts": "2026-10-04 16:02:54"}
[DBG] {"available": 4, "category": "QUEUE", "component": "queue", "event": "pop_scan", "exact": true, "host": "d6b2a058c4be", "pid": 183871, "queue": "preference", "rank": null, "requested": 4, "selected": 4, "selected_keys": ["smoke01:preference:133d1baed9da44bebb1ac99487621d21", "smoke01:preference:08f81cb53b1a4d38bff82eceaf2f054a", "smoke01:preference:6fea28f27dc943a3b1a35a8d246c963d", "smoke01:preference:d2935eaa9e134a45a11109593f06921a"], "stale": 0, "stale_keys": [], "ts": "2026-10-04 16:02:54"}
[DBG] {"category": "QUEUE", "component": "queue", "event": "BEGIN:queue_get", "host": "d6b2a058c4be", "key": "smoke01:preference:133d1baed9da44bebb1ac99487621d21", "pid": 183871, "queue": "preference", "rank": null, "ts": "2026-10-04 16:02:54"}
[DBG] {"category": "QUEUE", "component": "queue", "event": "watchdog_armed", "host": "d6b2a058c4be", "pid": 183871, "rank": null, "stage": "queue_get", "timeout_sec": 30.0, "ts": "2026-10-04 16:02:54"}
[DBG] {"category": "QUEUE", "component": "queue", "elapsed_sec": 0.020995, "event": "END:queue_get", "host": "d6b2a058c4be", "pid": 183871, "rank": null, "ts": "2026-10-04 16:02:54"}
[DBG] {"category": "QUEUE", "component": "queue", "event": "queue_item_decoded", "host": "d6b2a058c4be", "item_id": "133d1baed9da44bebb1ac99487621d21", "key": "smoke01:preference:133d1baed9da44bebb1ac99487621d21", "pid": 183871, "policy_version": 0, "queue": "preference", "rank": null, "ts": "2026-10-04 16:02:54"}
[DBG] {"category": "QUEUE", "component": "queue", "event": "BEGIN:queue_get", "host": "d6b2a058c4be", "key": "smoke01:preference:08f81cb53b1a4d38bff82eceaf2f054a", "pid": 183871, "queue": "preference", "rank": null, "ts": "2026-10-04 16:02:54"}
[DBG] {"category": "QUEUE", "component": "queue", "event": "watchdog_armed", "host": "d6b2a058c4be", "pid": 183871, "rank": null, "stage": "queue_get", "timeout_sec": 30.0, "ts": "2026-10-04 16:02:54"}
[DBG] {"category": "QUEUE", "component": "queue", "elapsed_sec": 0.028222, "event": "END:queue_get", "host": "d6b2a058c4be", "pid": 183871, "rank": null, "ts": "2026-10-04 16:02:54"}
[DBG] {"category": "QUEUE", "component": "queue", "event": "queue_item_decoded", "host": "d6b2a058c4be", "item_id": "08f81cb53b1a4d38bff82eceaf2f054a", "key": "smoke01:preference:08f81cb53b1a4d38bff82eceaf2f054a", "pid": 183871, "policy_version": 0, "queue": "preference", "rank": null, "ts": "2026-10-04 16:02:54"}
[DBG] {"category": "QUEUE", "component": "queue", "event": "BEGIN:queue_get", "host": "d6b2a058c4be", "key": "smoke01:preference:6fea28f27dc943a3b1a35a8d246c963d", "pid": 183871, "queue": "preference", "rank": null, "ts": "2026-10-04 16:02:54"}
[DBG] {"category": "QUEUE", "component": "queue", "event": "watchdog_armed", "host": "d6b2a058c4be", "pid": 183871, "rank": null, "stage": "queue_get", "timeout_sec": 30.0, "ts": "2026-10-04 16:02:54"}
[DBG] {"category": "QUEUE", "component": "queue", "elapsed_sec": 0.021342, "event": "END:queue_get", "host": "d6b2a058c4be", "pid": 183871, "rank": null, "ts": "2026-10-04 16:02:54"}
[DBG] {"category": "QUEUE", "component": "queue", "event": "queue_item_decoded", "host": "d6b2a058c4be", "item_id": "6fea28f27dc943a3b1a35a8d246c963d", "key": "smoke01:preference:6fea28f27dc943a3b1a35a8d246c963d", "pid": 183871, "policy_version": 0, "queue": "preference", "rank": null, "ts": "2026-10-04 16:02:54"}
[DBG] {"category": "QUEUE", "component": "queue", "event": "BEGIN:queue_get", "host": "d6b2a058c4be", "key": "smoke01:preference:d2935eaa9e134a45a11109593f06921a", "pid": 183871, "queue": "preference", "rank": null, "ts": "2026-10-04 16:02:54"}
[DBG] {"category": "QUEUE", "component": "queue", "event": "watchdog_armed", "host": "d6b2a058c4be", "pid": 183871, "rank": null, "stage": "queue_get", "timeout_sec": 30.0, "ts": "2026-10-04 16:02:54"}
[DBG] {"category": "QUEUE", "component": "queue", "elapsed_sec": 0.025327, "event": "END:queue_get", "host": "d6b2a058c4be", "pid": 183871, "rank": null, "ts": "2026-10-04 16:02:54"}
[DBG] {"category": "QUEUE", "component": "queue", "event": "queue_item_decoded", "host": "d6b2a058c4be", "item_id": "d2935eaa9e134a45a11109593f06921a", "key": "smoke01:preference:d2935eaa9e134a45a11109593f06921a", "pid": 183871, "policy_version": 0, "queue": "preference", "rank": null, "ts": "2026-10-04 16:02:54"}
[DBG] {"category": "QUEUE", "component": "queue", "count": 4, "event": "BEGIN:clear_popped", "host": "d6b2a058c4be", "pid": 183871, "queue": "preference", "rank": null, "ts": "2026-10-04 16:02:54"}
[DBG] {"category": "QUEUE", "component": "queue", "event": "watchdog_armed", "host": "d6b2a058c4be", "pid": 183871, "rank": null, "stage": "clear_popped", "timeout_sec": 30.0, "ts": "2026-10-04 16:02:54"}
[DBG] {"category": "QUEUE", "component": "queue", "elapsed_sec": 0.017565, "event": "END:clear_popped", "host": "d6b2a058c4be", "pid": 183871, "rank": null, "ts": "2026-10-04 16:02:54"}
[DBG] {"category": "QUEUE", "component": "queue", "event": "pop_done", "host": "d6b2a058c4be", "item_ids": ["133d1baed9da44bebb1ac99487621d21", "08f81cb53b1a4d38bff82eceaf2f054a", "6fea28f27dc943a3b1a35a8d246c963d", "d2935eaa9e134a45a11109593f06921a"], "pid": 183871, "queue": "preference", "rank": null, "remaining": 0, "returned": 4, "stale": 0, "ts": "2026-10-04 16:02:54"}
[DBG] {"category": "QUEUE", "component": "queue", "current_version": null, "event": "BEGIN:queue_list_for_pop", "exact": false, "host": "d6b2a058c4be", "max_lag": null, "pid": 183871, "queue": "rollout", "rank": null, "requested": 1, "ts": "2026-10-04 16:03:32"}
[DBG] {"category": "QUEUE", "component": "queue", "event": "watchdog_armed", "host": "d6b2a058c4be", "pid": 183871, "rank": null, "stage": "queue_list_for_pop", "timeout_sec": 30.0, "ts": "2026-10-04 16:03:32"}
[DBG] {"category": "QUEUE", "component": "queue", "elapsed_sec": 0.002188, "event": "END:queue_list_for_pop", "host": "d6b2a058c4be", "pid": 183871, "rank": null, "ts": "2026-10-04 16:03:32"}
[DBG] {"available": 8, "category": "QUEUE", "component": "queue", "event": "pop_scan", "exact": false, "host": "d6b2a058c4be", "pid": 183871, "queue": "rollout", "rank": null, "requested": 1, "selected": 1, "selected_keys": ["smoke01:rollout:f7cac799908a4b0f89366c85ca19d45a"], "stale": 0, "stale_keys": [], "ts": "2026-10-04 16:03:32"}
[DBG] {"category": "QUEUE", "component": "queue", "event": "BEGIN:queue_get", "host": "d6b2a058c4be", "key": "smoke01:rollout:f7cac799908a4b0f89366c85ca19d45a", "pid": 183871, "queue": "rollout", "rank": null, "ts": "2026-10-04 16:03:32"}
[DBG] {"category": "QUEUE", "component": "queue", "event": "watchdog_armed", "host": "d6b2a058c4be", "pid": 183871, "rank": null, "stage": "queue_get", "timeout_sec": 30.0, "ts": "2026-10-04 16:03:32"}
[DBG] {"category": "QUEUE", "component": "queue", "elapsed_sec": 0.014573, "event": "END:queue_get", "host": "d6b2a058c4be", "pid": 183871, "rank": null, "ts": "2026-10-04 16:03:32"}
[DBG] {"category": "QUEUE", "component": "queue", "event": "queue_item_decoded", "host": "d6b2a058c4be", "item_id": "f7cac799908a4b0f89366c85ca19d45a", "key": "smoke01:rollout:f7cac799908a4b0f89366c85ca19d45a", "pid": 183871, "policy_version": 0, "queue": "rollout", "rank": null, "ts": "2026-10-04 16:03:32"}
[DBG] {"category": "QUEUE", "component": "queue", "count": 1, "event": "BEGIN:clear_popped", "host": "d6b2a058c4be", "pid": 183871, "queue": "rollout", "rank": null, "ts": "2026-10-04 16:03:32"}
[DBG] {"category": "QUEUE", "component": "queue", "event": "watchdog_armed", "host": "d6b2a058c4be", "pid": 183871, "rank": null, "stage": "clear_popped", "timeout_sec": 30.0, "ts": "2026-10-04 16:03:32"}
[DBG] {"category": "QUEUE", "component": "queue", "elapsed_sec": 0.006994, "event": "END:clear_popped", "host": "d6b2a058c4be", "pid": 183871, "rank": null, "ts": "2026-10-04 16:03:32"}
[DBG] {"category": "QUEUE", "component": "queue", "event": "pop_done", "host": "d6b2a058c4be", "item_ids": ["f7cac799908a4b0f89366c85ca19d45a"], "pid": 183871, "queue": "rollout", "rank": null, "remaining": 7, "returned": 1, "stale": 0, "ts": "2026-10-04 16:03:32"}
[DBG] {"category": "QUEUE", "component": "queue", "event": "size_changed", "host": "d6b2a058c4be", "pid": 183871, "queue": "rollout", "rank": null, "size": 7, "ts": "2026-10-04 16:03:32"}
[DBG] {"category": "QUEUE", "component": "queue", "event": "put_prepare", "host": "d6b2a058c4be", "item_id": "b8250a11cf254f75b026ea95aadc47da", "partition": "smoke01:rollout", "payload_bytes": 2614, "pid": 183871, "policy_version": 0, "queue": "rollout", "rank": null, "ts": "2026-10-04 16:03:33"}
[DBG] {"category": "QUEUE", "component": "queue", "event": "BEGIN:queue_put", "host": "d6b2a058c4be", "item_id": "b8250a11cf254f75b026ea95aadc47da", "pid": 183871, "queue": "rollout", "rank": null, "ts": "2026-10-04 16:03:33"}
[DBG] {"category": "QUEUE", "component": "queue", "event": "watchdog_armed", "host": "d6b2a058c4be", "pid": 183871, "rank": null, "stage": "queue_put", "timeout_sec": 30.0, "ts": "2026-10-04 16:03:33"}
[DBG] {"category": "QUEUE", "component": "queue", "elapsed_sec": 0.023115, "event": "END:queue_put", "host": "d6b2a058c4be", "pid": 183871, "rank": null, "ts": "2026-10-04 16:03:33"}
[DBG] {"category": "QUEUE", "component": "queue", "event": "put_done", "host": "d6b2a058c4be", "key": "smoke01:rollout:b8250a11cf254f75b026ea95aadc47da", "pid": 183871, "policy_version": 0, "queue": "rollout", "rank": null, "ts": "2026-10-04 16:03:33"}
[DBG] {"category": "QUEUE", "component": "queue", "event": "put_prepare", "host": "d6b2a058c4be", "item_id": "78b95d8e12f9407294c208bced78a679", "partition": "smoke01:rollout", "payload_bytes": 1489, "pid": 183871, "policy_version": 0, "queue": "rollout", "rank": null, "ts": "2026-10-04 16:03:33"}
[DBG] {"category": "QUEUE", "component": "queue", "event": "BEGIN:queue_put", "host": "d6b2a058c4be", "item_id": "78b95d8e12f9407294c208bced78a679", "pid": 183871, "queue": "rollout", "rank": null, "ts": "2026-10-04 16:03:33"}
[DBG] {"category": "QUEUE", "component": "queue", "event": "watchdog_armed", "host": "d6b2a058c4be", "pid": 183871, "rank": null, "stage": "queue_put", "timeout_sec": 30.0, "ts": "2026-10-04 16:03:33"}
[DBG] {"category": "QUEUE", "component": "queue", "elapsed_sec": 0.021829, "event": "END:queue_put", "host": "d6b2a058c4be", "pid": 183871, "rank": null, "ts": "2026-10-04 16:03:33"}
[DBG] {"category": "QUEUE", "component": "queue", "event": "put_done", "host": "d6b2a058c4be", "key": "smoke01:rollout:78b95d8e12f9407294c208bced78a679", "pid": 183871, "policy_version": 0, "queue": "rollout", "rank": null, "ts": "2026-10-04 16:03:33"}
[DBG] {"category": "QUEUE", "component": "queue", "event": "size_changed", "host": "d6b2a058c4be", "pid": 183871, "queue": "rollout", "rank": null, "size": 9, "ts": "2026-10-04 16:03:33"}
[DBG] {"category": "QUEUE", "component": "queue", "event": "size_changed", "host": "d6b2a058c4be", "pid": 183871, "queue": "preference", "rank": null, "size": 0, "ts": "2026-10-04 16:05:27"}
[DBG] {"category": "QUEUE", "component": "queue", "event": "put_prepare", "host": "d6b2a058c4be", "item_id": "f7cac799908a4b0f89366c85ca19d45a", "partition": "smoke01:preference", "payload_bytes": 1366, "pid": 183871, "policy_version": 0, "queue": "preference", "rank": null, "ts": "2026-10-04 16:05:27"}
[DBG] {"category": "QUEUE", "component": "queue", "event": "BEGIN:queue_put", "host": "d6b2a058c4be", "item_id": "f7cac799908a4b0f89366c85ca19d45a", "pid": 183871, "queue": "preference", "rank": null, "ts": "2026-10-04 16:05:27"}
[DBG] {"category": "QUEUE", "component": "queue", "event": "watchdog_armed", "host": "d6b2a058c4be", "pid": 183871, "rank": null, "stage": "queue_put", "timeout_sec": 30.0, "ts": "2026-10-04 16:05:27"}
[DBG] {"category": "QUEUE", "component": "queue", "elapsed_sec": 0.028882, "event": "END:queue_put", "host": "d6b2a058c4be", "pid": 183871, "rank": null, "ts": "2026-10-04 16:05:27"}
[DBG] {"category": "QUEUE", "component": "queue", "event": "put_done", "host": "d6b2a058c4be", "key": "smoke01:preference:f7cac799908a4b0f89366c85ca19d45a", "pid": 183871, "policy_version": 0, "queue": "preference", "rank": null, "ts": "2026-10-04 16:05:27"}
[DBG] {"category": "QUEUE", "component": "queue", "event": "size_changed", "host": "d6b2a058c4be", "pid": 183871, "queue": "preference", "rank": null, "size": 1, "ts": "2026-10-04 16:05:27"}
[DBG] {"category": "QUEUE", "component": "queue", "current_version": null, "event": "BEGIN:queue_list_for_pop", "exact": false, "host": "d6b2a058c4be", "max_lag": null, "pid": 183871, "queue": "rollout", "rank": null, "requested": 1, "ts": "2026-10-04 16:05:28"}
[DBG] {"category": "QUEUE", "component": "queue", "event": "watchdog_armed", "host": "d6b2a058c4be", "pid": 183871, "rank": null, "stage": "queue_list_for_pop", "timeout_sec": 30.0, "ts": "2026-10-04 16:05:28"}
[DBG] {"category": "QUEUE", "component": "queue", "elapsed_sec": 0.002348, "event": "END:queue_list_for_pop", "host": "d6b2a058c4be", "pid": 183871, "rank": null, "ts": "2026-10-04 16:05:28"}
[DBG] {"available": 9, "category": "QUEUE", "component": "queue", "event": "pop_scan", "exact": false, "host": "d6b2a058c4be", "pid": 183871, "queue": "rollout", "rank": null, "requested": 1, "selected": 1, "selected_keys": ["smoke01:rollout:528ff09cf18f454fa7b26dee8ba7c41f"], "stale": 0, "stale_keys": [], "ts": "2026-10-04 16:05:28"}
[DBG] {"category": "QUEUE", "component": "queue", "event": "BEGIN:queue_get", "host": "d6b2a058c4be", "key": "smoke01:rollout:528ff09cf18f454fa7b26dee8ba7c41f", "pid": 183871, "queue": "rollout", "rank": null, "ts": "2026-10-04 16:05:28"}
[DBG] {"category": "QUEUE", "component": "queue", "event": "watchdog_armed", "host": "d6b2a058c4be", "pid": 183871, "rank": null, "stage": "queue_get", "timeout_sec": 30.0, "ts": "2026-10-04 16:05:28"}
[DBG] {"category": "QUEUE", "component": "queue", "elapsed_sec": 0.026242, "event": "END:queue_get", "host": "d6b2a058c4be", "pid": 183871, "rank": null, "ts": "2026-10-04 16:05:28"}
[DBG] {"category": "QUEUE", "component": "queue", "event": "queue_item_decoded", "host": "d6b2a058c4be", "item_id": "528ff09cf18f454fa7b26dee8ba7c41f", "key": "smoke01:rollout:528ff09cf18f454fa7b26dee8ba7c41f", "pid": 183871, "policy_version": 0, "queue": "rollout", "rank": null, "ts": "2026-10-04 16:05:28"}
[DBG] {"category": "QUEUE", "component": "queue", "count": 1, "event": "BEGIN:clear_popped", "host": "d6b2a058c4be", "pid": 183871, "queue": "rollout", "rank": null, "ts": "2026-10-04 16:05:28"}
[DBG] {"category": "QUEUE", "component": "queue", "event": "watchdog_armed", "host": "d6b2a058c4be", "pid": 183871, "rank": null, "stage": "clear_popped", "timeout_sec": 30.0, "ts": "2026-10-04 16:05:28"}
[DBG] {"category": "QUEUE", "component": "queue", "elapsed_sec": 0.015745, "event": "END:clear_popped", "host": "d6b2a058c4be", "pid": 183871, "rank": null, "ts": "2026-10-04 16:05:28"}
[DBG] {"category": "QUEUE", "component": "queue", "event": "pop_done", "host": "d6b2a058c4be", "item_ids": ["528ff09cf18f454fa7b26dee8ba7c41f"], "pid": 183871, "queue": "rollout", "rank": null, "remaining": 8, "returned": 1, "stale": 0, "ts": "2026-10-04 16:05:28"}
[DBG] {"category": "QUEUE", "component": "queue", "event": "size_changed", "host": "d6b2a058c4be", "pid": 183871, "queue": "rollout", "rank": null, "size": 8, "ts": "2026-10-04 16:05:28"}
