[DBG] {"category": "QUEUE", "component": "queue", "event": "BEGIN:transfer_queue_init", "host": "d6b2a058c4be", "pid": 176274, "rank": null, "run_id": "smoke01", "ts": "2026-10-04 15:53:04"}
[DBG] {"category": "QUEUE", "component": "queue", "event": "watchdog_armed", "host": "d6b2a058c4be", "pid": 176274, "rank": null, "stage": "transfer_queue_init", "timeout_sec": 30.0, "ts": "2026-10-04 15:53:04"}
[DBG] {"category": "QUEUE", "component": "queue", "elapsed_sec": 7.23538, "event": "END:transfer_queue_init", "host": "d6b2a058c4be", "pid": 176274, "rank": null, "ts": "2026-10-04 15:53:11"}
[DBG] {"category": "QUEUE", "component": "queue", "event": "broker_ready", "host": "d6b2a058c4be", "pid": 176274, "queues": {"preference": "preference", "rollout": "rollout"}, "rank": null, "ts": "2026-10-04 15:53:11"}
[DBG] {"category": "QUEUE", "component": "queue", "current_version": null, "event": "BEGIN:queue_list_for_pop", "exact": false, "host": "d6b2a058c4be", "max_lag": null, "pid": 176274, "queue": "rollout", "rank": null, "requested": 1, "ts": "2026-10-04 15:53:53"}
[DBG] {"category": "QUEUE", "component": "queue", "event": "watchdog_armed", "host": "d6b2a058c4be", "pid": 176274, "rank": null, "stage": "queue_list_for_pop", "timeout_sec": 30.0, "ts": "2026-10-04 15:53:53"}
[DBG] {"category": "QUEUE", "component": "queue", "elapsed_sec": 0.004339, "event": "END:queue_list_for_pop", "host": "d6b2a058c4be", "pid": 176274, "rank": null, "ts": "2026-10-04 15:53:53"}
[DBG] {"available": 0, "category": "QUEUE", "component": "queue", "event": "pop_scan", "exact": false, "host": "d6b2a058c4be", "pid": 176274, "queue": "rollout", "rank": null, "requested": 1, "selected": 0, "selected_keys": [], "stale": 0, "stale_keys": [], "ts": "2026-10-04 15:53:53"}
[DBG] {"category": "QUEUE", "component": "queue", "event": "pop_done", "host": "d6b2a058c4be", "item_ids": [], "pid": 176274, "queue": "rollout", "rank": null, "remaining": 0, "returned": 0, "stale": 0, "ts": "2026-10-04 15:53:53"}
[DBG] {"category": "QUEUE", "component": "queue", "event": "size_changed", "host": "d6b2a058c4be", "pid": 176274, "queue": "rollout", "rank": null, "size": 0, "ts": "2026-10-04 15:53:53"}
[DBG] {"category": "QUEUE", "component": "queue", "current_version": null, "event": "BEGIN:queue_list_for_pop", "exact": false, "host": "d6b2a058c4be", "max_lag": null, "pid": 176274, "queue": "rollout", "rank": null, "requested": 1, "ts": "2026-10-04 15:53:54"}
[DBG] {"category": "QUEUE", "component": "queue", "event": "watchdog_armed", "host": "d6b2a058c4be", "pid": 176274, "rank": null, "stage": "queue_list_for_pop", "timeout_sec": 30.0, "ts": "2026-10-04 15:53:54"}
[DBG] {"category": "QUEUE", "component": "queue", "elapsed_sec": 0.002327, "event": "END:queue_list_for_pop", "host": "d6b2a058c4be", "pid": 176274, "rank": null, "ts": "2026-10-04 15:53:54"}
[DBG] {"available": 0, "category": "QUEUE", "component": "queue", "event": "pop_scan", "exact": false, "host": "d6b2a058c4be", "pid": 176274, "queue": "rollout", "rank": null, "requested": 1, "selected": 0, "selected_keys": [], "stale": 0, "stale_keys": [], "ts": "2026-10-04 15:53:54"}
[DBG] {"category": "QUEUE", "component": "queue", "event": "pop_done", "host": "d6b2a058c4be", "item_ids": [], "pid": 176274, "queue": "rollout", "rank": null, "remaining": 0, "returned": 0, "stale": 0, "ts": "2026-10-04 15:53:54"}
[DBG] {"category": "QUEUE", "component": "queue", "current_version": null, "event": "BEGIN:queue_list_for_pop", "exact": false, "host": "d6b2a058c4be", "max_lag": null, "pid": 176274, "queue": "rollout", "rank": null, "requested": 1, "ts": "2026-10-04 15:53:54"}
[DBG] {"category": "QUEUE", "component": "queue", "event": "watchdog_armed", "host": "d6b2a058c4be", "pid": 176274, "rank": null, "stage": "queue_list_for_pop", "timeout_sec": 30.0, "ts": "2026-10-04 15:53:54"}
[DBG] {"category": "QUEUE", "component": "queue", "elapsed_sec": 0.002006, "event": "END:queue_list_for_pop", "host": "d6b2a058c4be", "pid": 176274, "rank": null, "ts": "2026-10-04 15:53:54"}
[DBG] {"available": 0, "category": "QUEUE", "component": "queue", "event": "pop_scan", "exact": false, "host": "d6b2a058c4be", "pid": 176274, "queue": "rollout", "rank": null, "requested": 1, "selected": 0, "selected_keys": [], "stale": 0, "stale_keys": [], "ts": "2026-10-04 15:53:54"}
[DBG] {"category": "QUEUE", "component": "queue", "event": "pop_done", "host": "d6b2a058c4be", "item_ids": [], "pid": 176274, "queue": "rollout", "rank": null, "remaining": 0, "returned": 0, "stale": 0, "ts": "2026-10-04 15:53:54"}
[DBG] {"category": "QUEUE", "component": "queue", "current_version": null, "event": "BEGIN:queue_list_for_pop", "exact": false, "host": "d6b2a058c4be", "max_lag": null, "pid": 176274, "queue": "rollout", "rank": null, "requested": 1, "ts": "2026-10-04 15:53:54"}
[DBG] {"category": "QUEUE", "component": "queue", "event": "watchdog_armed", "host": "d6b2a058c4be", "pid": 176274, "rank": null, "stage": "queue_list_for_pop", "timeout_sec": 30.0, "ts": "2026-10-04 15:53:54"}
[DBG] {"category": "QUEUE", "component": "queue", "elapsed_sec": 0.00253, "event": "END:queue_list_for_pop", "host": "d6b2a058c4be", "pid": 176274, "rank": null, "ts": "2026-10-04 15:53:54"}
[DBG] {"available": 0, "category": "QUEUE", "component": "queue", "event": "pop_scan", "exact": false, "host": "d6b2a058c4be", "pid": 176274, "queue": "rollout", "rank": null, "requested": 1, "selected": 0, "selected_keys": [], "stale": 0, "stale_keys": [], "ts": "2026-10-04 15:53:54"}
[DBG] {"category": "QUEUE", "component": "queue", "event": "pop_done", "host": "d6b2a058c4be", "item_ids": [], "pid": 176274, "queue": "rollout", "rank": null, "remaining": 0, "returned": 0, "stale": 0, "ts": "2026-10-04 15:53:54"}
[DBG] {"category": "QUEUE", "component": "queue", "current_version": null, "event": "BEGIN:queue_list_for_pop", "exact": false, "host": "d6b2a058c4be", "max_lag": null, "pid": 176274, "queue": "rollout", "rank": null, "requested": 1, "ts": "2026-10-04 15:53:54"}
[DBG] {"category": "QUEUE", "component": "queue", "event": "watchdog_armed", "host": "d6b2a058c4be", "pid": 176274, "rank": null, "stage": "queue_list_for_pop", "timeout_sec": 30.0, "ts": "2026-10-04 15:53:54"}
[DBG] {"category": "QUEUE", "component": "queue", "elapsed_sec": 0.002331, "event": "END:queue_list_for_pop", "host": "d6b2a058c4be", "pid": 176274, "rank": null, "ts": "2026-10-04 15:53:54"}
[DBG] {"available": 0, "category": "QUEUE", "component": "queue", "event": "pop_scan", "exact": false, "host": "d6b2a058c4be", "pid": 176274, "queue": "rollout", "rank": null, "requested": 1, "selected": 0, "selected_keys": [], "stale": 0, "stale_keys": [], "ts": "2026-10-04 15:53:54"}
[DBG] {"category": "QUEUE", "component": "queue", "event": "pop_done", "host": "d6b2a058c4be", "item_ids": [], "pid": 176274, "queue": "rollout", "rank": null, "remaining": 0, "returned": 0, "stale": 0, "ts": "2026-10-04 15:53:54"}
[DBG] {"category": "QUEUE", "component": "queue", "current_version": null, "event": "BEGIN:queue_list_for_pop", "exact": false, "host": "d6b2a058c4be", "max_lag": null, "pid": 176274, "queue": "rollout", "rank": null, "requested": 1, "ts": "2026-10-04 15:53:54"}
[DBG] {"category": "QUEUE", "component": "queue", "event": "watchdog_armed", "host": "d6b2a058c4be", "pid": 176274, "rank": null, "stage": "queue_list_for_pop", "timeout_sec": 30.0, "ts": "2026-10-04 15:53:54"}
[DBG] {"category": "QUEUE", "component": "queue", "elapsed_sec": 0.002381, "event": "END:queue_list_for_pop", "host": "d6b2a058c4be", "pid": 176274, "rank": null, "ts": "2026-10-04 15:53:54"}
[DBG] {"available": 0, "category": "QUEUE", "component": "queue", "event": "pop_scan", "exact": false, "host": "d6b2a058c4be", "pid": 176274, "queue": "rollout", "rank": null, "requested": 1, "selected": 0, "selected_keys": [], "stale": 0, "stale_keys": [], "ts": "2026-10-04 15:53:54"}
[DBG] {"category": "QUEUE", "component": "queue", "event": "pop_done", "host": "d6b2a058c4be", "item_ids": [], "pid": 176274, "queue": "rollout", "rank": null, "remaining": 0, "returned": 0, "stale": 0, "ts": "2026-10-04 15:53:54"}
[DBG] {"category": "QUEUE", "component": "queue", "current_version": null, "event": "BEGIN:queue_list_for_pop", "exact": false, "host": "d6b2a058c4be", "max_lag": null, "pid": 176274, "queue": "rollout", "rank": null, "requested": 1, "ts": "2026-10-04 15:53:55"}
[DBG] {"category": "QUEUE", "component": "queue", "event": "watchdog_armed", "host": "d6b2a058c4be", "pid": 176274, "rank": null, "stage": "queue_list_for_pop", "timeout_sec": 30.0, "ts": "2026-10-04 15:53:55"}
[DBG] {"category": "QUEUE", "component": "queue", "elapsed_sec": 0.002382, "event": "END:queue_list_for_pop", "host": "d6b2a058c4be", "pid": 176274, "rank": null, "ts": "2026-10-04 15:53:55"}
[DBG] {"available": 0, "category": "QUEUE", "component": "queue", "event": "pop_scan", "exact": false, "host": "d6b2a058c4be", "pid": 176274, "queue": "rollout", "rank": null, "requested": 1, "selected": 0, "selected_keys": [], "stale": 0, "stale_keys": [], "ts": "2026-10-04 15:53:55"}
[DBG] {"category": "QUEUE", "component": "queue", "event": "pop_done", "host": "d6b2a058c4be", "item_ids": [], "pid": 176274, "queue": "rollout", "rank": null, "remaining": 0, "returned": 0, "stale": 0, "ts": "2026-10-04 15:53:55"}
[DBG] {"category": "QUEUE", "component": "queue", "current_version": null, "event": "BEGIN:queue_list_for_pop", "exact": false, "host": "d6b2a058c4be", "max_lag": null, "pid": 176274, "queue": "rollout", "rank": null, "requested": 1, "ts": "2026-10-04 15:53:55"}
[DBG] {"category": "QUEUE", "component": "queue", "event": "watchdog_armed", "host": "d6b2a058c4be", "pid": 176274, "rank": null, "stage": "queue_list_for_pop", "timeout_sec": 30.0, "ts": "2026-10-04 15:53:55"}
[DBG] {"category": "QUEUE", "component": "queue", "elapsed_sec": 0.002253, "event": "END:queue_list_for_pop", "host": "d6b2a058c4be", "pid": 176274, "rank": null, "ts": "2026-10-04 15:53:55"}
[DBG] {"available": 0, "category": "QUEUE", "component": "queue", "event": "pop_scan", "exact": false, "host": "d6b2a058c4be", "pid": 176274, "queue": "rollout", "rank": null, "requested": 1, "selected": 0, "selected_keys": [], "stale": 0, "stale_keys": [], "ts": "2026-10-04 15:53:55"}
[DBG] {"category": "QUEUE", "component": "queue", "event": "pop_done", "host": "d6b2a058c4be", "item_ids": [], "pid": 176274, "queue": "rollout", "rank": null, "remaining": 0, "returned": 0, "stale": 0, "ts": "2026-10-04 15:53:55"}
[DBG] {"category": "QUEUE", "component": "queue", "current_version": null, "event": "BEGIN:queue_list_for_pop", "exact": false, "host": "d6b2a058c4be", "max_lag": null, "pid": 176274, "queue": "rollout", "rank": null, "requested": 1, "ts": "2026-10-04 15:53:55"}
[DBG] {"category": "QUEUE", "component": "queue", "event": "watchdog_armed", "host": "d6b2a058c4be", "pid": 176274, "rank": null, "stage": "queue_list_for_pop", "timeout_sec": 30.0, "ts": "2026-10-04 15:53:55"}
[DBG] {"category": "QUEUE", "component": "queue", "elapsed_sec": 0.002191, "event": "END:queue_list_for_pop", "host": "d6b2a058c4be", "pid": 176274, "rank": null, "ts": "2026-10-04 15:53:55"}
[DBG] {"available": 0, "category": "QUEUE", "component": "queue", "event": "pop_scan", "exact": false, "host": "d6b2a058c4be", "pid": 176274, "queue": "rollout", "rank": null, "requested": 1, "selected": 0, "selected_keys": [], "stale": 0, "stale_keys": [], "ts": "2026-10-04 15:53:55"}
[DBG] {"category": "QUEUE", "component": "queue", "event": "pop_done", "host": "d6b2a058c4be", "item_ids": [], "pid": 176274, "queue": "rollout", "rank": null, "remaining": 0, "returned": 0, "stale": 0, "ts": "2026-10-04 15:53:55"}
[DBG] {"category": "QUEUE", "component": "queue", "current_version": null, "event": "BEGIN:queue_list_for_pop", "exact": false, "host": "d6b2a058c4be", "max_lag": null, "pid": 176274, "queue": "rollout", "rank": null, "requested": 1, "ts": "2026-10-04 15:53:55"}
[DBG] {"category": "QUEUE", "component": "queue", "event": "watchdog_armed", "host": "d6b2a058c4be", "pid": 176274, "rank": null, "stage": "queue_list_for_pop", "timeout_sec": 30.0, "ts": "2026-10-04 15:53:55"}
[DBG] {"category": "QUEUE", "component": "queue", "elapsed_sec": 0.00206, "event": "END:queue_list_for_pop", "host": "d6b2a058c4be", "pid": 176274, "rank": null, "ts": "2026-10-04 15:53:55"}
[DBG] {"available": 0, "category": "QUEUE", "component": "queue", "event": "pop_scan", "exact": false, "host": "d6b2a058c4be", "pid": 176274, "queue": "rollout", "rank": null, "requested": 1, "selected": 0, "selected_keys": [], "stale": 0, "stale_keys": [], "ts": "2026-10-04 15:53:55"}
[DBG] {"category": "QUEUE", "component": "queue", "event": "pop_done", "host": "d6b2a058c4be", "item_ids": [], "pid": 176274, "queue": "rollout", "rank": null, "remaining": 0, "returned": 0, "stale": 0, "ts": "2026-10-04 15:53:55"}
[DBG] {"category": "QUEUE", "component": "queue", "current_version": null, "event": "BEGIN:queue_list_for_pop", "exact": false, "host": "d6b2a058c4be", "max_lag": null, "pid": 176274, "queue": "rollout", "rank": null, "requested": 1, "ts": "2026-10-04 15:53:56"}
[DBG] {"category": "QUEUE", "component": "queue", "event": "watchdog_armed", "host": "d6b2a058c4be", "pid": 176274, "rank": null, "stage": "queue_list_for_pop", "timeout_sec": 30.0, "ts": "2026-10-04 15:53:56"}
[DBG] {"category": "QUEUE", "component": "queue", "elapsed_sec": 0.002387, "event": "END:queue_list_for_pop", "host": "d6b2a058c4be", "pid": 176274, "rank": null, "ts": "2026-10-04 15:53:56"}
[DBG] {"available": 0, "category": "QUEUE", "component": "queue", "event": "pop_scan", "exact": false, "host": "d6b2a058c4be", "pid": 176274, "queue": "rollout", "rank": null, "requested": 1, "selected": 0, "selected_keys": [], "stale": 0, "stale_keys": [], "ts": "2026-10-04 15:53:56"}
[DBG] {"category": "QUEUE", "component": "queue", "event": "pop_done", "host": "d6b2a058c4be", "item_ids": [], "pid": 176274, "queue": "rollout", "rank": null, "remaining": 0, "returned": 0, "stale": 0, "ts": "2026-10-04 15:53:56"}
[DBG] {"category": "QUEUE", "component": "queue", "current_version": null, "event": "BEGIN:queue_list_for_pop", "exact": false, "host": "d6b2a058c4be", "max_lag": null, "pid": 176274, "queue": "rollout", "rank": null, "requested": 1, "ts": "2026-10-04 15:53:56"}
[DBG] {"category": "QUEUE", "component": "queue", "event": "watchdog_armed", "host": "d6b2a058c4be", "pid": 176274, "rank": null, "stage": "queue_list_for_pop", "timeout_sec": 30.0, "ts": "2026-10-04 15:53:56"}
[DBG] {"category": "QUEUE", "component": "queue", "elapsed_sec": 0.002149, "event": "END:queue_list_for_pop", "host": "d6b2a058c4be", "pid": 176274, "rank": null, "ts": "2026-10-04 15:53:56"}
[DBG] {"available": 0, "category": "QUEUE", "component": "queue", "event": "pop_scan", "exact": false, "host": "d6b2a058c4be", "pid": 176274, "queue": "rollout", "rank": null, "requested": 1, "selected": 0, "selected_keys": [], "stale": 0, "stale_keys": [], "ts": "2026-10-04 15:53:56"}
[DBG] {"category": "QUEUE", "component": "queue", "event": "pop_done", "host": "d6b2a058c4be", "item_ids": [], "pid": 176274, "queue": "rollout", "rank": null, "remaining": 0, "returned": 0, "stale": 0, "ts": "2026-10-04 15:53:56"}
[DBG] {"category": "QUEUE", "component": "queue", "event": "put_prepare", "host": "d6b2a058c4be", "item_id": "919d3fb4ebef418ca133827d44d450a8", "partition": "smoke01:rollout", "payload_bytes": 2050, "pid": 176274, "policy_version": 0, "queue": "rollout", "rank": null, "ts": "2026-10-04 15:53:56"}
[DBG] {"category": "QUEUE", "component": "queue", "event": "BEGIN:queue_put", "host": "d6b2a058c4be", "item_id": "919d3fb4ebef418ca133827d44d450a8", "pid": 176274, "queue": "rollout", "rank": null, "ts": "2026-10-04 15:53:56"}
[DBG] {"category": "QUEUE", "component": "queue", "event": "watchdog_armed", "host": "d6b2a058c4be", "pid": 176274, "rank": null, "stage": "queue_put", "timeout_sec": 30.0, "ts": "2026-10-04 15:53:56"}
[DBG] {"category": "QUEUE", "component": "queue", "elapsed_sec": 0.037882, "event": "END:queue_put", "host": "d6b2a058c4be", "pid": 176274, "rank": null, "ts": "2026-10-04 15:53:56"}
[DBG] {"category": "QUEUE", "component": "queue", "event": "put_done", "host": "d6b2a058c4be", "key": "smoke01:rollout:919d3fb4ebef418ca133827d44d450a8", "pid": 176274, "policy_version": 0, "queue": "rollout", "rank": null, "ts": "2026-10-04 15:53:56"}
[DBG] {"category": "QUEUE", "component": "queue", "event": "put_prepare", "host": "d6b2a058c4be", "item_id": "0066e30210f140589ccd7573983fcc38", "partition": "smoke01:rollout", "payload_bytes": 2740, "pid": 176274, "policy_version": 0, "queue": "rollout", "rank": null, "ts": "2026-10-04 15:53:56"}
[DBG] {"category": "QUEUE", "component": "queue", "event": "BEGIN:queue_put", "host": "d6b2a058c4be", "item_id": "0066e30210f140589ccd7573983fcc38", "pid": 176274, "queue": "rollout", "rank": null, "ts": "2026-10-04 15:53:56"}
[DBG] {"category": "QUEUE", "component": "queue", "event": "watchdog_armed", "host": "d6b2a058c4be", "pid": 176274, "rank": null, "stage": "queue_put", "timeout_sec": 30.0, "ts": "2026-10-04 15:53:56"}
[DBG] {"category": "QUEUE", "component": "queue", "elapsed_sec": 0.023236, "event": "END:queue_put", "host": "d6b2a058c4be", "pid": 176274, "rank": null, "ts": "2026-10-04 15:53:56"}
[DBG] {"category": "QUEUE", "component": "queue", "event": "put_done", "host": "d6b2a058c4be", "key": "smoke01:rollout:0066e30210f140589ccd7573983fcc38", "pid": 176274, "policy_version": 0, "queue": "rollout", "rank": null, "ts": "2026-10-04 15:53:56"}
[DBG] {"category": "QUEUE", "component": "queue", "event": "size_changed", "host": "d6b2a058c4be", "pid": 176274, "queue": "rollout", "rank": null, "size": 2, "ts": "2026-10-04 15:53:56"}
[DBG] {"category": "QUEUE", "component": "queue", "current_version": null, "event": "BEGIN:queue_list_for_pop", "exact": false, "host": "d6b2a058c4be", "max_lag": null, "pid": 176274, "queue": "rollout", "rank": null, "requested": 1, "ts": "2026-10-04 15:53:56"}
[DBG] {"category": "QUEUE", "component": "queue", "event": "watchdog_armed", "host": "d6b2a058c4be", "pid": 176274, "rank": null, "stage": "queue_list_for_pop", "timeout_sec": 30.0, "ts": "2026-10-04 15:53:56"}
[DBG] {"category": "QUEUE", "component": "queue", "elapsed_sec": 0.002362, "event": "END:queue_list_for_pop", "host": "d6b2a058c4be", "pid": 176274, "rank": null, "ts": "2026-10-04 15:53:56"}
[DBG] {"available": 2, "category": "QUEUE", "component": "queue", "event": "pop_scan", "exact": false, "host": "d6b2a058c4be", "pid": 176274, "queue": "rollout", "rank": null, "requested": 1, "selected": 1, "selected_keys": ["smoke01:rollout:919d3fb4ebef418ca133827d44d450a8"], "stale": 0, "stale_keys": [], "ts": "2026-10-04 15:53:56"}
[DBG] {"category": "QUEUE", "component": "queue", "event": "BEGIN:queue_get", "host": "d6b2a058c4be", "key": "smoke01:rollout:919d3fb4ebef418ca133827d44d450a8", "pid": 176274, "queue": "rollout", "rank": null, "ts": "2026-10-04 15:53:56"}
[DBG] {"category": "QUEUE", "component": "queue", "event": "watchdog_armed", "host": "d6b2a058c4be", "pid": 176274, "rank": null, "stage": "queue_get", "timeout_sec": 30.0, "ts": "2026-10-04 15:53:56"}
[DBG] {"category": "QUEUE", "component": "queue", "elapsed_sec": 0.040659, "event": "END:queue_get", "host": "d6b2a058c4be", "pid": 176274, "rank": null, "ts": "2026-10-04 15:53:56"}
[DBG] {"category": "QUEUE", "component": "queue", "event": "queue_item_decoded", "host": "d6b2a058c4be", "item_id": "919d3fb4ebef418ca133827d44d450a8", "key": "smoke01:rollout:919d3fb4ebef418ca133827d44d450a8", "pid": 176274, "policy_version": 0, "queue": "rollout", "rank": null, "ts": "2026-10-04 15:53:56"}
[DBG] {"category": "QUEUE", "component": "queue", "count": 1, "event": "BEGIN:clear_popped", "host": "d6b2a058c4be", "pid": 176274, "queue": "rollout", "rank": null, "ts": "2026-10-04 15:53:56"}
[DBG] {"category": "QUEUE", "component": "queue", "event": "watchdog_armed", "host": "d6b2a058c4be", "pid": 176274, "rank": null, "stage": "clear_popped", "timeout_sec": 30.0, "ts": "2026-10-04 15:53:56"}
[DBG] {"category": "QUEUE", "component": "queue", "elapsed_sec": 0.018933, "event": "END:clear_popped", "host": "d6b2a058c4be", "pid": 176274, "rank": null, "ts": "2026-10-04 15:53:56"}
[DBG] {"category": "QUEUE", "component": "queue", "event": "pop_done", "host": "d6b2a058c4be", "item_ids": ["919d3fb4ebef418ca133827d44d450a8"], "pid": 176274, "queue": "rollout", "rank": null, "remaining": 1, "returned": 1, "stale": 0, "ts": "2026-10-04 15:53:56"}
[DBG] {"category": "QUEUE", "component": "queue", "event": "put_prepare", "host": "d6b2a058c4be", "item_id": "f0217ef068aa44918618c96bbdc7ebeb", "partition": "smoke01:rollout", "payload_bytes": 2940, "pid": 176274, "policy_version": 0, "queue": "rollout", "rank": null, "ts": "2026-10-04 15:53:56"}
[DBG] {"category": "QUEUE", "component": "queue", "event": "BEGIN:queue_put", "host": "d6b2a058c4be", "item_id": "f0217ef068aa44918618c96bbdc7ebeb", "pid": 176274, "queue": "rollout", "rank": null, "ts": "2026-10-04 15:53:56"}
[DBG] {"category": "QUEUE", "component": "queue", "event": "watchdog_armed", "host": "d6b2a058c4be", "pid": 176274, "rank": null, "stage": "queue_put", "timeout_sec": 30.0, "ts": "2026-10-04 15:53:56"}
[DBG] {"category": "QUEUE", "component": "queue", "elapsed_sec": 0.028658, "event": "END:queue_put", "host": "d6b2a058c4be", "pid": 176274, "rank": null, "ts": "2026-10-04 15:53:56"}
[DBG] {"category": "QUEUE", "component": "queue", "event": "put_done", "host": "d6b2a058c4be", "key": "smoke01:rollout:f0217ef068aa44918618c96bbdc7ebeb", "pid": 176274, "policy_version": 0, "queue": "rollout", "rank": null, "ts": "2026-10-04 15:53:56"}
[DBG] {"category": "QUEUE", "component": "queue", "event": "put_prepare", "host": "d6b2a058c4be", "item_id": "e5f2ecf24dbd450c83500e472aef586b", "partition": "smoke01:rollout", "payload_bytes": 2592, "pid": 176274, "policy_version": 0, "queue": "rollout", "rank": null, "ts": "2026-10-04 15:53:56"}
[DBG] {"category": "QUEUE", "component": "queue", "event": "BEGIN:queue_put", "host": "d6b2a058c4be", "item_id": "e5f2ecf24dbd450c83500e472aef586b", "pid": 176274, "queue": "rollout", "rank": null, "ts": "2026-10-04 15:53:56"}
[DBG] {"category": "QUEUE", "component": "queue", "event": "watchdog_armed", "host": "d6b2a058c4be", "pid": 176274, "rank": null, "stage": "queue_put", "timeout_sec": 30.0, "ts": "2026-10-04 15:53:56"}
[DBG] {"category": "QUEUE", "component": "queue", "elapsed_sec": 0.028748, "event": "END:queue_put", "host": "d6b2a058c4be", "pid": 176274, "rank": null, "ts": "2026-10-04 15:53:56"}
[DBG] {"category": "QUEUE", "component": "queue", "event": "put_done", "host": "d6b2a058c4be", "key": "smoke01:rollout:e5f2ecf24dbd450c83500e472aef586b", "pid": 176274, "policy_version": 0, "queue": "rollout", "rank": null, "ts": "2026-10-04 15:53:56"}
[DBG] {"category": "QUEUE", "component": "queue", "event": "size_changed", "host": "d6b2a058c4be", "pid": 176274, "queue": "rollout", "rank": null, "size": 3, "ts": "2026-10-04 15:53:56"}
[DBG] {"category": "QUEUE", "component": "queue", "event": "put_prepare", "host": "d6b2a058c4be", "item_id": "a3b54cb2f36645949f6e319df3a6431e", "partition": "smoke01:rollout", "payload_bytes": 1897, "pid": 176274, "policy_version": 0, "queue": "rollout", "rank": null, "ts": "2026-10-04 15:53:57"}
[DBG] {"category": "QUEUE", "component": "queue", "event": "BEGIN:queue_put", "host": "d6b2a058c4be", "item_id": "a3b54cb2f36645949f6e319df3a6431e", "pid": 176274, "queue": "rollout", "rank": null, "ts": "2026-10-04 15:53:57"}
[DBG] {"category": "QUEUE", "component": "queue", "event": "watchdog_armed", "host": "d6b2a058c4be", "pid": 176274, "rank": null, "stage": "queue_put", "timeout_sec": 30.0, "ts": "2026-10-04 15:53:57"}
[DBG] {"category": "QUEUE", "component": "queue", "elapsed_sec": 0.032772, "event": "END:queue_put", "host": "d6b2a058c4be", "pid": 176274, "rank": null, "ts": "2026-10-04 15:53:57"}
[DBG] {"category": "QUEUE", "component": "queue", "event": "put_done", "host": "d6b2a058c4be", "key": "smoke01:rollout:a3b54cb2f36645949f6e319df3a6431e", "pid": 176274, "policy_version": 0, "queue": "rollout", "rank": null, "ts": "2026-10-04 15:53:57"}
[DBG] {"category": "QUEUE", "component": "queue", "event": "put_prepare", "host": "d6b2a058c4be", "item_id": "7c1b103a299a47ba8c8116969de25611", "partition": "smoke01:rollout", "payload_bytes": 2505, "pid": 176274, "policy_version": 0, "queue": "rollout", "rank": null, "ts": "2026-10-04 15:53:57"}
[DBG] {"category": "QUEUE", "component": "queue", "event": "BEGIN:queue_put", "host": "d6b2a058c4be", "item_id": "7c1b103a299a47ba8c8116969de25611", "pid": 176274, "queue": "rollout", "rank": null, "ts": "2026-10-04 15:53:57"}
[DBG] {"category": "QUEUE", "component": "queue", "event": "watchdog_armed", "host": "d6b2a058c4be", "pid": 176274, "rank": null, "stage": "queue_put", "timeout_sec": 30.0, "ts": "2026-10-04 15:53:57"}
[DBG] {"category": "QUEUE", "component": "queue", "elapsed_sec": 0.030935, "event": "END:queue_put", "host": "d6b2a058c4be", "pid": 176274, "rank": null, "ts": "2026-10-04 15:53:57"}
[DBG] {"category": "QUEUE", "component": "queue", "event": "put_done", "host": "d6b2a058c4be", "key": "smoke01:rollout:7c1b103a299a47ba8c8116969de25611", "pid": 176274, "policy_version": 0, "queue": "rollout", "rank": null, "ts": "2026-10-04 15:53:57"}
[DBG] {"category": "QUEUE", "component": "queue", "event": "size_changed", "host": "d6b2a058c4be", "pid": 176274, "queue": "rollout", "rank": null, "size": 5, "ts": "2026-10-04 15:53:57"}
[DBG] {"category": "QUEUE", "component": "queue", "event": "put_prepare", "host": "d6b2a058c4be", "item_id": "643f4014e727494a9e628b636f74431b", "partition": "smoke01:rollout", "payload_bytes": 2108, "pid": 176274, "policy_version": 0, "queue": "rollout", "rank": null, "ts": "2026-10-04 15:53:58"}
[DBG] {"category": "QUEUE", "component": "queue", "event": "BEGIN:queue_put", "host": "d6b2a058c4be", "item_id": "643f4014e727494a9e628b636f74431b", "pid": 176274, "queue": "rollout", "rank": null, "ts": "2026-10-04 15:53:58"}
[DBG] {"category": "QUEUE", "component": "queue", "event": "watchdog_armed", "host": "d6b2a058c4be", "pid": 176274, "rank": null, "stage": "queue_put", "timeout_sec": 30.0, "ts": "2026-10-04 15:53:58"}
[DBG] {"category": "QUEUE", "component": "queue", "elapsed_sec": 0.030141, "event": "END:queue_put", "host": "d6b2a058c4be", "pid": 176274, "rank": null, "ts": "2026-10-04 15:53:58"}
[DBG] {"category": "QUEUE", "component": "queue", "event": "put_done", "host": "d6b2a058c4be", "key": "smoke01:rollout:643f4014e727494a9e628b636f74431b", "pid": 176274, "policy_version": 0, "queue": "rollout", "rank": null, "ts": "2026-10-04 15:53:58"}
[DBG] {"category": "QUEUE", "component": "queue", "event": "put_prepare", "host": "d6b2a058c4be", "item_id": "e20a58f3240a4d439d7ceded7c72bc96", "partition": "smoke01:rollout", "payload_bytes": 2785, "pid": 176274, "policy_version": 0, "queue": "rollout", "rank": null, "ts": "2026-10-04 15:53:58"}
[DBG] {"category": "QUEUE", "component": "queue", "event": "BEGIN:queue_put", "host": "d6b2a058c4be", "item_id": "e20a58f3240a4d439d7ceded7c72bc96", "pid": 176274, "queue": "rollout", "rank": null, "ts": "2026-10-04 15:53:58"}
[DBG] {"category": "QUEUE", "component": "queue", "event": "watchdog_armed", "host": "d6b2a058c4be", "pid": 176274, "rank": null, "stage": "queue_put", "timeout_sec": 30.0, "ts": "2026-10-04 15:53:58"}
[DBG] {"category": "QUEUE", "component": "queue", "elapsed_sec": 0.02988, "event": "END:queue_put", "host": "d6b2a058c4be", "pid": 176274, "rank": null, "ts": "2026-10-04 15:53:58"}
[DBG] {"category": "QUEUE", "component": "queue", "event": "put_done", "host": "d6b2a058c4be", "key": "smoke01:rollout:e20a58f3240a4d439d7ceded7c72bc96", "pid": 176274, "policy_version": 0, "queue": "rollout", "rank": null, "ts": "2026-10-04 15:53:58"}
[DBG] {"category": "QUEUE", "component": "queue", "event": "size_changed", "host": "d6b2a058c4be", "pid": 176274, "queue": "rollout", "rank": null, "size": 7, "ts": "2026-10-04 15:53:58"}
[DBG] {"category": "QUEUE", "component": "queue", "event": "put_prepare", "host": "d6b2a058c4be", "item_id": "155ce314bf2846ab86e44cd5266e70de", "partition": "smoke01:rollout", "payload_bytes": 2298, "pid": 176274, "policy_version": 0, "queue": "rollout", "rank": null, "ts": "2026-10-04 15:53:58"}
[DBG] {"category": "QUEUE", "component": "queue", "event": "BEGIN:queue_put", "host": "d6b2a058c4be", "item_id": "155ce314bf2846ab86e44cd5266e70de", "pid": 176274, "queue": "rollout", "rank": null, "ts": "2026-10-04 15:53:58"}
[DBG] {"category": "QUEUE", "component": "queue", "event": "watchdog_armed", "host": "d6b2a058c4be", "pid": 176274, "rank": null, "stage": "queue_put", "timeout_sec": 30.0, "ts": "2026-10-04 15:53:58"}
[DBG] {"category": "QUEUE", "component": "queue", "elapsed_sec": 0.029775, "event": "END:queue_put", "host": "d6b2a058c4be", "pid": 176274, "rank": null, "ts": "2026-10-04 15:53:58"}
[DBG] {"category": "QUEUE", "component": "queue", "event": "put_done", "host": "d6b2a058c4be", "key": "smoke01:rollout:155ce314bf2846ab86e44cd5266e70de", "pid": 176274, "policy_version": 0, "queue": "rollout", "rank": null, "ts": "2026-10-04 15:53:58"}
[DBG] {"category": "QUEUE", "component": "queue", "event": "put_prepare", "host": "d6b2a058c4be", "item_id": "04dafb4e11f443ef92dc2f3340dde2f6", "partition": "smoke01:rollout", "payload_bytes": 3087, "pid": 176274, "policy_version": 0, "queue": "rollout", "rank": null, "ts": "2026-10-04 15:53:58"}
[DBG] {"category": "QUEUE", "component": "queue", "event": "BEGIN:queue_put", "host": "d6b2a058c4be", "item_id": "04dafb4e11f443ef92dc2f3340dde2f6", "pid": 176274, "queue": "rollout", "rank": null, "ts": "2026-10-04 15:53:58"}
[DBG] {"category": "QUEUE", "component": "queue", "event": "watchdog_armed", "host": "d6b2a058c4be", "pid": 176274, "rank": null, "stage": "queue_put", "timeout_sec": 30.0, "ts": "2026-10-04 15:53:58"}
[DBG] {"category": "QUEUE", "component": "queue", "elapsed_sec": 0.033223, "event": "END:queue_put", "host": "d6b2a058c4be", "pid": 176274, "rank": null, "ts": "2026-10-04 15:53:58"}
[DBG] {"category": "QUEUE", "component": "queue", "event": "put_done", "host": "d6b2a058c4be", "key": "smoke01:rollout:04dafb4e11f443ef92dc2f3340dde2f6", "pid": 176274, "policy_version": 0, "queue": "rollout", "rank": null, "ts": "2026-10-04 15:53:58"}
[DBG] {"category": "QUEUE", "component": "queue", "event": "size_changed", "host": "d6b2a058c4be", "pid": 176274, "queue": "rollout", "rank": null, "size": 9, "ts": "2026-10-04 15:53:58"}
[DBG] {"category": "QUEUE", "component": "queue", "event": "size_changed", "host": "d6b2a058c4be", "pid": 176274, "queue": "preference", "rank": null, "size": 0, "ts": "2026-10-04 15:54:17"}
[DBG] {"category": "QUEUE", "component": "queue", "current_version": 0, "event": "BEGIN:queue_list_for_pop", "exact": true, "host": "d6b2a058c4be", "max_lag": 3, "pid": 176274, "queue": "preference", "rank": null, "requested": 4, "ts": "2026-10-04 15:54:17"}
[DBG] {"category": "QUEUE", "component": "queue", "event": "watchdog_armed", "host": "d6b2a058c4be", "pid": 176274, "rank": null, "stage": "queue_list_for_pop", "timeout_sec": 30.0, "ts": "2026-10-04 15:54:17"}
[DBG] {"category": "QUEUE", "component": "queue", "elapsed_sec": 0.002976, "event": "END:queue_list_for_pop", "host": "d6b2a058c4be", "pid": 176274, "rank": null, "ts": "2026-10-04 15:54:17"}
[DBG] {"available": 0, "category": "QUEUE", "component": "queue", "event": "pop_scan", "exact": true, "host": "d6b2a058c4be", "pid": 176274, "queue": "preference", "rank": null, "requested": 4, "selected": 0, "selected_keys": [], "stale": 0, "stale_keys": [], "ts": "2026-10-04 15:54:17"}
[DBG] {"available": 0, "category": "QUEUE", "component": "queue", "event": "pop_not_enough", "host": "d6b2a058c4be", "pid": 176274, "queue": "preference", "rank": null, "requested": 4, "ts": "2026-10-04 15:54:17"}
[DBG] {"category": "QUEUE", "component": "queue", "current_version": 0, "event": "BEGIN:queue_list_for_pop", "exact": true, "host": "d6b2a058c4be", "max_lag": 3, "pid": 176274, "queue": "preference", "rank": null, "requested": 4, "ts": "2026-10-04 15:54:18"}
[DBG] {"category": "QUEUE", "component": "queue", "event": "watchdog_armed", "host": "d6b2a058c4be", "pid": 176274, "rank": null, "stage": "queue_list_for_pop", "timeout_sec": 30.0, "ts": "2026-10-04 15:54:18"}
[DBG] {"category": "QUEUE", "component": "queue", "elapsed_sec": 0.00226, "event": "END:queue_list_for_pop", "host": "d6b2a058c4be", "pid": 176274, "rank": null, "ts": "2026-10-04 15:54:18"}
[DBG] {"available": 0, "category": "QUEUE", "component": "queue", "event": "pop_scan", "exact": true, "host": "d6b2a058c4be", "pid": 176274, "queue": "preference", "rank": null, "requested": 4, "selected": 0, "selected_keys": [], "stale": 0, "stale_keys": [], "ts": "2026-10-04 15:54:18"}
[DBG] {"available": 0, "category": "QUEUE", "component": "queue", "event": "pop_not_enough", "host": "d6b2a058c4be", "pid": 176274, "queue": "preference", "rank": null, "requested": 4, "ts": "2026-10-04 15:54:18"}
[DBG] {"category": "QUEUE", "component": "queue", "current_version": 0, "event": "BEGIN:queue_list_for_pop", "exact": true, "host": "d6b2a058c4be", "max_lag": 3, "pid": 176274, "queue": "preference", "rank": null, "requested": 4, "ts": "2026-10-04 15:54:18"}
[DBG] {"category": "QUEUE", "component": "queue", "event": "watchdog_armed", "host": "d6b2a058c4be", "pid": 176274, "rank": null, "stage": "queue_list_for_pop", "timeout_sec": 30.0, "ts": "2026-10-04 15:54:18"}
[DBG] {"category": "QUEUE", "component": "queue", "elapsed_sec": 0.002781, "event": "END:queue_list_for_pop", "host": "d6b2a058c4be", "pid": 176274, "rank": null, "ts": "2026-10-04 15:54:18"}
[DBG] {"available": 0, "category": "QUEUE", "component": "queue", "event": "pop_scan", "exact": true, "host": "d6b2a058c4be", "pid": 176274, "queue": "preference", "rank": null, "requested": 4, "selected": 0, "selected_keys": [], "stale": 0, "stale_keys": [], "ts": "2026-10-04 15:54:18"}
[DBG] {"available": 0, "category": "QUEUE", "component": "queue", "event": "pop_not_enough", "host": "d6b2a058c4be", "pid": 176274, "queue": "preference", "rank": null, "requested": 4, "ts": "2026-10-04 15:54:18"}
[DBG] {"category": "QUEUE", "component": "queue", "current_version": 0, "event": "BEGIN:queue_list_for_pop", "exact": true, "host": "d6b2a058c4be", "max_lag": 3, "pid": 176274, "queue": "preference", "rank": null, "requested": 4, "ts": "2026-10-04 15:54:19"}
[DBG] {"category": "QUEUE", "component": "queue", "event": "watchdog_armed", "host": "d6b2a058c4be", "pid": 176274, "rank": null, "stage": "queue_list_for_pop", "timeout_sec": 30.0, "ts": "2026-10-04 15:54:19"}
[DBG] {"category": "QUEUE", "component": "queue", "elapsed_sec": 0.00363, "event": "END:queue_list_for_pop", "host": "d6b2a058c4be", "pid": 176274, "rank": null, "ts": "2026-10-04 15:54:19"}
[DBG] {"available": 0, "category": "QUEUE", "component": "queue", "event": "pop_scan", "exact": true, "host": "d6b2a058c4be", "pid": 176274, "queue": "preference", "rank": null, "requested": 4, "selected": 0, "selected_keys": [], "stale": 0, "stale_keys": [], "ts": "2026-10-04 15:54:19"}
[DBG] {"available": 0, "category": "QUEUE", "component": "queue", "event": "pop_not_enough", "host": "d6b2a058c4be", "pid": 176274, "queue": "preference", "rank": null, "requested": 4, "ts": "2026-10-04 15:54:19"}
[DBG] {"category": "QUEUE", "component": "queue", "current_version": 0, "event": "BEGIN:queue_list_for_pop", "exact": true, "host": "d6b2a058c4be", "max_lag": 3, "pid": 176274, "queue": "preference", "rank": null, "requested": 4, "ts": "2026-10-04 15:54:19"}
[DBG] {"category": "QUEUE", "component": "queue", "event": "watchdog_armed", "host": "d6b2a058c4be", "pid": 176274, "rank": null, "stage": "queue_list_for_pop", "timeout_sec": 30.0, "ts": "2026-10-04 15:54:19"}
[DBG] {"category": "QUEUE", "component": "queue", "elapsed_sec": 0.002864, "event": "END:queue_list_for_pop", "host": "d6b2a058c4be", "pid": 176274, "rank": null, "ts": "2026-10-04 15:54:19"}
[DBG] {"available": 0, "category": "QUEUE", "component": "queue", "event": "pop_scan", "exact": true, "host": "d6b2a058c4be", "pid": 176274, "queue": "preference", "rank": null, "requested": 4, "selected": 0, "selected_keys": [], "stale": 0, "stale_keys": [], "ts": "2026-10-04 15:54:19"}
[DBG] {"available": 0, "category": "QUEUE", "component": "queue", "event": "pop_not_enough", "host": "d6b2a058c4be", "pid": 176274, "queue": "preference", "rank": null, "requested": 4, "ts": "2026-10-04 15:54:19"}
[DBG] {"category": "QUEUE", "component": "queue", "current_version": 0, "event": "BEGIN:queue_list_for_pop", "exact": true, "host": "d6b2a058c4be", "max_lag": 3, "pid": 176274, "queue": "preference", "rank": null, "requested": 4, "ts": "2026-10-04 15:54:20"}
[DBG] {"category": "QUEUE", "component": "queue", "event": "watchdog_armed", "host": "d6b2a058c4be", "pid": 176274, "rank": null, "stage": "queue_list_for_pop", "timeout_sec": 30.0, "ts": "2026-10-04 15:54:20"}
[DBG] {"category": "QUEUE", "component": "queue", "elapsed_sec": 0.002632, "event": "END:queue_list_for_pop", "host": "d6b2a058c4be", "pid": 176274, "rank": null, "ts": "2026-10-04 15:54:20"}
[DBG] {"available": 0, "category": "QUEUE", "component": "queue", "event": "pop_scan", "exact": true, "host": "d6b2a058c4be", "pid": 176274, "queue": "preference", "rank": null, "requested": 4, "selected": 0, "selected_keys": [], "stale": 0, "stale_keys": [], "ts": "2026-10-04 15:54:20"}
[DBG] {"available": 0, "category": "QUEUE", "component": "queue", "event": "pop_not_enough", "host": "d6b2a058c4be", "pid": 176274, "queue": "preference", "rank": null, "requested": 4, "ts": "2026-10-04 15:54:20"}
[DBG] {"category": "QUEUE", "component": "queue", "current_version": 0, "event": "BEGIN:queue_list_for_pop", "exact": true, "host": "d6b2a058c4be", "max_lag": 3, "pid": 176274, "queue": "preference", "rank": null, "requested": 4, "ts": "2026-10-04 15:54:20"}
[DBG] {"category": "QUEUE", "component": "queue", "event": "watchdog_armed", "host": "d6b2a058c4be", "pid": 176274, "rank": null, "stage": "queue_list_for_pop", "timeout_sec": 30.0, "ts": "2026-10-04 15:54:20"}
[DBG] {"category": "QUEUE", "component": "queue", "elapsed_sec": 0.003354, "event": "END:queue_list_for_pop", "host": "d6b2a058c4be", "pid": 176274, "rank": null, "ts": "2026-10-04 15:54:20"}
[DBG] {"available": 0, "category": "QUEUE", "component": "queue", "event": "pop_scan", "exact": true, "host": "d6b2a058c4be", "pid": 176274, "queue": "preference", "rank": null, "requested": 4, "selected": 0, "selected_keys": [], "stale": 0, "stale_keys": [], "ts": "2026-10-04 15:54:20"}
[DBG] {"available": 0, "category": "QUEUE", "component": "queue", "event": "pop_not_enough", "host": "d6b2a058c4be", "pid": 176274, "queue": "preference", "rank": null, "requested": 4, "ts": "2026-10-04 15:54:20"}
[DBG] {"category": "QUEUE", "component": "queue", "current_version": 0, "event": "BEGIN:queue_list_for_pop", "exact": true, "host": "d6b2a058c4be", "max_lag": 3, "pid": 176274, "queue": "preference", "rank": null, "requested": 4, "ts": "2026-10-04 15:54:21"}
[DBG] {"category": "QUEUE", "component": "queue", "event": "watchdog_armed", "host": "d6b2a058c4be", "pid": 176274, "rank": null, "stage": "queue_list_for_pop", "timeout_sec": 30.0, "ts": "2026-10-04 15:54:21"}
[DBG] {"category": "QUEUE", "component": "queue", "elapsed_sec": 0.002789, "event": "END:queue_list_for_pop", "host": "d6b2a058c4be", "pid": 176274, "rank": null, "ts": "2026-10-04 15:54:21"}
[DBG] {"available": 0, "category": "QUEUE", "component": "queue", "event": "pop_scan", "exact": true, "host": "d6b2a058c4be", "pid": 176274, "queue": "preference", "rank": null, "requested": 4, "selected": 0, "selected_keys": [], "stale": 0, "stale_keys": [], "ts": "2026-10-04 15:54:21"}
[DBG] {"available": 0, "category": "QUEUE", "component": "queue", "event": "pop_not_enough", "host": "d6b2a058c4be", "pid": 176274, "queue": "preference", "rank": null, "requested": 4, "ts": "2026-10-04 15:54:21"}
[DBG] {"category": "QUEUE", "component": "queue", "current_version": 0, "event": "BEGIN:queue_list_for_pop", "exact": true, "host": "d6b2a058c4be", "max_lag": 3, "pid": 176274, "queue": "preference", "rank": null, "requested": 4, "ts": "2026-10-04 15:54:21"}
[DBG] {"category": "QUEUE", "component": "queue", "event": "watchdog_armed", "host": "d6b2a058c4be", "pid": 176274, "rank": null, "stage": "queue_list_for_pop", "timeout_sec": 30.0, "ts": "2026-10-04 15:54:21"}
[DBG] {"category": "QUEUE", "component": "queue", "elapsed_sec": 0.003086, "event": "END:queue_list_for_pop", "host": "d6b2a058c4be", "pid": 176274, "rank": null, "ts": "2026-10-04 15:54:21"}
[DBG] {"available": 0, "category": "QUEUE", "component": "queue", "event": "pop_scan", "exact": true, "host": "d6b2a058c4be", "pid": 176274, "queue": "preference", "rank": null, "requested": 4, "selected": 0, "selected_keys": [], "stale": 0, "stale_keys": [], "ts": "2026-10-04 15:54:21"}
[DBG] {"available": 0, "category": "QUEUE", "component": "queue", "event": "pop_not_enough", "host": "d6b2a058c4be", "pid": 176274, "queue": "preference", "rank": null, "requested": 4, "ts": "2026-10-04 15:54:21"}
[DBG] {"category": "QUEUE", "component": "queue", "current_version": 0, "event": "BEGIN:queue_list_for_pop", "exact": true, "host": "d6b2a058c4be", "max_lag": 3, "pid": 176274, "queue": "preference", "rank": null, "requested": 4, "ts": "2026-10-04 15:54:22"}
[DBG] {"category": "QUEUE", "component": "queue", "event": "watchdog_armed", "host": "d6b2a058c4be", "pid": 176274, "rank": null, "stage": "queue_list_for_pop", "timeout_sec": 30.0, "ts": "2026-10-04 15:54:22"}
[DBG] {"category": "QUEUE", "component": "queue", "elapsed_sec": 0.002554, "event": "END:queue_list_for_pop", "host": "d6b2a058c4be", "pid": 176274, "rank": null, "ts": "2026-10-04 15:54:22"}
[DBG] {"available": 0, "category": "QUEUE", "component": "queue", "event": "pop_scan", "exact": true, "host": "d6b2a058c4be", "pid": 176274, "queue": "preference", "rank": null, "requested": 4, "selected": 0, "selected_keys": [], "stale": 0, "stale_keys": [], "ts": "2026-10-04 15:54:22"}
[DBG] {"available": 0, "category": "QUEUE", "component": "queue", "event": "pop_not_enough", "host": "d6b2a058c4be", "pid": 176274, "queue": "preference", "rank": null, "requested": 4, "ts": "2026-10-04 15:54:22"}
[DBG] {"category": "QUEUE", "component": "queue", "current_version": 0, "event": "BEGIN:queue_list_for_pop", "exact": true, "host": "d6b2a058c4be", "max_lag": 3, "pid": 176274, "queue": "preference", "rank": null, "requested": 4, "ts": "2026-10-04 15:54:23"}
[DBG] {"category": "QUEUE", "component": "queue", "event": "watchdog_armed", "host": "d6b2a058c4be", "pid": 176274, "rank": null, "stage": "queue_list_for_pop", "timeout_sec": 30.0, "ts": "2026-10-04 15:54:23"}
[DBG] {"category": "QUEUE", "component": "queue", "elapsed_sec": 0.002285, "event": "END:queue_list_for_pop", "host": "d6b2a058c4be", "pid": 176274, "rank": null, "ts": "2026-10-04 15:54:23"}
[DBG] {"available": 0, "category": "QUEUE", "component": "queue", "event": "pop_scan", "exact": true, "host": "d6b2a058c4be", "pid": 176274, "queue": "preference", "rank": null, "requested": 4, "selected": 0, "selected_keys": [], "stale": 0, "stale_keys": [], "ts": "2026-10-04 15:54:23"}
[DBG] {"available": 0, "category": "QUEUE", "component": "queue", "event": "pop_not_enough", "host": "d6b2a058c4be", "pid": 176274, "queue": "preference", "rank": null, "requested": 4, "ts": "2026-10-04 15:54:23"}
[DBG] {"category": "QUEUE", "component": "queue", "current_version": 0, "event": "BEGIN:queue_list_for_pop", "exact": true, "host": "d6b2a058c4be", "max_lag": 3, "pid": 176274, "queue": "preference", "rank": null, "requested": 4, "ts": "2026-10-04 15:54:23"}
[DBG] {"category": "QUEUE", "component": "queue", "event": "watchdog_armed", "host": "d6b2a058c4be", "pid": 176274, "rank": null, "stage": "queue_list_for_pop", "timeout_sec": 30.0, "ts": "2026-10-04 15:54:23"}
[DBG] {"category": "QUEUE", "component": "queue", "elapsed_sec": 0.003342, "event": "END:queue_list_for_pop", "host": "d6b2a058c4be", "pid": 176274, "rank": null, "ts": "2026-10-04 15:54:23"}
[DBG] {"available": 0, "category": "QUEUE", "component": "queue", "event": "pop_scan", "exact": true, "host": "d6b2a058c4be", "pid": 176274, "queue": "preference", "rank": null, "requested": 4, "selected": 0, "selected_keys": [], "stale": 0, "stale_keys": [], "ts": "2026-10-04 15:54:23"}
[DBG] {"available": 0, "category": "QUEUE", "component": "queue", "event": "pop_not_enough", "host": "d6b2a058c4be", "pid": 176274, "queue": "preference", "rank": null, "requested": 4, "ts": "2026-10-04 15:54:23"}
[DBG] {"category": "QUEUE", "component": "queue", "current_version": 0, "event": "BEGIN:queue_list_for_pop", "exact": true, "host": "d6b2a058c4be", "max_lag": 3, "pid": 176274, "queue": "preference", "rank": null, "requested": 4, "ts": "2026-10-04 15:54:24"}
[DBG] {"category": "QUEUE", "component": "queue", "event": "watchdog_armed", "host": "d6b2a058c4be", "pid": 176274, "rank": null, "stage": "queue_list_for_pop", "timeout_sec": 30.0, "ts": "2026-10-04 15:54:24"}
[DBG] {"category": "QUEUE", "component": "queue", "elapsed_sec": 0.00329, "event": "END:queue_list_for_pop", "host": "d6b2a058c4be", "pid": 176274, "rank": null, "ts": "2026-10-04 15:54:24"}
[DBG] {"available": 0, "category": "QUEUE", "component": "queue", "event": "pop_scan", "exact": true, "host": "d6b2a058c4be", "pid": 176274, "queue": "preference", "rank": null, "requested": 4, "selected": 0, "selected_keys": [], "stale": 0, "stale_keys": [], "ts": "2026-10-04 15:54:24"}
[DBG] {"available": 0, "category": "QUEUE", "component": "queue", "event": "pop_not_enough", "host": "d6b2a058c4be", "pid": 176274, "queue": "preference", "rank": null, "requested": 4, "ts": "2026-10-04 15:54:24"}
[DBG] {"category": "QUEUE", "component": "queue", "current_version": 0, "event": "BEGIN:queue_list_for_pop", "exact": true, "host": "d6b2a058c4be", "max_lag": 3, "pid": 176274, "queue": "preference", "rank": null, "requested": 4, "ts": "2026-10-04 15:54:24"}
[DBG] {"category": "QUEUE", "component": "queue", "event": "watchdog_armed", "host": "d6b2a058c4be", "pid": 176274, "rank": null, "stage": "queue_list_for_pop", "timeout_sec": 30.0, "ts": "2026-10-04 15:54:24"}
[DBG] {"category": "QUEUE", "component": "queue", "elapsed_sec": 0.002883, "event": "END:queue_list_for_pop", "host": "d6b2a058c4be", "pid": 176274, "rank": null, "ts": "2026-10-04 15:54:24"}
[DBG] {"available": 0, "category": "QUEUE", "component": "queue", "event": "pop_scan", "exact": true, "host": "d6b2a058c4be", "pid": 176274, "queue": "preference", "rank": null, "requested": 4, "selected": 0, "selected_keys": [], "stale": 0, "stale_keys": [], "ts": "2026-10-04 15:54:24"}
[DBG] {"available": 0, "category": "QUEUE", "component": "queue", "event": "pop_not_enough", "host": "d6b2a058c4be", "pid": 176274, "queue": "preference", "rank": null, "requested": 4, "ts": "2026-10-04 15:54:24"}
[DBG] {"category": "QUEUE", "component": "queue", "current_version": 0, "event": "BEGIN:queue_list_for_pop", "exact": true, "host": "d6b2a058c4be", "max_lag": 3, "pid": 176274, "queue": "preference", "rank": null, "requested": 4, "ts": "2026-10-04 15:54:25"}
[DBG] {"category": "QUEUE", "component": "queue", "event": "watchdog_armed", "host": "d6b2a058c4be", "pid": 176274, "rank": null, "stage": "queue_list_for_pop", "timeout_sec": 30.0, "ts": "2026-10-04 15:54:25"}
[DBG] {"category": "QUEUE", "component": "queue", "elapsed_sec": 0.002674, "event": "END:queue_list_for_pop", "host": "d6b2a058c4be", "pid": 176274, "rank": null, "ts": "2026-10-04 15:54:25"}
[DBG] {"available": 0, "category": "QUEUE", "component": "queue", "event": "pop_scan", "exact": true, "host": "d6b2a058c4be", "pid": 176274, "queue": "preference", "rank": null, "requested": 4, "selected": 0, "selected_keys": [], "stale": 0, "stale_keys": [], "ts": "2026-10-04 15:54:25"}
[DBG] {"available": 0, "category": "QUEUE", "component": "queue", "event": "pop_not_enough", "host": "d6b2a058c4be", "pid": 176274, "queue": "preference", "rank": null, "requested": 4, "ts": "2026-10-04 15:54:25"}
[DBG] {"category": "QUEUE", "component": "queue", "current_version": 0, "event": "BEGIN:queue_list_for_pop", "exact": true, "host": "d6b2a058c4be", "max_lag": 3, "pid": 176274, "queue": "preference", "rank": null, "requested": 4, "ts": "2026-10-04 15:54:25"}
[DBG] {"category": "QUEUE", "component": "queue", "event": "watchdog_armed", "host": "d6b2a058c4be", "pid": 176274, "rank": null, "stage": "queue_list_for_pop", "timeout_sec": 30.0, "ts": "2026-10-04 15:54:25"}
[DBG] {"category": "QUEUE", "component": "queue", "elapsed_sec": 0.003081, "event": "END:queue_list_for_pop", "host": "d6b2a058c4be", "pid": 176274, "rank": null, "ts": "2026-10-04 15:54:25"}
[DBG] {"available": 0, "category": "QUEUE", "component": "queue", "event": "pop_scan", "exact": true, "host": "d6b2a058c4be", "pid": 176274, "queue": "preference", "rank": null, "requested": 4, "selected": 0, "selected_keys": [], "stale": 0, "stale_keys": [], "ts": "2026-10-04 15:54:25"}
[DBG] {"available": 0, "category": "QUEUE", "component": "queue", "event": "pop_not_enough", "host": "d6b2a058c4be", "pid": 176274, "queue": "preference", "rank": null, "requested": 4, "ts": "2026-10-04 15:54:25"}
[DBG] {"category": "QUEUE", "component": "queue", "current_version": 0, "event": "BEGIN:queue_list_for_pop", "exact": true, "host": "d6b2a058c4be", "max_lag": 3, "pid": 176274, "queue": "preference", "rank": null, "requested": 4, "ts": "2026-10-04 15:54:26"}
[DBG] {"category": "QUEUE", "component": "queue", "event": "watchdog_armed", "host": "d6b2a058c4be", "pid": 176274, "rank": null, "stage": "queue_list_for_pop", "timeout_sec": 30.0, "ts": "2026-10-04 15:54:26"}
[DBG] {"category": "QUEUE", "component": "queue", "elapsed_sec": 0.002184, "event": "END:queue_list_for_pop", "host": "d6b2a058c4be", "pid": 176274, "rank": null, "ts": "2026-10-04 15:54:26"}
[DBG] {"available": 0, "category": "QUEUE", "component": "queue", "event": "pop_scan", "exact": true, "host": "d6b2a058c4be", "pid": 176274, "queue": "preference", "rank": null, "requested": 4, "selected": 0, "selected_keys": [], "stale": 0, "stale_keys": [], "ts": "2026-10-04 15:54:26"}
[DBG] {"available": 0, "category": "QUEUE", "component": "queue", "event": "pop_not_enough", "host": "d6b2a058c4be", "pid": 176274, "queue": "preference", "rank": null, "requested": 4, "ts": "2026-10-04 15:54:26"}
[DBG] {"category": "QUEUE", "component": "queue", "current_version": 0, "event": "BEGIN:queue_list_for_pop", "exact": true, "host": "d6b2a058c4be", "max_lag": 3, "pid": 176274, "queue": "preference", "rank": null, "requested": 4, "ts": "2026-10-04 15:54:26"}
[DBG] {"category": "QUEUE", "component": "queue", "event": "watchdog_armed", "host": "d6b2a058c4be", "pid": 176274, "rank": null, "stage": "queue_list_for_pop", "timeout_sec": 30.0, "ts": "2026-10-04 15:54:26"}
[DBG] {"category": "QUEUE", "component": "queue", "elapsed_sec": 0.002856, "event": "END:queue_list_for_pop", "host": "d6b2a058c4be", "pid": 176274, "rank": null, "ts": "2026-10-04 15:54:26"}
[DBG] {"available": 0, "category": "QUEUE", "component": "queue", "event": "pop_scan", "exact": true, "host": "d6b2a058c4be", "pid": 176274, "queue": "preference", "rank": null, "requested": 4, "selected": 0, "selected_keys": [], "stale": 0, "stale_keys": [], "ts": "2026-10-04 15:54:26"}
[DBG] {"available": 0, "category": "QUEUE", "component": "queue", "event": "pop_not_enough", "host": "d6b2a058c4be", "pid": 176274, "queue": "preference", "rank": null, "requested": 4, "ts": "2026-10-04 15:54:26"}
[DBG] {"category": "QUEUE", "component": "queue", "current_version": 0, "event": "BEGIN:queue_list_for_pop", "exact": true, "host": "d6b2a058c4be", "max_lag": 3, "pid": 176274, "queue": "preference", "rank": null, "requested": 4, "ts": "2026-10-04 15:54:27"}
[DBG] {"category": "QUEUE", "component": "queue", "event": "watchdog_armed", "host": "d6b2a058c4be", "pid": 176274, "rank": null, "stage": "queue_list_for_pop", "timeout_sec": 30.0, "ts": "2026-10-04 15:54:27"}
[DBG] {"category": "QUEUE", "component": "queue", "elapsed_sec": 0.00242, "event": "END:queue_list_for_pop", "host": "d6b2a058c4be", "pid": 176274, "rank": null, "ts": "2026-10-04 15:54:27"}
[DBG] {"available": 0, "category": "QUEUE", "component": "queue", "event": "pop_scan", "exact": true, "host": "d6b2a058c4be", "pid": 176274, "queue": "preference", "rank": null, "requested": 4, "selected": 0, "selected_keys": [], "stale": 0, "stale_keys": [], "ts": "2026-10-04 15:54:27"}
[DBG] {"available": 0, "category": "QUEUE", "component": "queue", "event": "pop_not_enough", "host": "d6b2a058c4be", "pid": 176274, "queue": "preference", "rank": null, "requested": 4, "ts": "2026-10-04 15:54:27"}
[DBG] {"category": "QUEUE", "component": "queue", "current_version": 0, "event": "BEGIN:queue_list_for_pop", "exact": true, "host": "d6b2a058c4be", "max_lag": 3, "pid": 176274, "queue": "preference", "rank": null, "requested": 4, "ts": "2026-10-04 15:54:27"}
[DBG] {"category": "QUEUE", "component": "queue", "event": "watchdog_armed", "host": "d6b2a058c4be", "pid": 176274, "rank": null, "stage": "queue_list_for_pop", "timeout_sec": 30.0, "ts": "2026-10-04 15:54:27"}
[DBG] {"category": "QUEUE", "component": "queue", "elapsed_sec": 0.002376, "event": "END:queue_list_for_pop", "host": "d6b2a058c4be", "pid": 176274, "rank": null, "ts": "2026-10-04 15:54:27"}
[DBG] {"available": 0, "category": "QUEUE", "component": "queue", "event": "pop_scan", "exact": true, "host": "d6b2a058c4be", "pid": 176274, "queue": "preference", "rank": null, "requested": 4, "selected": 0, "selected_keys": [], "stale": 0, "stale_keys": [], "ts": "2026-10-04 15:54:27"}
[DBG] {"available": 0, "category": "QUEUE", "component": "queue", "event": "pop_not_enough", "host": "d6b2a058c4be", "pid": 176274, "queue": "preference", "rank": null, "requested": 4, "ts": "2026-10-04 15:54:27"}
[DBG] {"category": "QUEUE", "component": "queue", "current_version": 0, "event": "BEGIN:queue_list_for_pop", "exact": true, "host": "d6b2a058c4be", "max_lag": 3, "pid": 176274, "queue": "preference", "rank": null, "requested": 4, "ts": "2026-10-04 15:54:28"}
[DBG] {"category": "QUEUE", "component": "queue", "event": "watchdog_armed", "host": "d6b2a058c4be", "pid": 176274, "rank": null, "stage": "queue_list_for_pop", "timeout_sec": 30.0, "ts": "2026-10-04 15:54:28"}
[DBG] {"category": "QUEUE", "component": "queue", "elapsed_sec": 0.002773, "event": "END:queue_list_for_pop", "host": "d6b2a058c4be", "pid": 176274, "rank": null, "ts": "2026-10-04 15:54:28"}
[DBG] {"available": 0, "category": "QUEUE", "component": "queue", "event": "pop_scan", "exact": true, "host": "d6b2a058c4be", "pid": 176274, "queue": "preference", "rank": null, "requested": 4, "selected": 0, "selected_keys": [], "stale": 0, "stale_keys": [], "ts": "2026-10-04 15:54:28"}
[DBG] {"available": 0, "category": "QUEUE", "component": "queue", "event": "pop_not_enough", "host": "d6b2a058c4be", "pid": 176274, "queue": "preference", "rank": null, "requested": 4, "ts": "2026-10-04 15:54:28"}
[DBG] {"category": "QUEUE", "component": "queue", "current_version": 0, "event": "BEGIN:queue_list_for_pop", "exact": true, "host": "d6b2a058c4be", "max_lag": 3, "pid": 176274, "queue": "preference", "rank": null, "requested": 4, "ts": "2026-10-04 15:54:28"}
[DBG] {"category": "QUEUE", "component": "queue", "event": "watchdog_armed", "host": "d6b2a058c4be", "pid": 176274, "rank": null, "stage": "queue_list_for_pop", "timeout_sec": 30.0, "ts": "2026-10-04 15:54:28"}
[DBG] {"category": "QUEUE", "component": "queue", "elapsed_sec": 0.002722, "event": "END:queue_list_for_pop", "host": "d6b2a058c4be", "pid": 176274, "rank": null, "ts": "2026-10-04 15:54:28"}
[DBG] {"available": 0, "category": "QUEUE", "component": "queue", "event": "pop_scan", "exact": true, "host": "d6b2a058c4be", "pid": 176274, "queue": "preference", "rank": null, "requested": 4, "selected": 0, "selected_keys": [], "stale": 0, "stale_keys": [], "ts": "2026-10-04 15:54:28"}
[DBG] {"available": 0, "category": "QUEUE", "component": "queue", "event": "pop_not_enough", "host": "d6b2a058c4be", "pid": 176274, "queue": "preference", "rank": null, "requested": 4, "ts": "2026-10-04 15:54:28"}
[DBG] {"category": "QUEUE", "component": "queue", "current_version": 0, "event": "BEGIN:queue_list_for_pop", "exact": true, "host": "d6b2a058c4be", "max_lag": 3, "pid": 176274, "queue": "preference", "rank": null, "requested": 4, "ts": "2026-10-04 15:54:29"}
[DBG] {"category": "QUEUE", "component": "queue", "event": "watchdog_armed", "host": "d6b2a058c4be", "pid": 176274, "rank": null, "stage": "queue_list_for_pop", "timeout_sec": 30.0, "ts": "2026-10-04 15:54:29"}
[DBG] {"category": "QUEUE", "component": "queue", "elapsed_sec": 0.003096, "event": "END:queue_list_for_pop", "host": "d6b2a058c4be", "pid": 176274, "rank": null, "ts": "2026-10-04 15:54:29"}
[DBG] {"available": 0, "category": "QUEUE", "component": "queue", "event": "pop_scan", "exact": true, "host": "d6b2a058c4be", "pid": 176274, "queue": "preference", "rank": null, "requested": 4, "selected": 0, "selected_keys": [], "stale": 0, "stale_keys": [], "ts": "2026-10-04 15:54:29"}
[DBG] {"available": 0, "category": "QUEUE", "component": "queue", "event": "pop_not_enough", "host": "d6b2a058c4be", "pid": 176274, "queue": "preference", "rank": null, "requested": 4, "ts": "2026-10-04 15:54:29"}
[DBG] {"category": "QUEUE", "component": "queue", "current_version": 0, "event": "BEGIN:queue_list_for_pop", "exact": true, "host": "d6b2a058c4be", "max_lag": 3, "pid": 176274, "queue": "preference", "rank": null, "requested": 4, "ts": "2026-10-04 15:54:29"}
[DBG] {"category": "QUEUE", "component": "queue", "event": "watchdog_armed", "host": "d6b2a058c4be", "pid": 176274, "rank": null, "stage": "queue_list_for_pop", "timeout_sec": 30.0, "ts": "2026-10-04 15:54:29"}
[DBG] {"category": "QUEUE", "component": "queue", "elapsed_sec": 0.002766, "event": "END:queue_list_for_pop", "host": "d6b2a058c4be", "pid": 176274, "rank": null, "ts": "2026-10-04 15:54:29"}
[DBG] {"available": 0, "category": "QUEUE", "component": "queue", "event": "pop_scan", "exact": true, "host": "d6b2a058c4be", "pid": 176274, "queue": "preference", "rank": null, "requested": 4, "selected": 0, "selected_keys": [], "stale": 0, "stale_keys": [], "ts": "2026-10-04 15:54:29"}
[DBG] {"available": 0, "category": "QUEUE", "component": "queue", "event": "pop_not_enough", "host": "d6b2a058c4be", "pid": 176274, "queue": "preference", "rank": null, "requested": 4, "ts": "2026-10-04 15:54:29"}
[DBG] {"category": "QUEUE", "component": "queue", "current_version": 0, "event": "BEGIN:queue_list_for_pop", "exact": true, "host": "d6b2a058c4be", "max_lag": 3, "pid": 176274, "queue": "preference", "rank": null, "requested": 4, "ts": "2026-10-04 15:54:30"}
[DBG] {"category": "QUEUE", "component": "queue", "event": "watchdog_armed", "host": "d6b2a058c4be", "pid": 176274, "rank": null, "stage": "queue_list_for_pop", "timeout_sec": 30.0, "ts": "2026-10-04 15:54:30"}
[DBG] {"category": "QUEUE", "component": "queue", "elapsed_sec": 0.002622, "event": "END:queue_list_for_pop", "host": "d6b2a058c4be", "pid": 176274, "rank": null, "ts": "2026-10-04 15:54:30"}
[DBG] {"available": 0, "category": "QUEUE", "component": "queue", "event": "pop_scan", "exact": true, "host": "d6b2a058c4be", "pid": 176274, "queue": "preference", "rank": null, "requested": 4, "selected": 0, "selected_keys": [], "stale": 0, "stale_keys": [], "ts": "2026-10-04 15:54:30"}
[DBG] {"available": 0, "category": "QUEUE", "component": "queue", "event": "pop_not_enough", "host": "d6b2a058c4be", "pid": 176274, "queue": "preference", "rank": null, "requested": 4, "ts": "2026-10-04 15:54:30"}
[DBG] {"category": "QUEUE", "component": "queue", "current_version": 0, "event": "BEGIN:queue_list_for_pop", "exact": true, "host": "d6b2a058c4be", "max_lag": 3, "pid": 176274, "queue": "preference", "rank": null, "requested": 4, "ts": "2026-10-04 15:54:30"}
[DBG] {"category": "QUEUE", "component": "queue", "event": "watchdog_armed", "host": "d6b2a058c4be", "pid": 176274, "rank": null, "stage": "queue_list_for_pop", "timeout_sec": 30.0, "ts": "2026-10-04 15:54:30"}
[DBG] {"category": "QUEUE", "component": "queue", "elapsed_sec": 0.003181, "event": "END:queue_list_for_pop", "host": "d6b2a058c4be", "pid": 176274, "rank": null, "ts": "2026-10-04 15:54:30"}
[DBG] {"available": 0, "category": "QUEUE", "component": "queue", "event": "pop_scan", "exact": true, "host": "d6b2a058c4be", "pid": 176274, "queue": "preference", "rank": null, "requested": 4, "selected": 0, "selected_keys": [], "stale": 0, "stale_keys": [], "ts": "2026-10-04 15:54:30"}
[DBG] {"available": 0, "category": "QUEUE", "component": "queue", "event": "pop_not_enough", "host": "d6b2a058c4be", "pid": 176274, "queue": "preference", "rank": null, "requested": 4, "ts": "2026-10-04 15:54:30"}
[DBG] {"category": "QUEUE", "component": "queue", "current_version": 0, "event": "BEGIN:queue_list_for_pop", "exact": true, "host": "d6b2a058c4be", "max_lag": 3, "pid": 176274, "queue": "preference", "rank": null, "requested": 4, "ts": "2026-10-04 15:54:31"}
[DBG] {"category": "QUEUE", "component": "queue", "event": "watchdog_armed", "host": "d6b2a058c4be", "pid": 176274, "rank": null, "stage": "queue_list_for_pop", "timeout_sec": 30.0, "ts": "2026-10-04 15:54:31"}
[DBG] {"category": "QUEUE", "component": "queue", "elapsed_sec": 0.001941, "event": "END:queue_list_for_pop", "host": "d6b2a058c4be", "pid": 176274, "rank": null, "ts": "2026-10-04 15:54:31"}
[DBG] {"available": 0, "category": "QUEUE", "component": "queue", "event": "pop_scan", "exact": true, "host": "d6b2a058c4be", "pid": 176274, "queue": "preference", "rank": null, "requested": 4, "selected": 0, "selected_keys": [], "stale": 0, "stale_keys": [], "ts": "2026-10-04 15:54:31"}
[DBG] {"available": 0, "category": "QUEUE", "component": "queue", "event": "pop_not_enough", "host": "d6b2a058c4be", "pid": 176274, "queue": "preference", "rank": null, "requested": 4, "ts": "2026-10-04 15:54:31"}
[DBG] {"category": "QUEUE", "component": "queue", "current_version": 0, "event": "BEGIN:queue_list_for_pop", "exact": true, "host": "d6b2a058c4be", "max_lag": 3, "pid": 176274, "queue": "preference", "rank": null, "requested": 4, "ts": "2026-10-04 15:54:31"}
[DBG] {"category": "QUEUE", "component": "queue", "event": "watchdog_armed", "host": "d6b2a058c4be", "pid": 176274, "rank": null, "stage": "queue_list_for_pop", "timeout_sec": 30.0, "ts": "2026-10-04 15:54:31"}
[DBG] {"category": "QUEUE", "component": "queue", "elapsed_sec": 0.001571, "event": "END:queue_list_for_pop", "host": "d6b2a058c4be", "pid": 176274, "rank": null, "ts": "2026-10-04 15:54:31"}
[DBG] {"available": 0, "category": "QUEUE", "component": "queue", "event": "pop_scan", "exact": true, "host": "d6b2a058c4be", "pid": 176274, "queue": "preference", "rank": null, "requested": 4, "selected": 0, "selected_keys": [], "stale": 0, "stale_keys": [], "ts": "2026-10-04 15:54:31"}
[DBG] {"available": 0, "category": "QUEUE", "component": "queue", "event": "pop_not_enough", "host": "d6b2a058c4be", "pid": 176274, "queue": "preference", "rank": null, "requested": 4, "ts": "2026-10-04 15:54:31"}
[DBG] {"category": "QUEUE", "component": "queue", "current_version": 0, "event": "BEGIN:queue_list_for_pop", "exact": true, "host": "d6b2a058c4be", "max_lag": 3, "pid": 176274, "queue": "preference", "rank": null, "requested": 4, "ts": "2026-10-04 15:54:32"}
[DBG] {"category": "QUEUE", "component": "queue", "event": "watchdog_armed", "host": "d6b2a058c4be", "pid": 176274, "rank": null, "stage": "queue_list_for_pop", "timeout_sec": 30.0, "ts": "2026-10-04 15:54:32"}
[DBG] {"category": "QUEUE", "component": "queue", "elapsed_sec": 0.002864, "event": "END:queue_list_for_pop", "host": "d6b2a058c4be", "pid": 176274, "rank": null, "ts": "2026-10-04 15:54:32"}
[DBG] {"available": 0, "category": "QUEUE", "component": "queue", "event": "pop_scan", "exact": true, "host": "d6b2a058c4be", "pid": 176274, "queue": "preference", "rank": null, "requested": 4, "selected": 0, "selected_keys": [], "stale": 0, "stale_keys": [], "ts": "2026-10-04 15:54:32"}
[DBG] {"available": 0, "category": "QUEUE", "component": "queue", "event": "pop_not_enough", "host": "d6b2a058c4be", "pid": 176274, "queue": "preference", "rank": null, "requested": 4, "ts": "2026-10-04 15:54:32"}
[DBG] {"category": "QUEUE", "component": "queue", "current_version": 0, "event": "BEGIN:queue_list_for_pop", "exact": true, "host": "d6b2a058c4be", "max_lag": 3, "pid": 176274, "queue": "preference", "rank": null, "requested": 4, "ts": "2026-10-04 15:54:32"}
[DBG] {"category": "QUEUE", "component": "queue", "event": "watchdog_armed", "host": "d6b2a058c4be", "pid": 176274, "rank": null, "stage": "queue_list_for_pop", "timeout_sec": 30.0, "ts": "2026-10-04 15:54:32"}
[DBG] {"category": "QUEUE", "component": "queue", "elapsed_sec": 0.003031, "event": "END:queue_list_for_pop", "host": "d6b2a058c4be", "pid": 176274, "rank": null, "ts": "2026-10-04 15:54:33"}
[DBG] {"available": 0, "category": "QUEUE", "component": "queue", "event": "pop_scan", "exact": true, "host": "d6b2a058c4be", "pid": 176274, "queue": "preference", "rank": null, "requested": 4, "selected": 0, "selected_keys": [], "stale": 0, "stale_keys": [], "ts": "2026-10-04 15:54:33"}
[DBG] {"available": 0, "category": "QUEUE", "component": "queue", "event": "pop_not_enough", "host": "d6b2a058c4be", "pid": 176274, "queue": "preference", "rank": null, "requested": 4, "ts": "2026-10-04 15:54:33"}
[DBG] {"category": "QUEUE", "component": "queue", "current_version": 0, "event": "BEGIN:queue_list_for_pop", "exact": true, "host": "d6b2a058c4be", "max_lag": 3, "pid": 176274, "queue": "preference", "rank": null, "requested": 4, "ts": "2026-10-04 15:54:33"}
[DBG] {"category": "QUEUE", "component": "queue", "event": "watchdog_armed", "host": "d6b2a058c4be", "pid": 176274, "rank": null, "stage": "queue_list_for_pop", "timeout_sec": 30.0, "ts": "2026-10-04 15:54:33"}
[DBG] {"category": "QUEUE", "component": "queue", "elapsed_sec": 0.002584, "event": "END:queue_list_for_pop", "host": "d6b2a058c4be", "pid": 176274, "rank": null, "ts": "2026-10-04 15:54:33"}
[DBG] {"available": 0, "category": "QUEUE", "component": "queue", "event": "pop_scan", "exact": true, "host": "d6b2a058c4be", "pid": 176274, "queue": "preference", "rank": null, "requested": 4, "selected": 0, "selected_keys": [], "stale": 0, "stale_keys": [], "ts": "2026-10-04 15:54:33"}
[DBG] {"available": 0, "category": "QUEUE", "component": "queue", "event": "pop_not_enough", "host": "d6b2a058c4be", "pid": 176274, "queue": "preference", "rank": null, "requested": 4, "ts": "2026-10-04 15:54:33"}
[DBG] {"category": "QUEUE", "component": "queue", "current_version": 0, "event": "BEGIN:queue_list_for_pop", "exact": true, "host": "d6b2a058c4be", "max_lag": 3, "pid": 176274, "queue": "preference", "rank": null, "requested": 4, "ts": "2026-10-04 15:54:34"}
[DBG] {"category": "QUEUE", "component": "queue", "event": "watchdog_armed", "host": "d6b2a058c4be", "pid": 176274, "rank": null, "stage": "queue_list_for_pop", "timeout_sec": 30.0, "ts": "2026-10-04 15:54:34"}
[DBG] {"category": "QUEUE", "component": "queue", "elapsed_sec": 0.001935, "event": "END:queue_list_for_pop", "host": "d6b2a058c4be", "pid": 176274, "rank": null, "ts": "2026-10-04 15:54:34"}
[DBG] {"available": 0, "category": "QUEUE", "component": "queue", "event": "pop_scan", "exact": true, "host": "d6b2a058c4be", "pid": 176274, "queue": "preference", "rank": null, "requested": 4, "selected": 0, "selected_keys": [], "stale": 0, "stale_keys": [], "ts": "2026-10-04 15:54:34"}
[DBG] {"available": 0, "category": "QUEUE", "component": "queue", "event": "pop_not_enough", "host": "d6b2a058c4be", "pid": 176274, "queue": "preference", "rank": null, "requested": 4, "ts": "2026-10-04 15:54:34"}
[DBG] {"category": "QUEUE", "component": "queue", "current_version": 0, "event": "BEGIN:queue_list_for_pop", "exact": true, "host": "d6b2a058c4be", "max_lag": 3, "pid": 176274, "queue": "preference", "rank": null, "requested": 4, "ts": "2026-10-04 15:54:34"}
[DBG] {"category": "QUEUE", "component": "queue", "event": "watchdog_armed", "host": "d6b2a058c4be", "pid": 176274, "rank": null, "stage": "queue_list_for_pop", "timeout_sec": 30.0, "ts": "2026-10-04 15:54:34"}
[DBG] {"category": "QUEUE", "component": "queue", "elapsed_sec": 0.0031, "event": "END:queue_list_for_pop", "host": "d6b2a058c4be", "pid": 176274, "rank": null, "ts": "2026-10-04 15:54:34"}
[DBG] {"available": 0, "category": "QUEUE", "component": "queue", "event": "pop_scan", "exact": true, "host": "d6b2a058c4be", "pid": 176274, "queue": "preference", "rank": null, "requested": 4, "selected": 0, "selected_keys": [], "stale": 0, "stale_keys": [], "ts": "2026-10-04 15:54:34"}
[DBG] {"available": 0, "category": "QUEUE", "component": "queue", "event": "pop_not_enough", "host": "d6b2a058c4be", "pid": 176274, "queue": "preference", "rank": null, "requested": 4, "ts": "2026-10-04 15:54:34"}
[DBG] {"category": "QUEUE", "component": "queue", "current_version": 0, "event": "BEGIN:queue_list_for_pop", "exact": true, "host": "d6b2a058c4be", "max_lag": 3, "pid": 176274, "queue": "preference", "rank": null, "requested": 4, "ts": "2026-10-04 15:54:35"}
[DBG] {"category": "QUEUE", "component": "queue", "event": "watchdog_armed", "host": "d6b2a058c4be", "pid": 176274, "rank": null, "stage": "queue_list_for_pop", "timeout_sec": 30.0, "ts": "2026-10-04 15:54:35"}
[DBG] {"category": "QUEUE", "component": "queue", "elapsed_sec": 0.002506, "event": "END:queue_list_for_pop", "host": "d6b2a058c4be", "pid": 176274, "rank": null, "ts": "2026-10-04 15:54:35"}
[DBG] {"available": 0, "category": "QUEUE", "component": "queue", "event": "pop_scan", "exact": true, "host": "d6b2a058c4be", "pid": 176274, "queue": "preference", "rank": null, "requested": 4, "selected": 0, "selected_keys": [], "stale": 0, "stale_keys": [], "ts": "2026-10-04 15:54:35"}
[DBG] {"available": 0, "category": "QUEUE", "component": "queue", "event": "pop_not_enough", "host": "d6b2a058c4be", "pid": 176274, "queue": "preference", "rank": null, "requested": 4, "ts": "2026-10-04 15:54:35"}
[DBG] {"category": "QUEUE", "component": "queue", "current_version": 0, "event": "BEGIN:queue_list_for_pop", "exact": true, "host": "d6b2a058c4be", "max_lag": 3, "pid": 176274, "queue": "preference", "rank": null, "requested": 4, "ts": "2026-10-04 15:54:35"}
[DBG] {"category": "QUEUE", "component": "queue", "event": "watchdog_armed", "host": "d6b2a058c4be", "pid": 176274, "rank": null, "stage": "queue_list_for_pop", "timeout_sec": 30.0, "ts": "2026-10-04 15:54:35"}
[DBG] {"category": "QUEUE", "component": "queue", "elapsed_sec": 0.00302, "event": "END:queue_list_for_pop", "host": "d6b2a058c4be", "pid": 176274, "rank": null, "ts": "2026-10-04 15:54:35"}
[DBG] {"available": 0, "category": "QUEUE", "component": "queue", "event": "pop_scan", "exact": true, "host": "d6b2a058c4be", "pid": 176274, "queue": "preference", "rank": null, "requested": 4, "selected": 0, "selected_keys": [], "stale": 0, "stale_keys": [], "ts": "2026-10-04 15:54:35"}
[DBG] {"available": 0, "category": "QUEUE", "component": "queue", "event": "pop_not_enough", "host": "d6b2a058c4be", "pid": 176274, "queue": "preference", "rank": null, "requested": 4, "ts": "2026-10-04 15:54:35"}
[DBG] {"category": "QUEUE", "component": "queue", "current_version": 0, "event": "BEGIN:queue_list_for_pop", "exact": true, "host": "d6b2a058c4be", "max_lag": 3, "pid": 176274, "queue": "preference", "rank": null, "requested": 4, "ts": "2026-10-04 15:54:36"}
[DBG] {"category": "QUEUE", "component": "queue", "event": "watchdog_armed", "host": "d6b2a058c4be", "pid": 176274, "rank": null, "stage": "queue_list_for_pop", "timeout_sec": 30.0, "ts": "2026-10-04 15:54:36"}
[DBG] {"category": "QUEUE", "component": "queue", "elapsed_sec": 0.001076, "event": "END:queue_list_for_pop", "host": "d6b2a058c4be", "pid": 176274, "rank": null, "ts": "2026-10-04 15:54:36"}
[DBG] {"available": 0, "category": "QUEUE", "component": "queue", "event": "pop_scan", "exact": true, "host": "d6b2a058c4be", "pid": 176274, "queue": "preference", "rank": null, "requested": 4, "selected": 0, "selected_keys": [], "stale": 0, "stale_keys": [], "ts": "2026-10-04 15:54:36"}
[DBG] {"available": 0, "category": "QUEUE", "component": "queue", "event": "pop_not_enough", "host": "d6b2a058c4be", "pid": 176274, "queue": "preference", "rank": null, "requested": 4, "ts": "2026-10-04 15:54:36"}
[DBG] {"category": "QUEUE", "component": "queue", "current_version": 0, "event": "BEGIN:queue_list_for_pop", "exact": true, "host": "d6b2a058c4be", "max_lag": 3, "pid": 176274, "queue": "preference", "rank": null, "requested": 4, "ts": "2026-10-04 15:54:36"}
[DBG] {"category": "QUEUE", "component": "queue", "event": "watchdog_armed", "host": "d6b2a058c4be", "pid": 176274, "rank": null, "stage": "queue_list_for_pop", "timeout_sec": 30.0, "ts": "2026-10-04 15:54:36"}
[DBG] {"category": "QUEUE", "component": "queue", "elapsed_sec": 0.002978, "event": "END:queue_list_for_pop", "host": "d6b2a058c4be", "pid": 176274, "rank": null, "ts": "2026-10-04 15:54:36"}
[DBG] {"available": 0, "category": "QUEUE", "component": "queue", "event": "pop_scan", "exact": true, "host": "d6b2a058c4be", "pid": 176274, "queue": "preference", "rank": null, "requested": 4, "selected": 0, "selected_keys": [], "stale": 0, "stale_keys": [], "ts": "2026-10-04 15:54:36"}
[DBG] {"available": 0, "category": "QUEUE", "component": "queue", "event": "pop_not_enough", "host": "d6b2a058c4be", "pid": 176274, "queue": "preference", "rank": null, "requested": 4, "ts": "2026-10-04 15:54:36"}
[DBG] {"category": "QUEUE", "component": "queue", "current_version": 0, "event": "BEGIN:queue_list_for_pop", "exact": true, "host": "d6b2a058c4be", "max_lag": 3, "pid": 176274, "queue": "preference", "rank": null, "requested": 4, "ts": "2026-10-04 15:54:37"}
[DBG] {"category": "QUEUE", "component": "queue", "event": "watchdog_armed", "host": "d6b2a058c4be", "pid": 176274, "rank": null, "stage": "queue_list_for_pop", "timeout_sec": 30.0, "ts": "2026-10-04 15:54:37"}
[DBG] {"category": "QUEUE", "component": "queue", "elapsed_sec": 0.002289, "event": "END:queue_list_for_pop", "host": "d6b2a058c4be", "pid": 176274, "rank": null, "ts": "2026-10-04 15:54:37"}
[DBG] {"available": 0, "category": "QUEUE", "component": "queue", "event": "pop_scan", "exact": true, "host": "d6b2a058c4be", "pid": 176274, "queue": "preference", "rank": null, "requested": 4, "selected": 0, "selected_keys": [], "stale": 0, "stale_keys": [], "ts": "2026-10-04 15:54:37"}
[DBG] {"available": 0, "category": "QUEUE", "component": "queue", "event": "pop_not_enough", "host": "d6b2a058c4be", "pid": 176274, "queue": "preference", "rank": null, "requested": 4, "ts": "2026-10-04 15:54:37"}
[DBG] {"category": "QUEUE", "component": "queue", "current_version": 0, "event": "BEGIN:queue_list_for_pop", "exact": true, "host": "d6b2a058c4be", "max_lag": 3, "pid": 176274, "queue": "preference", "rank": null, "requested": 4, "ts": "2026-10-04 15:54:37"}
[DBG] {"category": "QUEUE", "component": "queue", "event": "watchdog_armed", "host": "d6b2a058c4be", "pid": 176274, "rank": null, "stage": "queue_list_for_pop", "timeout_sec": 30.0, "ts": "2026-10-04 15:54:37"}
[DBG] {"category": "QUEUE", "component": "queue", "elapsed_sec": 0.003449, "event": "END:queue_list_for_pop", "host": "d6b2a058c4be", "pid": 176274, "rank": null, "ts": "2026-10-04 15:54:37"}
[DBG] {"available": 0, "category": "QUEUE", "component": "queue", "event": "pop_scan", "exact": true, "host": "d6b2a058c4be", "pid": 176274, "queue": "preference", "rank": null, "requested": 4, "selected": 0, "selected_keys": [], "stale": 0, "stale_keys": [], "ts": "2026-10-04 15:54:37"}
[DBG] {"available": 0, "category": "QUEUE", "component": "queue", "event": "pop_not_enough", "host": "d6b2a058c4be", "pid": 176274, "queue": "preference", "rank": null, "requested": 4, "ts": "2026-10-04 15:54:37"}
[DBG] {"category": "QUEUE", "component": "queue", "current_version": 0, "event": "BEGIN:queue_list_for_pop", "exact": true, "host": "d6b2a058c4be", "max_lag": 3, "pid": 176274, "queue": "preference", "rank": null, "requested": 4, "ts": "2026-10-04 15:54:38"}
[DBG] {"category": "QUEUE", "component": "queue", "event": "watchdog_armed", "host": "d6b2a058c4be", "pid": 176274, "rank": null, "stage": "queue_list_for_pop", "timeout_sec": 30.0, "ts": "2026-10-04 15:54:38"}
[DBG] {"category": "QUEUE", "component": "queue", "elapsed_sec": 0.002929, "event": "END:queue_list_for_pop", "host": "d6b2a058c4be", "pid": 176274, "rank": null, "ts": "2026-10-04 15:54:38"}
[DBG] {"available": 0, "category": "QUEUE", "component": "queue", "event": "pop_scan", "exact": true, "host": "d6b2a058c4be", "pid": 176274, "queue": "preference", "rank": null, "requested": 4, "selected": 0, "selected_keys": [], "stale": 0, "stale_keys": [], "ts": "2026-10-04 15:54:38"}
[DBG] {"available": 0, "category": "QUEUE", "component": "queue", "event": "pop_not_enough", "host": "d6b2a058c4be", "pid": 176274, "queue": "preference", "rank": null, "requested": 4, "ts": "2026-10-04 15:54:38"}
[DBG] {"category": "QUEUE", "component": "queue", "current_version": 0, "event": "BEGIN:queue_list_for_pop", "exact": true, "host": "d6b2a058c4be", "max_lag": 3, "pid": 176274, "queue": "preference", "rank": null, "requested": 4, "ts": "2026-10-04 15:54:38"}
[DBG] {"category": "QUEUE", "component": "queue", "event": "watchdog_armed", "host": "d6b2a058c4be", "pid": 176274, "rank": null, "stage": "queue_list_for_pop", "timeout_sec": 30.0, "ts": "2026-10-04 15:54:38"}
[DBG] {"category": "QUEUE", "component": "queue", "elapsed_sec": 0.002749, "event": "END:queue_list_for_pop", "host": "d6b2a058c4be", "pid": 176274, "rank": null, "ts": "2026-10-04 15:54:38"}
[DBG] {"available": 0, "category": "QUEUE", "component": "queue", "event": "pop_scan", "exact": true, "host": "d6b2a058c4be", "pid": 176274, "queue": "preference", "rank": null, "requested": 4, "selected": 0, "selected_keys": [], "stale": 0, "stale_keys": [], "ts": "2026-10-04 15:54:38"}
[DBG] {"available": 0, "category": "QUEUE", "component": "queue", "event": "pop_not_enough", "host": "d6b2a058c4be", "pid": 176274, "queue": "preference", "rank": null, "requested": 4, "ts": "2026-10-04 15:54:38"}
[DBG] {"category": "QUEUE", "component": "queue", "current_version": 0, "event": "BEGIN:queue_list_for_pop", "exact": true, "host": "d6b2a058c4be", "max_lag": 3, "pid": 176274, "queue": "preference", "rank": null, "requested": 4, "ts": "2026-10-04 15:54:39"}
[DBG] {"category": "QUEUE", "component": "queue", "event": "watchdog_armed", "host": "d6b2a058c4be", "pid": 176274, "rank": null, "stage": "queue_list_for_pop", "timeout_sec": 30.0, "ts": "2026-10-04 15:54:39"}
[DBG] {"category": "QUEUE", "component": "queue", "elapsed_sec": 0.002319, "event": "END:queue_list_for_pop", "host": "d6b2a058c4be", "pid": 176274, "rank": null, "ts": "2026-10-04 15:54:39"}
[DBG] {"available": 0, "category": "QUEUE", "component": "queue", "event": "pop_scan", "exact": true, "host": "d6b2a058c4be", "pid": 176274, "queue": "preference", "rank": null, "requested": 4, "selected": 0, "selected_keys": [], "stale": 0, "stale_keys": [], "ts": "2026-10-04 15:54:39"}
[DBG] {"available": 0, "category": "QUEUE", "component": "queue", "event": "pop_not_enough", "host": "d6b2a058c4be", "pid": 176274, "queue": "preference", "rank": null, "requested": 4, "ts": "2026-10-04 15:54:39"}
[DBG] {"category": "QUEUE", "component": "queue", "current_version": 0, "event": "BEGIN:queue_list_for_pop", "exact": true, "host": "d6b2a058c4be", "max_lag": 3, "pid": 176274, "queue": "preference", "rank": null, "requested": 4, "ts": "2026-10-04 15:54:39"}
[DBG] {"category": "QUEUE", "component": "queue", "event": "watchdog_armed", "host": "d6b2a058c4be", "pid": 176274, "rank": null, "stage": "queue_list_for_pop", "timeout_sec": 30.0, "ts": "2026-10-04 15:54:39"}
[DBG] {"category": "QUEUE", "component": "queue", "elapsed_sec": 0.003147, "event": "END:queue_list_for_pop", "host": "d6b2a058c4be", "pid": 176274, "rank": null, "ts": "2026-10-04 15:54:39"}
[DBG] {"available": 0, "category": "QUEUE", "component": "queue", "event": "pop_scan", "exact": true, "host": "d6b2a058c4be", "pid": 176274, "queue": "preference", "rank": null, "requested": 4, "selected": 0, "selected_keys": [], "stale": 0, "stale_keys": [], "ts": "2026-10-04 15:54:39"}
[DBG] {"available": 0, "category": "QUEUE", "component": "queue", "event": "pop_not_enough", "host": "d6b2a058c4be", "pid": 176274, "queue": "preference", "rank": null, "requested": 4, "ts": "2026-10-04 15:54:39"}
[DBG] {"category": "QUEUE", "component": "queue", "current_version": 0, "event": "BEGIN:queue_list_for_pop", "exact": true, "host": "d6b2a058c4be", "max_lag": 3, "pid": 176274, "queue": "preference", "rank": null, "requested": 4, "ts": "2026-10-04 15:54:40"}
[DBG] {"category": "QUEUE", "component": "queue", "event": "watchdog_armed", "host": "d6b2a058c4be", "pid": 176274, "rank": null, "stage": "queue_list_for_pop", "timeout_sec": 30.0, "ts": "2026-10-04 15:54:40"}
[DBG] {"category": "QUEUE", "component": "queue", "elapsed_sec": 0.002691, "event": "END:queue_list_for_pop", "host": "d6b2a058c4be", "pid": 176274, "rank": null, "ts": "2026-10-04 15:54:40"}
[DBG] {"available": 0, "category": "QUEUE", "component": "queue", "event": "pop_scan", "exact": true, "host": "d6b2a058c4be", "pid": 176274, "queue": "preference", "rank": null, "requested": 4, "selected": 0, "selected_keys": [], "stale": 0, "stale_keys": [], "ts": "2026-10-04 15:54:40"}
[DBG] {"available": 0, "category": "QUEUE", "component": "queue", "event": "pop_not_enough", "host": "d6b2a058c4be", "pid": 176274, "queue": "preference", "rank": null, "requested": 4, "ts": "2026-10-04 15:54:40"}
[DBG] {"category": "QUEUE", "component": "queue", "current_version": 0, "event": "BEGIN:queue_list_for_pop", "exact": true, "host": "d6b2a058c4be", "max_lag": 3, "pid": 176274, "queue": "preference", "rank": null, "requested": 4, "ts": "2026-10-04 15:54:40"}
[DBG] {"category": "QUEUE", "component": "queue", "event": "watchdog_armed", "host": "d6b2a058c4be", "pid": 176274, "rank": null, "stage": "queue_list_for_pop", "timeout_sec": 30.0, "ts": "2026-10-04 15:54:40"}
[DBG] {"category": "QUEUE", "component": "queue", "elapsed_sec": 0.00223, "event": "END:queue_list_for_pop", "host": "d6b2a058c4be", "pid": 176274, "rank": null, "ts": "2026-10-04 15:54:40"}
[DBG] {"available": 0, "category": "QUEUE", "component": "queue", "event": "pop_scan", "exact": true, "host": "d6b2a058c4be", "pid": 176274, "queue": "preference", "rank": null, "requested": 4, "selected": 0, "selected_keys": [], "stale": 0, "stale_keys": [], "ts": "2026-10-04 15:54:40"}
[DBG] {"available": 0, "category": "QUEUE", "component": "queue", "event": "pop_not_enough", "host": "d6b2a058c4be", "pid": 176274, "queue": "preference", "rank": null, "requested": 4, "ts": "2026-10-04 15:54:40"}
[DBG] {"category": "QUEUE", "component": "queue", "current_version": 0, "event": "BEGIN:queue_list_for_pop", "exact": true, "host": "d6b2a058c4be", "max_lag": 3, "pid": 176274, "queue": "preference", "rank": null, "requested": 4, "ts": "2026-10-04 15:54:41"}
[DBG] {"category": "QUEUE", "component": "queue", "event": "watchdog_armed", "host": "d6b2a058c4be", "pid": 176274, "rank": null, "stage": "queue_list_for_pop", "timeout_sec": 30.0, "ts": "2026-10-04 15:54:41"}
[DBG] {"category": "QUEUE", "component": "queue", "elapsed_sec": 0.002258, "event": "END:queue_list_for_pop", "host": "d6b2a058c4be", "pid": 176274, "rank": null, "ts": "2026-10-04 15:54:41"}
[DBG] {"available": 0, "category": "QUEUE", "component": "queue", "event": "pop_scan", "exact": true, "host": "d6b2a058c4be", "pid": 176274, "queue": "preference", "rank": null, "requested": 4, "selected": 0, "selected_keys": [], "stale": 0, "stale_keys": [], "ts": "2026-10-04 15:54:41"}
[DBG] {"available": 0, "category": "QUEUE", "component": "queue", "event": "pop_not_enough", "host": "d6b2a058c4be", "pid": 176274, "queue": "preference", "rank": null, "requested": 4, "ts": "2026-10-04 15:54:41"}
[DBG] {"category": "QUEUE", "component": "queue", "current_version": 0, "event": "BEGIN:queue_list_for_pop", "exact": true, "host": "d6b2a058c4be", "max_lag": 3, "pid": 176274, "queue": "preference", "rank": null, "requested": 4, "ts": "2026-10-04 15:54:41"}
[DBG] {"category": "QUEUE", "component": "queue", "event": "watchdog_armed", "host": "d6b2a058c4be", "pid": 176274, "rank": null, "stage": "queue_list_for_pop", "timeout_sec": 30.0, "ts": "2026-10-04 15:54:41"}
[DBG] {"category": "QUEUE", "component": "queue", "elapsed_sec": 0.001887, "event": "END:queue_list_for_pop", "host": "d6b2a058c4be", "pid": 176274, "rank": null, "ts": "2026-10-04 15:54:41"}
[DBG] {"available": 0, "category": "QUEUE", "component": "queue", "event": "pop_scan", "exact": true, "host": "d6b2a058c4be", "pid": 176274, "queue": "preference", "rank": null, "requested": 4, "selected": 0, "selected_keys": [], "stale": 0, "stale_keys": [], "ts": "2026-10-04 15:54:41"}
[DBG] {"available": 0, "category": "QUEUE", "component": "queue", "event": "pop_not_enough", "host": "d6b2a058c4be", "pid": 176274, "queue": "preference", "rank": null, "requested": 4, "ts": "2026-10-04 15:54:41"}
[DBG] {"category": "QUEUE", "component": "queue", "current_version": 0, "event": "BEGIN:queue_list_for_pop", "exact": true, "host": "d6b2a058c4be", "max_lag": 3, "pid": 176274, "queue": "preference", "rank": null, "requested": 4, "ts": "2026-10-04 15:54:42"}
[DBG] {"category": "QUEUE", "component": "queue", "event": "watchdog_armed", "host": "d6b2a058c4be", "pid": 176274, "rank": null, "stage": "queue_list_for_pop", "timeout_sec": 30.0, "ts": "2026-10-04 15:54:42"}
[DBG] {"category": "QUEUE", "component": "queue", "elapsed_sec": 0.002723, "event": "END:queue_list_for_pop", "host": "d6b2a058c4be", "pid": 176274, "rank": null, "ts": "2026-10-04 15:54:42"}
[DBG] {"available": 0, "category": "QUEUE", "component": "queue", "event": "pop_scan", "exact": true, "host": "d6b2a058c4be", "pid": 176274, "queue": "preference", "rank": null, "requested": 4, "selected": 0, "selected_keys": [], "stale": 0, "stale_keys": [], "ts": "2026-10-04 15:54:42"}
[DBG] {"available": 0, "category": "QUEUE", "component": "queue", "event": "pop_not_enough", "host": "d6b2a058c4be", "pid": 176274, "queue": "preference", "rank": null, "requested": 4, "ts": "2026-10-04 15:54:42"}
[DBG] {"category": "QUEUE", "component": "queue", "current_version": 0, "event": "BEGIN:queue_list_for_pop", "exact": true, "host": "d6b2a058c4be", "max_lag": 3, "pid": 176274, "queue": "preference", "rank": null, "requested": 4, "ts": "2026-10-04 15:54:42"}
[DBG] {"category": "QUEUE", "component": "queue", "event": "watchdog_armed", "host": "d6b2a058c4be", "pid": 176274, "rank": null, "stage": "queue_list_for_pop", "timeout_sec": 30.0, "ts": "2026-10-04 15:54:42"}
[DBG] {"category": "QUEUE", "component": "queue", "elapsed_sec": 0.00256, "event": "END:queue_list_for_pop", "host": "d6b2a058c4be", "pid": 176274, "rank": null, "ts": "2026-10-04 15:54:42"}
[DBG] {"available": 0, "category": "QUEUE", "component": "queue", "event": "pop_scan", "exact": true, "host": "d6b2a058c4be", "pid": 176274, "queue": "preference", "rank": null, "requested": 4, "selected": 0, "selected_keys": [], "stale": 0, "stale_keys": [], "ts": "2026-10-04 15:54:42"}
[DBG] {"available": 0, "category": "QUEUE", "component": "queue", "event": "pop_not_enough", "host": "d6b2a058c4be", "pid": 176274, "queue": "preference", "rank": null, "requested": 4, "ts": "2026-10-04 15:54:42"}
[DBG] {"category": "QUEUE", "component": "queue", "current_version": 0, "event": "BEGIN:queue_list_for_pop", "exact": true, "host": "d6b2a058c4be", "max_lag": 3, "pid": 176274, "queue": "preference", "rank": null, "requested": 4, "ts": "2026-10-04 15:54:43"}
[DBG] {"category": "QUEUE", "component": "queue", "event": "watchdog_armed", "host": "d6b2a058c4be", "pid": 176274, "rank": null, "stage": "queue_list_for_pop", "timeout_sec": 30.0, "ts": "2026-10-04 15:54:43"}
[DBG] {"category": "QUEUE", "component": "queue", "elapsed_sec": 0.002324, "event": "END:queue_list_for_pop", "host": "d6b2a058c4be", "pid": 176274, "rank": null, "ts": "2026-10-04 15:54:43"}
[DBG] {"available": 0, "category": "QUEUE", "component": "queue", "event": "pop_scan", "exact": true, "host": "d6b2a058c4be", "pid": 176274, "queue": "preference", "rank": null, "requested": 4, "selected": 0, "selected_keys": [], "stale": 0, "stale_keys": [], "ts": "2026-10-04 15:54:43"}
[DBG] {"available": 0, "category": "QUEUE", "component": "queue", "event": "pop_not_enough", "host": "d6b2a058c4be", "pid": 176274, "queue": "preference", "rank": null, "requested": 4, "ts": "2026-10-04 15:54:43"}
[DBG] {"category": "QUEUE", "component": "queue", "current_version": 0, "event": "BEGIN:queue_list_for_pop", "exact": true, "host": "d6b2a058c4be", "max_lag": 3, "pid": 176274, "queue": "preference", "rank": null, "requested": 4, "ts": "2026-10-04 15:54:43"}
[DBG] {"category": "QUEUE", "component": "queue", "event": "watchdog_armed", "host": "d6b2a058c4be", "pid": 176274, "rank": null, "stage": "queue_list_for_pop", "timeout_sec": 30.0, "ts": "2026-10-04 15:54:43"}
[DBG] {"category": "QUEUE", "component": "queue", "elapsed_sec": 0.002212, "event": "END:queue_list_for_pop", "host": "d6b2a058c4be", "pid": 176274, "rank": null, "ts": "2026-10-04 15:54:43"}
[DBG] {"available": 0, "category": "QUEUE", "component": "queue", "event": "pop_scan", "exact": true, "host": "d6b2a058c4be", "pid": 176274, "queue": "preference", "rank": null, "requested": 4, "selected": 0, "selected_keys": [], "stale": 0, "stale_keys": [], "ts": "2026-10-04 15:54:43"}
[DBG] {"available": 0, "category": "QUEUE", "component": "queue", "event": "pop_not_enough", "host": "d6b2a058c4be", "pid": 176274, "queue": "preference", "rank": null, "requested": 4, "ts": "2026-10-04 15:54:43"}
[DBG] {"category": "QUEUE", "component": "queue", "current_version": 0, "event": "BEGIN:queue_list_for_pop", "exact": true, "host": "d6b2a058c4be", "max_lag": 3, "pid": 176274, "queue": "preference", "rank": null, "requested": 4, "ts": "2026-10-04 15:54:44"}
[DBG] {"category": "QUEUE", "component": "queue", "event": "watchdog_armed", "host": "d6b2a058c4be", "pid": 176274, "rank": null, "stage": "queue_list_for_pop", "timeout_sec": 30.0, "ts": "2026-10-04 15:54:44"}
[DBG] {"category": "QUEUE", "component": "queue", "elapsed_sec": 0.002369, "event": "END:queue_list_for_pop", "host": "d6b2a058c4be", "pid": 176274, "rank": null, "ts": "2026-10-04 15:54:44"}
[DBG] {"available": 0, "category": "QUEUE", "component": "queue", "event": "pop_scan", "exact": true, "host": "d6b2a058c4be", "pid": 176274, "queue": "preference", "rank": null, "requested": 4, "selected": 0, "selected_keys": [], "stale": 0, "stale_keys": [], "ts": "2026-10-04 15:54:44"}
[DBG] {"available": 0, "category": "QUEUE", "component": "queue", "event": "pop_not_enough", "host": "d6b2a058c4be", "pid": 176274, "queue": "preference", "rank": null, "requested": 4, "ts": "2026-10-04 15:54:44"}
[DBG] {"category": "QUEUE", "component": "queue", "current_version": 0, "event": "BEGIN:queue_list_for_pop", "exact": true, "host": "d6b2a058c4be", "max_lag": 3, "pid": 176274, "queue": "preference", "rank": null, "requested": 4, "ts": "2026-10-04 15:54:45"}
[DBG] {"category": "QUEUE", "component": "queue", "event": "watchdog_armed", "host": "d6b2a058c4be", "pid": 176274, "rank": null, "stage": "queue_list_for_pop", "timeout_sec": 30.0, "ts": "2026-10-04 15:54:45"}
[DBG] {"category": "QUEUE", "component": "queue", "elapsed_sec": 0.002657, "event": "END:queue_list_for_pop", "host": "d6b2a058c4be", "pid": 176274, "rank": null, "ts": "2026-10-04 15:54:45"}
[DBG] {"available": 0, "category": "QUEUE", "component": "queue", "event": "pop_scan", "exact": true, "host": "d6b2a058c4be", "pid": 176274, "queue": "preference", "rank": null, "requested": 4, "selected": 0, "selected_keys": [], "stale": 0, "stale_keys": [], "ts": "2026-10-04 15:54:45"}
[DBG] {"available": 0, "category": "QUEUE", "component": "queue", "event": "pop_not_enough", "host": "d6b2a058c4be", "pid": 176274, "queue": "preference", "rank": null, "requested": 4, "ts": "2026-10-04 15:54:45"}
[DBG] {"category": "QUEUE", "component": "queue", "current_version": 0, "event": "BEGIN:queue_list_for_pop", "exact": true, "host": "d6b2a058c4be", "max_lag": 3, "pid": 176274, "queue": "preference", "rank": null, "requested": 4, "ts": "2026-10-04 15:54:45"}
[DBG] {"category": "QUEUE", "component": "queue", "event": "watchdog_armed", "host": "d6b2a058c4be", "pid": 176274, "rank": null, "stage": "queue_list_for_pop", "timeout_sec": 30.0, "ts": "2026-10-04 15:54:45"}
[DBG] {"category": "QUEUE", "component": "queue", "elapsed_sec": 0.00317, "event": "END:queue_list_for_pop", "host": "d6b2a058c4be", "pid": 176274, "rank": null, "ts": "2026-10-04 15:54:45"}
[DBG] {"available": 0, "category": "QUEUE", "component": "queue", "event": "pop_scan", "exact": true, "host": "d6b2a058c4be", "pid": 176274, "queue": "preference", "rank": null, "requested": 4, "selected": 0, "selected_keys": [], "stale": 0, "stale_keys": [], "ts": "2026-10-04 15:54:45"}
[DBG] {"available": 0, "category": "QUEUE", "component": "queue", "event": "pop_not_enough", "host": "d6b2a058c4be", "pid": 176274, "queue": "preference", "rank": null, "requested": 4, "ts": "2026-10-04 15:54:45"}
[DBG] {"category": "QUEUE", "component": "queue", "current_version": 0, "event": "BEGIN:queue_list_for_pop", "exact": true, "host": "d6b2a058c4be", "max_lag": 3, "pid": 176274, "queue": "preference", "rank": null, "requested": 4, "ts": "2026-10-04 15:54:46"}
[DBG] {"category": "QUEUE", "component": "queue", "event": "watchdog_armed", "host": "d6b2a058c4be", "pid": 176274, "rank": null, "stage": "queue_list_for_pop", "timeout_sec": 30.0, "ts": "2026-10-04 15:54:46"}
[DBG] {"category": "QUEUE", "component": "queue", "elapsed_sec": 0.002879, "event": "END:queue_list_for_pop", "host": "d6b2a058c4be", "pid": 176274, "rank": null, "ts": "2026-10-04 15:54:46"}
[DBG] {"available": 0, "category": "QUEUE", "component": "queue", "event": "pop_scan", "exact": true, "host": "d6b2a058c4be", "pid": 176274, "queue": "preference", "rank": null, "requested": 4, "selected": 0, "selected_keys": [], "stale": 0, "stale_keys": [], "ts": "2026-10-04 15:54:46"}
[DBG] {"available": 0, "category": "QUEUE", "component": "queue", "event": "pop_not_enough", "host": "d6b2a058c4be", "pid": 176274, "queue": "preference", "rank": null, "requested": 4, "ts": "2026-10-04 15:54:46"}
[DBG] {"category": "QUEUE", "component": "queue", "current_version": 0, "event": "BEGIN:queue_list_for_pop", "exact": true, "host": "d6b2a058c4be", "max_lag": 3, "pid": 176274, "queue": "preference", "rank": null, "requested": 4, "ts": "2026-10-04 15:54:46"}
[DBG] {"category": "QUEUE", "component": "queue", "event": "watchdog_armed", "host": "d6b2a058c4be", "pid": 176274, "rank": null, "stage": "queue_list_for_pop", "timeout_sec": 30.0, "ts": "2026-10-04 15:54:46"}
[DBG] {"category": "QUEUE", "component": "queue", "elapsed_sec": 0.001831, "event": "END:queue_list_for_pop", "host": "d6b2a058c4be", "pid": 176274, "rank": null, "ts": "2026-10-04 15:54:46"}
[DBG] {"available": 0, "category": "QUEUE", "component": "queue", "event": "pop_scan", "exact": true, "host": "d6b2a058c4be", "pid": 176274, "queue": "preference", "rank": null, "requested": 4, "selected": 0, "selected_keys": [], "stale": 0, "stale_keys": [], "ts": "2026-10-04 15:54:46"}
[DBG] {"available": 0, "category": "QUEUE", "component": "queue", "event": "pop_not_enough", "host": "d6b2a058c4be", "pid": 176274, "queue": "preference", "rank": null, "requested": 4, "ts": "2026-10-04 15:54:46"}
[DBG] {"category": "QUEUE", "component": "queue", "current_version": 0, "event": "BEGIN:queue_list_for_pop", "exact": true, "host": "d6b2a058c4be", "max_lag": 3, "pid": 176274, "queue": "preference", "rank": null, "requested": 4, "ts": "2026-10-04 15:54:47"}
[DBG] {"category": "QUEUE", "component": "queue", "event": "watchdog_armed", "host": "d6b2a058c4be", "pid": 176274, "rank": null, "stage": "queue_list_for_pop", "timeout_sec": 30.0, "ts": "2026-10-04 15:54:47"}
[DBG] {"category": "QUEUE", "component": "queue", "elapsed_sec": 0.00327, "event": "END:queue_list_for_pop", "host": "d6b2a058c4be", "pid": 176274, "rank": null, "ts": "2026-10-04 15:54:47"}
[DBG] {"available": 0, "category": "QUEUE", "component": "queue", "event": "pop_scan", "exact": true, "host": "d6b2a058c4be", "pid": 176274, "queue": "preference", "rank": null, "requested": 4, "selected": 0, "selected_keys": [], "stale": 0, "stale_keys": [], "ts": "2026-10-04 15:54:47"}
[DBG] {"available": 0, "category": "QUEUE", "component": "queue", "event": "pop_not_enough", "host": "d6b2a058c4be", "pid": 176274, "queue": "preference", "rank": null, "requested": 4, "ts": "2026-10-04 15:54:47"}
[DBG] {"category": "QUEUE", "component": "queue", "current_version": 0, "event": "BEGIN:queue_list_for_pop", "exact": true, "host": "d6b2a058c4be", "max_lag": 3, "pid": 176274, "queue": "preference", "rank": null, "requested": 4, "ts": "2026-10-04 15:54:47"}
[DBG] {"category": "QUEUE", "component": "queue", "event": "watchdog_armed", "host": "d6b2a058c4be", "pid": 176274, "rank": null, "stage": "queue_list_for_pop", "timeout_sec": 30.0, "ts": "2026-10-04 15:54:47"}
[DBG] {"category": "QUEUE", "component": "queue", "elapsed_sec": 0.003288, "event": "END:queue_list_for_pop", "host": "d6b2a058c4be", "pid": 176274, "rank": null, "ts": "2026-10-04 15:54:47"}
[DBG] {"available": 0, "category": "QUEUE", "component": "queue", "event": "pop_scan", "exact": true, "host": "d6b2a058c4be", "pid": 176274, "queue": "preference", "rank": null, "requested": 4, "selected": 0, "selected_keys": [], "stale": 0, "stale_keys": [], "ts": "2026-10-04 15:54:47"}
[DBG] {"available": 0, "category": "QUEUE", "component": "queue", "event": "pop_not_enough", "host": "d6b2a058c4be", "pid": 176274, "queue": "preference", "rank": null, "requested": 4, "ts": "2026-10-04 15:54:47"}
[DBG] {"category": "QUEUE", "component": "queue", "current_version": 0, "event": "BEGIN:queue_list_for_pop", "exact": true, "host": "d6b2a058c4be", "max_lag": 3, "pid": 176274, "queue": "preference", "rank": null, "requested": 4, "ts": "2026-10-04 15:54:48"}
[DBG] {"category": "QUEUE", "component": "queue", "event": "watchdog_armed", "host": "d6b2a058c4be", "pid": 176274, "rank": null, "stage": "queue_list_for_pop", "timeout_sec": 30.0, "ts": "2026-10-04 15:54:48"}
[DBG] {"category": "QUEUE", "component": "queue", "elapsed_sec": 0.001816, "event": "END:queue_list_for_pop", "host": "d6b2a058c4be", "pid": 176274, "rank": null, "ts": "2026-10-04 15:54:48"}
[DBG] {"available": 0, "category": "QUEUE", "component": "queue", "event": "pop_scan", "exact": true, "host": "d6b2a058c4be", "pid": 176274, "queue": "preference", "rank": null, "requested": 4, "selected": 0, "selected_keys": [], "stale": 0, "stale_keys": [], "ts": "2026-10-04 15:54:48"}
[DBG] {"available": 0, "category": "QUEUE", "component": "queue", "event": "pop_not_enough", "host": "d6b2a058c4be", "pid": 176274, "queue": "preference", "rank": null, "requested": 4, "ts": "2026-10-04 15:54:48"}
[DBG] {"category": "QUEUE", "component": "queue", "current_version": 0, "event": "BEGIN:queue_list_for_pop", "exact": true, "host": "d6b2a058c4be", "max_lag": 3, "pid": 176274, "queue": "preference", "rank": null, "requested": 4, "ts": "2026-10-04 15:54:48"}
[DBG] {"category": "QUEUE", "component": "queue", "event": "watchdog_armed", "host": "d6b2a058c4be", "pid": 176274, "rank": null, "stage": "queue_list_for_pop", "timeout_sec": 30.0, "ts": "2026-10-04 15:54:48"}
[DBG] {"category": "QUEUE", "component": "queue", "elapsed_sec": 0.002568, "event": "END:queue_list_for_pop", "host": "d6b2a058c4be", "pid": 176274, "rank": null, "ts": "2026-10-04 15:54:48"}
[DBG] {"available": 0, "category": "QUEUE", "component": "queue", "event": "pop_scan", "exact": true, "host": "d6b2a058c4be", "pid": 176274, "queue": "preference", "rank": null, "requested": 4, "selected": 0, "selected_keys": [], "stale": 0, "stale_keys": [], "ts": "2026-10-04 15:54:48"}
[DBG] {"available": 0, "category": "QUEUE", "component": "queue", "event": "pop_not_enough", "host": "d6b2a058c4be", "pid": 176274, "queue": "preference", "rank": null, "requested": 4, "ts": "2026-10-04 15:54:48"}
[DBG] {"category": "QUEUE", "component": "queue", "current_version": 0, "event": "BEGIN:queue_list_for_pop", "exact": true, "host": "d6b2a058c4be", "max_lag": 3, "pid": 176274, "queue": "preference", "rank": null, "requested": 4, "ts": "2026-10-04 15:54:49"}
[DBG] {"category": "QUEUE", "component": "queue", "event": "watchdog_armed", "host": "d6b2a058c4be", "pid": 176274, "rank": null, "stage": "queue_list_for_pop", "timeout_sec": 30.0, "ts": "2026-10-04 15:54:49"}
[DBG] {"category": "QUEUE", "component": "queue", "elapsed_sec": 0.002961, "event": "END:queue_list_for_pop", "host": "d6b2a058c4be", "pid": 176274, "rank": null, "ts": "2026-10-04 15:54:49"}
[DBG] {"available": 0, "category": "QUEUE", "component": "queue", "event": "pop_scan", "exact": true, "host": "d6b2a058c4be", "pid": 176274, "queue": "preference", "rank": null, "requested": 4, "selected": 0, "selected_keys": [], "stale": 0, "stale_keys": [], "ts": "2026-10-04 15:54:49"}
[DBG] {"available": 0, "category": "QUEUE", "component": "queue", "event": "pop_not_enough", "host": "d6b2a058c4be", "pid": 176274, "queue": "preference", "rank": null, "requested": 4, "ts": "2026-10-04 15:54:49"}
[DBG] {"category": "QUEUE", "component": "queue", "current_version": 0, "event": "BEGIN:queue_list_for_pop", "exact": true, "host": "d6b2a058c4be", "max_lag": 3, "pid": 176274, "queue": "preference", "rank": null, "requested": 4, "ts": "2026-10-04 15:54:49"}
[DBG] {"category": "QUEUE", "component": "queue", "event": "watchdog_armed", "host": "d6b2a058c4be", "pid": 176274, "rank": null, "stage": "queue_list_for_pop", "timeout_sec": 30.0, "ts": "2026-10-04 15:54:49"}
[DBG] {"category": "QUEUE", "component": "queue", "elapsed_sec": 0.0011, "event": "END:queue_list_for_pop", "host": "d6b2a058c4be", "pid": 176274, "rank": null, "ts": "2026-10-04 15:54:49"}
[DBG] {"available": 0, "category": "QUEUE", "component": "queue", "event": "pop_scan", "exact": true, "host": "d6b2a058c4be", "pid": 176274, "queue": "preference", "rank": null, "requested": 4, "selected": 0, "selected_keys": [], "stale": 0, "stale_keys": [], "ts": "2026-10-04 15:54:49"}
[DBG] {"available": 0, "category": "QUEUE", "component": "queue", "event": "pop_not_enough", "host": "d6b2a058c4be", "pid": 176274, "queue": "preference", "rank": null, "requested": 4, "ts": "2026-10-04 15:54:49"}
[DBG] {"category": "QUEUE", "component": "queue", "current_version": 0, "event": "BEGIN:queue_list_for_pop", "exact": true, "host": "d6b2a058c4be", "max_lag": 3, "pid": 176274, "queue": "preference", "rank": null, "requested": 4, "ts": "2026-10-04 15:54:50"}
[DBG] {"category": "QUEUE", "component": "queue", "event": "watchdog_armed", "host": "d6b2a058c4be", "pid": 176274, "rank": null, "stage": "queue_list_for_pop", "timeout_sec": 30.0, "ts": "2026-10-04 15:54:50"}
[DBG] {"category": "QUEUE", "component": "queue", "elapsed_sec": 0.001828, "event": "END:queue_list_for_pop", "host": "d6b2a058c4be", "pid": 176274, "rank": null, "ts": "2026-10-04 15:54:50"}
[DBG] {"available": 0, "category": "QUEUE", "component": "queue", "event": "pop_scan", "exact": true, "host": "d6b2a058c4be", "pid": 176274, "queue": "preference", "rank": null, "requested": 4, "selected": 0, "selected_keys": [], "stale": 0, "stale_keys": [], "ts": "2026-10-04 15:54:50"}
[DBG] {"available": 0, "category": "QUEUE", "component": "queue", "event": "pop_not_enough", "host": "d6b2a058c4be", "pid": 176274, "queue": "preference", "rank": null, "requested": 4, "ts": "2026-10-04 15:54:50"}
[DBG] {"category": "QUEUE", "component": "queue", "current_version": 0, "event": "BEGIN:queue_list_for_pop", "exact": true, "host": "d6b2a058c4be", "max_lag": 3, "pid": 176274, "queue": "preference", "rank": null, "requested": 4, "ts": "2026-10-04 15:54:50"}
[DBG] {"category": "QUEUE", "component": "queue", "event": "watchdog_armed", "host": "d6b2a058c4be", "pid": 176274, "rank": null, "stage": "queue_list_for_pop", "timeout_sec": 30.0, "ts": "2026-10-04 15:54:50"}
[DBG] {"category": "QUEUE", "component": "queue", "elapsed_sec": 0.001432, "event": "END:queue_list_for_pop", "host": "d6b2a058c4be", "pid": 176274, "rank": null, "ts": "2026-10-04 15:54:50"}
[DBG] {"available": 0, "category": "QUEUE", "component": "queue", "event": "pop_scan", "exact": true, "host": "d6b2a058c4be", "pid": 176274, "queue": "preference", "rank": null, "requested": 4, "selected": 0, "selected_keys": [], "stale": 0, "stale_keys": [], "ts": "2026-10-04 15:54:50"}
[DBG] {"available": 0, "category": "QUEUE", "component": "queue", "event": "pop_not_enough", "host": "d6b2a058c4be", "pid": 176274, "queue": "preference", "rank": null, "requested": 4, "ts": "2026-10-04 15:54:50"}
[DBG] {"category": "QUEUE", "component": "queue", "current_version": 0, "event": "BEGIN:queue_list_for_pop", "exact": true, "host": "d6b2a058c4be", "max_lag": 3, "pid": 176274, "queue": "preference", "rank": null, "requested": 4, "ts": "2026-10-04 15:54:51"}
[DBG] {"category": "QUEUE", "component": "queue", "event": "watchdog_armed", "host": "d6b2a058c4be", "pid": 176274, "rank": null, "stage": "queue_list_for_pop", "timeout_sec": 30.0, "ts": "2026-10-04 15:54:51"}
[DBG] {"category": "QUEUE", "component": "queue", "elapsed_sec": 0.001825, "event": "END:queue_list_for_pop", "host": "d6b2a058c4be", "pid": 176274, "rank": null, "ts": "2026-10-04 15:54:51"}
[DBG] {"available": 0, "category": "QUEUE", "component": "queue", "event": "pop_scan", "exact": true, "host": "d6b2a058c4be", "pid": 176274, "queue": "preference", "rank": null, "requested": 4, "selected": 0, "selected_keys": [], "stale": 0, "stale_keys": [], "ts": "2026-10-04 15:54:51"}
[DBG] {"available": 0, "category": "QUEUE", "component": "queue", "event": "pop_not_enough", "host": "d6b2a058c4be", "pid": 176274, "queue": "preference", "rank": null, "requested": 4, "ts": "2026-10-04 15:54:51"}
[DBG] {"category": "QUEUE", "component": "queue", "current_version": 0, "event": "BEGIN:queue_list_for_pop", "exact": true, "host": "d6b2a058c4be", "max_lag": 3, "pid": 176274, "queue": "preference", "rank": null, "requested": 4, "ts": "2026-10-04 15:54:51"}
[DBG] {"category": "QUEUE", "component": "queue", "event": "watchdog_armed", "host": "d6b2a058c4be", "pid": 176274, "rank": null, "stage": "queue_list_for_pop", "timeout_sec": 30.0, "ts": "2026-10-04 15:54:51"}
[DBG] {"category": "QUEUE", "component": "queue", "elapsed_sec": 0.002103, "event": "END:queue_list_for_pop", "host": "d6b2a058c4be", "pid": 176274, "rank": null, "ts": "2026-10-04 15:54:51"}
[DBG] {"available": 0, "category": "QUEUE", "component": "queue", "event": "pop_scan", "exact": true, "host": "d6b2a058c4be", "pid": 176274, "queue": "preference", "rank": null, "requested": 4, "selected": 0, "selected_keys": [], "stale": 0, "stale_keys": [], "ts": "2026-10-04 15:54:51"}
[DBG] {"available": 0, "category": "QUEUE", "component": "queue", "event": "pop_not_enough", "host": "d6b2a058c4be", "pid": 176274, "queue": "preference", "rank": null, "requested": 4, "ts": "2026-10-04 15:54:51"}
[DBG] {"category": "QUEUE", "component": "queue", "current_version": 0, "event": "BEGIN:queue_list_for_pop", "exact": true, "host": "d6b2a058c4be", "max_lag": 3, "pid": 176274, "queue": "preference", "rank": null, "requested": 4, "ts": "2026-10-04 15:54:52"}
[DBG] {"category": "QUEUE", "component": "queue", "event": "watchdog_armed", "host": "d6b2a058c4be", "pid": 176274, "rank": null, "stage": "queue_list_for_pop", "timeout_sec": 30.0, "ts": "2026-10-04 15:54:52"}
[DBG] {"category": "QUEUE", "component": "queue", "elapsed_sec": 0.002807, "event": "END:queue_list_for_pop", "host": "d6b2a058c4be", "pid": 176274, "rank": null, "ts": "2026-10-04 15:54:52"}
[DBG] {"available": 0, "category": "QUEUE", "component": "queue", "event": "pop_scan", "exact": true, "host": "d6b2a058c4be", "pid": 176274, "queue": "preference", "rank": null, "requested": 4, "selected": 0, "selected_keys": [], "stale": 0, "stale_keys": [], "ts": "2026-10-04 15:54:52"}
[DBG] {"available": 0, "category": "QUEUE", "component": "queue", "event": "pop_not_enough", "host": "d6b2a058c4be", "pid": 176274, "queue": "preference", "rank": null, "requested": 4, "ts": "2026-10-04 15:54:52"}
[DBG] {"category": "QUEUE", "component": "queue", "current_version": 0, "event": "BEGIN:queue_list_for_pop", "exact": true, "host": "d6b2a058c4be", "max_lag": 3, "pid": 176274, "queue": "preference", "rank": null, "requested": 4, "ts": "2026-10-04 15:54:52"}
[DBG] {"category": "QUEUE", "component": "queue", "event": "watchdog_armed", "host": "d6b2a058c4be", "pid": 176274, "rank": null, "stage": "queue_list_for_pop", "timeout_sec": 30.0, "ts": "2026-10-04 15:54:52"}
[DBG] {"category": "QUEUE", "component": "queue", "elapsed_sec": 0.003097, "event": "END:queue_list_for_pop", "host": "d6b2a058c4be", "pid": 176274, "rank": null, "ts": "2026-10-04 15:54:52"}
[DBG] {"available": 0, "category": "QUEUE", "component": "queue", "event": "pop_scan", "exact": true, "host": "d6b2a058c4be", "pid": 176274, "queue": "preference", "rank": null, "requested": 4, "selected": 0, "selected_keys": [], "stale": 0, "stale_keys": [], "ts": "2026-10-04 15:54:52"}
[DBG] {"available": 0, "category": "QUEUE", "component": "queue", "event": "pop_not_enough", "host": "d6b2a058c4be", "pid": 176274, "queue": "preference", "rank": null, "requested": 4, "ts": "2026-10-04 15:54:52"}
[DBG] {"category": "QUEUE", "component": "queue", "current_version": 0, "event": "BEGIN:queue_list_for_pop", "exact": true, "host": "d6b2a058c4be", "max_lag": 3, "pid": 176274, "queue": "preference", "rank": null, "requested": 4, "ts": "2026-10-04 15:54:53"}
[DBG] {"category": "QUEUE", "component": "queue", "event": "watchdog_armed", "host": "d6b2a058c4be", "pid": 176274, "rank": null, "stage": "queue_list_for_pop", "timeout_sec": 30.0, "ts": "2026-10-04 15:54:53"}
[DBG] {"category": "QUEUE", "component": "queue", "elapsed_sec": 0.003014, "event": "END:queue_list_for_pop", "host": "d6b2a058c4be", "pid": 176274, "rank": null, "ts": "2026-10-04 15:54:53"}
[DBG] {"available": 0, "category": "QUEUE", "component": "queue", "event": "pop_scan", "exact": true, "host": "d6b2a058c4be", "pid": 176274, "queue": "preference", "rank": null, "requested": 4, "selected": 0, "selected_keys": [], "stale": 0, "stale_keys": [], "ts": "2026-10-04 15:54:53"}
[DBG] {"available": 0, "category": "QUEUE", "component": "queue", "event": "pop_not_enough", "host": "d6b2a058c4be", "pid": 176274, "queue": "preference", "rank": null, "requested": 4, "ts": "2026-10-04 15:54:53"}
[DBG] {"category": "QUEUE", "component": "queue", "current_version": 0, "event": "BEGIN:queue_list_for_pop", "exact": true, "host": "d6b2a058c4be", "max_lag": 3, "pid": 176274, "queue": "preference", "rank": null, "requested": 4, "ts": "2026-10-04 15:54:53"}
[DBG] {"category": "QUEUE", "component": "queue", "event": "watchdog_armed", "host": "d6b2a058c4be", "pid": 176274, "rank": null, "stage": "queue_list_for_pop", "timeout_sec": 30.0, "ts": "2026-10-04 15:54:53"}
[DBG] {"category": "QUEUE", "component": "queue", "elapsed_sec": 0.003232, "event": "END:queue_list_for_pop", "host": "d6b2a058c4be", "pid": 176274, "rank": null, "ts": "2026-10-04 15:54:53"}
[DBG] {"available": 0, "category": "QUEUE", "component": "queue", "event": "pop_scan", "exact": true, "host": "d6b2a058c4be", "pid": 176274, "queue": "preference", "rank": null, "requested": 4, "selected": 0, "selected_keys": [], "stale": 0, "stale_keys": [], "ts": "2026-10-04 15:54:53"}
[DBG] {"available": 0, "category": "QUEUE", "component": "queue", "event": "pop_not_enough", "host": "d6b2a058c4be", "pid": 176274, "queue": "preference", "rank": null, "requested": 4, "ts": "2026-10-04 15:54:53"}
[DBG] {"category": "QUEUE", "component": "queue", "current_version": 0, "event": "BEGIN:queue_list_for_pop", "exact": true, "host": "d6b2a058c4be", "max_lag": 3, "pid": 176274, "queue": "preference", "rank": null, "requested": 4, "ts": "2026-10-04 15:54:54"}
[DBG] {"category": "QUEUE", "component": "queue", "event": "watchdog_armed", "host": "d6b2a058c4be", "pid": 176274, "rank": null, "stage": "queue_list_for_pop", "timeout_sec": 30.0, "ts": "2026-10-04 15:54:54"}
[DBG] {"category": "QUEUE", "component": "queue", "elapsed_sec": 0.002095, "event": "END:queue_list_for_pop", "host": "d6b2a058c4be", "pid": 176274, "rank": null, "ts": "2026-10-04 15:54:54"}
[DBG] {"available": 0, "category": "QUEUE", "component": "queue", "event": "pop_scan", "exact": true, "host": "d6b2a058c4be", "pid": 176274, "queue": "preference", "rank": null, "requested": 4, "selected": 0, "selected_keys": [], "stale": 0, "stale_keys": [], "ts": "2026-10-04 15:54:54"}
[DBG] {"available": 0, "category": "QUEUE", "component": "queue", "event": "pop_not_enough", "host": "d6b2a058c4be", "pid": 176274, "queue": "preference", "rank": null, "requested": 4, "ts": "2026-10-04 15:54:54"}
[DBG] {"category": "QUEUE", "component": "queue", "event": "put_prepare", "host": "d6b2a058c4be", "item_id": "919d3fb4ebef418ca133827d44d450a8", "partition": "smoke01:preference", "payload_bytes": 1279, "pid": 176274, "policy_version": 0, "queue": "preference", "rank": null, "ts": "2026-10-04 15:54:54"}
[DBG] {"category": "QUEUE", "component": "queue", "event": "BEGIN:queue_put", "host": "d6b2a058c4be", "item_id": "919d3fb4ebef418ca133827d44d450a8", "pid": 176274, "queue": "preference", "rank": null, "ts": "2026-10-04 15:54:54"}
[DBG] {"category": "QUEUE", "component": "queue", "event": "watchdog_armed", "host": "d6b2a058c4be", "pid": 176274, "rank": null, "stage": "queue_put", "timeout_sec": 30.0, "ts": "2026-10-04 15:54:54"}
[DBG] {"category": "QUEUE", "component": "queue", "elapsed_sec": 0.02124, "event": "END:queue_put", "host": "d6b2a058c4be", "pid": 176274, "rank": null, "ts": "2026-10-04 15:54:54"}
[DBG] {"category": "QUEUE", "component": "queue", "event": "put_done", "host": "d6b2a058c4be", "key": "smoke01:preference:919d3fb4ebef418ca133827d44d450a8", "pid": 176274, "policy_version": 0, "queue": "preference", "rank": null, "ts": "2026-10-04 15:54:54"}
[DBG] {"category": "QUEUE", "component": "queue", "event": "size_changed", "host": "d6b2a058c4be", "pid": 176274, "queue": "preference", "rank": null, "size": 1, "ts": "2026-10-04 15:54:54"}
[DBG] {"category": "QUEUE", "component": "queue", "current_version": 0, "event": "BEGIN:queue_list_for_pop", "exact": true, "host": "d6b2a058c4be", "max_lag": 3, "pid": 176274, "queue": "preference", "rank": null, "requested": 4, "ts": "2026-10-04 15:54:55"}
[DBG] {"category": "QUEUE", "component": "queue", "event": "watchdog_armed", "host": "d6b2a058c4be", "pid": 176274, "rank": null, "stage": "queue_list_for_pop", "timeout_sec": 30.0, "ts": "2026-10-04 15:54:55"}
[DBG] {"category": "QUEUE", "component": "queue", "elapsed_sec": 0.00277, "event": "END:queue_list_for_pop", "host": "d6b2a058c4be", "pid": 176274, "rank": null, "ts": "2026-10-04 15:54:55"}
[DBG] {"available": 1, "category": "QUEUE", "component": "queue", "event": "pop_scan", "exact": true, "host": "d6b2a058c4be", "pid": 176274, "queue": "preference", "rank": null, "requested": 4, "selected": 1, "selected_keys": ["smoke01:preference:919d3fb4ebef418ca133827d44d450a8"], "stale": 0, "stale_keys": [], "ts": "2026-10-04 15:54:55"}
[DBG] {"available": 1, "category": "QUEUE", "component": "queue", "event": "pop_not_enough", "host": "d6b2a058c4be", "pid": 176274, "queue": "preference", "rank": null, "requested": 4, "ts": "2026-10-04 15:54:55"}
[DBG] {"category": "QUEUE", "component": "queue", "current_version": 0, "event": "BEGIN:queue_list_for_pop", "exact": true, "host": "d6b2a058c4be", "max_lag": 3, "pid": 176274, "queue": "preference", "rank": null, "requested": 4, "ts": "2026-10-04 15:54:55"}
[DBG] {"category": "QUEUE", "component": "queue", "event": "watchdog_armed", "host": "d6b2a058c4be", "pid": 176274, "rank": null, "stage": "queue_list_for_pop", "timeout_sec": 30.0, "ts": "2026-10-04 15:54:55"}
[DBG] {"category": "QUEUE", "component": "queue", "elapsed_sec": 0.001306, "event": "END:queue_list_for_pop", "host": "d6b2a058c4be", "pid": 176274, "rank": null, "ts": "2026-10-04 15:54:55"}
[DBG] {"available": 1, "category": "QUEUE", "component": "queue", "event": "pop_scan", "exact": true, "host": "d6b2a058c4be", "pid": 176274, "queue": "preference", "rank": null, "requested": 4, "selected": 1, "selected_keys": ["smoke01:preference:919d3fb4ebef418ca133827d44d450a8"], "stale": 0, "stale_keys": [], "ts": "2026-10-04 15:54:55"}
[DBG] {"available": 1, "category": "QUEUE", "component": "queue", "event": "pop_not_enough", "host": "d6b2a058c4be", "pid": 176274, "queue": "preference", "rank": null, "requested": 4, "ts": "2026-10-04 15:54:55"}
[DBG] {"category": "QUEUE", "component": "queue", "current_version": null, "event": "BEGIN:queue_list_for_pop", "exact": false, "host": "d6b2a058c4be", "max_lag": null, "pid": 176274, "queue": "rollout", "rank": null, "requested": 1, "ts": "2026-10-04 15:54:55"}
[DBG] {"category": "QUEUE", "component": "queue", "event": "watchdog_armed", "host": "d6b2a058c4be", "pid": 176274, "rank": null, "stage": "queue_list_for_pop", "timeout_sec": 30.0, "ts": "2026-10-04 15:54:55"}
[DBG] {"category": "QUEUE", "component": "queue", "elapsed_sec": 0.003432, "event": "END:queue_list_for_pop", "host": "d6b2a058c4be", "pid": 176274, "rank": null, "ts": "2026-10-04 15:54:55"}
[DBG] {"available": 9, "category": "QUEUE", "component": "queue", "event": "pop_scan", "exact": false, "host": "d6b2a058c4be", "pid": 176274, "queue": "rollout", "rank": null, "requested": 1, "selected": 1, "selected_keys": ["smoke01:rollout:0066e30210f140589ccd7573983fcc38"], "stale": 0, "stale_keys": [], "ts": "2026-10-04 15:54:55"}
[DBG] {"category": "QUEUE", "component": "queue", "event": "BEGIN:queue_get", "host": "d6b2a058c4be", "key": "smoke01:rollout:0066e30210f140589ccd7573983fcc38", "pid": 176274, "queue": "rollout", "rank": null, "ts": "2026-10-04 15:54:55"}
[DBG] {"category": "QUEUE", "component": "queue", "event": "watchdog_armed", "host": "d6b2a058c4be", "pid": 176274, "rank": null, "stage": "queue_get", "timeout_sec": 30.0, "ts": "2026-10-04 15:54:55"}
[DBG] {"category": "QUEUE", "component": "queue", "elapsed_sec": 0.021567, "event": "END:queue_get", "host": "d6b2a058c4be", "pid": 176274, "rank": null, "ts": "2026-10-04 15:54:55"}
[DBG] {"category": "QUEUE", "component": "queue", "event": "queue_item_decoded", "host": "d6b2a058c4be", "item_id": "0066e30210f140589ccd7573983fcc38", "key": "smoke01:rollout:0066e30210f140589ccd7573983fcc38", "pid": 176274, "policy_version": 0, "queue": "rollout", "rank": null, "ts": "2026-10-04 15:54:55"}
[DBG] {"category": "QUEUE", "component": "queue", "count": 1, "event": "BEGIN:clear_popped", "host": "d6b2a058c4be", "pid": 176274, "queue": "rollout", "rank": null, "ts": "2026-10-04 15:54:55"}
[DBG] {"category": "QUEUE", "component": "queue", "event": "watchdog_armed", "host": "d6b2a058c4be", "pid": 176274, "rank": null, "stage": "clear_popped", "timeout_sec": 30.0, "ts": "2026-10-04 15:54:55"}
[DBG] {"category": "QUEUE", "component": "queue", "elapsed_sec": 0.013434, "event": "END:clear_popped", "host": "d6b2a058c4be", "pid": 176274, "rank": null, "ts": "2026-10-04 15:54:55"}
[DBG] {"category": "QUEUE", "component": "queue", "event": "pop_done", "host": "d6b2a058c4be", "item_ids": ["0066e30210f140589ccd7573983fcc38"], "pid": 176274, "queue": "rollout", "rank": null, "remaining": 8, "returned": 1, "stale": 0, "ts": "2026-10-04 15:54:55"}
[DBG] {"category": "QUEUE", "component": "queue", "event": "size_changed", "host": "d6b2a058c4be", "pid": 176274, "queue": "rollout", "rank": null, "size": 8, "ts": "2026-10-04 15:54:55"}
[DBG] {"category": "QUEUE", "component": "queue", "current_version": 0, "event": "BEGIN:queue_list_for_pop", "exact": true, "host": "d6b2a058c4be", "max_lag": 3, "pid": 176274, "queue": "preference", "rank": null, "requested": 4, "ts": "2026-10-04 15:54:56"}
[DBG] {"category": "QUEUE", "component": "queue", "event": "watchdog_armed", "host": "d6b2a058c4be", "pid": 176274, "rank": null, "stage": "queue_list_for_pop", "timeout_sec": 30.0, "ts": "2026-10-04 15:54:56"}
[DBG] {"category": "QUEUE", "component": "queue", "elapsed_sec": 0.001892, "event": "END:queue_list_for_pop", "host": "d6b2a058c4be", "pid": 176274, "rank": null, "ts": "2026-10-04 15:54:56"}
[DBG] {"available": 1, "category": "QUEUE", "component": "queue", "event": "pop_scan", "exact": true, "host": "d6b2a058c4be", "pid": 176274, "queue": "preference", "rank": null, "requested": 4, "selected": 1, "selected_keys": ["smoke01:preference:919d3fb4ebef418ca133827d44d450a8"], "stale": 0, "stale_keys": [], "ts": "2026-10-04 15:54:56"}
[DBG] {"available": 1, "category": "QUEUE", "component": "queue", "event": "pop_not_enough", "host": "d6b2a058c4be", "pid": 176274, "queue": "preference", "rank": null, "requested": 4, "ts": "2026-10-04 15:54:56"}
[DBG] {"category": "QUEUE", "component": "queue", "current_version": 0, "event": "BEGIN:queue_list_for_pop", "exact": true, "host": "d6b2a058c4be", "max_lag": 3, "pid": 176274, "queue": "preference", "rank": null, "requested": 4, "ts": "2026-10-04 15:54:56"}
[DBG] {"category": "QUEUE", "component": "queue", "event": "watchdog_armed", "host": "d6b2a058c4be", "pid": 176274, "rank": null, "stage": "queue_list_for_pop", "timeout_sec": 30.0, "ts": "2026-10-04 15:54:56"}
[DBG] {"category": "QUEUE", "component": "queue", "elapsed_sec": 0.002327, "event": "END:queue_list_for_pop", "host": "d6b2a058c4be", "pid": 176274, "rank": null, "ts": "2026-10-04 15:54:56"}
[DBG] {"available": 1, "category": "QUEUE", "component": "queue", "event": "pop_scan", "exact": true, "host": "d6b2a058c4be", "pid": 176274, "queue": "preference", "rank": null, "requested": 4, "selected": 1, "selected_keys": ["smoke01:preference:919d3fb4ebef418ca133827d44d450a8"], "stale": 0, "stale_keys": [], "ts": "2026-10-04 15:54:56"}
[DBG] {"available": 1, "category": "QUEUE", "component": "queue", "event": "pop_not_enough", "host": "d6b2a058c4be", "pid": 176274, "queue": "preference", "rank": null, "requested": 4, "ts": "2026-10-04 15:54:56"}
[DBG] {"category": "QUEUE", "component": "queue", "current_version": 0, "event": "BEGIN:queue_list_for_pop", "exact": true, "host": "d6b2a058c4be", "max_lag": 3, "pid": 176274, "queue": "preference", "rank": null, "requested": 4, "ts": "2026-10-04 15:54:57"}
[DBG] {"category": "QUEUE", "component": "queue", "event": "watchdog_armed", "host": "d6b2a058c4be", "pid": 176274, "rank": null, "stage": "queue_list_for_pop", "timeout_sec": 30.0, "ts": "2026-10-04 15:54:57"}
[DBG] {"category": "QUEUE", "component": "queue", "elapsed_sec": 0.00151, "event": "END:queue_list_for_pop", "host": "d6b2a058c4be", "pid": 176274, "rank": null, "ts": "2026-10-04 15:54:57"}
[DBG] {"available": 1, "category": "QUEUE", "component": "queue", "event": "pop_scan", "exact": true, "host": "d6b2a058c4be", "pid": 176274, "queue": "preference", "rank": null, "requested": 4, "selected": 1, "selected_keys": ["smoke01:preference:919d3fb4ebef418ca133827d44d450a8"], "stale": 0, "stale_keys": [], "ts": "2026-10-04 15:54:57"}
[DBG] {"available": 1, "category": "QUEUE", "component": "queue", "event": "pop_not_enough", "host": "d6b2a058c4be", "pid": 176274, "queue": "preference", "rank": null, "requested": 4, "ts": "2026-10-04 15:54:57"}
[DBG] {"category": "QUEUE", "component": "queue", "current_version": 0, "event": "BEGIN:queue_list_for_pop", "exact": true, "host": "d6b2a058c4be", "max_lag": 3, "pid": 176274, "queue": "preference", "rank": null, "requested": 4, "ts": "2026-10-04 15:54:57"}
[DBG] {"category": "QUEUE", "component": "queue", "event": "watchdog_armed", "host": "d6b2a058c4be", "pid": 176274, "rank": null, "stage": "queue_list_for_pop", "timeout_sec": 30.0, "ts": "2026-10-04 15:54:57"}
[DBG] {"category": "QUEUE", "component": "queue", "elapsed_sec": 0.001817, "event": "END:queue_list_for_pop", "host": "d6b2a058c4be", "pid": 176274, "rank": null, "ts": "2026-10-04 15:54:57"}
[DBG] {"available": 1, "category": "QUEUE", "component": "queue", "event": "pop_scan", "exact": true, "host": "d6b2a058c4be", "pid": 176274, "queue": "preference", "rank": null, "requested": 4, "selected": 1, "selected_keys": ["smoke01:preference:919d3fb4ebef418ca133827d44d450a8"], "stale": 0, "stale_keys": [], "ts": "2026-10-04 15:54:57"}
[DBG] {"available": 1, "category": "QUEUE", "component": "queue", "event": "pop_not_enough", "host": "d6b2a058c4be", "pid": 176274, "queue": "preference", "rank": null, "requested": 4, "ts": "2026-10-04 15:54:57"}
[DBG] {"category": "QUEUE", "component": "queue", "current_version": 0, "event": "BEGIN:queue_list_for_pop", "exact": true, "host": "d6b2a058c4be", "max_lag": 3, "pid": 176274, "queue": "preference", "rank": null, "requested": 4, "ts": "2026-10-04 15:54:58"}
[DBG] {"category": "QUEUE", "component": "queue", "event": "watchdog_armed", "host": "d6b2a058c4be", "pid": 176274, "rank": null, "stage": "queue_list_for_pop", "timeout_sec": 30.0, "ts": "2026-10-04 15:54:58"}
[DBG] {"category": "QUEUE", "component": "queue", "elapsed_sec": 0.002423, "event": "END:queue_list_for_pop", "host": "d6b2a058c4be", "pid": 176274, "rank": null, "ts": "2026-10-04 15:54:58"}
[DBG] {"available": 1, "category": "QUEUE", "component": "queue", "event": "pop_scan", "exact": true, "host": "d6b2a058c4be", "pid": 176274, "queue": "preference", "rank": null, "requested": 4, "selected": 1, "selected_keys": ["smoke01:preference:919d3fb4ebef418ca133827d44d450a8"], "stale": 0, "stale_keys": [], "ts": "2026-10-04 15:54:58"}
[DBG] {"available": 1, "category": "QUEUE", "component": "queue", "event": "pop_not_enough", "host": "d6b2a058c4be", "pid": 176274, "queue": "preference", "rank": null, "requested": 4, "ts": "2026-10-04 15:54:58"}
[DBG] {"category": "QUEUE", "component": "queue", "event": "put_prepare", "host": "d6b2a058c4be", "item_id": "0066e30210f140589ccd7573983fcc38", "partition": "smoke01:preference", "payload_bytes": 1622, "pid": 176274, "policy_version": 0, "queue": "preference", "rank": null, "ts": "2026-10-04 15:54:58"}
[DBG] {"category": "QUEUE", "component": "queue", "event": "BEGIN:queue_put", "host": "d6b2a058c4be", "item_id": "0066e30210f140589ccd7573983fcc38", "pid": 176274, "queue": "preference", "rank": null, "ts": "2026-10-04 15:54:58"}
[DBG] {"category": "QUEUE", "component": "queue", "event": "watchdog_armed", "host": "d6b2a058c4be", "pid": 176274, "rank": null, "stage": "queue_put", "timeout_sec": 30.0, "ts": "2026-10-04 15:54:58"}
[DBG] {"category": "QUEUE", "component": "queue", "elapsed_sec": 0.026887, "event": "END:queue_put", "host": "d6b2a058c4be", "pid": 176274, "rank": null, "ts": "2026-10-04 15:54:58"}
[DBG] {"category": "QUEUE", "component": "queue", "event": "put_done", "host": "d6b2a058c4be", "key": "smoke01:preference:0066e30210f140589ccd7573983fcc38", "pid": 176274, "policy_version": 0, "queue": "preference", "rank": null, "ts": "2026-10-04 15:54:58"}
[DBG] {"category": "QUEUE", "component": "queue", "event": "size_changed", "host": "d6b2a058c4be", "pid": 176274, "queue": "preference", "rank": null, "size": 2, "ts": "2026-10-04 15:54:58"}
[DBG] {"category": "QUEUE", "component": "queue", "current_version": 0, "event": "BEGIN:queue_list_for_pop", "exact": true, "host": "d6b2a058c4be", "max_lag": 3, "pid": 176274, "queue": "preference", "rank": null, "requested": 4, "ts": "2026-10-04 15:54:58"}
[DBG] {"category": "QUEUE", "component": "queue", "event": "watchdog_armed", "host": "d6b2a058c4be", "pid": 176274, "rank": null, "stage": "queue_list_for_pop", "timeout_sec": 30.0, "ts": "2026-10-04 15:54:58"}
[DBG] {"category": "QUEUE", "component": "queue", "elapsed_sec": 0.002843, "event": "END:queue_list_for_pop", "host": "d6b2a058c4be", "pid": 176274, "rank": null, "ts": "2026-10-04 15:54:58"}
[DBG] {"available": 2, "category": "QUEUE", "component": "queue", "event": "pop_scan", "exact": true, "host": "d6b2a058c4be", "pid": 176274, "queue": "preference", "rank": null, "requested": 4, "selected": 2, "selected_keys": ["smoke01:preference:919d3fb4ebef418ca133827d44d450a8", "smoke01:preference:0066e30210f140589ccd7573983fcc38"], "stale": 0, "stale_keys": [], "ts": "2026-10-04 15:54:58"}
[DBG] {"available": 2, "category": "QUEUE", "component": "queue", "event": "pop_not_enough", "host": "d6b2a058c4be", "pid": 176274, "queue": "preference", "rank": null, "requested": 4, "ts": "2026-10-04 15:54:58"}
[DBG] {"category": "QUEUE", "component": "queue", "current_version": 0, "event": "BEGIN:queue_list_for_pop", "exact": true, "host": "d6b2a058c4be", "max_lag": 3, "pid": 176274, "queue": "preference", "rank": null, "requested": 4, "ts": "2026-10-04 15:54:59"}
[DBG] {"category": "QUEUE", "component": "queue", "event": "watchdog_armed", "host": "d6b2a058c4be", "pid": 176274, "rank": null, "stage": "queue_list_for_pop", "timeout_sec": 30.0, "ts": "2026-10-04 15:54:59"}
[DBG] {"category": "QUEUE", "component": "queue", "elapsed_sec": 0.002035, "event": "END:queue_list_for_pop", "host": "d6b2a058c4be", "pid": 176274, "rank": null, "ts": "2026-10-04 15:54:59"}
[DBG] {"available": 2, "category": "QUEUE", "component": "queue", "event": "pop_scan", "exact": true, "host": "d6b2a058c4be", "pid": 176274, "queue": "preference", "rank": null, "requested": 4, "selected": 2, "selected_keys": ["smoke01:preference:919d3fb4ebef418ca133827d44d450a8", "smoke01:preference:0066e30210f140589ccd7573983fcc38"], "stale": 0, "stale_keys": [], "ts": "2026-10-04 15:54:59"}
[DBG] {"available": 2, "category": "QUEUE", "component": "queue", "event": "pop_not_enough", "host": "d6b2a058c4be", "pid": 176274, "queue": "preference", "rank": null, "requested": 4, "ts": "2026-10-04 15:54:59"}
[DBG] {"category": "QUEUE", "component": "queue", "current_version": null, "event": "BEGIN:queue_list_for_pop", "exact": false, "host": "d6b2a058c4be", "max_lag": null, "pid": 176274, "queue": "rollout", "rank": null, "requested": 1, "ts": "2026-10-04 15:54:59"}
[DBG] {"category": "QUEUE", "component": "queue", "event": "watchdog_armed", "host": "d6b2a058c4be", "pid": 176274, "rank": null, "stage": "queue_list_for_pop", "timeout_sec": 30.0, "ts": "2026-10-04 15:54:59"}
[DBG] {"category": "QUEUE", "component": "queue", "elapsed_sec": 0.002049, "event": "END:queue_list_for_pop", "host": "d6b2a058c4be", "pid": 176274, "rank": null, "ts": "2026-10-04 15:54:59"}
[DBG] {"available": 8, "category": "QUEUE", "component": "queue", "event": "pop_scan", "exact": false, "host": "d6b2a058c4be", "pid": 176274, "queue": "rollout", "rank": null, "requested": 1, "selected": 1, "selected_keys": ["smoke01:rollout:f0217ef068aa44918618c96bbdc7ebeb"], "stale": 0, "stale_keys": [], "ts": "2026-10-04 15:54:59"}
[DBG] {"category": "QUEUE", "component": "queue", "event": "BEGIN:queue_get", "host": "d6b2a058c4be", "key": "smoke01:rollout:f0217ef068aa44918618c96bbdc7ebeb", "pid": 176274, "queue": "rollout", "rank": null, "ts": "2026-10-04 15:54:59"}
[DBG] {"category": "QUEUE", "component": "queue", "event": "watchdog_armed", "host": "d6b2a058c4be", "pid": 176274, "rank": null, "stage": "queue_get", "timeout_sec": 30.0, "ts": "2026-10-04 15:54:59"}
[DBG] {"category": "QUEUE", "component": "queue", "elapsed_sec": 0.011251, "event": "END:queue_get", "host": "d6b2a058c4be", "pid": 176274, "rank": null, "ts": "2026-10-04 15:54:59"}
[DBG] {"category": "QUEUE", "component": "queue", "event": "queue_item_decoded", "host": "d6b2a058c4be", "item_id": "f0217ef068aa44918618c96bbdc7ebeb", "key": "smoke01:rollout:f0217ef068aa44918618c96bbdc7ebeb", "pid": 176274, "policy_version": 0, "queue": "rollout", "rank": null, "ts": "2026-10-04 15:54:59"}
[DBG] {"category": "QUEUE", "component": "queue", "count": 1, "event": "BEGIN:clear_popped", "host": "d6b2a058c4be", "pid": 176274, "queue": "rollout", "rank": null, "ts": "2026-10-04 15:54:59"}
[DBG] {"category": "QUEUE", "component": "queue", "event": "watchdog_armed", "host": "d6b2a058c4be", "pid": 176274, "rank": null, "stage": "clear_popped", "timeout_sec": 30.0, "ts": "2026-10-04 15:54:59"}
[DBG] {"category": "QUEUE", "component": "queue", "elapsed_sec": 0.00786, "event": "END:clear_popped", "host": "d6b2a058c4be", "pid": 176274, "rank": null, "ts": "2026-10-04 15:54:59"}
[DBG] {"category": "QUEUE", "component": "queue", "event": "pop_done", "host": "d6b2a058c4be", "item_ids": ["f0217ef068aa44918618c96bbdc7ebeb"], "pid": 176274, "queue": "rollout", "rank": null, "remaining": 7, "returned": 1, "stale": 0, "ts": "2026-10-04 15:54:59"}
[DBG] {"category": "QUEUE", "component": "queue", "event": "size_changed", "host": "d6b2a058c4be", "pid": 176274, "queue": "rollout", "rank": null, "size": 7, "ts": "2026-10-04 15:54:59"}
[DBG] {"category": "QUEUE", "component": "queue", "current_version": 0, "event": "BEGIN:queue_list_for_pop", "exact": true, "host": "d6b2a058c4be", "max_lag": 3, "pid": 176274, "queue": "preference", "rank": null, "requested": 4, "ts": "2026-10-04 15:54:59"}
[DBG] {"category": "QUEUE", "component": "queue", "event": "watchdog_armed", "host": "d6b2a058c4be", "pid": 176274, "rank": null, "stage": "queue_list_for_pop", "timeout_sec": 30.0, "ts": "2026-10-04 15:54:59"}
[DBG] {"category": "QUEUE", "component": "queue", "elapsed_sec": 0.001044, "event": "END:queue_list_for_pop", "host": "d6b2a058c4be", "pid": 176274, "rank": null, "ts": "2026-10-04 15:54:59"}
[DBG] {"available": 2, "category": "QUEUE", "component": "queue", "event": "pop_scan", "exact": true, "host": "d6b2a058c4be", "pid": 176274, "queue": "preference", "rank": null, "requested": 4, "selected": 2, "selected_keys": ["smoke01:preference:919d3fb4ebef418ca133827d44d450a8", "smoke01:preference:0066e30210f140589ccd7573983fcc38"], "stale": 0, "stale_keys": [], "ts": "2026-10-04 15:54:59"}
[DBG] {"available": 2, "category": "QUEUE", "component": "queue", "event": "pop_not_enough", "host": "d6b2a058c4be", "pid": 176274, "queue": "preference", "rank": null, "requested": 4, "ts": "2026-10-04 15:54:59"}
[DBG] {"category": "QUEUE", "component": "queue", "event": "put_prepare", "host": "d6b2a058c4be", "item_id": "566db4cc7d1b49acbf4ab0aa526d8297", "partition": "smoke01:rollout", "payload_bytes": 2626, "pid": 176274, "policy_version": 0, "queue": "rollout", "rank": null, "ts": "2026-10-04 15:55:00"}
[DBG] {"category": "QUEUE", "component": "queue", "event": "BEGIN:queue_put", "host": "d6b2a058c4be", "item_id": "566db4cc7d1b49acbf4ab0aa526d8297", "pid": 176274, "queue": "rollout", "rank": null, "ts": "2026-10-04 15:55:00"}
[DBG] {"category": "QUEUE", "component": "queue", "event": "watchdog_armed", "host": "d6b2a058c4be", "pid": 176274, "rank": null, "stage": "queue_put", "timeout_sec": 30.0, "ts": "2026-10-04 15:55:00"}
[DBG] {"category": "QUEUE", "component": "queue", "elapsed_sec": 0.011335, "event": "END:queue_put", "host": "d6b2a058c4be", "pid": 176274, "rank": null, "ts": "2026-10-04 15:55:00"}
[DBG] {"category": "QUEUE", "component": "queue", "event": "put_done", "host": "d6b2a058c4be", "key": "smoke01:rollout:566db4cc7d1b49acbf4ab0aa526d8297", "pid": 176274, "policy_version": 0, "queue": "rollout", "rank": null, "ts": "2026-10-04 15:55:00"}
[DBG] {"category": "QUEUE", "component": "queue", "event": "put_prepare", "host": "d6b2a058c4be", "item_id": "55523134d70e49c2b9bb9252f2327592", "partition": "smoke01:rollout", "payload_bytes": 2699, "pid": 176274, "policy_version": 0, "queue": "rollout", "rank": null, "ts": "2026-10-04 15:55:00"}
[DBG] {"category": "QUEUE", "component": "queue", "event": "BEGIN:queue_put", "host": "d6b2a058c4be", "item_id": "55523134d70e49c2b9bb9252f2327592", "pid": 176274, "queue": "rollout", "rank": null, "ts": "2026-10-04 15:55:00"}
[DBG] {"category": "QUEUE", "component": "queue", "event": "watchdog_armed", "host": "d6b2a058c4be", "pid": 176274, "rank": null, "stage": "queue_put", "timeout_sec": 30.0, "ts": "2026-10-04 15:55:00"}
[DBG] {"category": "QUEUE", "component": "queue", "elapsed_sec": 0.010463, "event": "END:queue_put", "host": "d6b2a058c4be", "pid": 176274, "rank": null, "ts": "2026-10-04 15:55:00"}
[DBG] {"category": "QUEUE", "component": "queue", "event": "put_done", "host": "d6b2a058c4be", "key": "smoke01:rollout:55523134d70e49c2b9bb9252f2327592", "pid": 176274, "policy_version": 0, "queue": "rollout", "rank": null, "ts": "2026-10-04 15:55:00"}
[DBG] {"category": "QUEUE", "component": "queue", "event": "size_changed", "host": "d6b2a058c4be", "pid": 176274, "queue": "rollout", "rank": null, "size": 9, "ts": "2026-10-04 15:55:00"}
[DBG] {"category": "QUEUE", "component": "queue", "current_version": 0, "event": "BEGIN:queue_list_for_pop", "exact": true, "host": "d6b2a058c4be", "max_lag": 3, "pid": 176274, "queue": "preference", "rank": null, "requested": 4, "ts": "2026-10-04 15:55:00"}
[DBG] {"category": "QUEUE", "component": "queue", "event": "watchdog_armed", "host": "d6b2a058c4be", "pid": 176274, "rank": null, "stage": "queue_list_for_pop", "timeout_sec": 30.0, "ts": "2026-10-04 15:55:00"}
[DBG] {"category": "QUEUE", "component": "queue", "elapsed_sec": 0.001814, "event": "END:queue_list_for_pop", "host": "d6b2a058c4be", "pid": 176274, "rank": null, "ts": "2026-10-04 15:55:00"}
[DBG] {"available": 2, "category": "QUEUE", "component": "queue", "event": "pop_scan", "exact": true, "host": "d6b2a058c4be", "pid": 176274, "queue": "preference", "rank": null, "requested": 4, "selected": 2, "selected_keys": ["smoke01:preference:919d3fb4ebef418ca133827d44d450a8", "smoke01:preference:0066e30210f140589ccd7573983fcc38"], "stale": 0, "stale_keys": [], "ts": "2026-10-04 15:55:00"}
[DBG] {"available": 2, "category": "QUEUE", "component": "queue", "event": "pop_not_enough", "host": "d6b2a058c4be", "pid": 176274, "queue": "preference", "rank": null, "requested": 4, "ts": "2026-10-04 15:55:00"}
[DBG] {"category": "QUEUE", "component": "queue", "current_version": 0, "event": "BEGIN:queue_list_for_pop", "exact": true, "host": "d6b2a058c4be", "max_lag": 3, "pid": 176274, "queue": "preference", "rank": null, "requested": 4, "ts": "2026-10-04 15:55:00"}
[DBG] {"category": "QUEUE", "component": "queue", "event": "watchdog_armed", "host": "d6b2a058c4be", "pid": 176274, "rank": null, "stage": "queue_list_for_pop", "timeout_sec": 30.0, "ts": "2026-10-04 15:55:00"}
[DBG] {"category": "QUEUE", "component": "queue", "elapsed_sec": 0.001693, "event": "END:queue_list_for_pop", "host": "d6b2a058c4be", "pid": 176274, "rank": null, "ts": "2026-10-04 15:55:00"}
[DBG] {"available": 2, "category": "QUEUE", "component": "queue", "event": "pop_scan", "exact": true, "host": "d6b2a058c4be", "pid": 176274, "queue": "preference", "rank": null, "requested": 4, "selected": 2, "selected_keys": ["smoke01:preference:919d3fb4ebef418ca133827d44d450a8", "smoke01:preference:0066e30210f140589ccd7573983fcc38"], "stale": 0, "stale_keys": [], "ts": "2026-10-04 15:55:00"}
[DBG] {"available": 2, "category": "QUEUE", "component": "queue", "event": "pop_not_enough", "host": "d6b2a058c4be", "pid": 176274, "queue": "preference", "rank": null, "requested": 4, "ts": "2026-10-04 15:55:00"}
[DBG] {"category": "QUEUE", "component": "queue", "event": "put_prepare", "host": "d6b2a058c4be", "item_id": "f0217ef068aa44918618c96bbdc7ebeb", "partition": "smoke01:preference", "payload_bytes": 1641, "pid": 176274, "policy_version": 0, "queue": "preference", "rank": null, "ts": "2026-10-04 15:55:00"}
[DBG] {"category": "QUEUE", "component": "queue", "event": "BEGIN:queue_put", "host": "d6b2a058c4be", "item_id": "f0217ef068aa44918618c96bbdc7ebeb", "pid": 176274, "queue": "preference", "rank": null, "ts": "2026-10-04 15:55:00"}
[DBG] {"category": "QUEUE", "component": "queue", "event": "watchdog_armed", "host": "d6b2a058c4be", "pid": 176274, "rank": null, "stage": "queue_put", "timeout_sec": 30.0, "ts": "2026-10-04 15:55:00"}
[DBG] {"category": "QUEUE", "component": "queue", "elapsed_sec": 0.015486, "event": "END:queue_put", "host": "d6b2a058c4be", "pid": 176274, "rank": null, "ts": "2026-10-04 15:55:00"}
[DBG] {"category": "QUEUE", "component": "queue", "event": "put_done", "host": "d6b2a058c4be", "key": "smoke01:preference:f0217ef068aa44918618c96bbdc7ebeb", "pid": 176274, "policy_version": 0, "queue": "preference", "rank": null, "ts": "2026-10-04 15:55:00"}
[DBG] {"category": "QUEUE", "component": "queue", "event": "size_changed", "host": "d6b2a058c4be", "pid": 176274, "queue": "preference", "rank": null, "size": 3, "ts": "2026-10-04 15:55:00"}
[DBG] {"category": "QUEUE", "component": "queue", "current_version": 0, "event": "BEGIN:queue_list_for_pop", "exact": true, "host": "d6b2a058c4be", "max_lag": 3, "pid": 176274, "queue": "preference", "rank": null, "requested": 4, "ts": "2026-10-04 15:55:01"}
[DBG] {"category": "QUEUE", "component": "queue", "event": "watchdog_armed", "host": "d6b2a058c4be", "pid": 176274, "rank": null, "stage": "queue_list_for_pop", "timeout_sec": 30.0, "ts": "2026-10-04 15:55:01"}
[DBG] {"category": "QUEUE", "component": "queue", "elapsed_sec": 0.000888, "event": "END:queue_list_for_pop", "host": "d6b2a058c4be", "pid": 176274, "rank": null, "ts": "2026-10-04 15:55:01"}
[DBG] {"available": 3, "category": "QUEUE", "component": "queue", "event": "pop_scan", "exact": true, "host": "d6b2a058c4be", "pid": 176274, "queue": "preference", "rank": null, "requested": 4, "selected": 3, "selected_keys": ["smoke01:preference:919d3fb4ebef418ca133827d44d450a8", "smoke01:preference:0066e30210f140589ccd7573983fcc38", "smoke01:preference:f0217ef068aa44918618c96bbdc7ebeb"], "stale": 0, "stale_keys": [], "ts": "2026-10-04 15:55:01"}
[DBG] {"available": 3, "category": "QUEUE", "component": "queue", "event": "pop_not_enough", "host": "d6b2a058c4be", "pid": 176274, "queue": "preference", "rank": null, "requested": 4, "ts": "2026-10-04 15:55:01"}
[DBG] {"category": "QUEUE", "component": "queue", "current_version": 0, "event": "BEGIN:queue_list_for_pop", "exact": true, "host": "d6b2a058c4be", "max_lag": 3, "pid": 176274, "queue": "preference", "rank": null, "requested": 4, "ts": "2026-10-04 15:55:01"}
[DBG] {"category": "QUEUE", "component": "queue", "event": "watchdog_armed", "host": "d6b2a058c4be", "pid": 176274, "rank": null, "stage": "queue_list_for_pop", "timeout_sec": 30.0, "ts": "2026-10-04 15:55:01"}
[DBG] {"category": "QUEUE", "component": "queue", "elapsed_sec": 0.001253, "event": "END:queue_list_for_pop", "host": "d6b2a058c4be", "pid": 176274, "rank": null, "ts": "2026-10-04 15:55:01"}
[DBG] {"available": 3, "category": "QUEUE", "component": "queue", "event": "pop_scan", "exact": true, "host": "d6b2a058c4be", "pid": 176274, "queue": "preference", "rank": null, "requested": 4, "selected": 3, "selected_keys": ["smoke01:preference:919d3fb4ebef418ca133827d44d450a8", "smoke01:preference:0066e30210f140589ccd7573983fcc38", "smoke01:preference:f0217ef068aa44918618c96bbdc7ebeb"], "stale": 0, "stale_keys": [], "ts": "2026-10-04 15:55:01"}
[DBG] {"available": 3, "category": "QUEUE", "component": "queue", "event": "pop_not_enough", "host": "d6b2a058c4be", "pid": 176274, "queue": "preference", "rank": null, "requested": 4, "ts": "2026-10-04 15:55:01"}
[DBG] {"category": "QUEUE", "component": "queue", "current_version": null, "event": "BEGIN:queue_list_for_pop", "exact": false, "host": "d6b2a058c4be", "max_lag": null, "pid": 176274, "queue": "rollout", "rank": null, "requested": 1, "ts": "2026-10-04 15:55:01"}
[DBG] {"category": "QUEUE", "component": "queue", "event": "watchdog_armed", "host": "d6b2a058c4be", "pid": 176274, "rank": null, "stage": "queue_list_for_pop", "timeout_sec": 30.0, "ts": "2026-10-04 15:55:01"}
[DBG] {"category": "QUEUE", "component": "queue", "elapsed_sec": 0.001968, "event": "END:queue_list_for_pop", "host": "d6b2a058c4be", "pid": 176274, "rank": null, "ts": "2026-10-04 15:55:01"}
[DBG] {"available": 9, "category": "QUEUE", "component": "queue", "event": "pop_scan", "exact": false, "host": "d6b2a058c4be", "pid": 176274, "queue": "rollout", "rank": null, "requested": 1, "selected": 1, "selected_keys": ["smoke01:rollout:e5f2ecf24dbd450c83500e472aef586b"], "stale": 0, "stale_keys": [], "ts": "2026-10-04 15:55:01"}
[DBG] {"category": "QUEUE", "component": "queue", "event": "BEGIN:queue_get", "host": "d6b2a058c4be", "key": "smoke01:rollout:e5f2ecf24dbd450c83500e472aef586b", "pid": 176274, "queue": "rollout", "rank": null, "ts": "2026-10-04 15:55:01"}
[DBG] {"category": "QUEUE", "component": "queue", "event": "watchdog_armed", "host": "d6b2a058c4be", "pid": 176274, "rank": null, "stage": "queue_get", "timeout_sec": 30.0, "ts": "2026-10-04 15:55:01"}
[DBG] {"category": "QUEUE", "component": "queue", "elapsed_sec": 0.016671, "event": "END:queue_get", "host": "d6b2a058c4be", "pid": 176274, "rank": null, "ts": "2026-10-04 15:55:02"}
[DBG] {"category": "QUEUE", "component": "queue", "event": "queue_item_decoded", "host": "d6b2a058c4be", "item_id": "e5f2ecf24dbd450c83500e472aef586b", "key": "smoke01:rollout:e5f2ecf24dbd450c83500e472aef586b", "pid": 176274, "policy_version": 0, "queue": "rollout", "rank": null, "ts": "2026-10-04 15:55:02"}
[DBG] {"category": "QUEUE", "component": "queue", "count": 1, "event": "BEGIN:clear_popped", "host": "d6b2a058c4be", "pid": 176274, "queue": "rollout", "rank": null, "ts": "2026-10-04 15:55:02"}
[DBG] {"category": "QUEUE", "component": "queue", "event": "watchdog_armed", "host": "d6b2a058c4be", "pid": 176274, "rank": null, "stage": "clear_popped", "timeout_sec": 30.0, "ts": "2026-10-04 15:55:02"}
[DBG] {"category": "QUEUE", "component": "queue", "elapsed_sec": 0.007737, "event": "END:clear_popped", "host": "d6b2a058c4be", "pid": 176274, "rank": null, "ts": "2026-10-04 15:55:02"}
[DBG] {"category": "QUEUE", "component": "queue", "event": "pop_done", "host": "d6b2a058c4be", "item_ids": ["e5f2ecf24dbd450c83500e472aef586b"], "pid": 176274, "queue": "rollout", "rank": null, "remaining": 8, "returned": 1, "stale": 0, "ts": "2026-10-04 15:55:02"}
[DBG] {"category": "QUEUE", "component": "queue", "event": "size_changed", "host": "d6b2a058c4be", "pid": 176274, "queue": "rollout", "rank": null, "size": 8, "ts": "2026-10-04 15:55:02"}
[DBG] {"category": "QUEUE", "component": "queue", "current_version": 0, "event": "BEGIN:queue_list_for_pop", "exact": true, "host": "d6b2a058c4be", "max_lag": 3, "pid": 176274, "queue": "preference", "rank": null, "requested": 4, "ts": "2026-10-04 15:55:02"}
[DBG] {"category": "QUEUE", "component": "queue", "event": "watchdog_armed", "host": "d6b2a058c4be", "pid": 176274, "rank": null, "stage": "queue_list_for_pop", "timeout_sec": 30.0, "ts": "2026-10-04 15:55:02"}
[DBG] {"category": "QUEUE", "component": "queue", "elapsed_sec": 0.000903, "event": "END:queue_list_for_pop", "host": "d6b2a058c4be", "pid": 176274, "rank": null, "ts": "2026-10-04 15:55:02"}
[DBG] {"available": 3, "category": "QUEUE", "component": "queue", "event": "pop_scan", "exact": true, "host": "d6b2a058c4be", "pid": 176274, "queue": "preference", "rank": null, "requested": 4, "selected": 3, "selected_keys": ["smoke01:preference:919d3fb4ebef418ca133827d44d450a8", "smoke01:preference:0066e30210f140589ccd7573983fcc38", "smoke01:preference:f0217ef068aa44918618c96bbdc7ebeb"], "stale": 0, "stale_keys": [], "ts": "2026-10-04 15:55:02"}
[DBG] {"available": 3, "category": "QUEUE", "component": "queue", "event": "pop_not_enough", "host": "d6b2a058c4be", "pid": 176274, "queue": "preference", "rank": null, "requested": 4, "ts": "2026-10-04 15:55:02"}
[DBG] {"category": "QUEUE", "component": "queue", "current_version": 0, "event": "BEGIN:queue_list_for_pop", "exact": true, "host": "d6b2a058c4be", "max_lag": 3, "pid": 176274, "queue": "preference", "rank": null, "requested": 4, "ts": "2026-10-04 15:55:02"}
[DBG] {"category": "QUEUE", "component": "queue", "event": "watchdog_armed", "host": "d6b2a058c4be", "pid": 176274, "rank": null, "stage": "queue_list_for_pop", "timeout_sec": 30.0, "ts": "2026-10-04 15:55:02"}
[DBG] {"category": "QUEUE", "component": "queue", "elapsed_sec": 0.001014, "event": "END:queue_list_for_pop", "host": "d6b2a058c4be", "pid": 176274, "rank": null, "ts": "2026-10-04 15:55:02"}
[DBG] {"available": 3, "category": "QUEUE", "component": "queue", "event": "pop_scan", "exact": true, "host": "d6b2a058c4be", "pid": 176274, "queue": "preference", "rank": null, "requested": 4, "selected": 3, "selected_keys": ["smoke01:preference:919d3fb4ebef418ca133827d44d450a8", "smoke01:preference:0066e30210f140589ccd7573983fcc38", "smoke01:preference:f0217ef068aa44918618c96bbdc7ebeb"], "stale": 0, "stale_keys": [], "ts": "2026-10-04 15:55:02"}
[DBG] {"available": 3, "category": "QUEUE", "component": "queue", "event": "pop_not_enough", "host": "d6b2a058c4be", "pid": 176274, "queue": "preference", "rank": null, "requested": 4, "ts": "2026-10-04 15:55:02"}
[DBG] {"category": "QUEUE", "component": "queue", "event": "put_prepare", "host": "d6b2a058c4be", "item_id": "e5f2ecf24dbd450c83500e472aef586b", "partition": "smoke01:preference", "payload_bytes": 1363, "pid": 176274, "policy_version": 0, "queue": "preference", "rank": null, "ts": "2026-10-04 15:55:03"}
[DBG] {"category": "QUEUE", "component": "queue", "event": "BEGIN:queue_put", "host": "d6b2a058c4be", "item_id": "e5f2ecf24dbd450c83500e472aef586b", "pid": 176274, "queue": "preference", "rank": null, "ts": "2026-10-04 15:55:03"}
[DBG] {"category": "QUEUE", "component": "queue", "event": "watchdog_armed", "host": "d6b2a058c4be", "pid": 176274, "rank": null, "stage": "queue_put", "timeout_sec": 30.0, "ts": "2026-10-04 15:55:03"}
[DBG] {"category": "QUEUE", "component": "queue", "elapsed_sec": 0.013402, "event": "END:queue_put", "host": "d6b2a058c4be", "pid": 176274, "rank": null, "ts": "2026-10-04 15:55:03"}
[DBG] {"category": "QUEUE", "component": "queue", "event": "put_done", "host": "d6b2a058c4be", "key": "smoke01:preference:e5f2ecf24dbd450c83500e472aef586b", "pid": 176274, "policy_version": 0, "queue": "preference", "rank": null, "ts": "2026-10-04 15:55:03"}
[DBG] {"category": "QUEUE", "component": "queue", "event": "size_changed", "host": "d6b2a058c4be", "pid": 176274, "queue": "preference", "rank": null, "size": 4, "ts": "2026-10-04 15:55:03"}
[DBG] {"category": "QUEUE", "component": "queue", "current_version": 0, "event": "BEGIN:queue_list_for_pop", "exact": true, "host": "d6b2a058c4be", "max_lag": 3, "pid": 176274, "queue": "preference", "rank": null, "requested": 4, "ts": "2026-10-04 15:55:03"}
[DBG] {"category": "QUEUE", "component": "queue", "event": "watchdog_armed", "host": "d6b2a058c4be", "pid": 176274, "rank": null, "stage": "queue_list_for_pop", "timeout_sec": 30.0, "ts": "2026-10-04 15:55:03"}
[DBG] {"category": "QUEUE", "component": "queue", "elapsed_sec": 0.0015, "event": "END:queue_list_for_pop", "host": "d6b2a058c4be", "pid": 176274, "rank": null, "ts": "2026-10-04 15:55:03"}
[DBG] {"available": 4, "category": "QUEUE", "component": "queue", "event": "pop_scan", "exact": true, "host": "d6b2a058c4be", "pid": 176274, "queue": "preference", "rank": null, "requested": 4, "selected": 4, "selected_keys": ["smoke01:preference:919d3fb4ebef418ca133827d44d450a8", "smoke01:preference:0066e30210f140589ccd7573983fcc38", "smoke01:preference:f0217ef068aa44918618c96bbdc7ebeb", "smoke01:preference:e5f2ecf24dbd450c83500e472aef586b"], "stale": 0, "stale_keys": [], "ts": "2026-10-04 15:55:03"}
[DBG] {"category": "QUEUE", "component": "queue", "event": "BEGIN:queue_get", "host": "d6b2a058c4be", "key": "smoke01:preference:919d3fb4ebef418ca133827d44d450a8", "pid": 176274, "queue": "preference", "rank": null, "ts": "2026-10-04 15:55:03"}
[DBG] {"category": "QUEUE", "component": "queue", "event": "watchdog_armed", "host": "d6b2a058c4be", "pid": 176274, "rank": null, "stage": "queue_get", "timeout_sec": 30.0, "ts": "2026-10-04 15:55:03"}
[DBG] {"category": "QUEUE", "component": "queue", "elapsed_sec": 0.015551, "event": "END:queue_get", "host": "d6b2a058c4be", "pid": 176274, "rank": null, "ts": "2026-10-04 15:55:03"}
[DBG] {"category": "QUEUE", "component": "queue", "event": "queue_item_decoded", "host": "d6b2a058c4be", "item_id": "919d3fb4ebef418ca133827d44d450a8", "key": "smoke01:preference:919d3fb4ebef418ca133827d44d450a8", "pid": 176274, "policy_version": 0, "queue": "preference", "rank": null, "ts": "2026-10-04 15:55:03"}
[DBG] {"category": "QUEUE", "component": "queue", "event": "BEGIN:queue_get", "host": "d6b2a058c4be", "key": "smoke01:preference:0066e30210f140589ccd7573983fcc38", "pid": 176274, "queue": "preference", "rank": null, "ts": "2026-10-04 15:55:03"}
[DBG] {"category": "QUEUE", "component": "queue", "event": "watchdog_armed", "host": "d6b2a058c4be", "pid": 176274, "rank": null, "stage": "queue_get", "timeout_sec": 30.0, "ts": "2026-10-04 15:55:03"}
[DBG] {"category": "QUEUE", "component": "queue", "elapsed_sec": 0.016362, "event": "END:queue_get", "host": "d6b2a058c4be", "pid": 176274, "rank": null, "ts": "2026-10-04 15:55:03"}
[DBG] {"category": "QUEUE", "component": "queue", "event": "queue_item_decoded", "host": "d6b2a058c4be", "item_id": "0066e30210f140589ccd7573983fcc38", "key": "smoke01:preference:0066e30210f140589ccd7573983fcc38", "pid": 176274, "policy_version": 0, "queue": "preference", "rank": null, "ts": "2026-10-04 15:55:03"}
[DBG] {"category": "QUEUE", "component": "queue", "event": "BEGIN:queue_get", "host": "d6b2a058c4be", "key": "smoke01:preference:f0217ef068aa44918618c96bbdc7ebeb", "pid": 176274, "queue": "preference", "rank": null, "ts": "2026-10-04 15:55:03"}
[DBG] {"category": "QUEUE", "component": "queue", "event": "watchdog_armed", "host": "d6b2a058c4be", "pid": 176274, "rank": null, "stage": "queue_get", "timeout_sec": 30.0, "ts": "2026-10-04 15:55:03"}
[DBG] {"category": "QUEUE", "component": "queue", "elapsed_sec": 0.016416, "event": "END:queue_get", "host": "d6b2a058c4be", "pid": 176274, "rank": null, "ts": "2026-10-04 15:55:03"}
[DBG] {"category": "QUEUE", "component": "queue", "event": "queue_item_decoded", "host": "d6b2a058c4be", "item_id": "f0217ef068aa44918618c96bbdc7ebeb", "key": "smoke01:preference:f0217ef068aa44918618c96bbdc7ebeb", "pid": 176274, "policy_version": 0, "queue": "preference", "rank": null, "ts": "2026-10-04 15:55:03"}
[DBG] {"category": "QUEUE", "component": "queue", "event": "BEGIN:queue_get", "host": "d6b2a058c4be", "key": "smoke01:preference:e5f2ecf24dbd450c83500e472aef586b", "pid": 176274, "queue": "preference", "rank": null, "ts": "2026-10-04 15:55:03"}
[DBG] {"category": "QUEUE", "component": "queue", "event": "watchdog_armed", "host": "d6b2a058c4be", "pid": 176274, "rank": null, "stage": "queue_get", "timeout_sec": 30.0, "ts": "2026-10-04 15:55:03"}
[DBG] {"category": "QUEUE", "component": "queue", "elapsed_sec": 0.019291, "event": "END:queue_get", "host": "d6b2a058c4be", "pid": 176274, "rank": null, "ts": "2026-10-04 15:55:03"}
[DBG] {"category": "QUEUE", "component": "queue", "event": "queue_item_decoded", "host": "d6b2a058c4be", "item_id": "e5f2ecf24dbd450c83500e472aef586b", "key": "smoke01:preference:e5f2ecf24dbd450c83500e472aef586b", "pid": 176274, "policy_version": 0, "queue": "preference", "rank": null, "ts": "2026-10-04 15:55:03"}
[DBG] {"category": "QUEUE", "component": "queue", "count": 4, "event": "BEGIN:clear_popped", "host": "d6b2a058c4be", "pid": 176274, "queue": "preference", "rank": null, "ts": "2026-10-04 15:55:03"}
[DBG] {"category": "QUEUE", "component": "queue", "event": "watchdog_armed", "host": "d6b2a058c4be", "pid": 176274, "rank": null, "stage": "clear_popped", "timeout_sec": 30.0, "ts": "2026-10-04 15:55:03"}
[DBG] {"category": "QUEUE", "component": "queue", "elapsed_sec": 0.006856, "event": "END:clear_popped", "host": "d6b2a058c4be", "pid": 176274, "rank": null, "ts": "2026-10-04 15:55:03"}
[DBG] {"category": "QUEUE", "component": "queue", "event": "pop_done", "host": "d6b2a058c4be", "item_ids": ["919d3fb4ebef418ca133827d44d450a8", "0066e30210f140589ccd7573983fcc38", "f0217ef068aa44918618c96bbdc7ebeb", "e5f2ecf24dbd450c83500e472aef586b"], "pid": 176274, "queue": "preference", "rank": null, "remaining": 0, "returned": 4, "stale": 0, "ts": "2026-10-04 15:55:03"}
[DBG] {"category": "QUEUE", "component": "queue", "current_version": null, "event": "BEGIN:queue_list_for_pop", "exact": false, "host": "d6b2a058c4be", "max_lag": null, "pid": 176274, "queue": "rollout", "rank": null, "requested": 1, "ts": "2026-10-04 15:55:41"}
[DBG] {"category": "QUEUE", "component": "queue", "event": "watchdog_armed", "host": "d6b2a058c4be", "pid": 176274, "rank": null, "stage": "queue_list_for_pop", "timeout_sec": 30.0, "ts": "2026-10-04 15:55:41"}
[DBG] {"category": "QUEUE", "component": "queue", "elapsed_sec": 0.002337, "event": "END:queue_list_for_pop", "host": "d6b2a058c4be", "pid": 176274, "rank": null, "ts": "2026-10-04 15:55:41"}
[DBG] {"available": 8, "category": "QUEUE", "component": "queue", "event": "pop_scan", "exact": false, "host": "d6b2a058c4be", "pid": 176274, "queue": "rollout", "rank": null, "requested": 1, "selected": 1, "selected_keys": ["smoke01:rollout:a3b54cb2f36645949f6e319df3a6431e"], "stale": 0, "stale_keys": [], "ts": "2026-10-04 15:55:41"}
[DBG] {"category": "QUEUE", "component": "queue", "event": "BEGIN:queue_get", "host": "d6b2a058c4be", "key": "smoke01:rollout:a3b54cb2f36645949f6e319df3a6431e", "pid": 176274, "queue": "rollout", "rank": null, "ts": "2026-10-04 15:55:41"}
[DBG] {"category": "QUEUE", "component": "queue", "event": "watchdog_armed", "host": "d6b2a058c4be", "pid": 176274, "rank": null, "stage": "queue_get", "timeout_sec": 30.0, "ts": "2026-10-04 15:55:41"}
[DBG] {"category": "QUEUE", "component": "queue", "elapsed_sec": 0.025811, "event": "END:queue_get", "host": "d6b2a058c4be", "pid": 176274, "rank": null, "ts": "2026-10-04 15:55:41"}
[DBG] {"category": "QUEUE", "component": "queue", "event": "queue_item_decoded", "host": "d6b2a058c4be", "item_id": "a3b54cb2f36645949f6e319df3a6431e", "key": "smoke01:rollout:a3b54cb2f36645949f6e319df3a6431e", "pid": 176274, "policy_version": 0, "queue": "rollout", "rank": null, "ts": "2026-10-04 15:55:41"}
[DBG] {"category": "QUEUE", "component": "queue", "count": 1, "event": "BEGIN:clear_popped", "host": "d6b2a058c4be", "pid": 176274, "queue": "rollout", "rank": null, "ts": "2026-10-04 15:55:41"}
[DBG] {"category": "QUEUE", "component": "queue", "event": "watchdog_armed", "host": "d6b2a058c4be", "pid": 176274, "rank": null, "stage": "clear_popped", "timeout_sec": 30.0, "ts": "2026-10-04 15:55:41"}
[DBG] {"category": "QUEUE", "component": "queue", "elapsed_sec": 0.015255, "event": "END:clear_popped", "host": "d6b2a058c4be", "pid": 176274, "rank": null, "ts": "2026-10-04 15:55:41"}
[DBG] {"category": "QUEUE", "component": "queue", "event": "pop_done", "host": "d6b2a058c4be", "item_ids": ["a3b54cb2f36645949f6e319df3a6431e"], "pid": 176274, "queue": "rollout", "rank": null, "remaining": 7, "returned": 1, "stale": 0, "ts": "2026-10-04 15:55:41"}
[DBG] {"category": "QUEUE", "component": "queue", "event": "size_changed", "host": "d6b2a058c4be", "pid": 176274, "queue": "rollout", "rank": null, "size": 7, "ts": "2026-10-04 15:55:41"}
[DBG] {"category": "QUEUE", "component": "queue", "event": "put_prepare", "host": "d6b2a058c4be", "item_id": "de618ad8b7d24d9291f7e0497b90688c", "partition": "smoke01:rollout", "payload_bytes": 2614, "pid": 176274, "policy_version": 0, "queue": "rollout", "rank": null, "ts": "2026-10-04 15:55:41"}
[DBG] {"category": "QUEUE", "component": "queue", "event": "BEGIN:queue_put", "host": "d6b2a058c4be", "item_id": "de618ad8b7d24d9291f7e0497b90688c", "pid": 176274, "queue": "rollout", "rank": null, "ts": "2026-10-04 15:55:41"}
[DBG] {"category": "QUEUE", "component": "queue", "event": "watchdog_armed", "host": "d6b2a058c4be", "pid": 176274, "rank": null, "stage": "queue_put", "timeout_sec": 30.0, "ts": "2026-10-04 15:55:41"}
[DBG] {"category": "QUEUE", "component": "queue", "elapsed_sec": 0.02168, "event": "END:queue_put", "host": "d6b2a058c4be", "pid": 176274, "rank": null, "ts": "2026-10-04 15:55:41"}
[DBG] {"category": "QUEUE", "component": "queue", "event": "put_done", "host": "d6b2a058c4be", "key": "smoke01:rollout:de618ad8b7d24d9291f7e0497b90688c", "pid": 176274, "policy_version": 0, "queue": "rollout", "rank": null, "ts": "2026-10-04 15:55:41"}
[DBG] {"category": "QUEUE", "component": "queue", "event": "put_prepare", "host": "d6b2a058c4be", "item_id": "f9774fb27938481484574d4c4b52fc18", "partition": "smoke01:rollout", "payload_bytes": 1489, "pid": 176274, "policy_version": 0, "queue": "rollout", "rank": null, "ts": "2026-10-04 15:55:41"}
[DBG] {"category": "QUEUE", "component": "queue", "event": "BEGIN:queue_put", "host": "d6b2a058c4be", "item_id": "f9774fb27938481484574d4c4b52fc18", "pid": 176274, "queue": "rollout", "rank": null, "ts": "2026-10-04 15:55:41"}
[DBG] {"category": "QUEUE", "component": "queue", "event": "watchdog_armed", "host": "d6b2a058c4be", "pid": 176274, "rank": null, "stage": "queue_put", "timeout_sec": 30.0, "ts": "2026-10-04 15:55:41"}
[DBG] {"category": "QUEUE", "component": "queue", "elapsed_sec": 0.022881, "event": "END:queue_put", "host": "d6b2a058c4be", "pid": 176274, "rank": null, "ts": "2026-10-04 15:55:42"}
[DBG] {"category": "QUEUE", "component": "queue", "event": "put_done", "host": "d6b2a058c4be", "key": "smoke01:rollout:f9774fb27938481484574d4c4b52fc18", "pid": 176274, "policy_version": 0, "queue": "rollout", "rank": null, "ts": "2026-10-04 15:55:42"}
[DBG] {"category": "QUEUE", "component": "queue", "event": "size_changed", "host": "d6b2a058c4be", "pid": 176274, "queue": "rollout", "rank": null, "size": 9, "ts": "2026-10-04 15:55:42"}
