[DBG] {"category": "QUEUE", "component": "queue", "event": "BEGIN:transfer_queue_init", "host": "d6b2a058c4be", "pid": 209201, "rank": null, "run_id": "smoke01", "ts": "2026-10-04 16:28:28"}
[DBG] {"category": "QUEUE", "component": "queue", "event": "watchdog_armed", "host": "d6b2a058c4be", "pid": 209201, "rank": null, "stage": "transfer_queue_init", "timeout_sec": 30.0, "ts": "2026-10-04 16:28:28"}
[DBG] {"category": "QUEUE", "component": "queue", "elapsed_sec": 6.900742, "event": "END:transfer_queue_init", "host": "d6b2a058c4be", "pid": 209201, "rank": null, "ts": "2026-10-04 16:28:35"}
[DBG] {"category": "QUEUE", "component": "queue", "event": "broker_ready", "host": "d6b2a058c4be", "pid": 209201, "queues": {"preference": "preference", "rollout": "rollout"}, "rank": null, "ts": "2026-10-04 16:28:35"}
[DBG] {"category": "QUEUE", "component": "queue", "current_version": null, "event": "BEGIN:queue_list_for_pop", "exact": false, "host": "d6b2a058c4be", "max_lag": null, "pid": 209201, "queue": "rollout", "rank": null, "requested": 1, "ts": "2026-10-04 16:29:15"}
[DBG] {"category": "QUEUE", "component": "queue", "event": "watchdog_armed", "host": "d6b2a058c4be", "pid": 209201, "rank": null, "stage": "queue_list_for_pop", "timeout_sec": 30.0, "ts": "2026-10-04 16:29:15"}
[DBG] {"category": "QUEUE", "component": "queue", "elapsed_sec": 0.005123, "event": "END:queue_list_for_pop", "host": "d6b2a058c4be", "pid": 209201, "rank": null, "ts": "2026-10-04 16:29:15"}
[DBG] {"available": 0, "category": "QUEUE", "component": "queue", "event": "pop_scan", "exact": false, "host": "d6b2a058c4be", "pid": 209201, "queue": "rollout", "rank": null, "requested": 1, "selected": 0, "selected_keys": [], "stale": 0, "stale_keys": [], "ts": "2026-10-04 16:29:15"}
[DBG] {"category": "QUEUE", "component": "queue", "event": "pop_done", "host": "d6b2a058c4be", "item_ids": [], "pid": 209201, "queue": "rollout", "rank": null, "remaining": 0, "returned": 0, "stale": 0, "ts": "2026-10-04 16:29:15"}
[DBG] {"category": "QUEUE", "component": "queue", "event": "size_changed", "host": "d6b2a058c4be", "pid": 209201, "queue": "rollout", "rank": null, "size": 0, "ts": "2026-10-04 16:29:15"}
[DBG] {"category": "QUEUE", "component": "queue", "current_version": null, "event": "BEGIN:queue_list_for_pop", "exact": false, "host": "d6b2a058c4be", "max_lag": null, "pid": 209201, "queue": "rollout", "rank": null, "requested": 1, "ts": "2026-10-04 16:29:15"}
[DBG] {"category": "QUEUE", "component": "queue", "event": "watchdog_armed", "host": "d6b2a058c4be", "pid": 209201, "rank": null, "stage": "queue_list_for_pop", "timeout_sec": 30.0, "ts": "2026-10-04 16:29:15"}
[DBG] {"category": "QUEUE", "component": "queue", "elapsed_sec": 0.002288, "event": "END:queue_list_for_pop", "host": "d6b2a058c4be", "pid": 209201, "rank": null, "ts": "2026-10-04 16:29:15"}
[DBG] {"available": 0, "category": "QUEUE", "component": "queue", "event": "pop_scan", "exact": false, "host": "d6b2a058c4be", "pid": 209201, "queue": "rollout", "rank": null, "requested": 1, "selected": 0, "selected_keys": [], "stale": 0, "stale_keys": [], "ts": "2026-10-04 16:29:15"}
[DBG] {"category": "QUEUE", "component": "queue", "event": "pop_done", "host": "d6b2a058c4be", "item_ids": [], "pid": 209201, "queue": "rollout", "rank": null, "remaining": 0, "returned": 0, "stale": 0, "ts": "2026-10-04 16:29:15"}
[DBG] {"category": "QUEUE", "component": "queue", "current_version": null, "event": "BEGIN:queue_list_for_pop", "exact": false, "host": "d6b2a058c4be", "max_lag": null, "pid": 209201, "queue": "rollout", "rank": null, "requested": 1, "ts": "2026-10-04 16:29:15"}
[DBG] {"category": "QUEUE", "component": "queue", "event": "watchdog_armed", "host": "d6b2a058c4be", "pid": 209201, "rank": null, "stage": "queue_list_for_pop", "timeout_sec": 30.0, "ts": "2026-10-04 16:29:15"}
[DBG] {"category": "QUEUE", "component": "queue", "elapsed_sec": 0.002285, "event": "END:queue_list_for_pop", "host": "d6b2a058c4be", "pid": 209201, "rank": null, "ts": "2026-10-04 16:29:15"}
[DBG] {"available": 0, "category": "QUEUE", "component": "queue", "event": "pop_scan", "exact": false, "host": "d6b2a058c4be", "pid": 209201, "queue": "rollout", "rank": null, "requested": 1, "selected": 0, "selected_keys": [], "stale": 0, "stale_keys": [], "ts": "2026-10-04 16:29:15"}
[DBG] {"category": "QUEUE", "component": "queue", "event": "pop_done", "host": "d6b2a058c4be", "item_ids": [], "pid": 209201, "queue": "rollout", "rank": null, "remaining": 0, "returned": 0, "stale": 0, "ts": "2026-10-04 16:29:15"}
[DBG] {"category": "QUEUE", "component": "queue", "current_version": null, "event": "BEGIN:queue_list_for_pop", "exact": false, "host": "d6b2a058c4be", "max_lag": null, "pid": 209201, "queue": "rollout", "rank": null, "requested": 1, "ts": "2026-10-04 16:29:15"}
[DBG] {"category": "QUEUE", "component": "queue", "event": "watchdog_armed", "host": "d6b2a058c4be", "pid": 209201, "rank": null, "stage": "queue_list_for_pop", "timeout_sec": 30.0, "ts": "2026-10-04 16:29:15"}
[DBG] {"category": "QUEUE", "component": "queue", "elapsed_sec": 0.002268, "event": "END:queue_list_for_pop", "host": "d6b2a058c4be", "pid": 209201, "rank": null, "ts": "2026-10-04 16:29:15"}
[DBG] {"available": 0, "category": "QUEUE", "component": "queue", "event": "pop_scan", "exact": false, "host": "d6b2a058c4be", "pid": 209201, "queue": "rollout", "rank": null, "requested": 1, "selected": 0, "selected_keys": [], "stale": 0, "stale_keys": [], "ts": "2026-10-04 16:29:15"}
[DBG] {"category": "QUEUE", "component": "queue", "event": "pop_done", "host": "d6b2a058c4be", "item_ids": [], "pid": 209201, "queue": "rollout", "rank": null, "remaining": 0, "returned": 0, "stale": 0, "ts": "2026-10-04 16:29:15"}
[DBG] {"category": "QUEUE", "component": "queue", "current_version": null, "event": "BEGIN:queue_list_for_pop", "exact": false, "host": "d6b2a058c4be", "max_lag": null, "pid": 209201, "queue": "rollout", "rank": null, "requested": 1, "ts": "2026-10-04 16:29:16"}
[DBG] {"category": "QUEUE", "component": "queue", "event": "watchdog_armed", "host": "d6b2a058c4be", "pid": 209201, "rank": null, "stage": "queue_list_for_pop", "timeout_sec": 30.0, "ts": "2026-10-04 16:29:16"}
[DBG] {"category": "QUEUE", "component": "queue", "elapsed_sec": 0.00217, "event": "END:queue_list_for_pop", "host": "d6b2a058c4be", "pid": 209201, "rank": null, "ts": "2026-10-04 16:29:16"}
[DBG] {"available": 0, "category": "QUEUE", "component": "queue", "event": "pop_scan", "exact": false, "host": "d6b2a058c4be", "pid": 209201, "queue": "rollout", "rank": null, "requested": 1, "selected": 0, "selected_keys": [], "stale": 0, "stale_keys": [], "ts": "2026-10-04 16:29:16"}
[DBG] {"category": "QUEUE", "component": "queue", "event": "pop_done", "host": "d6b2a058c4be", "item_ids": [], "pid": 209201, "queue": "rollout", "rank": null, "remaining": 0, "returned": 0, "stale": 0, "ts": "2026-10-04 16:29:16"}
[DBG] {"category": "QUEUE", "component": "queue", "current_version": null, "event": "BEGIN:queue_list_for_pop", "exact": false, "host": "d6b2a058c4be", "max_lag": null, "pid": 209201, "queue": "rollout", "rank": null, "requested": 1, "ts": "2026-10-04 16:29:16"}
[DBG] {"category": "QUEUE", "component": "queue", "event": "watchdog_armed", "host": "d6b2a058c4be", "pid": 209201, "rank": null, "stage": "queue_list_for_pop", "timeout_sec": 30.0, "ts": "2026-10-04 16:29:16"}
[DBG] {"category": "QUEUE", "component": "queue", "elapsed_sec": 0.002552, "event": "END:queue_list_for_pop", "host": "d6b2a058c4be", "pid": 209201, "rank": null, "ts": "2026-10-04 16:29:16"}
[DBG] {"available": 0, "category": "QUEUE", "component": "queue", "event": "pop_scan", "exact": false, "host": "d6b2a058c4be", "pid": 209201, "queue": "rollout", "rank": null, "requested": 1, "selected": 0, "selected_keys": [], "stale": 0, "stale_keys": [], "ts": "2026-10-04 16:29:16"}
[DBG] {"category": "QUEUE", "component": "queue", "event": "pop_done", "host": "d6b2a058c4be", "item_ids": [], "pid": 209201, "queue": "rollout", "rank": null, "remaining": 0, "returned": 0, "stale": 0, "ts": "2026-10-04 16:29:16"}
[DBG] {"category": "QUEUE", "component": "queue", "current_version": null, "event": "BEGIN:queue_list_for_pop", "exact": false, "host": "d6b2a058c4be", "max_lag": null, "pid": 209201, "queue": "rollout", "rank": null, "requested": 1, "ts": "2026-10-04 16:29:16"}
[DBG] {"category": "QUEUE", "component": "queue", "event": "watchdog_armed", "host": "d6b2a058c4be", "pid": 209201, "rank": null, "stage": "queue_list_for_pop", "timeout_sec": 30.0, "ts": "2026-10-04 16:29:16"}
[DBG] {"category": "QUEUE", "component": "queue", "elapsed_sec": 0.00265, "event": "END:queue_list_for_pop", "host": "d6b2a058c4be", "pid": 209201, "rank": null, "ts": "2026-10-04 16:29:16"}
[DBG] {"available": 0, "category": "QUEUE", "component": "queue", "event": "pop_scan", "exact": false, "host": "d6b2a058c4be", "pid": 209201, "queue": "rollout", "rank": null, "requested": 1, "selected": 0, "selected_keys": [], "stale": 0, "stale_keys": [], "ts": "2026-10-04 16:29:16"}
[DBG] {"category": "QUEUE", "component": "queue", "event": "pop_done", "host": "d6b2a058c4be", "item_ids": [], "pid": 209201, "queue": "rollout", "rank": null, "remaining": 0, "returned": 0, "stale": 0, "ts": "2026-10-04 16:29:16"}
[DBG] {"category": "QUEUE", "component": "queue", "current_version": null, "event": "BEGIN:queue_list_for_pop", "exact": false, "host": "d6b2a058c4be", "max_lag": null, "pid": 209201, "queue": "rollout", "rank": null, "requested": 1, "ts": "2026-10-04 16:29:16"}
[DBG] {"category": "QUEUE", "component": "queue", "event": "watchdog_armed", "host": "d6b2a058c4be", "pid": 209201, "rank": null, "stage": "queue_list_for_pop", "timeout_sec": 30.0, "ts": "2026-10-04 16:29:16"}
[DBG] {"category": "QUEUE", "component": "queue", "elapsed_sec": 0.002068, "event": "END:queue_list_for_pop", "host": "d6b2a058c4be", "pid": 209201, "rank": null, "ts": "2026-10-04 16:29:16"}
[DBG] {"available": 0, "category": "QUEUE", "component": "queue", "event": "pop_scan", "exact": false, "host": "d6b2a058c4be", "pid": 209201, "queue": "rollout", "rank": null, "requested": 1, "selected": 0, "selected_keys": [], "stale": 0, "stale_keys": [], "ts": "2026-10-04 16:29:16"}
[DBG] {"category": "QUEUE", "component": "queue", "event": "pop_done", "host": "d6b2a058c4be", "item_ids": [], "pid": 209201, "queue": "rollout", "rank": null, "remaining": 0, "returned": 0, "stale": 0, "ts": "2026-10-04 16:29:16"}
[DBG] {"category": "QUEUE", "component": "queue", "current_version": null, "event": "BEGIN:queue_list_for_pop", "exact": false, "host": "d6b2a058c4be", "max_lag": null, "pid": 209201, "queue": "rollout", "rank": null, "requested": 1, "ts": "2026-10-04 16:29:16"}
[DBG] {"category": "QUEUE", "component": "queue", "event": "watchdog_armed", "host": "d6b2a058c4be", "pid": 209201, "rank": null, "stage": "queue_list_for_pop", "timeout_sec": 30.0, "ts": "2026-10-04 16:29:16"}
[DBG] {"category": "QUEUE", "component": "queue", "elapsed_sec": 0.0024, "event": "END:queue_list_for_pop", "host": "d6b2a058c4be", "pid": 209201, "rank": null, "ts": "2026-10-04 16:29:16"}
[DBG] {"available": 0, "category": "QUEUE", "component": "queue", "event": "pop_scan", "exact": false, "host": "d6b2a058c4be", "pid": 209201, "queue": "rollout", "rank": null, "requested": 1, "selected": 0, "selected_keys": [], "stale": 0, "stale_keys": [], "ts": "2026-10-04 16:29:16"}
[DBG] {"category": "QUEUE", "component": "queue", "event": "pop_done", "host": "d6b2a058c4be", "item_ids": [], "pid": 209201, "queue": "rollout", "rank": null, "remaining": 0, "returned": 0, "stale": 0, "ts": "2026-10-04 16:29:16"}
[DBG] {"category": "QUEUE", "component": "queue", "current_version": null, "event": "BEGIN:queue_list_for_pop", "exact": false, "host": "d6b2a058c4be", "max_lag": null, "pid": 209201, "queue": "rollout", "rank": null, "requested": 1, "ts": "2026-10-04 16:29:17"}
[DBG] {"category": "QUEUE", "component": "queue", "event": "watchdog_armed", "host": "d6b2a058c4be", "pid": 209201, "rank": null, "stage": "queue_list_for_pop", "timeout_sec": 30.0, "ts": "2026-10-04 16:29:17"}
[DBG] {"category": "QUEUE", "component": "queue", "elapsed_sec": 0.002365, "event": "END:queue_list_for_pop", "host": "d6b2a058c4be", "pid": 209201, "rank": null, "ts": "2026-10-04 16:29:17"}
[DBG] {"available": 0, "category": "QUEUE", "component": "queue", "event": "pop_scan", "exact": false, "host": "d6b2a058c4be", "pid": 209201, "queue": "rollout", "rank": null, "requested": 1, "selected": 0, "selected_keys": [], "stale": 0, "stale_keys": [], "ts": "2026-10-04 16:29:17"}
[DBG] {"category": "QUEUE", "component": "queue", "event": "pop_done", "host": "d6b2a058c4be", "item_ids": [], "pid": 209201, "queue": "rollout", "rank": null, "remaining": 0, "returned": 0, "stale": 0, "ts": "2026-10-04 16:29:17"}
[DBG] {"category": "QUEUE", "component": "queue", "current_version": null, "event": "BEGIN:queue_list_for_pop", "exact": false, "host": "d6b2a058c4be", "max_lag": null, "pid": 209201, "queue": "rollout", "rank": null, "requested": 1, "ts": "2026-10-04 16:29:17"}
[DBG] {"category": "QUEUE", "component": "queue", "event": "watchdog_armed", "host": "d6b2a058c4be", "pid": 209201, "rank": null, "stage": "queue_list_for_pop", "timeout_sec": 30.0, "ts": "2026-10-04 16:29:17"}
[DBG] {"category": "QUEUE", "component": "queue", "elapsed_sec": 0.002285, "event": "END:queue_list_for_pop", "host": "d6b2a058c4be", "pid": 209201, "rank": null, "ts": "2026-10-04 16:29:17"}
[DBG] {"available": 0, "category": "QUEUE", "component": "queue", "event": "pop_scan", "exact": false, "host": "d6b2a058c4be", "pid": 209201, "queue": "rollout", "rank": null, "requested": 1, "selected": 0, "selected_keys": [], "stale": 0, "stale_keys": [], "ts": "2026-10-04 16:29:17"}
[DBG] {"category": "QUEUE", "component": "queue", "event": "pop_done", "host": "d6b2a058c4be", "item_ids": [], "pid": 209201, "queue": "rollout", "rank": null, "remaining": 0, "returned": 0, "stale": 0, "ts": "2026-10-04 16:29:17"}
[DBG] {"category": "QUEUE", "component": "queue", "current_version": null, "event": "BEGIN:queue_list_for_pop", "exact": false, "host": "d6b2a058c4be", "max_lag": null, "pid": 209201, "queue": "rollout", "rank": null, "requested": 1, "ts": "2026-10-04 16:29:17"}
[DBG] {"category": "QUEUE", "component": "queue", "event": "watchdog_armed", "host": "d6b2a058c4be", "pid": 209201, "rank": null, "stage": "queue_list_for_pop", "timeout_sec": 30.0, "ts": "2026-10-04 16:29:17"}
[DBG] {"category": "QUEUE", "component": "queue", "elapsed_sec": 0.00241, "event": "END:queue_list_for_pop", "host": "d6b2a058c4be", "pid": 209201, "rank": null, "ts": "2026-10-04 16:29:17"}
[DBG] {"available": 0, "category": "QUEUE", "component": "queue", "event": "pop_scan", "exact": false, "host": "d6b2a058c4be", "pid": 209201, "queue": "rollout", "rank": null, "requested": 1, "selected": 0, "selected_keys": [], "stale": 0, "stale_keys": [], "ts": "2026-10-04 16:29:17"}
[DBG] {"category": "QUEUE", "component": "queue", "event": "pop_done", "host": "d6b2a058c4be", "item_ids": [], "pid": 209201, "queue": "rollout", "rank": null, "remaining": 0, "returned": 0, "stale": 0, "ts": "2026-10-04 16:29:17"}
[DBG] {"category": "QUEUE", "component": "queue", "event": "put_prepare", "host": "d6b2a058c4be", "item_id": "3f577c5b3e7f48f0afd7e54cd3088b1b", "partition": "smoke01:rollout", "payload_bytes": 2050, "pid": 209201, "policy_version": 0, "queue": "rollout", "rank": null, "ts": "2026-10-04 16:29:17"}
[DBG] {"category": "QUEUE", "component": "queue", "event": "BEGIN:queue_put", "host": "d6b2a058c4be", "item_id": "3f577c5b3e7f48f0afd7e54cd3088b1b", "pid": 209201, "queue": "rollout", "rank": null, "ts": "2026-10-04 16:29:17"}
[DBG] {"category": "QUEUE", "component": "queue", "event": "watchdog_armed", "host": "d6b2a058c4be", "pid": 209201, "rank": null, "stage": "queue_put", "timeout_sec": 30.0, "ts": "2026-10-04 16:29:17"}
[DBG] {"category": "QUEUE", "component": "queue", "elapsed_sec": 0.027972, "event": "END:queue_put", "host": "d6b2a058c4be", "pid": 209201, "rank": null, "ts": "2026-10-04 16:29:17"}
[DBG] {"category": "QUEUE", "component": "queue", "event": "put_done", "host": "d6b2a058c4be", "key": "smoke01:rollout:3f577c5b3e7f48f0afd7e54cd3088b1b", "pid": 209201, "policy_version": 0, "queue": "rollout", "rank": null, "ts": "2026-10-04 16:29:17"}
[DBG] {"category": "QUEUE", "component": "queue", "event": "put_prepare", "host": "d6b2a058c4be", "item_id": "201e9b648e61488fa5b7c368eb36d33c", "partition": "smoke01:rollout", "payload_bytes": 2740, "pid": 209201, "policy_version": 0, "queue": "rollout", "rank": null, "ts": "2026-10-04 16:29:17"}
[DBG] {"category": "QUEUE", "component": "queue", "event": "BEGIN:queue_put", "host": "d6b2a058c4be", "item_id": "201e9b648e61488fa5b7c368eb36d33c", "pid": 209201, "queue": "rollout", "rank": null, "ts": "2026-10-04 16:29:17"}
[DBG] {"category": "QUEUE", "component": "queue", "event": "watchdog_armed", "host": "d6b2a058c4be", "pid": 209201, "rank": null, "stage": "queue_put", "timeout_sec": 30.0, "ts": "2026-10-04 16:29:17"}
[DBG] {"category": "QUEUE", "component": "queue", "elapsed_sec": 0.023581, "event": "END:queue_put", "host": "d6b2a058c4be", "pid": 209201, "rank": null, "ts": "2026-10-04 16:29:17"}
[DBG] {"category": "QUEUE", "component": "queue", "event": "put_done", "host": "d6b2a058c4be", "key": "smoke01:rollout:201e9b648e61488fa5b7c368eb36d33c", "pid": 209201, "policy_version": 0, "queue": "rollout", "rank": null, "ts": "2026-10-04 16:29:17"}
[DBG] {"category": "QUEUE", "component": "queue", "event": "size_changed", "host": "d6b2a058c4be", "pid": 209201, "queue": "rollout", "rank": null, "size": 2, "ts": "2026-10-04 16:29:17"}
[DBG] {"category": "QUEUE", "component": "queue", "current_version": null, "event": "BEGIN:queue_list_for_pop", "exact": false, "host": "d6b2a058c4be", "max_lag": null, "pid": 209201, "queue": "rollout", "rank": null, "requested": 1, "ts": "2026-10-04 16:29:17"}
[DBG] {"category": "QUEUE", "component": "queue", "event": "watchdog_armed", "host": "d6b2a058c4be", "pid": 209201, "rank": null, "stage": "queue_list_for_pop", "timeout_sec": 30.0, "ts": "2026-10-04 16:29:17"}
[DBG] {"category": "QUEUE", "component": "queue", "elapsed_sec": 0.002354, "event": "END:queue_list_for_pop", "host": "d6b2a058c4be", "pid": 209201, "rank": null, "ts": "2026-10-04 16:29:17"}
[DBG] {"available": 2, "category": "QUEUE", "component": "queue", "event": "pop_scan", "exact": false, "host": "d6b2a058c4be", "pid": 209201, "queue": "rollout", "rank": null, "requested": 1, "selected": 1, "selected_keys": ["smoke01:rollout:3f577c5b3e7f48f0afd7e54cd3088b1b"], "stale": 0, "stale_keys": [], "ts": "2026-10-04 16:29:17"}
[DBG] {"category": "QUEUE", "component": "queue", "event": "BEGIN:queue_get", "host": "d6b2a058c4be", "key": "smoke01:rollout:3f577c5b3e7f48f0afd7e54cd3088b1b", "pid": 209201, "queue": "rollout", "rank": null, "ts": "2026-10-04 16:29:17"}
[DBG] {"category": "QUEUE", "component": "queue", "event": "watchdog_armed", "host": "d6b2a058c4be", "pid": 209201, "rank": null, "stage": "queue_get", "timeout_sec": 30.0, "ts": "2026-10-04 16:29:17"}
[DBG] {"category": "QUEUE", "component": "queue", "elapsed_sec": 0.037897, "event": "END:queue_get", "host": "d6b2a058c4be", "pid": 209201, "rank": null, "ts": "2026-10-04 16:29:17"}
[DBG] {"category": "QUEUE", "component": "queue", "event": "queue_item_decoded", "host": "d6b2a058c4be", "item_id": "3f577c5b3e7f48f0afd7e54cd3088b1b", "key": "smoke01:rollout:3f577c5b3e7f48f0afd7e54cd3088b1b", "pid": 209201, "policy_version": 0, "queue": "rollout", "rank": null, "ts": "2026-10-04 16:29:17"}
[DBG] {"category": "QUEUE", "component": "queue", "count": 1, "event": "BEGIN:clear_popped", "host": "d6b2a058c4be", "pid": 209201, "queue": "rollout", "rank": null, "ts": "2026-10-04 16:29:17"}
[DBG] {"category": "QUEUE", "component": "queue", "event": "watchdog_armed", "host": "d6b2a058c4be", "pid": 209201, "rank": null, "stage": "clear_popped", "timeout_sec": 30.0, "ts": "2026-10-04 16:29:17"}
[DBG] {"category": "QUEUE", "component": "queue", "elapsed_sec": 0.016328, "event": "END:clear_popped", "host": "d6b2a058c4be", "pid": 209201, "rank": null, "ts": "2026-10-04 16:29:17"}
[DBG] {"category": "QUEUE", "component": "queue", "event": "pop_done", "host": "d6b2a058c4be", "item_ids": ["3f577c5b3e7f48f0afd7e54cd3088b1b"], "pid": 209201, "queue": "rollout", "rank": null, "remaining": 1, "returned": 1, "stale": 0, "ts": "2026-10-04 16:29:17"}
[DBG] {"category": "QUEUE", "component": "queue", "event": "put_prepare", "host": "d6b2a058c4be", "item_id": "380d6320eea4441da9a247017cf0b6aa", "partition": "smoke01:rollout", "payload_bytes": 2940, "pid": 209201, "policy_version": 0, "queue": "rollout", "rank": null, "ts": "2026-10-04 16:29:18"}
[DBG] {"category": "QUEUE", "component": "queue", "event": "BEGIN:queue_put", "host": "d6b2a058c4be", "item_id": "380d6320eea4441da9a247017cf0b6aa", "pid": 209201, "queue": "rollout", "rank": null, "ts": "2026-10-04 16:29:18"}
[DBG] {"category": "QUEUE", "component": "queue", "event": "watchdog_armed", "host": "d6b2a058c4be", "pid": 209201, "rank": null, "stage": "queue_put", "timeout_sec": 30.0, "ts": "2026-10-04 16:29:18"}
[DBG] {"category": "QUEUE", "component": "queue", "elapsed_sec": 0.02953, "event": "END:queue_put", "host": "d6b2a058c4be", "pid": 209201, "rank": null, "ts": "2026-10-04 16:29:18"}
[DBG] {"category": "QUEUE", "component": "queue", "event": "put_done", "host": "d6b2a058c4be", "key": "smoke01:rollout:380d6320eea4441da9a247017cf0b6aa", "pid": 209201, "policy_version": 0, "queue": "rollout", "rank": null, "ts": "2026-10-04 16:29:18"}
[DBG] {"category": "QUEUE", "component": "queue", "event": "put_prepare", "host": "d6b2a058c4be", "item_id": "bf4d71d3f4774e499d7f1cddf7391eb7", "partition": "smoke01:rollout", "payload_bytes": 2592, "pid": 209201, "policy_version": 0, "queue": "rollout", "rank": null, "ts": "2026-10-04 16:29:18"}
[DBG] {"category": "QUEUE", "component": "queue", "event": "BEGIN:queue_put", "host": "d6b2a058c4be", "item_id": "bf4d71d3f4774e499d7f1cddf7391eb7", "pid": 209201, "queue": "rollout", "rank": null, "ts": "2026-10-04 16:29:18"}
[DBG] {"category": "QUEUE", "component": "queue", "event": "watchdog_armed", "host": "d6b2a058c4be", "pid": 209201, "rank": null, "stage": "queue_put", "timeout_sec": 30.0, "ts": "2026-10-04 16:29:18"}
[DBG] {"category": "QUEUE", "component": "queue", "elapsed_sec": 0.027527, "event": "END:queue_put", "host": "d6b2a058c4be", "pid": 209201, "rank": null, "ts": "2026-10-04 16:29:18"}
[DBG] {"category": "QUEUE", "component": "queue", "event": "put_done", "host": "d6b2a058c4be", "key": "smoke01:rollout:bf4d71d3f4774e499d7f1cddf7391eb7", "pid": 209201, "policy_version": 0, "queue": "rollout", "rank": null, "ts": "2026-10-04 16:29:18"}
[DBG] {"category": "QUEUE", "component": "queue", "event": "size_changed", "host": "d6b2a058c4be", "pid": 209201, "queue": "rollout", "rank": null, "size": 3, "ts": "2026-10-04 16:29:18"}
[DBG] {"category": "QUEUE", "component": "queue", "event": "put_prepare", "host": "d6b2a058c4be", "item_id": "111abe988bb24391837b2a163e09f8a8", "partition": "smoke01:rollout", "payload_bytes": 1897, "pid": 209201, "policy_version": 0, "queue": "rollout", "rank": null, "ts": "2026-10-04 16:29:18"}
[DBG] {"category": "QUEUE", "component": "queue", "event": "BEGIN:queue_put", "host": "d6b2a058c4be", "item_id": "111abe988bb24391837b2a163e09f8a8", "pid": 209201, "queue": "rollout", "rank": null, "ts": "2026-10-04 16:29:18"}
[DBG] {"category": "QUEUE", "component": "queue", "event": "watchdog_armed", "host": "d6b2a058c4be", "pid": 209201, "rank": null, "stage": "queue_put", "timeout_sec": 30.0, "ts": "2026-10-04 16:29:18"}
[DBG] {"category": "QUEUE", "component": "queue", "elapsed_sec": 0.03176, "event": "END:queue_put", "host": "d6b2a058c4be", "pid": 209201, "rank": null, "ts": "2026-10-04 16:29:18"}
[DBG] {"category": "QUEUE", "component": "queue", "event": "put_done", "host": "d6b2a058c4be", "key": "smoke01:rollout:111abe988bb24391837b2a163e09f8a8", "pid": 209201, "policy_version": 0, "queue": "rollout", "rank": null, "ts": "2026-10-04 16:29:18"}
[DBG] {"category": "QUEUE", "component": "queue", "event": "put_prepare", "host": "d6b2a058c4be", "item_id": "a1c1c7e6865c4feea0b652be8fcb1251", "partition": "smoke01:rollout", "payload_bytes": 2505, "pid": 209201, "policy_version": 0, "queue": "rollout", "rank": null, "ts": "2026-10-04 16:29:18"}
[DBG] {"category": "QUEUE", "component": "queue", "event": "BEGIN:queue_put", "host": "d6b2a058c4be", "item_id": "a1c1c7e6865c4feea0b652be8fcb1251", "pid": 209201, "queue": "rollout", "rank": null, "ts": "2026-10-04 16:29:18"}
[DBG] {"category": "QUEUE", "component": "queue", "event": "watchdog_armed", "host": "d6b2a058c4be", "pid": 209201, "rank": null, "stage": "queue_put", "timeout_sec": 30.0, "ts": "2026-10-04 16:29:18"}
[DBG] {"category": "QUEUE", "component": "queue", "elapsed_sec": 0.026225, "event": "END:queue_put", "host": "d6b2a058c4be", "pid": 209201, "rank": null, "ts": "2026-10-04 16:29:18"}
[DBG] {"category": "QUEUE", "component": "queue", "event": "put_done", "host": "d6b2a058c4be", "key": "smoke01:rollout:a1c1c7e6865c4feea0b652be8fcb1251", "pid": 209201, "policy_version": 0, "queue": "rollout", "rank": null, "ts": "2026-10-04 16:29:18"}
[DBG] {"category": "QUEUE", "component": "queue", "event": "size_changed", "host": "d6b2a058c4be", "pid": 209201, "queue": "rollout", "rank": null, "size": 5, "ts": "2026-10-04 16:29:18"}
[DBG] {"category": "QUEUE", "component": "queue", "event": "put_prepare", "host": "d6b2a058c4be", "item_id": "255af964529049b4b3db8fc267504fc9", "partition": "smoke01:rollout", "payload_bytes": 2108, "pid": 209201, "policy_version": 0, "queue": "rollout", "rank": null, "ts": "2026-10-04 16:29:19"}
[DBG] {"category": "QUEUE", "component": "queue", "event": "BEGIN:queue_put", "host": "d6b2a058c4be", "item_id": "255af964529049b4b3db8fc267504fc9", "pid": 209201, "queue": "rollout", "rank": null, "ts": "2026-10-04 16:29:19"}
[DBG] {"category": "QUEUE", "component": "queue", "event": "watchdog_armed", "host": "d6b2a058c4be", "pid": 209201, "rank": null, "stage": "queue_put", "timeout_sec": 30.0, "ts": "2026-10-04 16:29:19"}
[DBG] {"category": "QUEUE", "component": "queue", "elapsed_sec": 0.028685, "event": "END:queue_put", "host": "d6b2a058c4be", "pid": 209201, "rank": null, "ts": "2026-10-04 16:29:19"}
[DBG] {"category": "QUEUE", "component": "queue", "event": "put_done", "host": "d6b2a058c4be", "key": "smoke01:rollout:255af964529049b4b3db8fc267504fc9", "pid": 209201, "policy_version": 0, "queue": "rollout", "rank": null, "ts": "2026-10-04 16:29:19"}
[DBG] {"category": "QUEUE", "component": "queue", "event": "put_prepare", "host": "d6b2a058c4be", "item_id": "90c4c7e3bde144669e749ce8784ec359", "partition": "smoke01:rollout", "payload_bytes": 2785, "pid": 209201, "policy_version": 0, "queue": "rollout", "rank": null, "ts": "2026-10-04 16:29:19"}
[DBG] {"category": "QUEUE", "component": "queue", "event": "BEGIN:queue_put", "host": "d6b2a058c4be", "item_id": "90c4c7e3bde144669e749ce8784ec359", "pid": 209201, "queue": "rollout", "rank": null, "ts": "2026-10-04 16:29:19"}
[DBG] {"category": "QUEUE", "component": "queue", "event": "watchdog_armed", "host": "d6b2a058c4be", "pid": 209201, "rank": null, "stage": "queue_put", "timeout_sec": 30.0, "ts": "2026-10-04 16:29:19"}
[DBG] {"category": "QUEUE", "component": "queue", "elapsed_sec": 0.025015, "event": "END:queue_put", "host": "d6b2a058c4be", "pid": 209201, "rank": null, "ts": "2026-10-04 16:29:19"}
[DBG] {"category": "QUEUE", "component": "queue", "event": "put_done", "host": "d6b2a058c4be", "key": "smoke01:rollout:90c4c7e3bde144669e749ce8784ec359", "pid": 209201, "policy_version": 0, "queue": "rollout", "rank": null, "ts": "2026-10-04 16:29:19"}
[DBG] {"category": "QUEUE", "component": "queue", "event": "size_changed", "host": "d6b2a058c4be", "pid": 209201, "queue": "rollout", "rank": null, "size": 7, "ts": "2026-10-04 16:29:19"}
[DBG] {"category": "QUEUE", "component": "queue", "event": "put_prepare", "host": "d6b2a058c4be", "item_id": "71f1cc596fa54cb3a2f755c6f27b4ae5", "partition": "smoke01:rollout", "payload_bytes": 2298, "pid": 209201, "policy_version": 0, "queue": "rollout", "rank": null, "ts": "2026-10-04 16:29:20"}
[DBG] {"category": "QUEUE", "component": "queue", "event": "BEGIN:queue_put", "host": "d6b2a058c4be", "item_id": "71f1cc596fa54cb3a2f755c6f27b4ae5", "pid": 209201, "queue": "rollout", "rank": null, "ts": "2026-10-04 16:29:20"}
[DBG] {"category": "QUEUE", "component": "queue", "event": "watchdog_armed", "host": "d6b2a058c4be", "pid": 209201, "rank": null, "stage": "queue_put", "timeout_sec": 30.0, "ts": "2026-10-04 16:29:20"}
[DBG] {"category": "QUEUE", "component": "queue", "elapsed_sec": 0.022617, "event": "END:queue_put", "host": "d6b2a058c4be", "pid": 209201, "rank": null, "ts": "2026-10-04 16:29:20"}
[DBG] {"category": "QUEUE", "component": "queue", "event": "put_done", "host": "d6b2a058c4be", "key": "smoke01:rollout:71f1cc596fa54cb3a2f755c6f27b4ae5", "pid": 209201, "policy_version": 0, "queue": "rollout", "rank": null, "ts": "2026-10-04 16:29:20"}
[DBG] {"category": "QUEUE", "component": "queue", "event": "put_prepare", "host": "d6b2a058c4be", "item_id": "3467a1273dcc48e3a1401058c86d56c9", "partition": "smoke01:rollout", "payload_bytes": 3087, "pid": 209201, "policy_version": 0, "queue": "rollout", "rank": null, "ts": "2026-10-04 16:29:20"}
[DBG] {"category": "QUEUE", "component": "queue", "event": "BEGIN:queue_put", "host": "d6b2a058c4be", "item_id": "3467a1273dcc48e3a1401058c86d56c9", "pid": 209201, "queue": "rollout", "rank": null, "ts": "2026-10-04 16:29:20"}
[DBG] {"category": "QUEUE", "component": "queue", "event": "watchdog_armed", "host": "d6b2a058c4be", "pid": 209201, "rank": null, "stage": "queue_put", "timeout_sec": 30.0, "ts": "2026-10-04 16:29:20"}
[DBG] {"category": "QUEUE", "component": "queue", "elapsed_sec": 0.030494, "event": "END:queue_put", "host": "d6b2a058c4be", "pid": 209201, "rank": null, "ts": "2026-10-04 16:29:20"}
[DBG] {"category": "QUEUE", "component": "queue", "event": "put_done", "host": "d6b2a058c4be", "key": "smoke01:rollout:3467a1273dcc48e3a1401058c86d56c9", "pid": 209201, "policy_version": 0, "queue": "rollout", "rank": null, "ts": "2026-10-04 16:29:20"}
[DBG] {"category": "QUEUE", "component": "queue", "event": "size_changed", "host": "d6b2a058c4be", "pid": 209201, "queue": "rollout", "rank": null, "size": 9, "ts": "2026-10-04 16:29:20"}
[DBG] {"category": "QUEUE", "component": "queue", "event": "size_changed", "host": "d6b2a058c4be", "pid": 209201, "queue": "preference", "rank": null, "size": 0, "ts": "2026-10-04 16:29:39"}
[DBG] {"category": "QUEUE", "component": "queue", "current_version": 0, "event": "BEGIN:queue_list_for_pop", "exact": true, "host": "d6b2a058c4be", "max_lag": 3, "pid": 209201, "queue": "preference", "rank": null, "requested": 4, "ts": "2026-10-04 16:29:39"}
[DBG] {"category": "QUEUE", "component": "queue", "event": "watchdog_armed", "host": "d6b2a058c4be", "pid": 209201, "rank": null, "stage": "queue_list_for_pop", "timeout_sec": 30.0, "ts": "2026-10-04 16:29:39"}
[DBG] {"category": "QUEUE", "component": "queue", "elapsed_sec": 0.001451, "event": "END:queue_list_for_pop", "host": "d6b2a058c4be", "pid": 209201, "rank": null, "ts": "2026-10-04 16:29:39"}
[DBG] {"available": 0, "category": "QUEUE", "component": "queue", "event": "pop_scan", "exact": true, "host": "d6b2a058c4be", "pid": 209201, "queue": "preference", "rank": null, "requested": 4, "selected": 0, "selected_keys": [], "stale": 0, "stale_keys": [], "ts": "2026-10-04 16:29:39"}
[DBG] {"available": 0, "category": "QUEUE", "component": "queue", "event": "pop_not_enough", "host": "d6b2a058c4be", "pid": 209201, "queue": "preference", "rank": null, "requested": 4, "ts": "2026-10-04 16:29:39"}
[DBG] {"category": "QUEUE", "component": "queue", "current_version": 0, "event": "BEGIN:queue_list_for_pop", "exact": true, "host": "d6b2a058c4be", "max_lag": 3, "pid": 209201, "queue": "preference", "rank": null, "requested": 4, "ts": "2026-10-04 16:29:39"}
[DBG] {"category": "QUEUE", "component": "queue", "event": "watchdog_armed", "host": "d6b2a058c4be", "pid": 209201, "rank": null, "stage": "queue_list_for_pop", "timeout_sec": 30.0, "ts": "2026-10-04 16:29:39"}
[DBG] {"category": "QUEUE", "component": "queue", "elapsed_sec": 0.001583, "event": "END:queue_list_for_pop", "host": "d6b2a058c4be", "pid": 209201, "rank": null, "ts": "2026-10-04 16:29:39"}
[DBG] {"available": 0, "category": "QUEUE", "component": "queue", "event": "pop_scan", "exact": true, "host": "d6b2a058c4be", "pid": 209201, "queue": "preference", "rank": null, "requested": 4, "selected": 0, "selected_keys": [], "stale": 0, "stale_keys": [], "ts": "2026-10-04 16:29:39"}
[DBG] {"available": 0, "category": "QUEUE", "component": "queue", "event": "pop_not_enough", "host": "d6b2a058c4be", "pid": 209201, "queue": "preference", "rank": null, "requested": 4, "ts": "2026-10-04 16:29:39"}
[DBG] {"category": "QUEUE", "component": "queue", "current_version": 0, "event": "BEGIN:queue_list_for_pop", "exact": true, "host": "d6b2a058c4be", "max_lag": 3, "pid": 209201, "queue": "preference", "rank": null, "requested": 4, "ts": "2026-10-04 16:29:40"}
[DBG] {"category": "QUEUE", "component": "queue", "event": "watchdog_armed", "host": "d6b2a058c4be", "pid": 209201, "rank": null, "stage": "queue_list_for_pop", "timeout_sec": 30.0, "ts": "2026-10-04 16:29:40"}
[DBG] {"category": "QUEUE", "component": "queue", "elapsed_sec": 0.001653, "event": "END:queue_list_for_pop", "host": "d6b2a058c4be", "pid": 209201, "rank": null, "ts": "2026-10-04 16:29:40"}
[DBG] {"available": 0, "category": "QUEUE", "component": "queue", "event": "pop_scan", "exact": true, "host": "d6b2a058c4be", "pid": 209201, "queue": "preference", "rank": null, "requested": 4, "selected": 0, "selected_keys": [], "stale": 0, "stale_keys": [], "ts": "2026-10-04 16:29:40"}
[DBG] {"available": 0, "category": "QUEUE", "component": "queue", "event": "pop_not_enough", "host": "d6b2a058c4be", "pid": 209201, "queue": "preference", "rank": null, "requested": 4, "ts": "2026-10-04 16:29:40"}
[DBG] {"category": "QUEUE", "component": "queue", "current_version": 0, "event": "BEGIN:queue_list_for_pop", "exact": true, "host": "d6b2a058c4be", "max_lag": 3, "pid": 209201, "queue": "preference", "rank": null, "requested": 4, "ts": "2026-10-04 16:29:40"}
[DBG] {"category": "QUEUE", "component": "queue", "event": "watchdog_armed", "host": "d6b2a058c4be", "pid": 209201, "rank": null, "stage": "queue_list_for_pop", "timeout_sec": 30.0, "ts": "2026-10-04 16:29:40"}
[DBG] {"category": "QUEUE", "component": "queue", "elapsed_sec": 0.00068, "event": "END:queue_list_for_pop", "host": "d6b2a058c4be", "pid": 209201, "rank": null, "ts": "2026-10-04 16:29:40"}
[DBG] {"available": 0, "category": "QUEUE", "component": "queue", "event": "pop_scan", "exact": true, "host": "d6b2a058c4be", "pid": 209201, "queue": "preference", "rank": null, "requested": 4, "selected": 0, "selected_keys": [], "stale": 0, "stale_keys": [], "ts": "2026-10-04 16:29:40"}
[DBG] {"available": 0, "category": "QUEUE", "component": "queue", "event": "pop_not_enough", "host": "d6b2a058c4be", "pid": 209201, "queue": "preference", "rank": null, "requested": 4, "ts": "2026-10-04 16:29:40"}
[DBG] {"category": "QUEUE", "component": "queue", "current_version": 0, "event": "BEGIN:queue_list_for_pop", "exact": true, "host": "d6b2a058c4be", "max_lag": 3, "pid": 209201, "queue": "preference", "rank": null, "requested": 4, "ts": "2026-10-04 16:29:41"}
[DBG] {"category": "QUEUE", "component": "queue", "event": "watchdog_armed", "host": "d6b2a058c4be", "pid": 209201, "rank": null, "stage": "queue_list_for_pop", "timeout_sec": 30.0, "ts": "2026-10-04 16:29:41"}
[DBG] {"category": "QUEUE", "component": "queue", "elapsed_sec": 0.001114, "event": "END:queue_list_for_pop", "host": "d6b2a058c4be", "pid": 209201, "rank": null, "ts": "2026-10-04 16:29:41"}
[DBG] {"available": 0, "category": "QUEUE", "component": "queue", "event": "pop_scan", "exact": true, "host": "d6b2a058c4be", "pid": 209201, "queue": "preference", "rank": null, "requested": 4, "selected": 0, "selected_keys": [], "stale": 0, "stale_keys": [], "ts": "2026-10-04 16:29:41"}
[DBG] {"available": 0, "category": "QUEUE", "component": "queue", "event": "pop_not_enough", "host": "d6b2a058c4be", "pid": 209201, "queue": "preference", "rank": null, "requested": 4, "ts": "2026-10-04 16:29:41"}
[DBG] {"category": "QUEUE", "component": "queue", "current_version": 0, "event": "BEGIN:queue_list_for_pop", "exact": true, "host": "d6b2a058c4be", "max_lag": 3, "pid": 209201, "queue": "preference", "rank": null, "requested": 4, "ts": "2026-10-04 16:29:42"}
[DBG] {"category": "QUEUE", "component": "queue", "event": "watchdog_armed", "host": "d6b2a058c4be", "pid": 209201, "rank": null, "stage": "queue_list_for_pop", "timeout_sec": 30.0, "ts": "2026-10-04 16:29:42"}
[DBG] {"category": "QUEUE", "component": "queue", "elapsed_sec": 0.00203, "event": "END:queue_list_for_pop", "host": "d6b2a058c4be", "pid": 209201, "rank": null, "ts": "2026-10-04 16:29:42"}
[DBG] {"available": 0, "category": "QUEUE", "component": "queue", "event": "pop_scan", "exact": true, "host": "d6b2a058c4be", "pid": 209201, "queue": "preference", "rank": null, "requested": 4, "selected": 0, "selected_keys": [], "stale": 0, "stale_keys": [], "ts": "2026-10-04 16:29:42"}
[DBG] {"available": 0, "category": "QUEUE", "component": "queue", "event": "pop_not_enough", "host": "d6b2a058c4be", "pid": 209201, "queue": "preference", "rank": null, "requested": 4, "ts": "2026-10-04 16:29:42"}
[DBG] {"category": "QUEUE", "component": "queue", "current_version": 0, "event": "BEGIN:queue_list_for_pop", "exact": true, "host": "d6b2a058c4be", "max_lag": 3, "pid": 209201, "queue": "preference", "rank": null, "requested": 4, "ts": "2026-10-04 16:29:42"}
[DBG] {"category": "QUEUE", "component": "queue", "event": "watchdog_armed", "host": "d6b2a058c4be", "pid": 209201, "rank": null, "stage": "queue_list_for_pop", "timeout_sec": 30.0, "ts": "2026-10-04 16:29:42"}
[DBG] {"category": "QUEUE", "component": "queue", "elapsed_sec": 0.001827, "event": "END:queue_list_for_pop", "host": "d6b2a058c4be", "pid": 209201, "rank": null, "ts": "2026-10-04 16:29:42"}
[DBG] {"available": 0, "category": "QUEUE", "component": "queue", "event": "pop_scan", "exact": true, "host": "d6b2a058c4be", "pid": 209201, "queue": "preference", "rank": null, "requested": 4, "selected": 0, "selected_keys": [], "stale": 0, "stale_keys": [], "ts": "2026-10-04 16:29:42"}
[DBG] {"available": 0, "category": "QUEUE", "component": "queue", "event": "pop_not_enough", "host": "d6b2a058c4be", "pid": 209201, "queue": "preference", "rank": null, "requested": 4, "ts": "2026-10-04 16:29:42"}
[DBG] {"category": "QUEUE", "component": "queue", "current_version": 0, "event": "BEGIN:queue_list_for_pop", "exact": true, "host": "d6b2a058c4be", "max_lag": 3, "pid": 209201, "queue": "preference", "rank": null, "requested": 4, "ts": "2026-10-04 16:29:43"}
[DBG] {"category": "QUEUE", "component": "queue", "event": "watchdog_armed", "host": "d6b2a058c4be", "pid": 209201, "rank": null, "stage": "queue_list_for_pop", "timeout_sec": 30.0, "ts": "2026-10-04 16:29:43"}
[DBG] {"category": "QUEUE", "component": "queue", "elapsed_sec": 0.001967, "event": "END:queue_list_for_pop", "host": "d6b2a058c4be", "pid": 209201, "rank": null, "ts": "2026-10-04 16:29:43"}
[DBG] {"available": 0, "category": "QUEUE", "component": "queue", "event": "pop_scan", "exact": true, "host": "d6b2a058c4be", "pid": 209201, "queue": "preference", "rank": null, "requested": 4, "selected": 0, "selected_keys": [], "stale": 0, "stale_keys": [], "ts": "2026-10-04 16:29:43"}
[DBG] {"available": 0, "category": "QUEUE", "component": "queue", "event": "pop_not_enough", "host": "d6b2a058c4be", "pid": 209201, "queue": "preference", "rank": null, "requested": 4, "ts": "2026-10-04 16:29:43"}
[DBG] {"category": "QUEUE", "component": "queue", "current_version": 0, "event": "BEGIN:queue_list_for_pop", "exact": true, "host": "d6b2a058c4be", "max_lag": 3, "pid": 209201, "queue": "preference", "rank": null, "requested": 4, "ts": "2026-10-04 16:29:43"}
[DBG] {"category": "QUEUE", "component": "queue", "event": "watchdog_armed", "host": "d6b2a058c4be", "pid": 209201, "rank": null, "stage": "queue_list_for_pop", "timeout_sec": 30.0, "ts": "2026-10-04 16:29:43"}
[DBG] {"category": "QUEUE", "component": "queue", "elapsed_sec": 0.001898, "event": "END:queue_list_for_pop", "host": "d6b2a058c4be", "pid": 209201, "rank": null, "ts": "2026-10-04 16:29:43"}
[DBG] {"available": 0, "category": "QUEUE", "component": "queue", "event": "pop_scan", "exact": true, "host": "d6b2a058c4be", "pid": 209201, "queue": "preference", "rank": null, "requested": 4, "selected": 0, "selected_keys": [], "stale": 0, "stale_keys": [], "ts": "2026-10-04 16:29:43"}
[DBG] {"available": 0, "category": "QUEUE", "component": "queue", "event": "pop_not_enough", "host": "d6b2a058c4be", "pid": 209201, "queue": "preference", "rank": null, "requested": 4, "ts": "2026-10-04 16:29:43"}
[DBG] {"category": "QUEUE", "component": "queue", "current_version": 0, "event": "BEGIN:queue_list_for_pop", "exact": true, "host": "d6b2a058c4be", "max_lag": 3, "pid": 209201, "queue": "preference", "rank": null, "requested": 4, "ts": "2026-10-04 16:29:44"}
[DBG] {"category": "QUEUE", "component": "queue", "event": "watchdog_armed", "host": "d6b2a058c4be", "pid": 209201, "rank": null, "stage": "queue_list_for_pop", "timeout_sec": 30.0, "ts": "2026-10-04 16:29:44"}
[DBG] {"category": "QUEUE", "component": "queue", "elapsed_sec": 0.002804, "event": "END:queue_list_for_pop", "host": "d6b2a058c4be", "pid": 209201, "rank": null, "ts": "2026-10-04 16:29:44"}
[DBG] {"available": 0, "category": "QUEUE", "component": "queue", "event": "pop_scan", "exact": true, "host": "d6b2a058c4be", "pid": 209201, "queue": "preference", "rank": null, "requested": 4, "selected": 0, "selected_keys": [], "stale": 0, "stale_keys": [], "ts": "2026-10-04 16:29:44"}
[DBG] {"available": 0, "category": "QUEUE", "component": "queue", "event": "pop_not_enough", "host": "d6b2a058c4be", "pid": 209201, "queue": "preference", "rank": null, "requested": 4, "ts": "2026-10-04 16:29:44"}
[DBG] {"category": "QUEUE", "component": "queue", "current_version": 0, "event": "BEGIN:queue_list_for_pop", "exact": true, "host": "d6b2a058c4be", "max_lag": 3, "pid": 209201, "queue": "preference", "rank": null, "requested": 4, "ts": "2026-10-04 16:29:44"}
[DBG] {"category": "QUEUE", "component": "queue", "event": "watchdog_armed", "host": "d6b2a058c4be", "pid": 209201, "rank": null, "stage": "queue_list_for_pop", "timeout_sec": 30.0, "ts": "2026-10-04 16:29:44"}
[DBG] {"category": "QUEUE", "component": "queue", "elapsed_sec": 0.00181, "event": "END:queue_list_for_pop", "host": "d6b2a058c4be", "pid": 209201, "rank": null, "ts": "2026-10-04 16:29:44"}
[DBG] {"available": 0, "category": "QUEUE", "component": "queue", "event": "pop_scan", "exact": true, "host": "d6b2a058c4be", "pid": 209201, "queue": "preference", "rank": null, "requested": 4, "selected": 0, "selected_keys": [], "stale": 0, "stale_keys": [], "ts": "2026-10-04 16:29:44"}
[DBG] {"available": 0, "category": "QUEUE", "component": "queue", "event": "pop_not_enough", "host": "d6b2a058c4be", "pid": 209201, "queue": "preference", "rank": null, "requested": 4, "ts": "2026-10-04 16:29:44"}
[DBG] {"category": "QUEUE", "component": "queue", "current_version": 0, "event": "BEGIN:queue_list_for_pop", "exact": true, "host": "d6b2a058c4be", "max_lag": 3, "pid": 209201, "queue": "preference", "rank": null, "requested": 4, "ts": "2026-10-04 16:29:45"}
[DBG] {"category": "QUEUE", "component": "queue", "event": "watchdog_armed", "host": "d6b2a058c4be", "pid": 209201, "rank": null, "stage": "queue_list_for_pop", "timeout_sec": 30.0, "ts": "2026-10-04 16:29:45"}
[DBG] {"category": "QUEUE", "component": "queue", "elapsed_sec": 0.001764, "event": "END:queue_list_for_pop", "host": "d6b2a058c4be", "pid": 209201, "rank": null, "ts": "2026-10-04 16:29:45"}
[DBG] {"available": 0, "category": "QUEUE", "component": "queue", "event": "pop_scan", "exact": true, "host": "d6b2a058c4be", "pid": 209201, "queue": "preference", "rank": null, "requested": 4, "selected": 0, "selected_keys": [], "stale": 0, "stale_keys": [], "ts": "2026-10-04 16:29:45"}
[DBG] {"available": 0, "category": "QUEUE", "component": "queue", "event": "pop_not_enough", "host": "d6b2a058c4be", "pid": 209201, "queue": "preference", "rank": null, "requested": 4, "ts": "2026-10-04 16:29:45"}
[DBG] {"category": "QUEUE", "component": "queue", "current_version": 0, "event": "BEGIN:queue_list_for_pop", "exact": true, "host": "d6b2a058c4be", "max_lag": 3, "pid": 209201, "queue": "preference", "rank": null, "requested": 4, "ts": "2026-10-04 16:29:45"}
[DBG] {"category": "QUEUE", "component": "queue", "event": "watchdog_armed", "host": "d6b2a058c4be", "pid": 209201, "rank": null, "stage": "queue_list_for_pop", "timeout_sec": 30.0, "ts": "2026-10-04 16:29:45"}
[DBG] {"category": "QUEUE", "component": "queue", "elapsed_sec": 0.001681, "event": "END:queue_list_for_pop", "host": "d6b2a058c4be", "pid": 209201, "rank": null, "ts": "2026-10-04 16:29:45"}
[DBG] {"available": 0, "category": "QUEUE", "component": "queue", "event": "pop_scan", "exact": true, "host": "d6b2a058c4be", "pid": 209201, "queue": "preference", "rank": null, "requested": 4, "selected": 0, "selected_keys": [], "stale": 0, "stale_keys": [], "ts": "2026-10-04 16:29:45"}
[DBG] {"available": 0, "category": "QUEUE", "component": "queue", "event": "pop_not_enough", "host": "d6b2a058c4be", "pid": 209201, "queue": "preference", "rank": null, "requested": 4, "ts": "2026-10-04 16:29:45"}
[DBG] {"category": "QUEUE", "component": "queue", "current_version": 0, "event": "BEGIN:queue_list_for_pop", "exact": true, "host": "d6b2a058c4be", "max_lag": 3, "pid": 209201, "queue": "preference", "rank": null, "requested": 4, "ts": "2026-10-04 16:29:46"}
[DBG] {"category": "QUEUE", "component": "queue", "event": "watchdog_armed", "host": "d6b2a058c4be", "pid": 209201, "rank": null, "stage": "queue_list_for_pop", "timeout_sec": 30.0, "ts": "2026-10-04 16:29:46"}
[DBG] {"category": "QUEUE", "component": "queue", "elapsed_sec": 0.001978, "event": "END:queue_list_for_pop", "host": "d6b2a058c4be", "pid": 209201, "rank": null, "ts": "2026-10-04 16:29:46"}
[DBG] {"available": 0, "category": "QUEUE", "component": "queue", "event": "pop_scan", "exact": true, "host": "d6b2a058c4be", "pid": 209201, "queue": "preference", "rank": null, "requested": 4, "selected": 0, "selected_keys": [], "stale": 0, "stale_keys": [], "ts": "2026-10-04 16:29:46"}
[DBG] {"available": 0, "category": "QUEUE", "component": "queue", "event": "pop_not_enough", "host": "d6b2a058c4be", "pid": 209201, "queue": "preference", "rank": null, "requested": 4, "ts": "2026-10-04 16:29:46"}
[DBG] {"category": "QUEUE", "component": "queue", "current_version": 0, "event": "BEGIN:queue_list_for_pop", "exact": true, "host": "d6b2a058c4be", "max_lag": 3, "pid": 209201, "queue": "preference", "rank": null, "requested": 4, "ts": "2026-10-04 16:29:46"}
[DBG] {"category": "QUEUE", "component": "queue", "event": "watchdog_armed", "host": "d6b2a058c4be", "pid": 209201, "rank": null, "stage": "queue_list_for_pop", "timeout_sec": 30.0, "ts": "2026-10-04 16:29:46"}
[DBG] {"category": "QUEUE", "component": "queue", "elapsed_sec": 0.002473, "event": "END:queue_list_for_pop", "host": "d6b2a058c4be", "pid": 209201, "rank": null, "ts": "2026-10-04 16:29:46"}
[DBG] {"available": 0, "category": "QUEUE", "component": "queue", "event": "pop_scan", "exact": true, "host": "d6b2a058c4be", "pid": 209201, "queue": "preference", "rank": null, "requested": 4, "selected": 0, "selected_keys": [], "stale": 0, "stale_keys": [], "ts": "2026-10-04 16:29:46"}
[DBG] {"available": 0, "category": "QUEUE", "component": "queue", "event": "pop_not_enough", "host": "d6b2a058c4be", "pid": 209201, "queue": "preference", "rank": null, "requested": 4, "ts": "2026-10-04 16:29:46"}
[DBG] {"category": "QUEUE", "component": "queue", "current_version": 0, "event": "BEGIN:queue_list_for_pop", "exact": true, "host": "d6b2a058c4be", "max_lag": 3, "pid": 209201, "queue": "preference", "rank": null, "requested": 4, "ts": "2026-10-04 16:29:47"}
[DBG] {"category": "QUEUE", "component": "queue", "event": "watchdog_armed", "host": "d6b2a058c4be", "pid": 209201, "rank": null, "stage": "queue_list_for_pop", "timeout_sec": 30.0, "ts": "2026-10-04 16:29:47"}
[DBG] {"category": "QUEUE", "component": "queue", "elapsed_sec": 0.001819, "event": "END:queue_list_for_pop", "host": "d6b2a058c4be", "pid": 209201, "rank": null, "ts": "2026-10-04 16:29:47"}
[DBG] {"available": 0, "category": "QUEUE", "component": "queue", "event": "pop_scan", "exact": true, "host": "d6b2a058c4be", "pid": 209201, "queue": "preference", "rank": null, "requested": 4, "selected": 0, "selected_keys": [], "stale": 0, "stale_keys": [], "ts": "2026-10-04 16:29:47"}
[DBG] {"available": 0, "category": "QUEUE", "component": "queue", "event": "pop_not_enough", "host": "d6b2a058c4be", "pid": 209201, "queue": "preference", "rank": null, "requested": 4, "ts": "2026-10-04 16:29:47"}
[DBG] {"category": "QUEUE", "component": "queue", "event": "put_prepare", "host": "d6b2a058c4be", "item_id": "3f577c5b3e7f48f0afd7e54cd3088b1b", "partition": "smoke01:preference", "payload_bytes": 1279, "pid": 209201, "policy_version": 0, "queue": "preference", "rank": null, "ts": "2026-10-04 16:29:47"}
[DBG] {"category": "QUEUE", "component": "queue", "event": "BEGIN:queue_put", "host": "d6b2a058c4be", "item_id": "3f577c5b3e7f48f0afd7e54cd3088b1b", "pid": 209201, "queue": "preference", "rank": null, "ts": "2026-10-04 16:29:47"}
[DBG] {"category": "QUEUE", "component": "queue", "event": "watchdog_armed", "host": "d6b2a058c4be", "pid": 209201, "rank": null, "stage": "queue_put", "timeout_sec": 30.0, "ts": "2026-10-04 16:29:47"}
[DBG] {"category": "QUEUE", "component": "queue", "elapsed_sec": 0.029669, "event": "END:queue_put", "host": "d6b2a058c4be", "pid": 209201, "rank": null, "ts": "2026-10-04 16:29:47"}
[DBG] {"category": "QUEUE", "component": "queue", "event": "put_done", "host": "d6b2a058c4be", "key": "smoke01:preference:3f577c5b3e7f48f0afd7e54cd3088b1b", "pid": 209201, "policy_version": 0, "queue": "preference", "rank": null, "ts": "2026-10-04 16:29:47"}
[DBG] {"category": "QUEUE", "component": "queue", "event": "size_changed", "host": "d6b2a058c4be", "pid": 209201, "queue": "preference", "rank": null, "size": 1, "ts": "2026-10-04 16:29:47"}
[DBG] {"category": "QUEUE", "component": "queue", "current_version": 0, "event": "BEGIN:queue_list_for_pop", "exact": true, "host": "d6b2a058c4be", "max_lag": 3, "pid": 209201, "queue": "preference", "rank": null, "requested": 4, "ts": "2026-10-04 16:29:47"}
[DBG] {"category": "QUEUE", "component": "queue", "event": "watchdog_armed", "host": "d6b2a058c4be", "pid": 209201, "rank": null, "stage": "queue_list_for_pop", "timeout_sec": 30.0, "ts": "2026-10-04 16:29:47"}
[DBG] {"category": "QUEUE", "component": "queue", "elapsed_sec": 0.001974, "event": "END:queue_list_for_pop", "host": "d6b2a058c4be", "pid": 209201, "rank": null, "ts": "2026-10-04 16:29:47"}
[DBG] {"available": 1, "category": "QUEUE", "component": "queue", "event": "pop_scan", "exact": true, "host": "d6b2a058c4be", "pid": 209201, "queue": "preference", "rank": null, "requested": 4, "selected": 1, "selected_keys": ["smoke01:preference:3f577c5b3e7f48f0afd7e54cd3088b1b"], "stale": 0, "stale_keys": [], "ts": "2026-10-04 16:29:47"}
[DBG] {"available": 1, "category": "QUEUE", "component": "queue", "event": "pop_not_enough", "host": "d6b2a058c4be", "pid": 209201, "queue": "preference", "rank": null, "requested": 4, "ts": "2026-10-04 16:29:47"}
[DBG] {"category": "QUEUE", "component": "queue", "current_version": 0, "event": "BEGIN:queue_list_for_pop", "exact": true, "host": "d6b2a058c4be", "max_lag": 3, "pid": 209201, "queue": "preference", "rank": null, "requested": 4, "ts": "2026-10-04 16:29:48"}
[DBG] {"category": "QUEUE", "component": "queue", "event": "watchdog_armed", "host": "d6b2a058c4be", "pid": 209201, "rank": null, "stage": "queue_list_for_pop", "timeout_sec": 30.0, "ts": "2026-10-04 16:29:48"}
[DBG] {"category": "QUEUE", "component": "queue", "elapsed_sec": 0.001923, "event": "END:queue_list_for_pop", "host": "d6b2a058c4be", "pid": 209201, "rank": null, "ts": "2026-10-04 16:29:48"}
[DBG] {"available": 1, "category": "QUEUE", "component": "queue", "event": "pop_scan", "exact": true, "host": "d6b2a058c4be", "pid": 209201, "queue": "preference", "rank": null, "requested": 4, "selected": 1, "selected_keys": ["smoke01:preference:3f577c5b3e7f48f0afd7e54cd3088b1b"], "stale": 0, "stale_keys": [], "ts": "2026-10-04 16:29:48"}
[DBG] {"available": 1, "category": "QUEUE", "component": "queue", "event": "pop_not_enough", "host": "d6b2a058c4be", "pid": 209201, "queue": "preference", "rank": null, "requested": 4, "ts": "2026-10-04 16:29:48"}
[DBG] {"category": "QUEUE", "component": "queue", "current_version": null, "event": "BEGIN:queue_list_for_pop", "exact": false, "host": "d6b2a058c4be", "max_lag": null, "pid": 209201, "queue": "rollout", "rank": null, "requested": 1, "ts": "2026-10-04 16:29:48"}
[DBG] {"category": "QUEUE", "component": "queue", "event": "watchdog_armed", "host": "d6b2a058c4be", "pid": 209201, "rank": null, "stage": "queue_list_for_pop", "timeout_sec": 30.0, "ts": "2026-10-04 16:29:48"}
[DBG] {"category": "QUEUE", "component": "queue", "elapsed_sec": 0.002489, "event": "END:queue_list_for_pop", "host": "d6b2a058c4be", "pid": 209201, "rank": null, "ts": "2026-10-04 16:29:48"}
[DBG] {"available": 9, "category": "QUEUE", "component": "queue", "event": "pop_scan", "exact": false, "host": "d6b2a058c4be", "pid": 209201, "queue": "rollout", "rank": null, "requested": 1, "selected": 1, "selected_keys": ["smoke01:rollout:201e9b648e61488fa5b7c368eb36d33c"], "stale": 0, "stale_keys": [], "ts": "2026-10-04 16:29:48"}
[DBG] {"category": "QUEUE", "component": "queue", "event": "BEGIN:queue_get", "host": "d6b2a058c4be", "key": "smoke01:rollout:201e9b648e61488fa5b7c368eb36d33c", "pid": 209201, "queue": "rollout", "rank": null, "ts": "2026-10-04 16:29:48"}
[DBG] {"category": "QUEUE", "component": "queue", "event": "watchdog_armed", "host": "d6b2a058c4be", "pid": 209201, "rank": null, "stage": "queue_get", "timeout_sec": 30.0, "ts": "2026-10-04 16:29:48"}
[DBG] {"category": "QUEUE", "component": "queue", "elapsed_sec": 0.022925, "event": "END:queue_get", "host": "d6b2a058c4be", "pid": 209201, "rank": null, "ts": "2026-10-04 16:29:48"}
[DBG] {"category": "QUEUE", "component": "queue", "event": "queue_item_decoded", "host": "d6b2a058c4be", "item_id": "201e9b648e61488fa5b7c368eb36d33c", "key": "smoke01:rollout:201e9b648e61488fa5b7c368eb36d33c", "pid": 209201, "policy_version": 0, "queue": "rollout", "rank": null, "ts": "2026-10-04 16:29:48"}
[DBG] {"category": "QUEUE", "component": "queue", "count": 1, "event": "BEGIN:clear_popped", "host": "d6b2a058c4be", "pid": 209201, "queue": "rollout", "rank": null, "ts": "2026-10-04 16:29:48"}
[DBG] {"category": "QUEUE", "component": "queue", "event": "watchdog_armed", "host": "d6b2a058c4be", "pid": 209201, "rank": null, "stage": "clear_popped", "timeout_sec": 30.0, "ts": "2026-10-04 16:29:48"}
[DBG] {"category": "QUEUE", "component": "queue", "elapsed_sec": 0.016074, "event": "END:clear_popped", "host": "d6b2a058c4be", "pid": 209201, "rank": null, "ts": "2026-10-04 16:29:48"}
[DBG] {"category": "QUEUE", "component": "queue", "event": "pop_done", "host": "d6b2a058c4be", "item_ids": ["201e9b648e61488fa5b7c368eb36d33c"], "pid": 209201, "queue": "rollout", "rank": null, "remaining": 8, "returned": 1, "stale": 0, "ts": "2026-10-04 16:29:48"}
[DBG] {"category": "QUEUE", "component": "queue", "event": "size_changed", "host": "d6b2a058c4be", "pid": 209201, "queue": "rollout", "rank": null, "size": 8, "ts": "2026-10-04 16:29:48"}
[DBG] {"category": "QUEUE", "component": "queue", "current_version": 0, "event": "BEGIN:queue_list_for_pop", "exact": true, "host": "d6b2a058c4be", "max_lag": 3, "pid": 209201, "queue": "preference", "rank": null, "requested": 4, "ts": "2026-10-04 16:29:48"}
[DBG] {"category": "QUEUE", "component": "queue", "event": "watchdog_armed", "host": "d6b2a058c4be", "pid": 209201, "rank": null, "stage": "queue_list_for_pop", "timeout_sec": 30.0, "ts": "2026-10-04 16:29:48"}
[DBG] {"category": "QUEUE", "component": "queue", "elapsed_sec": 0.001802, "event": "END:queue_list_for_pop", "host": "d6b2a058c4be", "pid": 209201, "rank": null, "ts": "2026-10-04 16:29:48"}
[DBG] {"available": 1, "category": "QUEUE", "component": "queue", "event": "pop_scan", "exact": true, "host": "d6b2a058c4be", "pid": 209201, "queue": "preference", "rank": null, "requested": 4, "selected": 1, "selected_keys": ["smoke01:preference:3f577c5b3e7f48f0afd7e54cd3088b1b"], "stale": 0, "stale_keys": [], "ts": "2026-10-04 16:29:48"}
[DBG] {"available": 1, "category": "QUEUE", "component": "queue", "event": "pop_not_enough", "host": "d6b2a058c4be", "pid": 209201, "queue": "preference", "rank": null, "requested": 4, "ts": "2026-10-04 16:29:48"}
[DBG] {"category": "QUEUE", "component": "queue", "current_version": 0, "event": "BEGIN:queue_list_for_pop", "exact": true, "host": "d6b2a058c4be", "max_lag": 3, "pid": 209201, "queue": "preference", "rank": null, "requested": 4, "ts": "2026-10-04 16:29:49"}
[DBG] {"category": "QUEUE", "component": "queue", "event": "watchdog_armed", "host": "d6b2a058c4be", "pid": 209201, "rank": null, "stage": "queue_list_for_pop", "timeout_sec": 30.0, "ts": "2026-10-04 16:29:49"}
[DBG] {"category": "QUEUE", "component": "queue", "elapsed_sec": 0.001299, "event": "END:queue_list_for_pop", "host": "d6b2a058c4be", "pid": 209201, "rank": null, "ts": "2026-10-04 16:29:49"}
[DBG] {"available": 1, "category": "QUEUE", "component": "queue", "event": "pop_scan", "exact": true, "host": "d6b2a058c4be", "pid": 209201, "queue": "preference", "rank": null, "requested": 4, "selected": 1, "selected_keys": ["smoke01:preference:3f577c5b3e7f48f0afd7e54cd3088b1b"], "stale": 0, "stale_keys": [], "ts": "2026-10-04 16:29:49"}
[DBG] {"available": 1, "category": "QUEUE", "component": "queue", "event": "pop_not_enough", "host": "d6b2a058c4be", "pid": 209201, "queue": "preference", "rank": null, "requested": 4, "ts": "2026-10-04 16:29:49"}
[DBG] {"category": "QUEUE", "component": "queue", "current_version": 0, "event": "BEGIN:queue_list_for_pop", "exact": true, "host": "d6b2a058c4be", "max_lag": 3, "pid": 209201, "queue": "preference", "rank": null, "requested": 4, "ts": "2026-10-04 16:29:49"}
[DBG] {"category": "QUEUE", "component": "queue", "event": "watchdog_armed", "host": "d6b2a058c4be", "pid": 209201, "rank": null, "stage": "queue_list_for_pop", "timeout_sec": 30.0, "ts": "2026-10-04 16:29:49"}
[DBG] {"category": "QUEUE", "component": "queue", "elapsed_sec": 0.001126, "event": "END:queue_list_for_pop", "host": "d6b2a058c4be", "pid": 209201, "rank": null, "ts": "2026-10-04 16:29:49"}
[DBG] {"available": 1, "category": "QUEUE", "component": "queue", "event": "pop_scan", "exact": true, "host": "d6b2a058c4be", "pid": 209201, "queue": "preference", "rank": null, "requested": 4, "selected": 1, "selected_keys": ["smoke01:preference:3f577c5b3e7f48f0afd7e54cd3088b1b"], "stale": 0, "stale_keys": [], "ts": "2026-10-04 16:29:49"}
[DBG] {"available": 1, "category": "QUEUE", "component": "queue", "event": "pop_not_enough", "host": "d6b2a058c4be", "pid": 209201, "queue": "preference", "rank": null, "requested": 4, "ts": "2026-10-04 16:29:49"}
[DBG] {"category": "QUEUE", "component": "queue", "current_version": 0, "event": "BEGIN:queue_list_for_pop", "exact": true, "host": "d6b2a058c4be", "max_lag": 3, "pid": 209201, "queue": "preference", "rank": null, "requested": 4, "ts": "2026-10-04 16:29:50"}
[DBG] {"category": "QUEUE", "component": "queue", "event": "watchdog_armed", "host": "d6b2a058c4be", "pid": 209201, "rank": null, "stage": "queue_list_for_pop", "timeout_sec": 30.0, "ts": "2026-10-04 16:29:50"}
[DBG] {"category": "QUEUE", "component": "queue", "elapsed_sec": 0.001425, "event": "END:queue_list_for_pop", "host": "d6b2a058c4be", "pid": 209201, "rank": null, "ts": "2026-10-04 16:29:50"}
[DBG] {"available": 1, "category": "QUEUE", "component": "queue", "event": "pop_scan", "exact": true, "host": "d6b2a058c4be", "pid": 209201, "queue": "preference", "rank": null, "requested": 4, "selected": 1, "selected_keys": ["smoke01:preference:3f577c5b3e7f48f0afd7e54cd3088b1b"], "stale": 0, "stale_keys": [], "ts": "2026-10-04 16:29:50"}
[DBG] {"available": 1, "category": "QUEUE", "component": "queue", "event": "pop_not_enough", "host": "d6b2a058c4be", "pid": 209201, "queue": "preference", "rank": null, "requested": 4, "ts": "2026-10-04 16:29:50"}
[DBG] {"category": "QUEUE", "component": "queue", "current_version": 0, "event": "BEGIN:queue_list_for_pop", "exact": true, "host": "d6b2a058c4be", "max_lag": 3, "pid": 209201, "queue": "preference", "rank": null, "requested": 4, "ts": "2026-10-04 16:29:50"}
[DBG] {"category": "QUEUE", "component": "queue", "event": "watchdog_armed", "host": "d6b2a058c4be", "pid": 209201, "rank": null, "stage": "queue_list_for_pop", "timeout_sec": 30.0, "ts": "2026-10-04 16:29:50"}
[DBG] {"category": "QUEUE", "component": "queue", "elapsed_sec": 0.002167, "event": "END:queue_list_for_pop", "host": "d6b2a058c4be", "pid": 209201, "rank": null, "ts": "2026-10-04 16:29:50"}
[DBG] {"available": 1, "category": "QUEUE", "component": "queue", "event": "pop_scan", "exact": true, "host": "d6b2a058c4be", "pid": 209201, "queue": "preference", "rank": null, "requested": 4, "selected": 1, "selected_keys": ["smoke01:preference:3f577c5b3e7f48f0afd7e54cd3088b1b"], "stale": 0, "stale_keys": [], "ts": "2026-10-04 16:29:50"}
[DBG] {"available": 1, "category": "QUEUE", "component": "queue", "event": "pop_not_enough", "host": "d6b2a058c4be", "pid": 209201, "queue": "preference", "rank": null, "requested": 4, "ts": "2026-10-04 16:29:50"}
[DBG] {"category": "QUEUE", "component": "queue", "current_version": 0, "event": "BEGIN:queue_list_for_pop", "exact": true, "host": "d6b2a058c4be", "max_lag": 3, "pid": 209201, "queue": "preference", "rank": null, "requested": 4, "ts": "2026-10-04 16:29:51"}
[DBG] {"category": "QUEUE", "component": "queue", "event": "watchdog_armed", "host": "d6b2a058c4be", "pid": 209201, "rank": null, "stage": "queue_list_for_pop", "timeout_sec": 30.0, "ts": "2026-10-04 16:29:51"}
[DBG] {"category": "QUEUE", "component": "queue", "elapsed_sec": 0.001295, "event": "END:queue_list_for_pop", "host": "d6b2a058c4be", "pid": 209201, "rank": null, "ts": "2026-10-04 16:29:51"}
[DBG] {"available": 1, "category": "QUEUE", "component": "queue", "event": "pop_scan", "exact": true, "host": "d6b2a058c4be", "pid": 209201, "queue": "preference", "rank": null, "requested": 4, "selected": 1, "selected_keys": ["smoke01:preference:3f577c5b3e7f48f0afd7e54cd3088b1b"], "stale": 0, "stale_keys": [], "ts": "2026-10-04 16:29:51"}
[DBG] {"available": 1, "category": "QUEUE", "component": "queue", "event": "pop_not_enough", "host": "d6b2a058c4be", "pid": 209201, "queue": "preference", "rank": null, "requested": 4, "ts": "2026-10-04 16:29:51"}
[DBG] {"category": "QUEUE", "component": "queue", "current_version": 0, "event": "BEGIN:queue_list_for_pop", "exact": true, "host": "d6b2a058c4be", "max_lag": 3, "pid": 209201, "queue": "preference", "rank": null, "requested": 4, "ts": "2026-10-04 16:29:51"}
[DBG] {"category": "QUEUE", "component": "queue", "event": "watchdog_armed", "host": "d6b2a058c4be", "pid": 209201, "rank": null, "stage": "queue_list_for_pop", "timeout_sec": 30.0, "ts": "2026-10-04 16:29:51"}
[DBG] {"category": "QUEUE", "component": "queue", "elapsed_sec": 0.00152, "event": "END:queue_list_for_pop", "host": "d6b2a058c4be", "pid": 209201, "rank": null, "ts": "2026-10-04 16:29:51"}
[DBG] {"available": 1, "category": "QUEUE", "component": "queue", "event": "pop_scan", "exact": true, "host": "d6b2a058c4be", "pid": 209201, "queue": "preference", "rank": null, "requested": 4, "selected": 1, "selected_keys": ["smoke01:preference:3f577c5b3e7f48f0afd7e54cd3088b1b"], "stale": 0, "stale_keys": [], "ts": "2026-10-04 16:29:51"}
[DBG] {"available": 1, "category": "QUEUE", "component": "queue", "event": "pop_not_enough", "host": "d6b2a058c4be", "pid": 209201, "queue": "preference", "rank": null, "requested": 4, "ts": "2026-10-04 16:29:51"}
[DBG] {"category": "QUEUE", "component": "queue", "current_version": 0, "event": "BEGIN:queue_list_for_pop", "exact": true, "host": "d6b2a058c4be", "max_lag": 3, "pid": 209201, "queue": "preference", "rank": null, "requested": 4, "ts": "2026-10-04 16:29:52"}
[DBG] {"category": "QUEUE", "component": "queue", "event": "watchdog_armed", "host": "d6b2a058c4be", "pid": 209201, "rank": null, "stage": "queue_list_for_pop", "timeout_sec": 30.0, "ts": "2026-10-04 16:29:52"}
[DBG] {"category": "QUEUE", "component": "queue", "elapsed_sec": 0.001965, "event": "END:queue_list_for_pop", "host": "d6b2a058c4be", "pid": 209201, "rank": null, "ts": "2026-10-04 16:29:52"}
[DBG] {"available": 1, "category": "QUEUE", "component": "queue", "event": "pop_scan", "exact": true, "host": "d6b2a058c4be", "pid": 209201, "queue": "preference", "rank": null, "requested": 4, "selected": 1, "selected_keys": ["smoke01:preference:3f577c5b3e7f48f0afd7e54cd3088b1b"], "stale": 0, "stale_keys": [], "ts": "2026-10-04 16:29:52"}
[DBG] {"available": 1, "category": "QUEUE", "component": "queue", "event": "pop_not_enough", "host": "d6b2a058c4be", "pid": 209201, "queue": "preference", "rank": null, "requested": 4, "ts": "2026-10-04 16:29:52"}
[DBG] {"category": "QUEUE", "component": "queue", "event": "put_prepare", "host": "d6b2a058c4be", "item_id": "201e9b648e61488fa5b7c368eb36d33c", "partition": "smoke01:preference", "payload_bytes": 1622, "pid": 209201, "policy_version": 0, "queue": "preference", "rank": null, "ts": "2026-10-04 16:29:52"}
[DBG] {"category": "QUEUE", "component": "queue", "event": "BEGIN:queue_put", "host": "d6b2a058c4be", "item_id": "201e9b648e61488fa5b7c368eb36d33c", "pid": 209201, "queue": "preference", "rank": null, "ts": "2026-10-04 16:29:52"}
[DBG] {"category": "QUEUE", "component": "queue", "event": "watchdog_armed", "host": "d6b2a058c4be", "pid": 209201, "rank": null, "stage": "queue_put", "timeout_sec": 30.0, "ts": "2026-10-04 16:29:52"}
[DBG] {"category": "QUEUE", "component": "queue", "elapsed_sec": 0.019704, "event": "END:queue_put", "host": "d6b2a058c4be", "pid": 209201, "rank": null, "ts": "2026-10-04 16:29:52"}
[DBG] {"category": "QUEUE", "component": "queue", "event": "put_done", "host": "d6b2a058c4be", "key": "smoke01:preference:201e9b648e61488fa5b7c368eb36d33c", "pid": 209201, "policy_version": 0, "queue": "preference", "rank": null, "ts": "2026-10-04 16:29:52"}
[DBG] {"category": "QUEUE", "component": "queue", "event": "size_changed", "host": "d6b2a058c4be", "pid": 209201, "queue": "preference", "rank": null, "size": 2, "ts": "2026-10-04 16:29:52"}
[DBG] {"category": "QUEUE", "component": "queue", "current_version": 0, "event": "BEGIN:queue_list_for_pop", "exact": true, "host": "d6b2a058c4be", "max_lag": 3, "pid": 209201, "queue": "preference", "rank": null, "requested": 4, "ts": "2026-10-04 16:29:52"}
[DBG] {"category": "QUEUE", "component": "queue", "event": "watchdog_armed", "host": "d6b2a058c4be", "pid": 209201, "rank": null, "stage": "queue_list_for_pop", "timeout_sec": 30.0, "ts": "2026-10-04 16:29:52"}
[DBG] {"category": "QUEUE", "component": "queue", "elapsed_sec": 0.001168, "event": "END:queue_list_for_pop", "host": "d6b2a058c4be", "pid": 209201, "rank": null, "ts": "2026-10-04 16:29:52"}
[DBG] {"available": 2, "category": "QUEUE", "component": "queue", "event": "pop_scan", "exact": true, "host": "d6b2a058c4be", "pid": 209201, "queue": "preference", "rank": null, "requested": 4, "selected": 2, "selected_keys": ["smoke01:preference:3f577c5b3e7f48f0afd7e54cd3088b1b", "smoke01:preference:201e9b648e61488fa5b7c368eb36d33c"], "stale": 0, "stale_keys": [], "ts": "2026-10-04 16:29:52"}
[DBG] {"available": 2, "category": "QUEUE", "component": "queue", "event": "pop_not_enough", "host": "d6b2a058c4be", "pid": 209201, "queue": "preference", "rank": null, "requested": 4, "ts": "2026-10-04 16:29:52"}
[DBG] {"category": "QUEUE", "component": "queue", "current_version": 0, "event": "BEGIN:queue_list_for_pop", "exact": true, "host": "d6b2a058c4be", "max_lag": 3, "pid": 209201, "queue": "preference", "rank": null, "requested": 4, "ts": "2026-10-04 16:29:53"}
[DBG] {"category": "QUEUE", "component": "queue", "event": "watchdog_armed", "host": "d6b2a058c4be", "pid": 209201, "rank": null, "stage": "queue_list_for_pop", "timeout_sec": 30.0, "ts": "2026-10-04 16:29:53"}
[DBG] {"category": "QUEUE", "component": "queue", "elapsed_sec": 0.001626, "event": "END:queue_list_for_pop", "host": "d6b2a058c4be", "pid": 209201, "rank": null, "ts": "2026-10-04 16:29:53"}
[DBG] {"available": 2, "category": "QUEUE", "component": "queue", "event": "pop_scan", "exact": true, "host": "d6b2a058c4be", "pid": 209201, "queue": "preference", "rank": null, "requested": 4, "selected": 2, "selected_keys": ["smoke01:preference:3f577c5b3e7f48f0afd7e54cd3088b1b", "smoke01:preference:201e9b648e61488fa5b7c368eb36d33c"], "stale": 0, "stale_keys": [], "ts": "2026-10-04 16:29:53"}
[DBG] {"available": 2, "category": "QUEUE", "component": "queue", "event": "pop_not_enough", "host": "d6b2a058c4be", "pid": 209201, "queue": "preference", "rank": null, "requested": 4, "ts": "2026-10-04 16:29:53"}
[DBG] {"category": "QUEUE", "component": "queue", "current_version": null, "event": "BEGIN:queue_list_for_pop", "exact": false, "host": "d6b2a058c4be", "max_lag": null, "pid": 209201, "queue": "rollout", "rank": null, "requested": 1, "ts": "2026-10-04 16:29:53"}
[DBG] {"category": "QUEUE", "component": "queue", "event": "watchdog_armed", "host": "d6b2a058c4be", "pid": 209201, "rank": null, "stage": "queue_list_for_pop", "timeout_sec": 30.0, "ts": "2026-10-04 16:29:53"}
[DBG] {"category": "QUEUE", "component": "queue", "elapsed_sec": 0.002123, "event": "END:queue_list_for_pop", "host": "d6b2a058c4be", "pid": 209201, "rank": null, "ts": "2026-10-04 16:29:53"}
[DBG] {"available": 8, "category": "QUEUE", "component": "queue", "event": "pop_scan", "exact": false, "host": "d6b2a058c4be", "pid": 209201, "queue": "rollout", "rank": null, "requested": 1, "selected": 1, "selected_keys": ["smoke01:rollout:380d6320eea4441da9a247017cf0b6aa"], "stale": 0, "stale_keys": [], "ts": "2026-10-04 16:29:53"}
[DBG] {"category": "QUEUE", "component": "queue", "event": "BEGIN:queue_get", "host": "d6b2a058c4be", "key": "smoke01:rollout:380d6320eea4441da9a247017cf0b6aa", "pid": 209201, "queue": "rollout", "rank": null, "ts": "2026-10-04 16:29:53"}
[DBG] {"category": "QUEUE", "component": "queue", "event": "watchdog_armed", "host": "d6b2a058c4be", "pid": 209201, "rank": null, "stage": "queue_get", "timeout_sec": 30.0, "ts": "2026-10-04 16:29:53"}
[DBG] {"category": "QUEUE", "component": "queue", "elapsed_sec": 0.019828, "event": "END:queue_get", "host": "d6b2a058c4be", "pid": 209201, "rank": null, "ts": "2026-10-04 16:29:53"}
[DBG] {"category": "QUEUE", "component": "queue", "event": "queue_item_decoded", "host": "d6b2a058c4be", "item_id": "380d6320eea4441da9a247017cf0b6aa", "key": "smoke01:rollout:380d6320eea4441da9a247017cf0b6aa", "pid": 209201, "policy_version": 0, "queue": "rollout", "rank": null, "ts": "2026-10-04 16:29:53"}
[DBG] {"category": "QUEUE", "component": "queue", "count": 1, "event": "BEGIN:clear_popped", "host": "d6b2a058c4be", "pid": 209201, "queue": "rollout", "rank": null, "ts": "2026-10-04 16:29:53"}
[DBG] {"category": "QUEUE", "component": "queue", "event": "watchdog_armed", "host": "d6b2a058c4be", "pid": 209201, "rank": null, "stage": "clear_popped", "timeout_sec": 30.0, "ts": "2026-10-04 16:29:53"}
[DBG] {"category": "QUEUE", "component": "queue", "elapsed_sec": 0.010691, "event": "END:clear_popped", "host": "d6b2a058c4be", "pid": 209201, "rank": null, "ts": "2026-10-04 16:29:53"}
[DBG] {"category": "QUEUE", "component": "queue", "event": "pop_done", "host": "d6b2a058c4be", "item_ids": ["380d6320eea4441da9a247017cf0b6aa"], "pid": 209201, "queue": "rollout", "rank": null, "remaining": 7, "returned": 1, "stale": 0, "ts": "2026-10-04 16:29:53"}
[DBG] {"category": "QUEUE", "component": "queue", "event": "size_changed", "host": "d6b2a058c4be", "pid": 209201, "queue": "rollout", "rank": null, "size": 7, "ts": "2026-10-04 16:29:53"}
[DBG] {"category": "QUEUE", "component": "queue", "current_version": 0, "event": "BEGIN:queue_list_for_pop", "exact": true, "host": "d6b2a058c4be", "max_lag": 3, "pid": 209201, "queue": "preference", "rank": null, "requested": 4, "ts": "2026-10-04 16:29:53"}
[DBG] {"category": "QUEUE", "component": "queue", "event": "watchdog_armed", "host": "d6b2a058c4be", "pid": 209201, "rank": null, "stage": "queue_list_for_pop", "timeout_sec": 30.0, "ts": "2026-10-04 16:29:53"}
[DBG] {"category": "QUEUE", "component": "queue", "elapsed_sec": 0.002579, "event": "END:queue_list_for_pop", "host": "d6b2a058c4be", "pid": 209201, "rank": null, "ts": "2026-10-04 16:29:53"}
[DBG] {"available": 2, "category": "QUEUE", "component": "queue", "event": "pop_scan", "exact": true, "host": "d6b2a058c4be", "pid": 209201, "queue": "preference", "rank": null, "requested": 4, "selected": 2, "selected_keys": ["smoke01:preference:3f577c5b3e7f48f0afd7e54cd3088b1b", "smoke01:preference:201e9b648e61488fa5b7c368eb36d33c"], "stale": 0, "stale_keys": [], "ts": "2026-10-04 16:29:53"}
[DBG] {"available": 2, "category": "QUEUE", "component": "queue", "event": "pop_not_enough", "host": "d6b2a058c4be", "pid": 209201, "queue": "preference", "rank": null, "requested": 4, "ts": "2026-10-04 16:29:53"}
[DBG] {"category": "QUEUE", "component": "queue", "event": "put_prepare", "host": "d6b2a058c4be", "item_id": "affc0e18818b45ee82d4a8dcd1ebcc8b", "partition": "smoke01:rollout", "payload_bytes": 2411, "pid": 209201, "policy_version": 0, "queue": "rollout", "rank": null, "ts": "2026-10-04 16:29:54"}
[DBG] {"category": "QUEUE", "component": "queue", "event": "BEGIN:queue_put", "host": "d6b2a058c4be", "item_id": "affc0e18818b45ee82d4a8dcd1ebcc8b", "pid": 209201, "queue": "rollout", "rank": null, "ts": "2026-10-04 16:29:54"}
[DBG] {"category": "QUEUE", "component": "queue", "event": "watchdog_armed", "host": "d6b2a058c4be", "pid": 209201, "rank": null, "stage": "queue_put", "timeout_sec": 30.0, "ts": "2026-10-04 16:29:54"}
[DBG] {"category": "QUEUE", "component": "queue", "elapsed_sec": 0.026994, "event": "END:queue_put", "host": "d6b2a058c4be", "pid": 209201, "rank": null, "ts": "2026-10-04 16:29:54"}
[DBG] {"category": "QUEUE", "component": "queue", "event": "put_done", "host": "d6b2a058c4be", "key": "smoke01:rollout:affc0e18818b45ee82d4a8dcd1ebcc8b", "pid": 209201, "policy_version": 0, "queue": "rollout", "rank": null, "ts": "2026-10-04 16:29:54"}
[DBG] {"category": "QUEUE", "component": "queue", "event": "put_prepare", "host": "d6b2a058c4be", "item_id": "dcd51aa5b9e54f9faef8bebd7f0915cb", "partition": "smoke01:rollout", "payload_bytes": 2589, "pid": 209201, "policy_version": 0, "queue": "rollout", "rank": null, "ts": "2026-10-04 16:29:54"}
[DBG] {"category": "QUEUE", "component": "queue", "event": "BEGIN:queue_put", "host": "d6b2a058c4be", "item_id": "dcd51aa5b9e54f9faef8bebd7f0915cb", "pid": 209201, "queue": "rollout", "rank": null, "ts": "2026-10-04 16:29:54"}
[DBG] {"category": "QUEUE", "component": "queue", "event": "watchdog_armed", "host": "d6b2a058c4be", "pid": 209201, "rank": null, "stage": "queue_put", "timeout_sec": 30.0, "ts": "2026-10-04 16:29:54"}
[DBG] {"category": "QUEUE", "component": "queue", "elapsed_sec": 0.026052, "event": "END:queue_put", "host": "d6b2a058c4be", "pid": 209201, "rank": null, "ts": "2026-10-04 16:29:54"}
[DBG] {"category": "QUEUE", "component": "queue", "event": "put_done", "host": "d6b2a058c4be", "key": "smoke01:rollout:dcd51aa5b9e54f9faef8bebd7f0915cb", "pid": 209201, "policy_version": 0, "queue": "rollout", "rank": null, "ts": "2026-10-04 16:29:54"}
[DBG] {"category": "QUEUE", "component": "queue", "event": "size_changed", "host": "d6b2a058c4be", "pid": 209201, "queue": "rollout", "rank": null, "size": 9, "ts": "2026-10-04 16:29:54"}
[DBG] {"category": "QUEUE", "component": "queue", "current_version": 0, "event": "BEGIN:queue_list_for_pop", "exact": true, "host": "d6b2a058c4be", "max_lag": 3, "pid": 209201, "queue": "preference", "rank": null, "requested": 4, "ts": "2026-10-04 16:29:54"}
[DBG] {"category": "QUEUE", "component": "queue", "event": "watchdog_armed", "host": "d6b2a058c4be", "pid": 209201, "rank": null, "stage": "queue_list_for_pop", "timeout_sec": 30.0, "ts": "2026-10-04 16:29:54"}
[DBG] {"category": "QUEUE", "component": "queue", "elapsed_sec": 0.001813, "event": "END:queue_list_for_pop", "host": "d6b2a058c4be", "pid": 209201, "rank": null, "ts": "2026-10-04 16:29:54"}
[DBG] {"available": 2, "category": "QUEUE", "component": "queue", "event": "pop_scan", "exact": true, "host": "d6b2a058c4be", "pid": 209201, "queue": "preference", "rank": null, "requested": 4, "selected": 2, "selected_keys": ["smoke01:preference:3f577c5b3e7f48f0afd7e54cd3088b1b", "smoke01:preference:201e9b648e61488fa5b7c368eb36d33c"], "stale": 0, "stale_keys": [], "ts": "2026-10-04 16:29:54"}
[DBG] {"available": 2, "category": "QUEUE", "component": "queue", "event": "pop_not_enough", "host": "d6b2a058c4be", "pid": 209201, "queue": "preference", "rank": null, "requested": 4, "ts": "2026-10-04 16:29:54"}
[DBG] {"category": "QUEUE", "component": "queue", "current_version": 0, "event": "BEGIN:queue_list_for_pop", "exact": true, "host": "d6b2a058c4be", "max_lag": 3, "pid": 209201, "queue": "preference", "rank": null, "requested": 4, "ts": "2026-10-04 16:29:55"}
[DBG] {"category": "QUEUE", "component": "queue", "event": "watchdog_armed", "host": "d6b2a058c4be", "pid": 209201, "rank": null, "stage": "queue_list_for_pop", "timeout_sec": 30.0, "ts": "2026-10-04 16:29:55"}
[DBG] {"category": "QUEUE", "component": "queue", "elapsed_sec": 0.002306, "event": "END:queue_list_for_pop", "host": "d6b2a058c4be", "pid": 209201, "rank": null, "ts": "2026-10-04 16:29:55"}
[DBG] {"available": 2, "category": "QUEUE", "component": "queue", "event": "pop_scan", "exact": true, "host": "d6b2a058c4be", "pid": 209201, "queue": "preference", "rank": null, "requested": 4, "selected": 2, "selected_keys": ["smoke01:preference:3f577c5b3e7f48f0afd7e54cd3088b1b", "smoke01:preference:201e9b648e61488fa5b7c368eb36d33c"], "stale": 0, "stale_keys": [], "ts": "2026-10-04 16:29:55"}
[DBG] {"available": 2, "category": "QUEUE", "component": "queue", "event": "pop_not_enough", "host": "d6b2a058c4be", "pid": 209201, "queue": "preference", "rank": null, "requested": 4, "ts": "2026-10-04 16:29:55"}
[DBG] {"category": "QUEUE", "component": "queue", "event": "put_prepare", "host": "d6b2a058c4be", "item_id": "380d6320eea4441da9a247017cf0b6aa", "partition": "smoke01:preference", "payload_bytes": 1641, "pid": 209201, "policy_version": 0, "queue": "preference", "rank": null, "ts": "2026-10-04 16:29:55"}
[DBG] {"category": "QUEUE", "component": "queue", "event": "BEGIN:queue_put", "host": "d6b2a058c4be", "item_id": "380d6320eea4441da9a247017cf0b6aa", "pid": 209201, "queue": "preference", "rank": null, "ts": "2026-10-04 16:29:55"}
[DBG] {"category": "QUEUE", "component": "queue", "event": "watchdog_armed", "host": "d6b2a058c4be", "pid": 209201, "rank": null, "stage": "queue_put", "timeout_sec": 30.0, "ts": "2026-10-04 16:29:55"}
[DBG] {"category": "QUEUE", "component": "queue", "elapsed_sec": 0.02705, "event": "END:queue_put", "host": "d6b2a058c4be", "pid": 209201, "rank": null, "ts": "2026-10-04 16:29:55"}
[DBG] {"category": "QUEUE", "component": "queue", "event": "put_done", "host": "d6b2a058c4be", "key": "smoke01:preference:380d6320eea4441da9a247017cf0b6aa", "pid": 209201, "policy_version": 0, "queue": "preference", "rank": null, "ts": "2026-10-04 16:29:55"}
[DBG] {"category": "QUEUE", "component": "queue", "event": "size_changed", "host": "d6b2a058c4be", "pid": 209201, "queue": "preference", "rank": null, "size": 3, "ts": "2026-10-04 16:29:55"}
[DBG] {"category": "QUEUE", "component": "queue", "current_version": 0, "event": "BEGIN:queue_list_for_pop", "exact": true, "host": "d6b2a058c4be", "max_lag": 3, "pid": 209201, "queue": "preference", "rank": null, "requested": 4, "ts": "2026-10-04 16:29:55"}
[DBG] {"category": "QUEUE", "component": "queue", "event": "watchdog_armed", "host": "d6b2a058c4be", "pid": 209201, "rank": null, "stage": "queue_list_for_pop", "timeout_sec": 30.0, "ts": "2026-10-04 16:29:55"}
[DBG] {"category": "QUEUE", "component": "queue", "elapsed_sec": 0.001705, "event": "END:queue_list_for_pop", "host": "d6b2a058c4be", "pid": 209201, "rank": null, "ts": "2026-10-04 16:29:55"}
[DBG] {"available": 3, "category": "QUEUE", "component": "queue", "event": "pop_scan", "exact": true, "host": "d6b2a058c4be", "pid": 209201, "queue": "preference", "rank": null, "requested": 4, "selected": 3, "selected_keys": ["smoke01:preference:3f577c5b3e7f48f0afd7e54cd3088b1b", "smoke01:preference:201e9b648e61488fa5b7c368eb36d33c", "smoke01:preference:380d6320eea4441da9a247017cf0b6aa"], "stale": 0, "stale_keys": [], "ts": "2026-10-04 16:29:55"}
[DBG] {"available": 3, "category": "QUEUE", "component": "queue", "event": "pop_not_enough", "host": "d6b2a058c4be", "pid": 209201, "queue": "preference", "rank": null, "requested": 4, "ts": "2026-10-04 16:29:55"}
[DBG] {"category": "QUEUE", "component": "queue", "current_version": 0, "event": "BEGIN:queue_list_for_pop", "exact": true, "host": "d6b2a058c4be", "max_lag": 3, "pid": 209201, "queue": "preference", "rank": null, "requested": 4, "ts": "2026-10-04 16:29:56"}
[DBG] {"category": "QUEUE", "component": "queue", "event": "watchdog_armed", "host": "d6b2a058c4be", "pid": 209201, "rank": null, "stage": "queue_list_for_pop", "timeout_sec": 30.0, "ts": "2026-10-04 16:29:56"}
[DBG] {"category": "QUEUE", "component": "queue", "elapsed_sec": 0.001677, "event": "END:queue_list_for_pop", "host": "d6b2a058c4be", "pid": 209201, "rank": null, "ts": "2026-10-04 16:29:56"}
[DBG] {"available": 3, "category": "QUEUE", "component": "queue", "event": "pop_scan", "exact": true, "host": "d6b2a058c4be", "pid": 209201, "queue": "preference", "rank": null, "requested": 4, "selected": 3, "selected_keys": ["smoke01:preference:3f577c5b3e7f48f0afd7e54cd3088b1b", "smoke01:preference:201e9b648e61488fa5b7c368eb36d33c", "smoke01:preference:380d6320eea4441da9a247017cf0b6aa"], "stale": 0, "stale_keys": [], "ts": "2026-10-04 16:29:56"}
[DBG] {"available": 3, "category": "QUEUE", "component": "queue", "event": "pop_not_enough", "host": "d6b2a058c4be", "pid": 209201, "queue": "preference", "rank": null, "requested": 4, "ts": "2026-10-04 16:29:56"}
[DBG] {"category": "QUEUE", "component": "queue", "current_version": null, "event": "BEGIN:queue_list_for_pop", "exact": false, "host": "d6b2a058c4be", "max_lag": null, "pid": 209201, "queue": "rollout", "rank": null, "requested": 1, "ts": "2026-10-04 16:29:56"}
[DBG] {"category": "QUEUE", "component": "queue", "event": "watchdog_armed", "host": "d6b2a058c4be", "pid": 209201, "rank": null, "stage": "queue_list_for_pop", "timeout_sec": 30.0, "ts": "2026-10-04 16:29:56"}
[DBG] {"category": "QUEUE", "component": "queue", "elapsed_sec": 0.002228, "event": "END:queue_list_for_pop", "host": "d6b2a058c4be", "pid": 209201, "rank": null, "ts": "2026-10-04 16:29:56"}
[DBG] {"available": 9, "category": "QUEUE", "component": "queue", "event": "pop_scan", "exact": false, "host": "d6b2a058c4be", "pid": 209201, "queue": "rollout", "rank": null, "requested": 1, "selected": 1, "selected_keys": ["smoke01:rollout:bf4d71d3f4774e499d7f1cddf7391eb7"], "stale": 0, "stale_keys": [], "ts": "2026-10-04 16:29:56"}
[DBG] {"category": "QUEUE", "component": "queue", "event": "BEGIN:queue_get", "host": "d6b2a058c4be", "key": "smoke01:rollout:bf4d71d3f4774e499d7f1cddf7391eb7", "pid": 209201, "queue": "rollout", "rank": null, "ts": "2026-10-04 16:29:56"}
[DBG] {"category": "QUEUE", "component": "queue", "event": "watchdog_armed", "host": "d6b2a058c4be", "pid": 209201, "rank": null, "stage": "queue_get", "timeout_sec": 30.0, "ts": "2026-10-04 16:29:56"}
[DBG] {"category": "QUEUE", "component": "queue", "elapsed_sec": 0.025745, "event": "END:queue_get", "host": "d6b2a058c4be", "pid": 209201, "rank": null, "ts": "2026-10-04 16:29:56"}
[DBG] {"category": "QUEUE", "component": "queue", "event": "queue_item_decoded", "host": "d6b2a058c4be", "item_id": "bf4d71d3f4774e499d7f1cddf7391eb7", "key": "smoke01:rollout:bf4d71d3f4774e499d7f1cddf7391eb7", "pid": 209201, "policy_version": 0, "queue": "rollout", "rank": null, "ts": "2026-10-04 16:29:56"}
[DBG] {"category": "QUEUE", "component": "queue", "count": 1, "event": "BEGIN:clear_popped", "host": "d6b2a058c4be", "pid": 209201, "queue": "rollout", "rank": null, "ts": "2026-10-04 16:29:56"}
[DBG] {"category": "QUEUE", "component": "queue", "event": "watchdog_armed", "host": "d6b2a058c4be", "pid": 209201, "rank": null, "stage": "clear_popped", "timeout_sec": 30.0, "ts": "2026-10-04 16:29:56"}
[DBG] {"category": "QUEUE", "component": "queue", "elapsed_sec": 0.017939, "event": "END:clear_popped", "host": "d6b2a058c4be", "pid": 209201, "rank": null, "ts": "2026-10-04 16:29:56"}
[DBG] {"category": "QUEUE", "component": "queue", "event": "pop_done", "host": "d6b2a058c4be", "item_ids": ["bf4d71d3f4774e499d7f1cddf7391eb7"], "pid": 209201, "queue": "rollout", "rank": null, "remaining": 8, "returned": 1, "stale": 0, "ts": "2026-10-04 16:29:56"}
[DBG] {"category": "QUEUE", "component": "queue", "event": "size_changed", "host": "d6b2a058c4be", "pid": 209201, "queue": "rollout", "rank": null, "size": 8, "ts": "2026-10-04 16:29:56"}
[DBG] {"category": "QUEUE", "component": "queue", "current_version": 0, "event": "BEGIN:queue_list_for_pop", "exact": true, "host": "d6b2a058c4be", "max_lag": 3, "pid": 209201, "queue": "preference", "rank": null, "requested": 4, "ts": "2026-10-04 16:29:56"}
[DBG] {"category": "QUEUE", "component": "queue", "event": "watchdog_armed", "host": "d6b2a058c4be", "pid": 209201, "rank": null, "stage": "queue_list_for_pop", "timeout_sec": 30.0, "ts": "2026-10-04 16:29:56"}
[DBG] {"category": "QUEUE", "component": "queue", "elapsed_sec": 0.001445, "event": "END:queue_list_for_pop", "host": "d6b2a058c4be", "pid": 209201, "rank": null, "ts": "2026-10-04 16:29:56"}
[DBG] {"available": 3, "category": "QUEUE", "component": "queue", "event": "pop_scan", "exact": true, "host": "d6b2a058c4be", "pid": 209201, "queue": "preference", "rank": null, "requested": 4, "selected": 3, "selected_keys": ["smoke01:preference:3f577c5b3e7f48f0afd7e54cd3088b1b", "smoke01:preference:201e9b648e61488fa5b7c368eb36d33c", "smoke01:preference:380d6320eea4441da9a247017cf0b6aa"], "stale": 0, "stale_keys": [], "ts": "2026-10-04 16:29:56"}
[DBG] {"available": 3, "category": "QUEUE", "component": "queue", "event": "pop_not_enough", "host": "d6b2a058c4be", "pid": 209201, "queue": "preference", "rank": null, "requested": 4, "ts": "2026-10-04 16:29:56"}
[DBG] {"category": "QUEUE", "component": "queue", "current_version": 0, "event": "BEGIN:queue_list_for_pop", "exact": true, "host": "d6b2a058c4be", "max_lag": 3, "pid": 209201, "queue": "preference", "rank": null, "requested": 4, "ts": "2026-10-04 16:29:57"}
[DBG] {"category": "QUEUE", "component": "queue", "event": "watchdog_armed", "host": "d6b2a058c4be", "pid": 209201, "rank": null, "stage": "queue_list_for_pop", "timeout_sec": 30.0, "ts": "2026-10-04 16:29:57"}
[DBG] {"category": "QUEUE", "component": "queue", "elapsed_sec": 0.002183, "event": "END:queue_list_for_pop", "host": "d6b2a058c4be", "pid": 209201, "rank": null, "ts": "2026-10-04 16:29:57"}
[DBG] {"available": 3, "category": "QUEUE", "component": "queue", "event": "pop_scan", "exact": true, "host": "d6b2a058c4be", "pid": 209201, "queue": "preference", "rank": null, "requested": 4, "selected": 3, "selected_keys": ["smoke01:preference:3f577c5b3e7f48f0afd7e54cd3088b1b", "smoke01:preference:201e9b648e61488fa5b7c368eb36d33c", "smoke01:preference:380d6320eea4441da9a247017cf0b6aa"], "stale": 0, "stale_keys": [], "ts": "2026-10-04 16:29:57"}
[DBG] {"available": 3, "category": "QUEUE", "component": "queue", "event": "pop_not_enough", "host": "d6b2a058c4be", "pid": 209201, "queue": "preference", "rank": null, "requested": 4, "ts": "2026-10-04 16:29:57"}
[DBG] {"category": "QUEUE", "component": "queue", "event": "put_prepare", "host": "d6b2a058c4be", "item_id": "bf4d71d3f4774e499d7f1cddf7391eb7", "partition": "smoke01:preference", "payload_bytes": 1363, "pid": 209201, "policy_version": 0, "queue": "preference", "rank": null, "ts": "2026-10-04 16:29:57"}
[DBG] {"category": "QUEUE", "component": "queue", "event": "BEGIN:queue_put", "host": "d6b2a058c4be", "item_id": "bf4d71d3f4774e499d7f1cddf7391eb7", "pid": 209201, "queue": "preference", "rank": null, "ts": "2026-10-04 16:29:57"}
[DBG] {"category": "QUEUE", "component": "queue", "event": "watchdog_armed", "host": "d6b2a058c4be", "pid": 209201, "rank": null, "stage": "queue_put", "timeout_sec": 30.0, "ts": "2026-10-04 16:29:57"}
[DBG] {"category": "QUEUE", "component": "queue", "elapsed_sec": 0.020636, "event": "END:queue_put", "host": "d6b2a058c4be", "pid": 209201, "rank": null, "ts": "2026-10-04 16:29:57"}
[DBG] {"category": "QUEUE", "component": "queue", "event": "put_done", "host": "d6b2a058c4be", "key": "smoke01:preference:bf4d71d3f4774e499d7f1cddf7391eb7", "pid": 209201, "policy_version": 0, "queue": "preference", "rank": null, "ts": "2026-10-04 16:29:57"}
[DBG] {"category": "QUEUE", "component": "queue", "event": "size_changed", "host": "d6b2a058c4be", "pid": 209201, "queue": "preference", "rank": null, "size": 4, "ts": "2026-10-04 16:29:57"}
[DBG] {"category": "QUEUE", "component": "queue", "current_version": 0, "event": "BEGIN:queue_list_for_pop", "exact": true, "host": "d6b2a058c4be", "max_lag": 3, "pid": 209201, "queue": "preference", "rank": null, "requested": 4, "ts": "2026-10-04 16:29:57"}
[DBG] {"category": "QUEUE", "component": "queue", "event": "watchdog_armed", "host": "d6b2a058c4be", "pid": 209201, "rank": null, "stage": "queue_list_for_pop", "timeout_sec": 30.0, "ts": "2026-10-04 16:29:57"}
[DBG] {"category": "QUEUE", "component": "queue", "elapsed_sec": 0.00125, "event": "END:queue_list_for_pop", "host": "d6b2a058c4be", "pid": 209201, "rank": null, "ts": "2026-10-04 16:29:57"}
[DBG] {"available": 4, "category": "QUEUE", "component": "queue", "event": "pop_scan", "exact": true, "host": "d6b2a058c4be", "pid": 209201, "queue": "preference", "rank": null, "requested": 4, "selected": 4, "selected_keys": ["smoke01:preference:3f577c5b3e7f48f0afd7e54cd3088b1b", "smoke01:preference:201e9b648e61488fa5b7c368eb36d33c", "smoke01:preference:380d6320eea4441da9a247017cf0b6aa", "smoke01:preference:bf4d71d3f4774e499d7f1cddf7391eb7"], "stale": 0, "stale_keys": [], "ts": "2026-10-04 16:29:57"}
[DBG] {"category": "QUEUE", "component": "queue", "event": "BEGIN:queue_get", "host": "d6b2a058c4be", "key": "smoke01:preference:3f577c5b3e7f48f0afd7e54cd3088b1b", "pid": 209201, "queue": "preference", "rank": null, "ts": "2026-10-04 16:29:57"}
[DBG] {"category": "QUEUE", "component": "queue", "event": "watchdog_armed", "host": "d6b2a058c4be", "pid": 209201, "rank": null, "stage": "queue_get", "timeout_sec": 30.0, "ts": "2026-10-04 16:29:57"}
[DBG] {"category": "QUEUE", "component": "queue", "elapsed_sec": 0.024214, "event": "END:queue_get", "host": "d6b2a058c4be", "pid": 209201, "rank": null, "ts": "2026-10-04 16:29:57"}
[DBG] {"category": "QUEUE", "component": "queue", "event": "queue_item_decoded", "host": "d6b2a058c4be", "item_id": "3f577c5b3e7f48f0afd7e54cd3088b1b", "key": "smoke01:preference:3f577c5b3e7f48f0afd7e54cd3088b1b", "pid": 209201, "policy_version": 0, "queue": "preference", "rank": null, "ts": "2026-10-04 16:29:57"}
[DBG] {"category": "QUEUE", "component": "queue", "event": "BEGIN:queue_get", "host": "d6b2a058c4be", "key": "smoke01:preference:201e9b648e61488fa5b7c368eb36d33c", "pid": 209201, "queue": "preference", "rank": null, "ts": "2026-10-04 16:29:57"}
[DBG] {"category": "QUEUE", "component": "queue", "event": "watchdog_armed", "host": "d6b2a058c4be", "pid": 209201, "rank": null, "stage": "queue_get", "timeout_sec": 30.0, "ts": "2026-10-04 16:29:57"}
[DBG] {"category": "QUEUE", "component": "queue", "elapsed_sec": 0.024996, "event": "END:queue_get", "host": "d6b2a058c4be", "pid": 209201, "rank": null, "ts": "2026-10-04 16:29:57"}
[DBG] {"category": "QUEUE", "component": "queue", "event": "queue_item_decoded", "host": "d6b2a058c4be", "item_id": "201e9b648e61488fa5b7c368eb36d33c", "key": "smoke01:preference:201e9b648e61488fa5b7c368eb36d33c", "pid": 209201, "policy_version": 0, "queue": "preference", "rank": null, "ts": "2026-10-04 16:29:57"}
[DBG] {"category": "QUEUE", "component": "queue", "event": "BEGIN:queue_get", "host": "d6b2a058c4be", "key": "smoke01:preference:380d6320eea4441da9a247017cf0b6aa", "pid": 209201, "queue": "preference", "rank": null, "ts": "2026-10-04 16:29:57"}
[DBG] {"category": "QUEUE", "component": "queue", "event": "watchdog_armed", "host": "d6b2a058c4be", "pid": 209201, "rank": null, "stage": "queue_get", "timeout_sec": 30.0, "ts": "2026-10-04 16:29:57"}
[DBG] {"category": "QUEUE", "component": "queue", "elapsed_sec": 0.019458, "event": "END:queue_get", "host": "d6b2a058c4be", "pid": 209201, "rank": null, "ts": "2026-10-04 16:29:57"}
[DBG] {"category": "QUEUE", "component": "queue", "event": "queue_item_decoded", "host": "d6b2a058c4be", "item_id": "380d6320eea4441da9a247017cf0b6aa", "key": "smoke01:preference:380d6320eea4441da9a247017cf0b6aa", "pid": 209201, "policy_version": 0, "queue": "preference", "rank": null, "ts": "2026-10-04 16:29:57"}
[DBG] {"category": "QUEUE", "component": "queue", "event": "BEGIN:queue_get", "host": "d6b2a058c4be", "key": "smoke01:preference:bf4d71d3f4774e499d7f1cddf7391eb7", "pid": 209201, "queue": "preference", "rank": null, "ts": "2026-10-04 16:29:57"}
[DBG] {"category": "QUEUE", "component": "queue", "event": "watchdog_armed", "host": "d6b2a058c4be", "pid": 209201, "rank": null, "stage": "queue_get", "timeout_sec": 30.0, "ts": "2026-10-04 16:29:57"}
[DBG] {"category": "QUEUE", "component": "queue", "elapsed_sec": 0.02437, "event": "END:queue_get", "host": "d6b2a058c4be", "pid": 209201, "rank": null, "ts": "2026-10-04 16:29:57"}
[DBG] {"category": "QUEUE", "component": "queue", "event": "queue_item_decoded", "host": "d6b2a058c4be", "item_id": "bf4d71d3f4774e499d7f1cddf7391eb7", "key": "smoke01:preference:bf4d71d3f4774e499d7f1cddf7391eb7", "pid": 209201, "policy_version": 0, "queue": "preference", "rank": null, "ts": "2026-10-04 16:29:57"}
[DBG] {"category": "QUEUE", "component": "queue", "count": 4, "event": "BEGIN:clear_popped", "host": "d6b2a058c4be", "pid": 209201, "queue": "preference", "rank": null, "ts": "2026-10-04 16:29:57"}
[DBG] {"category": "QUEUE", "component": "queue", "event": "watchdog_armed", "host": "d6b2a058c4be", "pid": 209201, "rank": null, "stage": "clear_popped", "timeout_sec": 30.0, "ts": "2026-10-04 16:29:57"}
[DBG] {"category": "QUEUE", "component": "queue", "elapsed_sec": 0.016858, "event": "END:clear_popped", "host": "d6b2a058c4be", "pid": 209201, "rank": null, "ts": "2026-10-04 16:29:57"}
[DBG] {"category": "QUEUE", "component": "queue", "event": "pop_done", "host": "d6b2a058c4be", "item_ids": ["3f577c5b3e7f48f0afd7e54cd3088b1b", "201e9b648e61488fa5b7c368eb36d33c", "380d6320eea4441da9a247017cf0b6aa", "bf4d71d3f4774e499d7f1cddf7391eb7"], "pid": 209201, "queue": "preference", "rank": null, "remaining": 0, "returned": 4, "stale": 0, "ts": "2026-10-04 16:29:57"}
[DBG] {"category": "QUEUE", "component": "queue", "event": "size_changed", "host": "d6b2a058c4be", "pid": 209201, "queue": "preference", "rank": null, "size": 0, "ts": "2026-10-04 16:29:57"}
[DBG] {"category": "QUEUE", "component": "queue", "current_version": null, "event": "BEGIN:queue_list_for_pop", "exact": false, "host": "d6b2a058c4be", "max_lag": null, "pid": 209201, "queue": "rollout", "rank": null, "requested": 1, "ts": "2026-10-04 16:30:35"}
[DBG] {"category": "QUEUE", "component": "queue", "event": "watchdog_armed", "host": "d6b2a058c4be", "pid": 209201, "rank": null, "stage": "queue_list_for_pop", "timeout_sec": 30.0, "ts": "2026-10-04 16:30:35"}
[DBG] {"category": "QUEUE", "component": "queue", "elapsed_sec": 0.001947, "event": "END:queue_list_for_pop", "host": "d6b2a058c4be", "pid": 209201, "rank": null, "ts": "2026-10-04 16:30:35"}
[DBG] {"available": 8, "category": "QUEUE", "component": "queue", "event": "pop_scan", "exact": false, "host": "d6b2a058c4be", "pid": 209201, "queue": "rollout", "rank": null, "requested": 1, "selected": 1, "selected_keys": ["smoke01:rollout:111abe988bb24391837b2a163e09f8a8"], "stale": 0, "stale_keys": [], "ts": "2026-10-04 16:30:35"}
[DBG] {"category": "QUEUE", "component": "queue", "event": "BEGIN:queue_get", "host": "d6b2a058c4be", "key": "smoke01:rollout:111abe988bb24391837b2a163e09f8a8", "pid": 209201, "queue": "rollout", "rank": null, "ts": "2026-10-04 16:30:35"}
[DBG] {"category": "QUEUE", "component": "queue", "event": "watchdog_armed", "host": "d6b2a058c4be", "pid": 209201, "rank": null, "stage": "queue_get", "timeout_sec": 30.0, "ts": "2026-10-04 16:30:35"}
[DBG] {"category": "QUEUE", "component": "queue", "elapsed_sec": 0.024815, "event": "END:queue_get", "host": "d6b2a058c4be", "pid": 209201, "rank": null, "ts": "2026-10-04 16:30:35"}
[DBG] {"category": "QUEUE", "component": "queue", "event": "queue_item_decoded", "host": "d6b2a058c4be", "item_id": "111abe988bb24391837b2a163e09f8a8", "key": "smoke01:rollout:111abe988bb24391837b2a163e09f8a8", "pid": 209201, "policy_version": 0, "queue": "rollout", "rank": null, "ts": "2026-10-04 16:30:35"}
[DBG] {"category": "QUEUE", "component": "queue", "count": 1, "event": "BEGIN:clear_popped", "host": "d6b2a058c4be", "pid": 209201, "queue": "rollout", "rank": null, "ts": "2026-10-04 16:30:35"}
[DBG] {"category": "QUEUE", "component": "queue", "event": "watchdog_armed", "host": "d6b2a058c4be", "pid": 209201, "rank": null, "stage": "clear_popped", "timeout_sec": 30.0, "ts": "2026-10-04 16:30:35"}
[DBG] {"category": "QUEUE", "component": "queue", "elapsed_sec": 0.012114, "event": "END:clear_popped", "host": "d6b2a058c4be", "pid": 209201, "rank": null, "ts": "2026-10-04 16:30:35"}
[DBG] {"category": "QUEUE", "component": "queue", "event": "pop_done", "host": "d6b2a058c4be", "item_ids": ["111abe988bb24391837b2a163e09f8a8"], "pid": 209201, "queue": "rollout", "rank": null, "remaining": 7, "returned": 1, "stale": 0, "ts": "2026-10-04 16:30:35"}
[DBG] {"category": "QUEUE", "component": "queue", "event": "size_changed", "host": "d6b2a058c4be", "pid": 209201, "queue": "rollout", "rank": null, "size": 7, "ts": "2026-10-04 16:30:35"}
[DBG] {"category": "QUEUE", "component": "queue", "event": "put_prepare", "host": "d6b2a058c4be", "item_id": "4a0bbb977d534b1da720f0e7be6cd809", "partition": "smoke01:rollout", "payload_bytes": 2614, "pid": 209201, "policy_version": 0, "queue": "rollout", "rank": null, "ts": "2026-10-04 16:30:36"}
[DBG] {"category": "QUEUE", "component": "queue", "event": "BEGIN:queue_put", "host": "d6b2a058c4be", "item_id": "4a0bbb977d534b1da720f0e7be6cd809", "pid": 209201, "queue": "rollout", "rank": null, "ts": "2026-10-04 16:30:36"}
[DBG] {"category": "QUEUE", "component": "queue", "event": "watchdog_armed", "host": "d6b2a058c4be", "pid": 209201, "rank": null, "stage": "queue_put", "timeout_sec": 30.0, "ts": "2026-10-04 16:30:36"}
[DBG] {"category": "QUEUE", "component": "queue", "elapsed_sec": 0.024704, "event": "END:queue_put", "host": "d6b2a058c4be", "pid": 209201, "rank": null, "ts": "2026-10-04 16:30:36"}
[DBG] {"category": "QUEUE", "component": "queue", "event": "put_done", "host": "d6b2a058c4be", "key": "smoke01:rollout:4a0bbb977d534b1da720f0e7be6cd809", "pid": 209201, "policy_version": 0, "queue": "rollout", "rank": null, "ts": "2026-10-04 16:30:36"}
[DBG] {"category": "QUEUE", "component": "queue", "event": "put_prepare", "host": "d6b2a058c4be", "item_id": "f70725598e07499b8903e039da234870", "partition": "smoke01:rollout", "payload_bytes": 1489, "pid": 209201, "policy_version": 0, "queue": "rollout", "rank": null, "ts": "2026-10-04 16:30:36"}
[DBG] {"category": "QUEUE", "component": "queue", "event": "BEGIN:queue_put", "host": "d6b2a058c4be", "item_id": "f70725598e07499b8903e039da234870", "pid": 209201, "queue": "rollout", "rank": null, "ts": "2026-10-04 16:30:36"}
[DBG] {"category": "QUEUE", "component": "queue", "event": "watchdog_armed", "host": "d6b2a058c4be", "pid": 209201, "rank": null, "stage": "queue_put", "timeout_sec": 30.0, "ts": "2026-10-04 16:30:36"}
[DBG] {"category": "QUEUE", "component": "queue", "elapsed_sec": 0.030785, "event": "END:queue_put", "host": "d6b2a058c4be", "pid": 209201, "rank": null, "ts": "2026-10-04 16:30:36"}
[DBG] {"category": "QUEUE", "component": "queue", "event": "put_done", "host": "d6b2a058c4be", "key": "smoke01:rollout:f70725598e07499b8903e039da234870", "pid": 209201, "policy_version": 0, "queue": "rollout", "rank": null, "ts": "2026-10-04 16:30:36"}
[DBG] {"category": "QUEUE", "component": "queue", "event": "size_changed", "host": "d6b2a058c4be", "pid": 209201, "queue": "rollout", "rank": null, "size": 9, "ts": "2026-10-04 16:30:36"}
