[DBG] {"category": "QUEUE", "component": "queue", "event": "BEGIN:transfer_queue_init", "host": "d6b2a058c4be", "pid": 69911, "rank": null, "run_id": "smoke01", "ts": "2026-10-04 13:29:21"}
[DBG] {"category": "QUEUE", "component": "queue", "event": "watchdog_armed", "host": "d6b2a058c4be", "pid": 69911, "rank": null, "stage": "transfer_queue_init", "timeout_sec": 30.0, "ts": "2026-10-04 13:29:21"}
[DBG] {"category": "QUEUE", "component": "queue", "elapsed_sec": 6.223916, "event": "END:transfer_queue_init", "host": "d6b2a058c4be", "pid": 69911, "rank": null, "ts": "2026-10-04 13:29:27"}
[DBG] {"category": "QUEUE", "component": "queue", "event": "broker_ready", "host": "d6b2a058c4be", "pid": 69911, "queues": {"preference": "preference", "rollout": "rollout"}, "rank": null, "ts": "2026-10-04 13:29:27"}
[DBG] {"category": "QUEUE", "component": "queue", "current_version": null, "event": "BEGIN:queue_list_for_pop", "exact": false, "host": "d6b2a058c4be", "max_lag": null, "pid": 69911, "queue": "rollout", "rank": null, "requested": 1, "ts": "2026-10-04 13:30:06"}
[DBG] {"category": "QUEUE", "component": "queue", "event": "watchdog_armed", "host": "d6b2a058c4be", "pid": 69911, "rank": null, "stage": "queue_list_for_pop", "timeout_sec": 30.0, "ts": "2026-10-04 13:30:06"}
[DBG] {"category": "QUEUE", "component": "queue", "elapsed_sec": 0.023101, "event": "END:queue_list_for_pop", "host": "d6b2a058c4be", "pid": 69911, "rank": null, "ts": "2026-10-04 13:30:06"}
[DBG] {"available": 0, "category": "QUEUE", "component": "queue", "event": "pop_scan", "exact": false, "host": "d6b2a058c4be", "pid": 69911, "queue": "rollout", "rank": null, "requested": 1, "selected": 0, "stale": 0, "ts": "2026-10-04 13:30:06"}
[DBG] {"category": "QUEUE", "component": "queue", "event": "pop_done", "host": "d6b2a058c4be", "pid": 69911, "queue": "rollout", "rank": null, "returned": 0, "stale": 0, "ts": "2026-10-04 13:30:06"}
[DBG] {"category": "QUEUE", "component": "queue", "event": "size_changed", "host": "d6b2a058c4be", "pid": 69911, "queue": "rollout", "rank": null, "size": 0, "ts": "2026-10-04 13:30:06"}
[DBG] {"category": "QUEUE", "component": "queue", "current_version": null, "event": "BEGIN:queue_list_for_pop", "exact": false, "host": "d6b2a058c4be", "max_lag": null, "pid": 69911, "queue": "rollout", "rank": null, "requested": 1, "ts": "2026-10-04 13:30:07"}
[DBG] {"category": "QUEUE", "component": "queue", "event": "watchdog_armed", "host": "d6b2a058c4be", "pid": 69911, "rank": null, "stage": "queue_list_for_pop", "timeout_sec": 30.0, "ts": "2026-10-04 13:30:07"}
[DBG] {"category": "QUEUE", "component": "queue", "elapsed_sec": 0.001738, "event": "END:queue_list_for_pop", "host": "d6b2a058c4be", "pid": 69911, "rank": null, "ts": "2026-10-04 13:30:07"}
[DBG] {"available": 0, "category": "QUEUE", "component": "queue", "event": "pop_scan", "exact": false, "host": "d6b2a058c4be", "pid": 69911, "queue": "rollout", "rank": null, "requested": 1, "selected": 0, "stale": 0, "ts": "2026-10-04 13:30:07"}
[DBG] {"category": "QUEUE", "component": "queue", "event": "pop_done", "host": "d6b2a058c4be", "pid": 69911, "queue": "rollout", "rank": null, "returned": 0, "stale": 0, "ts": "2026-10-04 13:30:07"}
[DBG] {"category": "QUEUE", "component": "queue", "current_version": null, "event": "BEGIN:queue_list_for_pop", "exact": false, "host": "d6b2a058c4be", "max_lag": null, "pid": 69911, "queue": "rollout", "rank": null, "requested": 1, "ts": "2026-10-04 13:30:07"}
[DBG] {"category": "QUEUE", "component": "queue", "event": "watchdog_armed", "host": "d6b2a058c4be", "pid": 69911, "rank": null, "stage": "queue_list_for_pop", "timeout_sec": 30.0, "ts": "2026-10-04 13:30:07"}
[DBG] {"category": "QUEUE", "component": "queue", "elapsed_sec": 0.002842, "event": "END:queue_list_for_pop", "host": "d6b2a058c4be", "pid": 69911, "rank": null, "ts": "2026-10-04 13:30:07"}
[DBG] {"available": 0, "category": "QUEUE", "component": "queue", "event": "pop_scan", "exact": false, "host": "d6b2a058c4be", "pid": 69911, "queue": "rollout", "rank": null, "requested": 1, "selected": 0, "stale": 0, "ts": "2026-10-04 13:30:07"}
[DBG] {"category": "QUEUE", "component": "queue", "event": "pop_done", "host": "d6b2a058c4be", "pid": 69911, "queue": "rollout", "rank": null, "returned": 0, "stale": 0, "ts": "2026-10-04 13:30:07"}
[DBG] {"category": "QUEUE", "component": "queue", "current_version": null, "event": "BEGIN:queue_list_for_pop", "exact": false, "host": "d6b2a058c4be", "max_lag": null, "pid": 69911, "queue": "rollout", "rank": null, "requested": 1, "ts": "2026-10-04 13:30:07"}
[DBG] {"category": "QUEUE", "component": "queue", "event": "watchdog_armed", "host": "d6b2a058c4be", "pid": 69911, "rank": null, "stage": "queue_list_for_pop", "timeout_sec": 30.0, "ts": "2026-10-04 13:30:07"}
[DBG] {"category": "QUEUE", "component": "queue", "elapsed_sec": 0.002569, "event": "END:queue_list_for_pop", "host": "d6b2a058c4be", "pid": 69911, "rank": null, "ts": "2026-10-04 13:30:07"}
[DBG] {"available": 0, "category": "QUEUE", "component": "queue", "event": "pop_scan", "exact": false, "host": "d6b2a058c4be", "pid": 69911, "queue": "rollout", "rank": null, "requested": 1, "selected": 0, "stale": 0, "ts": "2026-10-04 13:30:07"}
[DBG] {"category": "QUEUE", "component": "queue", "event": "pop_done", "host": "d6b2a058c4be", "pid": 69911, "queue": "rollout", "rank": null, "returned": 0, "stale": 0, "ts": "2026-10-04 13:30:07"}
[DBG] {"category": "QUEUE", "component": "queue", "current_version": null, "event": "BEGIN:queue_list_for_pop", "exact": false, "host": "d6b2a058c4be", "max_lag": null, "pid": 69911, "queue": "rollout", "rank": null, "requested": 1, "ts": "2026-10-04 13:30:07"}
[DBG] {"category": "QUEUE", "component": "queue", "event": "watchdog_armed", "host": "d6b2a058c4be", "pid": 69911, "rank": null, "stage": "queue_list_for_pop", "timeout_sec": 30.0, "ts": "2026-10-04 13:30:07"}
[DBG] {"category": "QUEUE", "component": "queue", "elapsed_sec": 0.002904, "event": "END:queue_list_for_pop", "host": "d6b2a058c4be", "pid": 69911, "rank": null, "ts": "2026-10-04 13:30:07"}
[DBG] {"available": 0, "category": "QUEUE", "component": "queue", "event": "pop_scan", "exact": false, "host": "d6b2a058c4be", "pid": 69911, "queue": "rollout", "rank": null, "requested": 1, "selected": 0, "stale": 0, "ts": "2026-10-04 13:30:07"}
[DBG] {"category": "QUEUE", "component": "queue", "event": "pop_done", "host": "d6b2a058c4be", "pid": 69911, "queue": "rollout", "rank": null, "returned": 0, "stale": 0, "ts": "2026-10-04 13:30:07"}
[DBG] {"category": "QUEUE", "component": "queue", "current_version": null, "event": "BEGIN:queue_list_for_pop", "exact": false, "host": "d6b2a058c4be", "max_lag": null, "pid": 69911, "queue": "rollout", "rank": null, "requested": 1, "ts": "2026-10-04 13:30:08"}
[DBG] {"category": "QUEUE", "component": "queue", "event": "watchdog_armed", "host": "d6b2a058c4be", "pid": 69911, "rank": null, "stage": "queue_list_for_pop", "timeout_sec": 30.0, "ts": "2026-10-04 13:30:08"}
[DBG] {"category": "QUEUE", "component": "queue", "elapsed_sec": 0.00276, "event": "END:queue_list_for_pop", "host": "d6b2a058c4be", "pid": 69911, "rank": null, "ts": "2026-10-04 13:30:08"}
[DBG] {"available": 0, "category": "QUEUE", "component": "queue", "event": "pop_scan", "exact": false, "host": "d6b2a058c4be", "pid": 69911, "queue": "rollout", "rank": null, "requested": 1, "selected": 0, "stale": 0, "ts": "2026-10-04 13:30:08"}
[DBG] {"category": "QUEUE", "component": "queue", "event": "pop_done", "host": "d6b2a058c4be", "pid": 69911, "queue": "rollout", "rank": null, "returned": 0, "stale": 0, "ts": "2026-10-04 13:30:08"}
[DBG] {"category": "QUEUE", "component": "queue", "current_version": null, "event": "BEGIN:queue_list_for_pop", "exact": false, "host": "d6b2a058c4be", "max_lag": null, "pid": 69911, "queue": "rollout", "rank": null, "requested": 1, "ts": "2026-10-04 13:30:08"}
[DBG] {"category": "QUEUE", "component": "queue", "event": "watchdog_armed", "host": "d6b2a058c4be", "pid": 69911, "rank": null, "stage": "queue_list_for_pop", "timeout_sec": 30.0, "ts": "2026-10-04 13:30:08"}
[DBG] {"category": "QUEUE", "component": "queue", "elapsed_sec": 0.003017, "event": "END:queue_list_for_pop", "host": "d6b2a058c4be", "pid": 69911, "rank": null, "ts": "2026-10-04 13:30:08"}
[DBG] {"available": 0, "category": "QUEUE", "component": "queue", "event": "pop_scan", "exact": false, "host": "d6b2a058c4be", "pid": 69911, "queue": "rollout", "rank": null, "requested": 1, "selected": 0, "stale": 0, "ts": "2026-10-04 13:30:08"}
[DBG] {"category": "QUEUE", "component": "queue", "event": "pop_done", "host": "d6b2a058c4be", "pid": 69911, "queue": "rollout", "rank": null, "returned": 0, "stale": 0, "ts": "2026-10-04 13:30:08"}
[DBG] {"category": "QUEUE", "component": "queue", "current_version": null, "event": "BEGIN:queue_list_for_pop", "exact": false, "host": "d6b2a058c4be", "max_lag": null, "pid": 69911, "queue": "rollout", "rank": null, "requested": 1, "ts": "2026-10-04 13:30:08"}
[DBG] {"category": "QUEUE", "component": "queue", "event": "watchdog_armed", "host": "d6b2a058c4be", "pid": 69911, "rank": null, "stage": "queue_list_for_pop", "timeout_sec": 30.0, "ts": "2026-10-04 13:30:08"}
[DBG] {"category": "QUEUE", "component": "queue", "elapsed_sec": 0.00243, "event": "END:queue_list_for_pop", "host": "d6b2a058c4be", "pid": 69911, "rank": null, "ts": "2026-10-04 13:30:08"}
[DBG] {"available": 0, "category": "QUEUE", "component": "queue", "event": "pop_scan", "exact": false, "host": "d6b2a058c4be", "pid": 69911, "queue": "rollout", "rank": null, "requested": 1, "selected": 0, "stale": 0, "ts": "2026-10-04 13:30:08"}
[DBG] {"category": "QUEUE", "component": "queue", "event": "pop_done", "host": "d6b2a058c4be", "pid": 69911, "queue": "rollout", "rank": null, "returned": 0, "stale": 0, "ts": "2026-10-04 13:30:08"}
[DBG] {"category": "QUEUE", "component": "queue", "current_version": null, "event": "BEGIN:queue_list_for_pop", "exact": false, "host": "d6b2a058c4be", "max_lag": null, "pid": 69911, "queue": "rollout", "rank": null, "requested": 1, "ts": "2026-10-04 13:30:08"}
[DBG] {"category": "QUEUE", "component": "queue", "event": "watchdog_armed", "host": "d6b2a058c4be", "pid": 69911, "rank": null, "stage": "queue_list_for_pop", "timeout_sec": 30.0, "ts": "2026-10-04 13:30:08"}
[DBG] {"category": "QUEUE", "component": "queue", "elapsed_sec": 0.00212, "event": "END:queue_list_for_pop", "host": "d6b2a058c4be", "pid": 69911, "rank": null, "ts": "2026-10-04 13:30:08"}
[DBG] {"available": 0, "category": "QUEUE", "component": "queue", "event": "pop_scan", "exact": false, "host": "d6b2a058c4be", "pid": 69911, "queue": "rollout", "rank": null, "requested": 1, "selected": 0, "stale": 0, "ts": "2026-10-04 13:30:08"}
[DBG] {"category": "QUEUE", "component": "queue", "event": "pop_done", "host": "d6b2a058c4be", "pid": 69911, "queue": "rollout", "rank": null, "returned": 0, "stale": 0, "ts": "2026-10-04 13:30:08"}
[DBG] {"category": "QUEUE", "component": "queue", "current_version": null, "event": "BEGIN:queue_list_for_pop", "exact": false, "host": "d6b2a058c4be", "max_lag": null, "pid": 69911, "queue": "rollout", "rank": null, "requested": 1, "ts": "2026-10-04 13:30:08"}
[DBG] {"category": "QUEUE", "component": "queue", "event": "watchdog_armed", "host": "d6b2a058c4be", "pid": 69911, "rank": null, "stage": "queue_list_for_pop", "timeout_sec": 30.0, "ts": "2026-10-04 13:30:08"}
[DBG] {"category": "QUEUE", "component": "queue", "elapsed_sec": 0.002053, "event": "END:queue_list_for_pop", "host": "d6b2a058c4be", "pid": 69911, "rank": null, "ts": "2026-10-04 13:30:08"}
[DBG] {"available": 0, "category": "QUEUE", "component": "queue", "event": "pop_scan", "exact": false, "host": "d6b2a058c4be", "pid": 69911, "queue": "rollout", "rank": null, "requested": 1, "selected": 0, "stale": 0, "ts": "2026-10-04 13:30:08"}
[DBG] {"category": "QUEUE", "component": "queue", "event": "pop_done", "host": "d6b2a058c4be", "pid": 69911, "queue": "rollout", "rank": null, "returned": 0, "stale": 0, "ts": "2026-10-04 13:30:08"}
[DBG] {"category": "QUEUE", "component": "queue", "current_version": null, "event": "BEGIN:queue_list_for_pop", "exact": false, "host": "d6b2a058c4be", "max_lag": null, "pid": 69911, "queue": "rollout", "rank": null, "requested": 1, "ts": "2026-10-04 13:30:09"}
[DBG] {"category": "QUEUE", "component": "queue", "event": "watchdog_armed", "host": "d6b2a058c4be", "pid": 69911, "rank": null, "stage": "queue_list_for_pop", "timeout_sec": 30.0, "ts": "2026-10-04 13:30:09"}
[DBG] {"category": "QUEUE", "component": "queue", "elapsed_sec": 0.00245, "event": "END:queue_list_for_pop", "host": "d6b2a058c4be", "pid": 69911, "rank": null, "ts": "2026-10-04 13:30:09"}
[DBG] {"available": 0, "category": "QUEUE", "component": "queue", "event": "pop_scan", "exact": false, "host": "d6b2a058c4be", "pid": 69911, "queue": "rollout", "rank": null, "requested": 1, "selected": 0, "stale": 0, "ts": "2026-10-04 13:30:09"}
[DBG] {"category": "QUEUE", "component": "queue", "event": "pop_done", "host": "d6b2a058c4be", "pid": 69911, "queue": "rollout", "rank": null, "returned": 0, "stale": 0, "ts": "2026-10-04 13:30:09"}
[DBG] {"category": "QUEUE", "component": "queue", "current_version": null, "event": "BEGIN:queue_list_for_pop", "exact": false, "host": "d6b2a058c4be", "max_lag": null, "pid": 69911, "queue": "rollout", "rank": null, "requested": 1, "ts": "2026-10-04 13:30:09"}
[DBG] {"category": "QUEUE", "component": "queue", "event": "watchdog_armed", "host": "d6b2a058c4be", "pid": 69911, "rank": null, "stage": "queue_list_for_pop", "timeout_sec": 30.0, "ts": "2026-10-04 13:30:09"}
[DBG] {"category": "QUEUE", "component": "queue", "elapsed_sec": 0.002193, "event": "END:queue_list_for_pop", "host": "d6b2a058c4be", "pid": 69911, "rank": null, "ts": "2026-10-04 13:30:09"}
[DBG] {"available": 0, "category": "QUEUE", "component": "queue", "event": "pop_scan", "exact": false, "host": "d6b2a058c4be", "pid": 69911, "queue": "rollout", "rank": null, "requested": 1, "selected": 0, "stale": 0, "ts": "2026-10-04 13:30:09"}
[DBG] {"category": "QUEUE", "component": "queue", "event": "pop_done", "host": "d6b2a058c4be", "pid": 69911, "queue": "rollout", "rank": null, "returned": 0, "stale": 0, "ts": "2026-10-04 13:30:09"}
[DBG] {"category": "QUEUE", "component": "queue", "current_version": null, "event": "BEGIN:queue_list_for_pop", "exact": false, "host": "d6b2a058c4be", "max_lag": null, "pid": 69911, "queue": "rollout", "rank": null, "requested": 1, "ts": "2026-10-04 13:30:09"}
[DBG] {"category": "QUEUE", "component": "queue", "event": "watchdog_armed", "host": "d6b2a058c4be", "pid": 69911, "rank": null, "stage": "queue_list_for_pop", "timeout_sec": 30.0, "ts": "2026-10-04 13:30:09"}
[DBG] {"category": "QUEUE", "component": "queue", "elapsed_sec": 0.002407, "event": "END:queue_list_for_pop", "host": "d6b2a058c4be", "pid": 69911, "rank": null, "ts": "2026-10-04 13:30:09"}
[DBG] {"available": 0, "category": "QUEUE", "component": "queue", "event": "pop_scan", "exact": false, "host": "d6b2a058c4be", "pid": 69911, "queue": "rollout", "rank": null, "requested": 1, "selected": 0, "stale": 0, "ts": "2026-10-04 13:30:09"}
[DBG] {"category": "QUEUE", "component": "queue", "event": "pop_done", "host": "d6b2a058c4be", "pid": 69911, "queue": "rollout", "rank": null, "returned": 0, "stale": 0, "ts": "2026-10-04 13:30:09"}
[DBG] {"category": "QUEUE", "component": "queue", "event": "BEGIN:queue_put", "host": "d6b2a058c4be", "item_id": "8a478910b38c4466bab6c143540269bb", "pid": 69911, "queue": "rollout", "rank": null, "ts": "2026-10-04 13:30:09"}
[DBG] {"category": "QUEUE", "component": "queue", "event": "watchdog_armed", "host": "d6b2a058c4be", "pid": 69911, "rank": null, "stage": "queue_put", "timeout_sec": 30.0, "ts": "2026-10-04 13:30:09"}
[DBG] {"category": "QUEUE", "component": "queue", "elapsed_sec": 0.035473, "event": "END:queue_put", "host": "d6b2a058c4be", "pid": 69911, "rank": null, "ts": "2026-10-04 13:30:09"}
[DBG] {"category": "QUEUE", "component": "queue", "event": "put_done", "host": "d6b2a058c4be", "key": "smoke01:rollout:8a478910b38c4466bab6c143540269bb", "pid": 69911, "policy_version": 0, "queue": "rollout", "rank": null, "ts": "2026-10-04 13:30:09"}
[DBG] {"category": "QUEUE", "component": "queue", "event": "BEGIN:queue_put", "host": "d6b2a058c4be", "item_id": "6f834de7bff14e619df5c9668deaa62f", "pid": 69911, "queue": "rollout", "rank": null, "ts": "2026-10-04 13:30:09"}
[DBG] {"category": "QUEUE", "component": "queue", "event": "watchdog_armed", "host": "d6b2a058c4be", "pid": 69911, "rank": null, "stage": "queue_put", "timeout_sec": 30.0, "ts": "2026-10-04 13:30:09"}
[DBG] {"category": "QUEUE", "component": "queue", "elapsed_sec": 0.029262, "event": "END:queue_put", "host": "d6b2a058c4be", "pid": 69911, "rank": null, "ts": "2026-10-04 13:30:09"}
[DBG] {"category": "QUEUE", "component": "queue", "event": "put_done", "host": "d6b2a058c4be", "key": "smoke01:rollout:6f834de7bff14e619df5c9668deaa62f", "pid": 69911, "policy_version": 0, "queue": "rollout", "rank": null, "ts": "2026-10-04 13:30:09"}
[DBG] {"category": "QUEUE", "component": "queue", "event": "size_changed", "host": "d6b2a058c4be", "pid": 69911, "queue": "rollout", "rank": null, "size": 2, "ts": "2026-10-04 13:30:09"}
[DBG] {"category": "QUEUE", "component": "queue", "current_version": null, "event": "BEGIN:queue_list_for_pop", "exact": false, "host": "d6b2a058c4be", "max_lag": null, "pid": 69911, "queue": "rollout", "rank": null, "requested": 1, "ts": "2026-10-04 13:30:09"}
[DBG] {"category": "QUEUE", "component": "queue", "event": "watchdog_armed", "host": "d6b2a058c4be", "pid": 69911, "rank": null, "stage": "queue_list_for_pop", "timeout_sec": 30.0, "ts": "2026-10-04 13:30:09"}
[DBG] {"category": "QUEUE", "component": "queue", "elapsed_sec": 0.002316, "event": "END:queue_list_for_pop", "host": "d6b2a058c4be", "pid": 69911, "rank": null, "ts": "2026-10-04 13:30:09"}
[DBG] {"available": 2, "category": "QUEUE", "component": "queue", "event": "pop_scan", "exact": false, "host": "d6b2a058c4be", "pid": 69911, "queue": "rollout", "rank": null, "requested": 1, "selected": 1, "stale": 0, "ts": "2026-10-04 13:30:09"}
[DBG] {"category": "QUEUE", "component": "queue", "event": "BEGIN:queue_get", "host": "d6b2a058c4be", "key": "smoke01:rollout:8a478910b38c4466bab6c143540269bb", "pid": 69911, "queue": "rollout", "rank": null, "ts": "2026-10-04 13:30:09"}
[DBG] {"category": "QUEUE", "component": "queue", "event": "watchdog_armed", "host": "d6b2a058c4be", "pid": 69911, "rank": null, "stage": "queue_get", "timeout_sec": 30.0, "ts": "2026-10-04 13:30:09"}
[DBG] {"category": "QUEUE", "component": "queue", "elapsed_sec": 0.040366, "event": "END:queue_get", "host": "d6b2a058c4be", "pid": 69911, "rank": null, "ts": "2026-10-04 13:30:09"}
[DBG] {"category": "QUEUE", "component": "queue", "count": 1, "event": "BEGIN:clear_popped", "host": "d6b2a058c4be", "pid": 69911, "queue": "rollout", "rank": null, "ts": "2026-10-04 13:30:09"}
[DBG] {"category": "QUEUE", "component": "queue", "event": "watchdog_armed", "host": "d6b2a058c4be", "pid": 69911, "rank": null, "stage": "clear_popped", "timeout_sec": 30.0, "ts": "2026-10-04 13:30:09"}
[DBG] {"category": "QUEUE", "component": "queue", "elapsed_sec": 0.017149, "event": "END:clear_popped", "host": "d6b2a058c4be", "pid": 69911, "rank": null, "ts": "2026-10-04 13:30:09"}
[DBG] {"category": "QUEUE", "component": "queue", "event": "pop_done", "host": "d6b2a058c4be", "pid": 69911, "queue": "rollout", "rank": null, "returned": 1, "stale": 0, "ts": "2026-10-04 13:30:09"}
[DBG] {"category": "QUEUE", "component": "queue", "event": "BEGIN:queue_put", "host": "d6b2a058c4be", "item_id": "f949ffc9abe049968a5ba765a9b3e724", "pid": 69911, "queue": "rollout", "rank": null, "ts": "2026-10-04 13:30:10"}
[DBG] {"category": "QUEUE", "component": "queue", "event": "watchdog_armed", "host": "d6b2a058c4be", "pid": 69911, "rank": null, "stage": "queue_put", "timeout_sec": 30.0, "ts": "2026-10-04 13:30:10"}
[DBG] {"category": "QUEUE", "component": "queue", "elapsed_sec": 0.019113, "event": "END:queue_put", "host": "d6b2a058c4be", "pid": 69911, "rank": null, "ts": "2026-10-04 13:30:10"}
[DBG] {"category": "QUEUE", "component": "queue", "event": "put_done", "host": "d6b2a058c4be", "key": "smoke01:rollout:f949ffc9abe049968a5ba765a9b3e724", "pid": 69911, "policy_version": 0, "queue": "rollout", "rank": null, "ts": "2026-10-04 13:30:10"}
[DBG] {"category": "QUEUE", "component": "queue", "event": "BEGIN:queue_put", "host": "d6b2a058c4be", "item_id": "82dd36926d8648ecb18b5eb44f7cd4bc", "pid": 69911, "queue": "rollout", "rank": null, "ts": "2026-10-04 13:30:10"}
[DBG] {"category": "QUEUE", "component": "queue", "event": "watchdog_armed", "host": "d6b2a058c4be", "pid": 69911, "rank": null, "stage": "queue_put", "timeout_sec": 30.0, "ts": "2026-10-04 13:30:10"}
[DBG] {"category": "QUEUE", "component": "queue", "elapsed_sec": 0.022233, "event": "END:queue_put", "host": "d6b2a058c4be", "pid": 69911, "rank": null, "ts": "2026-10-04 13:30:10"}
[DBG] {"category": "QUEUE", "component": "queue", "event": "put_done", "host": "d6b2a058c4be", "key": "smoke01:rollout:82dd36926d8648ecb18b5eb44f7cd4bc", "pid": 69911, "policy_version": 0, "queue": "rollout", "rank": null, "ts": "2026-10-04 13:30:10"}
[DBG] {"category": "QUEUE", "component": "queue", "event": "size_changed", "host": "d6b2a058c4be", "pid": 69911, "queue": "rollout", "rank": null, "size": 3, "ts": "2026-10-04 13:30:10"}
[DBG] {"category": "QUEUE", "component": "queue", "event": "BEGIN:queue_put", "host": "d6b2a058c4be", "item_id": "901884849c524a7e91fe6beb33cfc02e", "pid": 69911, "queue": "rollout", "rank": null, "ts": "2026-10-04 13:30:10"}
[DBG] {"category": "QUEUE", "component": "queue", "event": "watchdog_armed", "host": "d6b2a058c4be", "pid": 69911, "rank": null, "stage": "queue_put", "timeout_sec": 30.0, "ts": "2026-10-04 13:30:10"}
[DBG] {"category": "QUEUE", "component": "queue", "elapsed_sec": 0.028985, "event": "END:queue_put", "host": "d6b2a058c4be", "pid": 69911, "rank": null, "ts": "2026-10-04 13:30:10"}
[DBG] {"category": "QUEUE", "component": "queue", "event": "put_done", "host": "d6b2a058c4be", "key": "smoke01:rollout:901884849c524a7e91fe6beb33cfc02e", "pid": 69911, "policy_version": 0, "queue": "rollout", "rank": null, "ts": "2026-10-04 13:30:10"}
[DBG] {"category": "QUEUE", "component": "queue", "event": "BEGIN:queue_put", "host": "d6b2a058c4be", "item_id": "d25994699968432b9753a3a11e1233d6", "pid": 69911, "queue": "rollout", "rank": null, "ts": "2026-10-04 13:30:10"}
[DBG] {"category": "QUEUE", "component": "queue", "event": "watchdog_armed", "host": "d6b2a058c4be", "pid": 69911, "rank": null, "stage": "queue_put", "timeout_sec": 30.0, "ts": "2026-10-04 13:30:10"}
[DBG] {"category": "QUEUE", "component": "queue", "elapsed_sec": 0.027679, "event": "END:queue_put", "host": "d6b2a058c4be", "pid": 69911, "rank": null, "ts": "2026-10-04 13:30:10"}
[DBG] {"category": "QUEUE", "component": "queue", "event": "put_done", "host": "d6b2a058c4be", "key": "smoke01:rollout:d25994699968432b9753a3a11e1233d6", "pid": 69911, "policy_version": 0, "queue": "rollout", "rank": null, "ts": "2026-10-04 13:30:10"}
[DBG] {"category": "QUEUE", "component": "queue", "event": "size_changed", "host": "d6b2a058c4be", "pid": 69911, "queue": "rollout", "rank": null, "size": 5, "ts": "2026-10-04 13:30:10"}
[DBG] {"category": "QUEUE", "component": "queue", "event": "BEGIN:queue_put", "host": "d6b2a058c4be", "item_id": "6faf34857fa4493aa57774fa6a1f85fe", "pid": 69911, "queue": "rollout", "rank": null, "ts": "2026-10-04 13:30:11"}
[DBG] {"category": "QUEUE", "component": "queue", "event": "watchdog_armed", "host": "d6b2a058c4be", "pid": 69911, "rank": null, "stage": "queue_put", "timeout_sec": 30.0, "ts": "2026-10-04 13:30:11"}
[DBG] {"category": "QUEUE", "component": "queue", "elapsed_sec": 0.028867, "event": "END:queue_put", "host": "d6b2a058c4be", "pid": 69911, "rank": null, "ts": "2026-10-04 13:30:11"}
[DBG] {"category": "QUEUE", "component": "queue", "event": "put_done", "host": "d6b2a058c4be", "key": "smoke01:rollout:6faf34857fa4493aa57774fa6a1f85fe", "pid": 69911, "policy_version": 0, "queue": "rollout", "rank": null, "ts": "2026-10-04 13:30:11"}
[DBG] {"category": "QUEUE", "component": "queue", "event": "BEGIN:queue_put", "host": "d6b2a058c4be", "item_id": "ce3631dac8f84bc294a601a57011da0d", "pid": 69911, "queue": "rollout", "rank": null, "ts": "2026-10-04 13:30:11"}
[DBG] {"category": "QUEUE", "component": "queue", "event": "watchdog_armed", "host": "d6b2a058c4be", "pid": 69911, "rank": null, "stage": "queue_put", "timeout_sec": 30.0, "ts": "2026-10-04 13:30:11"}
[DBG] {"category": "QUEUE", "component": "queue", "elapsed_sec": 0.028789, "event": "END:queue_put", "host": "d6b2a058c4be", "pid": 69911, "rank": null, "ts": "2026-10-04 13:30:11"}
[DBG] {"category": "QUEUE", "component": "queue", "event": "put_done", "host": "d6b2a058c4be", "key": "smoke01:rollout:ce3631dac8f84bc294a601a57011da0d", "pid": 69911, "policy_version": 0, "queue": "rollout", "rank": null, "ts": "2026-10-04 13:30:11"}
[DBG] {"category": "QUEUE", "component": "queue", "event": "size_changed", "host": "d6b2a058c4be", "pid": 69911, "queue": "rollout", "rank": null, "size": 7, "ts": "2026-10-04 13:30:11"}
[DBG] {"category": "QUEUE", "component": "queue", "event": "BEGIN:queue_put", "host": "d6b2a058c4be", "item_id": "16d511f212a54d33a0892056a18f3ba7", "pid": 69911, "queue": "rollout", "rank": null, "ts": "2026-10-04 13:30:11"}
[DBG] {"category": "QUEUE", "component": "queue", "event": "watchdog_armed", "host": "d6b2a058c4be", "pid": 69911, "rank": null, "stage": "queue_put", "timeout_sec": 30.0, "ts": "2026-10-04 13:30:11"}
[DBG] {"category": "QUEUE", "component": "queue", "elapsed_sec": 0.031663, "event": "END:queue_put", "host": "d6b2a058c4be", "pid": 69911, "rank": null, "ts": "2026-10-04 13:30:11"}
[DBG] {"category": "QUEUE", "component": "queue", "event": "put_done", "host": "d6b2a058c4be", "key": "smoke01:rollout:16d511f212a54d33a0892056a18f3ba7", "pid": 69911, "policy_version": 0, "queue": "rollout", "rank": null, "ts": "2026-10-04 13:30:11"}
[DBG] {"category": "QUEUE", "component": "queue", "event": "BEGIN:queue_put", "host": "d6b2a058c4be", "item_id": "0044eb6aaa304f699b2e512c1d2be13d", "pid": 69911, "queue": "rollout", "rank": null, "ts": "2026-10-04 13:30:11"}
[DBG] {"category": "QUEUE", "component": "queue", "event": "watchdog_armed", "host": "d6b2a058c4be", "pid": 69911, "rank": null, "stage": "queue_put", "timeout_sec": 30.0, "ts": "2026-10-04 13:30:11"}
[DBG] {"category": "QUEUE", "component": "queue", "elapsed_sec": 0.029128, "event": "END:queue_put", "host": "d6b2a058c4be", "pid": 69911, "rank": null, "ts": "2026-10-04 13:30:11"}
[DBG] {"category": "QUEUE", "component": "queue", "event": "put_done", "host": "d6b2a058c4be", "key": "smoke01:rollout:0044eb6aaa304f699b2e512c1d2be13d", "pid": 69911, "policy_version": 0, "queue": "rollout", "rank": null, "ts": "2026-10-04 13:30:11"}
[DBG] {"category": "QUEUE", "component": "queue", "event": "size_changed", "host": "d6b2a058c4be", "pid": 69911, "queue": "rollout", "rank": null, "size": 9, "ts": "2026-10-04 13:30:11"}
[DBG] {"category": "QUEUE", "component": "queue", "event": "BEGIN:queue_put", "host": "d6b2a058c4be", "item_id": "8a478910b38c4466bab6c143540269bb", "pid": 69911, "queue": "preference", "rank": null, "ts": "2026-10-04 13:30:39"}
[DBG] {"category": "QUEUE", "component": "queue", "event": "watchdog_armed", "host": "d6b2a058c4be", "pid": 69911, "rank": null, "stage": "queue_put", "timeout_sec": 30.0, "ts": "2026-10-04 13:30:39"}
[DBG] {"category": "QUEUE", "component": "queue", "elapsed_sec": 0.031945, "event": "END:queue_put", "host": "d6b2a058c4be", "pid": 69911, "rank": null, "ts": "2026-10-04 13:30:39"}
[DBG] {"category": "QUEUE", "component": "queue", "event": "put_done", "host": "d6b2a058c4be", "key": "smoke01:preference:8a478910b38c4466bab6c143540269bb", "pid": 69911, "policy_version": 0, "queue": "preference", "rank": null, "ts": "2026-10-04 13:30:39"}
[DBG] {"category": "QUEUE", "component": "queue", "event": "size_changed", "host": "d6b2a058c4be", "pid": 69911, "queue": "preference", "rank": null, "size": 1, "ts": "2026-10-04 13:30:39"}
[DBG] {"category": "QUEUE", "component": "queue", "current_version": null, "event": "BEGIN:queue_list_for_pop", "exact": false, "host": "d6b2a058c4be", "max_lag": null, "pid": 69911, "queue": "rollout", "rank": null, "requested": 1, "ts": "2026-10-04 13:30:39"}
[DBG] {"category": "QUEUE", "component": "queue", "event": "watchdog_armed", "host": "d6b2a058c4be", "pid": 69911, "rank": null, "stage": "queue_list_for_pop", "timeout_sec": 30.0, "ts": "2026-10-04 13:30:39"}
[DBG] {"category": "QUEUE", "component": "queue", "elapsed_sec": 0.001985, "event": "END:queue_list_for_pop", "host": "d6b2a058c4be", "pid": 69911, "rank": null, "ts": "2026-10-04 13:30:39"}
[DBG] {"available": 9, "category": "QUEUE", "component": "queue", "event": "pop_scan", "exact": false, "host": "d6b2a058c4be", "pid": 69911, "queue": "rollout", "rank": null, "requested": 1, "selected": 1, "stale": 0, "ts": "2026-10-04 13:30:39"}
[DBG] {"category": "QUEUE", "component": "queue", "event": "BEGIN:queue_get", "host": "d6b2a058c4be", "key": "smoke01:rollout:6f834de7bff14e619df5c9668deaa62f", "pid": 69911, "queue": "rollout", "rank": null, "ts": "2026-10-04 13:30:39"}
[DBG] {"category": "QUEUE", "component": "queue", "event": "watchdog_armed", "host": "d6b2a058c4be", "pid": 69911, "rank": null, "stage": "queue_get", "timeout_sec": 30.0, "ts": "2026-10-04 13:30:39"}
[DBG] {"category": "QUEUE", "component": "queue", "elapsed_sec": 0.025312, "event": "END:queue_get", "host": "d6b2a058c4be", "pid": 69911, "rank": null, "ts": "2026-10-04 13:30:39"}
[DBG] {"category": "QUEUE", "component": "queue", "count": 1, "event": "BEGIN:clear_popped", "host": "d6b2a058c4be", "pid": 69911, "queue": "rollout", "rank": null, "ts": "2026-10-04 13:30:39"}
[DBG] {"category": "QUEUE", "component": "queue", "event": "watchdog_armed", "host": "d6b2a058c4be", "pid": 69911, "rank": null, "stage": "clear_popped", "timeout_sec": 30.0, "ts": "2026-10-04 13:30:39"}
[DBG] {"category": "QUEUE", "component": "queue", "elapsed_sec": 0.015681, "event": "END:clear_popped", "host": "d6b2a058c4be", "pid": 69911, "rank": null, "ts": "2026-10-04 13:30:39"}
[DBG] {"category": "QUEUE", "component": "queue", "event": "pop_done", "host": "d6b2a058c4be", "pid": 69911, "queue": "rollout", "rank": null, "returned": 1, "stale": 0, "ts": "2026-10-04 13:30:39"}
[DBG] {"category": "QUEUE", "component": "queue", "event": "size_changed", "host": "d6b2a058c4be", "pid": 69911, "queue": "rollout", "rank": null, "size": 8, "ts": "2026-10-04 13:30:39"}
[DBG] {"category": "QUEUE", "component": "queue", "event": "BEGIN:queue_put", "host": "d6b2a058c4be", "item_id": "6f834de7bff14e619df5c9668deaa62f", "pid": 69911, "queue": "preference", "rank": null, "ts": "2026-10-04 13:30:41"}
[DBG] {"category": "QUEUE", "component": "queue", "event": "watchdog_armed", "host": "d6b2a058c4be", "pid": 69911, "rank": null, "stage": "queue_put", "timeout_sec": 30.0, "ts": "2026-10-04 13:30:41"}
[DBG] {"category": "QUEUE", "component": "queue", "elapsed_sec": 0.030222, "event": "END:queue_put", "host": "d6b2a058c4be", "pid": 69911, "rank": null, "ts": "2026-10-04 13:30:41"}
[DBG] {"category": "QUEUE", "component": "queue", "event": "put_done", "host": "d6b2a058c4be", "key": "smoke01:preference:6f834de7bff14e619df5c9668deaa62f", "pid": 69911, "policy_version": 0, "queue": "preference", "rank": null, "ts": "2026-10-04 13:30:41"}
[DBG] {"category": "QUEUE", "component": "queue", "event": "size_changed", "host": "d6b2a058c4be", "pid": 69911, "queue": "preference", "rank": null, "size": 2, "ts": "2026-10-04 13:30:41"}
[DBG] {"category": "QUEUE", "component": "queue", "current_version": null, "event": "BEGIN:queue_list_for_pop", "exact": false, "host": "d6b2a058c4be", "max_lag": null, "pid": 69911, "queue": "rollout", "rank": null, "requested": 1, "ts": "2026-10-04 13:30:41"}
[DBG] {"category": "QUEUE", "component": "queue", "event": "watchdog_armed", "host": "d6b2a058c4be", "pid": 69911, "rank": null, "stage": "queue_list_for_pop", "timeout_sec": 30.0, "ts": "2026-10-04 13:30:41"}
[DBG] {"category": "QUEUE", "component": "queue", "elapsed_sec": 0.001929, "event": "END:queue_list_for_pop", "host": "d6b2a058c4be", "pid": 69911, "rank": null, "ts": "2026-10-04 13:30:41"}
[DBG] {"available": 8, "category": "QUEUE", "component": "queue", "event": "pop_scan", "exact": false, "host": "d6b2a058c4be", "pid": 69911, "queue": "rollout", "rank": null, "requested": 1, "selected": 1, "stale": 0, "ts": "2026-10-04 13:30:41"}
[DBG] {"category": "QUEUE", "component": "queue", "event": "BEGIN:queue_get", "host": "d6b2a058c4be", "key": "smoke01:rollout:f949ffc9abe049968a5ba765a9b3e724", "pid": 69911, "queue": "rollout", "rank": null, "ts": "2026-10-04 13:30:41"}
[DBG] {"category": "QUEUE", "component": "queue", "event": "watchdog_armed", "host": "d6b2a058c4be", "pid": 69911, "rank": null, "stage": "queue_get", "timeout_sec": 30.0, "ts": "2026-10-04 13:30:41"}
[DBG] {"category": "QUEUE", "component": "queue", "elapsed_sec": 0.025521, "event": "END:queue_get", "host": "d6b2a058c4be", "pid": 69911, "rank": null, "ts": "2026-10-04 13:30:41"}
[DBG] {"category": "QUEUE", "component": "queue", "count": 1, "event": "BEGIN:clear_popped", "host": "d6b2a058c4be", "pid": 69911, "queue": "rollout", "rank": null, "ts": "2026-10-04 13:30:41"}
[DBG] {"category": "QUEUE", "component": "queue", "event": "watchdog_armed", "host": "d6b2a058c4be", "pid": 69911, "rank": null, "stage": "clear_popped", "timeout_sec": 30.0, "ts": "2026-10-04 13:30:41"}
[DBG] {"category": "QUEUE", "component": "queue", "elapsed_sec": 0.016124, "event": "END:clear_popped", "host": "d6b2a058c4be", "pid": 69911, "rank": null, "ts": "2026-10-04 13:30:41"}
[DBG] {"category": "QUEUE", "component": "queue", "event": "pop_done", "host": "d6b2a058c4be", "pid": 69911, "queue": "rollout", "rank": null, "returned": 1, "stale": 0, "ts": "2026-10-04 13:30:41"}
[DBG] {"category": "QUEUE", "component": "queue", "event": "size_changed", "host": "d6b2a058c4be", "pid": 69911, "queue": "rollout", "rank": null, "size": 7, "ts": "2026-10-04 13:30:41"}
[DBG] {"category": "QUEUE", "component": "queue", "event": "BEGIN:queue_put", "host": "d6b2a058c4be", "item_id": "fa282ebd87e64dc3aa7e302d43eedc9b", "pid": 69911, "queue": "rollout", "rank": null, "ts": "2026-10-04 13:30:41"}
[DBG] {"category": "QUEUE", "component": "queue", "event": "watchdog_armed", "host": "d6b2a058c4be", "pid": 69911, "rank": null, "stage": "queue_put", "timeout_sec": 30.0, "ts": "2026-10-04 13:30:41"}
[DBG] {"category": "QUEUE", "component": "queue", "elapsed_sec": 0.020926, "event": "END:queue_put", "host": "d6b2a058c4be", "pid": 69911, "rank": null, "ts": "2026-10-04 13:30:41"}
[DBG] {"category": "QUEUE", "component": "queue", "event": "put_done", "host": "d6b2a058c4be", "key": "smoke01:rollout:fa282ebd87e64dc3aa7e302d43eedc9b", "pid": 69911, "policy_version": 0, "queue": "rollout", "rank": null, "ts": "2026-10-04 13:30:41"}
[DBG] {"category": "QUEUE", "component": "queue", "event": "BEGIN:queue_put", "host": "d6b2a058c4be", "item_id": "d0a5d1d780e74fa5be3b5fcc8cc435e1", "pid": 69911, "queue": "rollout", "rank": null, "ts": "2026-10-04 13:30:41"}
[DBG] {"category": "QUEUE", "component": "queue", "event": "watchdog_armed", "host": "d6b2a058c4be", "pid": 69911, "rank": null, "stage": "queue_put", "timeout_sec": 30.0, "ts": "2026-10-04 13:30:41"}
[DBG] {"category": "QUEUE", "component": "queue", "elapsed_sec": 0.019627, "event": "END:queue_put", "host": "d6b2a058c4be", "pid": 69911, "rank": null, "ts": "2026-10-04 13:30:41"}
[DBG] {"category": "QUEUE", "component": "queue", "event": "put_done", "host": "d6b2a058c4be", "key": "smoke01:rollout:d0a5d1d780e74fa5be3b5fcc8cc435e1", "pid": 69911, "policy_version": 0, "queue": "rollout", "rank": null, "ts": "2026-10-04 13:30:41"}
[DBG] {"category": "QUEUE", "component": "queue", "event": "size_changed", "host": "d6b2a058c4be", "pid": 69911, "queue": "rollout", "rank": null, "size": 9, "ts": "2026-10-04 13:30:41"}
[DBG] {"category": "QUEUE", "component": "queue", "event": "BEGIN:queue_put", "host": "d6b2a058c4be", "item_id": "f949ffc9abe049968a5ba765a9b3e724", "pid": 69911, "queue": "preference", "rank": null, "ts": "2026-10-04 13:30:42"}
[DBG] {"category": "QUEUE", "component": "queue", "event": "watchdog_armed", "host": "d6b2a058c4be", "pid": 69911, "rank": null, "stage": "queue_put", "timeout_sec": 30.0, "ts": "2026-10-04 13:30:42"}
[DBG] {"category": "QUEUE", "component": "queue", "elapsed_sec": 0.028576, "event": "END:queue_put", "host": "d6b2a058c4be", "pid": 69911, "rank": null, "ts": "2026-10-04 13:30:42"}
[DBG] {"category": "QUEUE", "component": "queue", "event": "put_done", "host": "d6b2a058c4be", "key": "smoke01:preference:f949ffc9abe049968a5ba765a9b3e724", "pid": 69911, "policy_version": 0, "queue": "preference", "rank": null, "ts": "2026-10-04 13:30:42"}
[DBG] {"category": "QUEUE", "component": "queue", "event": "size_changed", "host": "d6b2a058c4be", "pid": 69911, "queue": "preference", "rank": null, "size": 3, "ts": "2026-10-04 13:30:42"}
[DBG] {"category": "QUEUE", "component": "queue", "current_version": null, "event": "BEGIN:queue_list_for_pop", "exact": false, "host": "d6b2a058c4be", "max_lag": null, "pid": 69911, "queue": "rollout", "rank": null, "requested": 1, "ts": "2026-10-04 13:30:42"}
[DBG] {"category": "QUEUE", "component": "queue", "event": "watchdog_armed", "host": "d6b2a058c4be", "pid": 69911, "rank": null, "stage": "queue_list_for_pop", "timeout_sec": 30.0, "ts": "2026-10-04 13:30:42"}
[DBG] {"category": "QUEUE", "component": "queue", "elapsed_sec": 0.001908, "event": "END:queue_list_for_pop", "host": "d6b2a058c4be", "pid": 69911, "rank": null, "ts": "2026-10-04 13:30:42"}
[DBG] {"available": 9, "category": "QUEUE", "component": "queue", "event": "pop_scan", "exact": false, "host": "d6b2a058c4be", "pid": 69911, "queue": "rollout", "rank": null, "requested": 1, "selected": 1, "stale": 0, "ts": "2026-10-04 13:30:42"}
[DBG] {"category": "QUEUE", "component": "queue", "event": "BEGIN:queue_get", "host": "d6b2a058c4be", "key": "smoke01:rollout:82dd36926d8648ecb18b5eb44f7cd4bc", "pid": 69911, "queue": "rollout", "rank": null, "ts": "2026-10-04 13:30:42"}
[DBG] {"category": "QUEUE", "component": "queue", "event": "watchdog_armed", "host": "d6b2a058c4be", "pid": 69911, "rank": null, "stage": "queue_get", "timeout_sec": 30.0, "ts": "2026-10-04 13:30:42"}
[DBG] {"category": "QUEUE", "component": "queue", "elapsed_sec": 0.025337, "event": "END:queue_get", "host": "d6b2a058c4be", "pid": 69911, "rank": null, "ts": "2026-10-04 13:30:42"}
[DBG] {"category": "QUEUE", "component": "queue", "count": 1, "event": "BEGIN:clear_popped", "host": "d6b2a058c4be", "pid": 69911, "queue": "rollout", "rank": null, "ts": "2026-10-04 13:30:42"}
[DBG] {"category": "QUEUE", "component": "queue", "event": "watchdog_armed", "host": "d6b2a058c4be", "pid": 69911, "rank": null, "stage": "clear_popped", "timeout_sec": 30.0, "ts": "2026-10-04 13:30:42"}
[DBG] {"category": "QUEUE", "component": "queue", "elapsed_sec": 0.016122, "event": "END:clear_popped", "host": "d6b2a058c4be", "pid": 69911, "rank": null, "ts": "2026-10-04 13:30:42"}
[DBG] {"category": "QUEUE", "component": "queue", "event": "pop_done", "host": "d6b2a058c4be", "pid": 69911, "queue": "rollout", "rank": null, "returned": 1, "stale": 0, "ts": "2026-10-04 13:30:42"}
[DBG] {"category": "QUEUE", "component": "queue", "event": "size_changed", "host": "d6b2a058c4be", "pid": 69911, "queue": "rollout", "rank": null, "size": 8, "ts": "2026-10-04 13:30:42"}
[DBG] {"category": "QUEUE", "component": "queue", "event": "BEGIN:queue_put", "host": "d6b2a058c4be", "item_id": "82dd36926d8648ecb18b5eb44f7cd4bc", "pid": 69911, "queue": "preference", "rank": null, "ts": "2026-10-04 13:30:43"}
[DBG] {"category": "QUEUE", "component": "queue", "event": "watchdog_armed", "host": "d6b2a058c4be", "pid": 69911, "rank": null, "stage": "queue_put", "timeout_sec": 30.0, "ts": "2026-10-04 13:30:43"}
[DBG] {"category": "QUEUE", "component": "queue", "elapsed_sec": 0.029029, "event": "END:queue_put", "host": "d6b2a058c4be", "pid": 69911, "rank": null, "ts": "2026-10-04 13:30:43"}
[DBG] {"category": "QUEUE", "component": "queue", "event": "put_done", "host": "d6b2a058c4be", "key": "smoke01:preference:82dd36926d8648ecb18b5eb44f7cd4bc", "pid": 69911, "policy_version": 0, "queue": "preference", "rank": null, "ts": "2026-10-04 13:30:43"}
[DBG] {"category": "QUEUE", "component": "queue", "event": "size_changed", "host": "d6b2a058c4be", "pid": 69911, "queue": "preference", "rank": null, "size": 4, "ts": "2026-10-04 13:30:43"}
[DBG] {"category": "QUEUE", "component": "queue", "current_version": null, "event": "BEGIN:queue_list_for_pop", "exact": false, "host": "d6b2a058c4be", "max_lag": null, "pid": 69911, "queue": "rollout", "rank": null, "requested": 1, "ts": "2026-10-04 13:30:43"}
[DBG] {"category": "QUEUE", "component": "queue", "event": "watchdog_armed", "host": "d6b2a058c4be", "pid": 69911, "rank": null, "stage": "queue_list_for_pop", "timeout_sec": 30.0, "ts": "2026-10-04 13:30:43"}
[DBG] {"category": "QUEUE", "component": "queue", "elapsed_sec": 0.001993, "event": "END:queue_list_for_pop", "host": "d6b2a058c4be", "pid": 69911, "rank": null, "ts": "2026-10-04 13:30:43"}
[DBG] {"available": 8, "category": "QUEUE", "component": "queue", "event": "pop_scan", "exact": false, "host": "d6b2a058c4be", "pid": 69911, "queue": "rollout", "rank": null, "requested": 1, "selected": 1, "stale": 0, "ts": "2026-10-04 13:30:43"}
[DBG] {"category": "QUEUE", "component": "queue", "event": "BEGIN:queue_get", "host": "d6b2a058c4be", "key": "smoke01:rollout:901884849c524a7e91fe6beb33cfc02e", "pid": 69911, "queue": "rollout", "rank": null, "ts": "2026-10-04 13:30:43"}
[DBG] {"category": "QUEUE", "component": "queue", "event": "watchdog_armed", "host": "d6b2a058c4be", "pid": 69911, "rank": null, "stage": "queue_get", "timeout_sec": 30.0, "ts": "2026-10-04 13:30:43"}
[DBG] {"category": "QUEUE", "component": "queue", "elapsed_sec": 0.025377, "event": "END:queue_get", "host": "d6b2a058c4be", "pid": 69911, "rank": null, "ts": "2026-10-04 13:30:43"}
[DBG] {"category": "QUEUE", "component": "queue", "count": 1, "event": "BEGIN:clear_popped", "host": "d6b2a058c4be", "pid": 69911, "queue": "rollout", "rank": null, "ts": "2026-10-04 13:30:43"}
[DBG] {"category": "QUEUE", "component": "queue", "event": "watchdog_armed", "host": "d6b2a058c4be", "pid": 69911, "rank": null, "stage": "clear_popped", "timeout_sec": 30.0, "ts": "2026-10-04 13:30:43"}
[DBG] {"category": "QUEUE", "component": "queue", "elapsed_sec": 0.016179, "event": "END:clear_popped", "host": "d6b2a058c4be", "pid": 69911, "rank": null, "ts": "2026-10-04 13:30:43"}
[DBG] {"category": "QUEUE", "component": "queue", "event": "pop_done", "host": "d6b2a058c4be", "pid": 69911, "queue": "rollout", "rank": null, "returned": 1, "stale": 0, "ts": "2026-10-04 13:30:43"}
[DBG] {"category": "QUEUE", "component": "queue", "event": "size_changed", "host": "d6b2a058c4be", "pid": 69911, "queue": "rollout", "rank": null, "size": 7, "ts": "2026-10-04 13:30:43"}
[DBG] {"category": "QUEUE", "component": "queue", "event": "BEGIN:queue_put", "host": "d6b2a058c4be", "item_id": "38393ae3331f49bea4ef1963e6552ea7", "pid": 69911, "queue": "rollout", "rank": null, "ts": "2026-10-04 13:30:43"}
[DBG] {"category": "QUEUE", "component": "queue", "event": "watchdog_armed", "host": "d6b2a058c4be", "pid": 69911, "rank": null, "stage": "queue_put", "timeout_sec": 30.0, "ts": "2026-10-04 13:30:43"}
[DBG] {"category": "QUEUE", "component": "queue", "elapsed_sec": 0.028897, "event": "END:queue_put", "host": "d6b2a058c4be", "pid": 69911, "rank": null, "ts": "2026-10-04 13:30:43"}
[DBG] {"category": "QUEUE", "component": "queue", "event": "put_done", "host": "d6b2a058c4be", "key": "smoke01:rollout:38393ae3331f49bea4ef1963e6552ea7", "pid": 69911, "policy_version": 0, "queue": "rollout", "rank": null, "ts": "2026-10-04 13:30:43"}
[DBG] {"category": "QUEUE", "component": "queue", "event": "BEGIN:queue_put", "host": "d6b2a058c4be", "item_id": "7ceae41fad8a4a328b644a2bdaa347d5", "pid": 69911, "queue": "rollout", "rank": null, "ts": "2026-10-04 13:30:43"}
[DBG] {"category": "QUEUE", "component": "queue", "event": "watchdog_armed", "host": "d6b2a058c4be", "pid": 69911, "rank": null, "stage": "queue_put", "timeout_sec": 30.0, "ts": "2026-10-04 13:30:43"}
[DBG] {"category": "QUEUE", "component": "queue", "elapsed_sec": 0.026074, "event": "END:queue_put", "host": "d6b2a058c4be", "pid": 69911, "rank": null, "ts": "2026-10-04 13:30:43"}
[DBG] {"category": "QUEUE", "component": "queue", "event": "put_done", "host": "d6b2a058c4be", "key": "smoke01:rollout:7ceae41fad8a4a328b644a2bdaa347d5", "pid": 69911, "policy_version": 0, "queue": "rollout", "rank": null, "ts": "2026-10-04 13:30:43"}
[DBG] {"category": "QUEUE", "component": "queue", "event": "size_changed", "host": "d6b2a058c4be", "pid": 69911, "queue": "rollout", "rank": null, "size": 9, "ts": "2026-10-04 13:30:43"}
[DBG] {"category": "QUEUE", "component": "queue", "event": "BEGIN:queue_put", "host": "d6b2a058c4be", "item_id": "901884849c524a7e91fe6beb33cfc02e", "pid": 69911, "queue": "preference", "rank": null, "ts": "2026-10-04 13:30:44"}
[DBG] {"category": "QUEUE", "component": "queue", "event": "watchdog_armed", "host": "d6b2a058c4be", "pid": 69911, "rank": null, "stage": "queue_put", "timeout_sec": 30.0, "ts": "2026-10-04 13:30:44"}
[DBG] {"category": "QUEUE", "component": "queue", "elapsed_sec": 0.027946, "event": "END:queue_put", "host": "d6b2a058c4be", "pid": 69911, "rank": null, "ts": "2026-10-04 13:30:44"}
[DBG] {"category": "QUEUE", "component": "queue", "event": "put_done", "host": "d6b2a058c4be", "key": "smoke01:preference:901884849c524a7e91fe6beb33cfc02e", "pid": 69911, "policy_version": 0, "queue": "preference", "rank": null, "ts": "2026-10-04 13:30:44"}
[DBG] {"category": "QUEUE", "component": "queue", "event": "size_changed", "host": "d6b2a058c4be", "pid": 69911, "queue": "preference", "rank": null, "size": 5, "ts": "2026-10-04 13:30:44"}
[DBG] {"category": "QUEUE", "component": "queue", "current_version": null, "event": "BEGIN:queue_list_for_pop", "exact": false, "host": "d6b2a058c4be", "max_lag": null, "pid": 69911, "queue": "rollout", "rank": null, "requested": 1, "ts": "2026-10-04 13:30:44"}
[DBG] {"category": "QUEUE", "component": "queue", "event": "watchdog_armed", "host": "d6b2a058c4be", "pid": 69911, "rank": null, "stage": "queue_list_for_pop", "timeout_sec": 30.0, "ts": "2026-10-04 13:30:44"}
[DBG] {"category": "QUEUE", "component": "queue", "elapsed_sec": 0.001532, "event": "END:queue_list_for_pop", "host": "d6b2a058c4be", "pid": 69911, "rank": null, "ts": "2026-10-04 13:30:44"}
[DBG] {"available": 9, "category": "QUEUE", "component": "queue", "event": "pop_scan", "exact": false, "host": "d6b2a058c4be", "pid": 69911, "queue": "rollout", "rank": null, "requested": 1, "selected": 1, "stale": 0, "ts": "2026-10-04 13:30:44"}
[DBG] {"category": "QUEUE", "component": "queue", "event": "BEGIN:queue_get", "host": "d6b2a058c4be", "key": "smoke01:rollout:d25994699968432b9753a3a11e1233d6", "pid": 69911, "queue": "rollout", "rank": null, "ts": "2026-10-04 13:30:44"}
[DBG] {"category": "QUEUE", "component": "queue", "event": "watchdog_armed", "host": "d6b2a058c4be", "pid": 69911, "rank": null, "stage": "queue_get", "timeout_sec": 30.0, "ts": "2026-10-04 13:30:44"}
[DBG] {"category": "QUEUE", "component": "queue", "elapsed_sec": 0.025179, "event": "END:queue_get", "host": "d6b2a058c4be", "pid": 69911, "rank": null, "ts": "2026-10-04 13:30:44"}
[DBG] {"category": "QUEUE", "component": "queue", "count": 1, "event": "BEGIN:clear_popped", "host": "d6b2a058c4be", "pid": 69911, "queue": "rollout", "rank": null, "ts": "2026-10-04 13:30:44"}
[DBG] {"category": "QUEUE", "component": "queue", "event": "watchdog_armed", "host": "d6b2a058c4be", "pid": 69911, "rank": null, "stage": "clear_popped", "timeout_sec": 30.0, "ts": "2026-10-04 13:30:44"}
[DBG] {"category": "QUEUE", "component": "queue", "elapsed_sec": 0.015166, "event": "END:clear_popped", "host": "d6b2a058c4be", "pid": 69911, "rank": null, "ts": "2026-10-04 13:30:44"}
[DBG] {"category": "QUEUE", "component": "queue", "event": "pop_done", "host": "d6b2a058c4be", "pid": 69911, "queue": "rollout", "rank": null, "returned": 1, "stale": 0, "ts": "2026-10-04 13:30:44"}
[DBG] {"category": "QUEUE", "component": "queue", "event": "size_changed", "host": "d6b2a058c4be", "pid": 69911, "queue": "rollout", "rank": null, "size": 8, "ts": "2026-10-04 13:30:44"}
[DBG] {"category": "QUEUE", "component": "queue", "event": "BEGIN:queue_put", "host": "d6b2a058c4be", "item_id": "d25994699968432b9753a3a11e1233d6", "pid": 69911, "queue": "preference", "rank": null, "ts": "2026-10-04 13:30:44"}
[DBG] {"category": "QUEUE", "component": "queue", "event": "watchdog_armed", "host": "d6b2a058c4be", "pid": 69911, "rank": null, "stage": "queue_put", "timeout_sec": 30.0, "ts": "2026-10-04 13:30:44"}
[DBG] {"category": "QUEUE", "component": "queue", "elapsed_sec": 0.02729, "event": "END:queue_put", "host": "d6b2a058c4be", "pid": 69911, "rank": null, "ts": "2026-10-04 13:30:44"}
[DBG] {"category": "QUEUE", "component": "queue", "event": "put_done", "host": "d6b2a058c4be", "key": "smoke01:preference:d25994699968432b9753a3a11e1233d6", "pid": 69911, "policy_version": 0, "queue": "preference", "rank": null, "ts": "2026-10-04 13:30:44"}
[DBG] {"category": "QUEUE", "component": "queue", "event": "size_changed", "host": "d6b2a058c4be", "pid": 69911, "queue": "preference", "rank": null, "size": 6, "ts": "2026-10-04 13:30:44"}
[DBG] {"category": "QUEUE", "component": "queue", "current_version": null, "event": "BEGIN:queue_list_for_pop", "exact": false, "host": "d6b2a058c4be", "max_lag": null, "pid": 69911, "queue": "rollout", "rank": null, "requested": 1, "ts": "2026-10-04 13:30:44"}
[DBG] {"category": "QUEUE", "component": "queue", "event": "watchdog_armed", "host": "d6b2a058c4be", "pid": 69911, "rank": null, "stage": "queue_list_for_pop", "timeout_sec": 30.0, "ts": "2026-10-04 13:30:44"}
[DBG] {"category": "QUEUE", "component": "queue", "elapsed_sec": 0.001568, "event": "END:queue_list_for_pop", "host": "d6b2a058c4be", "pid": 69911, "rank": null, "ts": "2026-10-04 13:30:44"}
[DBG] {"available": 8, "category": "QUEUE", "component": "queue", "event": "pop_scan", "exact": false, "host": "d6b2a058c4be", "pid": 69911, "queue": "rollout", "rank": null, "requested": 1, "selected": 1, "stale": 0, "ts": "2026-10-04 13:30:44"}
[DBG] {"category": "QUEUE", "component": "queue", "event": "BEGIN:queue_get", "host": "d6b2a058c4be", "key": "smoke01:rollout:6faf34857fa4493aa57774fa6a1f85fe", "pid": 69911, "queue": "rollout", "rank": null, "ts": "2026-10-04 13:30:44"}
[DBG] {"category": "QUEUE", "component": "queue", "event": "watchdog_armed", "host": "d6b2a058c4be", "pid": 69911, "rank": null, "stage": "queue_get", "timeout_sec": 30.0, "ts": "2026-10-04 13:30:44"}
[DBG] {"category": "QUEUE", "component": "queue", "elapsed_sec": 0.025217, "event": "END:queue_get", "host": "d6b2a058c4be", "pid": 69911, "rank": null, "ts": "2026-10-04 13:30:44"}
[DBG] {"category": "QUEUE", "component": "queue", "count": 1, "event": "BEGIN:clear_popped", "host": "d6b2a058c4be", "pid": 69911, "queue": "rollout", "rank": null, "ts": "2026-10-04 13:30:44"}
[DBG] {"category": "QUEUE", "component": "queue", "event": "watchdog_armed", "host": "d6b2a058c4be", "pid": 69911, "rank": null, "stage": "clear_popped", "timeout_sec": 30.0, "ts": "2026-10-04 13:30:44"}
[DBG] {"category": "QUEUE", "component": "queue", "elapsed_sec": 0.016115, "event": "END:clear_popped", "host": "d6b2a058c4be", "pid": 69911, "rank": null, "ts": "2026-10-04 13:30:44"}
[DBG] {"category": "QUEUE", "component": "queue", "event": "pop_done", "host": "d6b2a058c4be", "pid": 69911, "queue": "rollout", "rank": null, "returned": 1, "stale": 0, "ts": "2026-10-04 13:30:44"}
[DBG] {"category": "QUEUE", "component": "queue", "event": "size_changed", "host": "d6b2a058c4be", "pid": 69911, "queue": "rollout", "rank": null, "size": 7, "ts": "2026-10-04 13:30:44"}
[DBG] {"category": "QUEUE", "component": "queue", "event": "BEGIN:queue_put", "host": "d6b2a058c4be", "item_id": "614043d2a017463d986cf4e70353e926", "pid": 69911, "queue": "rollout", "rank": null, "ts": "2026-10-04 13:30:45"}
[DBG] {"category": "QUEUE", "component": "queue", "event": "watchdog_armed", "host": "d6b2a058c4be", "pid": 69911, "rank": null, "stage": "queue_put", "timeout_sec": 30.0, "ts": "2026-10-04 13:30:45"}
[DBG] {"category": "QUEUE", "component": "queue", "elapsed_sec": 0.026964, "event": "END:queue_put", "host": "d6b2a058c4be", "pid": 69911, "rank": null, "ts": "2026-10-04 13:30:45"}
[DBG] {"category": "QUEUE", "component": "queue", "event": "put_done", "host": "d6b2a058c4be", "key": "smoke01:rollout:614043d2a017463d986cf4e70353e926", "pid": 69911, "policy_version": 0, "queue": "rollout", "rank": null, "ts": "2026-10-04 13:30:45"}
[DBG] {"category": "QUEUE", "component": "queue", "event": "BEGIN:queue_put", "host": "d6b2a058c4be", "item_id": "6e0ddbbfb0a54031a61c4c8f9c7ab4bf", "pid": 69911, "queue": "rollout", "rank": null, "ts": "2026-10-04 13:30:45"}
[DBG] {"category": "QUEUE", "component": "queue", "event": "watchdog_armed", "host": "d6b2a058c4be", "pid": 69911, "rank": null, "stage": "queue_put", "timeout_sec": 30.0, "ts": "2026-10-04 13:30:45"}
[DBG] {"category": "QUEUE", "component": "queue", "elapsed_sec": 0.026807, "event": "END:queue_put", "host": "d6b2a058c4be", "pid": 69911, "rank": null, "ts": "2026-10-04 13:30:45"}
[DBG] {"category": "QUEUE", "component": "queue", "event": "put_done", "host": "d6b2a058c4be", "key": "smoke01:rollout:6e0ddbbfb0a54031a61c4c8f9c7ab4bf", "pid": 69911, "policy_version": 0, "queue": "rollout", "rank": null, "ts": "2026-10-04 13:30:45"}
[DBG] {"category": "QUEUE", "component": "queue", "event": "size_changed", "host": "d6b2a058c4be", "pid": 69911, "queue": "rollout", "rank": null, "size": 9, "ts": "2026-10-04 13:30:45"}
[DBG] {"category": "QUEUE", "component": "queue", "event": "BEGIN:queue_put", "host": "d6b2a058c4be", "item_id": "6faf34857fa4493aa57774fa6a1f85fe", "pid": 69911, "queue": "preference", "rank": null, "ts": "2026-10-04 13:30:45"}
[DBG] {"category": "QUEUE", "component": "queue", "event": "watchdog_armed", "host": "d6b2a058c4be", "pid": 69911, "rank": null, "stage": "queue_put", "timeout_sec": 30.0, "ts": "2026-10-04 13:30:45"}
[DBG] {"category": "QUEUE", "component": "queue", "elapsed_sec": 0.027108, "event": "END:queue_put", "host": "d6b2a058c4be", "pid": 69911, "rank": null, "ts": "2026-10-04 13:30:45"}
[DBG] {"category": "QUEUE", "component": "queue", "event": "put_done", "host": "d6b2a058c4be", "key": "smoke01:preference:6faf34857fa4493aa57774fa6a1f85fe", "pid": 69911, "policy_version": 0, "queue": "preference", "rank": null, "ts": "2026-10-04 13:30:45"}
[DBG] {"category": "QUEUE", "component": "queue", "event": "size_changed", "host": "d6b2a058c4be", "pid": 69911, "queue": "preference", "rank": null, "size": 7, "ts": "2026-10-04 13:30:45"}
[DBG] {"category": "QUEUE", "component": "queue", "current_version": null, "event": "BEGIN:queue_list_for_pop", "exact": false, "host": "d6b2a058c4be", "max_lag": null, "pid": 69911, "queue": "rollout", "rank": null, "requested": 1, "ts": "2026-10-04 13:30:45"}
[DBG] {"category": "QUEUE", "component": "queue", "event": "watchdog_armed", "host": "d6b2a058c4be", "pid": 69911, "rank": null, "stage": "queue_list_for_pop", "timeout_sec": 30.0, "ts": "2026-10-04 13:30:45"}
[DBG] {"category": "QUEUE", "component": "queue", "elapsed_sec": 0.001417, "event": "END:queue_list_for_pop", "host": "d6b2a058c4be", "pid": 69911, "rank": null, "ts": "2026-10-04 13:30:45"}
[DBG] {"available": 9, "category": "QUEUE", "component": "queue", "event": "pop_scan", "exact": false, "host": "d6b2a058c4be", "pid": 69911, "queue": "rollout", "rank": null, "requested": 1, "selected": 1, "stale": 0, "ts": "2026-10-04 13:30:45"}
[DBG] {"category": "QUEUE", "component": "queue", "event": "BEGIN:queue_get", "host": "d6b2a058c4be", "key": "smoke01:rollout:ce3631dac8f84bc294a601a57011da0d", "pid": 69911, "queue": "rollout", "rank": null, "ts": "2026-10-04 13:30:45"}
[DBG] {"category": "QUEUE", "component": "queue", "event": "watchdog_armed", "host": "d6b2a058c4be", "pid": 69911, "rank": null, "stage": "queue_get", "timeout_sec": 30.0, "ts": "2026-10-04 13:30:45"}
[DBG] {"category": "QUEUE", "component": "queue", "elapsed_sec": 0.025085, "event": "END:queue_get", "host": "d6b2a058c4be", "pid": 69911, "rank": null, "ts": "2026-10-04 13:30:45"}
[DBG] {"category": "QUEUE", "component": "queue", "count": 1, "event": "BEGIN:clear_popped", "host": "d6b2a058c4be", "pid": 69911, "queue": "rollout", "rank": null, "ts": "2026-10-04 13:30:45"}
[DBG] {"category": "QUEUE", "component": "queue", "event": "watchdog_armed", "host": "d6b2a058c4be", "pid": 69911, "rank": null, "stage": "clear_popped", "timeout_sec": 30.0, "ts": "2026-10-04 13:30:45"}
[DBG] {"category": "QUEUE", "component": "queue", "elapsed_sec": 0.015896, "event": "END:clear_popped", "host": "d6b2a058c4be", "pid": 69911, "rank": null, "ts": "2026-10-04 13:30:45"}
[DBG] {"category": "QUEUE", "component": "queue", "event": "pop_done", "host": "d6b2a058c4be", "pid": 69911, "queue": "rollout", "rank": null, "returned": 1, "stale": 0, "ts": "2026-10-04 13:30:45"}
[DBG] {"category": "QUEUE", "component": "queue", "event": "size_changed", "host": "d6b2a058c4be", "pid": 69911, "queue": "rollout", "rank": null, "size": 8, "ts": "2026-10-04 13:30:45"}
[DBG] {"category": "QUEUE", "component": "queue", "event": "BEGIN:queue_put", "host": "d6b2a058c4be", "item_id": "ce3631dac8f84bc294a601a57011da0d", "pid": 69911, "queue": "preference", "rank": null, "ts": "2026-10-04 13:30:46"}
[DBG] {"category": "QUEUE", "component": "queue", "event": "watchdog_armed", "host": "d6b2a058c4be", "pid": 69911, "rank": null, "stage": "queue_put", "timeout_sec": 30.0, "ts": "2026-10-04 13:30:46"}
[DBG] {"category": "QUEUE", "component": "queue", "elapsed_sec": 0.027788, "event": "END:queue_put", "host": "d6b2a058c4be", "pid": 69911, "rank": null, "ts": "2026-10-04 13:30:46"}
[DBG] {"category": "QUEUE", "component": "queue", "event": "put_done", "host": "d6b2a058c4be", "key": "smoke01:preference:ce3631dac8f84bc294a601a57011da0d", "pid": 69911, "policy_version": 0, "queue": "preference", "rank": null, "ts": "2026-10-04 13:30:46"}
[DBG] {"category": "QUEUE", "component": "queue", "event": "size_changed", "host": "d6b2a058c4be", "pid": 69911, "queue": "preference", "rank": null, "size": 8, "ts": "2026-10-04 13:30:46"}
[DBG] {"category": "QUEUE", "component": "queue", "current_version": null, "event": "BEGIN:queue_list_for_pop", "exact": false, "host": "d6b2a058c4be", "max_lag": null, "pid": 69911, "queue": "rollout", "rank": null, "requested": 1, "ts": "2026-10-04 13:30:46"}
[DBG] {"category": "QUEUE", "component": "queue", "event": "watchdog_armed", "host": "d6b2a058c4be", "pid": 69911, "rank": null, "stage": "queue_list_for_pop", "timeout_sec": 30.0, "ts": "2026-10-04 13:30:46"}
[DBG] {"category": "QUEUE", "component": "queue", "elapsed_sec": 0.001864, "event": "END:queue_list_for_pop", "host": "d6b2a058c4be", "pid": 69911, "rank": null, "ts": "2026-10-04 13:30:46"}
[DBG] {"available": 8, "category": "QUEUE", "component": "queue", "event": "pop_scan", "exact": false, "host": "d6b2a058c4be", "pid": 69911, "queue": "rollout", "rank": null, "requested": 1, "selected": 1, "stale": 0, "ts": "2026-10-04 13:30:46"}
[DBG] {"category": "QUEUE", "component": "queue", "event": "BEGIN:queue_get", "host": "d6b2a058c4be", "key": "smoke01:rollout:16d511f212a54d33a0892056a18f3ba7", "pid": 69911, "queue": "rollout", "rank": null, "ts": "2026-10-04 13:30:46"}
[DBG] {"category": "QUEUE", "component": "queue", "event": "watchdog_armed", "host": "d6b2a058c4be", "pid": 69911, "rank": null, "stage": "queue_get", "timeout_sec": 30.0, "ts": "2026-10-04 13:30:46"}
[DBG] {"category": "QUEUE", "component": "queue", "elapsed_sec": 0.027329, "event": "END:queue_get", "host": "d6b2a058c4be", "pid": 69911, "rank": null, "ts": "2026-10-04 13:30:46"}
[DBG] {"category": "QUEUE", "component": "queue", "count": 1, "event": "BEGIN:clear_popped", "host": "d6b2a058c4be", "pid": 69911, "queue": "rollout", "rank": null, "ts": "2026-10-04 13:30:46"}
[DBG] {"category": "QUEUE", "component": "queue", "event": "watchdog_armed", "host": "d6b2a058c4be", "pid": 69911, "rank": null, "stage": "clear_popped", "timeout_sec": 30.0, "ts": "2026-10-04 13:30:46"}
[DBG] {"category": "QUEUE", "component": "queue", "elapsed_sec": 0.015542, "event": "END:clear_popped", "host": "d6b2a058c4be", "pid": 69911, "rank": null, "ts": "2026-10-04 13:30:46"}
[DBG] {"category": "QUEUE", "component": "queue", "event": "pop_done", "host": "d6b2a058c4be", "pid": 69911, "queue": "rollout", "rank": null, "returned": 1, "stale": 0, "ts": "2026-10-04 13:30:46"}
[DBG] {"category": "QUEUE", "component": "queue", "event": "size_changed", "host": "d6b2a058c4be", "pid": 69911, "queue": "rollout", "rank": null, "size": 7, "ts": "2026-10-04 13:30:46"}
[DBG] {"category": "QUEUE", "component": "queue", "event": "BEGIN:queue_put", "host": "d6b2a058c4be", "item_id": "f9496a746e234f4d9cb520576874050b", "pid": 69911, "queue": "rollout", "rank": null, "ts": "2026-10-04 13:30:47"}
[DBG] {"category": "QUEUE", "component": "queue", "event": "watchdog_armed", "host": "d6b2a058c4be", "pid": 69911, "rank": null, "stage": "queue_put", "timeout_sec": 30.0, "ts": "2026-10-04 13:30:47"}
[DBG] {"category": "QUEUE", "component": "queue", "elapsed_sec": 0.028321, "event": "END:queue_put", "host": "d6b2a058c4be", "pid": 69911, "rank": null, "ts": "2026-10-04 13:30:47"}
[DBG] {"category": "QUEUE", "component": "queue", "event": "put_done", "host": "d6b2a058c4be", "key": "smoke01:rollout:f9496a746e234f4d9cb520576874050b", "pid": 69911, "policy_version": 0, "queue": "rollout", "rank": null, "ts": "2026-10-04 13:30:47"}
[DBG] {"category": "QUEUE", "component": "queue", "event": "BEGIN:queue_put", "host": "d6b2a058c4be", "item_id": "0be14d71413348a58798efe219fc1d54", "pid": 69911, "queue": "rollout", "rank": null, "ts": "2026-10-04 13:30:47"}
[DBG] {"category": "QUEUE", "component": "queue", "event": "watchdog_armed", "host": "d6b2a058c4be", "pid": 69911, "rank": null, "stage": "queue_put", "timeout_sec": 30.0, "ts": "2026-10-04 13:30:47"}
[DBG] {"category": "QUEUE", "component": "queue", "elapsed_sec": 0.027711, "event": "END:queue_put", "host": "d6b2a058c4be", "pid": 69911, "rank": null, "ts": "2026-10-04 13:30:47"}
[DBG] {"category": "QUEUE", "component": "queue", "event": "put_done", "host": "d6b2a058c4be", "key": "smoke01:rollout:0be14d71413348a58798efe219fc1d54", "pid": 69911, "policy_version": 0, "queue": "rollout", "rank": null, "ts": "2026-10-04 13:30:47"}
[DBG] {"category": "QUEUE", "component": "queue", "event": "BEGIN:queue_put", "host": "d6b2a058c4be", "item_id": "16d511f212a54d33a0892056a18f3ba7", "pid": 69911, "queue": "preference", "rank": null, "ts": "2026-10-04 13:30:47"}
[DBG] {"category": "QUEUE", "component": "queue", "event": "watchdog_armed", "host": "d6b2a058c4be", "pid": 69911, "rank": null, "stage": "queue_put", "timeout_sec": 30.0, "ts": "2026-10-04 13:30:47"}
[DBG] {"category": "QUEUE", "component": "queue", "elapsed_sec": 0.026789, "event": "END:queue_put", "host": "d6b2a058c4be", "pid": 69911, "rank": null, "ts": "2026-10-04 13:30:47"}
[DBG] {"category": "QUEUE", "component": "queue", "event": "put_done", "host": "d6b2a058c4be", "key": "smoke01:preference:16d511f212a54d33a0892056a18f3ba7", "pid": 69911, "policy_version": 0, "queue": "preference", "rank": null, "ts": "2026-10-04 13:30:47"}
[DBG] {"category": "QUEUE", "component": "queue", "event": "size_changed", "host": "d6b2a058c4be", "pid": 69911, "queue": "rollout", "rank": null, "size": 9, "ts": "2026-10-04 13:30:47"}
[DBG] {"category": "QUEUE", "component": "queue", "event": "size_changed", "host": "d6b2a058c4be", "pid": 69911, "queue": "preference", "rank": null, "size": 9, "ts": "2026-10-04 13:30:47"}
[DBG] {"category": "QUEUE", "component": "queue", "current_version": null, "event": "BEGIN:queue_list_for_pop", "exact": false, "host": "d6b2a058c4be", "max_lag": null, "pid": 69911, "queue": "rollout", "rank": null, "requested": 1, "ts": "2026-10-04 13:30:47"}
[DBG] {"category": "QUEUE", "component": "queue", "event": "watchdog_armed", "host": "d6b2a058c4be", "pid": 69911, "rank": null, "stage": "queue_list_for_pop", "timeout_sec": 30.0, "ts": "2026-10-04 13:30:47"}
[DBG] {"category": "QUEUE", "component": "queue", "elapsed_sec": 0.00197, "event": "END:queue_list_for_pop", "host": "d6b2a058c4be", "pid": 69911, "rank": null, "ts": "2026-10-04 13:30:47"}
[DBG] {"available": 9, "category": "QUEUE", "component": "queue", "event": "pop_scan", "exact": false, "host": "d6b2a058c4be", "pid": 69911, "queue": "rollout", "rank": null, "requested": 1, "selected": 1, "stale": 0, "ts": "2026-10-04 13:30:47"}
[DBG] {"category": "QUEUE", "component": "queue", "event": "BEGIN:queue_get", "host": "d6b2a058c4be", "key": "smoke01:rollout:0044eb6aaa304f699b2e512c1d2be13d", "pid": 69911, "queue": "rollout", "rank": null, "ts": "2026-10-04 13:30:47"}
[DBG] {"category": "QUEUE", "component": "queue", "event": "watchdog_armed", "host": "d6b2a058c4be", "pid": 69911, "rank": null, "stage": "queue_get", "timeout_sec": 30.0, "ts": "2026-10-04 13:30:47"}
[DBG] {"category": "QUEUE", "component": "queue", "elapsed_sec": 0.024794, "event": "END:queue_get", "host": "d6b2a058c4be", "pid": 69911, "rank": null, "ts": "2026-10-04 13:30:47"}
[DBG] {"category": "QUEUE", "component": "queue", "count": 1, "event": "BEGIN:clear_popped", "host": "d6b2a058c4be", "pid": 69911, "queue": "rollout", "rank": null, "ts": "2026-10-04 13:30:47"}
[DBG] {"category": "QUEUE", "component": "queue", "event": "watchdog_armed", "host": "d6b2a058c4be", "pid": 69911, "rank": null, "stage": "clear_popped", "timeout_sec": 30.0, "ts": "2026-10-04 13:30:47"}
[DBG] {"category": "QUEUE", "component": "queue", "elapsed_sec": 0.016451, "event": "END:clear_popped", "host": "d6b2a058c4be", "pid": 69911, "rank": null, "ts": "2026-10-04 13:30:47"}
[DBG] {"category": "QUEUE", "component": "queue", "event": "pop_done", "host": "d6b2a058c4be", "pid": 69911, "queue": "rollout", "rank": null, "returned": 1, "stale": 0, "ts": "2026-10-04 13:30:47"}
[DBG] {"category": "QUEUE", "component": "queue", "event": "size_changed", "host": "d6b2a058c4be", "pid": 69911, "queue": "rollout", "rank": null, "size": 8, "ts": "2026-10-04 13:30:47"}
[DBG] {"category": "QUEUE", "component": "queue", "event": "BEGIN:queue_put", "host": "d6b2a058c4be", "item_id": "0044eb6aaa304f699b2e512c1d2be13d", "pid": 69911, "queue": "preference", "rank": null, "ts": "2026-10-04 13:30:48"}
[DBG] {"category": "QUEUE", "component": "queue", "event": "watchdog_armed", "host": "d6b2a058c4be", "pid": 69911, "rank": null, "stage": "queue_put", "timeout_sec": 30.0, "ts": "2026-10-04 13:30:48"}
[DBG] {"category": "QUEUE", "component": "queue", "elapsed_sec": 0.027802, "event": "END:queue_put", "host": "d6b2a058c4be", "pid": 69911, "rank": null, "ts": "2026-10-04 13:30:48"}
[DBG] {"category": "QUEUE", "component": "queue", "event": "put_done", "host": "d6b2a058c4be", "key": "smoke01:preference:0044eb6aaa304f699b2e512c1d2be13d", "pid": 69911, "policy_version": 0, "queue": "preference", "rank": null, "ts": "2026-10-04 13:30:48"}
[DBG] {"category": "QUEUE", "component": "queue", "event": "size_changed", "host": "d6b2a058c4be", "pid": 69911, "queue": "preference", "rank": null, "size": 10, "ts": "2026-10-04 13:30:48"}
[DBG] {"category": "QUEUE", "component": "queue", "current_version": null, "event": "BEGIN:queue_list_for_pop", "exact": false, "host": "d6b2a058c4be", "max_lag": null, "pid": 69911, "queue": "rollout", "rank": null, "requested": 1, "ts": "2026-10-04 13:30:48"}
[DBG] {"category": "QUEUE", "component": "queue", "event": "watchdog_armed", "host": "d6b2a058c4be", "pid": 69911, "rank": null, "stage": "queue_list_for_pop", "timeout_sec": 30.0, "ts": "2026-10-04 13:30:48"}
[DBG] {"category": "QUEUE", "component": "queue", "elapsed_sec": 0.001854, "event": "END:queue_list_for_pop", "host": "d6b2a058c4be", "pid": 69911, "rank": null, "ts": "2026-10-04 13:30:48"}
[DBG] {"available": 8, "category": "QUEUE", "component": "queue", "event": "pop_scan", "exact": false, "host": "d6b2a058c4be", "pid": 69911, "queue": "rollout", "rank": null, "requested": 1, "selected": 1, "stale": 0, "ts": "2026-10-04 13:30:48"}
[DBG] {"category": "QUEUE", "component": "queue", "event": "BEGIN:queue_get", "host": "d6b2a058c4be", "key": "smoke01:rollout:fa282ebd87e64dc3aa7e302d43eedc9b", "pid": 69911, "queue": "rollout", "rank": null, "ts": "2026-10-04 13:30:48"}
[DBG] {"category": "QUEUE", "component": "queue", "event": "watchdog_armed", "host": "d6b2a058c4be", "pid": 69911, "rank": null, "stage": "queue_get", "timeout_sec": 30.0, "ts": "2026-10-04 13:30:48"}
[DBG] {"category": "QUEUE", "component": "queue", "elapsed_sec": 0.024674, "event": "END:queue_get", "host": "d6b2a058c4be", "pid": 69911, "rank": null, "ts": "2026-10-04 13:30:48"}
[DBG] {"category": "QUEUE", "component": "queue", "count": 1, "event": "BEGIN:clear_popped", "host": "d6b2a058c4be", "pid": 69911, "queue": "rollout", "rank": null, "ts": "2026-10-04 13:30:48"}
[DBG] {"category": "QUEUE", "component": "queue", "event": "watchdog_armed", "host": "d6b2a058c4be", "pid": 69911, "rank": null, "stage": "clear_popped", "timeout_sec": 30.0, "ts": "2026-10-04 13:30:48"}
[DBG] {"category": "QUEUE", "component": "queue", "elapsed_sec": 0.016115, "event": "END:clear_popped", "host": "d6b2a058c4be", "pid": 69911, "rank": null, "ts": "2026-10-04 13:30:48"}
[DBG] {"category": "QUEUE", "component": "queue", "event": "pop_done", "host": "d6b2a058c4be", "pid": 69911, "queue": "rollout", "rank": null, "returned": 1, "stale": 0, "ts": "2026-10-04 13:30:48"}
[DBG] {"category": "QUEUE", "component": "queue", "event": "size_changed", "host": "d6b2a058c4be", "pid": 69911, "queue": "rollout", "rank": null, "size": 7, "ts": "2026-10-04 13:30:48"}
[DBG] {"category": "QUEUE", "component": "queue", "event": "BEGIN:queue_put", "host": "d6b2a058c4be", "item_id": "12851cb6ebfb412a9af710f6053238b3", "pid": 69911, "queue": "rollout", "rank": null, "ts": "2026-10-04 13:30:48"}
[DBG] {"category": "QUEUE", "component": "queue", "event": "watchdog_armed", "host": "d6b2a058c4be", "pid": 69911, "rank": null, "stage": "queue_put", "timeout_sec": 30.0, "ts": "2026-10-04 13:30:48"}
[DBG] {"category": "QUEUE", "component": "queue", "elapsed_sec": 0.028145, "event": "END:queue_put", "host": "d6b2a058c4be", "pid": 69911, "rank": null, "ts": "2026-10-04 13:30:48"}
[DBG] {"category": "QUEUE", "component": "queue", "event": "put_done", "host": "d6b2a058c4be", "key": "smoke01:rollout:12851cb6ebfb412a9af710f6053238b3", "pid": 69911, "policy_version": 0, "queue": "rollout", "rank": null, "ts": "2026-10-04 13:30:48"}
[DBG] {"category": "QUEUE", "component": "queue", "event": "BEGIN:queue_put", "host": "d6b2a058c4be", "item_id": "49b927ea39274267b1e2ff2ee58426d9", "pid": 69911, "queue": "rollout", "rank": null, "ts": "2026-10-04 13:30:48"}
[DBG] {"category": "QUEUE", "component": "queue", "event": "watchdog_armed", "host": "d6b2a058c4be", "pid": 69911, "rank": null, "stage": "queue_put", "timeout_sec": 30.0, "ts": "2026-10-04 13:30:48"}
[DBG] {"category": "QUEUE", "component": "queue", "elapsed_sec": 0.027872, "event": "END:queue_put", "host": "d6b2a058c4be", "pid": 69911, "rank": null, "ts": "2026-10-04 13:30:48"}
[DBG] {"category": "QUEUE", "component": "queue", "event": "put_done", "host": "d6b2a058c4be", "key": "smoke01:rollout:49b927ea39274267b1e2ff2ee58426d9", "pid": 69911, "policy_version": 0, "queue": "rollout", "rank": null, "ts": "2026-10-04 13:30:48"}
[DBG] {"category": "QUEUE", "component": "queue", "event": "size_changed", "host": "d6b2a058c4be", "pid": 69911, "queue": "rollout", "rank": null, "size": 9, "ts": "2026-10-04 13:30:48"}
[DBG] {"category": "QUEUE", "component": "queue", "event": "BEGIN:queue_put", "host": "d6b2a058c4be", "item_id": "fa282ebd87e64dc3aa7e302d43eedc9b", "pid": 69911, "queue": "preference", "rank": null, "ts": "2026-10-04 13:30:48"}
[DBG] {"category": "QUEUE", "component": "queue", "event": "watchdog_armed", "host": "d6b2a058c4be", "pid": 69911, "rank": null, "stage": "queue_put", "timeout_sec": 30.0, "ts": "2026-10-04 13:30:48"}
[DBG] {"category": "QUEUE", "component": "queue", "elapsed_sec": 0.027835, "event": "END:queue_put", "host": "d6b2a058c4be", "pid": 69911, "rank": null, "ts": "2026-10-04 13:30:49"}
[DBG] {"category": "QUEUE", "component": "queue", "event": "put_done", "host": "d6b2a058c4be", "key": "smoke01:preference:fa282ebd87e64dc3aa7e302d43eedc9b", "pid": 69911, "policy_version": 0, "queue": "preference", "rank": null, "ts": "2026-10-04 13:30:49"}
[DBG] {"category": "QUEUE", "component": "queue", "event": "size_changed", "host": "d6b2a058c4be", "pid": 69911, "queue": "preference", "rank": null, "size": 11, "ts": "2026-10-04 13:30:49"}
[DBG] {"category": "QUEUE", "component": "queue", "current_version": null, "event": "BEGIN:queue_list_for_pop", "exact": false, "host": "d6b2a058c4be", "max_lag": null, "pid": 69911, "queue": "rollout", "rank": null, "requested": 1, "ts": "2026-10-04 13:30:49"}
[DBG] {"category": "QUEUE", "component": "queue", "event": "watchdog_armed", "host": "d6b2a058c4be", "pid": 69911, "rank": null, "stage": "queue_list_for_pop", "timeout_sec": 30.0, "ts": "2026-10-04 13:30:49"}
[DBG] {"category": "QUEUE", "component": "queue", "elapsed_sec": 0.002079, "event": "END:queue_list_for_pop", "host": "d6b2a058c4be", "pid": 69911, "rank": null, "ts": "2026-10-04 13:30:49"}
[DBG] {"available": 9, "category": "QUEUE", "component": "queue", "event": "pop_scan", "exact": false, "host": "d6b2a058c4be", "pid": 69911, "queue": "rollout", "rank": null, "requested": 1, "selected": 1, "stale": 0, "ts": "2026-10-04 13:30:49"}
[DBG] {"category": "QUEUE", "component": "queue", "event": "BEGIN:queue_get", "host": "d6b2a058c4be", "key": "smoke01:rollout:d0a5d1d780e74fa5be3b5fcc8cc435e1", "pid": 69911, "queue": "rollout", "rank": null, "ts": "2026-10-04 13:30:49"}
[DBG] {"category": "QUEUE", "component": "queue", "event": "watchdog_armed", "host": "d6b2a058c4be", "pid": 69911, "rank": null, "stage": "queue_get", "timeout_sec": 30.0, "ts": "2026-10-04 13:30:49"}
[DBG] {"category": "QUEUE", "component": "queue", "elapsed_sec": 0.025758, "event": "END:queue_get", "host": "d6b2a058c4be", "pid": 69911, "rank": null, "ts": "2026-10-04 13:30:49"}
[DBG] {"category": "QUEUE", "component": "queue", "count": 1, "event": "BEGIN:clear_popped", "host": "d6b2a058c4be", "pid": 69911, "queue": "rollout", "rank": null, "ts": "2026-10-04 13:30:49"}
[DBG] {"category": "QUEUE", "component": "queue", "event": "watchdog_armed", "host": "d6b2a058c4be", "pid": 69911, "rank": null, "stage": "clear_popped", "timeout_sec": 30.0, "ts": "2026-10-04 13:30:49"}
[DBG] {"category": "QUEUE", "component": "queue", "elapsed_sec": 0.015401, "event": "END:clear_popped", "host": "d6b2a058c4be", "pid": 69911, "rank": null, "ts": "2026-10-04 13:30:49"}
[DBG] {"category": "QUEUE", "component": "queue", "event": "pop_done", "host": "d6b2a058c4be", "pid": 69911, "queue": "rollout", "rank": null, "returned": 1, "stale": 0, "ts": "2026-10-04 13:30:49"}
[DBG] {"category": "QUEUE", "component": "queue", "event": "size_changed", "host": "d6b2a058c4be", "pid": 69911, "queue": "rollout", "rank": null, "size": 8, "ts": "2026-10-04 13:30:49"}
[DBG] {"category": "QUEUE", "component": "queue", "event": "BEGIN:queue_put", "host": "d6b2a058c4be", "item_id": "d0a5d1d780e74fa5be3b5fcc8cc435e1", "pid": 69911, "queue": "preference", "rank": null, "ts": "2026-10-04 13:30:50"}
[DBG] {"category": "QUEUE", "component": "queue", "event": "watchdog_armed", "host": "d6b2a058c4be", "pid": 69911, "rank": null, "stage": "queue_put", "timeout_sec": 30.0, "ts": "2026-10-04 13:30:50"}
[DBG] {"category": "QUEUE", "component": "queue", "elapsed_sec": 0.027624, "event": "END:queue_put", "host": "d6b2a058c4be", "pid": 69911, "rank": null, "ts": "2026-10-04 13:30:50"}
[DBG] {"category": "QUEUE", "component": "queue", "event": "put_done", "host": "d6b2a058c4be", "key": "smoke01:preference:d0a5d1d780e74fa5be3b5fcc8cc435e1", "pid": 69911, "policy_version": 0, "queue": "preference", "rank": null, "ts": "2026-10-04 13:30:50"}
[DBG] {"category": "QUEUE", "component": "queue", "event": "size_changed", "host": "d6b2a058c4be", "pid": 69911, "queue": "preference", "rank": null, "size": 12, "ts": "2026-10-04 13:30:50"}
[DBG] {"category": "QUEUE", "component": "queue", "current_version": null, "event": "BEGIN:queue_list_for_pop", "exact": false, "host": "d6b2a058c4be", "max_lag": null, "pid": 69911, "queue": "rollout", "rank": null, "requested": 1, "ts": "2026-10-04 13:30:50"}
[DBG] {"category": "QUEUE", "component": "queue", "event": "watchdog_armed", "host": "d6b2a058c4be", "pid": 69911, "rank": null, "stage": "queue_list_for_pop", "timeout_sec": 30.0, "ts": "2026-10-04 13:30:50"}
[DBG] {"category": "QUEUE", "component": "queue", "elapsed_sec": 0.001967, "event": "END:queue_list_for_pop", "host": "d6b2a058c4be", "pid": 69911, "rank": null, "ts": "2026-10-04 13:30:50"}
[DBG] {"available": 8, "category": "QUEUE", "component": "queue", "event": "pop_scan", "exact": false, "host": "d6b2a058c4be", "pid": 69911, "queue": "rollout", "rank": null, "requested": 1, "selected": 1, "stale": 0, "ts": "2026-10-04 13:30:50"}
[DBG] {"category": "QUEUE", "component": "queue", "event": "BEGIN:queue_get", "host": "d6b2a058c4be", "key": "smoke01:rollout:38393ae3331f49bea4ef1963e6552ea7", "pid": 69911, "queue": "rollout", "rank": null, "ts": "2026-10-04 13:30:50"}
[DBG] {"category": "QUEUE", "component": "queue", "event": "watchdog_armed", "host": "d6b2a058c4be", "pid": 69911, "rank": null, "stage": "queue_get", "timeout_sec": 30.0, "ts": "2026-10-04 13:30:50"}
[DBG] {"category": "QUEUE", "component": "queue", "elapsed_sec": 0.024824, "event": "END:queue_get", "host": "d6b2a058c4be", "pid": 69911, "rank": null, "ts": "2026-10-04 13:30:50"}
[DBG] {"category": "QUEUE", "component": "queue", "count": 1, "event": "BEGIN:clear_popped", "host": "d6b2a058c4be", "pid": 69911, "queue": "rollout", "rank": null, "ts": "2026-10-04 13:30:50"}
[DBG] {"category": "QUEUE", "component": "queue", "event": "watchdog_armed", "host": "d6b2a058c4be", "pid": 69911, "rank": null, "stage": "clear_popped", "timeout_sec": 30.0, "ts": "2026-10-04 13:30:50"}
[DBG] {"category": "QUEUE", "component": "queue", "elapsed_sec": 0.01587, "event": "END:clear_popped", "host": "d6b2a058c4be", "pid": 69911, "rank": null, "ts": "2026-10-04 13:30:50"}
[DBG] {"category": "QUEUE", "component": "queue", "event": "pop_done", "host": "d6b2a058c4be", "pid": 69911, "queue": "rollout", "rank": null, "returned": 1, "stale": 0, "ts": "2026-10-04 13:30:50"}
[DBG] {"category": "QUEUE", "component": "queue", "event": "size_changed", "host": "d6b2a058c4be", "pid": 69911, "queue": "rollout", "rank": null, "size": 7, "ts": "2026-10-04 13:30:50"}
[DBG] {"category": "QUEUE", "component": "queue", "event": "BEGIN:queue_put", "host": "d6b2a058c4be", "item_id": "60447140ab524aee967db66bdf3559c9", "pid": 69911, "queue": "rollout", "rank": null, "ts": "2026-10-04 13:30:50"}
[DBG] {"category": "QUEUE", "component": "queue", "event": "watchdog_armed", "host": "d6b2a058c4be", "pid": 69911, "rank": null, "stage": "queue_put", "timeout_sec": 30.0, "ts": "2026-10-04 13:30:50"}
[DBG] {"category": "QUEUE", "component": "queue", "elapsed_sec": 0.027677, "event": "END:queue_put", "host": "d6b2a058c4be", "pid": 69911, "rank": null, "ts": "2026-10-04 13:30:50"}
[DBG] {"category": "QUEUE", "component": "queue", "event": "put_done", "host": "d6b2a058c4be", "key": "smoke01:rollout:60447140ab524aee967db66bdf3559c9", "pid": 69911, "policy_version": 0, "queue": "rollout", "rank": null, "ts": "2026-10-04 13:30:50"}
[DBG] {"category": "QUEUE", "component": "queue", "event": "BEGIN:queue_put", "host": "d6b2a058c4be", "item_id": "7bf684f53a36404abd9f410326211692", "pid": 69911, "queue": "rollout", "rank": null, "ts": "2026-10-04 13:30:50"}
[DBG] {"category": "QUEUE", "component": "queue", "event": "watchdog_armed", "host": "d6b2a058c4be", "pid": 69911, "rank": null, "stage": "queue_put", "timeout_sec": 30.0, "ts": "2026-10-04 13:30:50"}
[DBG] {"category": "QUEUE", "component": "queue", "elapsed_sec": 0.027433, "event": "END:queue_put", "host": "d6b2a058c4be", "pid": 69911, "rank": null, "ts": "2026-10-04 13:30:50"}
[DBG] {"category": "QUEUE", "component": "queue", "event": "put_done", "host": "d6b2a058c4be", "key": "smoke01:rollout:7bf684f53a36404abd9f410326211692", "pid": 69911, "policy_version": 0, "queue": "rollout", "rank": null, "ts": "2026-10-04 13:30:50"}
[DBG] {"category": "QUEUE", "component": "queue", "event": "size_changed", "host": "d6b2a058c4be", "pid": 69911, "queue": "rollout", "rank": null, "size": 9, "ts": "2026-10-04 13:30:50"}
[DBG] {"category": "QUEUE", "component": "queue", "event": "BEGIN:queue_put", "host": "d6b2a058c4be", "item_id": "38393ae3331f49bea4ef1963e6552ea7", "pid": 69911, "queue": "preference", "rank": null, "ts": "2026-10-04 13:30:51"}
[DBG] {"category": "QUEUE", "component": "queue", "event": "watchdog_armed", "host": "d6b2a058c4be", "pid": 69911, "rank": null, "stage": "queue_put", "timeout_sec": 30.0, "ts": "2026-10-04 13:30:51"}
[DBG] {"category": "QUEUE", "component": "queue", "elapsed_sec": 0.029417, "event": "END:queue_put", "host": "d6b2a058c4be", "pid": 69911, "rank": null, "ts": "2026-10-04 13:30:51"}
[DBG] {"category": "QUEUE", "component": "queue", "event": "put_done", "host": "d6b2a058c4be", "key": "smoke01:preference:38393ae3331f49bea4ef1963e6552ea7", "pid": 69911, "policy_version": 0, "queue": "preference", "rank": null, "ts": "2026-10-04 13:30:51"}
[DBG] {"category": "QUEUE", "component": "queue", "event": "size_changed", "host": "d6b2a058c4be", "pid": 69911, "queue": "preference", "rank": null, "size": 13, "ts": "2026-10-04 13:30:51"}
[DBG] {"category": "QUEUE", "component": "queue", "current_version": null, "event": "BEGIN:queue_list_for_pop", "exact": false, "host": "d6b2a058c4be", "max_lag": null, "pid": 69911, "queue": "rollout", "rank": null, "requested": 1, "ts": "2026-10-04 13:30:51"}
[DBG] {"category": "QUEUE", "component": "queue", "event": "watchdog_armed", "host": "d6b2a058c4be", "pid": 69911, "rank": null, "stage": "queue_list_for_pop", "timeout_sec": 30.0, "ts": "2026-10-04 13:30:51"}
[DBG] {"category": "QUEUE", "component": "queue", "elapsed_sec": 0.002437, "event": "END:queue_list_for_pop", "host": "d6b2a058c4be", "pid": 69911, "rank": null, "ts": "2026-10-04 13:30:51"}
[DBG] {"available": 9, "category": "QUEUE", "component": "queue", "event": "pop_scan", "exact": false, "host": "d6b2a058c4be", "pid": 69911, "queue": "rollout", "rank": null, "requested": 1, "selected": 1, "stale": 0, "ts": "2026-10-04 13:30:51"}
[DBG] {"category": "QUEUE", "component": "queue", "event": "BEGIN:queue_get", "host": "d6b2a058c4be", "key": "smoke01:rollout:7ceae41fad8a4a328b644a2bdaa347d5", "pid": 69911, "queue": "rollout", "rank": null, "ts": "2026-10-04 13:30:51"}
[DBG] {"category": "QUEUE", "component": "queue", "event": "watchdog_armed", "host": "d6b2a058c4be", "pid": 69911, "rank": null, "stage": "queue_get", "timeout_sec": 30.0, "ts": "2026-10-04 13:30:51"}
[DBG] {"category": "QUEUE", "component": "queue", "elapsed_sec": 0.02557, "event": "END:queue_get", "host": "d6b2a058c4be", "pid": 69911, "rank": null, "ts": "2026-10-04 13:30:51"}
[DBG] {"category": "QUEUE", "component": "queue", "count": 1, "event": "BEGIN:clear_popped", "host": "d6b2a058c4be", "pid": 69911, "queue": "rollout", "rank": null, "ts": "2026-10-04 13:30:51"}
[DBG] {"category": "QUEUE", "component": "queue", "event": "watchdog_armed", "host": "d6b2a058c4be", "pid": 69911, "rank": null, "stage": "clear_popped", "timeout_sec": 30.0, "ts": "2026-10-04 13:30:51"}
[DBG] {"category": "QUEUE", "component": "queue", "elapsed_sec": 0.017558, "event": "END:clear_popped", "host": "d6b2a058c4be", "pid": 69911, "rank": null, "ts": "2026-10-04 13:30:51"}
[DBG] {"category": "QUEUE", "component": "queue", "event": "pop_done", "host": "d6b2a058c4be", "pid": 69911, "queue": "rollout", "rank": null, "returned": 1, "stale": 0, "ts": "2026-10-04 13:30:51"}
[DBG] {"category": "QUEUE", "component": "queue", "event": "size_changed", "host": "d6b2a058c4be", "pid": 69911, "queue": "rollout", "rank": null, "size": 8, "ts": "2026-10-04 13:30:51"}
[DBG] {"category": "QUEUE", "component": "queue", "event": "BEGIN:queue_put", "host": "d6b2a058c4be", "item_id": "7ceae41fad8a4a328b644a2bdaa347d5", "pid": 69911, "queue": "preference", "rank": null, "ts": "2026-10-04 13:30:52"}
[DBG] {"category": "QUEUE", "component": "queue", "event": "watchdog_armed", "host": "d6b2a058c4be", "pid": 69911, "rank": null, "stage": "queue_put", "timeout_sec": 30.0, "ts": "2026-10-04 13:30:52"}
[DBG] {"category": "QUEUE", "component": "queue", "elapsed_sec": 0.029368, "event": "END:queue_put", "host": "d6b2a058c4be", "pid": 69911, "rank": null, "ts": "2026-10-04 13:30:52"}
[DBG] {"category": "QUEUE", "component": "queue", "event": "put_done", "host": "d6b2a058c4be", "key": "smoke01:preference:7ceae41fad8a4a328b644a2bdaa347d5", "pid": 69911, "policy_version": 0, "queue": "preference", "rank": null, "ts": "2026-10-04 13:30:52"}
[DBG] {"category": "QUEUE", "component": "queue", "event": "size_changed", "host": "d6b2a058c4be", "pid": 69911, "queue": "preference", "rank": null, "size": 14, "ts": "2026-10-04 13:30:52"}
[DBG] {"category": "QUEUE", "component": "queue", "current_version": null, "event": "BEGIN:queue_list_for_pop", "exact": false, "host": "d6b2a058c4be", "max_lag": null, "pid": 69911, "queue": "rollout", "rank": null, "requested": 1, "ts": "2026-10-04 13:30:52"}
[DBG] {"category": "QUEUE", "component": "queue", "event": "watchdog_armed", "host": "d6b2a058c4be", "pid": 69911, "rank": null, "stage": "queue_list_for_pop", "timeout_sec": 30.0, "ts": "2026-10-04 13:30:52"}
[DBG] {"category": "QUEUE", "component": "queue", "elapsed_sec": 0.001993, "event": "END:queue_list_for_pop", "host": "d6b2a058c4be", "pid": 69911, "rank": null, "ts": "2026-10-04 13:30:52"}
[DBG] {"available": 8, "category": "QUEUE", "component": "queue", "event": "pop_scan", "exact": false, "host": "d6b2a058c4be", "pid": 69911, "queue": "rollout", "rank": null, "requested": 1, "selected": 1, "stale": 0, "ts": "2026-10-04 13:30:52"}
[DBG] {"category": "QUEUE", "component": "queue", "event": "BEGIN:queue_get", "host": "d6b2a058c4be", "key": "smoke01:rollout:614043d2a017463d986cf4e70353e926", "pid": 69911, "queue": "rollout", "rank": null, "ts": "2026-10-04 13:30:52"}
[DBG] {"category": "QUEUE", "component": "queue", "event": "watchdog_armed", "host": "d6b2a058c4be", "pid": 69911, "rank": null, "stage": "queue_get", "timeout_sec": 30.0, "ts": "2026-10-04 13:30:52"}
[DBG] {"category": "QUEUE", "component": "queue", "elapsed_sec": 0.02559, "event": "END:queue_get", "host": "d6b2a058c4be", "pid": 69911, "rank": null, "ts": "2026-10-04 13:30:52"}
[DBG] {"category": "QUEUE", "component": "queue", "count": 1, "event": "BEGIN:clear_popped", "host": "d6b2a058c4be", "pid": 69911, "queue": "rollout", "rank": null, "ts": "2026-10-04 13:30:52"}
[DBG] {"category": "QUEUE", "component": "queue", "event": "watchdog_armed", "host": "d6b2a058c4be", "pid": 69911, "rank": null, "stage": "clear_popped", "timeout_sec": 30.0, "ts": "2026-10-04 13:30:52"}
[DBG] {"category": "QUEUE", "component": "queue", "elapsed_sec": 0.016707, "event": "END:clear_popped", "host": "d6b2a058c4be", "pid": 69911, "rank": null, "ts": "2026-10-04 13:30:52"}
[DBG] {"category": "QUEUE", "component": "queue", "event": "pop_done", "host": "d6b2a058c4be", "pid": 69911, "queue": "rollout", "rank": null, "returned": 1, "stale": 0, "ts": "2026-10-04 13:30:52"}
[DBG] {"category": "QUEUE", "component": "queue", "event": "size_changed", "host": "d6b2a058c4be", "pid": 69911, "queue": "rollout", "rank": null, "size": 7, "ts": "2026-10-04 13:30:52"}
[DBG] {"category": "QUEUE", "component": "queue", "event": "BEGIN:queue_put", "host": "d6b2a058c4be", "item_id": "614043d2a017463d986cf4e70353e926", "pid": 69911, "queue": "preference", "rank": null, "ts": "2026-10-04 13:30:52"}
[DBG] {"category": "QUEUE", "component": "queue", "event": "watchdog_armed", "host": "d6b2a058c4be", "pid": 69911, "rank": null, "stage": "queue_put", "timeout_sec": 30.0, "ts": "2026-10-04 13:30:52"}
[DBG] {"category": "QUEUE", "component": "queue", "elapsed_sec": 0.030346, "event": "END:queue_put", "host": "d6b2a058c4be", "pid": 69911, "rank": null, "ts": "2026-10-04 13:30:52"}
[DBG] {"category": "QUEUE", "component": "queue", "event": "put_done", "host": "d6b2a058c4be", "key": "smoke01:preference:614043d2a017463d986cf4e70353e926", "pid": 69911, "policy_version": 0, "queue": "preference", "rank": null, "ts": "2026-10-04 13:30:52"}
[DBG] {"category": "QUEUE", "component": "queue", "event": "BEGIN:queue_put", "host": "d6b2a058c4be", "item_id": "de7cb1842a824a50a2618c8a9b954298", "pid": 69911, "queue": "rollout", "rank": null, "ts": "2026-10-04 13:30:52"}
[DBG] {"category": "QUEUE", "component": "queue", "event": "watchdog_armed", "host": "d6b2a058c4be", "pid": 69911, "rank": null, "stage": "queue_put", "timeout_sec": 30.0, "ts": "2026-10-04 13:30:52"}
[DBG] {"category": "QUEUE", "component": "queue", "elapsed_sec": 0.026891, "event": "END:queue_put", "host": "d6b2a058c4be", "pid": 69911, "rank": null, "ts": "2026-10-04 13:30:52"}
[DBG] {"category": "QUEUE", "component": "queue", "event": "put_done", "host": "d6b2a058c4be", "key": "smoke01:rollout:de7cb1842a824a50a2618c8a9b954298", "pid": 69911, "policy_version": 0, "queue": "rollout", "rank": null, "ts": "2026-10-04 13:30:52"}
[DBG] {"category": "QUEUE", "component": "queue", "event": "size_changed", "host": "d6b2a058c4be", "pid": 69911, "queue": "preference", "rank": null, "size": 15, "ts": "2026-10-04 13:30:52"}
[DBG] {"category": "QUEUE", "component": "queue", "event": "BEGIN:queue_put", "host": "d6b2a058c4be", "item_id": "eb82f18c9486439eb553a8b61eab87b9", "pid": 69911, "queue": "rollout", "rank": null, "ts": "2026-10-04 13:30:52"}
[DBG] {"category": "QUEUE", "component": "queue", "event": "watchdog_armed", "host": "d6b2a058c4be", "pid": 69911, "rank": null, "stage": "queue_put", "timeout_sec": 30.0, "ts": "2026-10-04 13:30:52"}
[DBG] {"category": "QUEUE", "component": "queue", "elapsed_sec": 0.026557, "event": "END:queue_put", "host": "d6b2a058c4be", "pid": 69911, "rank": null, "ts": "2026-10-04 13:30:52"}
[DBG] {"category": "QUEUE", "component": "queue", "event": "put_done", "host": "d6b2a058c4be", "key": "smoke01:rollout:eb82f18c9486439eb553a8b61eab87b9", "pid": 69911, "policy_version": 0, "queue": "rollout", "rank": null, "ts": "2026-10-04 13:30:52"}
[DBG] {"category": "QUEUE", "component": "queue", "event": "size_changed", "host": "d6b2a058c4be", "pid": 69911, "queue": "rollout", "rank": null, "size": 9, "ts": "2026-10-04 13:30:52"}
[DBG] {"category": "QUEUE", "component": "queue", "current_version": null, "event": "BEGIN:queue_list_for_pop", "exact": false, "host": "d6b2a058c4be", "max_lag": null, "pid": 69911, "queue": "rollout", "rank": null, "requested": 1, "ts": "2026-10-04 13:30:52"}
[DBG] {"category": "QUEUE", "component": "queue", "event": "watchdog_armed", "host": "d6b2a058c4be", "pid": 69911, "rank": null, "stage": "queue_list_for_pop", "timeout_sec": 30.0, "ts": "2026-10-04 13:30:52"}
[DBG] {"category": "QUEUE", "component": "queue", "elapsed_sec": 0.001927, "event": "END:queue_list_for_pop", "host": "d6b2a058c4be", "pid": 69911, "rank": null, "ts": "2026-10-04 13:30:52"}
[DBG] {"available": 9, "category": "QUEUE", "component": "queue", "event": "pop_scan", "exact": false, "host": "d6b2a058c4be", "pid": 69911, "queue": "rollout", "rank": null, "requested": 1, "selected": 1, "stale": 0, "ts": "2026-10-04 13:30:52"}
[DBG] {"category": "QUEUE", "component": "queue", "event": "BEGIN:queue_get", "host": "d6b2a058c4be", "key": "smoke01:rollout:6e0ddbbfb0a54031a61c4c8f9c7ab4bf", "pid": 69911, "queue": "rollout", "rank": null, "ts": "2026-10-04 13:30:52"}
[DBG] {"category": "QUEUE", "component": "queue", "event": "watchdog_armed", "host": "d6b2a058c4be", "pid": 69911, "rank": null, "stage": "queue_get", "timeout_sec": 30.0, "ts": "2026-10-04 13:30:52"}
[DBG] {"category": "QUEUE", "component": "queue", "elapsed_sec": 0.024453, "event": "END:queue_get", "host": "d6b2a058c4be", "pid": 69911, "rank": null, "ts": "2026-10-04 13:30:53"}
[DBG] {"category": "QUEUE", "component": "queue", "count": 1, "event": "BEGIN:clear_popped", "host": "d6b2a058c4be", "pid": 69911, "queue": "rollout", "rank": null, "ts": "2026-10-04 13:30:53"}
[DBG] {"category": "QUEUE", "component": "queue", "event": "watchdog_armed", "host": "d6b2a058c4be", "pid": 69911, "rank": null, "stage": "clear_popped", "timeout_sec": 30.0, "ts": "2026-10-04 13:30:53"}
[DBG] {"category": "QUEUE", "component": "queue", "elapsed_sec": 0.016678, "event": "END:clear_popped", "host": "d6b2a058c4be", "pid": 69911, "rank": null, "ts": "2026-10-04 13:30:53"}
[DBG] {"category": "QUEUE", "component": "queue", "event": "pop_done", "host": "d6b2a058c4be", "pid": 69911, "queue": "rollout", "rank": null, "returned": 1, "stale": 0, "ts": "2026-10-04 13:30:53"}
[DBG] {"category": "QUEUE", "component": "queue", "event": "size_changed", "host": "d6b2a058c4be", "pid": 69911, "queue": "rollout", "rank": null, "size": 8, "ts": "2026-10-04 13:30:53"}
[DBG] {"category": "QUEUE", "component": "queue", "event": "BEGIN:queue_put", "host": "d6b2a058c4be", "item_id": "6e0ddbbfb0a54031a61c4c8f9c7ab4bf", "pid": 69911, "queue": "preference", "rank": null, "ts": "2026-10-04 13:30:53"}
[DBG] {"category": "QUEUE", "component": "queue", "event": "watchdog_armed", "host": "d6b2a058c4be", "pid": 69911, "rank": null, "stage": "queue_put", "timeout_sec": 30.0, "ts": "2026-10-04 13:30:53"}
[DBG] {"category": "QUEUE", "component": "queue", "elapsed_sec": 0.027906, "event": "END:queue_put", "host": "d6b2a058c4be", "pid": 69911, "rank": null, "ts": "2026-10-04 13:30:53"}
[DBG] {"category": "QUEUE", "component": "queue", "event": "put_done", "host": "d6b2a058c4be", "key": "smoke01:preference:6e0ddbbfb0a54031a61c4c8f9c7ab4bf", "pid": 69911, "policy_version": 0, "queue": "preference", "rank": null, "ts": "2026-10-04 13:30:53"}
[DBG] {"category": "QUEUE", "component": "queue", "event": "size_changed", "host": "d6b2a058c4be", "pid": 69911, "queue": "preference", "rank": null, "size": 16, "ts": "2026-10-04 13:30:53"}
[DBG] {"category": "QUEUE", "component": "queue", "current_version": null, "event": "BEGIN:queue_list_for_pop", "exact": false, "host": "d6b2a058c4be", "max_lag": null, "pid": 69911, "queue": "rollout", "rank": null, "requested": 1, "ts": "2026-10-04 13:30:53"}
[DBG] {"category": "QUEUE", "component": "queue", "event": "watchdog_armed", "host": "d6b2a058c4be", "pid": 69911, "rank": null, "stage": "queue_list_for_pop", "timeout_sec": 30.0, "ts": "2026-10-04 13:30:53"}
[DBG] {"category": "QUEUE", "component": "queue", "elapsed_sec": 0.001693, "event": "END:queue_list_for_pop", "host": "d6b2a058c4be", "pid": 69911, "rank": null, "ts": "2026-10-04 13:30:53"}
[DBG] {"available": 8, "category": "QUEUE", "component": "queue", "event": "pop_scan", "exact": false, "host": "d6b2a058c4be", "pid": 69911, "queue": "rollout", "rank": null, "requested": 1, "selected": 1, "stale": 0, "ts": "2026-10-04 13:30:53"}
[DBG] {"category": "QUEUE", "component": "queue", "event": "BEGIN:queue_get", "host": "d6b2a058c4be", "key": "smoke01:rollout:f9496a746e234f4d9cb520576874050b", "pid": 69911, "queue": "rollout", "rank": null, "ts": "2026-10-04 13:30:53"}
[DBG] {"category": "QUEUE", "component": "queue", "event": "watchdog_armed", "host": "d6b2a058c4be", "pid": 69911, "rank": null, "stage": "queue_get", "timeout_sec": 30.0, "ts": "2026-10-04 13:30:53"}
[DBG] {"category": "QUEUE", "component": "queue", "elapsed_sec": 0.024338, "event": "END:queue_get", "host": "d6b2a058c4be", "pid": 69911, "rank": null, "ts": "2026-10-04 13:30:53"}
[DBG] {"category": "QUEUE", "component": "queue", "count": 1, "event": "BEGIN:clear_popped", "host": "d6b2a058c4be", "pid": 69911, "queue": "rollout", "rank": null, "ts": "2026-10-04 13:30:53"}
[DBG] {"category": "QUEUE", "component": "queue", "event": "watchdog_armed", "host": "d6b2a058c4be", "pid": 69911, "rank": null, "stage": "clear_popped", "timeout_sec": 30.0, "ts": "2026-10-04 13:30:53"}
[DBG] {"category": "QUEUE", "component": "queue", "elapsed_sec": 0.015629, "event": "END:clear_popped", "host": "d6b2a058c4be", "pid": 69911, "rank": null, "ts": "2026-10-04 13:30:53"}
[DBG] {"category": "QUEUE", "component": "queue", "event": "pop_done", "host": "d6b2a058c4be", "pid": 69911, "queue": "rollout", "rank": null, "returned": 1, "stale": 0, "ts": "2026-10-04 13:30:53"}
[DBG] {"category": "QUEUE", "component": "queue", "event": "size_changed", "host": "d6b2a058c4be", "pid": 69911, "queue": "rollout", "rank": null, "size": 7, "ts": "2026-10-04 13:30:54"}
[DBG] {"category": "QUEUE", "component": "queue", "event": "BEGIN:queue_put", "host": "d6b2a058c4be", "item_id": "6ff3880c516d4b3bbc8846c00a27fe17", "pid": 69911, "queue": "rollout", "rank": null, "ts": "2026-10-04 13:30:54"}
[DBG] {"category": "QUEUE", "component": "queue", "event": "watchdog_armed", "host": "d6b2a058c4be", "pid": 69911, "rank": null, "stage": "queue_put", "timeout_sec": 30.0, "ts": "2026-10-04 13:30:54"}
[DBG] {"category": "QUEUE", "component": "queue", "elapsed_sec": 0.027958, "event": "END:queue_put", "host": "d6b2a058c4be", "pid": 69911, "rank": null, "ts": "2026-10-04 13:30:54"}
[DBG] {"category": "QUEUE", "component": "queue", "event": "put_done", "host": "d6b2a058c4be", "key": "smoke01:rollout:6ff3880c516d4b3bbc8846c00a27fe17", "pid": 69911, "policy_version": 0, "queue": "rollout", "rank": null, "ts": "2026-10-04 13:30:54"}
[DBG] {"category": "QUEUE", "component": "queue", "event": "BEGIN:queue_put", "host": "d6b2a058c4be", "item_id": "1b2d3776f23e4b10a2453726e684b280", "pid": 69911, "queue": "rollout", "rank": null, "ts": "2026-10-04 13:30:54"}
[DBG] {"category": "QUEUE", "component": "queue", "event": "watchdog_armed", "host": "d6b2a058c4be", "pid": 69911, "rank": null, "stage": "queue_put", "timeout_sec": 30.0, "ts": "2026-10-04 13:30:54"}
[DBG] {"category": "QUEUE", "component": "queue", "elapsed_sec": 0.027681, "event": "END:queue_put", "host": "d6b2a058c4be", "pid": 69911, "rank": null, "ts": "2026-10-04 13:30:54"}
[DBG] {"category": "QUEUE", "component": "queue", "event": "put_done", "host": "d6b2a058c4be", "key": "smoke01:rollout:1b2d3776f23e4b10a2453726e684b280", "pid": 69911, "policy_version": 0, "queue": "rollout", "rank": null, "ts": "2026-10-04 13:30:54"}
[DBG] {"category": "QUEUE", "component": "queue", "event": "size_changed", "host": "d6b2a058c4be", "pid": 69911, "queue": "rollout", "rank": null, "size": 9, "ts": "2026-10-04 13:30:54"}
[DBG] {"category": "QUEUE", "component": "queue", "event": "BEGIN:queue_put", "host": "d6b2a058c4be", "item_id": "f9496a746e234f4d9cb520576874050b", "pid": 69911, "queue": "preference", "rank": null, "ts": "2026-10-04 13:30:54"}
[DBG] {"category": "QUEUE", "component": "queue", "event": "watchdog_armed", "host": "d6b2a058c4be", "pid": 69911, "rank": null, "stage": "queue_put", "timeout_sec": 30.0, "ts": "2026-10-04 13:30:54"}
[DBG] {"category": "QUEUE", "component": "queue", "elapsed_sec": 0.028913, "event": "END:queue_put", "host": "d6b2a058c4be", "pid": 69911, "rank": null, "ts": "2026-10-04 13:30:54"}
[DBG] {"category": "QUEUE", "component": "queue", "event": "put_done", "host": "d6b2a058c4be", "key": "smoke01:preference:f9496a746e234f4d9cb520576874050b", "pid": 69911, "policy_version": 0, "queue": "preference", "rank": null, "ts": "2026-10-04 13:30:54"}
[DBG] {"category": "QUEUE", "component": "queue", "event": "size_changed", "host": "d6b2a058c4be", "pid": 69911, "queue": "preference", "rank": null, "size": 17, "ts": "2026-10-04 13:30:54"}
[DBG] {"category": "QUEUE", "component": "queue", "current_version": null, "event": "BEGIN:queue_list_for_pop", "exact": false, "host": "d6b2a058c4be", "max_lag": null, "pid": 69911, "queue": "rollout", "rank": null, "requested": 1, "ts": "2026-10-04 13:30:54"}
[DBG] {"category": "QUEUE", "component": "queue", "event": "watchdog_armed", "host": "d6b2a058c4be", "pid": 69911, "rank": null, "stage": "queue_list_for_pop", "timeout_sec": 30.0, "ts": "2026-10-04 13:30:54"}
[DBG] {"category": "QUEUE", "component": "queue", "elapsed_sec": 0.0021, "event": "END:queue_list_for_pop", "host": "d6b2a058c4be", "pid": 69911, "rank": null, "ts": "2026-10-04 13:30:54"}
[DBG] {"available": 9, "category": "QUEUE", "component": "queue", "event": "pop_scan", "exact": false, "host": "d6b2a058c4be", "pid": 69911, "queue": "rollout", "rank": null, "requested": 1, "selected": 1, "stale": 0, "ts": "2026-10-04 13:30:54"}
[DBG] {"category": "QUEUE", "component": "queue", "event": "BEGIN:queue_get", "host": "d6b2a058c4be", "key": "smoke01:rollout:0be14d71413348a58798efe219fc1d54", "pid": 69911, "queue": "rollout", "rank": null, "ts": "2026-10-04 13:30:54"}
[DBG] {"category": "QUEUE", "component": "queue", "event": "watchdog_armed", "host": "d6b2a058c4be", "pid": 69911, "rank": null, "stage": "queue_get", "timeout_sec": 30.0, "ts": "2026-10-04 13:30:54"}
[DBG] {"category": "QUEUE", "component": "queue", "elapsed_sec": 0.025544, "event": "END:queue_get", "host": "d6b2a058c4be", "pid": 69911, "rank": null, "ts": "2026-10-04 13:30:54"}
[DBG] {"category": "QUEUE", "component": "queue", "count": 1, "event": "BEGIN:clear_popped", "host": "d6b2a058c4be", "pid": 69911, "queue": "rollout", "rank": null, "ts": "2026-10-04 13:30:54"}
[DBG] {"category": "QUEUE", "component": "queue", "event": "watchdog_armed", "host": "d6b2a058c4be", "pid": 69911, "rank": null, "stage": "clear_popped", "timeout_sec": 30.0, "ts": "2026-10-04 13:30:54"}
[DBG] {"category": "QUEUE", "component": "queue", "elapsed_sec": 0.016356, "event": "END:clear_popped", "host": "d6b2a058c4be", "pid": 69911, "rank": null, "ts": "2026-10-04 13:30:54"}
[DBG] {"category": "QUEUE", "component": "queue", "event": "pop_done", "host": "d6b2a058c4be", "pid": 69911, "queue": "rollout", "rank": null, "returned": 1, "stale": 0, "ts": "2026-10-04 13:30:54"}
[DBG] {"category": "QUEUE", "component": "queue", "event": "size_changed", "host": "d6b2a058c4be", "pid": 69911, "queue": "rollout", "rank": null, "size": 8, "ts": "2026-10-04 13:30:54"}
