[DBG] {"category": "TRAIN", "component": "train", "event": "worker_entry", "host": "d6b2a058c4be", "pid": 108787, "rank": 1, "ts": "2026-10-04 14:56:41"}
[DBG] {"CUDA_VISIBLE_DEVICES": "1,2", "LOCAL_RANK": "1", "MASTER_ADDR": "172.20.0.2", "MASTER_PORT": "48945", "RANK": "1", "WORLD_SIZE": "2", "category": "TRAIN", "component": "train", "cuda_available": true, "cuda_device_count": 2, "current_device": 1, "device": "cuda:1", "event": "environment", "host": "d6b2a058c4be", "local_rank": 1, "local_world": 2, "node_rank": 0, "pid": 108787, "rank": 1, "torch": "2.13.0+cu130", "ts": "2026-10-04 14:56:41", "world": 2}
[DBG] {"category": "TRAIN", "component": "train", "event": "trainer_init", "global_batch_size": 4, "gradient_accumulation_steps": 1, "host": "d6b2a058c4be", "per_rank_batch_size": 2, "pid": 108787, "rank": 1, "sharding_strategy": "hybrid_shard", "ts": "2026-10-04 14:56:41"}
[DBG] {"category": "TRAIN", "component": "train", "event": "BEGIN:setup", "host": "d6b2a058c4be", "pid": 108787, "rank": 1, "ts": "2026-10-04 14:56:41"}
[DBG] {"category": "TRAIN", "component": "train", "event": "watchdog_armed", "host": "d6b2a058c4be", "pid": 108787, "rank": 1, "stage": "setup", "timeout_sec": 30.0, "ts": "2026-10-04 14:56:41"}
[DBG] {"category": "FSDP", "component": "train", "event": "BEGIN:hybrid_topology_check", "host": "d6b2a058c4be", "local_world": 2, "node_rank": 0, "pid": 108787, "rank": 1, "ts": "2026-10-04 14:56:41", "world": 2}
[DBG] {"category": "FSDP", "component": "train", "event": "watchdog_armed", "host": "d6b2a058c4be", "pid": 108787, "rank": 1, "stage": "hybrid_topology_check", "timeout_sec": 30.0, "ts": "2026-10-04 14:56:41"}
[DBG] {"category": "FSDP", "component": "train", "current_cuda_device": 1, "event": "topology_local_check", "host": "d6b2a058c4be", "local_world": 2, "node_rank": 0, "note": "collective topology probe intentionally skipped; FSDP owns group setup", "pid": 108787, "rank": 1, "ts": "2026-10-04 14:56:41", "world": 2}
[DBG] {"category": "FSDP", "component": "train", "elapsed_sec": 0.000202, "event": "END:hybrid_topology_check", "host": "d6b2a058c4be", "pid": 108787, "rank": 1, "ts": "2026-10-04 14:56:41"}
[DBG] {"category": "TRAIN", "component": "train", "event": "watchdog_armed", "host": "d6b2a058c4be", "pid": 108787, "rank": 1, "stage": "setup", "timeout_sec": 30.0, "ts": "2026-10-04 14:56:41"}
[DBG] {"backend": "gloo", "category": "TRAIN", "component": "train", "event": "BEGIN:control_group_create", "host": "d6b2a058c4be", "pid": 108787, "rank": 1, "ts": "2026-10-04 14:56:41"}
[DBG] {"category": "TRAIN", "component": "train", "event": "watchdog_armed", "host": "d6b2a058c4be", "pid": 108787, "rank": 1, "stage": "control_group_create", "timeout_sec": 30.0, "ts": "2026-10-04 14:56:41"}
[DBG] {"category": "TRAIN", "component": "train", "elapsed_sec": 0.001598, "event": "END:control_group_create", "host": "d6b2a058c4be", "pid": 108787, "rank": 1, "ts": "2026-10-04 14:56:41"}
[DBG] {"category": "TRAIN", "component": "train", "event": "watchdog_armed", "host": "d6b2a058c4be", "pid": 108787, "rank": 1, "stage": "setup", "timeout_sec": 30.0, "ts": "2026-10-04 14:56:41"}
[DBG] {"category": "TRAIN", "component": "train", "event": "BEGIN:tokenizer_load", "host": "d6b2a058c4be", "model": "Qwen/Qwen2.5-0.5B-Instruct", "pid": 108787, "rank": 1, "ts": "2026-10-04 14:56:41"}
[DBG] {"category": "TRAIN", "component": "train", "event": "watchdog_armed", "host": "d6b2a058c4be", "pid": 108787, "rank": 1, "stage": "tokenizer_load", "timeout_sec": 30.0, "ts": "2026-10-04 14:56:41"}
[DBG] {"category": "TRAIN", "component": "train", "elapsed_sec": 1.138932, "event": "END:tokenizer_load", "host": "d6b2a058c4be", "pid": 108787, "rank": 1, "ts": "2026-10-04 14:56:43"}
[DBG] {"category": "TRAIN", "component": "train", "event": "watchdog_armed", "host": "d6b2a058c4be", "pid": 108787, "rank": 1, "stage": "setup", "timeout_sec": 30.0, "ts": "2026-10-04 14:56:43"}
[DBG] {"category": "TRAIN", "component": "train", "dtype": "torch.bfloat16", "event": "BEGIN:model_load_cpu", "host": "d6b2a058c4be", "model": "Qwen/Qwen2.5-0.5B-Instruct", "pid": 108787, "rank": 1, "ts": "2026-10-04 14:56:43"}
[DBG] {"category": "TRAIN", "component": "train", "event": "watchdog_armed", "host": "d6b2a058c4be", "pid": 108787, "rank": 1, "stage": "model_load_cpu", "timeout_sec": 30.0, "ts": "2026-10-04 14:56:43"}
[DBG] {"category": "TRAIN", "component": "train", "elapsed_sec": 0.490112, "event": "END:model_load_cpu", "host": "d6b2a058c4be", "pid": 108787, "rank": 1, "ts": "2026-10-04 14:56:43"}
[DBG] {"category": "TRAIN", "component": "train", "event": "watchdog_armed", "host": "d6b2a058c4be", "pid": 108787, "rank": 1, "stage": "setup", "timeout_sec": 30.0, "ts": "2026-10-04 14:56:43"}
[DBG] {"category": "TRAIN", "component": "train", "event": "BEGIN:gradient_checkpointing_enable", "host": "d6b2a058c4be", "pid": 108787, "rank": 1, "ts": "2026-10-04 14:56:43"}
[DBG] {"category": "TRAIN", "component": "train", "event": "watchdog_armed", "host": "d6b2a058c4be", "pid": 108787, "rank": 1, "stage": "gradient_checkpointing_enable", "timeout_sec": 30.0, "ts": "2026-10-04 14:56:43"}
[DBG] {"category": "TRAIN", "component": "train", "elapsed_sec": 0.001219, "event": "END:gradient_checkpointing_enable", "host": "d6b2a058c4be", "pid": 108787, "rank": 1, "ts": "2026-10-04 14:56:43"}
[DBG] {"category": "TRAIN", "component": "train", "event": "watchdog_armed", "host": "d6b2a058c4be", "pid": 108787, "rank": 1, "stage": "setup", "timeout_sec": 30.0, "ts": "2026-10-04 14:56:43"}
[DBG] {"category": "FSDP", "component": "train", "event": "BEGIN:find_transformer_layers", "host": "d6b2a058c4be", "pid": 108787, "rank": 1, "ts": "2026-10-04 14:56:43"}
[DBG] {"category": "FSDP", "component": "train", "event": "watchdog_armed", "host": "d6b2a058c4be", "pid": 108787, "rank": 1, "stage": "find_transformer_layers", "timeout_sec": 30.0, "ts": "2026-10-04 14:56:43"}
[DBG] {"category": "FSDP", "component": "train", "elapsed_sec": 0.000398, "event": "END:find_transformer_layers", "host": "d6b2a058c4be", "pid": 108787, "rank": 1, "ts": "2026-10-04 14:56:43"}
[DBG] {"category": "TRAIN", "component": "train", "event": "watchdog_armed", "host": "d6b2a058c4be", "pid": 108787, "rank": 1, "stage": "setup", "timeout_sec": 30.0, "ts": "2026-10-04 14:56:43"}
[DBG] {"category": "FSDP", "component": "train", "event": "sharding_strategy_resolved", "host": "d6b2a058c4be", "local_world": 2, "pid": 108787, "rank": 1, "reason": "single_node_world_equals_local_world", "requested": "hybrid_shard", "resolved": "full_shard", "ts": "2026-10-04 14:56:43", "world": 2}
[DBG] {"category": "FSDP", "component": "train", "device": "cuda:1", "event": "wrap_config", "host": "d6b2a058c4be", "pid": 108787, "rank": 1, "strategy": "ShardingStrategy.FULL_SHARD", "transformer_layers": ["Qwen2DecoderLayer"], "ts": "2026-10-04 14:56:43"}
[DBG] {"category": "FSDP", "component": "train", "device": "cuda:1", "event": "BEGIN:fsdp_wrap", "host": "d6b2a058c4be", "pid": 108787, "rank": 1, "strategy": "hybrid_shard", "ts": "2026-10-04 14:56:43"}
[DBG] {"category": "FSDP", "component": "train", "event": "watchdog_armed", "host": "d6b2a058c4be", "pid": 108787, "rank": 1, "stage": "fsdp_wrap", "timeout_sec": 30.0, "ts": "2026-10-04 14:56:43"}
[DBG] {"category": "FSDP", "component": "train", "elapsed_sec": 0.206553, "event": "END:fsdp_wrap", "host": "d6b2a058c4be", "pid": 108787, "rank": 1, "ts": "2026-10-04 14:56:43"}
[DBG] {"category": "TRAIN", "component": "train", "event": "watchdog_armed", "host": "d6b2a058c4be", "pid": 108787, "rank": 1, "stage": "setup", "timeout_sec": 30.0, "ts": "2026-10-04 14:56:43"}
[DBG] {"category": "FSDP", "component": "train", "event": "BEGIN:install_forward_debug_hooks", "host": "d6b2a058c4be", "pid": 108787, "rank": 1, "ts": "2026-10-04 14:56:43"}
[DBG] {"category": "FSDP", "component": "train", "event": "watchdog_armed", "host": "d6b2a058c4be", "pid": 108787, "rank": 1, "stage": "install_forward_debug_hooks", "timeout_sec": 30.0, "ts": "2026-10-04 14:56:43"}
[DBG] {"category": "FSDP", "component": "train", "event": "forward_debug_hooks_ready", "host": "d6b2a058c4be", "pid": 108787, "rank": 1, "traced_modules": 49, "transformer_classes": ["Qwen2DecoderLayer"], "ts": "2026-10-04 14:56:43"}
[DBG] {"category": "FSDP", "component": "train", "elapsed_sec": 0.000977, "event": "END:install_forward_debug_hooks", "host": "d6b2a058c4be", "pid": 108787, "rank": 1, "ts": "2026-10-04 14:56:43"}
[DBG] {"category": "TRAIN", "component": "train", "event": "watchdog_armed", "host": "d6b2a058c4be", "pid": 108787, "rank": 1, "stage": "setup", "timeout_sec": 30.0, "ts": "2026-10-04 14:56:43"}
[DBG] {"category": "TRAIN", "component": "train", "event": "BEGIN:bf16_parameter_check", "host": "d6b2a058c4be", "pid": 108787, "rank": 1, "ts": "2026-10-04 14:56:43"}
[DBG] {"category": "TRAIN", "component": "train", "event": "watchdog_armed", "host": "d6b2a058c4be", "pid": 108787, "rank": 1, "stage": "bf16_parameter_check", "timeout_sec": 30.0, "ts": "2026-10-04 14:56:43"}
[DBG] {"category": "TRAIN", "component": "train", "elapsed_sec": 0.000956, "event": "END:bf16_parameter_check", "host": "d6b2a058c4be", "pid": 108787, "rank": 1, "ts": "2026-10-04 14:56:43"}
[DBG] {"category": "TRAIN", "component": "train", "event": "watchdog_armed", "host": "d6b2a058c4be", "pid": 108787, "rank": 1, "stage": "setup", "timeout_sec": 30.0, "ts": "2026-10-04 14:56:43"}
[DBG] {"category": "TRAIN", "component": "train", "event": "BEGIN:optimizer_create", "host": "d6b2a058c4be", "pid": 108787, "rank": 1, "ts": "2026-10-04 14:56:43"}
[DBG] {"category": "TRAIN", "component": "train", "event": "watchdog_armed", "host": "d6b2a058c4be", "pid": 108787, "rank": 1, "stage": "optimizer_create", "timeout_sec": 30.0, "ts": "2026-10-04 14:56:43"}
[DBG] {"category": "TRAIN", "component": "train", "elapsed_sec": 0.000952, "event": "END:optimizer_create", "host": "d6b2a058c4be", "pid": 108787, "rank": 1, "ts": "2026-10-04 14:56:43"}
[DBG] {"category": "TRAIN", "component": "train", "event": "watchdog_armed", "host": "d6b2a058c4be", "pid": 108787, "rank": 1, "stage": "setup", "timeout_sec": 30.0, "ts": "2026-10-04 14:56:43"}
[DBG] {"category": "TRAIN", "component": "train", "event": "setup_done", "host": "d6b2a058c4be", "model_type": "FullyShardedDataParallel", "pid": 108787, "rank": 1, "ts": "2026-10-04 14:56:43"}
[DBG] {"category": "TRAIN", "component": "train", "elapsed_sec": 1.844422, "event": "END:setup", "host": "d6b2a058c4be", "pid": 108787, "rank": 1, "ts": "2026-10-04 14:56:43"}
[DBG] {"category": "TRAIN", "component": "train", "event": "train_loop_ready", "host": "d6b2a058c4be", "pid": 108787, "rank": 1, "ts": "2026-10-04 14:56:43"}
[DBG] {"category": "TRAIN", "component": "train", "event": "BEGIN:broadcast_stop_flag", "host": "d6b2a058c4be", "pid": 108787, "rank": 1, "transport": "gloo_cpu", "ts": "2026-10-04 14:56:43", "value": null}
[DBG] {"category": "TRAIN", "component": "train", "event": "watchdog_armed", "host": "d6b2a058c4be", "pid": 108787, "rank": 1, "stage": "broadcast_stop_flag", "timeout_sec": 30.0, "ts": "2026-10-04 14:56:43"}
[DBG] {"category": "TRAIN", "component": "train", "elapsed_sec": 0.047855, "event": "END:broadcast_stop_flag", "host": "d6b2a058c4be", "pid": 108787, "rank": 1, "ts": "2026-10-04 14:56:43"}
[DBG] {"category": "TRAIN", "component": "train", "event": "BEGIN:broadcast_preference_payload", "has_payload": null, "host": "d6b2a058c4be", "pid": 108787, "rank": 1, "transport": "json_uint8_gloo", "ts": "2026-10-04 14:56:43"}
[DBG] {"category": "TRAIN", "component": "train", "event": "watchdog_armed", "host": "d6b2a058c4be", "pid": 108787, "rank": 1, "stage": "broadcast_preference_payload", "timeout_sec": 30.0, "ts": "2026-10-04 14:56:43"}
[DBG] {"bytes": null, "category": "TRAIN", "component": "train", "event": "BEGIN:broadcast_preference_length", "host": "d6b2a058c4be", "pid": 108787, "rank": 1, "transport": "gloo_cpu", "ts": "2026-10-04 14:56:43"}
[DBG] {"category": "TRAIN", "component": "train", "event": "watchdog_armed", "host": "d6b2a058c4be", "pid": 108787, "rank": 1, "stage": "broadcast_preference_length", "timeout_sec": 30.0, "ts": "2026-10-04 14:56:43"}
[DBG] {"category": "TRAIN", "component": "train", "elapsed_sec": 0.006022, "event": "END:broadcast_preference_length", "host": "d6b2a058c4be", "pid": 108787, "rank": 1, "ts": "2026-10-04 14:56:43"}
[DBG] {"category": "TRAIN", "component": "train", "event": "watchdog_armed", "host": "d6b2a058c4be", "pid": 108787, "rank": 1, "stage": "broadcast_preference_payload", "timeout_sec": 30.0, "ts": "2026-10-04 14:56:43"}
[DBG] {"category": "TRAIN", "component": "train", "elapsed_sec": 0.006423, "event": "END:broadcast_preference_payload", "host": "d6b2a058c4be", "pid": 108787, "rank": 1, "ts": "2026-10-04 14:56:43"}
[DBG] {"category": "TRAIN", "component": "train", "event": "BEGIN:broadcast_stop_flag", "host": "d6b2a058c4be", "pid": 108787, "rank": 1, "transport": "gloo_cpu", "ts": "2026-10-04 14:56:44", "value": null}
[DBG] {"category": "TRAIN", "component": "train", "event": "watchdog_armed", "host": "d6b2a058c4be", "pid": 108787, "rank": 1, "stage": "broadcast_stop_flag", "timeout_sec": 30.0, "ts": "2026-10-04 14:56:44"}
[DBG] {"category": "TRAIN", "component": "train", "elapsed_sec": 0.002706, "event": "END:broadcast_stop_flag", "host": "d6b2a058c4be", "pid": 108787, "rank": 1, "ts": "2026-10-04 14:56:44"}
[DBG] {"category": "TRAIN", "component": "train", "event": "BEGIN:broadcast_preference_payload", "has_payload": null, "host": "d6b2a058c4be", "pid": 108787, "rank": 1, "transport": "json_uint8_gloo", "ts": "2026-10-04 14:56:44"}
[DBG] {"category": "TRAIN", "component": "train", "event": "watchdog_armed", "host": "d6b2a058c4be", "pid": 108787, "rank": 1, "stage": "broadcast_preference_payload", "timeout_sec": 30.0, "ts": "2026-10-04 14:56:44"}
[DBG] {"bytes": null, "category": "TRAIN", "component": "train", "event": "BEGIN:broadcast_preference_length", "host": "d6b2a058c4be", "pid": 108787, "rank": 1, "transport": "gloo_cpu", "ts": "2026-10-04 14:56:44"}
[DBG] {"category": "TRAIN", "component": "train", "event": "watchdog_armed", "host": "d6b2a058c4be", "pid": 108787, "rank": 1, "stage": "broadcast_preference_length", "timeout_sec": 30.0, "ts": "2026-10-04 14:56:44"}
[DBG] {"category": "TRAIN", "component": "train", "elapsed_sec": 0.004379, "event": "END:broadcast_preference_length", "host": "d6b2a058c4be", "pid": 108787, "rank": 1, "ts": "2026-10-04 14:56:44"}
[DBG] {"category": "TRAIN", "component": "train", "event": "watchdog_armed", "host": "d6b2a058c4be", "pid": 108787, "rank": 1, "stage": "broadcast_preference_payload", "timeout_sec": 30.0, "ts": "2026-10-04 14:56:44"}
[DBG] {"category": "TRAIN", "component": "train", "elapsed_sec": 0.004747, "event": "END:broadcast_preference_payload", "host": "d6b2a058c4be", "pid": 108787, "rank": 1, "ts": "2026-10-04 14:56:44"}
[DBG] {"category": "TRAIN", "component": "train", "event": "BEGIN:broadcast_stop_flag", "host": "d6b2a058c4be", "pid": 108787, "rank": 1, "transport": "gloo_cpu", "ts": "2026-10-04 14:56:44", "value": null}
[DBG] {"category": "TRAIN", "component": "train", "event": "watchdog_armed", "host": "d6b2a058c4be", "pid": 108787, "rank": 1, "stage": "broadcast_stop_flag", "timeout_sec": 30.0, "ts": "2026-10-04 14:56:44"}
[DBG] {"category": "TRAIN", "component": "train", "elapsed_sec": 0.002378, "event": "END:broadcast_stop_flag", "host": "d6b2a058c4be", "pid": 108787, "rank": 1, "ts": "2026-10-04 14:56:44"}
[DBG] {"category": "TRAIN", "component": "train", "event": "BEGIN:broadcast_preference_payload", "has_payload": null, "host": "d6b2a058c4be", "pid": 108787, "rank": 1, "transport": "json_uint8_gloo", "ts": "2026-10-04 14:56:44"}
[DBG] {"category": "TRAIN", "component": "train", "event": "watchdog_armed", "host": "d6b2a058c4be", "pid": 108787, "rank": 1, "stage": "broadcast_preference_payload", "timeout_sec": 30.0, "ts": "2026-10-04 14:56:44"}
[DBG] {"bytes": null, "category": "TRAIN", "component": "train", "event": "BEGIN:broadcast_preference_length", "host": "d6b2a058c4be", "pid": 108787, "rank": 1, "transport": "gloo_cpu", "ts": "2026-10-04 14:56:44"}
[DBG] {"category": "TRAIN", "component": "train", "event": "watchdog_armed", "host": "d6b2a058c4be", "pid": 108787, "rank": 1, "stage": "broadcast_preference_length", "timeout_sec": 30.0, "ts": "2026-10-04 14:56:44"}
[DBG] {"category": "TRAIN", "component": "train", "elapsed_sec": 0.004783, "event": "END:broadcast_preference_length", "host": "d6b2a058c4be", "pid": 108787, "rank": 1, "ts": "2026-10-04 14:56:44"}
[DBG] {"category": "TRAIN", "component": "train", "event": "watchdog_armed", "host": "d6b2a058c4be", "pid": 108787, "rank": 1, "stage": "broadcast_preference_payload", "timeout_sec": 30.0, "ts": "2026-10-04 14:56:44"}
[DBG] {"category": "TRAIN", "component": "train", "elapsed_sec": 0.005142, "event": "END:broadcast_preference_payload", "host": "d6b2a058c4be", "pid": 108787, "rank": 1, "ts": "2026-10-04 14:56:44"}
[DBG] {"category": "TRAIN", "component": "train", "event": "BEGIN:broadcast_stop_flag", "host": "d6b2a058c4be", "pid": 108787, "rank": 1, "transport": "gloo_cpu", "ts": "2026-10-04 14:56:45", "value": null}
[DBG] {"category": "TRAIN", "component": "train", "event": "watchdog_armed", "host": "d6b2a058c4be", "pid": 108787, "rank": 1, "stage": "broadcast_stop_flag", "timeout_sec": 30.0, "ts": "2026-10-04 14:56:45"}
[DBG] {"category": "TRAIN", "component": "train", "elapsed_sec": 0.00242, "event": "END:broadcast_stop_flag", "host": "d6b2a058c4be", "pid": 108787, "rank": 1, "ts": "2026-10-04 14:56:45"}
[DBG] {"category": "TRAIN", "component": "train", "event": "BEGIN:broadcast_preference_payload", "has_payload": null, "host": "d6b2a058c4be", "pid": 108787, "rank": 1, "transport": "json_uint8_gloo", "ts": "2026-10-04 14:56:45"}
[DBG] {"category": "TRAIN", "component": "train", "event": "watchdog_armed", "host": "d6b2a058c4be", "pid": 108787, "rank": 1, "stage": "broadcast_preference_payload", "timeout_sec": 30.0, "ts": "2026-10-04 14:56:45"}
[DBG] {"bytes": null, "category": "TRAIN", "component": "train", "event": "BEGIN:broadcast_preference_length", "host": "d6b2a058c4be", "pid": 108787, "rank": 1, "transport": "gloo_cpu", "ts": "2026-10-04 14:56:45"}
[DBG] {"category": "TRAIN", "component": "train", "event": "watchdog_armed", "host": "d6b2a058c4be", "pid": 108787, "rank": 1, "stage": "broadcast_preference_length", "timeout_sec": 30.0, "ts": "2026-10-04 14:56:45"}
[DBG] {"category": "TRAIN", "component": "train", "elapsed_sec": 0.004534, "event": "END:broadcast_preference_length", "host": "d6b2a058c4be", "pid": 108787, "rank": 1, "ts": "2026-10-04 14:56:45"}
[DBG] {"category": "TRAIN", "component": "train", "event": "watchdog_armed", "host": "d6b2a058c4be", "pid": 108787, "rank": 1, "stage": "broadcast_preference_payload", "timeout_sec": 30.0, "ts": "2026-10-04 14:56:45"}
[DBG] {"category": "TRAIN", "component": "train", "elapsed_sec": 0.004869, "event": "END:broadcast_preference_payload", "host": "d6b2a058c4be", "pid": 108787, "rank": 1, "ts": "2026-10-04 14:56:45"}
[DBG] {"category": "TRAIN", "component": "train", "event": "BEGIN:broadcast_stop_flag", "host": "d6b2a058c4be", "pid": 108787, "rank": 1, "transport": "gloo_cpu", "ts": "2026-10-04 14:56:45", "value": null}
[DBG] {"category": "TRAIN", "component": "train", "event": "watchdog_armed", "host": "d6b2a058c4be", "pid": 108787, "rank": 1, "stage": "broadcast_stop_flag", "timeout_sec": 30.0, "ts": "2026-10-04 14:56:45"}
[DBG] {"category": "TRAIN", "component": "train", "elapsed_sec": 0.002299, "event": "END:broadcast_stop_flag", "host": "d6b2a058c4be", "pid": 108787, "rank": 1, "ts": "2026-10-04 14:56:45"}
[DBG] {"category": "TRAIN", "component": "train", "event": "BEGIN:broadcast_preference_payload", "has_payload": null, "host": "d6b2a058c4be", "pid": 108787, "rank": 1, "transport": "json_uint8_gloo", "ts": "2026-10-04 14:56:45"}
[DBG] {"category": "TRAIN", "component": "train", "event": "watchdog_armed", "host": "d6b2a058c4be", "pid": 108787, "rank": 1, "stage": "broadcast_preference_payload", "timeout_sec": 30.0, "ts": "2026-10-04 14:56:45"}
[DBG] {"bytes": null, "category": "TRAIN", "component": "train", "event": "BEGIN:broadcast_preference_length", "host": "d6b2a058c4be", "pid": 108787, "rank": 1, "transport": "gloo_cpu", "ts": "2026-10-04 14:56:45"}
[DBG] {"category": "TRAIN", "component": "train", "event": "watchdog_armed", "host": "d6b2a058c4be", "pid": 108787, "rank": 1, "stage": "broadcast_preference_length", "timeout_sec": 30.0, "ts": "2026-10-04 14:56:45"}
[DBG] {"category": "TRAIN", "component": "train", "elapsed_sec": 0.004396, "event": "END:broadcast_preference_length", "host": "d6b2a058c4be", "pid": 108787, "rank": 1, "ts": "2026-10-04 14:56:45"}
[DBG] {"category": "TRAIN", "component": "train", "event": "watchdog_armed", "host": "d6b2a058c4be", "pid": 108787, "rank": 1, "stage": "broadcast_preference_payload", "timeout_sec": 30.0, "ts": "2026-10-04 14:56:45"}
[DBG] {"category": "TRAIN", "component": "train", "elapsed_sec": 0.004789, "event": "END:broadcast_preference_payload", "host": "d6b2a058c4be", "pid": 108787, "rank": 1, "ts": "2026-10-04 14:56:45"}
[DBG] {"category": "TRAIN", "component": "train", "event": "BEGIN:broadcast_stop_flag", "host": "d6b2a058c4be", "pid": 108787, "rank": 1, "transport": "gloo_cpu", "ts": "2026-10-04 14:56:46", "value": null}
[DBG] {"category": "TRAIN", "component": "train", "event": "watchdog_armed", "host": "d6b2a058c4be", "pid": 108787, "rank": 1, "stage": "broadcast_stop_flag", "timeout_sec": 30.0, "ts": "2026-10-04 14:56:46"}
[DBG] {"category": "TRAIN", "component": "train", "elapsed_sec": 0.002519, "event": "END:broadcast_stop_flag", "host": "d6b2a058c4be", "pid": 108787, "rank": 1, "ts": "2026-10-04 14:56:46"}
[DBG] {"category": "TRAIN", "component": "train", "event": "BEGIN:broadcast_preference_payload", "has_payload": null, "host": "d6b2a058c4be", "pid": 108787, "rank": 1, "transport": "json_uint8_gloo", "ts": "2026-10-04 14:56:46"}
[DBG] {"category": "TRAIN", "component": "train", "event": "watchdog_armed", "host": "d6b2a058c4be", "pid": 108787, "rank": 1, "stage": "broadcast_preference_payload", "timeout_sec": 30.0, "ts": "2026-10-04 14:56:46"}
[DBG] {"bytes": null, "category": "TRAIN", "component": "train", "event": "BEGIN:broadcast_preference_length", "host": "d6b2a058c4be", "pid": 108787, "rank": 1, "transport": "gloo_cpu", "ts": "2026-10-04 14:56:46"}
[DBG] {"category": "TRAIN", "component": "train", "event": "watchdog_armed", "host": "d6b2a058c4be", "pid": 108787, "rank": 1, "stage": "broadcast_preference_length", "timeout_sec": 30.0, "ts": "2026-10-04 14:56:46"}
[DBG] {"category": "TRAIN", "component": "train", "elapsed_sec": 0.0048, "event": "END:broadcast_preference_length", "host": "d6b2a058c4be", "pid": 108787, "rank": 1, "ts": "2026-10-04 14:56:46"}
[DBG] {"category": "TRAIN", "component": "train", "event": "watchdog_armed", "host": "d6b2a058c4be", "pid": 108787, "rank": 1, "stage": "broadcast_preference_payload", "timeout_sec": 30.0, "ts": "2026-10-04 14:56:46"}
[DBG] {"category": "TRAIN", "component": "train", "elapsed_sec": 0.005142, "event": "END:broadcast_preference_payload", "host": "d6b2a058c4be", "pid": 108787, "rank": 1, "ts": "2026-10-04 14:56:46"}
[DBG] {"category": "TRAIN", "component": "train", "event": "BEGIN:broadcast_stop_flag", "host": "d6b2a058c4be", "pid": 108787, "rank": 1, "transport": "gloo_cpu", "ts": "2026-10-04 14:56:46", "value": null}
[DBG] {"category": "TRAIN", "component": "train", "event": "watchdog_armed", "host": "d6b2a058c4be", "pid": 108787, "rank": 1, "stage": "broadcast_stop_flag", "timeout_sec": 30.0, "ts": "2026-10-04 14:56:46"}
[DBG] {"category": "TRAIN", "component": "train", "elapsed_sec": 0.003924, "event": "END:broadcast_stop_flag", "host": "d6b2a058c4be", "pid": 108787, "rank": 1, "ts": "2026-10-04 14:56:46"}
[DBG] {"category": "TRAIN", "component": "train", "event": "BEGIN:broadcast_preference_payload", "has_payload": null, "host": "d6b2a058c4be", "pid": 108787, "rank": 1, "transport": "json_uint8_gloo", "ts": "2026-10-04 14:56:46"}
[DBG] {"category": "TRAIN", "component": "train", "event": "watchdog_armed", "host": "d6b2a058c4be", "pid": 108787, "rank": 1, "stage": "broadcast_preference_payload", "timeout_sec": 30.0, "ts": "2026-10-04 14:56:46"}
[DBG] {"bytes": null, "category": "TRAIN", "component": "train", "event": "BEGIN:broadcast_preference_length", "host": "d6b2a058c4be", "pid": 108787, "rank": 1, "transport": "gloo_cpu", "ts": "2026-10-04 14:56:46"}
[DBG] {"category": "TRAIN", "component": "train", "event": "watchdog_armed", "host": "d6b2a058c4be", "pid": 108787, "rank": 1, "stage": "broadcast_preference_length", "timeout_sec": 30.0, "ts": "2026-10-04 14:56:46"}
[DBG] {"category": "TRAIN", "component": "train", "elapsed_sec": 0.004742, "event": "END:broadcast_preference_length", "host": "d6b2a058c4be", "pid": 108787, "rank": 1, "ts": "2026-10-04 14:56:46"}
[DBG] {"category": "TRAIN", "component": "train", "event": "watchdog_armed", "host": "d6b2a058c4be", "pid": 108787, "rank": 1, "stage": "broadcast_preference_payload", "timeout_sec": 30.0, "ts": "2026-10-04 14:56:46"}
[DBG] {"category": "TRAIN", "component": "train", "elapsed_sec": 0.005179, "event": "END:broadcast_preference_payload", "host": "d6b2a058c4be", "pid": 108787, "rank": 1, "ts": "2026-10-04 14:56:46"}
[DBG] {"category": "TRAIN", "component": "train", "event": "BEGIN:broadcast_stop_flag", "host": "d6b2a058c4be", "pid": 108787, "rank": 1, "transport": "gloo_cpu", "ts": "2026-10-04 14:56:47", "value": null}
[DBG] {"category": "TRAIN", "component": "train", "event": "watchdog_armed", "host": "d6b2a058c4be", "pid": 108787, "rank": 1, "stage": "broadcast_stop_flag", "timeout_sec": 30.0, "ts": "2026-10-04 14:56:47"}
[DBG] {"category": "TRAIN", "component": "train", "elapsed_sec": 0.003109, "event": "END:broadcast_stop_flag", "host": "d6b2a058c4be", "pid": 108787, "rank": 1, "ts": "2026-10-04 14:56:47"}
[DBG] {"category": "TRAIN", "component": "train", "event": "BEGIN:broadcast_preference_payload", "has_payload": null, "host": "d6b2a058c4be", "pid": 108787, "rank": 1, "transport": "json_uint8_gloo", "ts": "2026-10-04 14:56:47"}
[DBG] {"category": "TRAIN", "component": "train", "event": "watchdog_armed", "host": "d6b2a058c4be", "pid": 108787, "rank": 1, "stage": "broadcast_preference_payload", "timeout_sec": 30.0, "ts": "2026-10-04 14:56:47"}
[DBG] {"bytes": null, "category": "TRAIN", "component": "train", "event": "BEGIN:broadcast_preference_length", "host": "d6b2a058c4be", "pid": 108787, "rank": 1, "transport": "gloo_cpu", "ts": "2026-10-04 14:56:47"}
[DBG] {"category": "TRAIN", "component": "train", "event": "watchdog_armed", "host": "d6b2a058c4be", "pid": 108787, "rank": 1, "stage": "broadcast_preference_length", "timeout_sec": 30.0, "ts": "2026-10-04 14:56:47"}
[DBG] {"category": "TRAIN", "component": "train", "elapsed_sec": 0.004812, "event": "END:broadcast_preference_length", "host": "d6b2a058c4be", "pid": 108787, "rank": 1, "ts": "2026-10-04 14:56:47"}
[DBG] {"category": "TRAIN", "component": "train", "event": "watchdog_armed", "host": "d6b2a058c4be", "pid": 108787, "rank": 1, "stage": "broadcast_preference_payload", "timeout_sec": 30.0, "ts": "2026-10-04 14:56:47"}
[DBG] {"category": "TRAIN", "component": "train", "elapsed_sec": 0.005155, "event": "END:broadcast_preference_payload", "host": "d6b2a058c4be", "pid": 108787, "rank": 1, "ts": "2026-10-04 14:56:47"}
[DBG] {"category": "TRAIN", "component": "train", "event": "BEGIN:broadcast_stop_flag", "host": "d6b2a058c4be", "pid": 108787, "rank": 1, "transport": "gloo_cpu", "ts": "2026-10-04 14:56:47", "value": null}
[DBG] {"category": "TRAIN", "component": "train", "event": "watchdog_armed", "host": "d6b2a058c4be", "pid": 108787, "rank": 1, "stage": "broadcast_stop_flag", "timeout_sec": 30.0, "ts": "2026-10-04 14:56:47"}
[DBG] {"category": "TRAIN", "component": "train", "elapsed_sec": 0.002216, "event": "END:broadcast_stop_flag", "host": "d6b2a058c4be", "pid": 108787, "rank": 1, "ts": "2026-10-04 14:56:47"}
[DBG] {"category": "TRAIN", "component": "train", "event": "BEGIN:broadcast_preference_payload", "has_payload": null, "host": "d6b2a058c4be", "pid": 108787, "rank": 1, "transport": "json_uint8_gloo", "ts": "2026-10-04 14:56:47"}
[DBG] {"category": "TRAIN", "component": "train", "event": "watchdog_armed", "host": "d6b2a058c4be", "pid": 108787, "rank": 1, "stage": "broadcast_preference_payload", "timeout_sec": 30.0, "ts": "2026-10-04 14:56:47"}
[DBG] {"bytes": null, "category": "TRAIN", "component": "train", "event": "BEGIN:broadcast_preference_length", "host": "d6b2a058c4be", "pid": 108787, "rank": 1, "transport": "gloo_cpu", "ts": "2026-10-04 14:56:47"}
[DBG] {"category": "TRAIN", "component": "train", "event": "watchdog_armed", "host": "d6b2a058c4be", "pid": 108787, "rank": 1, "stage": "broadcast_preference_length", "timeout_sec": 30.0, "ts": "2026-10-04 14:56:47"}
[DBG] {"category": "TRAIN", "component": "train", "elapsed_sec": 0.004432, "event": "END:broadcast_preference_length", "host": "d6b2a058c4be", "pid": 108787, "rank": 1, "ts": "2026-10-04 14:56:47"}
[DBG] {"category": "TRAIN", "component": "train", "event": "watchdog_armed", "host": "d6b2a058c4be", "pid": 108787, "rank": 1, "stage": "broadcast_preference_payload", "timeout_sec": 30.0, "ts": "2026-10-04 14:56:47"}
[DBG] {"category": "TRAIN", "component": "train", "elapsed_sec": 0.004773, "event": "END:broadcast_preference_payload", "host": "d6b2a058c4be", "pid": 108787, "rank": 1, "ts": "2026-10-04 14:56:47"}
[DBG] {"category": "TRAIN", "component": "train", "event": "BEGIN:broadcast_stop_flag", "host": "d6b2a058c4be", "pid": 108787, "rank": 1, "transport": "gloo_cpu", "ts": "2026-10-04 14:56:48", "value": null}
[DBG] {"category": "TRAIN", "component": "train", "event": "watchdog_armed", "host": "d6b2a058c4be", "pid": 108787, "rank": 1, "stage": "broadcast_stop_flag", "timeout_sec": 30.0, "ts": "2026-10-04 14:56:48"}
[DBG] {"category": "TRAIN", "component": "train", "elapsed_sec": 0.013695, "event": "END:broadcast_stop_flag", "host": "d6b2a058c4be", "pid": 108787, "rank": 1, "ts": "2026-10-04 14:56:48"}
[DBG] {"category": "TRAIN", "component": "train", "event": "BEGIN:broadcast_preference_payload", "has_payload": null, "host": "d6b2a058c4be", "pid": 108787, "rank": 1, "transport": "json_uint8_gloo", "ts": "2026-10-04 14:56:48"}
[DBG] {"category": "TRAIN", "component": "train", "event": "watchdog_armed", "host": "d6b2a058c4be", "pid": 108787, "rank": 1, "stage": "broadcast_preference_payload", "timeout_sec": 30.0, "ts": "2026-10-04 14:56:48"}
[DBG] {"bytes": null, "category": "TRAIN", "component": "train", "event": "BEGIN:broadcast_preference_length", "host": "d6b2a058c4be", "pid": 108787, "rank": 1, "transport": "gloo_cpu", "ts": "2026-10-04 14:56:48"}
[DBG] {"category": "TRAIN", "component": "train", "event": "watchdog_armed", "host": "d6b2a058c4be", "pid": 108787, "rank": 1, "stage": "broadcast_preference_length", "timeout_sec": 30.0, "ts": "2026-10-04 14:56:48"}
[DBG] {"category": "TRAIN", "component": "train", "elapsed_sec": 0.006556, "event": "END:broadcast_preference_length", "host": "d6b2a058c4be", "pid": 108787, "rank": 1, "ts": "2026-10-04 14:56:48"}
[DBG] {"category": "TRAIN", "component": "train", "event": "watchdog_armed", "host": "d6b2a058c4be", "pid": 108787, "rank": 1, "stage": "broadcast_preference_payload", "timeout_sec": 30.0, "ts": "2026-10-04 14:56:48"}
[DBG] {"category": "TRAIN", "component": "train", "elapsed_sec": 0.00705, "event": "END:broadcast_preference_payload", "host": "d6b2a058c4be", "pid": 108787, "rank": 1, "ts": "2026-10-04 14:56:48"}
[DBG] {"category": "TRAIN", "component": "train", "event": "BEGIN:broadcast_stop_flag", "host": "d6b2a058c4be", "pid": 108787, "rank": 1, "transport": "gloo_cpu", "ts": "2026-10-04 14:56:48", "value": null}
[DBG] {"category": "TRAIN", "component": "train", "event": "watchdog_armed", "host": "d6b2a058c4be", "pid": 108787, "rank": 1, "stage": "broadcast_stop_flag", "timeout_sec": 30.0, "ts": "2026-10-04 14:56:48"}
[DBG] {"category": "TRAIN", "component": "train", "elapsed_sec": 0.002669, "event": "END:broadcast_stop_flag", "host": "d6b2a058c4be", "pid": 108787, "rank": 1, "ts": "2026-10-04 14:56:48"}
[DBG] {"category": "TRAIN", "component": "train", "event": "BEGIN:broadcast_preference_payload", "has_payload": null, "host": "d6b2a058c4be", "pid": 108787, "rank": 1, "transport": "json_uint8_gloo", "ts": "2026-10-04 14:56:48"}
[DBG] {"category": "TRAIN", "component": "train", "event": "watchdog_armed", "host": "d6b2a058c4be", "pid": 108787, "rank": 1, "stage": "broadcast_preference_payload", "timeout_sec": 30.0, "ts": "2026-10-04 14:56:48"}
[DBG] {"bytes": null, "category": "TRAIN", "component": "train", "event": "BEGIN:broadcast_preference_length", "host": "d6b2a058c4be", "pid": 108787, "rank": 1, "transport": "gloo_cpu", "ts": "2026-10-04 14:56:48"}
[DBG] {"category": "TRAIN", "component": "train", "event": "watchdog_armed", "host": "d6b2a058c4be", "pid": 108787, "rank": 1, "stage": "broadcast_preference_length", "timeout_sec": 30.0, "ts": "2026-10-04 14:56:48"}
[DBG] {"category": "TRAIN", "component": "train", "elapsed_sec": 0.004842, "event": "END:broadcast_preference_length", "host": "d6b2a058c4be", "pid": 108787, "rank": 1, "ts": "2026-10-04 14:56:48"}
[DBG] {"category": "TRAIN", "component": "train", "event": "watchdog_armed", "host": "d6b2a058c4be", "pid": 108787, "rank": 1, "stage": "broadcast_preference_payload", "timeout_sec": 30.0, "ts": "2026-10-04 14:56:48"}
[DBG] {"category": "TRAIN", "component": "train", "elapsed_sec": 0.00526, "event": "END:broadcast_preference_payload", "host": "d6b2a058c4be", "pid": 108787, "rank": 1, "ts": "2026-10-04 14:56:48"}
[DBG] {"category": "TRAIN", "component": "train", "event": "BEGIN:broadcast_stop_flag", "host": "d6b2a058c4be", "pid": 108787, "rank": 1, "transport": "gloo_cpu", "ts": "2026-10-04 14:56:49", "value": null}
[DBG] {"category": "TRAIN", "component": "train", "event": "watchdog_armed", "host": "d6b2a058c4be", "pid": 108787, "rank": 1, "stage": "broadcast_stop_flag", "timeout_sec": 30.0, "ts": "2026-10-04 14:56:49"}
[DBG] {"category": "TRAIN", "component": "train", "elapsed_sec": 0.002449, "event": "END:broadcast_stop_flag", "host": "d6b2a058c4be", "pid": 108787, "rank": 1, "ts": "2026-10-04 14:56:49"}
[DBG] {"category": "TRAIN", "component": "train", "event": "BEGIN:broadcast_preference_payload", "has_payload": null, "host": "d6b2a058c4be", "pid": 108787, "rank": 1, "transport": "json_uint8_gloo", "ts": "2026-10-04 14:56:49"}
[DBG] {"category": "TRAIN", "component": "train", "event": "watchdog_armed", "host": "d6b2a058c4be", "pid": 108787, "rank": 1, "stage": "broadcast_preference_payload", "timeout_sec": 30.0, "ts": "2026-10-04 14:56:49"}
[DBG] {"bytes": null, "category": "TRAIN", "component": "train", "event": "BEGIN:broadcast_preference_length", "host": "d6b2a058c4be", "pid": 108787, "rank": 1, "transport": "gloo_cpu", "ts": "2026-10-04 14:56:49"}
[DBG] {"category": "TRAIN", "component": "train", "event": "watchdog_armed", "host": "d6b2a058c4be", "pid": 108787, "rank": 1, "stage": "broadcast_preference_length", "timeout_sec": 30.0, "ts": "2026-10-04 14:56:49"}
[DBG] {"category": "TRAIN", "component": "train", "elapsed_sec": 0.004803, "event": "END:broadcast_preference_length", "host": "d6b2a058c4be", "pid": 108787, "rank": 1, "ts": "2026-10-04 14:56:49"}
[DBG] {"category": "TRAIN", "component": "train", "event": "watchdog_armed", "host": "d6b2a058c4be", "pid": 108787, "rank": 1, "stage": "broadcast_preference_payload", "timeout_sec": 30.0, "ts": "2026-10-04 14:56:49"}
[DBG] {"category": "TRAIN", "component": "train", "elapsed_sec": 0.005214, "event": "END:broadcast_preference_payload", "host": "d6b2a058c4be", "pid": 108787, "rank": 1, "ts": "2026-10-04 14:56:49"}
[DBG] {"category": "TRAIN", "component": "train", "event": "BEGIN:broadcast_stop_flag", "host": "d6b2a058c4be", "pid": 108787, "rank": 1, "transport": "gloo_cpu", "ts": "2026-10-04 14:56:49", "value": null}
[DBG] {"category": "TRAIN", "component": "train", "event": "watchdog_armed", "host": "d6b2a058c4be", "pid": 108787, "rank": 1, "stage": "broadcast_stop_flag", "timeout_sec": 30.0, "ts": "2026-10-04 14:56:49"}
[DBG] {"category": "TRAIN", "component": "train", "elapsed_sec": 0.002894, "event": "END:broadcast_stop_flag", "host": "d6b2a058c4be", "pid": 108787, "rank": 1, "ts": "2026-10-04 14:56:49"}
[DBG] {"category": "TRAIN", "component": "train", "event": "BEGIN:broadcast_preference_payload", "has_payload": null, "host": "d6b2a058c4be", "pid": 108787, "rank": 1, "transport": "json_uint8_gloo", "ts": "2026-10-04 14:56:49"}
[DBG] {"category": "TRAIN", "component": "train", "event": "watchdog_armed", "host": "d6b2a058c4be", "pid": 108787, "rank": 1, "stage": "broadcast_preference_payload", "timeout_sec": 30.0, "ts": "2026-10-04 14:56:49"}
[DBG] {"bytes": null, "category": "TRAIN", "component": "train", "event": "BEGIN:broadcast_preference_length", "host": "d6b2a058c4be", "pid": 108787, "rank": 1, "transport": "gloo_cpu", "ts": "2026-10-04 14:56:49"}
[DBG] {"category": "TRAIN", "component": "train", "event": "watchdog_armed", "host": "d6b2a058c4be", "pid": 108787, "rank": 1, "stage": "broadcast_preference_length", "timeout_sec": 30.0, "ts": "2026-10-04 14:56:49"}
[DBG] {"category": "TRAIN", "component": "train", "elapsed_sec": 0.00476, "event": "END:broadcast_preference_length", "host": "d6b2a058c4be", "pid": 108787, "rank": 1, "ts": "2026-10-04 14:56:49"}
[DBG] {"category": "TRAIN", "component": "train", "event": "watchdog_armed", "host": "d6b2a058c4be", "pid": 108787, "rank": 1, "stage": "broadcast_preference_payload", "timeout_sec": 30.0, "ts": "2026-10-04 14:56:49"}
[DBG] {"category": "TRAIN", "component": "train", "elapsed_sec": 0.005137, "event": "END:broadcast_preference_payload", "host": "d6b2a058c4be", "pid": 108787, "rank": 1, "ts": "2026-10-04 14:56:49"}
[DBG] {"category": "TRAIN", "component": "train", "event": "BEGIN:broadcast_stop_flag", "host": "d6b2a058c4be", "pid": 108787, "rank": 1, "transport": "gloo_cpu", "ts": "2026-10-04 14:56:50", "value": null}
[DBG] {"category": "TRAIN", "component": "train", "event": "watchdog_armed", "host": "d6b2a058c4be", "pid": 108787, "rank": 1, "stage": "broadcast_stop_flag", "timeout_sec": 30.0, "ts": "2026-10-04 14:56:50"}
[DBG] {"category": "TRAIN", "component": "train", "elapsed_sec": 0.002774, "event": "END:broadcast_stop_flag", "host": "d6b2a058c4be", "pid": 108787, "rank": 1, "ts": "2026-10-04 14:56:50"}
[DBG] {"category": "TRAIN", "component": "train", "event": "BEGIN:broadcast_preference_payload", "has_payload": null, "host": "d6b2a058c4be", "pid": 108787, "rank": 1, "transport": "json_uint8_gloo", "ts": "2026-10-04 14:56:50"}
[DBG] {"category": "TRAIN", "component": "train", "event": "watchdog_armed", "host": "d6b2a058c4be", "pid": 108787, "rank": 1, "stage": "broadcast_preference_payload", "timeout_sec": 30.0, "ts": "2026-10-04 14:56:50"}
[DBG] {"bytes": null, "category": "TRAIN", "component": "train", "event": "BEGIN:broadcast_preference_length", "host": "d6b2a058c4be", "pid": 108787, "rank": 1, "transport": "gloo_cpu", "ts": "2026-10-04 14:56:50"}
[DBG] {"category": "TRAIN", "component": "train", "event": "watchdog_armed", "host": "d6b2a058c4be", "pid": 108787, "rank": 1, "stage": "broadcast_preference_length", "timeout_sec": 30.0, "ts": "2026-10-04 14:56:50"}
[DBG] {"category": "TRAIN", "component": "train", "elapsed_sec": 0.005035, "event": "END:broadcast_preference_length", "host": "d6b2a058c4be", "pid": 108787, "rank": 1, "ts": "2026-10-04 14:56:50"}
[DBG] {"category": "TRAIN", "component": "train", "event": "watchdog_armed", "host": "d6b2a058c4be", "pid": 108787, "rank": 1, "stage": "broadcast_preference_payload", "timeout_sec": 30.0, "ts": "2026-10-04 14:56:50"}
[DBG] {"category": "TRAIN", "component": "train", "elapsed_sec": 0.005446, "event": "END:broadcast_preference_payload", "host": "d6b2a058c4be", "pid": 108787, "rank": 1, "ts": "2026-10-04 14:56:50"}
[DBG] {"category": "TRAIN", "component": "train", "event": "BEGIN:broadcast_stop_flag", "host": "d6b2a058c4be", "pid": 108787, "rank": 1, "transport": "gloo_cpu", "ts": "2026-10-04 14:56:50", "value": null}
[DBG] {"category": "TRAIN", "component": "train", "event": "watchdog_armed", "host": "d6b2a058c4be", "pid": 108787, "rank": 1, "stage": "broadcast_stop_flag", "timeout_sec": 30.0, "ts": "2026-10-04 14:56:50"}
[DBG] {"category": "TRAIN", "component": "train", "elapsed_sec": 0.002588, "event": "END:broadcast_stop_flag", "host": "d6b2a058c4be", "pid": 108787, "rank": 1, "ts": "2026-10-04 14:56:50"}
[DBG] {"category": "TRAIN", "component": "train", "event": "BEGIN:broadcast_preference_payload", "has_payload": null, "host": "d6b2a058c4be", "pid": 108787, "rank": 1, "transport": "json_uint8_gloo", "ts": "2026-10-04 14:56:50"}
[DBG] {"category": "TRAIN", "component": "train", "event": "watchdog_armed", "host": "d6b2a058c4be", "pid": 108787, "rank": 1, "stage": "broadcast_preference_payload", "timeout_sec": 30.0, "ts": "2026-10-04 14:56:50"}
[DBG] {"bytes": null, "category": "TRAIN", "component": "train", "event": "BEGIN:broadcast_preference_length", "host": "d6b2a058c4be", "pid": 108787, "rank": 1, "transport": "gloo_cpu", "ts": "2026-10-04 14:56:50"}
[DBG] {"category": "TRAIN", "component": "train", "event": "watchdog_armed", "host": "d6b2a058c4be", "pid": 108787, "rank": 1, "stage": "broadcast_preference_length", "timeout_sec": 30.0, "ts": "2026-10-04 14:56:50"}
[DBG] {"category": "TRAIN", "component": "train", "elapsed_sec": 0.004706, "event": "END:broadcast_preference_length", "host": "d6b2a058c4be", "pid": 108787, "rank": 1, "ts": "2026-10-04 14:56:50"}
[DBG] {"category": "TRAIN", "component": "train", "event": "watchdog_armed", "host": "d6b2a058c4be", "pid": 108787, "rank": 1, "stage": "broadcast_preference_payload", "timeout_sec": 30.0, "ts": "2026-10-04 14:56:50"}
[DBG] {"category": "TRAIN", "component": "train", "elapsed_sec": 0.005107, "event": "END:broadcast_preference_payload", "host": "d6b2a058c4be", "pid": 108787, "rank": 1, "ts": "2026-10-04 14:56:50"}
[DBG] {"category": "TRAIN", "component": "train", "event": "BEGIN:broadcast_stop_flag", "host": "d6b2a058c4be", "pid": 108787, "rank": 1, "transport": "gloo_cpu", "ts": "2026-10-04 14:56:51", "value": null}
[DBG] {"category": "TRAIN", "component": "train", "event": "watchdog_armed", "host": "d6b2a058c4be", "pid": 108787, "rank": 1, "stage": "broadcast_stop_flag", "timeout_sec": 30.0, "ts": "2026-10-04 14:56:51"}
[DBG] {"category": "TRAIN", "component": "train", "elapsed_sec": 0.002712, "event": "END:broadcast_stop_flag", "host": "d6b2a058c4be", "pid": 108787, "rank": 1, "ts": "2026-10-04 14:56:51"}
[DBG] {"category": "TRAIN", "component": "train", "event": "BEGIN:broadcast_preference_payload", "has_payload": null, "host": "d6b2a058c4be", "pid": 108787, "rank": 1, "transport": "json_uint8_gloo", "ts": "2026-10-04 14:56:51"}
[DBG] {"category": "TRAIN", "component": "train", "event": "watchdog_armed", "host": "d6b2a058c4be", "pid": 108787, "rank": 1, "stage": "broadcast_preference_payload", "timeout_sec": 30.0, "ts": "2026-10-04 14:56:51"}
[DBG] {"bytes": null, "category": "TRAIN", "component": "train", "event": "BEGIN:broadcast_preference_length", "host": "d6b2a058c4be", "pid": 108787, "rank": 1, "transport": "gloo_cpu", "ts": "2026-10-04 14:56:51"}
[DBG] {"category": "TRAIN", "component": "train", "event": "watchdog_armed", "host": "d6b2a058c4be", "pid": 108787, "rank": 1, "stage": "broadcast_preference_length", "timeout_sec": 30.0, "ts": "2026-10-04 14:56:51"}
[DBG] {"category": "TRAIN", "component": "train", "elapsed_sec": 0.004746, "event": "END:broadcast_preference_length", "host": "d6b2a058c4be", "pid": 108787, "rank": 1, "ts": "2026-10-04 14:56:51"}
[DBG] {"category": "TRAIN", "component": "train", "event": "watchdog_armed", "host": "d6b2a058c4be", "pid": 108787, "rank": 1, "stage": "broadcast_preference_payload", "timeout_sec": 30.0, "ts": "2026-10-04 14:56:51"}
[DBG] {"category": "TRAIN", "component": "train", "elapsed_sec": 0.005145, "event": "END:broadcast_preference_payload", "host": "d6b2a058c4be", "pid": 108787, "rank": 1, "ts": "2026-10-04 14:56:51"}
[DBG] {"category": "TRAIN", "component": "train", "event": "BEGIN:broadcast_stop_flag", "host": "d6b2a058c4be", "pid": 108787, "rank": 1, "transport": "gloo_cpu", "ts": "2026-10-04 14:56:51", "value": null}
[DBG] {"category": "TRAIN", "component": "train", "event": "watchdog_armed", "host": "d6b2a058c4be", "pid": 108787, "rank": 1, "stage": "broadcast_stop_flag", "timeout_sec": 30.0, "ts": "2026-10-04 14:56:51"}
[DBG] {"category": "TRAIN", "component": "train", "elapsed_sec": 0.002521, "event": "END:broadcast_stop_flag", "host": "d6b2a058c4be", "pid": 108787, "rank": 1, "ts": "2026-10-04 14:56:51"}
[DBG] {"category": "TRAIN", "component": "train", "event": "BEGIN:broadcast_preference_payload", "has_payload": null, "host": "d6b2a058c4be", "pid": 108787, "rank": 1, "transport": "json_uint8_gloo", "ts": "2026-10-04 14:56:51"}
[DBG] {"category": "TRAIN", "component": "train", "event": "watchdog_armed", "host": "d6b2a058c4be", "pid": 108787, "rank": 1, "stage": "broadcast_preference_payload", "timeout_sec": 30.0, "ts": "2026-10-04 14:56:51"}
[DBG] {"bytes": null, "category": "TRAIN", "component": "train", "event": "BEGIN:broadcast_preference_length", "host": "d6b2a058c4be", "pid": 108787, "rank": 1, "transport": "gloo_cpu", "ts": "2026-10-04 14:56:51"}
[DBG] {"category": "TRAIN", "component": "train", "event": "watchdog_armed", "host": "d6b2a058c4be", "pid": 108787, "rank": 1, "stage": "broadcast_preference_length", "timeout_sec": 30.0, "ts": "2026-10-04 14:56:51"}
[DBG] {"category": "TRAIN", "component": "train", "elapsed_sec": 0.004492, "event": "END:broadcast_preference_length", "host": "d6b2a058c4be", "pid": 108787, "rank": 1, "ts": "2026-10-04 14:56:51"}
[DBG] {"category": "TRAIN", "component": "train", "event": "watchdog_armed", "host": "d6b2a058c4be", "pid": 108787, "rank": 1, "stage": "broadcast_preference_payload", "timeout_sec": 30.0, "ts": "2026-10-04 14:56:51"}
[DBG] {"category": "TRAIN", "component": "train", "elapsed_sec": 0.004935, "event": "END:broadcast_preference_payload", "host": "d6b2a058c4be", "pid": 108787, "rank": 1, "ts": "2026-10-04 14:56:51"}
[DBG] {"category": "TRAIN", "component": "train", "event": "BEGIN:broadcast_stop_flag", "host": "d6b2a058c4be", "pid": 108787, "rank": 1, "transport": "gloo_cpu", "ts": "2026-10-04 14:56:52", "value": null}
[DBG] {"category": "TRAIN", "component": "train", "event": "watchdog_armed", "host": "d6b2a058c4be", "pid": 108787, "rank": 1, "stage": "broadcast_stop_flag", "timeout_sec": 30.0, "ts": "2026-10-04 14:56:52"}
[DBG] {"category": "TRAIN", "component": "train", "elapsed_sec": 0.002499, "event": "END:broadcast_stop_flag", "host": "d6b2a058c4be", "pid": 108787, "rank": 1, "ts": "2026-10-04 14:56:52"}
[DBG] {"category": "TRAIN", "component": "train", "event": "BEGIN:broadcast_preference_payload", "has_payload": null, "host": "d6b2a058c4be", "pid": 108787, "rank": 1, "transport": "json_uint8_gloo", "ts": "2026-10-04 14:56:52"}
[DBG] {"category": "TRAIN", "component": "train", "event": "watchdog_armed", "host": "d6b2a058c4be", "pid": 108787, "rank": 1, "stage": "broadcast_preference_payload", "timeout_sec": 30.0, "ts": "2026-10-04 14:56:52"}
[DBG] {"bytes": null, "category": "TRAIN", "component": "train", "event": "BEGIN:broadcast_preference_length", "host": "d6b2a058c4be", "pid": 108787, "rank": 1, "transport": "gloo_cpu", "ts": "2026-10-04 14:56:52"}
[DBG] {"category": "TRAIN", "component": "train", "event": "watchdog_armed", "host": "d6b2a058c4be", "pid": 108787, "rank": 1, "stage": "broadcast_preference_length", "timeout_sec": 30.0, "ts": "2026-10-04 14:56:52"}
[DBG] {"category": "TRAIN", "component": "train", "elapsed_sec": 0.004837, "event": "END:broadcast_preference_length", "host": "d6b2a058c4be", "pid": 108787, "rank": 1, "ts": "2026-10-04 14:56:52"}
[DBG] {"category": "TRAIN", "component": "train", "event": "watchdog_armed", "host": "d6b2a058c4be", "pid": 108787, "rank": 1, "stage": "broadcast_preference_payload", "timeout_sec": 30.0, "ts": "2026-10-04 14:56:52"}
[DBG] {"category": "TRAIN", "component": "train", "elapsed_sec": 0.005241, "event": "END:broadcast_preference_payload", "host": "d6b2a058c4be", "pid": 108787, "rank": 1, "ts": "2026-10-04 14:56:52"}
[DBG] {"category": "TRAIN", "component": "train", "event": "BEGIN:broadcast_stop_flag", "host": "d6b2a058c4be", "pid": 108787, "rank": 1, "transport": "gloo_cpu", "ts": "2026-10-04 14:56:52", "value": null}
[DBG] {"category": "TRAIN", "component": "train", "event": "watchdog_armed", "host": "d6b2a058c4be", "pid": 108787, "rank": 1, "stage": "broadcast_stop_flag", "timeout_sec": 30.0, "ts": "2026-10-04 14:56:52"}
[DBG] {"category": "TRAIN", "component": "train", "elapsed_sec": 0.002456, "event": "END:broadcast_stop_flag", "host": "d6b2a058c4be", "pid": 108787, "rank": 1, "ts": "2026-10-04 14:56:52"}
[DBG] {"category": "TRAIN", "component": "train", "event": "BEGIN:broadcast_preference_payload", "has_payload": null, "host": "d6b2a058c4be", "pid": 108787, "rank": 1, "transport": "json_uint8_gloo", "ts": "2026-10-04 14:56:52"}
[DBG] {"category": "TRAIN", "component": "train", "event": "watchdog_armed", "host": "d6b2a058c4be", "pid": 108787, "rank": 1, "stage": "broadcast_preference_payload", "timeout_sec": 30.0, "ts": "2026-10-04 14:56:52"}
[DBG] {"bytes": null, "category": "TRAIN", "component": "train", "event": "BEGIN:broadcast_preference_length", "host": "d6b2a058c4be", "pid": 108787, "rank": 1, "transport": "gloo_cpu", "ts": "2026-10-04 14:56:52"}
[DBG] {"category": "TRAIN", "component": "train", "event": "watchdog_armed", "host": "d6b2a058c4be", "pid": 108787, "rank": 1, "stage": "broadcast_preference_length", "timeout_sec": 30.0, "ts": "2026-10-04 14:56:52"}
[DBG] {"category": "TRAIN", "component": "train", "elapsed_sec": 0.004284, "event": "END:broadcast_preference_length", "host": "d6b2a058c4be", "pid": 108787, "rank": 1, "ts": "2026-10-04 14:56:52"}
[DBG] {"category": "TRAIN", "component": "train", "event": "watchdog_armed", "host": "d6b2a058c4be", "pid": 108787, "rank": 1, "stage": "broadcast_preference_payload", "timeout_sec": 30.0, "ts": "2026-10-04 14:56:52"}
[DBG] {"category": "TRAIN", "component": "train", "elapsed_sec": 0.004723, "event": "END:broadcast_preference_payload", "host": "d6b2a058c4be", "pid": 108787, "rank": 1, "ts": "2026-10-04 14:56:52"}
[DBG] {"category": "TRAIN", "component": "train", "event": "BEGIN:broadcast_stop_flag", "host": "d6b2a058c4be", "pid": 108787, "rank": 1, "transport": "gloo_cpu", "ts": "2026-10-04 14:56:53", "value": null}
[DBG] {"category": "TRAIN", "component": "train", "event": "watchdog_armed", "host": "d6b2a058c4be", "pid": 108787, "rank": 1, "stage": "broadcast_stop_flag", "timeout_sec": 30.0, "ts": "2026-10-04 14:56:53"}
[DBG] {"category": "TRAIN", "component": "train", "elapsed_sec": 0.002745, "event": "END:broadcast_stop_flag", "host": "d6b2a058c4be", "pid": 108787, "rank": 1, "ts": "2026-10-04 14:56:53"}
[DBG] {"category": "TRAIN", "component": "train", "event": "BEGIN:broadcast_preference_payload", "has_payload": null, "host": "d6b2a058c4be", "pid": 108787, "rank": 1, "transport": "json_uint8_gloo", "ts": "2026-10-04 14:56:53"}
[DBG] {"category": "TRAIN", "component": "train", "event": "watchdog_armed", "host": "d6b2a058c4be", "pid": 108787, "rank": 1, "stage": "broadcast_preference_payload", "timeout_sec": 30.0, "ts": "2026-10-04 14:56:53"}
[DBG] {"bytes": null, "category": "TRAIN", "component": "train", "event": "BEGIN:broadcast_preference_length", "host": "d6b2a058c4be", "pid": 108787, "rank": 1, "transport": "gloo_cpu", "ts": "2026-10-04 14:56:53"}
[DBG] {"category": "TRAIN", "component": "train", "event": "watchdog_armed", "host": "d6b2a058c4be", "pid": 108787, "rank": 1, "stage": "broadcast_preference_length", "timeout_sec": 30.0, "ts": "2026-10-04 14:56:53"}
[DBG] {"category": "TRAIN", "component": "train", "elapsed_sec": 0.012026, "event": "END:broadcast_preference_length", "host": "d6b2a058c4be", "pid": 108787, "rank": 1, "ts": "2026-10-04 14:56:53"}
[DBG] {"category": "TRAIN", "component": "train", "event": "watchdog_armed", "host": "d6b2a058c4be", "pid": 108787, "rank": 1, "stage": "broadcast_preference_payload", "timeout_sec": 30.0, "ts": "2026-10-04 14:56:53"}
[DBG] {"category": "TRAIN", "component": "train", "elapsed_sec": 0.01249, "event": "END:broadcast_preference_payload", "host": "d6b2a058c4be", "pid": 108787, "rank": 1, "ts": "2026-10-04 14:56:53"}
[DBG] {"category": "TRAIN", "component": "train", "event": "BEGIN:broadcast_stop_flag", "host": "d6b2a058c4be", "pid": 108787, "rank": 1, "transport": "gloo_cpu", "ts": "2026-10-04 14:56:54", "value": null}
[DBG] {"category": "TRAIN", "component": "train", "event": "watchdog_armed", "host": "d6b2a058c4be", "pid": 108787, "rank": 1, "stage": "broadcast_stop_flag", "timeout_sec": 30.0, "ts": "2026-10-04 14:56:54"}
[DBG] {"category": "TRAIN", "component": "train", "elapsed_sec": 0.003923, "event": "END:broadcast_stop_flag", "host": "d6b2a058c4be", "pid": 108787, "rank": 1, "ts": "2026-10-04 14:56:54"}
[DBG] {"category": "TRAIN", "component": "train", "event": "BEGIN:broadcast_preference_payload", "has_payload": null, "host": "d6b2a058c4be", "pid": 108787, "rank": 1, "transport": "json_uint8_gloo", "ts": "2026-10-04 14:56:54"}
[DBG] {"category": "TRAIN", "component": "train", "event": "watchdog_armed", "host": "d6b2a058c4be", "pid": 108787, "rank": 1, "stage": "broadcast_preference_payload", "timeout_sec": 30.0, "ts": "2026-10-04 14:56:54"}
[DBG] {"bytes": null, "category": "TRAIN", "component": "train", "event": "BEGIN:broadcast_preference_length", "host": "d6b2a058c4be", "pid": 108787, "rank": 1, "transport": "gloo_cpu", "ts": "2026-10-04 14:56:54"}
[DBG] {"category": "TRAIN", "component": "train", "event": "watchdog_armed", "host": "d6b2a058c4be", "pid": 108787, "rank": 1, "stage": "broadcast_preference_length", "timeout_sec": 30.0, "ts": "2026-10-04 14:56:54"}
[DBG] {"category": "TRAIN", "component": "train", "elapsed_sec": 0.005825, "event": "END:broadcast_preference_length", "host": "d6b2a058c4be", "pid": 108787, "rank": 1, "ts": "2026-10-04 14:56:54"}
[DBG] {"category": "TRAIN", "component": "train", "event": "watchdog_armed", "host": "d6b2a058c4be", "pid": 108787, "rank": 1, "stage": "broadcast_preference_payload", "timeout_sec": 30.0, "ts": "2026-10-04 14:56:54"}
[DBG] {"category": "TRAIN", "component": "train", "elapsed_sec": 0.006349, "event": "END:broadcast_preference_payload", "host": "d6b2a058c4be", "pid": 108787, "rank": 1, "ts": "2026-10-04 14:56:54"}
[DBG] {"category": "TRAIN", "component": "train", "event": "BEGIN:broadcast_stop_flag", "host": "d6b2a058c4be", "pid": 108787, "rank": 1, "transport": "gloo_cpu", "ts": "2026-10-04 14:56:54", "value": null}
[DBG] {"category": "TRAIN", "component": "train", "event": "watchdog_armed", "host": "d6b2a058c4be", "pid": 108787, "rank": 1, "stage": "broadcast_stop_flag", "timeout_sec": 30.0, "ts": "2026-10-04 14:56:54"}
[DBG] {"category": "TRAIN", "component": "train", "elapsed_sec": 0.002415, "event": "END:broadcast_stop_flag", "host": "d6b2a058c4be", "pid": 108787, "rank": 1, "ts": "2026-10-04 14:56:54"}
[DBG] {"category": "TRAIN", "component": "train", "event": "BEGIN:broadcast_preference_payload", "has_payload": null, "host": "d6b2a058c4be", "pid": 108787, "rank": 1, "transport": "json_uint8_gloo", "ts": "2026-10-04 14:56:54"}
[DBG] {"category": "TRAIN", "component": "train", "event": "watchdog_armed", "host": "d6b2a058c4be", "pid": 108787, "rank": 1, "stage": "broadcast_preference_payload", "timeout_sec": 30.0, "ts": "2026-10-04 14:56:54"}
[DBG] {"bytes": null, "category": "TRAIN", "component": "train", "event": "BEGIN:broadcast_preference_length", "host": "d6b2a058c4be", "pid": 108787, "rank": 1, "transport": "gloo_cpu", "ts": "2026-10-04 14:56:54"}
[DBG] {"category": "TRAIN", "component": "train", "event": "watchdog_armed", "host": "d6b2a058c4be", "pid": 108787, "rank": 1, "stage": "broadcast_preference_length", "timeout_sec": 30.0, "ts": "2026-10-04 14:56:54"}
[DBG] {"category": "TRAIN", "component": "train", "elapsed_sec": 0.004945, "event": "END:broadcast_preference_length", "host": "d6b2a058c4be", "pid": 108787, "rank": 1, "ts": "2026-10-04 14:56:54"}
[DBG] {"category": "TRAIN", "component": "train", "event": "watchdog_armed", "host": "d6b2a058c4be", "pid": 108787, "rank": 1, "stage": "broadcast_preference_payload", "timeout_sec": 30.0, "ts": "2026-10-04 14:56:54"}
[DBG] {"category": "TRAIN", "component": "train", "elapsed_sec": 0.005342, "event": "END:broadcast_preference_payload", "host": "d6b2a058c4be", "pid": 108787, "rank": 1, "ts": "2026-10-04 14:56:54"}
[DBG] {"category": "TRAIN", "component": "train", "event": "BEGIN:broadcast_stop_flag", "host": "d6b2a058c4be", "pid": 108787, "rank": 1, "transport": "gloo_cpu", "ts": "2026-10-04 14:56:55", "value": null}
[DBG] {"category": "TRAIN", "component": "train", "event": "watchdog_armed", "host": "d6b2a058c4be", "pid": 108787, "rank": 1, "stage": "broadcast_stop_flag", "timeout_sec": 30.0, "ts": "2026-10-04 14:56:55"}
[DBG] {"category": "TRAIN", "component": "train", "elapsed_sec": 0.002583, "event": "END:broadcast_stop_flag", "host": "d6b2a058c4be", "pid": 108787, "rank": 1, "ts": "2026-10-04 14:56:55"}
[DBG] {"category": "TRAIN", "component": "train", "event": "BEGIN:broadcast_preference_payload", "has_payload": null, "host": "d6b2a058c4be", "pid": 108787, "rank": 1, "transport": "json_uint8_gloo", "ts": "2026-10-04 14:56:55"}
[DBG] {"category": "TRAIN", "component": "train", "event": "watchdog_armed", "host": "d6b2a058c4be", "pid": 108787, "rank": 1, "stage": "broadcast_preference_payload", "timeout_sec": 30.0, "ts": "2026-10-04 14:56:55"}
[DBG] {"bytes": null, "category": "TRAIN", "component": "train", "event": "BEGIN:broadcast_preference_length", "host": "d6b2a058c4be", "pid": 108787, "rank": 1, "transport": "gloo_cpu", "ts": "2026-10-04 14:56:55"}
[DBG] {"category": "TRAIN", "component": "train", "event": "watchdog_armed", "host": "d6b2a058c4be", "pid": 108787, "rank": 1, "stage": "broadcast_preference_length", "timeout_sec": 30.0, "ts": "2026-10-04 14:56:55"}
[DBG] {"category": "TRAIN", "component": "train", "elapsed_sec": 0.005069, "event": "END:broadcast_preference_length", "host": "d6b2a058c4be", "pid": 108787, "rank": 1, "ts": "2026-10-04 14:56:55"}
[DBG] {"category": "TRAIN", "component": "train", "event": "watchdog_armed", "host": "d6b2a058c4be", "pid": 108787, "rank": 1, "stage": "broadcast_preference_payload", "timeout_sec": 30.0, "ts": "2026-10-04 14:56:55"}
[DBG] {"category": "TRAIN", "component": "train", "elapsed_sec": 0.005478, "event": "END:broadcast_preference_payload", "host": "d6b2a058c4be", "pid": 108787, "rank": 1, "ts": "2026-10-04 14:56:55"}
[DBG] {"category": "TRAIN", "component": "train", "event": "BEGIN:broadcast_stop_flag", "host": "d6b2a058c4be", "pid": 108787, "rank": 1, "transport": "gloo_cpu", "ts": "2026-10-04 14:56:55", "value": null}
[DBG] {"category": "TRAIN", "component": "train", "event": "watchdog_armed", "host": "d6b2a058c4be", "pid": 108787, "rank": 1, "stage": "broadcast_stop_flag", "timeout_sec": 30.0, "ts": "2026-10-04 14:56:55"}
[DBG] {"category": "TRAIN", "component": "train", "elapsed_sec": 0.002698, "event": "END:broadcast_stop_flag", "host": "d6b2a058c4be", "pid": 108787, "rank": 1, "ts": "2026-10-04 14:56:55"}
[DBG] {"category": "TRAIN", "component": "train", "event": "BEGIN:broadcast_preference_payload", "has_payload": null, "host": "d6b2a058c4be", "pid": 108787, "rank": 1, "transport": "json_uint8_gloo", "ts": "2026-10-04 14:56:55"}
[DBG] {"category": "TRAIN", "component": "train", "event": "watchdog_armed", "host": "d6b2a058c4be", "pid": 108787, "rank": 1, "stage": "broadcast_preference_payload", "timeout_sec": 30.0, "ts": "2026-10-04 14:56:55"}
[DBG] {"bytes": null, "category": "TRAIN", "component": "train", "event": "BEGIN:broadcast_preference_length", "host": "d6b2a058c4be", "pid": 108787, "rank": 1, "transport": "gloo_cpu", "ts": "2026-10-04 14:56:55"}
[DBG] {"category": "TRAIN", "component": "train", "event": "watchdog_armed", "host": "d6b2a058c4be", "pid": 108787, "rank": 1, "stage": "broadcast_preference_length", "timeout_sec": 30.0, "ts": "2026-10-04 14:56:55"}
[DBG] {"category": "TRAIN", "component": "train", "elapsed_sec": 0.004755, "event": "END:broadcast_preference_length", "host": "d6b2a058c4be", "pid": 108787, "rank": 1, "ts": "2026-10-04 14:56:55"}
[DBG] {"category": "TRAIN", "component": "train", "event": "watchdog_armed", "host": "d6b2a058c4be", "pid": 108787, "rank": 1, "stage": "broadcast_preference_payload", "timeout_sec": 30.0, "ts": "2026-10-04 14:56:55"}
[DBG] {"category": "TRAIN", "component": "train", "elapsed_sec": 0.005096, "event": "END:broadcast_preference_payload", "host": "d6b2a058c4be", "pid": 108787, "rank": 1, "ts": "2026-10-04 14:56:55"}
[DBG] {"category": "TRAIN", "component": "train", "event": "BEGIN:broadcast_stop_flag", "host": "d6b2a058c4be", "pid": 108787, "rank": 1, "transport": "gloo_cpu", "ts": "2026-10-04 14:56:56", "value": null}
[DBG] {"category": "TRAIN", "component": "train", "event": "watchdog_armed", "host": "d6b2a058c4be", "pid": 108787, "rank": 1, "stage": "broadcast_stop_flag", "timeout_sec": 30.0, "ts": "2026-10-04 14:56:56"}
[DBG] {"category": "TRAIN", "component": "train", "elapsed_sec": 0.002541, "event": "END:broadcast_stop_flag", "host": "d6b2a058c4be", "pid": 108787, "rank": 1, "ts": "2026-10-04 14:56:56"}
[DBG] {"category": "TRAIN", "component": "train", "event": "BEGIN:broadcast_preference_payload", "has_payload": null, "host": "d6b2a058c4be", "pid": 108787, "rank": 1, "transport": "json_uint8_gloo", "ts": "2026-10-04 14:56:56"}
[DBG] {"category": "TRAIN", "component": "train", "event": "watchdog_armed", "host": "d6b2a058c4be", "pid": 108787, "rank": 1, "stage": "broadcast_preference_payload", "timeout_sec": 30.0, "ts": "2026-10-04 14:56:56"}
[DBG] {"bytes": null, "category": "TRAIN", "component": "train", "event": "BEGIN:broadcast_preference_length", "host": "d6b2a058c4be", "pid": 108787, "rank": 1, "transport": "gloo_cpu", "ts": "2026-10-04 14:56:56"}
[DBG] {"category": "TRAIN", "component": "train", "event": "watchdog_armed", "host": "d6b2a058c4be", "pid": 108787, "rank": 1, "stage": "broadcast_preference_length", "timeout_sec": 30.0, "ts": "2026-10-04 14:56:56"}
[DBG] {"category": "TRAIN", "component": "train", "elapsed_sec": 0.004778, "event": "END:broadcast_preference_length", "host": "d6b2a058c4be", "pid": 108787, "rank": 1, "ts": "2026-10-04 14:56:56"}
[DBG] {"category": "TRAIN", "component": "train", "event": "watchdog_armed", "host": "d6b2a058c4be", "pid": 108787, "rank": 1, "stage": "broadcast_preference_payload", "timeout_sec": 30.0, "ts": "2026-10-04 14:56:56"}
[DBG] {"category": "TRAIN", "component": "train", "elapsed_sec": 0.00515, "event": "END:broadcast_preference_payload", "host": "d6b2a058c4be", "pid": 108787, "rank": 1, "ts": "2026-10-04 14:56:56"}
[DBG] {"category": "TRAIN", "component": "train", "event": "BEGIN:broadcast_stop_flag", "host": "d6b2a058c4be", "pid": 108787, "rank": 1, "transport": "gloo_cpu", "ts": "2026-10-04 14:56:56", "value": null}
[DBG] {"category": "TRAIN", "component": "train", "event": "watchdog_armed", "host": "d6b2a058c4be", "pid": 108787, "rank": 1, "stage": "broadcast_stop_flag", "timeout_sec": 30.0, "ts": "2026-10-04 14:56:56"}
[DBG] {"category": "TRAIN", "component": "train", "elapsed_sec": 0.002717, "event": "END:broadcast_stop_flag", "host": "d6b2a058c4be", "pid": 108787, "rank": 1, "ts": "2026-10-04 14:56:56"}
[DBG] {"category": "TRAIN", "component": "train", "event": "BEGIN:broadcast_preference_payload", "has_payload": null, "host": "d6b2a058c4be", "pid": 108787, "rank": 1, "transport": "json_uint8_gloo", "ts": "2026-10-04 14:56:56"}
[DBG] {"category": "TRAIN", "component": "train", "event": "watchdog_armed", "host": "d6b2a058c4be", "pid": 108787, "rank": 1, "stage": "broadcast_preference_payload", "timeout_sec": 30.0, "ts": "2026-10-04 14:56:56"}
[DBG] {"bytes": null, "category": "TRAIN", "component": "train", "event": "BEGIN:broadcast_preference_length", "host": "d6b2a058c4be", "pid": 108787, "rank": 1, "transport": "gloo_cpu", "ts": "2026-10-04 14:56:56"}
[DBG] {"category": "TRAIN", "component": "train", "event": "watchdog_armed", "host": "d6b2a058c4be", "pid": 108787, "rank": 1, "stage": "broadcast_preference_length", "timeout_sec": 30.0, "ts": "2026-10-04 14:56:56"}
[DBG] {"category": "TRAIN", "component": "train", "elapsed_sec": 0.004598, "event": "END:broadcast_preference_length", "host": "d6b2a058c4be", "pid": 108787, "rank": 1, "ts": "2026-10-04 14:56:56"}
[DBG] {"category": "TRAIN", "component": "train", "event": "watchdog_armed", "host": "d6b2a058c4be", "pid": 108787, "rank": 1, "stage": "broadcast_preference_payload", "timeout_sec": 30.0, "ts": "2026-10-04 14:56:56"}
[DBG] {"category": "TRAIN", "component": "train", "elapsed_sec": 0.004989, "event": "END:broadcast_preference_payload", "host": "d6b2a058c4be", "pid": 108787, "rank": 1, "ts": "2026-10-04 14:56:56"}
[DBG] {"category": "TRAIN", "component": "train", "event": "BEGIN:broadcast_stop_flag", "host": "d6b2a058c4be", "pid": 108787, "rank": 1, "transport": "gloo_cpu", "ts": "2026-10-04 14:56:57", "value": null}
[DBG] {"category": "TRAIN", "component": "train", "event": "watchdog_armed", "host": "d6b2a058c4be", "pid": 108787, "rank": 1, "stage": "broadcast_stop_flag", "timeout_sec": 30.0, "ts": "2026-10-04 14:56:57"}
[DBG] {"category": "TRAIN", "component": "train", "elapsed_sec": 0.002796, "event": "END:broadcast_stop_flag", "host": "d6b2a058c4be", "pid": 108787, "rank": 1, "ts": "2026-10-04 14:56:57"}
[DBG] {"category": "TRAIN", "component": "train", "event": "BEGIN:broadcast_preference_payload", "has_payload": null, "host": "d6b2a058c4be", "pid": 108787, "rank": 1, "transport": "json_uint8_gloo", "ts": "2026-10-04 14:56:57"}
[DBG] {"category": "TRAIN", "component": "train", "event": "watchdog_armed", "host": "d6b2a058c4be", "pid": 108787, "rank": 1, "stage": "broadcast_preference_payload", "timeout_sec": 30.0, "ts": "2026-10-04 14:56:57"}
[DBG] {"bytes": null, "category": "TRAIN", "component": "train", "event": "BEGIN:broadcast_preference_length", "host": "d6b2a058c4be", "pid": 108787, "rank": 1, "transport": "gloo_cpu", "ts": "2026-10-04 14:56:57"}
[DBG] {"category": "TRAIN", "component": "train", "event": "watchdog_armed", "host": "d6b2a058c4be", "pid": 108787, "rank": 1, "stage": "broadcast_preference_length", "timeout_sec": 30.0, "ts": "2026-10-04 14:56:57"}
[DBG] {"category": "TRAIN", "component": "train", "elapsed_sec": 0.004915, "event": "END:broadcast_preference_length", "host": "d6b2a058c4be", "pid": 108787, "rank": 1, "ts": "2026-10-04 14:56:57"}
[DBG] {"category": "TRAIN", "component": "train", "event": "watchdog_armed", "host": "d6b2a058c4be", "pid": 108787, "rank": 1, "stage": "broadcast_preference_payload", "timeout_sec": 30.0, "ts": "2026-10-04 14:56:57"}
[DBG] {"category": "TRAIN", "component": "train", "elapsed_sec": 0.005363, "event": "END:broadcast_preference_payload", "host": "d6b2a058c4be", "pid": 108787, "rank": 1, "ts": "2026-10-04 14:56:57"}
[DBG] {"category": "TRAIN", "component": "train", "event": "BEGIN:broadcast_stop_flag", "host": "d6b2a058c4be", "pid": 108787, "rank": 1, "transport": "gloo_cpu", "ts": "2026-10-04 14:56:57", "value": null}
[DBG] {"category": "TRAIN", "component": "train", "event": "watchdog_armed", "host": "d6b2a058c4be", "pid": 108787, "rank": 1, "stage": "broadcast_stop_flag", "timeout_sec": 30.0, "ts": "2026-10-04 14:56:57"}
[DBG] {"category": "TRAIN", "component": "train", "elapsed_sec": 0.002878, "event": "END:broadcast_stop_flag", "host": "d6b2a058c4be", "pid": 108787, "rank": 1, "ts": "2026-10-04 14:56:57"}
[DBG] {"category": "TRAIN", "component": "train", "event": "BEGIN:broadcast_preference_payload", "has_payload": null, "host": "d6b2a058c4be", "pid": 108787, "rank": 1, "transport": "json_uint8_gloo", "ts": "2026-10-04 14:56:57"}
[DBG] {"category": "TRAIN", "component": "train", "event": "watchdog_armed", "host": "d6b2a058c4be", "pid": 108787, "rank": 1, "stage": "broadcast_preference_payload", "timeout_sec": 30.0, "ts": "2026-10-04 14:56:57"}
[DBG] {"bytes": null, "category": "TRAIN", "component": "train", "event": "BEGIN:broadcast_preference_length", "host": "d6b2a058c4be", "pid": 108787, "rank": 1, "transport": "gloo_cpu", "ts": "2026-10-04 14:56:57"}
[DBG] {"category": "TRAIN", "component": "train", "event": "watchdog_armed", "host": "d6b2a058c4be", "pid": 108787, "rank": 1, "stage": "broadcast_preference_length", "timeout_sec": 30.0, "ts": "2026-10-04 14:56:57"}
[DBG] {"category": "TRAIN", "component": "train", "elapsed_sec": 0.005042, "event": "END:broadcast_preference_length", "host": "d6b2a058c4be", "pid": 108787, "rank": 1, "ts": "2026-10-04 14:56:57"}
[DBG] {"category": "TRAIN", "component": "train", "event": "watchdog_armed", "host": "d6b2a058c4be", "pid": 108787, "rank": 1, "stage": "broadcast_preference_payload", "timeout_sec": 30.0, "ts": "2026-10-04 14:56:57"}
[DBG] {"category": "TRAIN", "component": "train", "elapsed_sec": 0.005522, "event": "END:broadcast_preference_payload", "host": "d6b2a058c4be", "pid": 108787, "rank": 1, "ts": "2026-10-04 14:56:57"}
[DBG] {"category": "TRAIN", "component": "train", "event": "BEGIN:broadcast_stop_flag", "host": "d6b2a058c4be", "pid": 108787, "rank": 1, "transport": "gloo_cpu", "ts": "2026-10-04 14:56:58", "value": null}
[DBG] {"category": "TRAIN", "component": "train", "event": "watchdog_armed", "host": "d6b2a058c4be", "pid": 108787, "rank": 1, "stage": "broadcast_stop_flag", "timeout_sec": 30.0, "ts": "2026-10-04 14:56:58"}
[DBG] {"category": "TRAIN", "component": "train", "elapsed_sec": 0.002115, "event": "END:broadcast_stop_flag", "host": "d6b2a058c4be", "pid": 108787, "rank": 1, "ts": "2026-10-04 14:56:58"}
[DBG] {"category": "TRAIN", "component": "train", "event": "BEGIN:broadcast_preference_payload", "has_payload": null, "host": "d6b2a058c4be", "pid": 108787, "rank": 1, "transport": "json_uint8_gloo", "ts": "2026-10-04 14:56:58"}
[DBG] {"category": "TRAIN", "component": "train", "event": "watchdog_armed", "host": "d6b2a058c4be", "pid": 108787, "rank": 1, "stage": "broadcast_preference_payload", "timeout_sec": 30.0, "ts": "2026-10-04 14:56:58"}
[DBG] {"bytes": null, "category": "TRAIN", "component": "train", "event": "BEGIN:broadcast_preference_length", "host": "d6b2a058c4be", "pid": 108787, "rank": 1, "transport": "gloo_cpu", "ts": "2026-10-04 14:56:58"}
[DBG] {"category": "TRAIN", "component": "train", "event": "watchdog_armed", "host": "d6b2a058c4be", "pid": 108787, "rank": 1, "stage": "broadcast_preference_length", "timeout_sec": 30.0, "ts": "2026-10-04 14:56:58"}
[DBG] {"category": "TRAIN", "component": "train", "elapsed_sec": 0.004189, "event": "END:broadcast_preference_length", "host": "d6b2a058c4be", "pid": 108787, "rank": 1, "ts": "2026-10-04 14:56:58"}
[DBG] {"category": "TRAIN", "component": "train", "event": "watchdog_armed", "host": "d6b2a058c4be", "pid": 108787, "rank": 1, "stage": "broadcast_preference_payload", "timeout_sec": 30.0, "ts": "2026-10-04 14:56:58"}
[DBG] {"category": "TRAIN", "component": "train", "elapsed_sec": 0.004639, "event": "END:broadcast_preference_payload", "host": "d6b2a058c4be", "pid": 108787, "rank": 1, "ts": "2026-10-04 14:56:58"}
[DBG] {"category": "TRAIN", "component": "train", "event": "BEGIN:broadcast_stop_flag", "host": "d6b2a058c4be", "pid": 108787, "rank": 1, "transport": "gloo_cpu", "ts": "2026-10-04 14:56:58", "value": null}
[DBG] {"category": "TRAIN", "component": "train", "event": "watchdog_armed", "host": "d6b2a058c4be", "pid": 108787, "rank": 1, "stage": "broadcast_stop_flag", "timeout_sec": 30.0, "ts": "2026-10-04 14:56:58"}
[DBG] {"category": "TRAIN", "component": "train", "elapsed_sec": 0.002944, "event": "END:broadcast_stop_flag", "host": "d6b2a058c4be", "pid": 108787, "rank": 1, "ts": "2026-10-04 14:56:58"}
[DBG] {"category": "TRAIN", "component": "train", "event": "BEGIN:broadcast_preference_payload", "has_payload": null, "host": "d6b2a058c4be", "pid": 108787, "rank": 1, "transport": "json_uint8_gloo", "ts": "2026-10-04 14:56:58"}
[DBG] {"category": "TRAIN", "component": "train", "event": "watchdog_armed", "host": "d6b2a058c4be", "pid": 108787, "rank": 1, "stage": "broadcast_preference_payload", "timeout_sec": 30.0, "ts": "2026-10-04 14:56:58"}
[DBG] {"bytes": null, "category": "TRAIN", "component": "train", "event": "BEGIN:broadcast_preference_length", "host": "d6b2a058c4be", "pid": 108787, "rank": 1, "transport": "gloo_cpu", "ts": "2026-10-04 14:56:58"}
[DBG] {"category": "TRAIN", "component": "train", "event": "watchdog_armed", "host": "d6b2a058c4be", "pid": 108787, "rank": 1, "stage": "broadcast_preference_length", "timeout_sec": 30.0, "ts": "2026-10-04 14:56:58"}
[DBG] {"category": "TRAIN", "component": "train", "elapsed_sec": 0.005113, "event": "END:broadcast_preference_length", "host": "d6b2a058c4be", "pid": 108787, "rank": 1, "ts": "2026-10-04 14:56:58"}
[DBG] {"category": "TRAIN", "component": "train", "event": "watchdog_armed", "host": "d6b2a058c4be", "pid": 108787, "rank": 1, "stage": "broadcast_preference_payload", "timeout_sec": 30.0, "ts": "2026-10-04 14:56:58"}
[DBG] {"category": "TRAIN", "component": "train", "elapsed_sec": 0.005482, "event": "END:broadcast_preference_payload", "host": "d6b2a058c4be", "pid": 108787, "rank": 1, "ts": "2026-10-04 14:56:58"}
[DBG] {"category": "TRAIN", "component": "train", "event": "BEGIN:broadcast_stop_flag", "host": "d6b2a058c4be", "pid": 108787, "rank": 1, "transport": "gloo_cpu", "ts": "2026-10-04 14:56:59", "value": null}
[DBG] {"category": "TRAIN", "component": "train", "event": "watchdog_armed", "host": "d6b2a058c4be", "pid": 108787, "rank": 1, "stage": "broadcast_stop_flag", "timeout_sec": 30.0, "ts": "2026-10-04 14:56:59"}
[DBG] {"category": "TRAIN", "component": "train", "elapsed_sec": 0.001944, "event": "END:broadcast_stop_flag", "host": "d6b2a058c4be", "pid": 108787, "rank": 1, "ts": "2026-10-04 14:56:59"}
[DBG] {"category": "TRAIN", "component": "train", "event": "BEGIN:broadcast_preference_payload", "has_payload": null, "host": "d6b2a058c4be", "pid": 108787, "rank": 1, "transport": "json_uint8_gloo", "ts": "2026-10-04 14:56:59"}
[DBG] {"category": "TRAIN", "component": "train", "event": "watchdog_armed", "host": "d6b2a058c4be", "pid": 108787, "rank": 1, "stage": "broadcast_preference_payload", "timeout_sec": 30.0, "ts": "2026-10-04 14:56:59"}
[DBG] {"bytes": null, "category": "TRAIN", "component": "train", "event": "BEGIN:broadcast_preference_length", "host": "d6b2a058c4be", "pid": 108787, "rank": 1, "transport": "gloo_cpu", "ts": "2026-10-04 14:56:59"}
[DBG] {"category": "TRAIN", "component": "train", "event": "watchdog_armed", "host": "d6b2a058c4be", "pid": 108787, "rank": 1, "stage": "broadcast_preference_length", "timeout_sec": 30.0, "ts": "2026-10-04 14:56:59"}
[DBG] {"category": "TRAIN", "component": "train", "elapsed_sec": 0.00452, "event": "END:broadcast_preference_length", "host": "d6b2a058c4be", "pid": 108787, "rank": 1, "ts": "2026-10-04 14:56:59"}
[DBG] {"category": "TRAIN", "component": "train", "event": "watchdog_armed", "host": "d6b2a058c4be", "pid": 108787, "rank": 1, "stage": "broadcast_preference_payload", "timeout_sec": 30.0, "ts": "2026-10-04 14:56:59"}
[DBG] {"category": "TRAIN", "component": "train", "elapsed_sec": 0.008689, "event": "END:broadcast_preference_payload", "host": "d6b2a058c4be", "pid": 108787, "rank": 1, "ts": "2026-10-04 14:56:59"}
[DBG] {"category": "TRAIN", "component": "train", "event": "BEGIN:broadcast_stop_flag", "host": "d6b2a058c4be", "pid": 108787, "rank": 1, "transport": "gloo_cpu", "ts": "2026-10-04 14:56:59", "value": null}
[DBG] {"category": "TRAIN", "component": "train", "event": "watchdog_armed", "host": "d6b2a058c4be", "pid": 108787, "rank": 1, "stage": "broadcast_stop_flag", "timeout_sec": 30.0, "ts": "2026-10-04 14:56:59"}
[DBG] {"category": "TRAIN", "component": "train", "elapsed_sec": 0.006485, "event": "END:broadcast_stop_flag", "host": "d6b2a058c4be", "pid": 108787, "rank": 1, "ts": "2026-10-04 14:56:59"}
[DBG] {"category": "TRAIN", "component": "train", "event": "BEGIN:broadcast_preference_payload", "has_payload": null, "host": "d6b2a058c4be", "pid": 108787, "rank": 1, "transport": "json_uint8_gloo", "ts": "2026-10-04 14:56:59"}
[DBG] {"category": "TRAIN", "component": "train", "event": "watchdog_armed", "host": "d6b2a058c4be", "pid": 108787, "rank": 1, "stage": "broadcast_preference_payload", "timeout_sec": 30.0, "ts": "2026-10-04 14:56:59"}
[DBG] {"bytes": null, "category": "TRAIN", "component": "train", "event": "BEGIN:broadcast_preference_length", "host": "d6b2a058c4be", "pid": 108787, "rank": 1, "transport": "gloo_cpu", "ts": "2026-10-04 14:56:59"}
[DBG] {"category": "TRAIN", "component": "train", "event": "watchdog_armed", "host": "d6b2a058c4be", "pid": 108787, "rank": 1, "stage": "broadcast_preference_length", "timeout_sec": 30.0, "ts": "2026-10-04 14:56:59"}
[DBG] {"category": "TRAIN", "component": "train", "elapsed_sec": 0.005791, "event": "END:broadcast_preference_length", "host": "d6b2a058c4be", "pid": 108787, "rank": 1, "ts": "2026-10-04 14:56:59"}
[DBG] {"category": "TRAIN", "component": "train", "event": "watchdog_armed", "host": "d6b2a058c4be", "pid": 108787, "rank": 1, "stage": "broadcast_preference_payload", "timeout_sec": 30.0, "ts": "2026-10-04 14:56:59"}
[DBG] {"category": "TRAIN", "component": "train", "elapsed_sec": 0.006212, "event": "END:broadcast_preference_payload", "host": "d6b2a058c4be", "pid": 108787, "rank": 1, "ts": "2026-10-04 14:56:59"}
[DBG] {"category": "TRAIN", "component": "train", "event": "BEGIN:broadcast_stop_flag", "host": "d6b2a058c4be", "pid": 108787, "rank": 1, "transport": "gloo_cpu", "ts": "2026-10-04 14:57:00", "value": null}
[DBG] {"category": "TRAIN", "component": "train", "event": "watchdog_armed", "host": "d6b2a058c4be", "pid": 108787, "rank": 1, "stage": "broadcast_stop_flag", "timeout_sec": 30.0, "ts": "2026-10-04 14:57:00"}
[DBG] {"category": "TRAIN", "component": "train", "elapsed_sec": 0.00325, "event": "END:broadcast_stop_flag", "host": "d6b2a058c4be", "pid": 108787, "rank": 1, "ts": "2026-10-04 14:57:00"}
[DBG] {"category": "TRAIN", "component": "train", "event": "BEGIN:broadcast_preference_payload", "has_payload": null, "host": "d6b2a058c4be", "pid": 108787, "rank": 1, "transport": "json_uint8_gloo", "ts": "2026-10-04 14:57:00"}
[DBG] {"category": "TRAIN", "component": "train", "event": "watchdog_armed", "host": "d6b2a058c4be", "pid": 108787, "rank": 1, "stage": "broadcast_preference_payload", "timeout_sec": 30.0, "ts": "2026-10-04 14:57:00"}
[DBG] {"bytes": null, "category": "TRAIN", "component": "train", "event": "BEGIN:broadcast_preference_length", "host": "d6b2a058c4be", "pid": 108787, "rank": 1, "transport": "gloo_cpu", "ts": "2026-10-04 14:57:00"}
[DBG] {"category": "TRAIN", "component": "train", "event": "watchdog_armed", "host": "d6b2a058c4be", "pid": 108787, "rank": 1, "stage": "broadcast_preference_length", "timeout_sec": 30.0, "ts": "2026-10-04 14:57:00"}
[DBG] {"category": "TRAIN", "component": "train", "elapsed_sec": 0.004745, "event": "END:broadcast_preference_length", "host": "d6b2a058c4be", "pid": 108787, "rank": 1, "ts": "2026-10-04 14:57:00"}
[DBG] {"category": "TRAIN", "component": "train", "event": "watchdog_armed", "host": "d6b2a058c4be", "pid": 108787, "rank": 1, "stage": "broadcast_preference_payload", "timeout_sec": 30.0, "ts": "2026-10-04 14:57:00"}
[DBG] {"category": "TRAIN", "component": "train", "elapsed_sec": 0.005162, "event": "END:broadcast_preference_payload", "host": "d6b2a058c4be", "pid": 108787, "rank": 1, "ts": "2026-10-04 14:57:00"}
[DBG] {"category": "TRAIN", "component": "train", "event": "BEGIN:broadcast_stop_flag", "host": "d6b2a058c4be", "pid": 108787, "rank": 1, "transport": "gloo_cpu", "ts": "2026-10-04 14:57:00", "value": null}
[DBG] {"category": "TRAIN", "component": "train", "event": "watchdog_armed", "host": "d6b2a058c4be", "pid": 108787, "rank": 1, "stage": "broadcast_stop_flag", "timeout_sec": 30.0, "ts": "2026-10-04 14:57:00"}
[DBG] {"category": "TRAIN", "component": "train", "elapsed_sec": 0.002569, "event": "END:broadcast_stop_flag", "host": "d6b2a058c4be", "pid": 108787, "rank": 1, "ts": "2026-10-04 14:57:00"}
[DBG] {"category": "TRAIN", "component": "train", "event": "BEGIN:broadcast_preference_payload", "has_payload": null, "host": "d6b2a058c4be", "pid": 108787, "rank": 1, "transport": "json_uint8_gloo", "ts": "2026-10-04 14:57:00"}
[DBG] {"category": "TRAIN", "component": "train", "event": "watchdog_armed", "host": "d6b2a058c4be", "pid": 108787, "rank": 1, "stage": "broadcast_preference_payload", "timeout_sec": 30.0, "ts": "2026-10-04 14:57:00"}
[DBG] {"bytes": null, "category": "TRAIN", "component": "train", "event": "BEGIN:broadcast_preference_length", "host": "d6b2a058c4be", "pid": 108787, "rank": 1, "transport": "gloo_cpu", "ts": "2026-10-04 14:57:00"}
[DBG] {"category": "TRAIN", "component": "train", "event": "watchdog_armed", "host": "d6b2a058c4be", "pid": 108787, "rank": 1, "stage": "broadcast_preference_length", "timeout_sec": 30.0, "ts": "2026-10-04 14:57:00"}
[DBG] {"category": "TRAIN", "component": "train", "elapsed_sec": 0.005336, "event": "END:broadcast_preference_length", "host": "d6b2a058c4be", "pid": 108787, "rank": 1, "ts": "2026-10-04 14:57:00"}
[DBG] {"category": "TRAIN", "component": "train", "event": "watchdog_armed", "host": "d6b2a058c4be", "pid": 108787, "rank": 1, "stage": "broadcast_preference_payload", "timeout_sec": 30.0, "ts": "2026-10-04 14:57:00"}
[DBG] {"category": "TRAIN", "component": "train", "elapsed_sec": 0.005737, "event": "END:broadcast_preference_payload", "host": "d6b2a058c4be", "pid": 108787, "rank": 1, "ts": "2026-10-04 14:57:00"}
[DBG] {"category": "TRAIN", "component": "train", "event": "BEGIN:broadcast_stop_flag", "host": "d6b2a058c4be", "pid": 108787, "rank": 1, "transport": "gloo_cpu", "ts": "2026-10-04 14:57:01", "value": null}
[DBG] {"category": "TRAIN", "component": "train", "event": "watchdog_armed", "host": "d6b2a058c4be", "pid": 108787, "rank": 1, "stage": "broadcast_stop_flag", "timeout_sec": 30.0, "ts": "2026-10-04 14:57:01"}
[DBG] {"category": "TRAIN", "component": "train", "elapsed_sec": 0.002887, "event": "END:broadcast_stop_flag", "host": "d6b2a058c4be", "pid": 108787, "rank": 1, "ts": "2026-10-04 14:57:01"}
[DBG] {"category": "TRAIN", "component": "train", "event": "BEGIN:broadcast_preference_payload", "has_payload": null, "host": "d6b2a058c4be", "pid": 108787, "rank": 1, "transport": "json_uint8_gloo", "ts": "2026-10-04 14:57:01"}
[DBG] {"category": "TRAIN", "component": "train", "event": "watchdog_armed", "host": "d6b2a058c4be", "pid": 108787, "rank": 1, "stage": "broadcast_preference_payload", "timeout_sec": 30.0, "ts": "2026-10-04 14:57:01"}
[DBG] {"bytes": null, "category": "TRAIN", "component": "train", "event": "BEGIN:broadcast_preference_length", "host": "d6b2a058c4be", "pid": 108787, "rank": 1, "transport": "gloo_cpu", "ts": "2026-10-04 14:57:01"}
[DBG] {"category": "TRAIN", "component": "train", "event": "watchdog_armed", "host": "d6b2a058c4be", "pid": 108787, "rank": 1, "stage": "broadcast_preference_length", "timeout_sec": 30.0, "ts": "2026-10-04 14:57:01"}
[DBG] {"category": "TRAIN", "component": "train", "elapsed_sec": 0.004545, "event": "END:broadcast_preference_length", "host": "d6b2a058c4be", "pid": 108787, "rank": 1, "ts": "2026-10-04 14:57:01"}
[DBG] {"category": "TRAIN", "component": "train", "event": "watchdog_armed", "host": "d6b2a058c4be", "pid": 108787, "rank": 1, "stage": "broadcast_preference_payload", "timeout_sec": 30.0, "ts": "2026-10-04 14:57:01"}
[DBG] {"category": "TRAIN", "component": "train", "elapsed_sec": 0.00496, "event": "END:broadcast_preference_payload", "host": "d6b2a058c4be", "pid": 108787, "rank": 1, "ts": "2026-10-04 14:57:01"}
[DBG] {"category": "TRAIN", "component": "train", "event": "BEGIN:broadcast_stop_flag", "host": "d6b2a058c4be", "pid": 108787, "rank": 1, "transport": "gloo_cpu", "ts": "2026-10-04 14:57:01", "value": null}
[DBG] {"category": "TRAIN", "component": "train", "event": "watchdog_armed", "host": "d6b2a058c4be", "pid": 108787, "rank": 1, "stage": "broadcast_stop_flag", "timeout_sec": 30.0, "ts": "2026-10-04 14:57:01"}
[DBG] {"category": "TRAIN", "component": "train", "elapsed_sec": 0.002673, "event": "END:broadcast_stop_flag", "host": "d6b2a058c4be", "pid": 108787, "rank": 1, "ts": "2026-10-04 14:57:01"}
[DBG] {"category": "TRAIN", "component": "train", "event": "BEGIN:broadcast_preference_payload", "has_payload": null, "host": "d6b2a058c4be", "pid": 108787, "rank": 1, "transport": "json_uint8_gloo", "ts": "2026-10-04 14:57:01"}
[DBG] {"category": "TRAIN", "component": "train", "event": "watchdog_armed", "host": "d6b2a058c4be", "pid": 108787, "rank": 1, "stage": "broadcast_preference_payload", "timeout_sec": 30.0, "ts": "2026-10-04 14:57:01"}
[DBG] {"bytes": null, "category": "TRAIN", "component": "train", "event": "BEGIN:broadcast_preference_length", "host": "d6b2a058c4be", "pid": 108787, "rank": 1, "transport": "gloo_cpu", "ts": "2026-10-04 14:57:01"}
[DBG] {"category": "TRAIN", "component": "train", "event": "watchdog_armed", "host": "d6b2a058c4be", "pid": 108787, "rank": 1, "stage": "broadcast_preference_length", "timeout_sec": 30.0, "ts": "2026-10-04 14:57:01"}
[DBG] {"category": "TRAIN", "component": "train", "elapsed_sec": 0.004747, "event": "END:broadcast_preference_length", "host": "d6b2a058c4be", "pid": 108787, "rank": 1, "ts": "2026-10-04 14:57:01"}
[DBG] {"category": "TRAIN", "component": "train", "event": "watchdog_armed", "host": "d6b2a058c4be", "pid": 108787, "rank": 1, "stage": "broadcast_preference_payload", "timeout_sec": 30.0, "ts": "2026-10-04 14:57:01"}
[DBG] {"category": "TRAIN", "component": "train", "elapsed_sec": 0.005143, "event": "END:broadcast_preference_payload", "host": "d6b2a058c4be", "pid": 108787, "rank": 1, "ts": "2026-10-04 14:57:01"}
[DBG] {"category": "TRAIN", "component": "train", "event": "BEGIN:broadcast_stop_flag", "host": "d6b2a058c4be", "pid": 108787, "rank": 1, "transport": "gloo_cpu", "ts": "2026-10-04 14:57:02", "value": null}
[DBG] {"category": "TRAIN", "component": "train", "event": "watchdog_armed", "host": "d6b2a058c4be", "pid": 108787, "rank": 1, "stage": "broadcast_stop_flag", "timeout_sec": 30.0, "ts": "2026-10-04 14:57:02"}
[DBG] {"category": "TRAIN", "component": "train", "elapsed_sec": 0.002696, "event": "END:broadcast_stop_flag", "host": "d6b2a058c4be", "pid": 108787, "rank": 1, "ts": "2026-10-04 14:57:02"}
[DBG] {"category": "TRAIN", "component": "train", "event": "BEGIN:broadcast_preference_payload", "has_payload": null, "host": "d6b2a058c4be", "pid": 108787, "rank": 1, "transport": "json_uint8_gloo", "ts": "2026-10-04 14:57:02"}
[DBG] {"category": "TRAIN", "component": "train", "event": "watchdog_armed", "host": "d6b2a058c4be", "pid": 108787, "rank": 1, "stage": "broadcast_preference_payload", "timeout_sec": 30.0, "ts": "2026-10-04 14:57:02"}
[DBG] {"bytes": null, "category": "TRAIN", "component": "train", "event": "BEGIN:broadcast_preference_length", "host": "d6b2a058c4be", "pid": 108787, "rank": 1, "transport": "gloo_cpu", "ts": "2026-10-04 14:57:02"}
[DBG] {"category": "TRAIN", "component": "train", "event": "watchdog_armed", "host": "d6b2a058c4be", "pid": 108787, "rank": 1, "stage": "broadcast_preference_length", "timeout_sec": 30.0, "ts": "2026-10-04 14:57:02"}
[DBG] {"category": "TRAIN", "component": "train", "elapsed_sec": 0.004862, "event": "END:broadcast_preference_length", "host": "d6b2a058c4be", "pid": 108787, "rank": 1, "ts": "2026-10-04 14:57:02"}
[DBG] {"category": "TRAIN", "component": "train", "event": "watchdog_armed", "host": "d6b2a058c4be", "pid": 108787, "rank": 1, "stage": "broadcast_preference_payload", "timeout_sec": 30.0, "ts": "2026-10-04 14:57:02"}
[DBG] {"category": "TRAIN", "component": "train", "elapsed_sec": 0.005223, "event": "END:broadcast_preference_payload", "host": "d6b2a058c4be", "pid": 108787, "rank": 1, "ts": "2026-10-04 14:57:02"}
[DBG] {"category": "TRAIN", "component": "train", "event": "BEGIN:broadcast_stop_flag", "host": "d6b2a058c4be", "pid": 108787, "rank": 1, "transport": "gloo_cpu", "ts": "2026-10-04 14:57:02", "value": null}
[DBG] {"category": "TRAIN", "component": "train", "event": "watchdog_armed", "host": "d6b2a058c4be", "pid": 108787, "rank": 1, "stage": "broadcast_stop_flag", "timeout_sec": 30.0, "ts": "2026-10-04 14:57:02"}
[DBG] {"category": "TRAIN", "component": "train", "elapsed_sec": 0.002516, "event": "END:broadcast_stop_flag", "host": "d6b2a058c4be", "pid": 108787, "rank": 1, "ts": "2026-10-04 14:57:02"}
[DBG] {"category": "TRAIN", "component": "train", "event": "BEGIN:broadcast_preference_payload", "has_payload": null, "host": "d6b2a058c4be", "pid": 108787, "rank": 1, "transport": "json_uint8_gloo", "ts": "2026-10-04 14:57:02"}
[DBG] {"category": "TRAIN", "component": "train", "event": "watchdog_armed", "host": "d6b2a058c4be", "pid": 108787, "rank": 1, "stage": "broadcast_preference_payload", "timeout_sec": 30.0, "ts": "2026-10-04 14:57:02"}
[DBG] {"bytes": null, "category": "TRAIN", "component": "train", "event": "BEGIN:broadcast_preference_length", "host": "d6b2a058c4be", "pid": 108787, "rank": 1, "transport": "gloo_cpu", "ts": "2026-10-04 14:57:02"}
[DBG] {"category": "TRAIN", "component": "train", "event": "watchdog_armed", "host": "d6b2a058c4be", "pid": 108787, "rank": 1, "stage": "broadcast_preference_length", "timeout_sec": 30.0, "ts": "2026-10-04 14:57:02"}
[DBG] {"category": "TRAIN", "component": "train", "elapsed_sec": 0.004862, "event": "END:broadcast_preference_length", "host": "d6b2a058c4be", "pid": 108787, "rank": 1, "ts": "2026-10-04 14:57:02"}
[DBG] {"category": "TRAIN", "component": "train", "event": "watchdog_armed", "host": "d6b2a058c4be", "pid": 108787, "rank": 1, "stage": "broadcast_preference_payload", "timeout_sec": 30.0, "ts": "2026-10-04 14:57:02"}
[DBG] {"category": "TRAIN", "component": "train", "elapsed_sec": 0.005426, "event": "END:broadcast_preference_payload", "host": "d6b2a058c4be", "pid": 108787, "rank": 1, "ts": "2026-10-04 14:57:02"}
[DBG] {"category": "TRAIN", "component": "train", "event": "BEGIN:broadcast_stop_flag", "host": "d6b2a058c4be", "pid": 108787, "rank": 1, "transport": "gloo_cpu", "ts": "2026-10-04 14:57:03", "value": null}
[DBG] {"category": "TRAIN", "component": "train", "event": "watchdog_armed", "host": "d6b2a058c4be", "pid": 108787, "rank": 1, "stage": "broadcast_stop_flag", "timeout_sec": 30.0, "ts": "2026-10-04 14:57:03"}
[DBG] {"category": "TRAIN", "component": "train", "elapsed_sec": 0.002481, "event": "END:broadcast_stop_flag", "host": "d6b2a058c4be", "pid": 108787, "rank": 1, "ts": "2026-10-04 14:57:03"}
[DBG] {"category": "TRAIN", "component": "train", "event": "BEGIN:broadcast_preference_payload", "has_payload": null, "host": "d6b2a058c4be", "pid": 108787, "rank": 1, "transport": "json_uint8_gloo", "ts": "2026-10-04 14:57:03"}
[DBG] {"category": "TRAIN", "component": "train", "event": "watchdog_armed", "host": "d6b2a058c4be", "pid": 108787, "rank": 1, "stage": "broadcast_preference_payload", "timeout_sec": 30.0, "ts": "2026-10-04 14:57:03"}
[DBG] {"bytes": null, "category": "TRAIN", "component": "train", "event": "BEGIN:broadcast_preference_length", "host": "d6b2a058c4be", "pid": 108787, "rank": 1, "transport": "gloo_cpu", "ts": "2026-10-04 14:57:03"}
[DBG] {"category": "TRAIN", "component": "train", "event": "watchdog_armed", "host": "d6b2a058c4be", "pid": 108787, "rank": 1, "stage": "broadcast_preference_length", "timeout_sec": 30.0, "ts": "2026-10-04 14:57:03"}
[DBG] {"category": "TRAIN", "component": "train", "elapsed_sec": 0.004441, "event": "END:broadcast_preference_length", "host": "d6b2a058c4be", "pid": 108787, "rank": 1, "ts": "2026-10-04 14:57:03"}
[DBG] {"category": "TRAIN", "component": "train", "event": "watchdog_armed", "host": "d6b2a058c4be", "pid": 108787, "rank": 1, "stage": "broadcast_preference_payload", "timeout_sec": 30.0, "ts": "2026-10-04 14:57:03"}
[DBG] {"category": "TRAIN", "component": "train", "elapsed_sec": 0.004771, "event": "END:broadcast_preference_payload", "host": "d6b2a058c4be", "pid": 108787, "rank": 1, "ts": "2026-10-04 14:57:03"}
[DBG] {"category": "TRAIN", "component": "train", "event": "BEGIN:broadcast_stop_flag", "host": "d6b2a058c4be", "pid": 108787, "rank": 1, "transport": "gloo_cpu", "ts": "2026-10-04 14:57:03", "value": null}
[DBG] {"category": "TRAIN", "component": "train", "event": "watchdog_armed", "host": "d6b2a058c4be", "pid": 108787, "rank": 1, "stage": "broadcast_stop_flag", "timeout_sec": 30.0, "ts": "2026-10-04 14:57:03"}
[DBG] {"category": "TRAIN", "component": "train", "elapsed_sec": 0.002873, "event": "END:broadcast_stop_flag", "host": "d6b2a058c4be", "pid": 108787, "rank": 1, "ts": "2026-10-04 14:57:03"}
[DBG] {"category": "TRAIN", "component": "train", "event": "BEGIN:broadcast_preference_payload", "has_payload": null, "host": "d6b2a058c4be", "pid": 108787, "rank": 1, "transport": "json_uint8_gloo", "ts": "2026-10-04 14:57:03"}
[DBG] {"category": "TRAIN", "component": "train", "event": "watchdog_armed", "host": "d6b2a058c4be", "pid": 108787, "rank": 1, "stage": "broadcast_preference_payload", "timeout_sec": 30.0, "ts": "2026-10-04 14:57:03"}
[DBG] {"bytes": null, "category": "TRAIN", "component": "train", "event": "BEGIN:broadcast_preference_length", "host": "d6b2a058c4be", "pid": 108787, "rank": 1, "transport": "gloo_cpu", "ts": "2026-10-04 14:57:03"}
[DBG] {"category": "TRAIN", "component": "train", "event": "watchdog_armed", "host": "d6b2a058c4be", "pid": 108787, "rank": 1, "stage": "broadcast_preference_length", "timeout_sec": 30.0, "ts": "2026-10-04 14:57:03"}
[DBG] {"category": "TRAIN", "component": "train", "elapsed_sec": 0.004501, "event": "END:broadcast_preference_length", "host": "d6b2a058c4be", "pid": 108787, "rank": 1, "ts": "2026-10-04 14:57:03"}
[DBG] {"category": "TRAIN", "component": "train", "event": "watchdog_armed", "host": "d6b2a058c4be", "pid": 108787, "rank": 1, "stage": "broadcast_preference_payload", "timeout_sec": 30.0, "ts": "2026-10-04 14:57:03"}
[DBG] {"category": "TRAIN", "component": "train", "elapsed_sec": 0.00482, "event": "END:broadcast_preference_payload", "host": "d6b2a058c4be", "pid": 108787, "rank": 1, "ts": "2026-10-04 14:57:03"}
[DBG] {"category": "TRAIN", "component": "train", "event": "BEGIN:broadcast_stop_flag", "host": "d6b2a058c4be", "pid": 108787, "rank": 1, "transport": "gloo_cpu", "ts": "2026-10-04 14:57:04", "value": null}
[DBG] {"category": "TRAIN", "component": "train", "event": "watchdog_armed", "host": "d6b2a058c4be", "pid": 108787, "rank": 1, "stage": "broadcast_stop_flag", "timeout_sec": 30.0, "ts": "2026-10-04 14:57:04"}
[DBG] {"category": "TRAIN", "component": "train", "elapsed_sec": 0.002231, "event": "END:broadcast_stop_flag", "host": "d6b2a058c4be", "pid": 108787, "rank": 1, "ts": "2026-10-04 14:57:04"}
[DBG] {"category": "TRAIN", "component": "train", "event": "BEGIN:broadcast_preference_payload", "has_payload": null, "host": "d6b2a058c4be", "pid": 108787, "rank": 1, "transport": "json_uint8_gloo", "ts": "2026-10-04 14:57:04"}
[DBG] {"category": "TRAIN", "component": "train", "event": "watchdog_armed", "host": "d6b2a058c4be", "pid": 108787, "rank": 1, "stage": "broadcast_preference_payload", "timeout_sec": 30.0, "ts": "2026-10-04 14:57:04"}
[DBG] {"bytes": null, "category": "TRAIN", "component": "train", "event": "BEGIN:broadcast_preference_length", "host": "d6b2a058c4be", "pid": 108787, "rank": 1, "transport": "gloo_cpu", "ts": "2026-10-04 14:57:04"}
[DBG] {"category": "TRAIN", "component": "train", "event": "watchdog_armed", "host": "d6b2a058c4be", "pid": 108787, "rank": 1, "stage": "broadcast_preference_length", "timeout_sec": 30.0, "ts": "2026-10-04 14:57:04"}
[DBG] {"category": "TRAIN", "component": "train", "elapsed_sec": 0.004262, "event": "END:broadcast_preference_length", "host": "d6b2a058c4be", "pid": 108787, "rank": 1, "ts": "2026-10-04 14:57:04"}
[DBG] {"category": "TRAIN", "component": "train", "event": "watchdog_armed", "host": "d6b2a058c4be", "pid": 108787, "rank": 1, "stage": "broadcast_preference_payload", "timeout_sec": 30.0, "ts": "2026-10-04 14:57:04"}
[DBG] {"category": "TRAIN", "component": "train", "elapsed_sec": 0.004596, "event": "END:broadcast_preference_payload", "host": "d6b2a058c4be", "pid": 108787, "rank": 1, "ts": "2026-10-04 14:57:04"}
[DBG] {"category": "TRAIN", "component": "train", "event": "BEGIN:broadcast_stop_flag", "host": "d6b2a058c4be", "pid": 108787, "rank": 1, "transport": "gloo_cpu", "ts": "2026-10-04 14:57:04", "value": null}
[DBG] {"category": "TRAIN", "component": "train", "event": "watchdog_armed", "host": "d6b2a058c4be", "pid": 108787, "rank": 1, "stage": "broadcast_stop_flag", "timeout_sec": 30.0, "ts": "2026-10-04 14:57:04"}
[DBG] {"category": "TRAIN", "component": "train", "elapsed_sec": 0.003664, "event": "END:broadcast_stop_flag", "host": "d6b2a058c4be", "pid": 108787, "rank": 1, "ts": "2026-10-04 14:57:04"}
[DBG] {"category": "TRAIN", "component": "train", "event": "BEGIN:broadcast_preference_payload", "has_payload": null, "host": "d6b2a058c4be", "pid": 108787, "rank": 1, "transport": "json_uint8_gloo", "ts": "2026-10-04 14:57:04"}
[DBG] {"category": "TRAIN", "component": "train", "event": "watchdog_armed", "host": "d6b2a058c4be", "pid": 108787, "rank": 1, "stage": "broadcast_preference_payload", "timeout_sec": 30.0, "ts": "2026-10-04 14:57:04"}
[DBG] {"bytes": null, "category": "TRAIN", "component": "train", "event": "BEGIN:broadcast_preference_length", "host": "d6b2a058c4be", "pid": 108787, "rank": 1, "transport": "gloo_cpu", "ts": "2026-10-04 14:57:04"}
[DBG] {"category": "TRAIN", "component": "train", "event": "watchdog_armed", "host": "d6b2a058c4be", "pid": 108787, "rank": 1, "stage": "broadcast_preference_length", "timeout_sec": 30.0, "ts": "2026-10-04 14:57:04"}
[DBG] {"category": "TRAIN", "component": "train", "elapsed_sec": 0.017526, "event": "END:broadcast_preference_length", "host": "d6b2a058c4be", "pid": 108787, "rank": 1, "ts": "2026-10-04 14:57:04"}
[DBG] {"category": "TRAIN", "component": "train", "event": "watchdog_armed", "host": "d6b2a058c4be", "pid": 108787, "rank": 1, "stage": "broadcast_preference_payload", "timeout_sec": 30.0, "ts": "2026-10-04 14:57:04"}
[DBG] {"category": "TRAIN", "component": "train", "elapsed_sec": 0.018028, "event": "END:broadcast_preference_payload", "host": "d6b2a058c4be", "pid": 108787, "rank": 1, "ts": "2026-10-04 14:57:04"}
[DBG] {"category": "TRAIN", "component": "train", "event": "BEGIN:broadcast_stop_flag", "host": "d6b2a058c4be", "pid": 108787, "rank": 1, "transport": "gloo_cpu", "ts": "2026-10-04 14:57:05", "value": null}
[DBG] {"category": "TRAIN", "component": "train", "event": "watchdog_armed", "host": "d6b2a058c4be", "pid": 108787, "rank": 1, "stage": "broadcast_stop_flag", "timeout_sec": 30.0, "ts": "2026-10-04 14:57:05"}
[DBG] {"category": "TRAIN", "component": "train", "elapsed_sec": 0.003533, "event": "END:broadcast_stop_flag", "host": "d6b2a058c4be", "pid": 108787, "rank": 1, "ts": "2026-10-04 14:57:05"}
[DBG] {"category": "TRAIN", "component": "train", "event": "BEGIN:broadcast_preference_payload", "has_payload": null, "host": "d6b2a058c4be", "pid": 108787, "rank": 1, "transport": "json_uint8_gloo", "ts": "2026-10-04 14:57:05"}
[DBG] {"category": "TRAIN", "component": "train", "event": "watchdog_armed", "host": "d6b2a058c4be", "pid": 108787, "rank": 1, "stage": "broadcast_preference_payload", "timeout_sec": 30.0, "ts": "2026-10-04 14:57:05"}
[DBG] {"bytes": null, "category": "TRAIN", "component": "train", "event": "BEGIN:broadcast_preference_length", "host": "d6b2a058c4be", "pid": 108787, "rank": 1, "transport": "gloo_cpu", "ts": "2026-10-04 14:57:05"}
[DBG] {"category": "TRAIN", "component": "train", "event": "watchdog_armed", "host": "d6b2a058c4be", "pid": 108787, "rank": 1, "stage": "broadcast_preference_length", "timeout_sec": 30.0, "ts": "2026-10-04 14:57:05"}
[DBG] {"category": "TRAIN", "component": "train", "elapsed_sec": 0.005288, "event": "END:broadcast_preference_length", "host": "d6b2a058c4be", "pid": 108787, "rank": 1, "ts": "2026-10-04 14:57:05"}
[DBG] {"category": "TRAIN", "component": "train", "event": "watchdog_armed", "host": "d6b2a058c4be", "pid": 108787, "rank": 1, "stage": "broadcast_preference_payload", "timeout_sec": 30.0, "ts": "2026-10-04 14:57:05"}
[DBG] {"category": "TRAIN", "component": "train", "elapsed_sec": 0.005699, "event": "END:broadcast_preference_payload", "host": "d6b2a058c4be", "pid": 108787, "rank": 1, "ts": "2026-10-04 14:57:05"}
[DBG] {"category": "TRAIN", "component": "train", "event": "BEGIN:broadcast_stop_flag", "host": "d6b2a058c4be", "pid": 108787, "rank": 1, "transport": "gloo_cpu", "ts": "2026-10-04 14:57:05", "value": null}
[DBG] {"category": "TRAIN", "component": "train", "event": "watchdog_armed", "host": "d6b2a058c4be", "pid": 108787, "rank": 1, "stage": "broadcast_stop_flag", "timeout_sec": 30.0, "ts": "2026-10-04 14:57:05"}
[DBG] {"category": "TRAIN", "component": "train", "elapsed_sec": 0.003517, "event": "END:broadcast_stop_flag", "host": "d6b2a058c4be", "pid": 108787, "rank": 1, "ts": "2026-10-04 14:57:05"}
[DBG] {"category": "TRAIN", "component": "train", "event": "BEGIN:broadcast_preference_payload", "has_payload": null, "host": "d6b2a058c4be", "pid": 108787, "rank": 1, "transport": "json_uint8_gloo", "ts": "2026-10-04 14:57:05"}
[DBG] {"category": "TRAIN", "component": "train", "event": "watchdog_armed", "host": "d6b2a058c4be", "pid": 108787, "rank": 1, "stage": "broadcast_preference_payload", "timeout_sec": 30.0, "ts": "2026-10-04 14:57:05"}
[DBG] {"bytes": null, "category": "TRAIN", "component": "train", "event": "BEGIN:broadcast_preference_length", "host": "d6b2a058c4be", "pid": 108787, "rank": 1, "transport": "gloo_cpu", "ts": "2026-10-04 14:57:05"}
[DBG] {"category": "TRAIN", "component": "train", "event": "watchdog_armed", "host": "d6b2a058c4be", "pid": 108787, "rank": 1, "stage": "broadcast_preference_length", "timeout_sec": 30.0, "ts": "2026-10-04 14:57:05"}
[DBG] {"category": "TRAIN", "component": "train", "elapsed_sec": 0.005655, "event": "END:broadcast_preference_length", "host": "d6b2a058c4be", "pid": 108787, "rank": 1, "ts": "2026-10-04 14:57:05"}
[DBG] {"category": "TRAIN", "component": "train", "event": "watchdog_armed", "host": "d6b2a058c4be", "pid": 108787, "rank": 1, "stage": "broadcast_preference_payload", "timeout_sec": 30.0, "ts": "2026-10-04 14:57:05"}
[DBG] {"category": "TRAIN", "component": "train", "elapsed_sec": 0.006065, "event": "END:broadcast_preference_payload", "host": "d6b2a058c4be", "pid": 108787, "rank": 1, "ts": "2026-10-04 14:57:05"}
[DBG] {"category": "TRAIN", "component": "train", "event": "BEGIN:broadcast_stop_flag", "host": "d6b2a058c4be", "pid": 108787, "rank": 1, "transport": "gloo_cpu", "ts": "2026-10-04 14:57:06", "value": null}
[DBG] {"category": "TRAIN", "component": "train", "event": "watchdog_armed", "host": "d6b2a058c4be", "pid": 108787, "rank": 1, "stage": "broadcast_stop_flag", "timeout_sec": 30.0, "ts": "2026-10-04 14:57:06"}
[DBG] {"category": "TRAIN", "component": "train", "elapsed_sec": 0.003643, "event": "END:broadcast_stop_flag", "host": "d6b2a058c4be", "pid": 108787, "rank": 1, "ts": "2026-10-04 14:57:06"}
[DBG] {"category": "TRAIN", "component": "train", "event": "BEGIN:broadcast_preference_payload", "has_payload": null, "host": "d6b2a058c4be", "pid": 108787, "rank": 1, "transport": "json_uint8_gloo", "ts": "2026-10-04 14:57:06"}
[DBG] {"category": "TRAIN", "component": "train", "event": "watchdog_armed", "host": "d6b2a058c4be", "pid": 108787, "rank": 1, "stage": "broadcast_preference_payload", "timeout_sec": 30.0, "ts": "2026-10-04 14:57:06"}
[DBG] {"bytes": null, "category": "TRAIN", "component": "train", "event": "BEGIN:broadcast_preference_length", "host": "d6b2a058c4be", "pid": 108787, "rank": 1, "transport": "gloo_cpu", "ts": "2026-10-04 14:57:06"}
[DBG] {"category": "TRAIN", "component": "train", "event": "watchdog_armed", "host": "d6b2a058c4be", "pid": 108787, "rank": 1, "stage": "broadcast_preference_length", "timeout_sec": 30.0, "ts": "2026-10-04 14:57:06"}
[DBG] {"category": "TRAIN", "component": "train", "elapsed_sec": 0.008311, "event": "END:broadcast_preference_length", "host": "d6b2a058c4be", "pid": 108787, "rank": 1, "ts": "2026-10-04 14:57:06"}
[DBG] {"category": "TRAIN", "component": "train", "event": "watchdog_armed", "host": "d6b2a058c4be", "pid": 108787, "rank": 1, "stage": "broadcast_preference_payload", "timeout_sec": 30.0, "ts": "2026-10-04 14:57:06"}
[DBG] {"category": "TRAIN", "component": "train", "elapsed_sec": 0.008714, "event": "END:broadcast_preference_payload", "host": "d6b2a058c4be", "pid": 108787, "rank": 1, "ts": "2026-10-04 14:57:06"}
[DBG] {"category": "TRAIN", "component": "train", "event": "BEGIN:broadcast_stop_flag", "host": "d6b2a058c4be", "pid": 108787, "rank": 1, "transport": "gloo_cpu", "ts": "2026-10-04 14:57:06", "value": null}
[DBG] {"category": "TRAIN", "component": "train", "event": "watchdog_armed", "host": "d6b2a058c4be", "pid": 108787, "rank": 1, "stage": "broadcast_stop_flag", "timeout_sec": 30.0, "ts": "2026-10-04 14:57:06"}
[DBG] {"category": "TRAIN", "component": "train", "elapsed_sec": 0.003893, "event": "END:broadcast_stop_flag", "host": "d6b2a058c4be", "pid": 108787, "rank": 1, "ts": "2026-10-04 14:57:06"}
[DBG] {"category": "TRAIN", "component": "train", "event": "BEGIN:broadcast_preference_payload", "has_payload": null, "host": "d6b2a058c4be", "pid": 108787, "rank": 1, "transport": "json_uint8_gloo", "ts": "2026-10-04 14:57:06"}
[DBG] {"category": "TRAIN", "component": "train", "event": "watchdog_armed", "host": "d6b2a058c4be", "pid": 108787, "rank": 1, "stage": "broadcast_preference_payload", "timeout_sec": 30.0, "ts": "2026-10-04 14:57:06"}
[DBG] {"bytes": null, "category": "TRAIN", "component": "train", "event": "BEGIN:broadcast_preference_length", "host": "d6b2a058c4be", "pid": 108787, "rank": 1, "transport": "gloo_cpu", "ts": "2026-10-04 14:57:06"}
[DBG] {"category": "TRAIN", "component": "train", "event": "watchdog_armed", "host": "d6b2a058c4be", "pid": 108787, "rank": 1, "stage": "broadcast_preference_length", "timeout_sec": 30.0, "ts": "2026-10-04 14:57:06"}
[DBG] {"category": "TRAIN", "component": "train", "elapsed_sec": 0.006592, "event": "END:broadcast_preference_length", "host": "d6b2a058c4be", "pid": 108787, "rank": 1, "ts": "2026-10-04 14:57:06"}
[DBG] {"category": "TRAIN", "component": "train", "event": "watchdog_armed", "host": "d6b2a058c4be", "pid": 108787, "rank": 1, "stage": "broadcast_preference_payload", "timeout_sec": 30.0, "ts": "2026-10-04 14:57:06"}
[DBG] {"category": "TRAIN", "component": "train", "elapsed_sec": 0.006994, "event": "END:broadcast_preference_payload", "host": "d6b2a058c4be", "pid": 108787, "rank": 1, "ts": "2026-10-04 14:57:06"}
[DBG] {"category": "TRAIN", "component": "train", "event": "BEGIN:broadcast_stop_flag", "host": "d6b2a058c4be", "pid": 108787, "rank": 1, "transport": "gloo_cpu", "ts": "2026-10-04 14:57:07", "value": null}
[DBG] {"category": "TRAIN", "component": "train", "event": "watchdog_armed", "host": "d6b2a058c4be", "pid": 108787, "rank": 1, "stage": "broadcast_stop_flag", "timeout_sec": 30.0, "ts": "2026-10-04 14:57:07"}
[DBG] {"category": "TRAIN", "component": "train", "elapsed_sec": 0.004044, "event": "END:broadcast_stop_flag", "host": "d6b2a058c4be", "pid": 108787, "rank": 1, "ts": "2026-10-04 14:57:07"}
[DBG] {"category": "TRAIN", "component": "train", "event": "BEGIN:broadcast_preference_payload", "has_payload": null, "host": "d6b2a058c4be", "pid": 108787, "rank": 1, "transport": "json_uint8_gloo", "ts": "2026-10-04 14:57:07"}
[DBG] {"category": "TRAIN", "component": "train", "event": "watchdog_armed", "host": "d6b2a058c4be", "pid": 108787, "rank": 1, "stage": "broadcast_preference_payload", "timeout_sec": 30.0, "ts": "2026-10-04 14:57:07"}
[DBG] {"bytes": null, "category": "TRAIN", "component": "train", "event": "BEGIN:broadcast_preference_length", "host": "d6b2a058c4be", "pid": 108787, "rank": 1, "transport": "gloo_cpu", "ts": "2026-10-04 14:57:07"}
[DBG] {"category": "TRAIN", "component": "train", "event": "watchdog_armed", "host": "d6b2a058c4be", "pid": 108787, "rank": 1, "stage": "broadcast_preference_length", "timeout_sec": 30.0, "ts": "2026-10-04 14:57:07"}
[DBG] {"category": "TRAIN", "component": "train", "elapsed_sec": 0.006234, "event": "END:broadcast_preference_length", "host": "d6b2a058c4be", "pid": 108787, "rank": 1, "ts": "2026-10-04 14:57:07"}
[DBG] {"category": "TRAIN", "component": "train", "event": "watchdog_armed", "host": "d6b2a058c4be", "pid": 108787, "rank": 1, "stage": "broadcast_preference_payload", "timeout_sec": 30.0, "ts": "2026-10-04 14:57:07"}
[DBG] {"category": "TRAIN", "component": "train", "elapsed_sec": 0.006648, "event": "END:broadcast_preference_payload", "host": "d6b2a058c4be", "pid": 108787, "rank": 1, "ts": "2026-10-04 14:57:07"}
[DBG] {"category": "TRAIN", "component": "train", "event": "BEGIN:broadcast_stop_flag", "host": "d6b2a058c4be", "pid": 108787, "rank": 1, "transport": "gloo_cpu", "ts": "2026-10-04 14:57:07", "value": null}
[DBG] {"category": "TRAIN", "component": "train", "event": "watchdog_armed", "host": "d6b2a058c4be", "pid": 108787, "rank": 1, "stage": "broadcast_stop_flag", "timeout_sec": 30.0, "ts": "2026-10-04 14:57:07"}
[DBG] {"category": "TRAIN", "component": "train", "elapsed_sec": 0.004646, "event": "END:broadcast_stop_flag", "host": "d6b2a058c4be", "pid": 108787, "rank": 1, "ts": "2026-10-04 14:57:07"}
[DBG] {"category": "TRAIN", "component": "train", "event": "BEGIN:broadcast_preference_payload", "has_payload": null, "host": "d6b2a058c4be", "pid": 108787, "rank": 1, "transport": "json_uint8_gloo", "ts": "2026-10-04 14:57:07"}
[DBG] {"category": "TRAIN", "component": "train", "event": "watchdog_armed", "host": "d6b2a058c4be", "pid": 108787, "rank": 1, "stage": "broadcast_preference_payload", "timeout_sec": 30.0, "ts": "2026-10-04 14:57:07"}
[DBG] {"bytes": null, "category": "TRAIN", "component": "train", "event": "BEGIN:broadcast_preference_length", "host": "d6b2a058c4be", "pid": 108787, "rank": 1, "transport": "gloo_cpu", "ts": "2026-10-04 14:57:07"}
[DBG] {"category": "TRAIN", "component": "train", "event": "watchdog_armed", "host": "d6b2a058c4be", "pid": 108787, "rank": 1, "stage": "broadcast_preference_length", "timeout_sec": 30.0, "ts": "2026-10-04 14:57:07"}
[DBG] {"category": "TRAIN", "component": "train", "elapsed_sec": 0.006511, "event": "END:broadcast_preference_length", "host": "d6b2a058c4be", "pid": 108787, "rank": 1, "ts": "2026-10-04 14:57:07"}
[DBG] {"category": "TRAIN", "component": "train", "event": "watchdog_armed", "host": "d6b2a058c4be", "pid": 108787, "rank": 1, "stage": "broadcast_preference_payload", "timeout_sec": 30.0, "ts": "2026-10-04 14:57:07"}
[DBG] {"category": "TRAIN", "component": "train", "elapsed_sec": 0.006934, "event": "END:broadcast_preference_payload", "host": "d6b2a058c4be", "pid": 108787, "rank": 1, "ts": "2026-10-04 14:57:07"}
[DBG] {"category": "TRAIN", "component": "train", "event": "BEGIN:broadcast_stop_flag", "host": "d6b2a058c4be", "pid": 108787, "rank": 1, "transport": "gloo_cpu", "ts": "2026-10-04 14:57:08", "value": null}
[DBG] {"category": "TRAIN", "component": "train", "event": "watchdog_armed", "host": "d6b2a058c4be", "pid": 108787, "rank": 1, "stage": "broadcast_stop_flag", "timeout_sec": 30.0, "ts": "2026-10-04 14:57:08"}
[DBG] {"category": "TRAIN", "component": "train", "elapsed_sec": 0.005617, "event": "END:broadcast_stop_flag", "host": "d6b2a058c4be", "pid": 108787, "rank": 1, "ts": "2026-10-04 14:57:08"}
[DBG] {"category": "TRAIN", "component": "train", "event": "BEGIN:broadcast_preference_payload", "has_payload": null, "host": "d6b2a058c4be", "pid": 108787, "rank": 1, "transport": "json_uint8_gloo", "ts": "2026-10-04 14:57:08"}
[DBG] {"category": "TRAIN", "component": "train", "event": "watchdog_armed", "host": "d6b2a058c4be", "pid": 108787, "rank": 1, "stage": "broadcast_preference_payload", "timeout_sec": 30.0, "ts": "2026-10-04 14:57:08"}
[DBG] {"bytes": null, "category": "TRAIN", "component": "train", "event": "BEGIN:broadcast_preference_length", "host": "d6b2a058c4be", "pid": 108787, "rank": 1, "transport": "gloo_cpu", "ts": "2026-10-04 14:57:08"}
[DBG] {"category": "TRAIN", "component": "train", "event": "watchdog_armed", "host": "d6b2a058c4be", "pid": 108787, "rank": 1, "stage": "broadcast_preference_length", "timeout_sec": 30.0, "ts": "2026-10-04 14:57:08"}
[DBG] {"category": "TRAIN", "component": "train", "elapsed_sec": 0.010466, "event": "END:broadcast_preference_length", "host": "d6b2a058c4be", "pid": 108787, "rank": 1, "ts": "2026-10-04 14:57:08"}
[DBG] {"category": "TRAIN", "component": "train", "event": "watchdog_armed", "host": "d6b2a058c4be", "pid": 108787, "rank": 1, "stage": "broadcast_preference_payload", "timeout_sec": 30.0, "ts": "2026-10-04 14:57:08"}
[DBG] {"category": "TRAIN", "component": "train", "elapsed_sec": 0.010881, "event": "END:broadcast_preference_payload", "host": "d6b2a058c4be", "pid": 108787, "rank": 1, "ts": "2026-10-04 14:57:08"}
[DBG] {"category": "TRAIN", "component": "train", "event": "BEGIN:broadcast_stop_flag", "host": "d6b2a058c4be", "pid": 108787, "rank": 1, "transport": "gloo_cpu", "ts": "2026-10-04 14:57:08", "value": null}
[DBG] {"category": "TRAIN", "component": "train", "event": "watchdog_armed", "host": "d6b2a058c4be", "pid": 108787, "rank": 1, "stage": "broadcast_stop_flag", "timeout_sec": 30.0, "ts": "2026-10-04 14:57:08"}
[DBG] {"category": "TRAIN", "component": "train", "elapsed_sec": 0.006337, "event": "END:broadcast_stop_flag", "host": "d6b2a058c4be", "pid": 108787, "rank": 1, "ts": "2026-10-04 14:57:08"}
[DBG] {"category": "TRAIN", "component": "train", "event": "BEGIN:broadcast_preference_payload", "has_payload": null, "host": "d6b2a058c4be", "pid": 108787, "rank": 1, "transport": "json_uint8_gloo", "ts": "2026-10-04 14:57:08"}
[DBG] {"category": "TRAIN", "component": "train", "event": "watchdog_armed", "host": "d6b2a058c4be", "pid": 108787, "rank": 1, "stage": "broadcast_preference_payload", "timeout_sec": 30.0, "ts": "2026-10-04 14:57:08"}
[DBG] {"bytes": null, "category": "TRAIN", "component": "train", "event": "BEGIN:broadcast_preference_length", "host": "d6b2a058c4be", "pid": 108787, "rank": 1, "transport": "gloo_cpu", "ts": "2026-10-04 14:57:08"}
[DBG] {"category": "TRAIN", "component": "train", "event": "watchdog_armed", "host": "d6b2a058c4be", "pid": 108787, "rank": 1, "stage": "broadcast_preference_length", "timeout_sec": 30.0, "ts": "2026-10-04 14:57:08"}
[DBG] {"category": "TRAIN", "component": "train", "elapsed_sec": 0.014419, "event": "END:broadcast_preference_length", "host": "d6b2a058c4be", "pid": 108787, "rank": 1, "ts": "2026-10-04 14:57:08"}
[DBG] {"category": "TRAIN", "component": "train", "event": "watchdog_armed", "host": "d6b2a058c4be", "pid": 108787, "rank": 1, "stage": "broadcast_preference_payload", "timeout_sec": 30.0, "ts": "2026-10-04 14:57:08"}
[DBG] {"category": "TRAIN", "component": "train", "elapsed_sec": 0.014899, "event": "END:broadcast_preference_payload", "host": "d6b2a058c4be", "pid": 108787, "rank": 1, "ts": "2026-10-04 14:57:08"}
[DBG] {"category": "TRAIN", "component": "train", "event": "BEGIN:broadcast_stop_flag", "host": "d6b2a058c4be", "pid": 108787, "rank": 1, "transport": "gloo_cpu", "ts": "2026-10-04 14:57:09", "value": null}
[DBG] {"category": "TRAIN", "component": "train", "event": "watchdog_armed", "host": "d6b2a058c4be", "pid": 108787, "rank": 1, "stage": "broadcast_stop_flag", "timeout_sec": 30.0, "ts": "2026-10-04 14:57:09"}
[DBG] {"category": "TRAIN", "component": "train", "elapsed_sec": 0.006774, "event": "END:broadcast_stop_flag", "host": "d6b2a058c4be", "pid": 108787, "rank": 1, "ts": "2026-10-04 14:57:09"}
[DBG] {"category": "TRAIN", "component": "train", "event": "BEGIN:broadcast_preference_payload", "has_payload": null, "host": "d6b2a058c4be", "pid": 108787, "rank": 1, "transport": "json_uint8_gloo", "ts": "2026-10-04 14:57:09"}
[DBG] {"category": "TRAIN", "component": "train", "event": "watchdog_armed", "host": "d6b2a058c4be", "pid": 108787, "rank": 1, "stage": "broadcast_preference_payload", "timeout_sec": 30.0, "ts": "2026-10-04 14:57:09"}
[DBG] {"bytes": null, "category": "TRAIN", "component": "train", "event": "BEGIN:broadcast_preference_length", "host": "d6b2a058c4be", "pid": 108787, "rank": 1, "transport": "gloo_cpu", "ts": "2026-10-04 14:57:09"}
[DBG] {"category": "TRAIN", "component": "train", "event": "watchdog_armed", "host": "d6b2a058c4be", "pid": 108787, "rank": 1, "stage": "broadcast_preference_length", "timeout_sec": 30.0, "ts": "2026-10-04 14:57:09"}
[DBG] {"category": "TRAIN", "component": "train", "elapsed_sec": 0.014368, "event": "END:broadcast_preference_length", "host": "d6b2a058c4be", "pid": 108787, "rank": 1, "ts": "2026-10-04 14:57:09"}
[DBG] {"category": "TRAIN", "component": "train", "event": "watchdog_armed", "host": "d6b2a058c4be", "pid": 108787, "rank": 1, "stage": "broadcast_preference_payload", "timeout_sec": 30.0, "ts": "2026-10-04 14:57:09"}
[DBG] {"category": "TRAIN", "component": "train", "elapsed_sec": 0.015786, "event": "END:broadcast_preference_payload", "host": "d6b2a058c4be", "pid": 108787, "rank": 1, "ts": "2026-10-04 14:57:09"}
[DBG] {"category": "TRAIN", "component": "train", "event": "BEGIN:broadcast_stop_flag", "host": "d6b2a058c4be", "pid": 108787, "rank": 1, "transport": "gloo_cpu", "ts": "2026-10-04 14:57:09", "value": null}
[DBG] {"category": "TRAIN", "component": "train", "event": "watchdog_armed", "host": "d6b2a058c4be", "pid": 108787, "rank": 1, "stage": "broadcast_stop_flag", "timeout_sec": 30.0, "ts": "2026-10-04 14:57:09"}
[DBG] {"category": "TRAIN", "component": "train", "elapsed_sec": 0.005891, "event": "END:broadcast_stop_flag", "host": "d6b2a058c4be", "pid": 108787, "rank": 1, "ts": "2026-10-04 14:57:09"}
[DBG] {"category": "TRAIN", "component": "train", "event": "BEGIN:broadcast_preference_payload", "has_payload": null, "host": "d6b2a058c4be", "pid": 108787, "rank": 1, "transport": "json_uint8_gloo", "ts": "2026-10-04 14:57:09"}
[DBG] {"category": "TRAIN", "component": "train", "event": "watchdog_armed", "host": "d6b2a058c4be", "pid": 108787, "rank": 1, "stage": "broadcast_preference_payload", "timeout_sec": 30.0, "ts": "2026-10-04 14:57:09"}
[DBG] {"bytes": null, "category": "TRAIN", "component": "train", "event": "BEGIN:broadcast_preference_length", "host": "d6b2a058c4be", "pid": 108787, "rank": 1, "transport": "gloo_cpu", "ts": "2026-10-04 14:57:09"}
[DBG] {"category": "TRAIN", "component": "train", "event": "watchdog_armed", "host": "d6b2a058c4be", "pid": 108787, "rank": 1, "stage": "broadcast_preference_length", "timeout_sec": 30.0, "ts": "2026-10-04 14:57:09"}
[DBG] {"category": "TRAIN", "component": "train", "elapsed_sec": 0.013757, "event": "END:broadcast_preference_length", "host": "d6b2a058c4be", "pid": 108787, "rank": 1, "ts": "2026-10-04 14:57:09"}
[DBG] {"category": "TRAIN", "component": "train", "event": "watchdog_armed", "host": "d6b2a058c4be", "pid": 108787, "rank": 1, "stage": "broadcast_preference_payload", "timeout_sec": 30.0, "ts": "2026-10-04 14:57:09"}
[DBG] {"category": "TRAIN", "component": "train", "elapsed_sec": 0.014981, "event": "END:broadcast_preference_payload", "host": "d6b2a058c4be", "pid": 108787, "rank": 1, "ts": "2026-10-04 14:57:09"}
[DBG] {"category": "TRAIN", "component": "train", "event": "BEGIN:broadcast_stop_flag", "host": "d6b2a058c4be", "pid": 108787, "rank": 1, "transport": "gloo_cpu", "ts": "2026-10-04 14:57:10", "value": null}
[DBG] {"category": "TRAIN", "component": "train", "event": "watchdog_armed", "host": "d6b2a058c4be", "pid": 108787, "rank": 1, "stage": "broadcast_stop_flag", "timeout_sec": 30.0, "ts": "2026-10-04 14:57:10"}
[DBG] {"category": "TRAIN", "component": "train", "elapsed_sec": 0.00621, "event": "END:broadcast_stop_flag", "host": "d6b2a058c4be", "pid": 108787, "rank": 1, "ts": "2026-10-04 14:57:10"}
[DBG] {"category": "TRAIN", "component": "train", "event": "BEGIN:broadcast_preference_payload", "has_payload": null, "host": "d6b2a058c4be", "pid": 108787, "rank": 1, "transport": "json_uint8_gloo", "ts": "2026-10-04 14:57:10"}
[DBG] {"category": "TRAIN", "component": "train", "event": "watchdog_armed", "host": "d6b2a058c4be", "pid": 108787, "rank": 1, "stage": "broadcast_preference_payload", "timeout_sec": 30.0, "ts": "2026-10-04 14:57:10"}
[DBG] {"bytes": null, "category": "TRAIN", "component": "train", "event": "BEGIN:broadcast_preference_length", "host": "d6b2a058c4be", "pid": 108787, "rank": 1, "transport": "gloo_cpu", "ts": "2026-10-04 14:57:10"}
[DBG] {"category": "TRAIN", "component": "train", "event": "watchdog_armed", "host": "d6b2a058c4be", "pid": 108787, "rank": 1, "stage": "broadcast_preference_length", "timeout_sec": 30.0, "ts": "2026-10-04 14:57:10"}
[DBG] {"category": "TRAIN", "component": "train", "elapsed_sec": 0.014134, "event": "END:broadcast_preference_length", "host": "d6b2a058c4be", "pid": 108787, "rank": 1, "ts": "2026-10-04 14:57:10"}
[DBG] {"category": "TRAIN", "component": "train", "event": "watchdog_armed", "host": "d6b2a058c4be", "pid": 108787, "rank": 1, "stage": "broadcast_preference_payload", "timeout_sec": 30.0, "ts": "2026-10-04 14:57:10"}
[DBG] {"category": "TRAIN", "component": "train", "elapsed_sec": 0.015317, "event": "END:broadcast_preference_payload", "host": "d6b2a058c4be", "pid": 108787, "rank": 1, "ts": "2026-10-04 14:57:10"}
[DBG] {"category": "TRAIN", "component": "train", "event": "BEGIN:broadcast_stop_flag", "host": "d6b2a058c4be", "pid": 108787, "rank": 1, "transport": "gloo_cpu", "ts": "2026-10-04 14:57:10", "value": null}
[DBG] {"category": "TRAIN", "component": "train", "event": "watchdog_armed", "host": "d6b2a058c4be", "pid": 108787, "rank": 1, "stage": "broadcast_stop_flag", "timeout_sec": 30.0, "ts": "2026-10-04 14:57:10"}
[DBG] {"category": "TRAIN", "component": "train", "elapsed_sec": 0.006164, "event": "END:broadcast_stop_flag", "host": "d6b2a058c4be", "pid": 108787, "rank": 1, "ts": "2026-10-04 14:57:10"}
[DBG] {"category": "TRAIN", "component": "train", "event": "BEGIN:broadcast_preference_payload", "has_payload": null, "host": "d6b2a058c4be", "pid": 108787, "rank": 1, "transport": "json_uint8_gloo", "ts": "2026-10-04 14:57:10"}
[DBG] {"category": "TRAIN", "component": "train", "event": "watchdog_armed", "host": "d6b2a058c4be", "pid": 108787, "rank": 1, "stage": "broadcast_preference_payload", "timeout_sec": 30.0, "ts": "2026-10-04 14:57:10"}
[DBG] {"bytes": null, "category": "TRAIN", "component": "train", "event": "BEGIN:broadcast_preference_length", "host": "d6b2a058c4be", "pid": 108787, "rank": 1, "transport": "gloo_cpu", "ts": "2026-10-04 14:57:10"}
[DBG] {"category": "TRAIN", "component": "train", "event": "watchdog_armed", "host": "d6b2a058c4be", "pid": 108787, "rank": 1, "stage": "broadcast_preference_length", "timeout_sec": 30.0, "ts": "2026-10-04 14:57:10"}
[DBG] {"category": "TRAIN", "component": "train", "elapsed_sec": 0.014042, "event": "END:broadcast_preference_length", "host": "d6b2a058c4be", "pid": 108787, "rank": 1, "ts": "2026-10-04 14:57:10"}
[DBG] {"category": "TRAIN", "component": "train", "event": "watchdog_armed", "host": "d6b2a058c4be", "pid": 108787, "rank": 1, "stage": "broadcast_preference_payload", "timeout_sec": 30.0, "ts": "2026-10-04 14:57:10"}
[DBG] {"category": "TRAIN", "component": "train", "elapsed_sec": 0.015619, "event": "END:broadcast_preference_payload", "host": "d6b2a058c4be", "pid": 108787, "rank": 1, "ts": "2026-10-04 14:57:10"}
[DBG] {"category": "TRAIN", "component": "train", "event": "BEGIN:broadcast_stop_flag", "host": "d6b2a058c4be", "pid": 108787, "rank": 1, "transport": "gloo_cpu", "ts": "2026-10-04 14:57:11", "value": null}
[DBG] {"category": "TRAIN", "component": "train", "event": "watchdog_armed", "host": "d6b2a058c4be", "pid": 108787, "rank": 1, "stage": "broadcast_stop_flag", "timeout_sec": 30.0, "ts": "2026-10-04 14:57:11"}
[DBG] {"category": "TRAIN", "component": "train", "elapsed_sec": 0.008511, "event": "END:broadcast_stop_flag", "host": "d6b2a058c4be", "pid": 108787, "rank": 1, "ts": "2026-10-04 14:57:11"}
[DBG] {"category": "TRAIN", "component": "train", "event": "BEGIN:broadcast_preference_payload", "has_payload": null, "host": "d6b2a058c4be", "pid": 108787, "rank": 1, "transport": "json_uint8_gloo", "ts": "2026-10-04 14:57:11"}
[DBG] {"category": "TRAIN", "component": "train", "event": "watchdog_armed", "host": "d6b2a058c4be", "pid": 108787, "rank": 1, "stage": "broadcast_preference_payload", "timeout_sec": 30.0, "ts": "2026-10-04 14:57:11"}
[DBG] {"bytes": null, "category": "TRAIN", "component": "train", "event": "BEGIN:broadcast_preference_length", "host": "d6b2a058c4be", "pid": 108787, "rank": 1, "transport": "gloo_cpu", "ts": "2026-10-04 14:57:11"}
[DBG] {"category": "TRAIN", "component": "train", "event": "watchdog_armed", "host": "d6b2a058c4be", "pid": 108787, "rank": 1, "stage": "broadcast_preference_length", "timeout_sec": 30.0, "ts": "2026-10-04 14:57:11"}
[DBG] {"category": "TRAIN", "component": "train", "elapsed_sec": 0.015825, "event": "END:broadcast_preference_length", "host": "d6b2a058c4be", "pid": 108787, "rank": 1, "ts": "2026-10-04 14:57:11"}
[DBG] {"category": "TRAIN", "component": "train", "event": "watchdog_armed", "host": "d6b2a058c4be", "pid": 108787, "rank": 1, "stage": "broadcast_preference_payload", "timeout_sec": 30.0, "ts": "2026-10-04 14:57:11"}
[DBG] {"category": "TRAIN", "component": "train", "elapsed_sec": 0.020207, "event": "END:broadcast_preference_payload", "host": "d6b2a058c4be", "pid": 108787, "rank": 1, "ts": "2026-10-04 14:57:11"}
[DBG] {"category": "TRAIN", "component": "train", "event": "BEGIN:broadcast_stop_flag", "host": "d6b2a058c4be", "pid": 108787, "rank": 1, "transport": "gloo_cpu", "ts": "2026-10-04 14:57:11", "value": null}
[DBG] {"category": "TRAIN", "component": "train", "event": "watchdog_armed", "host": "d6b2a058c4be", "pid": 108787, "rank": 1, "stage": "broadcast_stop_flag", "timeout_sec": 30.0, "ts": "2026-10-04 14:57:11"}
[DBG] {"category": "TRAIN", "component": "train", "elapsed_sec": 0.002992, "event": "END:broadcast_stop_flag", "host": "d6b2a058c4be", "pid": 108787, "rank": 1, "ts": "2026-10-04 14:57:11"}
[DBG] {"category": "TRAIN", "component": "train", "event": "BEGIN:broadcast_preference_payload", "has_payload": null, "host": "d6b2a058c4be", "pid": 108787, "rank": 1, "transport": "json_uint8_gloo", "ts": "2026-10-04 14:57:11"}
[DBG] {"category": "TRAIN", "component": "train", "event": "watchdog_armed", "host": "d6b2a058c4be", "pid": 108787, "rank": 1, "stage": "broadcast_preference_payload", "timeout_sec": 30.0, "ts": "2026-10-04 14:57:11"}
[DBG] {"bytes": null, "category": "TRAIN", "component": "train", "event": "BEGIN:broadcast_preference_length", "host": "d6b2a058c4be", "pid": 108787, "rank": 1, "transport": "gloo_cpu", "ts": "2026-10-04 14:57:11"}
[DBG] {"category": "TRAIN", "component": "train", "event": "watchdog_armed", "host": "d6b2a058c4be", "pid": 108787, "rank": 1, "stage": "broadcast_preference_length", "timeout_sec": 30.0, "ts": "2026-10-04 14:57:11"}
[DBG] {"category": "TRAIN", "component": "train", "elapsed_sec": 0.013942, "event": "END:broadcast_preference_length", "host": "d6b2a058c4be", "pid": 108787, "rank": 1, "ts": "2026-10-04 14:57:11"}
[DBG] {"category": "TRAIN", "component": "train", "event": "watchdog_armed", "host": "d6b2a058c4be", "pid": 108787, "rank": 1, "stage": "broadcast_preference_payload", "timeout_sec": 30.0, "ts": "2026-10-04 14:57:11"}
[DBG] {"category": "TRAIN", "component": "train", "elapsed_sec": 0.015502, "event": "END:broadcast_preference_payload", "host": "d6b2a058c4be", "pid": 108787, "rank": 1, "ts": "2026-10-04 14:57:11"}
[DBG] {"category": "TRAIN", "component": "train", "event": "BEGIN:broadcast_stop_flag", "host": "d6b2a058c4be", "pid": 108787, "rank": 1, "transport": "gloo_cpu", "ts": "2026-10-04 14:57:12", "value": null}
[DBG] {"category": "TRAIN", "component": "train", "event": "watchdog_armed", "host": "d6b2a058c4be", "pid": 108787, "rank": 1, "stage": "broadcast_stop_flag", "timeout_sec": 30.0, "ts": "2026-10-04 14:57:12"}
[DBG] {"category": "TRAIN", "component": "train", "elapsed_sec": 0.006595, "event": "END:broadcast_stop_flag", "host": "d6b2a058c4be", "pid": 108787, "rank": 1, "ts": "2026-10-04 14:57:12"}
[DBG] {"category": "TRAIN", "component": "train", "event": "BEGIN:broadcast_preference_payload", "has_payload": null, "host": "d6b2a058c4be", "pid": 108787, "rank": 1, "transport": "json_uint8_gloo", "ts": "2026-10-04 14:57:12"}
[DBG] {"category": "TRAIN", "component": "train", "event": "watchdog_armed", "host": "d6b2a058c4be", "pid": 108787, "rank": 1, "stage": "broadcast_preference_payload", "timeout_sec": 30.0, "ts": "2026-10-04 14:57:12"}
[DBG] {"bytes": null, "category": "TRAIN", "component": "train", "event": "BEGIN:broadcast_preference_length", "host": "d6b2a058c4be", "pid": 108787, "rank": 1, "transport": "gloo_cpu", "ts": "2026-10-04 14:57:12"}
[DBG] {"category": "TRAIN", "component": "train", "event": "watchdog_armed", "host": "d6b2a058c4be", "pid": 108787, "rank": 1, "stage": "broadcast_preference_length", "timeout_sec": 30.0, "ts": "2026-10-04 14:57:12"}
[DBG] {"category": "TRAIN", "component": "train", "elapsed_sec": 0.012328, "event": "END:broadcast_preference_length", "host": "d6b2a058c4be", "pid": 108787, "rank": 1, "ts": "2026-10-04 14:57:12"}
[DBG] {"category": "TRAIN", "component": "train", "event": "watchdog_armed", "host": "d6b2a058c4be", "pid": 108787, "rank": 1, "stage": "broadcast_preference_payload", "timeout_sec": 30.0, "ts": "2026-10-04 14:57:12"}
[DBG] {"category": "TRAIN", "component": "train", "elapsed_sec": 0.013824, "event": "END:broadcast_preference_payload", "host": "d6b2a058c4be", "pid": 108787, "rank": 1, "ts": "2026-10-04 14:57:12"}
[DBG] {"category": "TRAIN", "component": "train", "event": "BEGIN:broadcast_stop_flag", "host": "d6b2a058c4be", "pid": 108787, "rank": 1, "transport": "gloo_cpu", "ts": "2026-10-04 14:57:12", "value": null}
[DBG] {"category": "TRAIN", "component": "train", "event": "watchdog_armed", "host": "d6b2a058c4be", "pid": 108787, "rank": 1, "stage": "broadcast_stop_flag", "timeout_sec": 30.0, "ts": "2026-10-04 14:57:12"}
[DBG] {"category": "TRAIN", "component": "train", "elapsed_sec": 0.006324, "event": "END:broadcast_stop_flag", "host": "d6b2a058c4be", "pid": 108787, "rank": 1, "ts": "2026-10-04 14:57:12"}
[DBG] {"category": "TRAIN", "component": "train", "event": "BEGIN:broadcast_preference_payload", "has_payload": null, "host": "d6b2a058c4be", "pid": 108787, "rank": 1, "transport": "json_uint8_gloo", "ts": "2026-10-04 14:57:12"}
[DBG] {"category": "TRAIN", "component": "train", "event": "watchdog_armed", "host": "d6b2a058c4be", "pid": 108787, "rank": 1, "stage": "broadcast_preference_payload", "timeout_sec": 30.0, "ts": "2026-10-04 14:57:12"}
[DBG] {"bytes": null, "category": "TRAIN", "component": "train", "event": "BEGIN:broadcast_preference_length", "host": "d6b2a058c4be", "pid": 108787, "rank": 1, "transport": "gloo_cpu", "ts": "2026-10-04 14:57:12"}
[DBG] {"category": "TRAIN", "component": "train", "event": "watchdog_armed", "host": "d6b2a058c4be", "pid": 108787, "rank": 1, "stage": "broadcast_preference_length", "timeout_sec": 30.0, "ts": "2026-10-04 14:57:12"}
[DBG] {"category": "TRAIN", "component": "train", "elapsed_sec": 0.013005, "event": "END:broadcast_preference_length", "host": "d6b2a058c4be", "pid": 108787, "rank": 1, "ts": "2026-10-04 14:57:12"}
[DBG] {"category": "TRAIN", "component": "train", "event": "watchdog_armed", "host": "d6b2a058c4be", "pid": 108787, "rank": 1, "stage": "broadcast_preference_payload", "timeout_sec": 30.0, "ts": "2026-10-04 14:57:12"}
[DBG] {"category": "TRAIN", "component": "train", "elapsed_sec": 0.014724, "event": "END:broadcast_preference_payload", "host": "d6b2a058c4be", "pid": 108787, "rank": 1, "ts": "2026-10-04 14:57:12"}
[DBG] {"category": "TRAIN", "component": "train", "event": "BEGIN:broadcast_stop_flag", "host": "d6b2a058c4be", "pid": 108787, "rank": 1, "transport": "gloo_cpu", "ts": "2026-10-04 14:57:13", "value": null}
[DBG] {"category": "TRAIN", "component": "train", "event": "watchdog_armed", "host": "d6b2a058c4be", "pid": 108787, "rank": 1, "stage": "broadcast_stop_flag", "timeout_sec": 30.0, "ts": "2026-10-04 14:57:13"}
[DBG] {"category": "TRAIN", "component": "train", "elapsed_sec": 0.013016, "event": "END:broadcast_stop_flag", "host": "d6b2a058c4be", "pid": 108787, "rank": 1, "ts": "2026-10-04 14:57:13"}
[DBG] {"category": "TRAIN", "component": "train", "event": "BEGIN:broadcast_preference_payload", "has_payload": null, "host": "d6b2a058c4be", "pid": 108787, "rank": 1, "transport": "json_uint8_gloo", "ts": "2026-10-04 14:57:13"}
[DBG] {"category": "TRAIN", "component": "train", "event": "watchdog_armed", "host": "d6b2a058c4be", "pid": 108787, "rank": 1, "stage": "broadcast_preference_payload", "timeout_sec": 30.0, "ts": "2026-10-04 14:57:13"}
[DBG] {"bytes": null, "category": "TRAIN", "component": "train", "event": "BEGIN:broadcast_preference_length", "host": "d6b2a058c4be", "pid": 108787, "rank": 1, "transport": "gloo_cpu", "ts": "2026-10-04 14:57:13"}
[DBG] {"category": "TRAIN", "component": "train", "event": "watchdog_armed", "host": "d6b2a058c4be", "pid": 108787, "rank": 1, "stage": "broadcast_preference_length", "timeout_sec": 30.0, "ts": "2026-10-04 14:57:13"}
[DBG] {"category": "TRAIN", "component": "train", "elapsed_sec": 0.016392, "event": "END:broadcast_preference_length", "host": "d6b2a058c4be", "pid": 108787, "rank": 1, "ts": "2026-10-04 14:57:13"}
[DBG] {"category": "TRAIN", "component": "train", "event": "watchdog_armed", "host": "d6b2a058c4be", "pid": 108787, "rank": 1, "stage": "broadcast_preference_payload", "timeout_sec": 30.0, "ts": "2026-10-04 14:57:13"}
[DBG] {"category": "TRAIN", "component": "train", "elapsed_sec": 0.017873, "event": "END:broadcast_preference_payload", "host": "d6b2a058c4be", "pid": 108787, "rank": 1, "ts": "2026-10-04 14:57:13"}
[DBG] {"category": "TRAIN", "component": "train", "event": "BEGIN:broadcast_stop_flag", "host": "d6b2a058c4be", "pid": 108787, "rank": 1, "transport": "gloo_cpu", "ts": "2026-10-04 14:57:14", "value": null}
[DBG] {"category": "TRAIN", "component": "train", "event": "watchdog_armed", "host": "d6b2a058c4be", "pid": 108787, "rank": 1, "stage": "broadcast_stop_flag", "timeout_sec": 30.0, "ts": "2026-10-04 14:57:14"}
[DBG] {"category": "TRAIN", "component": "train", "elapsed_sec": 0.007195, "event": "END:broadcast_stop_flag", "host": "d6b2a058c4be", "pid": 108787, "rank": 1, "ts": "2026-10-04 14:57:14"}
[DBG] {"category": "TRAIN", "component": "train", "event": "BEGIN:broadcast_preference_payload", "has_payload": null, "host": "d6b2a058c4be", "pid": 108787, "rank": 1, "transport": "json_uint8_gloo", "ts": "2026-10-04 14:57:14"}
[DBG] {"category": "TRAIN", "component": "train", "event": "watchdog_armed", "host": "d6b2a058c4be", "pid": 108787, "rank": 1, "stage": "broadcast_preference_payload", "timeout_sec": 30.0, "ts": "2026-10-04 14:57:14"}
[DBG] {"bytes": null, "category": "TRAIN", "component": "train", "event": "BEGIN:broadcast_preference_length", "host": "d6b2a058c4be", "pid": 108787, "rank": 1, "transport": "gloo_cpu", "ts": "2026-10-04 14:57:14"}
[DBG] {"category": "TRAIN", "component": "train", "event": "watchdog_armed", "host": "d6b2a058c4be", "pid": 108787, "rank": 1, "stage": "broadcast_preference_length", "timeout_sec": 30.0, "ts": "2026-10-04 14:57:14"}
[DBG] {"category": "TRAIN", "component": "train", "elapsed_sec": 0.014431, "event": "END:broadcast_preference_length", "host": "d6b2a058c4be", "pid": 108787, "rank": 1, "ts": "2026-10-04 14:57:14"}
[DBG] {"category": "TRAIN", "component": "train", "event": "watchdog_armed", "host": "d6b2a058c4be", "pid": 108787, "rank": 1, "stage": "broadcast_preference_payload", "timeout_sec": 30.0, "ts": "2026-10-04 14:57:14"}
[DBG] {"category": "TRAIN", "component": "train", "elapsed_sec": 0.015646, "event": "END:broadcast_preference_payload", "host": "d6b2a058c4be", "pid": 108787, "rank": 1, "ts": "2026-10-04 14:57:14"}
[DBG] {"category": "TRAIN", "component": "train", "event": "BEGIN:broadcast_stop_flag", "host": "d6b2a058c4be", "pid": 108787, "rank": 1, "transport": "gloo_cpu", "ts": "2026-10-04 14:57:14", "value": null}
[DBG] {"category": "TRAIN", "component": "train", "event": "watchdog_armed", "host": "d6b2a058c4be", "pid": 108787, "rank": 1, "stage": "broadcast_stop_flag", "timeout_sec": 30.0, "ts": "2026-10-04 14:57:14"}
[DBG] {"category": "TRAIN", "component": "train", "elapsed_sec": 0.006473, "event": "END:broadcast_stop_flag", "host": "d6b2a058c4be", "pid": 108787, "rank": 1, "ts": "2026-10-04 14:57:14"}
[DBG] {"category": "TRAIN", "component": "train", "event": "BEGIN:broadcast_preference_payload", "has_payload": null, "host": "d6b2a058c4be", "pid": 108787, "rank": 1, "transport": "json_uint8_gloo", "ts": "2026-10-04 14:57:14"}
[DBG] {"category": "TRAIN", "component": "train", "event": "watchdog_armed", "host": "d6b2a058c4be", "pid": 108787, "rank": 1, "stage": "broadcast_preference_payload", "timeout_sec": 30.0, "ts": "2026-10-04 14:57:14"}
[DBG] {"bytes": null, "category": "TRAIN", "component": "train", "event": "BEGIN:broadcast_preference_length", "host": "d6b2a058c4be", "pid": 108787, "rank": 1, "transport": "gloo_cpu", "ts": "2026-10-04 14:57:14"}
[DBG] {"category": "TRAIN", "component": "train", "event": "watchdog_armed", "host": "d6b2a058c4be", "pid": 108787, "rank": 1, "stage": "broadcast_preference_length", "timeout_sec": 30.0, "ts": "2026-10-04 14:57:14"}
[DBG] {"category": "TRAIN", "component": "train", "elapsed_sec": 0.012874, "event": "END:broadcast_preference_length", "host": "d6b2a058c4be", "pid": 108787, "rank": 1, "ts": "2026-10-04 14:57:14"}
[DBG] {"category": "TRAIN", "component": "train", "event": "watchdog_armed", "host": "d6b2a058c4be", "pid": 108787, "rank": 1, "stage": "broadcast_preference_payload", "timeout_sec": 30.0, "ts": "2026-10-04 14:57:14"}
[DBG] {"category": "TRAIN", "component": "train", "elapsed_sec": 0.013696, "event": "END:broadcast_preference_payload", "host": "d6b2a058c4be", "pid": 108787, "rank": 1, "ts": "2026-10-04 14:57:14"}
[DBG] {"category": "TRAIN", "component": "train", "event": "BEGIN:broadcast_stop_flag", "host": "d6b2a058c4be", "pid": 108787, "rank": 1, "transport": "gloo_cpu", "ts": "2026-10-04 14:57:15", "value": null}
[DBG] {"category": "TRAIN", "component": "train", "event": "watchdog_armed", "host": "d6b2a058c4be", "pid": 108787, "rank": 1, "stage": "broadcast_stop_flag", "timeout_sec": 30.0, "ts": "2026-10-04 14:57:15"}
[DBG] {"category": "TRAIN", "component": "train", "elapsed_sec": 0.008227, "event": "END:broadcast_stop_flag", "host": "d6b2a058c4be", "pid": 108787, "rank": 1, "ts": "2026-10-04 14:57:15"}
[DBG] {"category": "TRAIN", "component": "train", "event": "BEGIN:broadcast_preference_payload", "has_payload": null, "host": "d6b2a058c4be", "pid": 108787, "rank": 1, "transport": "json_uint8_gloo", "ts": "2026-10-04 14:57:15"}
[DBG] {"category": "TRAIN", "component": "train", "event": "watchdog_armed", "host": "d6b2a058c4be", "pid": 108787, "rank": 1, "stage": "broadcast_preference_payload", "timeout_sec": 30.0, "ts": "2026-10-04 14:57:15"}
[DBG] {"bytes": null, "category": "TRAIN", "component": "train", "event": "BEGIN:broadcast_preference_length", "host": "d6b2a058c4be", "pid": 108787, "rank": 1, "transport": "gloo_cpu", "ts": "2026-10-04 14:57:15"}
[DBG] {"category": "TRAIN", "component": "train", "event": "watchdog_armed", "host": "d6b2a058c4be", "pid": 108787, "rank": 1, "stage": "broadcast_preference_length", "timeout_sec": 30.0, "ts": "2026-10-04 14:57:15"}
[DBG] {"category": "TRAIN", "component": "train", "elapsed_sec": 0.01557, "event": "END:broadcast_preference_length", "host": "d6b2a058c4be", "pid": 108787, "rank": 1, "ts": "2026-10-04 14:57:15"}
[DBG] {"category": "TRAIN", "component": "train", "event": "watchdog_armed", "host": "d6b2a058c4be", "pid": 108787, "rank": 1, "stage": "broadcast_preference_payload", "timeout_sec": 30.0, "ts": "2026-10-04 14:57:15"}
[DBG] {"category": "TRAIN", "component": "train", "elapsed_sec": 0.017029, "event": "END:broadcast_preference_payload", "host": "d6b2a058c4be", "pid": 108787, "rank": 1, "ts": "2026-10-04 14:57:15"}
[DBG] {"category": "TRAIN", "component": "train", "event": "BEGIN:broadcast_stop_flag", "host": "d6b2a058c4be", "pid": 108787, "rank": 1, "transport": "gloo_cpu", "ts": "2026-10-04 14:57:15", "value": null}
[DBG] {"category": "TRAIN", "component": "train", "event": "watchdog_armed", "host": "d6b2a058c4be", "pid": 108787, "rank": 1, "stage": "broadcast_stop_flag", "timeout_sec": 30.0, "ts": "2026-10-04 14:57:15"}
[DBG] {"category": "TRAIN", "component": "train", "elapsed_sec": 0.00887, "event": "END:broadcast_stop_flag", "host": "d6b2a058c4be", "pid": 108787, "rank": 1, "ts": "2026-10-04 14:57:15"}
[DBG] {"category": "TRAIN", "component": "train", "event": "BEGIN:broadcast_preference_payload", "has_payload": null, "host": "d6b2a058c4be", "pid": 108787, "rank": 1, "transport": "json_uint8_gloo", "ts": "2026-10-04 14:57:15"}
[DBG] {"category": "TRAIN", "component": "train", "event": "watchdog_armed", "host": "d6b2a058c4be", "pid": 108787, "rank": 1, "stage": "broadcast_preference_payload", "timeout_sec": 30.0, "ts": "2026-10-04 14:57:15"}
[DBG] {"bytes": null, "category": "TRAIN", "component": "train", "event": "BEGIN:broadcast_preference_length", "host": "d6b2a058c4be", "pid": 108787, "rank": 1, "transport": "gloo_cpu", "ts": "2026-10-04 14:57:15"}
[DBG] {"category": "TRAIN", "component": "train", "event": "watchdog_armed", "host": "d6b2a058c4be", "pid": 108787, "rank": 1, "stage": "broadcast_preference_length", "timeout_sec": 30.0, "ts": "2026-10-04 14:57:15"}
[DBG] {"category": "TRAIN", "component": "train", "elapsed_sec": 0.016058, "event": "END:broadcast_preference_length", "host": "d6b2a058c4be", "pid": 108787, "rank": 1, "ts": "2026-10-04 14:57:15"}
[DBG] {"category": "TRAIN", "component": "train", "event": "watchdog_armed", "host": "d6b2a058c4be", "pid": 108787, "rank": 1, "stage": "broadcast_preference_payload", "timeout_sec": 30.0, "ts": "2026-10-04 14:57:15"}
[DBG] {"category": "TRAIN", "component": "train", "elapsed_sec": 0.017663, "event": "END:broadcast_preference_payload", "host": "d6b2a058c4be", "pid": 108787, "rank": 1, "ts": "2026-10-04 14:57:15"}
[DBG] {"category": "TRAIN", "component": "train", "event": "BEGIN:broadcast_stop_flag", "host": "d6b2a058c4be", "pid": 108787, "rank": 1, "transport": "gloo_cpu", "ts": "2026-10-04 14:57:16", "value": null}
[DBG] {"category": "TRAIN", "component": "train", "event": "watchdog_armed", "host": "d6b2a058c4be", "pid": 108787, "rank": 1, "stage": "broadcast_stop_flag", "timeout_sec": 30.0, "ts": "2026-10-04 14:57:16"}
[DBG] {"category": "TRAIN", "component": "train", "elapsed_sec": 0.006821, "event": "END:broadcast_stop_flag", "host": "d6b2a058c4be", "pid": 108787, "rank": 1, "ts": "2026-10-04 14:57:16"}
[DBG] {"category": "TRAIN", "component": "train", "event": "BEGIN:broadcast_preference_payload", "has_payload": null, "host": "d6b2a058c4be", "pid": 108787, "rank": 1, "transport": "json_uint8_gloo", "ts": "2026-10-04 14:57:16"}
[DBG] {"category": "TRAIN", "component": "train", "event": "watchdog_armed", "host": "d6b2a058c4be", "pid": 108787, "rank": 1, "stage": "broadcast_preference_payload", "timeout_sec": 30.0, "ts": "2026-10-04 14:57:16"}
[DBG] {"bytes": null, "category": "TRAIN", "component": "train", "event": "BEGIN:broadcast_preference_length", "host": "d6b2a058c4be", "pid": 108787, "rank": 1, "transport": "gloo_cpu", "ts": "2026-10-04 14:57:16"}
[DBG] {"category": "TRAIN", "component": "train", "event": "watchdog_armed", "host": "d6b2a058c4be", "pid": 108787, "rank": 1, "stage": "broadcast_preference_length", "timeout_sec": 30.0, "ts": "2026-10-04 14:57:16"}
[DBG] {"category": "TRAIN", "component": "train", "elapsed_sec": 0.018406, "event": "END:broadcast_preference_length", "host": "d6b2a058c4be", "pid": 108787, "rank": 1, "ts": "2026-10-04 14:57:16"}
[DBG] {"category": "TRAIN", "component": "train", "event": "watchdog_armed", "host": "d6b2a058c4be", "pid": 108787, "rank": 1, "stage": "broadcast_preference_payload", "timeout_sec": 30.0, "ts": "2026-10-04 14:57:16"}
[DBG] {"category": "TRAIN", "component": "train", "elapsed_sec": 0.019786, "event": "END:broadcast_preference_payload", "host": "d6b2a058c4be", "pid": 108787, "rank": 1, "ts": "2026-10-04 14:57:16"}
[DBG] {"category": "TRAIN", "component": "train", "event": "BEGIN:broadcast_stop_flag", "host": "d6b2a058c4be", "pid": 108787, "rank": 1, "transport": "gloo_cpu", "ts": "2026-10-04 14:57:16", "value": null}
[DBG] {"category": "TRAIN", "component": "train", "event": "watchdog_armed", "host": "d6b2a058c4be", "pid": 108787, "rank": 1, "stage": "broadcast_stop_flag", "timeout_sec": 30.0, "ts": "2026-10-04 14:57:16"}
[DBG] {"category": "TRAIN", "component": "train", "elapsed_sec": 0.00901, "event": "END:broadcast_stop_flag", "host": "d6b2a058c4be", "pid": 108787, "rank": 1, "ts": "2026-10-04 14:57:16"}
[DBG] {"category": "TRAIN", "component": "train", "event": "BEGIN:broadcast_preference_payload", "has_payload": null, "host": "d6b2a058c4be", "pid": 108787, "rank": 1, "transport": "json_uint8_gloo", "ts": "2026-10-04 14:57:16"}
[DBG] {"category": "TRAIN", "component": "train", "event": "watchdog_armed", "host": "d6b2a058c4be", "pid": 108787, "rank": 1, "stage": "broadcast_preference_payload", "timeout_sec": 30.0, "ts": "2026-10-04 14:57:16"}
[DBG] {"bytes": null, "category": "TRAIN", "component": "train", "event": "BEGIN:broadcast_preference_length", "host": "d6b2a058c4be", "pid": 108787, "rank": 1, "transport": "gloo_cpu", "ts": "2026-10-04 14:57:16"}
[DBG] {"category": "TRAIN", "component": "train", "event": "watchdog_armed", "host": "d6b2a058c4be", "pid": 108787, "rank": 1, "stage": "broadcast_preference_length", "timeout_sec": 30.0, "ts": "2026-10-04 14:57:16"}
[DBG] {"category": "TRAIN", "component": "train", "elapsed_sec": 0.016711, "event": "END:broadcast_preference_length", "host": "d6b2a058c4be", "pid": 108787, "rank": 1, "ts": "2026-10-04 14:57:16"}
[DBG] {"category": "TRAIN", "component": "train", "event": "watchdog_armed", "host": "d6b2a058c4be", "pid": 108787, "rank": 1, "stage": "broadcast_preference_payload", "timeout_sec": 30.0, "ts": "2026-10-04 14:57:16"}
[DBG] {"category": "TRAIN", "component": "train", "elapsed_sec": 0.018316, "event": "END:broadcast_preference_payload", "host": "d6b2a058c4be", "pid": 108787, "rank": 1, "ts": "2026-10-04 14:57:16"}
[DBG] {"category": "TRAIN", "component": "train", "event": "BEGIN:broadcast_stop_flag", "host": "d6b2a058c4be", "pid": 108787, "rank": 1, "transport": "gloo_cpu", "ts": "2026-10-04 14:57:17", "value": null}
[DBG] {"category": "TRAIN", "component": "train", "event": "watchdog_armed", "host": "d6b2a058c4be", "pid": 108787, "rank": 1, "stage": "broadcast_stop_flag", "timeout_sec": 30.0, "ts": "2026-10-04 14:57:17"}
[DBG] {"category": "TRAIN", "component": "train", "elapsed_sec": 0.007539, "event": "END:broadcast_stop_flag", "host": "d6b2a058c4be", "pid": 108787, "rank": 1, "ts": "2026-10-04 14:57:17"}
[DBG] {"category": "TRAIN", "component": "train", "event": "BEGIN:broadcast_preference_payload", "has_payload": null, "host": "d6b2a058c4be", "pid": 108787, "rank": 1, "transport": "json_uint8_gloo", "ts": "2026-10-04 14:57:17"}
[DBG] {"category": "TRAIN", "component": "train", "event": "watchdog_armed", "host": "d6b2a058c4be", "pid": 108787, "rank": 1, "stage": "broadcast_preference_payload", "timeout_sec": 30.0, "ts": "2026-10-04 14:57:17"}
[DBG] {"bytes": null, "category": "TRAIN", "component": "train", "event": "BEGIN:broadcast_preference_length", "host": "d6b2a058c4be", "pid": 108787, "rank": 1, "transport": "gloo_cpu", "ts": "2026-10-04 14:57:17"}
[DBG] {"category": "TRAIN", "component": "train", "event": "watchdog_armed", "host": "d6b2a058c4be", "pid": 108787, "rank": 1, "stage": "broadcast_preference_length", "timeout_sec": 30.0, "ts": "2026-10-04 14:57:17"}
[DBG] {"category": "TRAIN", "component": "train", "elapsed_sec": 0.015887, "event": "END:broadcast_preference_length", "host": "d6b2a058c4be", "pid": 108787, "rank": 1, "ts": "2026-10-04 14:57:17"}
[DBG] {"category": "TRAIN", "component": "train", "event": "watchdog_armed", "host": "d6b2a058c4be", "pid": 108787, "rank": 1, "stage": "broadcast_preference_payload", "timeout_sec": 30.0, "ts": "2026-10-04 14:57:17"}
[DBG] {"category": "TRAIN", "component": "train", "elapsed_sec": 0.017253, "event": "END:broadcast_preference_payload", "host": "d6b2a058c4be", "pid": 108787, "rank": 1, "ts": "2026-10-04 14:57:17"}
[DBG] {"category": "TRAIN", "component": "train", "event": "BEGIN:broadcast_stop_flag", "host": "d6b2a058c4be", "pid": 108787, "rank": 1, "transport": "gloo_cpu", "ts": "2026-10-04 14:57:17", "value": null}
[DBG] {"category": "TRAIN", "component": "train", "event": "watchdog_armed", "host": "d6b2a058c4be", "pid": 108787, "rank": 1, "stage": "broadcast_stop_flag", "timeout_sec": 30.0, "ts": "2026-10-04 14:57:17"}
[DBG] {"category": "TRAIN", "component": "train", "elapsed_sec": 0.006033, "event": "END:broadcast_stop_flag", "host": "d6b2a058c4be", "pid": 108787, "rank": 1, "ts": "2026-10-04 14:57:17"}
[DBG] {"category": "TRAIN", "component": "train", "event": "BEGIN:broadcast_preference_payload", "has_payload": null, "host": "d6b2a058c4be", "pid": 108787, "rank": 1, "transport": "json_uint8_gloo", "ts": "2026-10-04 14:57:17"}
[DBG] {"category": "TRAIN", "component": "train", "event": "watchdog_armed", "host": "d6b2a058c4be", "pid": 108787, "rank": 1, "stage": "broadcast_preference_payload", "timeout_sec": 30.0, "ts": "2026-10-04 14:57:17"}
[DBG] {"bytes": null, "category": "TRAIN", "component": "train", "event": "BEGIN:broadcast_preference_length", "host": "d6b2a058c4be", "pid": 108787, "rank": 1, "transport": "gloo_cpu", "ts": "2026-10-04 14:57:17"}
[DBG] {"category": "TRAIN", "component": "train", "event": "watchdog_armed", "host": "d6b2a058c4be", "pid": 108787, "rank": 1, "stage": "broadcast_preference_length", "timeout_sec": 30.0, "ts": "2026-10-04 14:57:17"}
[DBG] {"category": "TRAIN", "component": "train", "elapsed_sec": 0.012014, "event": "END:broadcast_preference_length", "host": "d6b2a058c4be", "pid": 108787, "rank": 1, "ts": "2026-10-04 14:57:17"}
[DBG] {"category": "TRAIN", "component": "train", "event": "watchdog_armed", "host": "d6b2a058c4be", "pid": 108787, "rank": 1, "stage": "broadcast_preference_payload", "timeout_sec": 30.0, "ts": "2026-10-04 14:57:17"}
[DBG] {"category": "TRAIN", "component": "train", "elapsed_sec": 0.013253, "event": "END:broadcast_preference_payload", "host": "d6b2a058c4be", "pid": 108787, "rank": 1, "ts": "2026-10-04 14:57:17"}
[DBG] {"category": "TRAIN", "component": "train", "event": "BEGIN:broadcast_stop_flag", "host": "d6b2a058c4be", "pid": 108787, "rank": 1, "transport": "gloo_cpu", "ts": "2026-10-04 14:57:18", "value": null}
[DBG] {"category": "TRAIN", "component": "train", "event": "watchdog_armed", "host": "d6b2a058c4be", "pid": 108787, "rank": 1, "stage": "broadcast_stop_flag", "timeout_sec": 30.0, "ts": "2026-10-04 14:57:18"}
[DBG] {"category": "TRAIN", "component": "train", "elapsed_sec": 0.007399, "event": "END:broadcast_stop_flag", "host": "d6b2a058c4be", "pid": 108787, "rank": 1, "ts": "2026-10-04 14:57:18"}
[DBG] {"category": "TRAIN", "component": "train", "event": "BEGIN:broadcast_preference_payload", "has_payload": null, "host": "d6b2a058c4be", "pid": 108787, "rank": 1, "transport": "json_uint8_gloo", "ts": "2026-10-04 14:57:18"}
[DBG] {"category": "TRAIN", "component": "train", "event": "watchdog_armed", "host": "d6b2a058c4be", "pid": 108787, "rank": 1, "stage": "broadcast_preference_payload", "timeout_sec": 30.0, "ts": "2026-10-04 14:57:18"}
[DBG] {"bytes": null, "category": "TRAIN", "component": "train", "event": "BEGIN:broadcast_preference_length", "host": "d6b2a058c4be", "pid": 108787, "rank": 1, "transport": "gloo_cpu", "ts": "2026-10-04 14:57:18"}
[DBG] {"category": "TRAIN", "component": "train", "event": "watchdog_armed", "host": "d6b2a058c4be", "pid": 108787, "rank": 1, "stage": "broadcast_preference_length", "timeout_sec": 30.0, "ts": "2026-10-04 14:57:18"}
[DBG] {"category": "TRAIN", "component": "train", "elapsed_sec": 0.013084, "event": "END:broadcast_preference_length", "host": "d6b2a058c4be", "pid": 108787, "rank": 1, "ts": "2026-10-04 14:57:18"}
[DBG] {"category": "TRAIN", "component": "train", "event": "watchdog_armed", "host": "d6b2a058c4be", "pid": 108787, "rank": 1, "stage": "broadcast_preference_payload", "timeout_sec": 30.0, "ts": "2026-10-04 14:57:18"}
[DBG] {"category": "TRAIN", "component": "train", "elapsed_sec": 0.014468, "event": "END:broadcast_preference_payload", "host": "d6b2a058c4be", "pid": 108787, "rank": 1, "ts": "2026-10-04 14:57:18"}
[DBG] {"category": "TRAIN", "component": "train", "event": "BEGIN:broadcast_stop_flag", "host": "d6b2a058c4be", "pid": 108787, "rank": 1, "transport": "gloo_cpu", "ts": "2026-10-04 14:57:18", "value": null}
[DBG] {"category": "TRAIN", "component": "train", "event": "watchdog_armed", "host": "d6b2a058c4be", "pid": 108787, "rank": 1, "stage": "broadcast_stop_flag", "timeout_sec": 30.0, "ts": "2026-10-04 14:57:18"}
[DBG] {"category": "TRAIN", "component": "train", "elapsed_sec": 0.00625, "event": "END:broadcast_stop_flag", "host": "d6b2a058c4be", "pid": 108787, "rank": 1, "ts": "2026-10-04 14:57:18"}
[DBG] {"category": "TRAIN", "component": "train", "event": "BEGIN:broadcast_preference_payload", "has_payload": null, "host": "d6b2a058c4be", "pid": 108787, "rank": 1, "transport": "json_uint8_gloo", "ts": "2026-10-04 14:57:18"}
[DBG] {"category": "TRAIN", "component": "train", "event": "watchdog_armed", "host": "d6b2a058c4be", "pid": 108787, "rank": 1, "stage": "broadcast_preference_payload", "timeout_sec": 30.0, "ts": "2026-10-04 14:57:18"}
[DBG] {"bytes": null, "category": "TRAIN", "component": "train", "event": "BEGIN:broadcast_preference_length", "host": "d6b2a058c4be", "pid": 108787, "rank": 1, "transport": "gloo_cpu", "ts": "2026-10-04 14:57:18"}
[DBG] {"category": "TRAIN", "component": "train", "event": "watchdog_armed", "host": "d6b2a058c4be", "pid": 108787, "rank": 1, "stage": "broadcast_preference_length", "timeout_sec": 30.0, "ts": "2026-10-04 14:57:18"}
[DBG] {"category": "TRAIN", "component": "train", "elapsed_sec": 0.012078, "event": "END:broadcast_preference_length", "host": "d6b2a058c4be", "pid": 108787, "rank": 1, "ts": "2026-10-04 14:57:18"}
[DBG] {"category": "TRAIN", "component": "train", "event": "watchdog_armed", "host": "d6b2a058c4be", "pid": 108787, "rank": 1, "stage": "broadcast_preference_payload", "timeout_sec": 30.0, "ts": "2026-10-04 14:57:18"}
[DBG] {"category": "TRAIN", "component": "train", "elapsed_sec": 0.012921, "event": "END:broadcast_preference_payload", "host": "d6b2a058c4be", "pid": 108787, "rank": 1, "ts": "2026-10-04 14:57:18"}
[DBG] {"category": "TRAIN", "component": "train", "event": "BEGIN:broadcast_stop_flag", "host": "d6b2a058c4be", "pid": 108787, "rank": 1, "transport": "gloo_cpu", "ts": "2026-10-04 14:57:19", "value": null}
[DBG] {"category": "TRAIN", "component": "train", "event": "watchdog_armed", "host": "d6b2a058c4be", "pid": 108787, "rank": 1, "stage": "broadcast_stop_flag", "timeout_sec": 30.0, "ts": "2026-10-04 14:57:19"}
[DBG] {"category": "TRAIN", "component": "train", "elapsed_sec": 0.007136, "event": "END:broadcast_stop_flag", "host": "d6b2a058c4be", "pid": 108787, "rank": 1, "ts": "2026-10-04 14:57:19"}
[DBG] {"category": "TRAIN", "component": "train", "event": "BEGIN:broadcast_preference_payload", "has_payload": null, "host": "d6b2a058c4be", "pid": 108787, "rank": 1, "transport": "json_uint8_gloo", "ts": "2026-10-04 14:57:19"}
[DBG] {"category": "TRAIN", "component": "train", "event": "watchdog_armed", "host": "d6b2a058c4be", "pid": 108787, "rank": 1, "stage": "broadcast_preference_payload", "timeout_sec": 30.0, "ts": "2026-10-04 14:57:19"}
[DBG] {"bytes": null, "category": "TRAIN", "component": "train", "event": "BEGIN:broadcast_preference_length", "host": "d6b2a058c4be", "pid": 108787, "rank": 1, "transport": "gloo_cpu", "ts": "2026-10-04 14:57:19"}
[DBG] {"category": "TRAIN", "component": "train", "event": "watchdog_armed", "host": "d6b2a058c4be", "pid": 108787, "rank": 1, "stage": "broadcast_preference_length", "timeout_sec": 30.0, "ts": "2026-10-04 14:57:19"}
[DBG] {"category": "TRAIN", "component": "train", "elapsed_sec": 0.013041, "event": "END:broadcast_preference_length", "host": "d6b2a058c4be", "pid": 108787, "rank": 1, "ts": "2026-10-04 14:57:19"}
[DBG] {"category": "TRAIN", "component": "train", "event": "watchdog_armed", "host": "d6b2a058c4be", "pid": 108787, "rank": 1, "stage": "broadcast_preference_payload", "timeout_sec": 30.0, "ts": "2026-10-04 14:57:19"}
[DBG] {"category": "TRAIN", "component": "train", "elapsed_sec": 0.013909, "event": "END:broadcast_preference_payload", "host": "d6b2a058c4be", "pid": 108787, "rank": 1, "ts": "2026-10-04 14:57:19"}
[DBG] {"category": "TRAIN", "component": "train", "event": "BEGIN:broadcast_stop_flag", "host": "d6b2a058c4be", "pid": 108787, "rank": 1, "transport": "gloo_cpu", "ts": "2026-10-04 14:57:19", "value": null}
[DBG] {"category": "TRAIN", "component": "train", "event": "watchdog_armed", "host": "d6b2a058c4be", "pid": 108787, "rank": 1, "stage": "broadcast_stop_flag", "timeout_sec": 30.0, "ts": "2026-10-04 14:57:19"}
[DBG] {"category": "TRAIN", "component": "train", "elapsed_sec": 0.007668, "event": "END:broadcast_stop_flag", "host": "d6b2a058c4be", "pid": 108787, "rank": 1, "ts": "2026-10-04 14:57:19"}
[DBG] {"category": "TRAIN", "component": "train", "event": "BEGIN:broadcast_preference_payload", "has_payload": null, "host": "d6b2a058c4be", "pid": 108787, "rank": 1, "transport": "json_uint8_gloo", "ts": "2026-10-04 14:57:19"}
[DBG] {"category": "TRAIN", "component": "train", "event": "watchdog_armed", "host": "d6b2a058c4be", "pid": 108787, "rank": 1, "stage": "broadcast_preference_payload", "timeout_sec": 30.0, "ts": "2026-10-04 14:57:19"}
[DBG] {"bytes": null, "category": "TRAIN", "component": "train", "event": "BEGIN:broadcast_preference_length", "host": "d6b2a058c4be", "pid": 108787, "rank": 1, "transport": "gloo_cpu", "ts": "2026-10-04 14:57:19"}
[DBG] {"category": "TRAIN", "component": "train", "event": "watchdog_armed", "host": "d6b2a058c4be", "pid": 108787, "rank": 1, "stage": "broadcast_preference_length", "timeout_sec": 30.0, "ts": "2026-10-04 14:57:19"}
[DBG] {"category": "TRAIN", "component": "train", "elapsed_sec": 0.013863, "event": "END:broadcast_preference_length", "host": "d6b2a058c4be", "pid": 108787, "rank": 1, "ts": "2026-10-04 14:57:19"}
[DBG] {"category": "TRAIN", "component": "train", "event": "watchdog_armed", "host": "d6b2a058c4be", "pid": 108787, "rank": 1, "stage": "broadcast_preference_payload", "timeout_sec": 30.0, "ts": "2026-10-04 14:57:19"}
[DBG] {"category": "TRAIN", "component": "train", "elapsed_sec": 0.015069, "event": "END:broadcast_preference_payload", "host": "d6b2a058c4be", "pid": 108787, "rank": 1, "ts": "2026-10-04 14:57:19"}
[DBG] {"category": "TRAIN", "component": "train", "event": "BEGIN:broadcast_stop_flag", "host": "d6b2a058c4be", "pid": 108787, "rank": 1, "transport": "gloo_cpu", "ts": "2026-10-04 14:57:20", "value": null}
[DBG] {"category": "TRAIN", "component": "train", "event": "watchdog_armed", "host": "d6b2a058c4be", "pid": 108787, "rank": 1, "stage": "broadcast_stop_flag", "timeout_sec": 30.0, "ts": "2026-10-04 14:57:20"}
[DBG] {"category": "TRAIN", "component": "train", "elapsed_sec": 0.005863, "event": "END:broadcast_stop_flag", "host": "d6b2a058c4be", "pid": 108787, "rank": 1, "ts": "2026-10-04 14:57:20"}
[DBG] {"category": "TRAIN", "component": "train", "event": "BEGIN:broadcast_preference_payload", "has_payload": null, "host": "d6b2a058c4be", "pid": 108787, "rank": 1, "transport": "json_uint8_gloo", "ts": "2026-10-04 14:57:20"}
[DBG] {"category": "TRAIN", "component": "train", "event": "watchdog_armed", "host": "d6b2a058c4be", "pid": 108787, "rank": 1, "stage": "broadcast_preference_payload", "timeout_sec": 30.0, "ts": "2026-10-04 14:57:20"}
[DBG] {"bytes": null, "category": "TRAIN", "component": "train", "event": "BEGIN:broadcast_preference_length", "host": "d6b2a058c4be", "pid": 108787, "rank": 1, "transport": "gloo_cpu", "ts": "2026-10-04 14:57:20"}
[DBG] {"category": "TRAIN", "component": "train", "event": "watchdog_armed", "host": "d6b2a058c4be", "pid": 108787, "rank": 1, "stage": "broadcast_preference_length", "timeout_sec": 30.0, "ts": "2026-10-04 14:57:20"}
[DBG] {"category": "TRAIN", "component": "train", "elapsed_sec": 0.015639, "event": "END:broadcast_preference_length", "host": "d6b2a058c4be", "pid": 108787, "rank": 1, "ts": "2026-10-04 14:57:20"}
[DBG] {"category": "TRAIN", "component": "train", "event": "watchdog_armed", "host": "d6b2a058c4be", "pid": 108787, "rank": 1, "stage": "broadcast_preference_payload", "timeout_sec": 30.0, "ts": "2026-10-04 14:57:20"}
[DBG] {"category": "TRAIN", "component": "train", "elapsed_sec": 0.016686, "event": "END:broadcast_preference_payload", "host": "d6b2a058c4be", "pid": 108787, "rank": 1, "ts": "2026-10-04 14:57:20"}
[DBG] {"category": "TRAIN", "component": "train", "event": "BEGIN:broadcast_stop_flag", "host": "d6b2a058c4be", "pid": 108787, "rank": 1, "transport": "gloo_cpu", "ts": "2026-10-04 14:57:20", "value": null}
[DBG] {"category": "TRAIN", "component": "train", "event": "watchdog_armed", "host": "d6b2a058c4be", "pid": 108787, "rank": 1, "stage": "broadcast_stop_flag", "timeout_sec": 30.0, "ts": "2026-10-04 14:57:20"}
[DBG] {"category": "TRAIN", "component": "train", "elapsed_sec": 0.004051, "event": "END:broadcast_stop_flag", "host": "d6b2a058c4be", "pid": 108787, "rank": 1, "ts": "2026-10-04 14:57:20"}
[DBG] {"category": "TRAIN", "component": "train", "event": "BEGIN:broadcast_preference_payload", "has_payload": null, "host": "d6b2a058c4be", "pid": 108787, "rank": 1, "transport": "json_uint8_gloo", "ts": "2026-10-04 14:57:20"}
[DBG] {"category": "TRAIN", "component": "train", "event": "watchdog_armed", "host": "d6b2a058c4be", "pid": 108787, "rank": 1, "stage": "broadcast_preference_payload", "timeout_sec": 30.0, "ts": "2026-10-04 14:57:20"}
[DBG] {"bytes": null, "category": "TRAIN", "component": "train", "event": "BEGIN:broadcast_preference_length", "host": "d6b2a058c4be", "pid": 108787, "rank": 1, "transport": "gloo_cpu", "ts": "2026-10-04 14:57:20"}
[DBG] {"category": "TRAIN", "component": "train", "event": "watchdog_armed", "host": "d6b2a058c4be", "pid": 108787, "rank": 1, "stage": "broadcast_preference_length", "timeout_sec": 30.0, "ts": "2026-10-04 14:57:20"}
[DBG] {"category": "TRAIN", "component": "train", "elapsed_sec": 0.011544, "event": "END:broadcast_preference_length", "host": "d6b2a058c4be", "pid": 108787, "rank": 1, "ts": "2026-10-04 14:57:20"}
[DBG] {"category": "TRAIN", "component": "train", "event": "watchdog_armed", "host": "d6b2a058c4be", "pid": 108787, "rank": 1, "stage": "broadcast_preference_payload", "timeout_sec": 30.0, "ts": "2026-10-04 14:57:20"}
[DBG] {"category": "TRAIN", "component": "train", "elapsed_sec": 0.012459, "event": "END:broadcast_preference_payload", "host": "d6b2a058c4be", "pid": 108787, "rank": 1, "ts": "2026-10-04 14:57:20"}
[DBG] {"category": "TRAIN", "component": "train", "event": "BEGIN:broadcast_stop_flag", "host": "d6b2a058c4be", "pid": 108787, "rank": 1, "transport": "gloo_cpu", "ts": "2026-10-04 14:57:21", "value": null}
[DBG] {"category": "TRAIN", "component": "train", "event": "watchdog_armed", "host": "d6b2a058c4be", "pid": 108787, "rank": 1, "stage": "broadcast_stop_flag", "timeout_sec": 30.0, "ts": "2026-10-04 14:57:21"}
[DBG] {"category": "TRAIN", "component": "train", "elapsed_sec": 0.008941, "event": "END:broadcast_stop_flag", "host": "d6b2a058c4be", "pid": 108787, "rank": 1, "ts": "2026-10-04 14:57:21"}
[DBG] {"category": "TRAIN", "component": "train", "event": "BEGIN:broadcast_preference_payload", "has_payload": null, "host": "d6b2a058c4be", "pid": 108787, "rank": 1, "transport": "json_uint8_gloo", "ts": "2026-10-04 14:57:21"}
[DBG] {"category": "TRAIN", "component": "train", "event": "watchdog_armed", "host": "d6b2a058c4be", "pid": 108787, "rank": 1, "stage": "broadcast_preference_payload", "timeout_sec": 30.0, "ts": "2026-10-04 14:57:21"}
[DBG] {"bytes": null, "category": "TRAIN", "component": "train", "event": "BEGIN:broadcast_preference_length", "host": "d6b2a058c4be", "pid": 108787, "rank": 1, "transport": "gloo_cpu", "ts": "2026-10-04 14:57:21"}
[DBG] {"category": "TRAIN", "component": "train", "event": "watchdog_armed", "host": "d6b2a058c4be", "pid": 108787, "rank": 1, "stage": "broadcast_preference_length", "timeout_sec": 30.0, "ts": "2026-10-04 14:57:21"}
[DBG] {"category": "TRAIN", "component": "train", "elapsed_sec": 0.015146, "event": "END:broadcast_preference_length", "host": "d6b2a058c4be", "pid": 108787, "rank": 1, "ts": "2026-10-04 14:57:21"}
[DBG] {"category": "TRAIN", "component": "train", "event": "watchdog_armed", "host": "d6b2a058c4be", "pid": 108787, "rank": 1, "stage": "broadcast_preference_payload", "timeout_sec": 30.0, "ts": "2026-10-04 14:57:21"}
[DBG] {"category": "TRAIN", "component": "train", "elapsed_sec": 0.016466, "event": "END:broadcast_preference_payload", "host": "d6b2a058c4be", "pid": 108787, "rank": 1, "ts": "2026-10-04 14:57:21"}
[DBG] {"category": "TRAIN", "component": "train", "event": "BEGIN:broadcast_stop_flag", "host": "d6b2a058c4be", "pid": 108787, "rank": 1, "transport": "gloo_cpu", "ts": "2026-10-04 14:57:21", "value": null}
[DBG] {"category": "TRAIN", "component": "train", "event": "watchdog_armed", "host": "d6b2a058c4be", "pid": 108787, "rank": 1, "stage": "broadcast_stop_flag", "timeout_sec": 30.0, "ts": "2026-10-04 14:57:21"}
[DBG] {"category": "TRAIN", "component": "train", "elapsed_sec": 0.007916, "event": "END:broadcast_stop_flag", "host": "d6b2a058c4be", "pid": 108787, "rank": 1, "ts": "2026-10-04 14:57:21"}
[DBG] {"category": "TRAIN", "component": "train", "event": "BEGIN:broadcast_preference_payload", "has_payload": null, "host": "d6b2a058c4be", "pid": 108787, "rank": 1, "transport": "json_uint8_gloo", "ts": "2026-10-04 14:57:21"}
[DBG] {"category": "TRAIN", "component": "train", "event": "watchdog_armed", "host": "d6b2a058c4be", "pid": 108787, "rank": 1, "stage": "broadcast_preference_payload", "timeout_sec": 30.0, "ts": "2026-10-04 14:57:21"}
[DBG] {"bytes": null, "category": "TRAIN", "component": "train", "event": "BEGIN:broadcast_preference_length", "host": "d6b2a058c4be", "pid": 108787, "rank": 1, "transport": "gloo_cpu", "ts": "2026-10-04 14:57:21"}
[DBG] {"category": "TRAIN", "component": "train", "event": "watchdog_armed", "host": "d6b2a058c4be", "pid": 108787, "rank": 1, "stage": "broadcast_preference_length", "timeout_sec": 30.0, "ts": "2026-10-04 14:57:21"}
[DBG] {"category": "TRAIN", "component": "train", "elapsed_sec": 0.022465, "event": "END:broadcast_preference_length", "host": "d6b2a058c4be", "pid": 108787, "rank": 1, "ts": "2026-10-04 14:57:21"}
[DBG] {"category": "TRAIN", "component": "train", "event": "watchdog_armed", "host": "d6b2a058c4be", "pid": 108787, "rank": 1, "stage": "broadcast_preference_payload", "timeout_sec": 30.0, "ts": "2026-10-04 14:57:21"}
[DBG] {"category": "TRAIN", "component": "train", "elapsed_sec": 0.023934, "event": "END:broadcast_preference_payload", "host": "d6b2a058c4be", "pid": 108787, "rank": 1, "ts": "2026-10-04 14:57:21"}
[DBG] {"category": "TRAIN", "component": "train", "event": "BEGIN:broadcast_stop_flag", "host": "d6b2a058c4be", "pid": 108787, "rank": 1, "transport": "gloo_cpu", "ts": "2026-10-04 14:57:22", "value": null}
[DBG] {"category": "TRAIN", "component": "train", "event": "watchdog_armed", "host": "d6b2a058c4be", "pid": 108787, "rank": 1, "stage": "broadcast_stop_flag", "timeout_sec": 30.0, "ts": "2026-10-04 14:57:22"}
[DBG] {"category": "TRAIN", "component": "train", "elapsed_sec": 0.009208, "event": "END:broadcast_stop_flag", "host": "d6b2a058c4be", "pid": 108787, "rank": 1, "ts": "2026-10-04 14:57:22"}
[DBG] {"category": "TRAIN", "component": "train", "event": "BEGIN:broadcast_preference_payload", "has_payload": null, "host": "d6b2a058c4be", "pid": 108787, "rank": 1, "transport": "json_uint8_gloo", "ts": "2026-10-04 14:57:22"}
[DBG] {"category": "TRAIN", "component": "train", "event": "watchdog_armed", "host": "d6b2a058c4be", "pid": 108787, "rank": 1, "stage": "broadcast_preference_payload", "timeout_sec": 30.0, "ts": "2026-10-04 14:57:22"}
[DBG] {"bytes": null, "category": "TRAIN", "component": "train", "event": "BEGIN:broadcast_preference_length", "host": "d6b2a058c4be", "pid": 108787, "rank": 1, "transport": "gloo_cpu", "ts": "2026-10-04 14:57:22"}
[DBG] {"category": "TRAIN", "component": "train", "event": "watchdog_armed", "host": "d6b2a058c4be", "pid": 108787, "rank": 1, "stage": "broadcast_preference_length", "timeout_sec": 30.0, "ts": "2026-10-04 14:57:22"}
[DBG] {"category": "TRAIN", "component": "train", "elapsed_sec": 0.022022, "event": "END:broadcast_preference_length", "host": "d6b2a058c4be", "pid": 108787, "rank": 1, "ts": "2026-10-04 14:57:22"}
[DBG] {"category": "TRAIN", "component": "train", "event": "watchdog_armed", "host": "d6b2a058c4be", "pid": 108787, "rank": 1, "stage": "broadcast_preference_payload", "timeout_sec": 30.0, "ts": "2026-10-04 14:57:22"}
[DBG] {"category": "TRAIN", "component": "train", "elapsed_sec": 0.023554, "event": "END:broadcast_preference_payload", "host": "d6b2a058c4be", "pid": 108787, "rank": 1, "ts": "2026-10-04 14:57:22"}
[DBG] {"category": "TRAIN", "component": "train", "event": "BEGIN:broadcast_stop_flag", "host": "d6b2a058c4be", "pid": 108787, "rank": 1, "transport": "gloo_cpu", "ts": "2026-10-04 14:57:22", "value": null}
[DBG] {"category": "TRAIN", "component": "train", "event": "watchdog_armed", "host": "d6b2a058c4be", "pid": 108787, "rank": 1, "stage": "broadcast_stop_flag", "timeout_sec": 30.0, "ts": "2026-10-04 14:57:22"}
[DBG] {"category": "TRAIN", "component": "train", "elapsed_sec": 0.00598, "event": "END:broadcast_stop_flag", "host": "d6b2a058c4be", "pid": 108787, "rank": 1, "ts": "2026-10-04 14:57:22"}
[DBG] {"category": "TRAIN", "component": "train", "event": "BEGIN:broadcast_preference_payload", "has_payload": null, "host": "d6b2a058c4be", "pid": 108787, "rank": 1, "transport": "json_uint8_gloo", "ts": "2026-10-04 14:57:22"}
[DBG] {"category": "TRAIN", "component": "train", "event": "watchdog_armed", "host": "d6b2a058c4be", "pid": 108787, "rank": 1, "stage": "broadcast_preference_payload", "timeout_sec": 30.0, "ts": "2026-10-04 14:57:22"}
[DBG] {"bytes": null, "category": "TRAIN", "component": "train", "event": "BEGIN:broadcast_preference_length", "host": "d6b2a058c4be", "pid": 108787, "rank": 1, "transport": "gloo_cpu", "ts": "2026-10-04 14:57:22"}
[DBG] {"category": "TRAIN", "component": "train", "event": "watchdog_armed", "host": "d6b2a058c4be", "pid": 108787, "rank": 1, "stage": "broadcast_preference_length", "timeout_sec": 30.0, "ts": "2026-10-04 14:57:22"}
[DBG] {"category": "TRAIN", "component": "train", "elapsed_sec": 0.01772, "event": "END:broadcast_preference_length", "host": "d6b2a058c4be", "pid": 108787, "rank": 1, "ts": "2026-10-04 14:57:22"}
[DBG] {"category": "TRAIN", "component": "train", "event": "watchdog_armed", "host": "d6b2a058c4be", "pid": 108787, "rank": 1, "stage": "broadcast_preference_payload", "timeout_sec": 30.0, "ts": "2026-10-04 14:57:22"}
[DBG] {"category": "TRAIN", "component": "train", "elapsed_sec": 0.019227, "event": "END:broadcast_preference_payload", "host": "d6b2a058c4be", "pid": 108787, "rank": 1, "ts": "2026-10-04 14:57:22"}
[DBG] {"category": "TRAIN", "component": "train", "event": "BEGIN:broadcast_stop_flag", "host": "d6b2a058c4be", "pid": 108787, "rank": 1, "transport": "gloo_cpu", "ts": "2026-10-04 14:57:23", "value": null}
[DBG] {"category": "TRAIN", "component": "train", "event": "watchdog_armed", "host": "d6b2a058c4be", "pid": 108787, "rank": 1, "stage": "broadcast_stop_flag", "timeout_sec": 30.0, "ts": "2026-10-04 14:57:23"}
[DBG] {"category": "TRAIN", "component": "train", "elapsed_sec": 0.005764, "event": "END:broadcast_stop_flag", "host": "d6b2a058c4be", "pid": 108787, "rank": 1, "ts": "2026-10-04 14:57:23"}
[DBG] {"category": "TRAIN", "component": "train", "event": "BEGIN:broadcast_preference_payload", "has_payload": null, "host": "d6b2a058c4be", "pid": 108787, "rank": 1, "transport": "json_uint8_gloo", "ts": "2026-10-04 14:57:23"}
[DBG] {"category": "TRAIN", "component": "train", "event": "watchdog_armed", "host": "d6b2a058c4be", "pid": 108787, "rank": 1, "stage": "broadcast_preference_payload", "timeout_sec": 30.0, "ts": "2026-10-04 14:57:23"}
[DBG] {"bytes": null, "category": "TRAIN", "component": "train", "event": "BEGIN:broadcast_preference_length", "host": "d6b2a058c4be", "pid": 108787, "rank": 1, "transport": "gloo_cpu", "ts": "2026-10-04 14:57:23"}
[DBG] {"category": "TRAIN", "component": "train", "event": "watchdog_armed", "host": "d6b2a058c4be", "pid": 108787, "rank": 1, "stage": "broadcast_preference_length", "timeout_sec": 30.0, "ts": "2026-10-04 14:57:23"}
[DBG] {"category": "TRAIN", "component": "train", "elapsed_sec": 0.024577, "event": "END:broadcast_preference_length", "host": "d6b2a058c4be", "pid": 108787, "rank": 1, "ts": "2026-10-04 14:57:23"}
[DBG] {"category": "TRAIN", "component": "train", "event": "watchdog_armed", "host": "d6b2a058c4be", "pid": 108787, "rank": 1, "stage": "broadcast_preference_payload", "timeout_sec": 30.0, "ts": "2026-10-04 14:57:23"}
[DBG] {"category": "TRAIN", "component": "train", "elapsed_sec": 0.025787, "event": "END:broadcast_preference_payload", "host": "d6b2a058c4be", "pid": 108787, "rank": 1, "ts": "2026-10-04 14:57:23"}
[DBG] {"category": "TRAIN", "component": "train", "event": "BEGIN:broadcast_stop_flag", "host": "d6b2a058c4be", "pid": 108787, "rank": 1, "transport": "gloo_cpu", "ts": "2026-10-04 14:57:24", "value": null}
[DBG] {"category": "TRAIN", "component": "train", "event": "watchdog_armed", "host": "d6b2a058c4be", "pid": 108787, "rank": 1, "stage": "broadcast_stop_flag", "timeout_sec": 30.0, "ts": "2026-10-04 14:57:24"}
[DBG] {"category": "TRAIN", "component": "train", "elapsed_sec": 0.006327, "event": "END:broadcast_stop_flag", "host": "d6b2a058c4be", "pid": 108787, "rank": 1, "ts": "2026-10-04 14:57:24"}
[DBG] {"category": "TRAIN", "component": "train", "event": "BEGIN:broadcast_preference_payload", "has_payload": null, "host": "d6b2a058c4be", "pid": 108787, "rank": 1, "transport": "json_uint8_gloo", "ts": "2026-10-04 14:57:24"}
[DBG] {"category": "TRAIN", "component": "train", "event": "watchdog_armed", "host": "d6b2a058c4be", "pid": 108787, "rank": 1, "stage": "broadcast_preference_payload", "timeout_sec": 30.0, "ts": "2026-10-04 14:57:24"}
[DBG] {"bytes": null, "category": "TRAIN", "component": "train", "event": "BEGIN:broadcast_preference_length", "host": "d6b2a058c4be", "pid": 108787, "rank": 1, "transport": "gloo_cpu", "ts": "2026-10-04 14:57:24"}
[DBG] {"category": "TRAIN", "component": "train", "event": "watchdog_armed", "host": "d6b2a058c4be", "pid": 108787, "rank": 1, "stage": "broadcast_preference_length", "timeout_sec": 30.0, "ts": "2026-10-04 14:57:24"}
[DBG] {"category": "TRAIN", "component": "train", "elapsed_sec": 0.018091, "event": "END:broadcast_preference_length", "host": "d6b2a058c4be", "pid": 108787, "rank": 1, "ts": "2026-10-04 14:57:24"}
[DBG] {"category": "TRAIN", "component": "train", "event": "watchdog_armed", "host": "d6b2a058c4be", "pid": 108787, "rank": 1, "stage": "broadcast_preference_payload", "timeout_sec": 30.0, "ts": "2026-10-04 14:57:24"}
[DBG] {"category": "TRAIN", "component": "train", "elapsed_sec": 0.019249, "event": "END:broadcast_preference_payload", "host": "d6b2a058c4be", "pid": 108787, "rank": 1, "ts": "2026-10-04 14:57:24"}
[DBG] {"category": "TRAIN", "component": "train", "event": "BEGIN:broadcast_stop_flag", "host": "d6b2a058c4be", "pid": 108787, "rank": 1, "transport": "gloo_cpu", "ts": "2026-10-04 14:57:24", "value": null}
[DBG] {"category": "TRAIN", "component": "train", "event": "watchdog_armed", "host": "d6b2a058c4be", "pid": 108787, "rank": 1, "stage": "broadcast_stop_flag", "timeout_sec": 30.0, "ts": "2026-10-04 14:57:24"}
[DBG] {"category": "TRAIN", "component": "train", "elapsed_sec": 0.005926, "event": "END:broadcast_stop_flag", "host": "d6b2a058c4be", "pid": 108787, "rank": 1, "ts": "2026-10-04 14:57:24"}
[DBG] {"category": "TRAIN", "component": "train", "event": "BEGIN:broadcast_preference_payload", "has_payload": null, "host": "d6b2a058c4be", "pid": 108787, "rank": 1, "transport": "json_uint8_gloo", "ts": "2026-10-04 14:57:24"}
[DBG] {"category": "TRAIN", "component": "train", "event": "watchdog_armed", "host": "d6b2a058c4be", "pid": 108787, "rank": 1, "stage": "broadcast_preference_payload", "timeout_sec": 30.0, "ts": "2026-10-04 14:57:24"}
[DBG] {"bytes": null, "category": "TRAIN", "component": "train", "event": "BEGIN:broadcast_preference_length", "host": "d6b2a058c4be", "pid": 108787, "rank": 1, "transport": "gloo_cpu", "ts": "2026-10-04 14:57:24"}
[DBG] {"category": "TRAIN", "component": "train", "event": "watchdog_armed", "host": "d6b2a058c4be", "pid": 108787, "rank": 1, "stage": "broadcast_preference_length", "timeout_sec": 30.0, "ts": "2026-10-04 14:57:24"}
[DBG] {"category": "TRAIN", "component": "train", "elapsed_sec": 0.014841, "event": "END:broadcast_preference_length", "host": "d6b2a058c4be", "pid": 108787, "rank": 1, "ts": "2026-10-04 14:57:24"}
[DBG] {"category": "TRAIN", "component": "train", "event": "watchdog_armed", "host": "d6b2a058c4be", "pid": 108787, "rank": 1, "stage": "broadcast_preference_payload", "timeout_sec": 30.0, "ts": "2026-10-04 14:57:24"}
[DBG] {"category": "TRAIN", "component": "train", "elapsed_sec": 0.015981, "event": "END:broadcast_preference_payload", "host": "d6b2a058c4be", "pid": 108787, "rank": 1, "ts": "2026-10-04 14:57:24"}
[DBG] {"category": "TRAIN", "component": "train", "event": "BEGIN:broadcast_stop_flag", "host": "d6b2a058c4be", "pid": 108787, "rank": 1, "transport": "gloo_cpu", "ts": "2026-10-04 14:57:25", "value": null}
[DBG] {"category": "TRAIN", "component": "train", "event": "watchdog_armed", "host": "d6b2a058c4be", "pid": 108787, "rank": 1, "stage": "broadcast_stop_flag", "timeout_sec": 30.0, "ts": "2026-10-04 14:57:25"}
[DBG] {"category": "TRAIN", "component": "train", "elapsed_sec": 0.00516, "event": "END:broadcast_stop_flag", "host": "d6b2a058c4be", "pid": 108787, "rank": 1, "ts": "2026-10-04 14:57:25"}
[DBG] {"category": "TRAIN", "component": "train", "event": "BEGIN:broadcast_preference_payload", "has_payload": null, "host": "d6b2a058c4be", "pid": 108787, "rank": 1, "transport": "json_uint8_gloo", "ts": "2026-10-04 14:57:25"}
[DBG] {"category": "TRAIN", "component": "train", "event": "watchdog_armed", "host": "d6b2a058c4be", "pid": 108787, "rank": 1, "stage": "broadcast_preference_payload", "timeout_sec": 30.0, "ts": "2026-10-04 14:57:25"}
[DBG] {"bytes": null, "category": "TRAIN", "component": "train", "event": "BEGIN:broadcast_preference_length", "host": "d6b2a058c4be", "pid": 108787, "rank": 1, "transport": "gloo_cpu", "ts": "2026-10-04 14:57:25"}
[DBG] {"category": "TRAIN", "component": "train", "event": "watchdog_armed", "host": "d6b2a058c4be", "pid": 108787, "rank": 1, "stage": "broadcast_preference_length", "timeout_sec": 30.0, "ts": "2026-10-04 14:57:25"}
[DBG] {"category": "TRAIN", "component": "train", "elapsed_sec": 0.018155, "event": "END:broadcast_preference_length", "host": "d6b2a058c4be", "pid": 108787, "rank": 1, "ts": "2026-10-04 14:57:25"}
[DBG] {"category": "TRAIN", "component": "train", "event": "watchdog_armed", "host": "d6b2a058c4be", "pid": 108787, "rank": 1, "stage": "broadcast_preference_payload", "timeout_sec": 30.0, "ts": "2026-10-04 14:57:25"}
[DBG] {"category": "TRAIN", "component": "train", "elapsed_sec": 0.019371, "event": "END:broadcast_preference_payload", "host": "d6b2a058c4be", "pid": 108787, "rank": 1, "ts": "2026-10-04 14:57:25"}
[DBG] {"category": "TRAIN", "component": "train", "event": "BEGIN:broadcast_stop_flag", "host": "d6b2a058c4be", "pid": 108787, "rank": 1, "transport": "gloo_cpu", "ts": "2026-10-04 14:57:25", "value": null}
[DBG] {"category": "TRAIN", "component": "train", "event": "watchdog_armed", "host": "d6b2a058c4be", "pid": 108787, "rank": 1, "stage": "broadcast_stop_flag", "timeout_sec": 30.0, "ts": "2026-10-04 14:57:25"}
[DBG] {"category": "TRAIN", "component": "train", "elapsed_sec": 0.00987, "event": "END:broadcast_stop_flag", "host": "d6b2a058c4be", "pid": 108787, "rank": 1, "ts": "2026-10-04 14:57:25"}
[DBG] {"category": "TRAIN", "component": "train", "event": "BEGIN:broadcast_preference_payload", "has_payload": null, "host": "d6b2a058c4be", "pid": 108787, "rank": 1, "transport": "json_uint8_gloo", "ts": "2026-10-04 14:57:25"}
[DBG] {"category": "TRAIN", "component": "train", "event": "watchdog_armed", "host": "d6b2a058c4be", "pid": 108787, "rank": 1, "stage": "broadcast_preference_payload", "timeout_sec": 30.0, "ts": "2026-10-04 14:57:25"}
[DBG] {"bytes": null, "category": "TRAIN", "component": "train", "event": "BEGIN:broadcast_preference_length", "host": "d6b2a058c4be", "pid": 108787, "rank": 1, "transport": "gloo_cpu", "ts": "2026-10-04 14:57:25"}
[DBG] {"category": "TRAIN", "component": "train", "event": "watchdog_armed", "host": "d6b2a058c4be", "pid": 108787, "rank": 1, "stage": "broadcast_preference_length", "timeout_sec": 30.0, "ts": "2026-10-04 14:57:25"}
[DBG] {"category": "TRAIN", "component": "train", "elapsed_sec": 0.022584, "event": "END:broadcast_preference_length", "host": "d6b2a058c4be", "pid": 108787, "rank": 1, "ts": "2026-10-04 14:57:25"}
[DBG] {"category": "TRAIN", "component": "train", "event": "watchdog_armed", "host": "d6b2a058c4be", "pid": 108787, "rank": 1, "stage": "broadcast_preference_payload", "timeout_sec": 30.0, "ts": "2026-10-04 14:57:25"}
[DBG] {"category": "TRAIN", "component": "train", "elapsed_sec": 0.023576, "event": "END:broadcast_preference_payload", "host": "d6b2a058c4be", "pid": 108787, "rank": 1, "ts": "2026-10-04 14:57:25"}
[DBG] {"category": "TRAIN", "component": "train", "event": "BEGIN:broadcast_stop_flag", "host": "d6b2a058c4be", "pid": 108787, "rank": 1, "transport": "gloo_cpu", "ts": "2026-10-04 14:57:26", "value": null}
[DBG] {"category": "TRAIN", "component": "train", "event": "watchdog_armed", "host": "d6b2a058c4be", "pid": 108787, "rank": 1, "stage": "broadcast_stop_flag", "timeout_sec": 30.0, "ts": "2026-10-04 14:57:26"}
[DBG] {"category": "TRAIN", "component": "train", "elapsed_sec": 0.006098, "event": "END:broadcast_stop_flag", "host": "d6b2a058c4be", "pid": 108787, "rank": 1, "ts": "2026-10-04 14:57:26"}
[DBG] {"category": "TRAIN", "component": "train", "event": "BEGIN:broadcast_preference_payload", "has_payload": null, "host": "d6b2a058c4be", "pid": 108787, "rank": 1, "transport": "json_uint8_gloo", "ts": "2026-10-04 14:57:26"}
[DBG] {"category": "TRAIN", "component": "train", "event": "watchdog_armed", "host": "d6b2a058c4be", "pid": 108787, "rank": 1, "stage": "broadcast_preference_payload", "timeout_sec": 30.0, "ts": "2026-10-04 14:57:26"}
[DBG] {"bytes": null, "category": "TRAIN", "component": "train", "event": "BEGIN:broadcast_preference_length", "host": "d6b2a058c4be", "pid": 108787, "rank": 1, "transport": "gloo_cpu", "ts": "2026-10-04 14:57:26"}
[DBG] {"category": "TRAIN", "component": "train", "event": "watchdog_armed", "host": "d6b2a058c4be", "pid": 108787, "rank": 1, "stage": "broadcast_preference_length", "timeout_sec": 30.0, "ts": "2026-10-04 14:57:26"}
[DBG] {"category": "TRAIN", "component": "train", "elapsed_sec": 0.013676, "event": "END:broadcast_preference_length", "host": "d6b2a058c4be", "pid": 108787, "rank": 1, "ts": "2026-10-04 14:57:26"}
[DBG] {"category": "TRAIN", "component": "train", "event": "watchdog_armed", "host": "d6b2a058c4be", "pid": 108787, "rank": 1, "stage": "broadcast_preference_payload", "timeout_sec": 30.0, "ts": "2026-10-04 14:57:26"}
[DBG] {"category": "TRAIN", "component": "train", "elapsed_sec": 0.014937, "event": "END:broadcast_preference_payload", "host": "d6b2a058c4be", "pid": 108787, "rank": 1, "ts": "2026-10-04 14:57:26"}
[DBG] {"category": "TRAIN", "component": "train", "event": "BEGIN:broadcast_stop_flag", "host": "d6b2a058c4be", "pid": 108787, "rank": 1, "transport": "gloo_cpu", "ts": "2026-10-04 14:57:26", "value": null}
[DBG] {"category": "TRAIN", "component": "train", "event": "watchdog_armed", "host": "d6b2a058c4be", "pid": 108787, "rank": 1, "stage": "broadcast_stop_flag", "timeout_sec": 30.0, "ts": "2026-10-04 14:57:26"}
[DBG] {"category": "TRAIN", "component": "train", "elapsed_sec": 0.005379, "event": "END:broadcast_stop_flag", "host": "d6b2a058c4be", "pid": 108787, "rank": 1, "ts": "2026-10-04 14:57:26"}
[DBG] {"category": "TRAIN", "component": "train", "event": "BEGIN:broadcast_preference_payload", "has_payload": null, "host": "d6b2a058c4be", "pid": 108787, "rank": 1, "transport": "json_uint8_gloo", "ts": "2026-10-04 14:57:26"}
[DBG] {"category": "TRAIN", "component": "train", "event": "watchdog_armed", "host": "d6b2a058c4be", "pid": 108787, "rank": 1, "stage": "broadcast_preference_payload", "timeout_sec": 30.0, "ts": "2026-10-04 14:57:26"}
[DBG] {"bytes": null, "category": "TRAIN", "component": "train", "event": "BEGIN:broadcast_preference_length", "host": "d6b2a058c4be", "pid": 108787, "rank": 1, "transport": "gloo_cpu", "ts": "2026-10-04 14:57:26"}
[DBG] {"category": "TRAIN", "component": "train", "event": "watchdog_armed", "host": "d6b2a058c4be", "pid": 108787, "rank": 1, "stage": "broadcast_preference_length", "timeout_sec": 30.0, "ts": "2026-10-04 14:57:26"}
[DBG] {"category": "TRAIN", "component": "train", "elapsed_sec": 0.01572, "event": "END:broadcast_preference_length", "host": "d6b2a058c4be", "pid": 108787, "rank": 1, "ts": "2026-10-04 14:57:26"}
[DBG] {"category": "TRAIN", "component": "train", "event": "watchdog_armed", "host": "d6b2a058c4be", "pid": 108787, "rank": 1, "stage": "broadcast_preference_payload", "timeout_sec": 30.0, "ts": "2026-10-04 14:57:26"}
[DBG] {"category": "TRAIN", "component": "train", "elapsed_sec": 0.016969, "event": "END:broadcast_preference_payload", "host": "d6b2a058c4be", "pid": 108787, "rank": 1, "ts": "2026-10-04 14:57:26"}
[DBG] {"category": "TRAIN", "component": "train", "event": "BEGIN:broadcast_stop_flag", "host": "d6b2a058c4be", "pid": 108787, "rank": 1, "transport": "gloo_cpu", "ts": "2026-10-04 14:57:27", "value": null}
[DBG] {"category": "TRAIN", "component": "train", "event": "watchdog_armed", "host": "d6b2a058c4be", "pid": 108787, "rank": 1, "stage": "broadcast_stop_flag", "timeout_sec": 30.0, "ts": "2026-10-04 14:57:27"}
[DBG] {"category": "TRAIN", "component": "train", "elapsed_sec": 0.005354, "event": "END:broadcast_stop_flag", "host": "d6b2a058c4be", "pid": 108787, "rank": 1, "ts": "2026-10-04 14:57:27"}
[DBG] {"category": "TRAIN", "component": "train", "event": "BEGIN:broadcast_preference_payload", "has_payload": null, "host": "d6b2a058c4be", "pid": 108787, "rank": 1, "transport": "json_uint8_gloo", "ts": "2026-10-04 14:57:27"}
[DBG] {"category": "TRAIN", "component": "train", "event": "watchdog_armed", "host": "d6b2a058c4be", "pid": 108787, "rank": 1, "stage": "broadcast_preference_payload", "timeout_sec": 30.0, "ts": "2026-10-04 14:57:27"}
[DBG] {"bytes": null, "category": "TRAIN", "component": "train", "event": "BEGIN:broadcast_preference_length", "host": "d6b2a058c4be", "pid": 108787, "rank": 1, "transport": "gloo_cpu", "ts": "2026-10-04 14:57:27"}
[DBG] {"category": "TRAIN", "component": "train", "event": "watchdog_armed", "host": "d6b2a058c4be", "pid": 108787, "rank": 1, "stage": "broadcast_preference_length", "timeout_sec": 30.0, "ts": "2026-10-04 14:57:27"}
[DBG] {"category": "TRAIN", "component": "train", "elapsed_sec": 0.015372, "event": "END:broadcast_preference_length", "host": "d6b2a058c4be", "pid": 108787, "rank": 1, "ts": "2026-10-04 14:57:27"}
[DBG] {"category": "TRAIN", "component": "train", "event": "watchdog_armed", "host": "d6b2a058c4be", "pid": 108787, "rank": 1, "stage": "broadcast_preference_payload", "timeout_sec": 30.0, "ts": "2026-10-04 14:57:27"}
[DBG] {"category": "TRAIN", "component": "train", "elapsed_sec": 0.016649, "event": "END:broadcast_preference_payload", "host": "d6b2a058c4be", "pid": 108787, "rank": 1, "ts": "2026-10-04 14:57:27"}
[DBG] {"category": "TRAIN", "component": "train", "event": "BEGIN:broadcast_stop_flag", "host": "d6b2a058c4be", "pid": 108787, "rank": 1, "transport": "gloo_cpu", "ts": "2026-10-04 14:57:27", "value": null}
[DBG] {"category": "TRAIN", "component": "train", "event": "watchdog_armed", "host": "d6b2a058c4be", "pid": 108787, "rank": 1, "stage": "broadcast_stop_flag", "timeout_sec": 30.0, "ts": "2026-10-04 14:57:27"}
[DBG] {"category": "TRAIN", "component": "train", "elapsed_sec": 0.005508, "event": "END:broadcast_stop_flag", "host": "d6b2a058c4be", "pid": 108787, "rank": 1, "ts": "2026-10-04 14:57:27"}
[DBG] {"category": "TRAIN", "component": "train", "event": "BEGIN:broadcast_preference_payload", "has_payload": null, "host": "d6b2a058c4be", "pid": 108787, "rank": 1, "transport": "json_uint8_gloo", "ts": "2026-10-04 14:57:27"}
[DBG] {"category": "TRAIN", "component": "train", "event": "watchdog_armed", "host": "d6b2a058c4be", "pid": 108787, "rank": 1, "stage": "broadcast_preference_payload", "timeout_sec": 30.0, "ts": "2026-10-04 14:57:27"}
[DBG] {"bytes": null, "category": "TRAIN", "component": "train", "event": "BEGIN:broadcast_preference_length", "host": "d6b2a058c4be", "pid": 108787, "rank": 1, "transport": "gloo_cpu", "ts": "2026-10-04 14:57:27"}
[DBG] {"category": "TRAIN", "component": "train", "event": "watchdog_armed", "host": "d6b2a058c4be", "pid": 108787, "rank": 1, "stage": "broadcast_preference_length", "timeout_sec": 30.0, "ts": "2026-10-04 14:57:27"}
[DBG] {"category": "TRAIN", "component": "train", "elapsed_sec": 0.015531, "event": "END:broadcast_preference_length", "host": "d6b2a058c4be", "pid": 108787, "rank": 1, "ts": "2026-10-04 14:57:27"}
[DBG] {"category": "TRAIN", "component": "train", "event": "watchdog_armed", "host": "d6b2a058c4be", "pid": 108787, "rank": 1, "stage": "broadcast_preference_payload", "timeout_sec": 30.0, "ts": "2026-10-04 14:57:27"}
[DBG] {"category": "TRAIN", "component": "train", "elapsed_sec": 0.016809, "event": "END:broadcast_preference_payload", "host": "d6b2a058c4be", "pid": 108787, "rank": 1, "ts": "2026-10-04 14:57:27"}
[DBG] {"category": "TRAIN", "component": "train", "event": "BEGIN:broadcast_stop_flag", "host": "d6b2a058c4be", "pid": 108787, "rank": 1, "transport": "gloo_cpu", "ts": "2026-10-04 14:57:28", "value": null}
[DBG] {"category": "TRAIN", "component": "train", "event": "watchdog_armed", "host": "d6b2a058c4be", "pid": 108787, "rank": 1, "stage": "broadcast_stop_flag", "timeout_sec": 30.0, "ts": "2026-10-04 14:57:28"}
[DBG] {"category": "TRAIN", "component": "train", "elapsed_sec": 0.004692, "event": "END:broadcast_stop_flag", "host": "d6b2a058c4be", "pid": 108787, "rank": 1, "ts": "2026-10-04 14:57:28"}
[DBG] {"category": "TRAIN", "component": "train", "event": "BEGIN:broadcast_preference_payload", "has_payload": null, "host": "d6b2a058c4be", "pid": 108787, "rank": 1, "transport": "json_uint8_gloo", "ts": "2026-10-04 14:57:28"}
[DBG] {"category": "TRAIN", "component": "train", "event": "watchdog_armed", "host": "d6b2a058c4be", "pid": 108787, "rank": 1, "stage": "broadcast_preference_payload", "timeout_sec": 30.0, "ts": "2026-10-04 14:57:28"}
[DBG] {"bytes": null, "category": "TRAIN", "component": "train", "event": "BEGIN:broadcast_preference_length", "host": "d6b2a058c4be", "pid": 108787, "rank": 1, "transport": "gloo_cpu", "ts": "2026-10-04 14:57:28"}
[DBG] {"category": "TRAIN", "component": "train", "event": "watchdog_armed", "host": "d6b2a058c4be", "pid": 108787, "rank": 1, "stage": "broadcast_preference_length", "timeout_sec": 30.0, "ts": "2026-10-04 14:57:28"}
[DBG] {"category": "TRAIN", "component": "train", "elapsed_sec": 0.015089, "event": "END:broadcast_preference_length", "host": "d6b2a058c4be", "pid": 108787, "rank": 1, "ts": "2026-10-04 14:57:28"}
[DBG] {"category": "TRAIN", "component": "train", "event": "watchdog_armed", "host": "d6b2a058c4be", "pid": 108787, "rank": 1, "stage": "broadcast_preference_payload", "timeout_sec": 30.0, "ts": "2026-10-04 14:57:28"}
[DBG] {"category": "TRAIN", "component": "train", "elapsed_sec": 0.016275, "event": "END:broadcast_preference_payload", "host": "d6b2a058c4be", "pid": 108787, "rank": 1, "ts": "2026-10-04 14:57:28"}
[DBG] {"category": "TRAIN", "component": "train", "event": "BEGIN:broadcast_stop_flag", "host": "d6b2a058c4be", "pid": 108787, "rank": 1, "transport": "gloo_cpu", "ts": "2026-10-04 14:57:28", "value": null}
[DBG] {"category": "TRAIN", "component": "train", "event": "watchdog_armed", "host": "d6b2a058c4be", "pid": 108787, "rank": 1, "stage": "broadcast_stop_flag", "timeout_sec": 30.0, "ts": "2026-10-04 14:57:28"}
[DBG] {"category": "TRAIN", "component": "train", "elapsed_sec": 0.005488, "event": "END:broadcast_stop_flag", "host": "d6b2a058c4be", "pid": 108787, "rank": 1, "ts": "2026-10-04 14:57:28"}
[DBG] {"category": "TRAIN", "component": "train", "event": "BEGIN:broadcast_preference_payload", "has_payload": null, "host": "d6b2a058c4be", "pid": 108787, "rank": 1, "transport": "json_uint8_gloo", "ts": "2026-10-04 14:57:28"}
[DBG] {"category": "TRAIN", "component": "train", "event": "watchdog_armed", "host": "d6b2a058c4be", "pid": 108787, "rank": 1, "stage": "broadcast_preference_payload", "timeout_sec": 30.0, "ts": "2026-10-04 14:57:28"}
[DBG] {"bytes": null, "category": "TRAIN", "component": "train", "event": "BEGIN:broadcast_preference_length", "host": "d6b2a058c4be", "pid": 108787, "rank": 1, "transport": "gloo_cpu", "ts": "2026-10-04 14:57:28"}
[DBG] {"category": "TRAIN", "component": "train", "event": "watchdog_armed", "host": "d6b2a058c4be", "pid": 108787, "rank": 1, "stage": "broadcast_preference_length", "timeout_sec": 30.0, "ts": "2026-10-04 14:57:28"}
[DBG] {"category": "TRAIN", "component": "train", "elapsed_sec": 0.012896, "event": "END:broadcast_preference_length", "host": "d6b2a058c4be", "pid": 108787, "rank": 1, "ts": "2026-10-04 14:57:28"}
[DBG] {"category": "TRAIN", "component": "train", "event": "watchdog_armed", "host": "d6b2a058c4be", "pid": 108787, "rank": 1, "stage": "broadcast_preference_payload", "timeout_sec": 30.0, "ts": "2026-10-04 14:57:28"}
[DBG] {"category": "TRAIN", "component": "train", "elapsed_sec": 0.014001, "event": "END:broadcast_preference_payload", "host": "d6b2a058c4be", "pid": 108787, "rank": 1, "ts": "2026-10-04 14:57:28"}
[DBG] {"category": "TRAIN", "component": "train", "event": "BEGIN:broadcast_stop_flag", "host": "d6b2a058c4be", "pid": 108787, "rank": 1, "transport": "gloo_cpu", "ts": "2026-10-04 14:57:29", "value": null}
[DBG] {"category": "TRAIN", "component": "train", "event": "watchdog_armed", "host": "d6b2a058c4be", "pid": 108787, "rank": 1, "stage": "broadcast_stop_flag", "timeout_sec": 30.0, "ts": "2026-10-04 14:57:29"}
[DBG] {"category": "TRAIN", "component": "train", "elapsed_sec": 0.005324, "event": "END:broadcast_stop_flag", "host": "d6b2a058c4be", "pid": 108787, "rank": 1, "ts": "2026-10-04 14:57:29"}
[DBG] {"category": "TRAIN", "component": "train", "event": "BEGIN:broadcast_preference_payload", "has_payload": null, "host": "d6b2a058c4be", "pid": 108787, "rank": 1, "transport": "json_uint8_gloo", "ts": "2026-10-04 14:57:29"}
[DBG] {"category": "TRAIN", "component": "train", "event": "watchdog_armed", "host": "d6b2a058c4be", "pid": 108787, "rank": 1, "stage": "broadcast_preference_payload", "timeout_sec": 30.0, "ts": "2026-10-04 14:57:29"}
[DBG] {"bytes": null, "category": "TRAIN", "component": "train", "event": "BEGIN:broadcast_preference_length", "host": "d6b2a058c4be", "pid": 108787, "rank": 1, "transport": "gloo_cpu", "ts": "2026-10-04 14:57:29"}
[DBG] {"category": "TRAIN", "component": "train", "event": "watchdog_armed", "host": "d6b2a058c4be", "pid": 108787, "rank": 1, "stage": "broadcast_preference_length", "timeout_sec": 30.0, "ts": "2026-10-04 14:57:29"}
[DBG] {"category": "TRAIN", "component": "train", "elapsed_sec": 0.015944, "event": "END:broadcast_preference_length", "host": "d6b2a058c4be", "pid": 108787, "rank": 1, "ts": "2026-10-04 14:57:29"}
[DBG] {"category": "TRAIN", "component": "train", "event": "watchdog_armed", "host": "d6b2a058c4be", "pid": 108787, "rank": 1, "stage": "broadcast_preference_payload", "timeout_sec": 30.0, "ts": "2026-10-04 14:57:29"}
[DBG] {"category": "TRAIN", "component": "train", "elapsed_sec": 0.016906, "event": "END:broadcast_preference_payload", "host": "d6b2a058c4be", "pid": 108787, "rank": 1, "ts": "2026-10-04 14:57:29"}
[DBG] {"category": "TRAIN", "component": "train", "event": "BEGIN:broadcast_stop_flag", "host": "d6b2a058c4be", "pid": 108787, "rank": 1, "transport": "gloo_cpu", "ts": "2026-10-04 14:57:29", "value": null}
[DBG] {"category": "TRAIN", "component": "train", "event": "watchdog_armed", "host": "d6b2a058c4be", "pid": 108787, "rank": 1, "stage": "broadcast_stop_flag", "timeout_sec": 30.0, "ts": "2026-10-04 14:57:29"}
[DBG] {"category": "TRAIN", "component": "train", "elapsed_sec": 0.005404, "event": "END:broadcast_stop_flag", "host": "d6b2a058c4be", "pid": 108787, "rank": 1, "ts": "2026-10-04 14:57:29"}
[DBG] {"category": "TRAIN", "component": "train", "event": "BEGIN:broadcast_preference_payload", "has_payload": null, "host": "d6b2a058c4be", "pid": 108787, "rank": 1, "transport": "json_uint8_gloo", "ts": "2026-10-04 14:57:29"}
[DBG] {"category": "TRAIN", "component": "train", "event": "watchdog_armed", "host": "d6b2a058c4be", "pid": 108787, "rank": 1, "stage": "broadcast_preference_payload", "timeout_sec": 30.0, "ts": "2026-10-04 14:57:29"}
[DBG] {"bytes": null, "category": "TRAIN", "component": "train", "event": "BEGIN:broadcast_preference_length", "host": "d6b2a058c4be", "pid": 108787, "rank": 1, "transport": "gloo_cpu", "ts": "2026-10-04 14:57:29"}
[DBG] {"category": "TRAIN", "component": "train", "event": "watchdog_armed", "host": "d6b2a058c4be", "pid": 108787, "rank": 1, "stage": "broadcast_preference_length", "timeout_sec": 30.0, "ts": "2026-10-04 14:57:29"}
[DBG] {"category": "TRAIN", "component": "train", "elapsed_sec": 0.013051, "event": "END:broadcast_preference_length", "host": "d6b2a058c4be", "pid": 108787, "rank": 1, "ts": "2026-10-04 14:57:29"}
[DBG] {"category": "TRAIN", "component": "train", "event": "watchdog_armed", "host": "d6b2a058c4be", "pid": 108787, "rank": 1, "stage": "broadcast_preference_payload", "timeout_sec": 30.0, "ts": "2026-10-04 14:57:29"}
[DBG] {"category": "TRAIN", "component": "train", "elapsed_sec": 0.014182, "event": "END:broadcast_preference_payload", "host": "d6b2a058c4be", "pid": 108787, "rank": 1, "ts": "2026-10-04 14:57:29"}
[DBG] {"category": "TRAIN", "component": "train", "event": "BEGIN:broadcast_stop_flag", "host": "d6b2a058c4be", "pid": 108787, "rank": 1, "transport": "gloo_cpu", "ts": "2026-10-04 14:57:30", "value": null}
[DBG] {"category": "TRAIN", "component": "train", "event": "watchdog_armed", "host": "d6b2a058c4be", "pid": 108787, "rank": 1, "stage": "broadcast_stop_flag", "timeout_sec": 30.0, "ts": "2026-10-04 14:57:30"}
[DBG] {"category": "TRAIN", "component": "train", "elapsed_sec": 0.005401, "event": "END:broadcast_stop_flag", "host": "d6b2a058c4be", "pid": 108787, "rank": 1, "ts": "2026-10-04 14:57:30"}
[DBG] {"category": "TRAIN", "component": "train", "event": "BEGIN:broadcast_preference_payload", "has_payload": null, "host": "d6b2a058c4be", "pid": 108787, "rank": 1, "transport": "json_uint8_gloo", "ts": "2026-10-04 14:57:30"}
[DBG] {"category": "TRAIN", "component": "train", "event": "watchdog_armed", "host": "d6b2a058c4be", "pid": 108787, "rank": 1, "stage": "broadcast_preference_payload", "timeout_sec": 30.0, "ts": "2026-10-04 14:57:30"}
[DBG] {"bytes": null, "category": "TRAIN", "component": "train", "event": "BEGIN:broadcast_preference_length", "host": "d6b2a058c4be", "pid": 108787, "rank": 1, "transport": "gloo_cpu", "ts": "2026-10-04 14:57:30"}
[DBG] {"category": "TRAIN", "component": "train", "event": "watchdog_armed", "host": "d6b2a058c4be", "pid": 108787, "rank": 1, "stage": "broadcast_preference_length", "timeout_sec": 30.0, "ts": "2026-10-04 14:57:30"}
[DBG] {"category": "TRAIN", "component": "train", "elapsed_sec": 0.012655, "event": "END:broadcast_preference_length", "host": "d6b2a058c4be", "pid": 108787, "rank": 1, "ts": "2026-10-04 14:57:30"}
[DBG] {"category": "TRAIN", "component": "train", "event": "watchdog_armed", "host": "d6b2a058c4be", "pid": 108787, "rank": 1, "stage": "broadcast_preference_payload", "timeout_sec": 30.0, "ts": "2026-10-04 14:57:30"}
[DBG] {"category": "TRAIN", "component": "train", "elapsed_sec": 0.013838, "event": "END:broadcast_preference_payload", "host": "d6b2a058c4be", "pid": 108787, "rank": 1, "ts": "2026-10-04 14:57:30"}
[DBG] {"category": "TRAIN", "component": "train", "event": "BEGIN:broadcast_stop_flag", "host": "d6b2a058c4be", "pid": 108787, "rank": 1, "transport": "gloo_cpu", "ts": "2026-10-04 14:57:30", "value": null}
[DBG] {"category": "TRAIN", "component": "train", "event": "watchdog_armed", "host": "d6b2a058c4be", "pid": 108787, "rank": 1, "stage": "broadcast_stop_flag", "timeout_sec": 30.0, "ts": "2026-10-04 14:57:30"}
[DBG] {"category": "TRAIN", "component": "train", "elapsed_sec": 0.004959, "event": "END:broadcast_stop_flag", "host": "d6b2a058c4be", "pid": 108787, "rank": 1, "ts": "2026-10-04 14:57:30"}
[DBG] {"category": "TRAIN", "component": "train", "event": "BEGIN:broadcast_preference_payload", "has_payload": null, "host": "d6b2a058c4be", "pid": 108787, "rank": 1, "transport": "json_uint8_gloo", "ts": "2026-10-04 14:57:30"}
[DBG] {"category": "TRAIN", "component": "train", "event": "watchdog_armed", "host": "d6b2a058c4be", "pid": 108787, "rank": 1, "stage": "broadcast_preference_payload", "timeout_sec": 30.0, "ts": "2026-10-04 14:57:30"}
[DBG] {"bytes": null, "category": "TRAIN", "component": "train", "event": "BEGIN:broadcast_preference_length", "host": "d6b2a058c4be", "pid": 108787, "rank": 1, "transport": "gloo_cpu", "ts": "2026-10-04 14:57:30"}
[DBG] {"category": "TRAIN", "component": "train", "event": "watchdog_armed", "host": "d6b2a058c4be", "pid": 108787, "rank": 1, "stage": "broadcast_preference_length", "timeout_sec": 30.0, "ts": "2026-10-04 14:57:30"}
[DBG] {"category": "TRAIN", "component": "train", "elapsed_sec": 0.012083, "event": "END:broadcast_preference_length", "host": "d6b2a058c4be", "pid": 108787, "rank": 1, "ts": "2026-10-04 14:57:30"}
[DBG] {"category": "TRAIN", "component": "train", "event": "watchdog_armed", "host": "d6b2a058c4be", "pid": 108787, "rank": 1, "stage": "broadcast_preference_payload", "timeout_sec": 30.0, "ts": "2026-10-04 14:57:30"}
[DBG] {"category": "TRAIN", "component": "train", "elapsed_sec": 0.013238, "event": "END:broadcast_preference_payload", "host": "d6b2a058c4be", "pid": 108787, "rank": 1, "ts": "2026-10-04 14:57:30"}
[DBG] {"category": "TRAIN", "component": "train", "event": "BEGIN:broadcast_stop_flag", "host": "d6b2a058c4be", "pid": 108787, "rank": 1, "transport": "gloo_cpu", "ts": "2026-10-04 14:57:31", "value": null}
[DBG] {"category": "TRAIN", "component": "train", "event": "watchdog_armed", "host": "d6b2a058c4be", "pid": 108787, "rank": 1, "stage": "broadcast_stop_flag", "timeout_sec": 30.0, "ts": "2026-10-04 14:57:31"}
[DBG] {"category": "TRAIN", "component": "train", "elapsed_sec": 0.005231, "event": "END:broadcast_stop_flag", "host": "d6b2a058c4be", "pid": 108787, "rank": 1, "ts": "2026-10-04 14:57:31"}
[DBG] {"category": "TRAIN", "component": "train", "event": "BEGIN:broadcast_preference_payload", "has_payload": null, "host": "d6b2a058c4be", "pid": 108787, "rank": 1, "transport": "json_uint8_gloo", "ts": "2026-10-04 14:57:31"}
[DBG] {"category": "TRAIN", "component": "train", "event": "watchdog_armed", "host": "d6b2a058c4be", "pid": 108787, "rank": 1, "stage": "broadcast_preference_payload", "timeout_sec": 30.0, "ts": "2026-10-04 14:57:31"}
[DBG] {"bytes": null, "category": "TRAIN", "component": "train", "event": "BEGIN:broadcast_preference_length", "host": "d6b2a058c4be", "pid": 108787, "rank": 1, "transport": "gloo_cpu", "ts": "2026-10-04 14:57:31"}
[DBG] {"category": "TRAIN", "component": "train", "event": "watchdog_armed", "host": "d6b2a058c4be", "pid": 108787, "rank": 1, "stage": "broadcast_preference_length", "timeout_sec": 30.0, "ts": "2026-10-04 14:57:31"}
[DBG] {"category": "TRAIN", "component": "train", "elapsed_sec": 0.011925, "event": "END:broadcast_preference_length", "host": "d6b2a058c4be", "pid": 108787, "rank": 1, "ts": "2026-10-04 14:57:31"}
[DBG] {"category": "TRAIN", "component": "train", "event": "watchdog_armed", "host": "d6b2a058c4be", "pid": 108787, "rank": 1, "stage": "broadcast_preference_payload", "timeout_sec": 30.0, "ts": "2026-10-04 14:57:31"}
[DBG] {"category": "TRAIN", "component": "train", "elapsed_sec": 0.013056, "event": "END:broadcast_preference_payload", "host": "d6b2a058c4be", "pid": 108787, "rank": 1, "ts": "2026-10-04 14:57:31"}
[DBG] {"category": "TRAIN", "component": "train", "event": "BEGIN:broadcast_stop_flag", "host": "d6b2a058c4be", "pid": 108787, "rank": 1, "transport": "gloo_cpu", "ts": "2026-10-04 14:57:31", "value": null}
[DBG] {"category": "TRAIN", "component": "train", "event": "watchdog_armed", "host": "d6b2a058c4be", "pid": 108787, "rank": 1, "stage": "broadcast_stop_flag", "timeout_sec": 30.0, "ts": "2026-10-04 14:57:31"}
[DBG] {"category": "TRAIN", "component": "train", "elapsed_sec": 0.004978, "event": "END:broadcast_stop_flag", "host": "d6b2a058c4be", "pid": 108787, "rank": 1, "ts": "2026-10-04 14:57:31"}
[DBG] {"category": "TRAIN", "component": "train", "event": "BEGIN:broadcast_preference_payload", "has_payload": null, "host": "d6b2a058c4be", "pid": 108787, "rank": 1, "transport": "json_uint8_gloo", "ts": "2026-10-04 14:57:31"}
[DBG] {"category": "TRAIN", "component": "train", "event": "watchdog_armed", "host": "d6b2a058c4be", "pid": 108787, "rank": 1, "stage": "broadcast_preference_payload", "timeout_sec": 30.0, "ts": "2026-10-04 14:57:31"}
[DBG] {"bytes": null, "category": "TRAIN", "component": "train", "event": "BEGIN:broadcast_preference_length", "host": "d6b2a058c4be", "pid": 108787, "rank": 1, "transport": "gloo_cpu", "ts": "2026-10-04 14:57:31"}
[DBG] {"category": "TRAIN", "component": "train", "event": "watchdog_armed", "host": "d6b2a058c4be", "pid": 108787, "rank": 1, "stage": "broadcast_preference_length", "timeout_sec": 30.0, "ts": "2026-10-04 14:57:31"}
[DBG] {"category": "TRAIN", "component": "train", "elapsed_sec": 0.011725, "event": "END:broadcast_preference_length", "host": "d6b2a058c4be", "pid": 108787, "rank": 1, "ts": "2026-10-04 14:57:31"}
[DBG] {"category": "TRAIN", "component": "train", "event": "watchdog_armed", "host": "d6b2a058c4be", "pid": 108787, "rank": 1, "stage": "broadcast_preference_payload", "timeout_sec": 30.0, "ts": "2026-10-04 14:57:31"}
[DBG] {"category": "TRAIN", "component": "train", "elapsed_sec": 0.012844, "event": "END:broadcast_preference_payload", "host": "d6b2a058c4be", "pid": 108787, "rank": 1, "ts": "2026-10-04 14:57:31"}
[DBG] {"category": "TRAIN", "component": "train", "event": "BEGIN:broadcast_stop_flag", "host": "d6b2a058c4be", "pid": 108787, "rank": 1, "transport": "gloo_cpu", "ts": "2026-10-04 14:57:32", "value": null}
[DBG] {"category": "TRAIN", "component": "train", "event": "watchdog_armed", "host": "d6b2a058c4be", "pid": 108787, "rank": 1, "stage": "broadcast_stop_flag", "timeout_sec": 30.0, "ts": "2026-10-04 14:57:32"}
[DBG] {"category": "TRAIN", "component": "train", "elapsed_sec": 0.005646, "event": "END:broadcast_stop_flag", "host": "d6b2a058c4be", "pid": 108787, "rank": 1, "ts": "2026-10-04 14:57:32"}
[DBG] {"category": "TRAIN", "component": "train", "event": "BEGIN:broadcast_preference_payload", "has_payload": null, "host": "d6b2a058c4be", "pid": 108787, "rank": 1, "transport": "json_uint8_gloo", "ts": "2026-10-04 14:57:32"}
[DBG] {"category": "TRAIN", "component": "train", "event": "watchdog_armed", "host": "d6b2a058c4be", "pid": 108787, "rank": 1, "stage": "broadcast_preference_payload", "timeout_sec": 30.0, "ts": "2026-10-04 14:57:32"}
[DBG] {"bytes": null, "category": "TRAIN", "component": "train", "event": "BEGIN:broadcast_preference_length", "host": "d6b2a058c4be", "pid": 108787, "rank": 1, "transport": "gloo_cpu", "ts": "2026-10-04 14:57:32"}
[DBG] {"category": "TRAIN", "component": "train", "event": "watchdog_armed", "host": "d6b2a058c4be", "pid": 108787, "rank": 1, "stage": "broadcast_preference_length", "timeout_sec": 30.0, "ts": "2026-10-04 14:57:32"}
[DBG] {"category": "TRAIN", "component": "train", "elapsed_sec": 0.013555, "event": "END:broadcast_preference_length", "host": "d6b2a058c4be", "pid": 108787, "rank": 1, "ts": "2026-10-04 14:57:32"}
[DBG] {"category": "TRAIN", "component": "train", "event": "watchdog_armed", "host": "d6b2a058c4be", "pid": 108787, "rank": 1, "stage": "broadcast_preference_payload", "timeout_sec": 30.0, "ts": "2026-10-04 14:57:32"}
[DBG] {"category": "TRAIN", "component": "train", "elapsed_sec": 0.01471, "event": "END:broadcast_preference_payload", "host": "d6b2a058c4be", "pid": 108787, "rank": 1, "ts": "2026-10-04 14:57:32"}
[DBG] {"category": "TRAIN", "component": "train", "event": "BEGIN:broadcast_stop_flag", "host": "d6b2a058c4be", "pid": 108787, "rank": 1, "transport": "gloo_cpu", "ts": "2026-10-04 14:57:32", "value": null}
[DBG] {"category": "TRAIN", "component": "train", "event": "watchdog_armed", "host": "d6b2a058c4be", "pid": 108787, "rank": 1, "stage": "broadcast_stop_flag", "timeout_sec": 30.0, "ts": "2026-10-04 14:57:32"}
[DBG] {"category": "TRAIN", "component": "train", "elapsed_sec": 0.005411, "event": "END:broadcast_stop_flag", "host": "d6b2a058c4be", "pid": 108787, "rank": 1, "ts": "2026-10-04 14:57:32"}
[DBG] {"category": "TRAIN", "component": "train", "event": "BEGIN:broadcast_preference_payload", "has_payload": null, "host": "d6b2a058c4be", "pid": 108787, "rank": 1, "transport": "json_uint8_gloo", "ts": "2026-10-04 14:57:32"}
[DBG] {"category": "TRAIN", "component": "train", "event": "watchdog_armed", "host": "d6b2a058c4be", "pid": 108787, "rank": 1, "stage": "broadcast_preference_payload", "timeout_sec": 30.0, "ts": "2026-10-04 14:57:32"}
[DBG] {"bytes": null, "category": "TRAIN", "component": "train", "event": "BEGIN:broadcast_preference_length", "host": "d6b2a058c4be", "pid": 108787, "rank": 1, "transport": "gloo_cpu", "ts": "2026-10-04 14:57:32"}
[DBG] {"category": "TRAIN", "component": "train", "event": "watchdog_armed", "host": "d6b2a058c4be", "pid": 108787, "rank": 1, "stage": "broadcast_preference_length", "timeout_sec": 30.0, "ts": "2026-10-04 14:57:32"}
[DBG] {"category": "TRAIN", "component": "train", "elapsed_sec": 0.010735, "event": "END:broadcast_preference_length", "host": "d6b2a058c4be", "pid": 108787, "rank": 1, "ts": "2026-10-04 14:57:32"}
[DBG] {"category": "TRAIN", "component": "train", "event": "watchdog_armed", "host": "d6b2a058c4be", "pid": 108787, "rank": 1, "stage": "broadcast_preference_payload", "timeout_sec": 30.0, "ts": "2026-10-04 14:57:32"}
[DBG] {"category": "TRAIN", "component": "train", "elapsed_sec": 0.011849, "event": "END:broadcast_preference_payload", "host": "d6b2a058c4be", "pid": 108787, "rank": 1, "ts": "2026-10-04 14:57:32"}
[DBG] {"category": "TRAIN", "component": "train", "event": "BEGIN:broadcast_stop_flag", "host": "d6b2a058c4be", "pid": 108787, "rank": 1, "transport": "gloo_cpu", "ts": "2026-10-04 14:57:33", "value": null}
[DBG] {"category": "TRAIN", "component": "train", "event": "watchdog_armed", "host": "d6b2a058c4be", "pid": 108787, "rank": 1, "stage": "broadcast_stop_flag", "timeout_sec": 30.0, "ts": "2026-10-04 14:57:33"}
[DBG] {"category": "TRAIN", "component": "train", "elapsed_sec": 0.005507, "event": "END:broadcast_stop_flag", "host": "d6b2a058c4be", "pid": 108787, "rank": 1, "ts": "2026-10-04 14:57:33"}
[DBG] {"category": "TRAIN", "component": "train", "event": "BEGIN:broadcast_preference_payload", "has_payload": null, "host": "d6b2a058c4be", "pid": 108787, "rank": 1, "transport": "json_uint8_gloo", "ts": "2026-10-04 14:57:33"}
[DBG] {"category": "TRAIN", "component": "train", "event": "watchdog_armed", "host": "d6b2a058c4be", "pid": 108787, "rank": 1, "stage": "broadcast_preference_payload", "timeout_sec": 30.0, "ts": "2026-10-04 14:57:33"}
[DBG] {"bytes": null, "category": "TRAIN", "component": "train", "event": "BEGIN:broadcast_preference_length", "host": "d6b2a058c4be", "pid": 108787, "rank": 1, "transport": "gloo_cpu", "ts": "2026-10-04 14:57:33"}
[DBG] {"category": "TRAIN", "component": "train", "event": "watchdog_armed", "host": "d6b2a058c4be", "pid": 108787, "rank": 1, "stage": "broadcast_preference_length", "timeout_sec": 30.0, "ts": "2026-10-04 14:57:33"}
[DBG] {"category": "TRAIN", "component": "train", "elapsed_sec": 0.012993, "event": "END:broadcast_preference_length", "host": "d6b2a058c4be", "pid": 108787, "rank": 1, "ts": "2026-10-04 14:57:33"}
[DBG] {"category": "TRAIN", "component": "train", "event": "watchdog_armed", "host": "d6b2a058c4be", "pid": 108787, "rank": 1, "stage": "broadcast_preference_payload", "timeout_sec": 30.0, "ts": "2026-10-04 14:57:33"}
[DBG] {"category": "TRAIN", "component": "train", "elapsed_sec": 0.014148, "event": "END:broadcast_preference_payload", "host": "d6b2a058c4be", "pid": 108787, "rank": 1, "ts": "2026-10-04 14:57:33"}
[DBG] {"category": "TRAIN", "component": "train", "event": "BEGIN:broadcast_stop_flag", "host": "d6b2a058c4be", "pid": 108787, "rank": 1, "transport": "gloo_cpu", "ts": "2026-10-04 14:57:33", "value": null}
[DBG] {"category": "TRAIN", "component": "train", "event": "watchdog_armed", "host": "d6b2a058c4be", "pid": 108787, "rank": 1, "stage": "broadcast_stop_flag", "timeout_sec": 30.0, "ts": "2026-10-04 14:57:33"}
[DBG] {"category": "TRAIN", "component": "train", "elapsed_sec": 0.005154, "event": "END:broadcast_stop_flag", "host": "d6b2a058c4be", "pid": 108787, "rank": 1, "ts": "2026-10-04 14:57:33"}
[DBG] {"category": "TRAIN", "component": "train", "event": "BEGIN:broadcast_preference_payload", "has_payload": null, "host": "d6b2a058c4be", "pid": 108787, "rank": 1, "transport": "json_uint8_gloo", "ts": "2026-10-04 14:57:33"}
[DBG] {"category": "TRAIN", "component": "train", "event": "watchdog_armed", "host": "d6b2a058c4be", "pid": 108787, "rank": 1, "stage": "broadcast_preference_payload", "timeout_sec": 30.0, "ts": "2026-10-04 14:57:33"}
[DBG] {"bytes": null, "category": "TRAIN", "component": "train", "event": "BEGIN:broadcast_preference_length", "host": "d6b2a058c4be", "pid": 108787, "rank": 1, "transport": "gloo_cpu", "ts": "2026-10-04 14:57:33"}
[DBG] {"category": "TRAIN", "component": "train", "event": "watchdog_armed", "host": "d6b2a058c4be", "pid": 108787, "rank": 1, "stage": "broadcast_preference_length", "timeout_sec": 30.0, "ts": "2026-10-04 14:57:33"}
[DBG] {"category": "TRAIN", "component": "train", "elapsed_sec": 0.012065, "event": "END:broadcast_preference_length", "host": "d6b2a058c4be", "pid": 108787, "rank": 1, "ts": "2026-10-04 14:57:33"}
[DBG] {"category": "TRAIN", "component": "train", "event": "watchdog_armed", "host": "d6b2a058c4be", "pid": 108787, "rank": 1, "stage": "broadcast_preference_payload", "timeout_sec": 30.0, "ts": "2026-10-04 14:57:33"}
[DBG] {"category": "TRAIN", "component": "train", "elapsed_sec": 0.013256, "event": "END:broadcast_preference_payload", "host": "d6b2a058c4be", "pid": 108787, "rank": 1, "ts": "2026-10-04 14:57:33"}
[DBG] {"category": "TRAIN", "component": "train", "event": "BEGIN:broadcast_stop_flag", "host": "d6b2a058c4be", "pid": 108787, "rank": 1, "transport": "gloo_cpu", "ts": "2026-10-04 14:57:34", "value": null}
[DBG] {"category": "TRAIN", "component": "train", "event": "watchdog_armed", "host": "d6b2a058c4be", "pid": 108787, "rank": 1, "stage": "broadcast_stop_flag", "timeout_sec": 30.0, "ts": "2026-10-04 14:57:34"}
[DBG] {"category": "TRAIN", "component": "train", "elapsed_sec": 0.005494, "event": "END:broadcast_stop_flag", "host": "d6b2a058c4be", "pid": 108787, "rank": 1, "ts": "2026-10-04 14:57:34"}
[DBG] {"category": "TRAIN", "component": "train", "event": "BEGIN:broadcast_preference_payload", "has_payload": null, "host": "d6b2a058c4be", "pid": 108787, "rank": 1, "transport": "json_uint8_gloo", "ts": "2026-10-04 14:57:34"}
[DBG] {"category": "TRAIN", "component": "train", "event": "watchdog_armed", "host": "d6b2a058c4be", "pid": 108787, "rank": 1, "stage": "broadcast_preference_payload", "timeout_sec": 30.0, "ts": "2026-10-04 14:57:34"}
[DBG] {"bytes": null, "category": "TRAIN", "component": "train", "event": "BEGIN:broadcast_preference_length", "host": "d6b2a058c4be", "pid": 108787, "rank": 1, "transport": "gloo_cpu", "ts": "2026-10-04 14:57:34"}
[DBG] {"category": "TRAIN", "component": "train", "event": "watchdog_armed", "host": "d6b2a058c4be", "pid": 108787, "rank": 1, "stage": "broadcast_preference_length", "timeout_sec": 30.0, "ts": "2026-10-04 14:57:34"}
[DBG] {"category": "TRAIN", "component": "train", "elapsed_sec": 0.012369, "event": "END:broadcast_preference_length", "host": "d6b2a058c4be", "pid": 108787, "rank": 1, "ts": "2026-10-04 14:57:34"}
[DBG] {"category": "TRAIN", "component": "train", "event": "watchdog_armed", "host": "d6b2a058c4be", "pid": 108787, "rank": 1, "stage": "broadcast_preference_payload", "timeout_sec": 30.0, "ts": "2026-10-04 14:57:34"}
[DBG] {"category": "TRAIN", "component": "train", "elapsed_sec": 0.013475, "event": "END:broadcast_preference_payload", "host": "d6b2a058c4be", "pid": 108787, "rank": 1, "ts": "2026-10-04 14:57:34"}
[DBG] {"category": "TRAIN", "component": "train", "event": "BEGIN:broadcast_stop_flag", "host": "d6b2a058c4be", "pid": 108787, "rank": 1, "transport": "gloo_cpu", "ts": "2026-10-04 14:57:34", "value": null}
[DBG] {"category": "TRAIN", "component": "train", "event": "watchdog_armed", "host": "d6b2a058c4be", "pid": 108787, "rank": 1, "stage": "broadcast_stop_flag", "timeout_sec": 30.0, "ts": "2026-10-04 14:57:34"}
[DBG] {"category": "TRAIN", "component": "train", "elapsed_sec": 0.005546, "event": "END:broadcast_stop_flag", "host": "d6b2a058c4be", "pid": 108787, "rank": 1, "ts": "2026-10-04 14:57:34"}
[DBG] {"category": "TRAIN", "component": "train", "event": "BEGIN:broadcast_preference_payload", "has_payload": null, "host": "d6b2a058c4be", "pid": 108787, "rank": 1, "transport": "json_uint8_gloo", "ts": "2026-10-04 14:57:34"}
[DBG] {"category": "TRAIN", "component": "train", "event": "watchdog_armed", "host": "d6b2a058c4be", "pid": 108787, "rank": 1, "stage": "broadcast_preference_payload", "timeout_sec": 30.0, "ts": "2026-10-04 14:57:34"}
[DBG] {"bytes": null, "category": "TRAIN", "component": "train", "event": "BEGIN:broadcast_preference_length", "host": "d6b2a058c4be", "pid": 108787, "rank": 1, "transport": "gloo_cpu", "ts": "2026-10-04 14:57:34"}
[DBG] {"category": "TRAIN", "component": "train", "event": "watchdog_armed", "host": "d6b2a058c4be", "pid": 108787, "rank": 1, "stage": "broadcast_preference_length", "timeout_sec": 30.0, "ts": "2026-10-04 14:57:34"}
[DBG] {"category": "TRAIN", "component": "train", "elapsed_sec": 0.012414, "event": "END:broadcast_preference_length", "host": "d6b2a058c4be", "pid": 108787, "rank": 1, "ts": "2026-10-04 14:57:34"}
[DBG] {"category": "TRAIN", "component": "train", "event": "watchdog_armed", "host": "d6b2a058c4be", "pid": 108787, "rank": 1, "stage": "broadcast_preference_payload", "timeout_sec": 30.0, "ts": "2026-10-04 14:57:34"}
[DBG] {"category": "TRAIN", "component": "train", "elapsed_sec": 0.013555, "event": "END:broadcast_preference_payload", "host": "d6b2a058c4be", "pid": 108787, "rank": 1, "ts": "2026-10-04 14:57:34"}
[DBG] {"category": "TRAIN", "component": "train", "event": "BEGIN:broadcast_stop_flag", "host": "d6b2a058c4be", "pid": 108787, "rank": 1, "transport": "gloo_cpu", "ts": "2026-10-04 14:57:35", "value": null}
[DBG] {"category": "TRAIN", "component": "train", "event": "watchdog_armed", "host": "d6b2a058c4be", "pid": 108787, "rank": 1, "stage": "broadcast_stop_flag", "timeout_sec": 30.0, "ts": "2026-10-04 14:57:35"}
[DBG] {"category": "TRAIN", "component": "train", "elapsed_sec": 0.008788, "event": "END:broadcast_stop_flag", "host": "d6b2a058c4be", "pid": 108787, "rank": 1, "ts": "2026-10-04 14:57:35"}
[DBG] {"category": "TRAIN", "component": "train", "event": "BEGIN:broadcast_preference_payload", "has_payload": null, "host": "d6b2a058c4be", "pid": 108787, "rank": 1, "transport": "json_uint8_gloo", "ts": "2026-10-04 14:57:35"}
[DBG] {"category": "TRAIN", "component": "train", "event": "watchdog_armed", "host": "d6b2a058c4be", "pid": 108787, "rank": 1, "stage": "broadcast_preference_payload", "timeout_sec": 30.0, "ts": "2026-10-04 14:57:35"}
[DBG] {"bytes": null, "category": "TRAIN", "component": "train", "event": "BEGIN:broadcast_preference_length", "host": "d6b2a058c4be", "pid": 108787, "rank": 1, "transport": "gloo_cpu", "ts": "2026-10-04 14:57:35"}
[DBG] {"category": "TRAIN", "component": "train", "event": "watchdog_armed", "host": "d6b2a058c4be", "pid": 108787, "rank": 1, "stage": "broadcast_preference_length", "timeout_sec": 30.0, "ts": "2026-10-04 14:57:35"}
[DBG] {"category": "TRAIN", "component": "train", "elapsed_sec": 0.016924, "event": "END:broadcast_preference_length", "host": "d6b2a058c4be", "pid": 108787, "rank": 1, "ts": "2026-10-04 14:57:35"}
[DBG] {"category": "TRAIN", "component": "train", "event": "watchdog_armed", "host": "d6b2a058c4be", "pid": 108787, "rank": 1, "stage": "broadcast_preference_payload", "timeout_sec": 30.0, "ts": "2026-10-04 14:57:35"}
[DBG] {"category": "TRAIN", "component": "train", "elapsed_sec": 0.018232, "event": "END:broadcast_preference_payload", "host": "d6b2a058c4be", "pid": 108787, "rank": 1, "ts": "2026-10-04 14:57:35"}
[DBG] {"category": "TRAIN", "component": "train", "event": "BEGIN:broadcast_stop_flag", "host": "d6b2a058c4be", "pid": 108787, "rank": 1, "transport": "gloo_cpu", "ts": "2026-10-04 14:57:36", "value": null}
[DBG] {"category": "TRAIN", "component": "train", "event": "watchdog_armed", "host": "d6b2a058c4be", "pid": 108787, "rank": 1, "stage": "broadcast_stop_flag", "timeout_sec": 30.0, "ts": "2026-10-04 14:57:36"}
[DBG] {"category": "TRAIN", "component": "train", "elapsed_sec": 0.007653, "event": "END:broadcast_stop_flag", "host": "d6b2a058c4be", "pid": 108787, "rank": 1, "ts": "2026-10-04 14:57:36"}
[DBG] {"category": "TRAIN", "component": "train", "event": "BEGIN:broadcast_preference_payload", "has_payload": null, "host": "d6b2a058c4be", "pid": 108787, "rank": 1, "transport": "json_uint8_gloo", "ts": "2026-10-04 14:57:36"}
[DBG] {"category": "TRAIN", "component": "train", "event": "watchdog_armed", "host": "d6b2a058c4be", "pid": 108787, "rank": 1, "stage": "broadcast_preference_payload", "timeout_sec": 30.0, "ts": "2026-10-04 14:57:36"}
[DBG] {"bytes": null, "category": "TRAIN", "component": "train", "event": "BEGIN:broadcast_preference_length", "host": "d6b2a058c4be", "pid": 108787, "rank": 1, "transport": "gloo_cpu", "ts": "2026-10-04 14:57:36"}
[DBG] {"category": "TRAIN", "component": "train", "event": "watchdog_armed", "host": "d6b2a058c4be", "pid": 108787, "rank": 1, "stage": "broadcast_preference_length", "timeout_sec": 30.0, "ts": "2026-10-04 14:57:36"}
[DBG] {"category": "TRAIN", "component": "train", "elapsed_sec": 0.016649, "event": "END:broadcast_preference_length", "host": "d6b2a058c4be", "pid": 108787, "rank": 1, "ts": "2026-10-04 14:57:36"}
[DBG] {"category": "TRAIN", "component": "train", "event": "watchdog_armed", "host": "d6b2a058c4be", "pid": 108787, "rank": 1, "stage": "broadcast_preference_payload", "timeout_sec": 30.0, "ts": "2026-10-04 14:57:36"}
[DBG] {"category": "TRAIN", "component": "train", "elapsed_sec": 0.01802, "event": "END:broadcast_preference_payload", "host": "d6b2a058c4be", "pid": 108787, "rank": 1, "ts": "2026-10-04 14:57:36"}
[DBG] {"category": "TRAIN", "component": "train", "event": "BEGIN:broadcast_stop_flag", "host": "d6b2a058c4be", "pid": 108787, "rank": 1, "transport": "gloo_cpu", "ts": "2026-10-04 14:57:36", "value": null}
[DBG] {"category": "TRAIN", "component": "train", "event": "watchdog_armed", "host": "d6b2a058c4be", "pid": 108787, "rank": 1, "stage": "broadcast_stop_flag", "timeout_sec": 30.0, "ts": "2026-10-04 14:57:36"}
[DBG] {"category": "TRAIN", "component": "train", "elapsed_sec": 0.008698, "event": "END:broadcast_stop_flag", "host": "d6b2a058c4be", "pid": 108787, "rank": 1, "ts": "2026-10-04 14:57:36"}
[DBG] {"category": "TRAIN", "component": "train", "event": "BEGIN:broadcast_preference_payload", "has_payload": null, "host": "d6b2a058c4be", "pid": 108787, "rank": 1, "transport": "json_uint8_gloo", "ts": "2026-10-04 14:57:36"}
[DBG] {"category": "TRAIN", "component": "train", "event": "watchdog_armed", "host": "d6b2a058c4be", "pid": 108787, "rank": 1, "stage": "broadcast_preference_payload", "timeout_sec": 30.0, "ts": "2026-10-04 14:57:36"}
[DBG] {"bytes": null, "category": "TRAIN", "component": "train", "event": "BEGIN:broadcast_preference_length", "host": "d6b2a058c4be", "pid": 108787, "rank": 1, "transport": "gloo_cpu", "ts": "2026-10-04 14:57:36"}
[DBG] {"category": "TRAIN", "component": "train", "event": "watchdog_armed", "host": "d6b2a058c4be", "pid": 108787, "rank": 1, "stage": "broadcast_preference_length", "timeout_sec": 30.0, "ts": "2026-10-04 14:57:36"}
[DBG] {"category": "TRAIN", "component": "train", "elapsed_sec": 0.016761, "event": "END:broadcast_preference_length", "host": "d6b2a058c4be", "pid": 108787, "rank": 1, "ts": "2026-10-04 14:57:36"}
[DBG] {"category": "TRAIN", "component": "train", "event": "watchdog_armed", "host": "d6b2a058c4be", "pid": 108787, "rank": 1, "stage": "broadcast_preference_payload", "timeout_sec": 30.0, "ts": "2026-10-04 14:57:36"}
[DBG] {"category": "TRAIN", "component": "train", "elapsed_sec": 0.018046, "event": "END:broadcast_preference_payload", "host": "d6b2a058c4be", "pid": 108787, "rank": 1, "ts": "2026-10-04 14:57:36"}
[DBG] {"category": "TRAIN", "component": "train", "event": "BEGIN:broadcast_stop_flag", "host": "d6b2a058c4be", "pid": 108787, "rank": 1, "transport": "gloo_cpu", "ts": "2026-10-04 14:57:37", "value": null}
[DBG] {"category": "TRAIN", "component": "train", "event": "watchdog_armed", "host": "d6b2a058c4be", "pid": 108787, "rank": 1, "stage": "broadcast_stop_flag", "timeout_sec": 30.0, "ts": "2026-10-04 14:57:37"}
[DBG] {"category": "TRAIN", "component": "train", "elapsed_sec": 0.008655, "event": "END:broadcast_stop_flag", "host": "d6b2a058c4be", "pid": 108787, "rank": 1, "ts": "2026-10-04 14:57:37"}
[DBG] {"category": "TRAIN", "component": "train", "event": "BEGIN:broadcast_preference_payload", "has_payload": null, "host": "d6b2a058c4be", "pid": 108787, "rank": 1, "transport": "json_uint8_gloo", "ts": "2026-10-04 14:57:37"}
[DBG] {"category": "TRAIN", "component": "train", "event": "watchdog_armed", "host": "d6b2a058c4be", "pid": 108787, "rank": 1, "stage": "broadcast_preference_payload", "timeout_sec": 30.0, "ts": "2026-10-04 14:57:37"}
[DBG] {"bytes": null, "category": "TRAIN", "component": "train", "event": "BEGIN:broadcast_preference_length", "host": "d6b2a058c4be", "pid": 108787, "rank": 1, "transport": "gloo_cpu", "ts": "2026-10-04 14:57:37"}
[DBG] {"category": "TRAIN", "component": "train", "event": "watchdog_armed", "host": "d6b2a058c4be", "pid": 108787, "rank": 1, "stage": "broadcast_preference_length", "timeout_sec": 30.0, "ts": "2026-10-04 14:57:37"}
[DBG] {"category": "TRAIN", "component": "train", "elapsed_sec": 0.017162, "event": "END:broadcast_preference_length", "host": "d6b2a058c4be", "pid": 108787, "rank": 1, "ts": "2026-10-04 14:57:37"}
[DBG] {"category": "TRAIN", "component": "train", "event": "watchdog_armed", "host": "d6b2a058c4be", "pid": 108787, "rank": 1, "stage": "broadcast_preference_payload", "timeout_sec": 30.0, "ts": "2026-10-04 14:57:37"}
[DBG] {"category": "TRAIN", "component": "train", "elapsed_sec": 0.018568, "event": "END:broadcast_preference_payload", "host": "d6b2a058c4be", "pid": 108787, "rank": 1, "ts": "2026-10-04 14:57:37"}
[DBG] {"category": "TRAIN", "component": "train", "event": "BEGIN:broadcast_stop_flag", "host": "d6b2a058c4be", "pid": 108787, "rank": 1, "transport": "gloo_cpu", "ts": "2026-10-04 14:57:37", "value": null}
[DBG] {"category": "TRAIN", "component": "train", "event": "watchdog_armed", "host": "d6b2a058c4be", "pid": 108787, "rank": 1, "stage": "broadcast_stop_flag", "timeout_sec": 30.0, "ts": "2026-10-04 14:57:37"}
[DBG] {"category": "TRAIN", "component": "train", "elapsed_sec": 0.006621, "event": "END:broadcast_stop_flag", "host": "d6b2a058c4be", "pid": 108787, "rank": 1, "ts": "2026-10-04 14:57:37"}
[DBG] {"category": "TRAIN", "component": "train", "event": "BEGIN:broadcast_preference_payload", "has_payload": null, "host": "d6b2a058c4be", "pid": 108787, "rank": 1, "transport": "json_uint8_gloo", "ts": "2026-10-04 14:57:37"}
[DBG] {"category": "TRAIN", "component": "train", "event": "watchdog_armed", "host": "d6b2a058c4be", "pid": 108787, "rank": 1, "stage": "broadcast_preference_payload", "timeout_sec": 30.0, "ts": "2026-10-04 14:57:37"}
[DBG] {"bytes": null, "category": "TRAIN", "component": "train", "event": "BEGIN:broadcast_preference_length", "host": "d6b2a058c4be", "pid": 108787, "rank": 1, "transport": "gloo_cpu", "ts": "2026-10-04 14:57:37"}
[DBG] {"category": "TRAIN", "component": "train", "event": "watchdog_armed", "host": "d6b2a058c4be", "pid": 108787, "rank": 1, "stage": "broadcast_preference_length", "timeout_sec": 30.0, "ts": "2026-10-04 14:57:37"}
[DBG] {"category": "TRAIN", "component": "train", "elapsed_sec": 0.015021, "event": "END:broadcast_preference_length", "host": "d6b2a058c4be", "pid": 108787, "rank": 1, "ts": "2026-10-04 14:57:37"}
[DBG] {"category": "TRAIN", "component": "train", "event": "watchdog_armed", "host": "d6b2a058c4be", "pid": 108787, "rank": 1, "stage": "broadcast_preference_payload", "timeout_sec": 30.0, "ts": "2026-10-04 14:57:37"}
[DBG] {"category": "TRAIN", "component": "train", "elapsed_sec": 0.01616, "event": "END:broadcast_preference_payload", "host": "d6b2a058c4be", "pid": 108787, "rank": 1, "ts": "2026-10-04 14:57:37"}
[DBG] {"category": "TRAIN", "component": "train", "event": "BEGIN:broadcast_stop_flag", "host": "d6b2a058c4be", "pid": 108787, "rank": 1, "transport": "gloo_cpu", "ts": "2026-10-04 14:57:38", "value": null}
[DBG] {"category": "TRAIN", "component": "train", "event": "watchdog_armed", "host": "d6b2a058c4be", "pid": 108787, "rank": 1, "stage": "broadcast_stop_flag", "timeout_sec": 30.0, "ts": "2026-10-04 14:57:38"}
[DBG] {"category": "TRAIN", "component": "train", "elapsed_sec": 0.006515, "event": "END:broadcast_stop_flag", "host": "d6b2a058c4be", "pid": 108787, "rank": 1, "ts": "2026-10-04 14:57:38"}
[DBG] {"category": "TRAIN", "component": "train", "event": "BEGIN:broadcast_preference_payload", "has_payload": null, "host": "d6b2a058c4be", "pid": 108787, "rank": 1, "transport": "json_uint8_gloo", "ts": "2026-10-04 14:57:38"}
[DBG] {"category": "TRAIN", "component": "train", "event": "watchdog_armed", "host": "d6b2a058c4be", "pid": 108787, "rank": 1, "stage": "broadcast_preference_payload", "timeout_sec": 30.0, "ts": "2026-10-04 14:57:38"}
[DBG] {"bytes": null, "category": "TRAIN", "component": "train", "event": "BEGIN:broadcast_preference_length", "host": "d6b2a058c4be", "pid": 108787, "rank": 1, "transport": "gloo_cpu", "ts": "2026-10-04 14:57:38"}
[DBG] {"category": "TRAIN", "component": "train", "event": "watchdog_armed", "host": "d6b2a058c4be", "pid": 108787, "rank": 1, "stage": "broadcast_preference_length", "timeout_sec": 30.0, "ts": "2026-10-04 14:57:38"}
[DBG] {"category": "TRAIN", "component": "train", "elapsed_sec": 0.014317, "event": "END:broadcast_preference_length", "host": "d6b2a058c4be", "pid": 108787, "rank": 1, "ts": "2026-10-04 14:57:38"}
[DBG] {"category": "TRAIN", "component": "train", "event": "watchdog_armed", "host": "d6b2a058c4be", "pid": 108787, "rank": 1, "stage": "broadcast_preference_payload", "timeout_sec": 30.0, "ts": "2026-10-04 14:57:38"}
[DBG] {"category": "TRAIN", "component": "train", "elapsed_sec": 0.015478, "event": "END:broadcast_preference_payload", "host": "d6b2a058c4be", "pid": 108787, "rank": 1, "ts": "2026-10-04 14:57:38"}
[DBG] {"category": "TRAIN", "component": "train", "event": "BEGIN:broadcast_stop_flag", "host": "d6b2a058c4be", "pid": 108787, "rank": 1, "transport": "gloo_cpu", "ts": "2026-10-04 14:57:38", "value": null}
[DBG] {"category": "TRAIN", "component": "train", "event": "watchdog_armed", "host": "d6b2a058c4be", "pid": 108787, "rank": 1, "stage": "broadcast_stop_flag", "timeout_sec": 30.0, "ts": "2026-10-04 14:57:38"}
[DBG] {"category": "TRAIN", "component": "train", "elapsed_sec": 0.005624, "event": "END:broadcast_stop_flag", "host": "d6b2a058c4be", "pid": 108787, "rank": 1, "ts": "2026-10-04 14:57:38"}
[DBG] {"category": "TRAIN", "component": "train", "event": "BEGIN:broadcast_preference_payload", "has_payload": null, "host": "d6b2a058c4be", "pid": 108787, "rank": 1, "transport": "json_uint8_gloo", "ts": "2026-10-04 14:57:38"}
[DBG] {"category": "TRAIN", "component": "train", "event": "watchdog_armed", "host": "d6b2a058c4be", "pid": 108787, "rank": 1, "stage": "broadcast_preference_payload", "timeout_sec": 30.0, "ts": "2026-10-04 14:57:38"}
[DBG] {"bytes": null, "category": "TRAIN", "component": "train", "event": "BEGIN:broadcast_preference_length", "host": "d6b2a058c4be", "pid": 108787, "rank": 1, "transport": "gloo_cpu", "ts": "2026-10-04 14:57:38"}
[DBG] {"category": "TRAIN", "component": "train", "event": "watchdog_armed", "host": "d6b2a058c4be", "pid": 108787, "rank": 1, "stage": "broadcast_preference_length", "timeout_sec": 30.0, "ts": "2026-10-04 14:57:38"}
[DBG] {"category": "TRAIN", "component": "train", "elapsed_sec": 0.01219, "event": "END:broadcast_preference_length", "host": "d6b2a058c4be", "pid": 108787, "rank": 1, "ts": "2026-10-04 14:57:38"}
[DBG] {"category": "TRAIN", "component": "train", "event": "watchdog_armed", "host": "d6b2a058c4be", "pid": 108787, "rank": 1, "stage": "broadcast_preference_payload", "timeout_sec": 30.0, "ts": "2026-10-04 14:57:38"}
[DBG] {"category": "TRAIN", "component": "train", "elapsed_sec": 0.013364, "event": "END:broadcast_preference_payload", "host": "d6b2a058c4be", "pid": 108787, "rank": 1, "ts": "2026-10-04 14:57:38"}
[DBG] {"category": "TRAIN", "component": "train", "event": "BEGIN:broadcast_stop_flag", "host": "d6b2a058c4be", "pid": 108787, "rank": 1, "transport": "gloo_cpu", "ts": "2026-10-04 14:57:39", "value": null}
[DBG] {"category": "TRAIN", "component": "train", "event": "watchdog_armed", "host": "d6b2a058c4be", "pid": 108787, "rank": 1, "stage": "broadcast_stop_flag", "timeout_sec": 30.0, "ts": "2026-10-04 14:57:39"}
[DBG] {"category": "TRAIN", "component": "train", "elapsed_sec": 0.005662, "event": "END:broadcast_stop_flag", "host": "d6b2a058c4be", "pid": 108787, "rank": 1, "ts": "2026-10-04 14:57:39"}
[DBG] {"category": "TRAIN", "component": "train", "event": "BEGIN:broadcast_preference_payload", "has_payload": null, "host": "d6b2a058c4be", "pid": 108787, "rank": 1, "transport": "json_uint8_gloo", "ts": "2026-10-04 14:57:39"}
[DBG] {"category": "TRAIN", "component": "train", "event": "watchdog_armed", "host": "d6b2a058c4be", "pid": 108787, "rank": 1, "stage": "broadcast_preference_payload", "timeout_sec": 30.0, "ts": "2026-10-04 14:57:39"}
[DBG] {"bytes": null, "category": "TRAIN", "component": "train", "event": "BEGIN:broadcast_preference_length", "host": "d6b2a058c4be", "pid": 108787, "rank": 1, "transport": "gloo_cpu", "ts": "2026-10-04 14:57:39"}
[DBG] {"category": "TRAIN", "component": "train", "event": "watchdog_armed", "host": "d6b2a058c4be", "pid": 108787, "rank": 1, "stage": "broadcast_preference_length", "timeout_sec": 30.0, "ts": "2026-10-04 14:57:39"}
[DBG] {"category": "TRAIN", "component": "train", "elapsed_sec": 0.012785, "event": "END:broadcast_preference_length", "host": "d6b2a058c4be", "pid": 108787, "rank": 1, "ts": "2026-10-04 14:57:39"}
[DBG] {"category": "TRAIN", "component": "train", "event": "watchdog_armed", "host": "d6b2a058c4be", "pid": 108787, "rank": 1, "stage": "broadcast_preference_payload", "timeout_sec": 30.0, "ts": "2026-10-04 14:57:39"}
[DBG] {"category": "TRAIN", "component": "train", "elapsed_sec": 0.013907, "event": "END:broadcast_preference_payload", "host": "d6b2a058c4be", "pid": 108787, "rank": 1, "ts": "2026-10-04 14:57:39"}
[DBG] {"category": "TRAIN", "component": "train", "event": "BEGIN:broadcast_stop_flag", "host": "d6b2a058c4be", "pid": 108787, "rank": 1, "transport": "gloo_cpu", "ts": "2026-10-04 14:57:39", "value": null}
[DBG] {"category": "TRAIN", "component": "train", "event": "watchdog_armed", "host": "d6b2a058c4be", "pid": 108787, "rank": 1, "stage": "broadcast_stop_flag", "timeout_sec": 30.0, "ts": "2026-10-04 14:57:39"}
[DBG] {"category": "TRAIN", "component": "train", "elapsed_sec": 0.006671, "event": "END:broadcast_stop_flag", "host": "d6b2a058c4be", "pid": 108787, "rank": 1, "ts": "2026-10-04 14:57:39"}
[DBG] {"category": "TRAIN", "component": "train", "event": "BEGIN:broadcast_preference_payload", "has_payload": null, "host": "d6b2a058c4be", "pid": 108787, "rank": 1, "transport": "json_uint8_gloo", "ts": "2026-10-04 14:57:39"}
[DBG] {"category": "TRAIN", "component": "train", "event": "watchdog_armed", "host": "d6b2a058c4be", "pid": 108787, "rank": 1, "stage": "broadcast_preference_payload", "timeout_sec": 30.0, "ts": "2026-10-04 14:57:39"}
[DBG] {"bytes": null, "category": "TRAIN", "component": "train", "event": "BEGIN:broadcast_preference_length", "host": "d6b2a058c4be", "pid": 108787, "rank": 1, "transport": "gloo_cpu", "ts": "2026-10-04 14:57:39"}
[DBG] {"category": "TRAIN", "component": "train", "event": "watchdog_armed", "host": "d6b2a058c4be", "pid": 108787, "rank": 1, "stage": "broadcast_preference_length", "timeout_sec": 30.0, "ts": "2026-10-04 14:57:39"}
[DBG] {"category": "TRAIN", "component": "train", "elapsed_sec": 0.013574, "event": "END:broadcast_preference_length", "host": "d6b2a058c4be", "pid": 108787, "rank": 1, "ts": "2026-10-04 14:57:39"}
[DBG] {"category": "TRAIN", "component": "train", "event": "watchdog_armed", "host": "d6b2a058c4be", "pid": 108787, "rank": 1, "stage": "broadcast_preference_payload", "timeout_sec": 30.0, "ts": "2026-10-04 14:57:39"}
[DBG] {"category": "TRAIN", "component": "train", "elapsed_sec": 0.014749, "event": "END:broadcast_preference_payload", "host": "d6b2a058c4be", "pid": 108787, "rank": 1, "ts": "2026-10-04 14:57:39"}
[DBG] {"category": "TRAIN", "component": "train", "event": "BEGIN:broadcast_stop_flag", "host": "d6b2a058c4be", "pid": 108787, "rank": 1, "transport": "gloo_cpu", "ts": "2026-10-04 14:57:40", "value": null}
[DBG] {"category": "TRAIN", "component": "train", "event": "watchdog_armed", "host": "d6b2a058c4be", "pid": 108787, "rank": 1, "stage": "broadcast_stop_flag", "timeout_sec": 30.0, "ts": "2026-10-04 14:57:40"}
[DBG] {"category": "TRAIN", "component": "train", "elapsed_sec": 0.005875, "event": "END:broadcast_stop_flag", "host": "d6b2a058c4be", "pid": 108787, "rank": 1, "ts": "2026-10-04 14:57:40"}
[DBG] {"category": "TRAIN", "component": "train", "event": "BEGIN:broadcast_preference_payload", "has_payload": null, "host": "d6b2a058c4be", "pid": 108787, "rank": 1, "transport": "json_uint8_gloo", "ts": "2026-10-04 14:57:40"}
[DBG] {"category": "TRAIN", "component": "train", "event": "watchdog_armed", "host": "d6b2a058c4be", "pid": 108787, "rank": 1, "stage": "broadcast_preference_payload", "timeout_sec": 30.0, "ts": "2026-10-04 14:57:40"}
[DBG] {"bytes": null, "category": "TRAIN", "component": "train", "event": "BEGIN:broadcast_preference_length", "host": "d6b2a058c4be", "pid": 108787, "rank": 1, "transport": "gloo_cpu", "ts": "2026-10-04 14:57:40"}
[DBG] {"category": "TRAIN", "component": "train", "event": "watchdog_armed", "host": "d6b2a058c4be", "pid": 108787, "rank": 1, "stage": "broadcast_preference_length", "timeout_sec": 30.0, "ts": "2026-10-04 14:57:40"}
[DBG] {"category": "TRAIN", "component": "train", "elapsed_sec": 0.012106, "event": "END:broadcast_preference_length", "host": "d6b2a058c4be", "pid": 108787, "rank": 1, "ts": "2026-10-04 14:57:40"}
[DBG] {"category": "TRAIN", "component": "train", "event": "watchdog_armed", "host": "d6b2a058c4be", "pid": 108787, "rank": 1, "stage": "broadcast_preference_payload", "timeout_sec": 30.0, "ts": "2026-10-04 14:57:40"}
[DBG] {"category": "TRAIN", "component": "train", "elapsed_sec": 0.013239, "event": "END:broadcast_preference_payload", "host": "d6b2a058c4be", "pid": 108787, "rank": 1, "ts": "2026-10-04 14:57:40"}
[DBG] {"category": "TRAIN", "component": "train", "event": "BEGIN:broadcast_stop_flag", "host": "d6b2a058c4be", "pid": 108787, "rank": 1, "transport": "gloo_cpu", "ts": "2026-10-04 14:57:40", "value": null}
[DBG] {"category": "TRAIN", "component": "train", "event": "watchdog_armed", "host": "d6b2a058c4be", "pid": 108787, "rank": 1, "stage": "broadcast_stop_flag", "timeout_sec": 30.0, "ts": "2026-10-04 14:57:40"}
[DBG] {"category": "TRAIN", "component": "train", "elapsed_sec": 0.005558, "event": "END:broadcast_stop_flag", "host": "d6b2a058c4be", "pid": 108787, "rank": 1, "ts": "2026-10-04 14:57:40"}
[DBG] {"category": "TRAIN", "component": "train", "event": "BEGIN:broadcast_preference_payload", "has_payload": null, "host": "d6b2a058c4be", "pid": 108787, "rank": 1, "transport": "json_uint8_gloo", "ts": "2026-10-04 14:57:40"}
[DBG] {"category": "TRAIN", "component": "train", "event": "watchdog_armed", "host": "d6b2a058c4be", "pid": 108787, "rank": 1, "stage": "broadcast_preference_payload", "timeout_sec": 30.0, "ts": "2026-10-04 14:57:40"}
[DBG] {"bytes": null, "category": "TRAIN", "component": "train", "event": "BEGIN:broadcast_preference_length", "host": "d6b2a058c4be", "pid": 108787, "rank": 1, "transport": "gloo_cpu", "ts": "2026-10-04 14:57:40"}
[DBG] {"category": "TRAIN", "component": "train", "event": "watchdog_armed", "host": "d6b2a058c4be", "pid": 108787, "rank": 1, "stage": "broadcast_preference_length", "timeout_sec": 30.0, "ts": "2026-10-04 14:57:40"}
[DBG] {"category": "TRAIN", "component": "train", "elapsed_sec": 0.015919, "event": "END:broadcast_preference_length", "host": "d6b2a058c4be", "pid": 108787, "rank": 1, "ts": "2026-10-04 14:57:40"}
[DBG] {"category": "TRAIN", "component": "train", "event": "watchdog_armed", "host": "d6b2a058c4be", "pid": 108787, "rank": 1, "stage": "broadcast_preference_payload", "timeout_sec": 30.0, "ts": "2026-10-04 14:57:40"}
[DBG] {"category": "TRAIN", "component": "train", "elapsed_sec": 0.017125, "event": "END:broadcast_preference_payload", "host": "d6b2a058c4be", "pid": 108787, "rank": 1, "ts": "2026-10-04 14:57:40"}
[DBG] {"category": "TRAIN", "component": "train", "event": "BEGIN:broadcast_stop_flag", "host": "d6b2a058c4be", "pid": 108787, "rank": 1, "transport": "gloo_cpu", "ts": "2026-10-04 14:57:41", "value": null}
[DBG] {"category": "TRAIN", "component": "train", "event": "watchdog_armed", "host": "d6b2a058c4be", "pid": 108787, "rank": 1, "stage": "broadcast_stop_flag", "timeout_sec": 30.0, "ts": "2026-10-04 14:57:41"}
[DBG] {"category": "TRAIN", "component": "train", "elapsed_sec": 0.005735, "event": "END:broadcast_stop_flag", "host": "d6b2a058c4be", "pid": 108787, "rank": 1, "ts": "2026-10-04 14:57:41"}
[DBG] {"category": "TRAIN", "component": "train", "event": "BEGIN:broadcast_preference_payload", "has_payload": null, "host": "d6b2a058c4be", "pid": 108787, "rank": 1, "transport": "json_uint8_gloo", "ts": "2026-10-04 14:57:41"}
[DBG] {"category": "TRAIN", "component": "train", "event": "watchdog_armed", "host": "d6b2a058c4be", "pid": 108787, "rank": 1, "stage": "broadcast_preference_payload", "timeout_sec": 30.0, "ts": "2026-10-04 14:57:41"}
[DBG] {"bytes": null, "category": "TRAIN", "component": "train", "event": "BEGIN:broadcast_preference_length", "host": "d6b2a058c4be", "pid": 108787, "rank": 1, "transport": "gloo_cpu", "ts": "2026-10-04 14:57:41"}
[DBG] {"category": "TRAIN", "component": "train", "event": "watchdog_armed", "host": "d6b2a058c4be", "pid": 108787, "rank": 1, "stage": "broadcast_preference_length", "timeout_sec": 30.0, "ts": "2026-10-04 14:57:41"}
[DBG] {"category": "TRAIN", "component": "train", "elapsed_sec": 0.012405, "event": "END:broadcast_preference_length", "host": "d6b2a058c4be", "pid": 108787, "rank": 1, "ts": "2026-10-04 14:57:41"}
[DBG] {"category": "TRAIN", "component": "train", "event": "watchdog_armed", "host": "d6b2a058c4be", "pid": 108787, "rank": 1, "stage": "broadcast_preference_payload", "timeout_sec": 30.0, "ts": "2026-10-04 14:57:41"}
[DBG] {"category": "TRAIN", "component": "train", "elapsed_sec": 0.013635, "event": "END:broadcast_preference_payload", "host": "d6b2a058c4be", "pid": 108787, "rank": 1, "ts": "2026-10-04 14:57:41"}
[DBG] {"category": "TRAIN", "component": "train", "event": "BEGIN:broadcast_stop_flag", "host": "d6b2a058c4be", "pid": 108787, "rank": 1, "transport": "gloo_cpu", "ts": "2026-10-04 14:57:41", "value": null}
[DBG] {"category": "TRAIN", "component": "train", "event": "watchdog_armed", "host": "d6b2a058c4be", "pid": 108787, "rank": 1, "stage": "broadcast_stop_flag", "timeout_sec": 30.0, "ts": "2026-10-04 14:57:41"}
[DBG] {"category": "TRAIN", "component": "train", "elapsed_sec": 0.013801, "event": "END:broadcast_stop_flag", "host": "d6b2a058c4be", "pid": 108787, "rank": 1, "ts": "2026-10-04 14:57:41"}
[DBG] {"category": "TRAIN", "component": "train", "event": "BEGIN:broadcast_preference_payload", "has_payload": null, "host": "d6b2a058c4be", "pid": 108787, "rank": 1, "transport": "json_uint8_gloo", "ts": "2026-10-04 14:57:41"}
[DBG] {"category": "TRAIN", "component": "train", "event": "watchdog_armed", "host": "d6b2a058c4be", "pid": 108787, "rank": 1, "stage": "broadcast_preference_payload", "timeout_sec": 30.0, "ts": "2026-10-04 14:57:41"}
[DBG] {"bytes": null, "category": "TRAIN", "component": "train", "event": "BEGIN:broadcast_preference_length", "host": "d6b2a058c4be", "pid": 108787, "rank": 1, "transport": "gloo_cpu", "ts": "2026-10-04 14:57:41"}
[DBG] {"category": "TRAIN", "component": "train", "event": "watchdog_armed", "host": "d6b2a058c4be", "pid": 108787, "rank": 1, "stage": "broadcast_preference_length", "timeout_sec": 30.0, "ts": "2026-10-04 14:57:41"}
[DBG] {"category": "TRAIN", "component": "train", "elapsed_sec": 0.01193, "event": "END:broadcast_preference_length", "host": "d6b2a058c4be", "pid": 108787, "rank": 1, "ts": "2026-10-04 14:57:41"}
[DBG] {"category": "TRAIN", "component": "train", "event": "watchdog_armed", "host": "d6b2a058c4be", "pid": 108787, "rank": 1, "stage": "broadcast_preference_payload", "timeout_sec": 30.0, "ts": "2026-10-04 14:57:41"}
[DBG] {"category": "TRAIN", "component": "train", "elapsed_sec": 0.013068, "event": "END:broadcast_preference_payload", "host": "d6b2a058c4be", "pid": 108787, "rank": 1, "ts": "2026-10-04 14:57:41"}
[DBG] {"category": "TRAIN", "component": "train", "event": "BEGIN:broadcast_stop_flag", "host": "d6b2a058c4be", "pid": 108787, "rank": 1, "transport": "gloo_cpu", "ts": "2026-10-04 14:57:42", "value": null}
[DBG] {"category": "TRAIN", "component": "train", "event": "watchdog_armed", "host": "d6b2a058c4be", "pid": 108787, "rank": 1, "stage": "broadcast_stop_flag", "timeout_sec": 30.0, "ts": "2026-10-04 14:57:42"}
[DBG] {"category": "TRAIN", "component": "train", "elapsed_sec": 0.005746, "event": "END:broadcast_stop_flag", "host": "d6b2a058c4be", "pid": 108787, "rank": 1, "ts": "2026-10-04 14:57:42"}
[DBG] {"category": "TRAIN", "component": "train", "event": "BEGIN:broadcast_preference_payload", "has_payload": null, "host": "d6b2a058c4be", "pid": 108787, "rank": 1, "transport": "json_uint8_gloo", "ts": "2026-10-04 14:57:42"}
[DBG] {"category": "TRAIN", "component": "train", "event": "watchdog_armed", "host": "d6b2a058c4be", "pid": 108787, "rank": 1, "stage": "broadcast_preference_payload", "timeout_sec": 30.0, "ts": "2026-10-04 14:57:42"}
[DBG] {"bytes": null, "category": "TRAIN", "component": "train", "event": "BEGIN:broadcast_preference_length", "host": "d6b2a058c4be", "pid": 108787, "rank": 1, "transport": "gloo_cpu", "ts": "2026-10-04 14:57:42"}
[DBG] {"category": "TRAIN", "component": "train", "event": "watchdog_armed", "host": "d6b2a058c4be", "pid": 108787, "rank": 1, "stage": "broadcast_preference_length", "timeout_sec": 30.0, "ts": "2026-10-04 14:57:42"}
[DBG] {"category": "TRAIN", "component": "train", "elapsed_sec": 0.012108, "event": "END:broadcast_preference_length", "host": "d6b2a058c4be", "pid": 108787, "rank": 1, "ts": "2026-10-04 14:57:42"}
[DBG] {"category": "TRAIN", "component": "train", "event": "watchdog_armed", "host": "d6b2a058c4be", "pid": 108787, "rank": 1, "stage": "broadcast_preference_payload", "timeout_sec": 30.0, "ts": "2026-10-04 14:57:42"}
[DBG] {"category": "TRAIN", "component": "train", "elapsed_sec": 0.013309, "event": "END:broadcast_preference_payload", "host": "d6b2a058c4be", "pid": 108787, "rank": 1, "ts": "2026-10-04 14:57:42"}
[DBG] {"category": "TRAIN", "component": "train", "event": "BEGIN:broadcast_stop_flag", "host": "d6b2a058c4be", "pid": 108787, "rank": 1, "transport": "gloo_cpu", "ts": "2026-10-04 14:57:42", "value": null}
[DBG] {"category": "TRAIN", "component": "train", "event": "watchdog_armed", "host": "d6b2a058c4be", "pid": 108787, "rank": 1, "stage": "broadcast_stop_flag", "timeout_sec": 30.0, "ts": "2026-10-04 14:57:42"}
[DBG] {"category": "TRAIN", "component": "train", "elapsed_sec": 0.005709, "event": "END:broadcast_stop_flag", "host": "d6b2a058c4be", "pid": 108787, "rank": 1, "ts": "2026-10-04 14:57:42"}
[DBG] {"category": "TRAIN", "component": "train", "event": "BEGIN:broadcast_preference_payload", "has_payload": null, "host": "d6b2a058c4be", "pid": 108787, "rank": 1, "transport": "json_uint8_gloo", "ts": "2026-10-04 14:57:42"}
[DBG] {"category": "TRAIN", "component": "train", "event": "watchdog_armed", "host": "d6b2a058c4be", "pid": 108787, "rank": 1, "stage": "broadcast_preference_payload", "timeout_sec": 30.0, "ts": "2026-10-04 14:57:42"}
[DBG] {"bytes": null, "category": "TRAIN", "component": "train", "event": "BEGIN:broadcast_preference_length", "host": "d6b2a058c4be", "pid": 108787, "rank": 1, "transport": "gloo_cpu", "ts": "2026-10-04 14:57:42"}
[DBG] {"category": "TRAIN", "component": "train", "event": "watchdog_armed", "host": "d6b2a058c4be", "pid": 108787, "rank": 1, "stage": "broadcast_preference_length", "timeout_sec": 30.0, "ts": "2026-10-04 14:57:42"}
[DBG] {"category": "TRAIN", "component": "train", "elapsed_sec": 0.010502, "event": "END:broadcast_preference_length", "host": "d6b2a058c4be", "pid": 108787, "rank": 1, "ts": "2026-10-04 14:57:42"}
[DBG] {"category": "TRAIN", "component": "train", "event": "watchdog_armed", "host": "d6b2a058c4be", "pid": 108787, "rank": 1, "stage": "broadcast_preference_payload", "timeout_sec": 30.0, "ts": "2026-10-04 14:57:42"}
[DBG] {"category": "TRAIN", "component": "train", "elapsed_sec": 0.013119, "event": "END:broadcast_preference_payload", "host": "d6b2a058c4be", "pid": 108787, "rank": 1, "ts": "2026-10-04 14:57:42"}
[DBG] {"category": "TRAIN", "component": "train", "event": "BEGIN:broadcast_stop_flag", "host": "d6b2a058c4be", "pid": 108787, "rank": 1, "transport": "gloo_cpu", "ts": "2026-10-04 14:57:43", "value": null}
[DBG] {"category": "TRAIN", "component": "train", "event": "watchdog_armed", "host": "d6b2a058c4be", "pid": 108787, "rank": 1, "stage": "broadcast_stop_flag", "timeout_sec": 30.0, "ts": "2026-10-04 14:57:43"}
[DBG] {"category": "TRAIN", "component": "train", "elapsed_sec": 0.005798, "event": "END:broadcast_stop_flag", "host": "d6b2a058c4be", "pid": 108787, "rank": 1, "ts": "2026-10-04 14:57:43"}
[DBG] {"category": "TRAIN", "component": "train", "event": "BEGIN:broadcast_preference_payload", "has_payload": null, "host": "d6b2a058c4be", "pid": 108787, "rank": 1, "transport": "json_uint8_gloo", "ts": "2026-10-04 14:57:43"}
[DBG] {"category": "TRAIN", "component": "train", "event": "watchdog_armed", "host": "d6b2a058c4be", "pid": 108787, "rank": 1, "stage": "broadcast_preference_payload", "timeout_sec": 30.0, "ts": "2026-10-04 14:57:43"}
[DBG] {"bytes": null, "category": "TRAIN", "component": "train", "event": "BEGIN:broadcast_preference_length", "host": "d6b2a058c4be", "pid": 108787, "rank": 1, "transport": "gloo_cpu", "ts": "2026-10-04 14:57:43"}
[DBG] {"category": "TRAIN", "component": "train", "event": "watchdog_armed", "host": "d6b2a058c4be", "pid": 108787, "rank": 1, "stage": "broadcast_preference_length", "timeout_sec": 30.0, "ts": "2026-10-04 14:57:43"}
[DBG] {"category": "TRAIN", "component": "train", "elapsed_sec": 0.012949, "event": "END:broadcast_preference_length", "host": "d6b2a058c4be", "pid": 108787, "rank": 1, "ts": "2026-10-04 14:57:43"}
[DBG] {"category": "TRAIN", "component": "train", "event": "watchdog_armed", "host": "d6b2a058c4be", "pid": 108787, "rank": 1, "stage": "broadcast_preference_payload", "timeout_sec": 30.0, "ts": "2026-10-04 14:57:43"}
[DBG] {"category": "TRAIN", "component": "train", "elapsed_sec": 0.014155, "event": "END:broadcast_preference_payload", "host": "d6b2a058c4be", "pid": 108787, "rank": 1, "ts": "2026-10-04 14:57:43"}
[DBG] {"category": "TRAIN", "component": "train", "event": "BEGIN:broadcast_stop_flag", "host": "d6b2a058c4be", "pid": 108787, "rank": 1, "transport": "gloo_cpu", "ts": "2026-10-04 14:57:43", "value": null}
[DBG] {"category": "TRAIN", "component": "train", "event": "watchdog_armed", "host": "d6b2a058c4be", "pid": 108787, "rank": 1, "stage": "broadcast_stop_flag", "timeout_sec": 30.0, "ts": "2026-10-04 14:57:43"}
[DBG] {"category": "TRAIN", "component": "train", "elapsed_sec": 0.005202, "event": "END:broadcast_stop_flag", "host": "d6b2a058c4be", "pid": 108787, "rank": 1, "ts": "2026-10-04 14:57:43"}
[DBG] {"category": "TRAIN", "component": "train", "event": "BEGIN:broadcast_preference_payload", "has_payload": null, "host": "d6b2a058c4be", "pid": 108787, "rank": 1, "transport": "json_uint8_gloo", "ts": "2026-10-04 14:57:43"}
[DBG] {"category": "TRAIN", "component": "train", "event": "watchdog_armed", "host": "d6b2a058c4be", "pid": 108787, "rank": 1, "stage": "broadcast_preference_payload", "timeout_sec": 30.0, "ts": "2026-10-04 14:57:43"}
[DBG] {"bytes": null, "category": "TRAIN", "component": "train", "event": "BEGIN:broadcast_preference_length", "host": "d6b2a058c4be", "pid": 108787, "rank": 1, "transport": "gloo_cpu", "ts": "2026-10-04 14:57:43"}
[DBG] {"category": "TRAIN", "component": "train", "event": "watchdog_armed", "host": "d6b2a058c4be", "pid": 108787, "rank": 1, "stage": "broadcast_preference_length", "timeout_sec": 30.0, "ts": "2026-10-04 14:57:43"}
[DBG] {"category": "TRAIN", "component": "train", "elapsed_sec": 0.011825, "event": "END:broadcast_preference_length", "host": "d6b2a058c4be", "pid": 108787, "rank": 1, "ts": "2026-10-04 14:57:43"}
[DBG] {"category": "TRAIN", "component": "train", "event": "watchdog_armed", "host": "d6b2a058c4be", "pid": 108787, "rank": 1, "stage": "broadcast_preference_payload", "timeout_sec": 30.0, "ts": "2026-10-04 14:57:43"}
[DBG] {"category": "TRAIN", "component": "train", "elapsed_sec": 0.013224, "event": "END:broadcast_preference_payload", "host": "d6b2a058c4be", "pid": 108787, "rank": 1, "ts": "2026-10-04 14:57:43"}
[DBG] {"category": "TRAIN", "component": "train", "event": "BEGIN:broadcast_stop_flag", "host": "d6b2a058c4be", "pid": 108787, "rank": 1, "transport": "gloo_cpu", "ts": "2026-10-04 14:57:44", "value": null}
[DBG] {"category": "TRAIN", "component": "train", "event": "watchdog_armed", "host": "d6b2a058c4be", "pid": 108787, "rank": 1, "stage": "broadcast_stop_flag", "timeout_sec": 30.0, "ts": "2026-10-04 14:57:44"}
[DBG] {"category": "TRAIN", "component": "train", "elapsed_sec": 0.00594, "event": "END:broadcast_stop_flag", "host": "d6b2a058c4be", "pid": 108787, "rank": 1, "ts": "2026-10-04 14:57:44"}
[DBG] {"category": "TRAIN", "component": "train", "event": "BEGIN:broadcast_preference_payload", "has_payload": null, "host": "d6b2a058c4be", "pid": 108787, "rank": 1, "transport": "json_uint8_gloo", "ts": "2026-10-04 14:57:44"}
[DBG] {"category": "TRAIN", "component": "train", "event": "watchdog_armed", "host": "d6b2a058c4be", "pid": 108787, "rank": 1, "stage": "broadcast_preference_payload", "timeout_sec": 30.0, "ts": "2026-10-04 14:57:44"}
[DBG] {"bytes": null, "category": "TRAIN", "component": "train", "event": "BEGIN:broadcast_preference_length", "host": "d6b2a058c4be", "pid": 108787, "rank": 1, "transport": "gloo_cpu", "ts": "2026-10-04 14:57:44"}
[DBG] {"category": "TRAIN", "component": "train", "event": "watchdog_armed", "host": "d6b2a058c4be", "pid": 108787, "rank": 1, "stage": "broadcast_preference_length", "timeout_sec": 30.0, "ts": "2026-10-04 14:57:44"}
[DBG] {"category": "TRAIN", "component": "train", "elapsed_sec": 0.012483, "event": "END:broadcast_preference_length", "host": "d6b2a058c4be", "pid": 108787, "rank": 1, "ts": "2026-10-04 14:57:44"}
[DBG] {"category": "TRAIN", "component": "train", "event": "watchdog_armed", "host": "d6b2a058c4be", "pid": 108787, "rank": 1, "stage": "broadcast_preference_payload", "timeout_sec": 30.0, "ts": "2026-10-04 14:57:44"}
[DBG] {"category": "TRAIN", "component": "train", "elapsed_sec": 0.01378, "event": "END:broadcast_preference_payload", "host": "d6b2a058c4be", "pid": 108787, "rank": 1, "ts": "2026-10-04 14:57:44"}
[DBG] {"category": "TRAIN", "component": "train", "event": "BEGIN:broadcast_stop_flag", "host": "d6b2a058c4be", "pid": 108787, "rank": 1, "transport": "gloo_cpu", "ts": "2026-10-04 14:57:44", "value": null}
[DBG] {"category": "TRAIN", "component": "train", "event": "watchdog_armed", "host": "d6b2a058c4be", "pid": 108787, "rank": 1, "stage": "broadcast_stop_flag", "timeout_sec": 30.0, "ts": "2026-10-04 14:57:44"}
[DBG] {"category": "TRAIN", "component": "train", "elapsed_sec": 0.006244, "event": "END:broadcast_stop_flag", "host": "d6b2a058c4be", "pid": 108787, "rank": 1, "ts": "2026-10-04 14:57:44"}
[DBG] {"category": "TRAIN", "component": "train", "event": "BEGIN:broadcast_preference_payload", "has_payload": null, "host": "d6b2a058c4be", "pid": 108787, "rank": 1, "transport": "json_uint8_gloo", "ts": "2026-10-04 14:57:44"}
[DBG] {"category": "TRAIN", "component": "train", "event": "watchdog_armed", "host": "d6b2a058c4be", "pid": 108787, "rank": 1, "stage": "broadcast_preference_payload", "timeout_sec": 30.0, "ts": "2026-10-04 14:57:44"}
[DBG] {"bytes": null, "category": "TRAIN", "component": "train", "event": "BEGIN:broadcast_preference_length", "host": "d6b2a058c4be", "pid": 108787, "rank": 1, "transport": "gloo_cpu", "ts": "2026-10-04 14:57:44"}
[DBG] {"category": "TRAIN", "component": "train", "event": "watchdog_armed", "host": "d6b2a058c4be", "pid": 108787, "rank": 1, "stage": "broadcast_preference_length", "timeout_sec": 30.0, "ts": "2026-10-04 14:57:44"}
[DBG] {"category": "TRAIN", "component": "train", "elapsed_sec": 0.016078, "event": "END:broadcast_preference_length", "host": "d6b2a058c4be", "pid": 108787, "rank": 1, "ts": "2026-10-04 14:57:44"}
[DBG] {"category": "TRAIN", "component": "train", "event": "watchdog_armed", "host": "d6b2a058c4be", "pid": 108787, "rank": 1, "stage": "broadcast_preference_payload", "timeout_sec": 30.0, "ts": "2026-10-04 14:57:44"}
[DBG] {"category": "TRAIN", "component": "train", "elapsed_sec": 0.017191, "event": "END:broadcast_preference_payload", "host": "d6b2a058c4be", "pid": 108787, "rank": 1, "ts": "2026-10-04 14:57:44"}
[DBG] {"category": "TRAIN", "component": "train", "event": "BEGIN:broadcast_stop_flag", "host": "d6b2a058c4be", "pid": 108787, "rank": 1, "transport": "gloo_cpu", "ts": "2026-10-04 14:57:45", "value": null}
[DBG] {"category": "TRAIN", "component": "train", "event": "watchdog_armed", "host": "d6b2a058c4be", "pid": 108787, "rank": 1, "stage": "broadcast_stop_flag", "timeout_sec": 30.0, "ts": "2026-10-04 14:57:45"}
[DBG] {"category": "TRAIN", "component": "train", "elapsed_sec": 0.007672, "event": "END:broadcast_stop_flag", "host": "d6b2a058c4be", "pid": 108787, "rank": 1, "ts": "2026-10-04 14:57:45"}
[DBG] {"category": "TRAIN", "component": "train", "event": "BEGIN:broadcast_preference_payload", "has_payload": null, "host": "d6b2a058c4be", "pid": 108787, "rank": 1, "transport": "json_uint8_gloo", "ts": "2026-10-04 14:57:45"}
[DBG] {"category": "TRAIN", "component": "train", "event": "watchdog_armed", "host": "d6b2a058c4be", "pid": 108787, "rank": 1, "stage": "broadcast_preference_payload", "timeout_sec": 30.0, "ts": "2026-10-04 14:57:45"}
[DBG] {"bytes": null, "category": "TRAIN", "component": "train", "event": "BEGIN:broadcast_preference_length", "host": "d6b2a058c4be", "pid": 108787, "rank": 1, "transport": "gloo_cpu", "ts": "2026-10-04 14:57:45"}
[DBG] {"category": "TRAIN", "component": "train", "event": "watchdog_armed", "host": "d6b2a058c4be", "pid": 108787, "rank": 1, "stage": "broadcast_preference_length", "timeout_sec": 30.0, "ts": "2026-10-04 14:57:45"}
[DBG] {"category": "TRAIN", "component": "train", "elapsed_sec": 0.014909, "event": "END:broadcast_preference_length", "host": "d6b2a058c4be", "pid": 108787, "rank": 1, "ts": "2026-10-04 14:57:45"}
[DBG] {"category": "TRAIN", "component": "train", "event": "watchdog_armed", "host": "d6b2a058c4be", "pid": 108787, "rank": 1, "stage": "broadcast_preference_payload", "timeout_sec": 30.0, "ts": "2026-10-04 14:57:45"}
[DBG] {"category": "TRAIN", "component": "train", "elapsed_sec": 0.016374, "event": "END:broadcast_preference_payload", "host": "d6b2a058c4be", "pid": 108787, "rank": 1, "ts": "2026-10-04 14:57:45"}
[DBG] {"category": "TRAIN", "component": "train", "event": "BEGIN:broadcast_stop_flag", "host": "d6b2a058c4be", "pid": 108787, "rank": 1, "transport": "gloo_cpu", "ts": "2026-10-04 14:57:45", "value": null}
[DBG] {"category": "TRAIN", "component": "train", "event": "watchdog_armed", "host": "d6b2a058c4be", "pid": 108787, "rank": 1, "stage": "broadcast_stop_flag", "timeout_sec": 30.0, "ts": "2026-10-04 14:57:45"}
[DBG] {"category": "TRAIN", "component": "train", "elapsed_sec": 0.008023, "event": "END:broadcast_stop_flag", "host": "d6b2a058c4be", "pid": 108787, "rank": 1, "ts": "2026-10-04 14:57:45"}
[DBG] {"category": "TRAIN", "component": "train", "event": "BEGIN:broadcast_preference_payload", "has_payload": null, "host": "d6b2a058c4be", "pid": 108787, "rank": 1, "transport": "json_uint8_gloo", "ts": "2026-10-04 14:57:45"}
[DBG] {"category": "TRAIN", "component": "train", "event": "watchdog_armed", "host": "d6b2a058c4be", "pid": 108787, "rank": 1, "stage": "broadcast_preference_payload", "timeout_sec": 30.0, "ts": "2026-10-04 14:57:45"}
[DBG] {"bytes": null, "category": "TRAIN", "component": "train", "event": "BEGIN:broadcast_preference_length", "host": "d6b2a058c4be", "pid": 108787, "rank": 1, "transport": "gloo_cpu", "ts": "2026-10-04 14:57:45"}
[DBG] {"category": "TRAIN", "component": "train", "event": "watchdog_armed", "host": "d6b2a058c4be", "pid": 108787, "rank": 1, "stage": "broadcast_preference_length", "timeout_sec": 30.0, "ts": "2026-10-04 14:57:45"}
[DBG] {"category": "TRAIN", "component": "train", "elapsed_sec": 0.015661, "event": "END:broadcast_preference_length", "host": "d6b2a058c4be", "pid": 108787, "rank": 1, "ts": "2026-10-04 14:57:45"}
[DBG] {"category": "TRAIN", "component": "train", "event": "watchdog_armed", "host": "d6b2a058c4be", "pid": 108787, "rank": 1, "stage": "broadcast_preference_payload", "timeout_sec": 30.0, "ts": "2026-10-04 14:57:45"}
[DBG] {"category": "TRAIN", "component": "train", "elapsed_sec": 0.01726, "event": "END:broadcast_preference_payload", "host": "d6b2a058c4be", "pid": 108787, "rank": 1, "ts": "2026-10-04 14:57:45"}
[DBG] {"category": "TRAIN", "component": "train", "event": "BEGIN:broadcast_stop_flag", "host": "d6b2a058c4be", "pid": 108787, "rank": 1, "transport": "gloo_cpu", "ts": "2026-10-04 14:57:46", "value": null}
[DBG] {"category": "TRAIN", "component": "train", "event": "watchdog_armed", "host": "d6b2a058c4be", "pid": 108787, "rank": 1, "stage": "broadcast_stop_flag", "timeout_sec": 30.0, "ts": "2026-10-04 14:57:46"}
[DBG] {"category": "TRAIN", "component": "train", "elapsed_sec": 0.005115, "event": "END:broadcast_stop_flag", "host": "d6b2a058c4be", "pid": 108787, "rank": 1, "ts": "2026-10-04 14:57:46"}
[DBG] {"category": "TRAIN", "component": "train", "event": "BEGIN:broadcast_preference_payload", "has_payload": null, "host": "d6b2a058c4be", "pid": 108787, "rank": 1, "transport": "json_uint8_gloo", "ts": "2026-10-04 14:57:46"}
[DBG] {"category": "TRAIN", "component": "train", "event": "watchdog_armed", "host": "d6b2a058c4be", "pid": 108787, "rank": 1, "stage": "broadcast_preference_payload", "timeout_sec": 30.0, "ts": "2026-10-04 14:57:46"}
[DBG] {"bytes": null, "category": "TRAIN", "component": "train", "event": "BEGIN:broadcast_preference_length", "host": "d6b2a058c4be", "pid": 108787, "rank": 1, "transport": "gloo_cpu", "ts": "2026-10-04 14:57:46"}
[DBG] {"category": "TRAIN", "component": "train", "event": "watchdog_armed", "host": "d6b2a058c4be", "pid": 108787, "rank": 1, "stage": "broadcast_preference_length", "timeout_sec": 30.0, "ts": "2026-10-04 14:57:46"}
[DBG] {"category": "TRAIN", "component": "train", "elapsed_sec": 0.011894, "event": "END:broadcast_preference_length", "host": "d6b2a058c4be", "pid": 108787, "rank": 1, "ts": "2026-10-04 14:57:46"}
[DBG] {"category": "TRAIN", "component": "train", "event": "watchdog_armed", "host": "d6b2a058c4be", "pid": 108787, "rank": 1, "stage": "broadcast_preference_payload", "timeout_sec": 30.0, "ts": "2026-10-04 14:57:46"}
[DBG] {"category": "TRAIN", "component": "train", "elapsed_sec": 0.013299, "event": "END:broadcast_preference_payload", "host": "d6b2a058c4be", "pid": 108787, "rank": 1, "ts": "2026-10-04 14:57:46"}
[DBG] {"category": "TRAIN", "component": "train", "event": "BEGIN:broadcast_stop_flag", "host": "d6b2a058c4be", "pid": 108787, "rank": 1, "transport": "gloo_cpu", "ts": "2026-10-04 14:57:46", "value": null}
[DBG] {"category": "TRAIN", "component": "train", "event": "watchdog_armed", "host": "d6b2a058c4be", "pid": 108787, "rank": 1, "stage": "broadcast_stop_flag", "timeout_sec": 30.0, "ts": "2026-10-04 14:57:46"}
[DBG] {"category": "TRAIN", "component": "train", "elapsed_sec": 0.005171, "event": "END:broadcast_stop_flag", "host": "d6b2a058c4be", "pid": 108787, "rank": 1, "ts": "2026-10-04 14:57:46"}
[DBG] {"category": "TRAIN", "component": "train", "event": "BEGIN:broadcast_preference_payload", "has_payload": null, "host": "d6b2a058c4be", "pid": 108787, "rank": 1, "transport": "json_uint8_gloo", "ts": "2026-10-04 14:57:46"}
[DBG] {"category": "TRAIN", "component": "train", "event": "watchdog_armed", "host": "d6b2a058c4be", "pid": 108787, "rank": 1, "stage": "broadcast_preference_payload", "timeout_sec": 30.0, "ts": "2026-10-04 14:57:46"}
[DBG] {"bytes": null, "category": "TRAIN", "component": "train", "event": "BEGIN:broadcast_preference_length", "host": "d6b2a058c4be", "pid": 108787, "rank": 1, "transport": "gloo_cpu", "ts": "2026-10-04 14:57:46"}
[DBG] {"category": "TRAIN", "component": "train", "event": "watchdog_armed", "host": "d6b2a058c4be", "pid": 108787, "rank": 1, "stage": "broadcast_preference_length", "timeout_sec": 30.0, "ts": "2026-10-04 14:57:46"}
[DBG] {"category": "TRAIN", "component": "train", "elapsed_sec": 0.011816, "event": "END:broadcast_preference_length", "host": "d6b2a058c4be", "pid": 108787, "rank": 1, "ts": "2026-10-04 14:57:47"}
[DBG] {"category": "TRAIN", "component": "train", "event": "watchdog_armed", "host": "d6b2a058c4be", "pid": 108787, "rank": 1, "stage": "broadcast_preference_payload", "timeout_sec": 30.0, "ts": "2026-10-04 14:57:47"}
[DBG] {"category": "TRAIN", "component": "train", "elapsed_sec": 0.013198, "event": "END:broadcast_preference_payload", "host": "d6b2a058c4be", "pid": 108787, "rank": 1, "ts": "2026-10-04 14:57:47"}
[DBG] {"category": "TRAIN", "component": "train", "event": "BEGIN:broadcast_stop_flag", "host": "d6b2a058c4be", "pid": 108787, "rank": 1, "transport": "gloo_cpu", "ts": "2026-10-04 14:57:47", "value": null}
[DBG] {"category": "TRAIN", "component": "train", "event": "watchdog_armed", "host": "d6b2a058c4be", "pid": 108787, "rank": 1, "stage": "broadcast_stop_flag", "timeout_sec": 30.0, "ts": "2026-10-04 14:57:47"}
[DBG] {"category": "TRAIN", "component": "train", "elapsed_sec": 0.004921, "event": "END:broadcast_stop_flag", "host": "d6b2a058c4be", "pid": 108787, "rank": 1, "ts": "2026-10-04 14:57:47"}
[DBG] {"category": "TRAIN", "component": "train", "event": "BEGIN:broadcast_preference_payload", "has_payload": null, "host": "d6b2a058c4be", "pid": 108787, "rank": 1, "transport": "json_uint8_gloo", "ts": "2026-10-04 14:57:47"}
[DBG] {"category": "TRAIN", "component": "train", "event": "watchdog_armed", "host": "d6b2a058c4be", "pid": 108787, "rank": 1, "stage": "broadcast_preference_payload", "timeout_sec": 30.0, "ts": "2026-10-04 14:57:47"}
[DBG] {"bytes": null, "category": "TRAIN", "component": "train", "event": "BEGIN:broadcast_preference_length", "host": "d6b2a058c4be", "pid": 108787, "rank": 1, "transport": "gloo_cpu", "ts": "2026-10-04 14:57:47"}
[DBG] {"category": "TRAIN", "component": "train", "event": "watchdog_armed", "host": "d6b2a058c4be", "pid": 108787, "rank": 1, "stage": "broadcast_preference_length", "timeout_sec": 30.0, "ts": "2026-10-04 14:57:47"}
[DBG] {"category": "TRAIN", "component": "train", "elapsed_sec": 0.011266, "event": "END:broadcast_preference_length", "host": "d6b2a058c4be", "pid": 108787, "rank": 1, "ts": "2026-10-04 14:57:47"}
[DBG] {"category": "TRAIN", "component": "train", "event": "watchdog_armed", "host": "d6b2a058c4be", "pid": 108787, "rank": 1, "stage": "broadcast_preference_payload", "timeout_sec": 30.0, "ts": "2026-10-04 14:57:47"}
[DBG] {"category": "TRAIN", "component": "train", "elapsed_sec": 0.012659, "event": "END:broadcast_preference_payload", "host": "d6b2a058c4be", "pid": 108787, "rank": 1, "ts": "2026-10-04 14:57:47"}
[DBG] {"category": "TRAIN", "component": "train", "event": "BEGIN:broadcast_stop_flag", "host": "d6b2a058c4be", "pid": 108787, "rank": 1, "transport": "gloo_cpu", "ts": "2026-10-04 14:57:48", "value": null}
[DBG] {"category": "TRAIN", "component": "train", "event": "watchdog_armed", "host": "d6b2a058c4be", "pid": 108787, "rank": 1, "stage": "broadcast_stop_flag", "timeout_sec": 30.0, "ts": "2026-10-04 14:57:48"}
[DBG] {"category": "TRAIN", "component": "train", "elapsed_sec": 0.005174, "event": "END:broadcast_stop_flag", "host": "d6b2a058c4be", "pid": 108787, "rank": 1, "ts": "2026-10-04 14:57:48"}
[DBG] {"category": "TRAIN", "component": "train", "event": "BEGIN:broadcast_preference_payload", "has_payload": null, "host": "d6b2a058c4be", "pid": 108787, "rank": 1, "transport": "json_uint8_gloo", "ts": "2026-10-04 14:57:48"}
[DBG] {"category": "TRAIN", "component": "train", "event": "watchdog_armed", "host": "d6b2a058c4be", "pid": 108787, "rank": 1, "stage": "broadcast_preference_payload", "timeout_sec": 30.0, "ts": "2026-10-04 14:57:48"}
[DBG] {"bytes": null, "category": "TRAIN", "component": "train", "event": "BEGIN:broadcast_preference_length", "host": "d6b2a058c4be", "pid": 108787, "rank": 1, "transport": "gloo_cpu", "ts": "2026-10-04 14:57:48"}
[DBG] {"category": "TRAIN", "component": "train", "event": "watchdog_armed", "host": "d6b2a058c4be", "pid": 108787, "rank": 1, "stage": "broadcast_preference_length", "timeout_sec": 30.0, "ts": "2026-10-04 14:57:48"}
[DBG] {"category": "TRAIN", "component": "train", "elapsed_sec": 0.012622, "event": "END:broadcast_preference_length", "host": "d6b2a058c4be", "pid": 108787, "rank": 1, "ts": "2026-10-04 14:57:48"}
[DBG] {"category": "TRAIN", "component": "train", "event": "watchdog_armed", "host": "d6b2a058c4be", "pid": 108787, "rank": 1, "stage": "broadcast_preference_payload", "timeout_sec": 30.0, "ts": "2026-10-04 14:57:48"}
[DBG] {"category": "TRAIN", "component": "train", "elapsed_sec": 0.014022, "event": "END:broadcast_preference_payload", "host": "d6b2a058c4be", "pid": 108787, "rank": 1, "ts": "2026-10-04 14:57:48"}
[DBG] {"category": "TRAIN", "component": "train", "event": "BEGIN:broadcast_stop_flag", "host": "d6b2a058c4be", "pid": 108787, "rank": 1, "transport": "gloo_cpu", "ts": "2026-10-04 14:57:48", "value": null}
[DBG] {"category": "TRAIN", "component": "train", "event": "watchdog_armed", "host": "d6b2a058c4be", "pid": 108787, "rank": 1, "stage": "broadcast_stop_flag", "timeout_sec": 30.0, "ts": "2026-10-04 14:57:48"}
[DBG] {"category": "TRAIN", "component": "train", "elapsed_sec": 0.00483, "event": "END:broadcast_stop_flag", "host": "d6b2a058c4be", "pid": 108787, "rank": 1, "ts": "2026-10-04 14:57:48"}
[DBG] {"category": "TRAIN", "component": "train", "event": "BEGIN:broadcast_preference_payload", "has_payload": null, "host": "d6b2a058c4be", "pid": 108787, "rank": 1, "transport": "json_uint8_gloo", "ts": "2026-10-04 14:57:48"}
[DBG] {"category": "TRAIN", "component": "train", "event": "watchdog_armed", "host": "d6b2a058c4be", "pid": 108787, "rank": 1, "stage": "broadcast_preference_payload", "timeout_sec": 30.0, "ts": "2026-10-04 14:57:48"}
[DBG] {"bytes": null, "category": "TRAIN", "component": "train", "event": "BEGIN:broadcast_preference_length", "host": "d6b2a058c4be", "pid": 108787, "rank": 1, "transport": "gloo_cpu", "ts": "2026-10-04 14:57:48"}
[DBG] {"category": "TRAIN", "component": "train", "event": "watchdog_armed", "host": "d6b2a058c4be", "pid": 108787, "rank": 1, "stage": "broadcast_preference_length", "timeout_sec": 30.0, "ts": "2026-10-04 14:57:48"}
[DBG] {"category": "TRAIN", "component": "train", "elapsed_sec": 0.011435, "event": "END:broadcast_preference_length", "host": "d6b2a058c4be", "pid": 108787, "rank": 1, "ts": "2026-10-04 14:57:48"}
[DBG] {"category": "TRAIN", "component": "train", "event": "watchdog_armed", "host": "d6b2a058c4be", "pid": 108787, "rank": 1, "stage": "broadcast_preference_payload", "timeout_sec": 30.0, "ts": "2026-10-04 14:57:48"}
[DBG] {"category": "TRAIN", "component": "train", "elapsed_sec": 0.012811, "event": "END:broadcast_preference_payload", "host": "d6b2a058c4be", "pid": 108787, "rank": 1, "ts": "2026-10-04 14:57:48"}
[DBG] {"category": "TRAIN", "component": "train", "event": "BEGIN:broadcast_stop_flag", "host": "d6b2a058c4be", "pid": 108787, "rank": 1, "transport": "gloo_cpu", "ts": "2026-10-04 14:57:49", "value": null}
[DBG] {"category": "TRAIN", "component": "train", "event": "watchdog_armed", "host": "d6b2a058c4be", "pid": 108787, "rank": 1, "stage": "broadcast_stop_flag", "timeout_sec": 30.0, "ts": "2026-10-04 14:57:49"}
[DBG] {"category": "TRAIN", "component": "train", "elapsed_sec": 0.005249, "event": "END:broadcast_stop_flag", "host": "d6b2a058c4be", "pid": 108787, "rank": 1, "ts": "2026-10-04 14:57:49"}
[DBG] {"category": "TRAIN", "component": "train", "event": "BEGIN:broadcast_preference_payload", "has_payload": null, "host": "d6b2a058c4be", "pid": 108787, "rank": 1, "transport": "json_uint8_gloo", "ts": "2026-10-04 14:57:49"}
[DBG] {"category": "TRAIN", "component": "train", "event": "watchdog_armed", "host": "d6b2a058c4be", "pid": 108787, "rank": 1, "stage": "broadcast_preference_payload", "timeout_sec": 30.0, "ts": "2026-10-04 14:57:49"}
[DBG] {"bytes": null, "category": "TRAIN", "component": "train", "event": "BEGIN:broadcast_preference_length", "host": "d6b2a058c4be", "pid": 108787, "rank": 1, "transport": "gloo_cpu", "ts": "2026-10-04 14:57:49"}
[DBG] {"category": "TRAIN", "component": "train", "event": "watchdog_armed", "host": "d6b2a058c4be", "pid": 108787, "rank": 1, "stage": "broadcast_preference_length", "timeout_sec": 30.0, "ts": "2026-10-04 14:57:49"}
[DBG] {"category": "TRAIN", "component": "train", "elapsed_sec": 0.012367, "event": "END:broadcast_preference_length", "host": "d6b2a058c4be", "pid": 108787, "rank": 1, "ts": "2026-10-04 14:57:49"}
[DBG] {"category": "TRAIN", "component": "train", "event": "watchdog_armed", "host": "d6b2a058c4be", "pid": 108787, "rank": 1, "stage": "broadcast_preference_payload", "timeout_sec": 30.0, "ts": "2026-10-04 14:57:49"}
[DBG] {"category": "TRAIN", "component": "train", "elapsed_sec": 0.013778, "event": "END:broadcast_preference_payload", "host": "d6b2a058c4be", "pid": 108787, "rank": 1, "ts": "2026-10-04 14:57:49"}
[DBG] {"category": "TRAIN", "component": "train", "event": "BEGIN:broadcast_stop_flag", "host": "d6b2a058c4be", "pid": 108787, "rank": 1, "transport": "gloo_cpu", "ts": "2026-10-04 14:57:49", "value": null}
[DBG] {"category": "TRAIN", "component": "train", "event": "watchdog_armed", "host": "d6b2a058c4be", "pid": 108787, "rank": 1, "stage": "broadcast_stop_flag", "timeout_sec": 30.0, "ts": "2026-10-04 14:57:49"}
[DBG] {"category": "TRAIN", "component": "train", "elapsed_sec": 0.005061, "event": "END:broadcast_stop_flag", "host": "d6b2a058c4be", "pid": 108787, "rank": 1, "ts": "2026-10-04 14:57:49"}
[DBG] {"category": "TRAIN", "component": "train", "event": "BEGIN:broadcast_preference_payload", "has_payload": null, "host": "d6b2a058c4be", "pid": 108787, "rank": 1, "transport": "json_uint8_gloo", "ts": "2026-10-04 14:57:49"}
[DBG] {"category": "TRAIN", "component": "train", "event": "watchdog_armed", "host": "d6b2a058c4be", "pid": 108787, "rank": 1, "stage": "broadcast_preference_payload", "timeout_sec": 30.0, "ts": "2026-10-04 14:57:49"}
[DBG] {"bytes": null, "category": "TRAIN", "component": "train", "event": "BEGIN:broadcast_preference_length", "host": "d6b2a058c4be", "pid": 108787, "rank": 1, "transport": "gloo_cpu", "ts": "2026-10-04 14:57:49"}
[DBG] {"category": "TRAIN", "component": "train", "event": "watchdog_armed", "host": "d6b2a058c4be", "pid": 108787, "rank": 1, "stage": "broadcast_preference_length", "timeout_sec": 30.0, "ts": "2026-10-04 14:57:49"}
[DBG] {"category": "TRAIN", "component": "train", "elapsed_sec": 0.011403, "event": "END:broadcast_preference_length", "host": "d6b2a058c4be", "pid": 108787, "rank": 1, "ts": "2026-10-04 14:57:49"}
[DBG] {"category": "TRAIN", "component": "train", "event": "watchdog_armed", "host": "d6b2a058c4be", "pid": 108787, "rank": 1, "stage": "broadcast_preference_payload", "timeout_sec": 30.0, "ts": "2026-10-04 14:57:49"}
[DBG] {"category": "TRAIN", "component": "train", "elapsed_sec": 0.012864, "event": "END:broadcast_preference_payload", "host": "d6b2a058c4be", "pid": 108787, "rank": 1, "ts": "2026-10-04 14:57:49"}
[DBG] {"category": "TRAIN", "component": "train", "event": "BEGIN:broadcast_stop_flag", "host": "d6b2a058c4be", "pid": 108787, "rank": 1, "transport": "gloo_cpu", "ts": "2026-10-04 14:57:50", "value": null}
[DBG] {"category": "TRAIN", "component": "train", "event": "watchdog_armed", "host": "d6b2a058c4be", "pid": 108787, "rank": 1, "stage": "broadcast_stop_flag", "timeout_sec": 30.0, "ts": "2026-10-04 14:57:50"}
[DBG] {"category": "TRAIN", "component": "train", "elapsed_sec": 0.005386, "event": "END:broadcast_stop_flag", "host": "d6b2a058c4be", "pid": 108787, "rank": 1, "ts": "2026-10-04 14:57:50"}
[DBG] {"category": "TRAIN", "component": "train", "event": "BEGIN:broadcast_preference_payload", "has_payload": null, "host": "d6b2a058c4be", "pid": 108787, "rank": 1, "transport": "json_uint8_gloo", "ts": "2026-10-04 14:57:50"}
[DBG] {"category": "TRAIN", "component": "train", "event": "watchdog_armed", "host": "d6b2a058c4be", "pid": 108787, "rank": 1, "stage": "broadcast_preference_payload", "timeout_sec": 30.0, "ts": "2026-10-04 14:57:50"}
[DBG] {"bytes": null, "category": "TRAIN", "component": "train", "event": "BEGIN:broadcast_preference_length", "host": "d6b2a058c4be", "pid": 108787, "rank": 1, "transport": "gloo_cpu", "ts": "2026-10-04 14:57:50"}
[DBG] {"category": "TRAIN", "component": "train", "event": "watchdog_armed", "host": "d6b2a058c4be", "pid": 108787, "rank": 1, "stage": "broadcast_preference_length", "timeout_sec": 30.0, "ts": "2026-10-04 14:57:50"}
[DBG] {"category": "TRAIN", "component": "train", "elapsed_sec": 0.012042, "event": "END:broadcast_preference_length", "host": "d6b2a058c4be", "pid": 108787, "rank": 1, "ts": "2026-10-04 14:57:50"}
[DBG] {"category": "TRAIN", "component": "train", "event": "watchdog_armed", "host": "d6b2a058c4be", "pid": 108787, "rank": 1, "stage": "broadcast_preference_payload", "timeout_sec": 30.0, "ts": "2026-10-04 14:57:50"}
[DBG] {"category": "TRAIN", "component": "train", "elapsed_sec": 0.013473, "event": "END:broadcast_preference_payload", "host": "d6b2a058c4be", "pid": 108787, "rank": 1, "ts": "2026-10-04 14:57:50"}
[DBG] {"category": "TRAIN", "component": "train", "event": "BEGIN:broadcast_stop_flag", "host": "d6b2a058c4be", "pid": 108787, "rank": 1, "transport": "gloo_cpu", "ts": "2026-10-04 14:57:50", "value": null}
[DBG] {"category": "TRAIN", "component": "train", "event": "watchdog_armed", "host": "d6b2a058c4be", "pid": 108787, "rank": 1, "stage": "broadcast_stop_flag", "timeout_sec": 30.0, "ts": "2026-10-04 14:57:50"}
[DBG] {"category": "TRAIN", "component": "train", "elapsed_sec": 0.005218, "event": "END:broadcast_stop_flag", "host": "d6b2a058c4be", "pid": 108787, "rank": 1, "ts": "2026-10-04 14:57:50"}
[DBG] {"category": "TRAIN", "component": "train", "event": "BEGIN:broadcast_preference_payload", "has_payload": null, "host": "d6b2a058c4be", "pid": 108787, "rank": 1, "transport": "json_uint8_gloo", "ts": "2026-10-04 14:57:50"}
[DBG] {"category": "TRAIN", "component": "train", "event": "watchdog_armed", "host": "d6b2a058c4be", "pid": 108787, "rank": 1, "stage": "broadcast_preference_payload", "timeout_sec": 30.0, "ts": "2026-10-04 14:57:50"}
[DBG] {"bytes": null, "category": "TRAIN", "component": "train", "event": "BEGIN:broadcast_preference_length", "host": "d6b2a058c4be", "pid": 108787, "rank": 1, "transport": "gloo_cpu", "ts": "2026-10-04 14:57:50"}
[DBG] {"category": "TRAIN", "component": "train", "event": "watchdog_armed", "host": "d6b2a058c4be", "pid": 108787, "rank": 1, "stage": "broadcast_preference_length", "timeout_sec": 30.0, "ts": "2026-10-04 14:57:50"}
[DBG] {"category": "TRAIN", "component": "train", "elapsed_sec": 0.011712, "event": "END:broadcast_preference_length", "host": "d6b2a058c4be", "pid": 108787, "rank": 1, "ts": "2026-10-04 14:57:50"}
[DBG] {"category": "TRAIN", "component": "train", "event": "watchdog_armed", "host": "d6b2a058c4be", "pid": 108787, "rank": 1, "stage": "broadcast_preference_payload", "timeout_sec": 30.0, "ts": "2026-10-04 14:57:50"}
[DBG] {"category": "TRAIN", "component": "train", "elapsed_sec": 0.01309, "event": "END:broadcast_preference_payload", "host": "d6b2a058c4be", "pid": 108787, "rank": 1, "ts": "2026-10-04 14:57:50"}
[DBG] {"category": "TRAIN", "component": "train", "event": "BEGIN:broadcast_stop_flag", "host": "d6b2a058c4be", "pid": 108787, "rank": 1, "transport": "gloo_cpu", "ts": "2026-10-04 14:57:51", "value": null}
[DBG] {"category": "TRAIN", "component": "train", "event": "watchdog_armed", "host": "d6b2a058c4be", "pid": 108787, "rank": 1, "stage": "broadcast_stop_flag", "timeout_sec": 30.0, "ts": "2026-10-04 14:57:51"}
[DBG] {"category": "TRAIN", "component": "train", "elapsed_sec": 0.005113, "event": "END:broadcast_stop_flag", "host": "d6b2a058c4be", "pid": 108787, "rank": 1, "ts": "2026-10-04 14:57:51"}
[DBG] {"category": "TRAIN", "component": "train", "event": "BEGIN:broadcast_preference_payload", "has_payload": null, "host": "d6b2a058c4be", "pid": 108787, "rank": 1, "transport": "json_uint8_gloo", "ts": "2026-10-04 14:57:51"}
[DBG] {"category": "TRAIN", "component": "train", "event": "watchdog_armed", "host": "d6b2a058c4be", "pid": 108787, "rank": 1, "stage": "broadcast_preference_payload", "timeout_sec": 30.0, "ts": "2026-10-04 14:57:51"}
[DBG] {"bytes": null, "category": "TRAIN", "component": "train", "event": "BEGIN:broadcast_preference_length", "host": "d6b2a058c4be", "pid": 108787, "rank": 1, "transport": "gloo_cpu", "ts": "2026-10-04 14:57:51"}
[DBG] {"category": "TRAIN", "component": "train", "event": "watchdog_armed", "host": "d6b2a058c4be", "pid": 108787, "rank": 1, "stage": "broadcast_preference_length", "timeout_sec": 30.0, "ts": "2026-10-04 14:57:51"}
[DBG] {"category": "TRAIN", "component": "train", "elapsed_sec": 0.012342, "event": "END:broadcast_preference_length", "host": "d6b2a058c4be", "pid": 108787, "rank": 1, "ts": "2026-10-04 14:57:51"}
[DBG] {"category": "TRAIN", "component": "train", "event": "watchdog_armed", "host": "d6b2a058c4be", "pid": 108787, "rank": 1, "stage": "broadcast_preference_payload", "timeout_sec": 30.0, "ts": "2026-10-04 14:57:51"}
[DBG] {"category": "TRAIN", "component": "train", "elapsed_sec": 0.013761, "event": "END:broadcast_preference_payload", "host": "d6b2a058c4be", "pid": 108787, "rank": 1, "ts": "2026-10-04 14:57:51"}
[DBG] {"category": "TRAIN", "component": "train", "event": "BEGIN:broadcast_stop_flag", "host": "d6b2a058c4be", "pid": 108787, "rank": 1, "transport": "gloo_cpu", "ts": "2026-10-04 14:57:51", "value": null}
[DBG] {"category": "TRAIN", "component": "train", "event": "watchdog_armed", "host": "d6b2a058c4be", "pid": 108787, "rank": 1, "stage": "broadcast_stop_flag", "timeout_sec": 30.0, "ts": "2026-10-04 14:57:51"}
[DBG] {"category": "TRAIN", "component": "train", "elapsed_sec": 0.005292, "event": "END:broadcast_stop_flag", "host": "d6b2a058c4be", "pid": 108787, "rank": 1, "ts": "2026-10-04 14:57:51"}
[DBG] {"category": "TRAIN", "component": "train", "event": "BEGIN:broadcast_preference_payload", "has_payload": null, "host": "d6b2a058c4be", "pid": 108787, "rank": 1, "transport": "json_uint8_gloo", "ts": "2026-10-04 14:57:51"}
[DBG] {"category": "TRAIN", "component": "train", "event": "watchdog_armed", "host": "d6b2a058c4be", "pid": 108787, "rank": 1, "stage": "broadcast_preference_payload", "timeout_sec": 30.0, "ts": "2026-10-04 14:57:51"}
[DBG] {"bytes": null, "category": "TRAIN", "component": "train", "event": "BEGIN:broadcast_preference_length", "host": "d6b2a058c4be", "pid": 108787, "rank": 1, "transport": "gloo_cpu", "ts": "2026-10-04 14:57:51"}
[DBG] {"category": "TRAIN", "component": "train", "event": "watchdog_armed", "host": "d6b2a058c4be", "pid": 108787, "rank": 1, "stage": "broadcast_preference_length", "timeout_sec": 30.0, "ts": "2026-10-04 14:57:51"}
[DBG] {"category": "TRAIN", "component": "train", "elapsed_sec": 0.011967, "event": "END:broadcast_preference_length", "host": "d6b2a058c4be", "pid": 108787, "rank": 1, "ts": "2026-10-04 14:57:51"}
[DBG] {"category": "TRAIN", "component": "train", "event": "watchdog_armed", "host": "d6b2a058c4be", "pid": 108787, "rank": 1, "stage": "broadcast_preference_payload", "timeout_sec": 30.0, "ts": "2026-10-04 14:57:51"}
[DBG] {"category": "TRAIN", "component": "train", "elapsed_sec": 0.013042, "event": "END:broadcast_preference_payload", "host": "d6b2a058c4be", "pid": 108787, "rank": 1, "ts": "2026-10-04 14:57:51"}
[DBG] {"category": "TRAIN", "component": "train", "event": "BEGIN:broadcast_stop_flag", "host": "d6b2a058c4be", "pid": 108787, "rank": 1, "transport": "gloo_cpu", "ts": "2026-10-04 14:57:52", "value": null}
[DBG] {"category": "TRAIN", "component": "train", "event": "watchdog_armed", "host": "d6b2a058c4be", "pid": 108787, "rank": 1, "stage": "broadcast_stop_flag", "timeout_sec": 30.0, "ts": "2026-10-04 14:57:52"}
[DBG] {"category": "TRAIN", "component": "train", "elapsed_sec": 0.005481, "event": "END:broadcast_stop_flag", "host": "d6b2a058c4be", "pid": 108787, "rank": 1, "ts": "2026-10-04 14:57:52"}
[DBG] {"category": "TRAIN", "component": "train", "event": "BEGIN:broadcast_preference_payload", "has_payload": null, "host": "d6b2a058c4be", "pid": 108787, "rank": 1, "transport": "json_uint8_gloo", "ts": "2026-10-04 14:57:52"}
[DBG] {"category": "TRAIN", "component": "train", "event": "watchdog_armed", "host": "d6b2a058c4be", "pid": 108787, "rank": 1, "stage": "broadcast_preference_payload", "timeout_sec": 30.0, "ts": "2026-10-04 14:57:52"}
[DBG] {"bytes": null, "category": "TRAIN", "component": "train", "event": "BEGIN:broadcast_preference_length", "host": "d6b2a058c4be", "pid": 108787, "rank": 1, "transport": "gloo_cpu", "ts": "2026-10-04 14:57:52"}
[DBG] {"category": "TRAIN", "component": "train", "event": "watchdog_armed", "host": "d6b2a058c4be", "pid": 108787, "rank": 1, "stage": "broadcast_preference_length", "timeout_sec": 30.0, "ts": "2026-10-04 14:57:52"}
[DBG] {"category": "TRAIN", "component": "train", "elapsed_sec": 0.012393, "event": "END:broadcast_preference_length", "host": "d6b2a058c4be", "pid": 108787, "rank": 1, "ts": "2026-10-04 14:57:52"}
[DBG] {"category": "TRAIN", "component": "train", "event": "watchdog_armed", "host": "d6b2a058c4be", "pid": 108787, "rank": 1, "stage": "broadcast_preference_payload", "timeout_sec": 30.0, "ts": "2026-10-04 14:57:52"}
[DBG] {"category": "TRAIN", "component": "train", "elapsed_sec": 0.013563, "event": "END:broadcast_preference_payload", "host": "d6b2a058c4be", "pid": 108787, "rank": 1, "ts": "2026-10-04 14:57:52"}
[DBG] {"category": "TRAIN", "component": "train", "event": "BEGIN:broadcast_stop_flag", "host": "d6b2a058c4be", "pid": 108787, "rank": 1, "transport": "gloo_cpu", "ts": "2026-10-04 14:57:52", "value": null}
[DBG] {"category": "TRAIN", "component": "train", "event": "watchdog_armed", "host": "d6b2a058c4be", "pid": 108787, "rank": 1, "stage": "broadcast_stop_flag", "timeout_sec": 30.0, "ts": "2026-10-04 14:57:52"}
[DBG] {"category": "TRAIN", "component": "train", "elapsed_sec": 0.005226, "event": "END:broadcast_stop_flag", "host": "d6b2a058c4be", "pid": 108787, "rank": 1, "ts": "2026-10-04 14:57:52"}
[DBG] {"category": "TRAIN", "component": "train", "event": "BEGIN:broadcast_preference_payload", "has_payload": null, "host": "d6b2a058c4be", "pid": 108787, "rank": 1, "transport": "json_uint8_gloo", "ts": "2026-10-04 14:57:52"}
[DBG] {"category": "TRAIN", "component": "train", "event": "watchdog_armed", "host": "d6b2a058c4be", "pid": 108787, "rank": 1, "stage": "broadcast_preference_payload", "timeout_sec": 30.0, "ts": "2026-10-04 14:57:52"}
[DBG] {"bytes": null, "category": "TRAIN", "component": "train", "event": "BEGIN:broadcast_preference_length", "host": "d6b2a058c4be", "pid": 108787, "rank": 1, "transport": "gloo_cpu", "ts": "2026-10-04 14:57:52"}
[DBG] {"category": "TRAIN", "component": "train", "event": "watchdog_armed", "host": "d6b2a058c4be", "pid": 108787, "rank": 1, "stage": "broadcast_preference_length", "timeout_sec": 30.0, "ts": "2026-10-04 14:57:52"}
[DBG] {"category": "TRAIN", "component": "train", "elapsed_sec": 0.011467, "event": "END:broadcast_preference_length", "host": "d6b2a058c4be", "pid": 108787, "rank": 1, "ts": "2026-10-04 14:57:52"}
[DBG] {"category": "TRAIN", "component": "train", "event": "watchdog_armed", "host": "d6b2a058c4be", "pid": 108787, "rank": 1, "stage": "broadcast_preference_payload", "timeout_sec": 30.0, "ts": "2026-10-04 14:57:52"}
[DBG] {"category": "TRAIN", "component": "train", "elapsed_sec": 0.01261, "event": "END:broadcast_preference_payload", "host": "d6b2a058c4be", "pid": 108787, "rank": 1, "ts": "2026-10-04 14:57:52"}
[DBG] {"category": "TRAIN", "component": "train", "event": "BEGIN:broadcast_stop_flag", "host": "d6b2a058c4be", "pid": 108787, "rank": 1, "transport": "gloo_cpu", "ts": "2026-10-04 14:57:53", "value": null}
[DBG] {"category": "TRAIN", "component": "train", "event": "watchdog_armed", "host": "d6b2a058c4be", "pid": 108787, "rank": 1, "stage": "broadcast_stop_flag", "timeout_sec": 30.0, "ts": "2026-10-04 14:57:53"}
[DBG] {"category": "TRAIN", "component": "train", "elapsed_sec": 0.004962, "event": "END:broadcast_stop_flag", "host": "d6b2a058c4be", "pid": 108787, "rank": 1, "ts": "2026-10-04 14:57:53"}
[DBG] {"category": "TRAIN", "component": "train", "event": "BEGIN:broadcast_preference_payload", "has_payload": null, "host": "d6b2a058c4be", "pid": 108787, "rank": 1, "transport": "json_uint8_gloo", "ts": "2026-10-04 14:57:53"}
[DBG] {"category": "TRAIN", "component": "train", "event": "watchdog_armed", "host": "d6b2a058c4be", "pid": 108787, "rank": 1, "stage": "broadcast_preference_payload", "timeout_sec": 30.0, "ts": "2026-10-04 14:57:53"}
[DBG] {"bytes": null, "category": "TRAIN", "component": "train", "event": "BEGIN:broadcast_preference_length", "host": "d6b2a058c4be", "pid": 108787, "rank": 1, "transport": "gloo_cpu", "ts": "2026-10-04 14:57:53"}
[DBG] {"category": "TRAIN", "component": "train", "event": "watchdog_armed", "host": "d6b2a058c4be", "pid": 108787, "rank": 1, "stage": "broadcast_preference_length", "timeout_sec": 30.0, "ts": "2026-10-04 14:57:53"}
[DBG] {"category": "TRAIN", "component": "train", "elapsed_sec": 0.011624, "event": "END:broadcast_preference_length", "host": "d6b2a058c4be", "pid": 108787, "rank": 1, "ts": "2026-10-04 14:57:53"}
[DBG] {"category": "TRAIN", "component": "train", "event": "watchdog_armed", "host": "d6b2a058c4be", "pid": 108787, "rank": 1, "stage": "broadcast_preference_payload", "timeout_sec": 30.0, "ts": "2026-10-04 14:57:53"}
[DBG] {"category": "TRAIN", "component": "train", "elapsed_sec": 0.012763, "event": "END:broadcast_preference_payload", "host": "d6b2a058c4be", "pid": 108787, "rank": 1, "ts": "2026-10-04 14:57:53"}
[DBG] {"category": "TRAIN", "component": "train", "event": "BEGIN:broadcast_stop_flag", "host": "d6b2a058c4be", "pid": 108787, "rank": 1, "transport": "gloo_cpu", "ts": "2026-10-04 14:57:53", "value": null}
[DBG] {"category": "TRAIN", "component": "train", "event": "watchdog_armed", "host": "d6b2a058c4be", "pid": 108787, "rank": 1, "stage": "broadcast_stop_flag", "timeout_sec": 30.0, "ts": "2026-10-04 14:57:53"}
[DBG] {"category": "TRAIN", "component": "train", "elapsed_sec": 0.005556, "event": "END:broadcast_stop_flag", "host": "d6b2a058c4be", "pid": 108787, "rank": 1, "ts": "2026-10-04 14:57:53"}
[DBG] {"category": "TRAIN", "component": "train", "event": "BEGIN:broadcast_preference_payload", "has_payload": null, "host": "d6b2a058c4be", "pid": 108787, "rank": 1, "transport": "json_uint8_gloo", "ts": "2026-10-04 14:57:53"}
[DBG] {"category": "TRAIN", "component": "train", "event": "watchdog_armed", "host": "d6b2a058c4be", "pid": 108787, "rank": 1, "stage": "broadcast_preference_payload", "timeout_sec": 30.0, "ts": "2026-10-04 14:57:53"}
[DBG] {"bytes": null, "category": "TRAIN", "component": "train", "event": "BEGIN:broadcast_preference_length", "host": "d6b2a058c4be", "pid": 108787, "rank": 1, "transport": "gloo_cpu", "ts": "2026-10-04 14:57:53"}
[DBG] {"category": "TRAIN", "component": "train", "event": "watchdog_armed", "host": "d6b2a058c4be", "pid": 108787, "rank": 1, "stage": "broadcast_preference_length", "timeout_sec": 30.0, "ts": "2026-10-04 14:57:53"}
[DBG] {"category": "TRAIN", "component": "train", "elapsed_sec": 0.012511, "event": "END:broadcast_preference_length", "host": "d6b2a058c4be", "pid": 108787, "rank": 1, "ts": "2026-10-04 14:57:53"}
[DBG] {"category": "TRAIN", "component": "train", "event": "watchdog_armed", "host": "d6b2a058c4be", "pid": 108787, "rank": 1, "stage": "broadcast_preference_payload", "timeout_sec": 30.0, "ts": "2026-10-04 14:57:53"}
[DBG] {"category": "TRAIN", "component": "train", "elapsed_sec": 0.01365, "event": "END:broadcast_preference_payload", "host": "d6b2a058c4be", "pid": 108787, "rank": 1, "ts": "2026-10-04 14:57:53"}
[DBG] {"category": "TRAIN", "component": "train", "event": "BEGIN:broadcast_stop_flag", "host": "d6b2a058c4be", "pid": 108787, "rank": 1, "transport": "gloo_cpu", "ts": "2026-10-04 14:57:54", "value": null}
[DBG] {"category": "TRAIN", "component": "train", "event": "watchdog_armed", "host": "d6b2a058c4be", "pid": 108787, "rank": 1, "stage": "broadcast_stop_flag", "timeout_sec": 30.0, "ts": "2026-10-04 14:57:54"}
[DBG] {"category": "TRAIN", "component": "train", "elapsed_sec": 0.005297, "event": "END:broadcast_stop_flag", "host": "d6b2a058c4be", "pid": 108787, "rank": 1, "ts": "2026-10-04 14:57:54"}
[DBG] {"category": "TRAIN", "component": "train", "event": "BEGIN:broadcast_preference_payload", "has_payload": null, "host": "d6b2a058c4be", "pid": 108787, "rank": 1, "transport": "json_uint8_gloo", "ts": "2026-10-04 14:57:54"}
[DBG] {"category": "TRAIN", "component": "train", "event": "watchdog_armed", "host": "d6b2a058c4be", "pid": 108787, "rank": 1, "stage": "broadcast_preference_payload", "timeout_sec": 30.0, "ts": "2026-10-04 14:57:54"}
[DBG] {"bytes": null, "category": "TRAIN", "component": "train", "event": "BEGIN:broadcast_preference_length", "host": "d6b2a058c4be", "pid": 108787, "rank": 1, "transport": "gloo_cpu", "ts": "2026-10-04 14:57:54"}
[DBG] {"category": "TRAIN", "component": "train", "event": "watchdog_armed", "host": "d6b2a058c4be", "pid": 108787, "rank": 1, "stage": "broadcast_preference_length", "timeout_sec": 30.0, "ts": "2026-10-04 14:57:54"}
[DBG] {"category": "TRAIN", "component": "train", "elapsed_sec": 0.012694, "event": "END:broadcast_preference_length", "host": "d6b2a058c4be", "pid": 108787, "rank": 1, "ts": "2026-10-04 14:57:54"}
[DBG] {"category": "TRAIN", "component": "train", "event": "watchdog_armed", "host": "d6b2a058c4be", "pid": 108787, "rank": 1, "stage": "broadcast_preference_payload", "timeout_sec": 30.0, "ts": "2026-10-04 14:57:54"}
[DBG] {"category": "TRAIN", "component": "train", "elapsed_sec": 0.013968, "event": "END:broadcast_preference_payload", "host": "d6b2a058c4be", "pid": 108787, "rank": 1, "ts": "2026-10-04 14:57:54"}
[DBG] {"category": "TRAIN", "component": "train", "event": "BEGIN:broadcast_stop_flag", "host": "d6b2a058c4be", "pid": 108787, "rank": 1, "transport": "gloo_cpu", "ts": "2026-10-04 14:57:54", "value": null}
[DBG] {"category": "TRAIN", "component": "train", "event": "watchdog_armed", "host": "d6b2a058c4be", "pid": 108787, "rank": 1, "stage": "broadcast_stop_flag", "timeout_sec": 30.0, "ts": "2026-10-04 14:57:54"}
[DBG] {"category": "TRAIN", "component": "train", "elapsed_sec": 0.00542, "event": "END:broadcast_stop_flag", "host": "d6b2a058c4be", "pid": 108787, "rank": 1, "ts": "2026-10-04 14:57:54"}
[DBG] {"category": "TRAIN", "component": "train", "event": "BEGIN:broadcast_preference_payload", "has_payload": null, "host": "d6b2a058c4be", "pid": 108787, "rank": 1, "transport": "json_uint8_gloo", "ts": "2026-10-04 14:57:54"}
[DBG] {"category": "TRAIN", "component": "train", "event": "watchdog_armed", "host": "d6b2a058c4be", "pid": 108787, "rank": 1, "stage": "broadcast_preference_payload", "timeout_sec": 30.0, "ts": "2026-10-04 14:57:54"}
[DBG] {"bytes": null, "category": "TRAIN", "component": "train", "event": "BEGIN:broadcast_preference_length", "host": "d6b2a058c4be", "pid": 108787, "rank": 1, "transport": "gloo_cpu", "ts": "2026-10-04 14:57:54"}
[DBG] {"category": "TRAIN", "component": "train", "event": "watchdog_armed", "host": "d6b2a058c4be", "pid": 108787, "rank": 1, "stage": "broadcast_preference_length", "timeout_sec": 30.0, "ts": "2026-10-04 14:57:54"}
[DBG] {"category": "TRAIN", "component": "train", "elapsed_sec": 0.012275, "event": "END:broadcast_preference_length", "host": "d6b2a058c4be", "pid": 108787, "rank": 1, "ts": "2026-10-04 14:57:54"}
[DBG] {"category": "TRAIN", "component": "train", "event": "watchdog_armed", "host": "d6b2a058c4be", "pid": 108787, "rank": 1, "stage": "broadcast_preference_payload", "timeout_sec": 30.0, "ts": "2026-10-04 14:57:54"}
[DBG] {"category": "TRAIN", "component": "train", "elapsed_sec": 0.013422, "event": "END:broadcast_preference_payload", "host": "d6b2a058c4be", "pid": 108787, "rank": 1, "ts": "2026-10-04 14:57:54"}
[DBG] {"category": "TRAIN", "component": "train", "event": "BEGIN:broadcast_stop_flag", "host": "d6b2a058c4be", "pid": 108787, "rank": 1, "transport": "gloo_cpu", "ts": "2026-10-04 14:57:55", "value": null}
[DBG] {"category": "TRAIN", "component": "train", "event": "watchdog_armed", "host": "d6b2a058c4be", "pid": 108787, "rank": 1, "stage": "broadcast_stop_flag", "timeout_sec": 30.0, "ts": "2026-10-04 14:57:55"}
[DBG] {"category": "TRAIN", "component": "train", "elapsed_sec": 0.005765, "event": "END:broadcast_stop_flag", "host": "d6b2a058c4be", "pid": 108787, "rank": 1, "ts": "2026-10-04 14:57:55"}
[DBG] {"category": "TRAIN", "component": "train", "event": "BEGIN:broadcast_preference_payload", "has_payload": null, "host": "d6b2a058c4be", "pid": 108787, "rank": 1, "transport": "json_uint8_gloo", "ts": "2026-10-04 14:57:55"}
[DBG] {"category": "TRAIN", "component": "train", "event": "watchdog_armed", "host": "d6b2a058c4be", "pid": 108787, "rank": 1, "stage": "broadcast_preference_payload", "timeout_sec": 30.0, "ts": "2026-10-04 14:57:55"}
[DBG] {"bytes": null, "category": "TRAIN", "component": "train", "event": "BEGIN:broadcast_preference_length", "host": "d6b2a058c4be", "pid": 108787, "rank": 1, "transport": "gloo_cpu", "ts": "2026-10-04 14:57:55"}
[DBG] {"category": "TRAIN", "component": "train", "event": "watchdog_armed", "host": "d6b2a058c4be", "pid": 108787, "rank": 1, "stage": "broadcast_preference_length", "timeout_sec": 30.0, "ts": "2026-10-04 14:57:55"}
[DBG] {"category": "TRAIN", "component": "train", "elapsed_sec": 0.012437, "event": "END:broadcast_preference_length", "host": "d6b2a058c4be", "pid": 108787, "rank": 1, "ts": "2026-10-04 14:57:55"}
[DBG] {"category": "TRAIN", "component": "train", "event": "watchdog_armed", "host": "d6b2a058c4be", "pid": 108787, "rank": 1, "stage": "broadcast_preference_payload", "timeout_sec": 30.0, "ts": "2026-10-04 14:57:55"}
[DBG] {"category": "TRAIN", "component": "train", "elapsed_sec": 0.013579, "event": "END:broadcast_preference_payload", "host": "d6b2a058c4be", "pid": 108787, "rank": 1, "ts": "2026-10-04 14:57:55"}
[DBG] {"category": "TRAIN", "component": "train", "event": "BEGIN:broadcast_stop_flag", "host": "d6b2a058c4be", "pid": 108787, "rank": 1, "transport": "gloo_cpu", "ts": "2026-10-04 14:57:55", "value": null}
[DBG] {"category": "TRAIN", "component": "train", "event": "watchdog_armed", "host": "d6b2a058c4be", "pid": 108787, "rank": 1, "stage": "broadcast_stop_flag", "timeout_sec": 30.0, "ts": "2026-10-04 14:57:55"}
[DBG] {"category": "TRAIN", "component": "train", "elapsed_sec": 0.005958, "event": "END:broadcast_stop_flag", "host": "d6b2a058c4be", "pid": 108787, "rank": 1, "ts": "2026-10-04 14:57:55"}
[DBG] {"category": "TRAIN", "component": "train", "event": "BEGIN:broadcast_preference_payload", "has_payload": null, "host": "d6b2a058c4be", "pid": 108787, "rank": 1, "transport": "json_uint8_gloo", "ts": "2026-10-04 14:57:55"}
[DBG] {"category": "TRAIN", "component": "train", "event": "watchdog_armed", "host": "d6b2a058c4be", "pid": 108787, "rank": 1, "stage": "broadcast_preference_payload", "timeout_sec": 30.0, "ts": "2026-10-04 14:57:55"}
[DBG] {"bytes": null, "category": "TRAIN", "component": "train", "event": "BEGIN:broadcast_preference_length", "host": "d6b2a058c4be", "pid": 108787, "rank": 1, "transport": "gloo_cpu", "ts": "2026-10-04 14:57:55"}
[DBG] {"category": "TRAIN", "component": "train", "event": "watchdog_armed", "host": "d6b2a058c4be", "pid": 108787, "rank": 1, "stage": "broadcast_preference_length", "timeout_sec": 30.0, "ts": "2026-10-04 14:57:55"}
[DBG] {"category": "TRAIN", "component": "train", "elapsed_sec": 0.016951, "event": "END:broadcast_preference_length", "host": "d6b2a058c4be", "pid": 108787, "rank": 1, "ts": "2026-10-04 14:57:55"}
[DBG] {"category": "TRAIN", "component": "train", "event": "watchdog_armed", "host": "d6b2a058c4be", "pid": 108787, "rank": 1, "stage": "broadcast_preference_payload", "timeout_sec": 30.0, "ts": "2026-10-04 14:57:55"}
[DBG] {"category": "TRAIN", "component": "train", "elapsed_sec": 0.018218, "event": "END:broadcast_preference_payload", "host": "d6b2a058c4be", "pid": 108787, "rank": 1, "ts": "2026-10-04 14:57:55"}
[DBG] {"category": "TRAIN", "component": "train", "event": "BEGIN:broadcast_stop_flag", "host": "d6b2a058c4be", "pid": 108787, "rank": 1, "transport": "gloo_cpu", "ts": "2026-10-04 14:57:56", "value": null}
[DBG] {"category": "TRAIN", "component": "train", "event": "watchdog_armed", "host": "d6b2a058c4be", "pid": 108787, "rank": 1, "stage": "broadcast_stop_flag", "timeout_sec": 30.0, "ts": "2026-10-04 14:57:56"}
[DBG] {"category": "TRAIN", "component": "train", "elapsed_sec": 0.007946, "event": "END:broadcast_stop_flag", "host": "d6b2a058c4be", "pid": 108787, "rank": 1, "ts": "2026-10-04 14:57:56"}
[DBG] {"category": "TRAIN", "component": "train", "event": "BEGIN:broadcast_preference_payload", "has_payload": null, "host": "d6b2a058c4be", "pid": 108787, "rank": 1, "transport": "json_uint8_gloo", "ts": "2026-10-04 14:57:56"}
[DBG] {"category": "TRAIN", "component": "train", "event": "watchdog_armed", "host": "d6b2a058c4be", "pid": 108787, "rank": 1, "stage": "broadcast_preference_payload", "timeout_sec": 30.0, "ts": "2026-10-04 14:57:56"}
[DBG] {"bytes": null, "category": "TRAIN", "component": "train", "event": "BEGIN:broadcast_preference_length", "host": "d6b2a058c4be", "pid": 108787, "rank": 1, "transport": "gloo_cpu", "ts": "2026-10-04 14:57:56"}
[DBG] {"category": "TRAIN", "component": "train", "event": "watchdog_armed", "host": "d6b2a058c4be", "pid": 108787, "rank": 1, "stage": "broadcast_preference_length", "timeout_sec": 30.0, "ts": "2026-10-04 14:57:56"}
[DBG] {"category": "TRAIN", "component": "train", "elapsed_sec": 0.015967, "event": "END:broadcast_preference_length", "host": "d6b2a058c4be", "pid": 108787, "rank": 1, "ts": "2026-10-04 14:57:56"}
[DBG] {"category": "TRAIN", "component": "train", "event": "watchdog_armed", "host": "d6b2a058c4be", "pid": 108787, "rank": 1, "stage": "broadcast_preference_payload", "timeout_sec": 30.0, "ts": "2026-10-04 14:57:56"}
[DBG] {"category": "TRAIN", "component": "train", "elapsed_sec": 0.016904, "event": "END:broadcast_preference_payload", "host": "d6b2a058c4be", "pid": 108787, "rank": 1, "ts": "2026-10-04 14:57:56"}
[DBG] {"category": "TRAIN", "component": "train", "event": "BEGIN:broadcast_stop_flag", "host": "d6b2a058c4be", "pid": 108787, "rank": 1, "transport": "gloo_cpu", "ts": "2026-10-04 14:57:56", "value": null}
[DBG] {"category": "TRAIN", "component": "train", "event": "watchdog_armed", "host": "d6b2a058c4be", "pid": 108787, "rank": 1, "stage": "broadcast_stop_flag", "timeout_sec": 30.0, "ts": "2026-10-04 14:57:56"}
[DBG] {"category": "TRAIN", "component": "train", "elapsed_sec": 0.005902, "event": "END:broadcast_stop_flag", "host": "d6b2a058c4be", "pid": 108787, "rank": 1, "ts": "2026-10-04 14:57:56"}
[DBG] {"category": "TRAIN", "component": "train", "event": "BEGIN:broadcast_preference_payload", "has_payload": null, "host": "d6b2a058c4be", "pid": 108787, "rank": 1, "transport": "json_uint8_gloo", "ts": "2026-10-04 14:57:56"}
[DBG] {"category": "TRAIN", "component": "train", "event": "watchdog_armed", "host": "d6b2a058c4be", "pid": 108787, "rank": 1, "stage": "broadcast_preference_payload", "timeout_sec": 30.0, "ts": "2026-10-04 14:57:56"}
[DBG] {"bytes": null, "category": "TRAIN", "component": "train", "event": "BEGIN:broadcast_preference_length", "host": "d6b2a058c4be", "pid": 108787, "rank": 1, "transport": "gloo_cpu", "ts": "2026-10-04 14:57:56"}
[DBG] {"category": "TRAIN", "component": "train", "event": "watchdog_armed", "host": "d6b2a058c4be", "pid": 108787, "rank": 1, "stage": "broadcast_preference_length", "timeout_sec": 30.0, "ts": "2026-10-04 14:57:56"}
[DBG] {"category": "TRAIN", "component": "train", "elapsed_sec": 0.011819, "event": "END:broadcast_preference_length", "host": "d6b2a058c4be", "pid": 108787, "rank": 1, "ts": "2026-10-04 14:57:56"}
[DBG] {"category": "TRAIN", "component": "train", "event": "watchdog_armed", "host": "d6b2a058c4be", "pid": 108787, "rank": 1, "stage": "broadcast_preference_payload", "timeout_sec": 30.0, "ts": "2026-10-04 14:57:56"}
[DBG] {"category": "TRAIN", "component": "train", "elapsed_sec": 0.012966, "event": "END:broadcast_preference_payload", "host": "d6b2a058c4be", "pid": 108787, "rank": 1, "ts": "2026-10-04 14:57:56"}
[DBG] {"category": "TRAIN", "component": "train", "event": "BEGIN:broadcast_stop_flag", "host": "d6b2a058c4be", "pid": 108787, "rank": 1, "transport": "gloo_cpu", "ts": "2026-10-04 14:57:57", "value": null}
[DBG] {"category": "TRAIN", "component": "train", "event": "watchdog_armed", "host": "d6b2a058c4be", "pid": 108787, "rank": 1, "stage": "broadcast_stop_flag", "timeout_sec": 30.0, "ts": "2026-10-04 14:57:57"}
[DBG] {"category": "TRAIN", "component": "train", "elapsed_sec": 0.005518, "event": "END:broadcast_stop_flag", "host": "d6b2a058c4be", "pid": 108787, "rank": 1, "ts": "2026-10-04 14:57:57"}
[DBG] {"category": "TRAIN", "component": "train", "event": "BEGIN:broadcast_preference_payload", "has_payload": null, "host": "d6b2a058c4be", "pid": 108787, "rank": 1, "transport": "json_uint8_gloo", "ts": "2026-10-04 14:57:57"}
[DBG] {"category": "TRAIN", "component": "train", "event": "watchdog_armed", "host": "d6b2a058c4be", "pid": 108787, "rank": 1, "stage": "broadcast_preference_payload", "timeout_sec": 30.0, "ts": "2026-10-04 14:57:57"}
[DBG] {"bytes": null, "category": "TRAIN", "component": "train", "event": "BEGIN:broadcast_preference_length", "host": "d6b2a058c4be", "pid": 108787, "rank": 1, "transport": "gloo_cpu", "ts": "2026-10-04 14:57:57"}
[DBG] {"category": "TRAIN", "component": "train", "event": "watchdog_armed", "host": "d6b2a058c4be", "pid": 108787, "rank": 1, "stage": "broadcast_preference_length", "timeout_sec": 30.0, "ts": "2026-10-04 14:57:57"}
[DBG] {"category": "TRAIN", "component": "train", "elapsed_sec": 0.012219, "event": "END:broadcast_preference_length", "host": "d6b2a058c4be", "pid": 108787, "rank": 1, "ts": "2026-10-04 14:57:57"}
[DBG] {"category": "TRAIN", "component": "train", "event": "watchdog_armed", "host": "d6b2a058c4be", "pid": 108787, "rank": 1, "stage": "broadcast_preference_payload", "timeout_sec": 30.0, "ts": "2026-10-04 14:57:57"}
[DBG] {"category": "TRAIN", "component": "train", "elapsed_sec": 0.013398, "event": "END:broadcast_preference_payload", "host": "d6b2a058c4be", "pid": 108787, "rank": 1, "ts": "2026-10-04 14:57:57"}
[DBG] {"category": "TRAIN", "component": "train", "event": "BEGIN:broadcast_stop_flag", "host": "d6b2a058c4be", "pid": 108787, "rank": 1, "transport": "gloo_cpu", "ts": "2026-10-04 14:57:57", "value": null}
[DBG] {"category": "TRAIN", "component": "train", "event": "watchdog_armed", "host": "d6b2a058c4be", "pid": 108787, "rank": 1, "stage": "broadcast_stop_flag", "timeout_sec": 30.0, "ts": "2026-10-04 14:57:57"}
[DBG] {"category": "TRAIN", "component": "train", "elapsed_sec": 0.005682, "event": "END:broadcast_stop_flag", "host": "d6b2a058c4be", "pid": 108787, "rank": 1, "ts": "2026-10-04 14:57:57"}
[DBG] {"category": "TRAIN", "component": "train", "event": "BEGIN:broadcast_preference_payload", "has_payload": null, "host": "d6b2a058c4be", "pid": 108787, "rank": 1, "transport": "json_uint8_gloo", "ts": "2026-10-04 14:57:57"}
[DBG] {"category": "TRAIN", "component": "train", "event": "watchdog_armed", "host": "d6b2a058c4be", "pid": 108787, "rank": 1, "stage": "broadcast_preference_payload", "timeout_sec": 30.0, "ts": "2026-10-04 14:57:57"}
[DBG] {"bytes": null, "category": "TRAIN", "component": "train", "event": "BEGIN:broadcast_preference_length", "host": "d6b2a058c4be", "pid": 108787, "rank": 1, "transport": "gloo_cpu", "ts": "2026-10-04 14:57:57"}
[DBG] {"category": "TRAIN", "component": "train", "event": "watchdog_armed", "host": "d6b2a058c4be", "pid": 108787, "rank": 1, "stage": "broadcast_preference_length", "timeout_sec": 30.0, "ts": "2026-10-04 14:57:57"}
[DBG] {"category": "TRAIN", "component": "train", "elapsed_sec": 0.012068, "event": "END:broadcast_preference_length", "host": "d6b2a058c4be", "pid": 108787, "rank": 1, "ts": "2026-10-04 14:57:57"}
[DBG] {"category": "TRAIN", "component": "train", "event": "watchdog_armed", "host": "d6b2a058c4be", "pid": 108787, "rank": 1, "stage": "broadcast_preference_payload", "timeout_sec": 30.0, "ts": "2026-10-04 14:57:57"}
[DBG] {"category": "TRAIN", "component": "train", "elapsed_sec": 0.013214, "event": "END:broadcast_preference_payload", "host": "d6b2a058c4be", "pid": 108787, "rank": 1, "ts": "2026-10-04 14:57:57"}
[DBG] {"category": "TRAIN", "component": "train", "event": "BEGIN:broadcast_stop_flag", "host": "d6b2a058c4be", "pid": 108787, "rank": 1, "transport": "gloo_cpu", "ts": "2026-10-04 14:57:58", "value": null}
[DBG] {"category": "TRAIN", "component": "train", "event": "watchdog_armed", "host": "d6b2a058c4be", "pid": 108787, "rank": 1, "stage": "broadcast_stop_flag", "timeout_sec": 30.0, "ts": "2026-10-04 14:57:58"}
[DBG] {"category": "TRAIN", "component": "train", "elapsed_sec": 0.00535, "event": "END:broadcast_stop_flag", "host": "d6b2a058c4be", "pid": 108787, "rank": 1, "ts": "2026-10-04 14:57:58"}
[DBG] {"category": "TRAIN", "component": "train", "event": "BEGIN:broadcast_preference_payload", "has_payload": null, "host": "d6b2a058c4be", "pid": 108787, "rank": 1, "transport": "json_uint8_gloo", "ts": "2026-10-04 14:57:58"}
[DBG] {"category": "TRAIN", "component": "train", "event": "watchdog_armed", "host": "d6b2a058c4be", "pid": 108787, "rank": 1, "stage": "broadcast_preference_payload", "timeout_sec": 30.0, "ts": "2026-10-04 14:57:58"}
[DBG] {"bytes": null, "category": "TRAIN", "component": "train", "event": "BEGIN:broadcast_preference_length", "host": "d6b2a058c4be", "pid": 108787, "rank": 1, "transport": "gloo_cpu", "ts": "2026-10-04 14:57:58"}
[DBG] {"category": "TRAIN", "component": "train", "event": "watchdog_armed", "host": "d6b2a058c4be", "pid": 108787, "rank": 1, "stage": "broadcast_preference_length", "timeout_sec": 30.0, "ts": "2026-10-04 14:57:58"}
[DBG] {"category": "TRAIN", "component": "train", "elapsed_sec": 0.011637, "event": "END:broadcast_preference_length", "host": "d6b2a058c4be", "pid": 108787, "rank": 1, "ts": "2026-10-04 14:57:58"}
[DBG] {"category": "TRAIN", "component": "train", "event": "watchdog_armed", "host": "d6b2a058c4be", "pid": 108787, "rank": 1, "stage": "broadcast_preference_payload", "timeout_sec": 30.0, "ts": "2026-10-04 14:57:58"}
[DBG] {"category": "TRAIN", "component": "train", "elapsed_sec": 0.012914, "event": "END:broadcast_preference_payload", "host": "d6b2a058c4be", "pid": 108787, "rank": 1, "ts": "2026-10-04 14:57:58"}
[DBG] {"category": "TRAIN", "component": "train", "event": "BEGIN:broadcast_stop_flag", "host": "d6b2a058c4be", "pid": 108787, "rank": 1, "transport": "gloo_cpu", "ts": "2026-10-04 14:57:58", "value": null}
[DBG] {"category": "TRAIN", "component": "train", "event": "watchdog_armed", "host": "d6b2a058c4be", "pid": 108787, "rank": 1, "stage": "broadcast_stop_flag", "timeout_sec": 30.0, "ts": "2026-10-04 14:57:58"}
[DBG] {"category": "TRAIN", "component": "train", "elapsed_sec": 0.005989, "event": "END:broadcast_stop_flag", "host": "d6b2a058c4be", "pid": 108787, "rank": 1, "ts": "2026-10-04 14:57:58"}
[DBG] {"category": "TRAIN", "component": "train", "event": "BEGIN:broadcast_preference_payload", "has_payload": null, "host": "d6b2a058c4be", "pid": 108787, "rank": 1, "transport": "json_uint8_gloo", "ts": "2026-10-04 14:57:58"}
[DBG] {"category": "TRAIN", "component": "train", "event": "watchdog_armed", "host": "d6b2a058c4be", "pid": 108787, "rank": 1, "stage": "broadcast_preference_payload", "timeout_sec": 30.0, "ts": "2026-10-04 14:57:58"}
[DBG] {"bytes": null, "category": "TRAIN", "component": "train", "event": "BEGIN:broadcast_preference_length", "host": "d6b2a058c4be", "pid": 108787, "rank": 1, "transport": "gloo_cpu", "ts": "2026-10-04 14:57:58"}
[DBG] {"category": "TRAIN", "component": "train", "event": "watchdog_armed", "host": "d6b2a058c4be", "pid": 108787, "rank": 1, "stage": "broadcast_preference_length", "timeout_sec": 30.0, "ts": "2026-10-04 14:57:58"}
[DBG] {"category": "TRAIN", "component": "train", "elapsed_sec": 0.016568, "event": "END:broadcast_preference_length", "host": "d6b2a058c4be", "pid": 108787, "rank": 1, "ts": "2026-10-04 14:57:58"}
[DBG] {"category": "TRAIN", "component": "train", "event": "watchdog_armed", "host": "d6b2a058c4be", "pid": 108787, "rank": 1, "stage": "broadcast_preference_payload", "timeout_sec": 30.0, "ts": "2026-10-04 14:57:58"}
[DBG] {"category": "TRAIN", "component": "train", "elapsed_sec": 0.017724, "event": "END:broadcast_preference_payload", "host": "d6b2a058c4be", "pid": 108787, "rank": 1, "ts": "2026-10-04 14:57:58"}
[DBG] {"category": "TRAIN", "component": "train", "event": "BEGIN:broadcast_stop_flag", "host": "d6b2a058c4be", "pid": 108787, "rank": 1, "transport": "gloo_cpu", "ts": "2026-10-04 14:57:59", "value": null}
[DBG] {"category": "TRAIN", "component": "train", "event": "watchdog_armed", "host": "d6b2a058c4be", "pid": 108787, "rank": 1, "stage": "broadcast_stop_flag", "timeout_sec": 30.0, "ts": "2026-10-04 14:57:59"}
[DBG] {"category": "TRAIN", "component": "train", "elapsed_sec": 0.005218, "event": "END:broadcast_stop_flag", "host": "d6b2a058c4be", "pid": 108787, "rank": 1, "ts": "2026-10-04 14:57:59"}
[DBG] {"category": "TRAIN", "component": "train", "event": "BEGIN:broadcast_preference_payload", "has_payload": null, "host": "d6b2a058c4be", "pid": 108787, "rank": 1, "transport": "json_uint8_gloo", "ts": "2026-10-04 14:57:59"}
[DBG] {"category": "TRAIN", "component": "train", "event": "watchdog_armed", "host": "d6b2a058c4be", "pid": 108787, "rank": 1, "stage": "broadcast_preference_payload", "timeout_sec": 30.0, "ts": "2026-10-04 14:57:59"}
[DBG] {"bytes": null, "category": "TRAIN", "component": "train", "event": "BEGIN:broadcast_preference_length", "host": "d6b2a058c4be", "pid": 108787, "rank": 1, "transport": "gloo_cpu", "ts": "2026-10-04 14:57:59"}
[DBG] {"category": "TRAIN", "component": "train", "event": "watchdog_armed", "host": "d6b2a058c4be", "pid": 108787, "rank": 1, "stage": "broadcast_preference_length", "timeout_sec": 30.0, "ts": "2026-10-04 14:57:59"}
[DBG] {"category": "TRAIN", "component": "train", "elapsed_sec": 0.01633, "event": "END:broadcast_preference_length", "host": "d6b2a058c4be", "pid": 108787, "rank": 1, "ts": "2026-10-04 14:57:59"}
[DBG] {"category": "TRAIN", "component": "train", "event": "watchdog_armed", "host": "d6b2a058c4be", "pid": 108787, "rank": 1, "stage": "broadcast_preference_payload", "timeout_sec": 30.0, "ts": "2026-10-04 14:57:59"}
[DBG] {"category": "TRAIN", "component": "train", "elapsed_sec": 0.017233, "event": "END:broadcast_preference_payload", "host": "d6b2a058c4be", "pid": 108787, "rank": 1, "ts": "2026-10-04 14:57:59"}
[DBG] {"category": "TRAIN", "component": "train", "event": "BEGIN:broadcast_stop_flag", "host": "d6b2a058c4be", "pid": 108787, "rank": 1, "transport": "gloo_cpu", "ts": "2026-10-04 14:57:59", "value": null}
[DBG] {"category": "TRAIN", "component": "train", "event": "watchdog_armed", "host": "d6b2a058c4be", "pid": 108787, "rank": 1, "stage": "broadcast_stop_flag", "timeout_sec": 30.0, "ts": "2026-10-04 14:57:59"}
[DBG] {"category": "TRAIN", "component": "train", "elapsed_sec": 0.003764, "event": "END:broadcast_stop_flag", "host": "d6b2a058c4be", "pid": 108787, "rank": 1, "ts": "2026-10-04 14:57:59"}
[DBG] {"category": "TRAIN", "component": "train", "event": "BEGIN:broadcast_preference_payload", "has_payload": null, "host": "d6b2a058c4be", "pid": 108787, "rank": 1, "transport": "json_uint8_gloo", "ts": "2026-10-04 14:57:59"}
[DBG] {"category": "TRAIN", "component": "train", "event": "watchdog_armed", "host": "d6b2a058c4be", "pid": 108787, "rank": 1, "stage": "broadcast_preference_payload", "timeout_sec": 30.0, "ts": "2026-10-04 14:57:59"}
[DBG] {"bytes": null, "category": "TRAIN", "component": "train", "event": "BEGIN:broadcast_preference_length", "host": "d6b2a058c4be", "pid": 108787, "rank": 1, "transport": "gloo_cpu", "ts": "2026-10-04 14:57:59"}
[DBG] {"category": "TRAIN", "component": "train", "event": "watchdog_armed", "host": "d6b2a058c4be", "pid": 108787, "rank": 1, "stage": "broadcast_preference_length", "timeout_sec": 30.0, "ts": "2026-10-04 14:57:59"}
[DBG] {"category": "TRAIN", "component": "train", "elapsed_sec": 0.015194, "event": "END:broadcast_preference_length", "host": "d6b2a058c4be", "pid": 108787, "rank": 1, "ts": "2026-10-04 14:58:00"}
[DBG] {"category": "TRAIN", "component": "train", "event": "watchdog_armed", "host": "d6b2a058c4be", "pid": 108787, "rank": 1, "stage": "broadcast_preference_payload", "timeout_sec": 30.0, "ts": "2026-10-04 14:58:00"}
[DBG] {"category": "TRAIN", "component": "train", "elapsed_sec": 0.016411, "event": "END:broadcast_preference_payload", "host": "d6b2a058c4be", "pid": 108787, "rank": 1, "ts": "2026-10-04 14:58:00"}
[DBG] {"category": "TRAIN", "component": "train", "event": "BEGIN:broadcast_stop_flag", "host": "d6b2a058c4be", "pid": 108787, "rank": 1, "transport": "gloo_cpu", "ts": "2026-10-04 14:58:00", "value": null}
[DBG] {"category": "TRAIN", "component": "train", "event": "watchdog_armed", "host": "d6b2a058c4be", "pid": 108787, "rank": 1, "stage": "broadcast_stop_flag", "timeout_sec": 30.0, "ts": "2026-10-04 14:58:00"}
[DBG] {"category": "TRAIN", "component": "train", "elapsed_sec": 0.005599, "event": "END:broadcast_stop_flag", "host": "d6b2a058c4be", "pid": 108787, "rank": 1, "ts": "2026-10-04 14:58:00"}
[DBG] {"category": "TRAIN", "component": "train", "event": "BEGIN:broadcast_preference_payload", "has_payload": null, "host": "d6b2a058c4be", "pid": 108787, "rank": 1, "transport": "json_uint8_gloo", "ts": "2026-10-04 14:58:00"}
[DBG] {"category": "TRAIN", "component": "train", "event": "watchdog_armed", "host": "d6b2a058c4be", "pid": 108787, "rank": 1, "stage": "broadcast_preference_payload", "timeout_sec": 30.0, "ts": "2026-10-04 14:58:00"}
[DBG] {"bytes": null, "category": "TRAIN", "component": "train", "event": "BEGIN:broadcast_preference_length", "host": "d6b2a058c4be", "pid": 108787, "rank": 1, "transport": "gloo_cpu", "ts": "2026-10-04 14:58:00"}
[DBG] {"category": "TRAIN", "component": "train", "event": "watchdog_armed", "host": "d6b2a058c4be", "pid": 108787, "rank": 1, "stage": "broadcast_preference_length", "timeout_sec": 30.0, "ts": "2026-10-04 14:58:00"}
[DBG] {"category": "TRAIN", "component": "train", "elapsed_sec": 0.015208, "event": "END:broadcast_preference_length", "host": "d6b2a058c4be", "pid": 108787, "rank": 1, "ts": "2026-10-04 14:58:00"}
[DBG] {"category": "TRAIN", "component": "train", "event": "watchdog_armed", "host": "d6b2a058c4be", "pid": 108787, "rank": 1, "stage": "broadcast_preference_payload", "timeout_sec": 30.0, "ts": "2026-10-04 14:58:00"}
[DBG] {"category": "TRAIN", "component": "train", "elapsed_sec": 0.016342, "event": "END:broadcast_preference_payload", "host": "d6b2a058c4be", "pid": 108787, "rank": 1, "ts": "2026-10-04 14:58:00"}
[DBG] {"category": "TRAIN", "component": "train", "event": "BEGIN:broadcast_stop_flag", "host": "d6b2a058c4be", "pid": 108787, "rank": 1, "transport": "gloo_cpu", "ts": "2026-10-04 14:58:01", "value": null}
[DBG] {"category": "TRAIN", "component": "train", "event": "watchdog_armed", "host": "d6b2a058c4be", "pid": 108787, "rank": 1, "stage": "broadcast_stop_flag", "timeout_sec": 30.0, "ts": "2026-10-04 14:58:01"}
[DBG] {"category": "TRAIN", "component": "train", "elapsed_sec": 0.005716, "event": "END:broadcast_stop_flag", "host": "d6b2a058c4be", "pid": 108787, "rank": 1, "ts": "2026-10-04 14:58:01"}
[DBG] {"category": "TRAIN", "component": "train", "event": "BEGIN:broadcast_preference_payload", "has_payload": null, "host": "d6b2a058c4be", "pid": 108787, "rank": 1, "transport": "json_uint8_gloo", "ts": "2026-10-04 14:58:01"}
[DBG] {"category": "TRAIN", "component": "train", "event": "watchdog_armed", "host": "d6b2a058c4be", "pid": 108787, "rank": 1, "stage": "broadcast_preference_payload", "timeout_sec": 30.0, "ts": "2026-10-04 14:58:01"}
[DBG] {"bytes": null, "category": "TRAIN", "component": "train", "event": "BEGIN:broadcast_preference_length", "host": "d6b2a058c4be", "pid": 108787, "rank": 1, "transport": "gloo_cpu", "ts": "2026-10-04 14:58:01"}
[DBG] {"category": "TRAIN", "component": "train", "event": "watchdog_armed", "host": "d6b2a058c4be", "pid": 108787, "rank": 1, "stage": "broadcast_preference_length", "timeout_sec": 30.0, "ts": "2026-10-04 14:58:01"}
[DBG] {"category": "TRAIN", "component": "train", "elapsed_sec": 0.016324, "event": "END:broadcast_preference_length", "host": "d6b2a058c4be", "pid": 108787, "rank": 1, "ts": "2026-10-04 14:58:01"}
[DBG] {"category": "TRAIN", "component": "train", "event": "watchdog_armed", "host": "d6b2a058c4be", "pid": 108787, "rank": 1, "stage": "broadcast_preference_payload", "timeout_sec": 30.0, "ts": "2026-10-04 14:58:01"}
[DBG] {"category": "TRAIN", "component": "train", "elapsed_sec": 0.017428, "event": "END:broadcast_preference_payload", "host": "d6b2a058c4be", "pid": 108787, "rank": 1, "ts": "2026-10-04 14:58:01"}
[DBG] {"category": "TRAIN", "component": "train", "event": "BEGIN:broadcast_stop_flag", "host": "d6b2a058c4be", "pid": 108787, "rank": 1, "transport": "gloo_cpu", "ts": "2026-10-04 14:58:01", "value": null}
[DBG] {"category": "TRAIN", "component": "train", "event": "watchdog_armed", "host": "d6b2a058c4be", "pid": 108787, "rank": 1, "stage": "broadcast_stop_flag", "timeout_sec": 30.0, "ts": "2026-10-04 14:58:01"}
[DBG] {"category": "TRAIN", "component": "train", "elapsed_sec": 0.005947, "event": "END:broadcast_stop_flag", "host": "d6b2a058c4be", "pid": 108787, "rank": 1, "ts": "2026-10-04 14:58:01"}
[DBG] {"category": "TRAIN", "component": "train", "event": "BEGIN:broadcast_preference_payload", "has_payload": null, "host": "d6b2a058c4be", "pid": 108787, "rank": 1, "transport": "json_uint8_gloo", "ts": "2026-10-04 14:58:01"}
[DBG] {"category": "TRAIN", "component": "train", "event": "watchdog_armed", "host": "d6b2a058c4be", "pid": 108787, "rank": 1, "stage": "broadcast_preference_payload", "timeout_sec": 30.0, "ts": "2026-10-04 14:58:01"}
[DBG] {"bytes": null, "category": "TRAIN", "component": "train", "event": "BEGIN:broadcast_preference_length", "host": "d6b2a058c4be", "pid": 108787, "rank": 1, "transport": "gloo_cpu", "ts": "2026-10-04 14:58:01"}
[DBG] {"category": "TRAIN", "component": "train", "event": "watchdog_armed", "host": "d6b2a058c4be", "pid": 108787, "rank": 1, "stage": "broadcast_preference_length", "timeout_sec": 30.0, "ts": "2026-10-04 14:58:01"}
[DBG] {"category": "TRAIN", "component": "train", "elapsed_sec": 0.015078, "event": "END:broadcast_preference_length", "host": "d6b2a058c4be", "pid": 108787, "rank": 1, "ts": "2026-10-04 14:58:01"}
[DBG] {"category": "TRAIN", "component": "train", "event": "watchdog_armed", "host": "d6b2a058c4be", "pid": 108787, "rank": 1, "stage": "broadcast_preference_payload", "timeout_sec": 30.0, "ts": "2026-10-04 14:58:01"}
[DBG] {"category": "TRAIN", "component": "train", "elapsed_sec": 0.016208, "event": "END:broadcast_preference_payload", "host": "d6b2a058c4be", "pid": 108787, "rank": 1, "ts": "2026-10-04 14:58:01"}
[DBG] {"category": "TRAIN", "component": "train", "event": "BEGIN:broadcast_stop_flag", "host": "d6b2a058c4be", "pid": 108787, "rank": 1, "transport": "gloo_cpu", "ts": "2026-10-04 14:58:02", "value": null}
[DBG] {"category": "TRAIN", "component": "train", "event": "watchdog_armed", "host": "d6b2a058c4be", "pid": 108787, "rank": 1, "stage": "broadcast_stop_flag", "timeout_sec": 30.0, "ts": "2026-10-04 14:58:02"}
[DBG] {"category": "TRAIN", "component": "train", "elapsed_sec": 0.005756, "event": "END:broadcast_stop_flag", "host": "d6b2a058c4be", "pid": 108787, "rank": 1, "ts": "2026-10-04 14:58:02"}
[DBG] {"category": "TRAIN", "component": "train", "event": "BEGIN:broadcast_preference_payload", "has_payload": null, "host": "d6b2a058c4be", "pid": 108787, "rank": 1, "transport": "json_uint8_gloo", "ts": "2026-10-04 14:58:02"}
[DBG] {"category": "TRAIN", "component": "train", "event": "watchdog_armed", "host": "d6b2a058c4be", "pid": 108787, "rank": 1, "stage": "broadcast_preference_payload", "timeout_sec": 30.0, "ts": "2026-10-04 14:58:02"}
[DBG] {"bytes": null, "category": "TRAIN", "component": "train", "event": "BEGIN:broadcast_preference_length", "host": "d6b2a058c4be", "pid": 108787, "rank": 1, "transport": "gloo_cpu", "ts": "2026-10-04 14:58:02"}
[DBG] {"category": "TRAIN", "component": "train", "event": "watchdog_armed", "host": "d6b2a058c4be", "pid": 108787, "rank": 1, "stage": "broadcast_preference_length", "timeout_sec": 30.0, "ts": "2026-10-04 14:58:02"}
[DBG] {"category": "TRAIN", "component": "train", "elapsed_sec": 0.016242, "event": "END:broadcast_preference_length", "host": "d6b2a058c4be", "pid": 108787, "rank": 1, "ts": "2026-10-04 14:58:02"}
[DBG] {"category": "TRAIN", "component": "train", "event": "watchdog_armed", "host": "d6b2a058c4be", "pid": 108787, "rank": 1, "stage": "broadcast_preference_payload", "timeout_sec": 30.0, "ts": "2026-10-04 14:58:02"}
[DBG] {"category": "TRAIN", "component": "train", "elapsed_sec": 0.017507, "event": "END:broadcast_preference_payload", "host": "d6b2a058c4be", "pid": 108787, "rank": 1, "ts": "2026-10-04 14:58:02"}
[DBG] {"category": "TRAIN", "component": "train", "event": "BEGIN:broadcast_stop_flag", "host": "d6b2a058c4be", "pid": 108787, "rank": 1, "transport": "gloo_cpu", "ts": "2026-10-04 14:58:02", "value": null}
[DBG] {"category": "TRAIN", "component": "train", "event": "watchdog_armed", "host": "d6b2a058c4be", "pid": 108787, "rank": 1, "stage": "broadcast_stop_flag", "timeout_sec": 30.0, "ts": "2026-10-04 14:58:02"}
[DBG] {"category": "TRAIN", "component": "train", "elapsed_sec": 0.006001, "event": "END:broadcast_stop_flag", "host": "d6b2a058c4be", "pid": 108787, "rank": 1, "ts": "2026-10-04 14:58:02"}
[DBG] {"category": "TRAIN", "component": "train", "event": "BEGIN:broadcast_preference_payload", "has_payload": null, "host": "d6b2a058c4be", "pid": 108787, "rank": 1, "transport": "json_uint8_gloo", "ts": "2026-10-04 14:58:02"}
[DBG] {"category": "TRAIN", "component": "train", "event": "watchdog_armed", "host": "d6b2a058c4be", "pid": 108787, "rank": 1, "stage": "broadcast_preference_payload", "timeout_sec": 30.0, "ts": "2026-10-04 14:58:02"}
[DBG] {"bytes": null, "category": "TRAIN", "component": "train", "event": "BEGIN:broadcast_preference_length", "host": "d6b2a058c4be", "pid": 108787, "rank": 1, "transport": "gloo_cpu", "ts": "2026-10-04 14:58:02"}
[DBG] {"category": "TRAIN", "component": "train", "event": "watchdog_armed", "host": "d6b2a058c4be", "pid": 108787, "rank": 1, "stage": "broadcast_preference_length", "timeout_sec": 30.0, "ts": "2026-10-04 14:58:02"}
[DBG] {"category": "TRAIN", "component": "train", "elapsed_sec": 0.01538, "event": "END:broadcast_preference_length", "host": "d6b2a058c4be", "pid": 108787, "rank": 1, "ts": "2026-10-04 14:58:02"}
[DBG] {"category": "TRAIN", "component": "train", "event": "watchdog_armed", "host": "d6b2a058c4be", "pid": 108787, "rank": 1, "stage": "broadcast_preference_payload", "timeout_sec": 30.0, "ts": "2026-10-04 14:58:02"}
[DBG] {"category": "TRAIN", "component": "train", "elapsed_sec": 0.016622, "event": "END:broadcast_preference_payload", "host": "d6b2a058c4be", "pid": 108787, "rank": 1, "ts": "2026-10-04 14:58:02"}
[DBG] {"category": "TRAIN", "component": "train", "event": "BEGIN:broadcast_stop_flag", "host": "d6b2a058c4be", "pid": 108787, "rank": 1, "transport": "gloo_cpu", "ts": "2026-10-04 14:58:03", "value": null}
[DBG] {"category": "TRAIN", "component": "train", "event": "watchdog_armed", "host": "d6b2a058c4be", "pid": 108787, "rank": 1, "stage": "broadcast_stop_flag", "timeout_sec": 30.0, "ts": "2026-10-04 14:58:03"}
[DBG] {"category": "TRAIN", "component": "train", "elapsed_sec": 0.006594, "event": "END:broadcast_stop_flag", "host": "d6b2a058c4be", "pid": 108787, "rank": 1, "ts": "2026-10-04 14:58:03"}
[DBG] {"category": "TRAIN", "component": "train", "event": "BEGIN:broadcast_preference_payload", "has_payload": null, "host": "d6b2a058c4be", "pid": 108787, "rank": 1, "transport": "json_uint8_gloo", "ts": "2026-10-04 14:58:03"}
[DBG] {"category": "TRAIN", "component": "train", "event": "watchdog_armed", "host": "d6b2a058c4be", "pid": 108787, "rank": 1, "stage": "broadcast_preference_payload", "timeout_sec": 30.0, "ts": "2026-10-04 14:58:03"}
[DBG] {"bytes": null, "category": "TRAIN", "component": "train", "event": "BEGIN:broadcast_preference_length", "host": "d6b2a058c4be", "pid": 108787, "rank": 1, "transport": "gloo_cpu", "ts": "2026-10-04 14:58:03"}
[DBG] {"category": "TRAIN", "component": "train", "event": "watchdog_armed", "host": "d6b2a058c4be", "pid": 108787, "rank": 1, "stage": "broadcast_preference_length", "timeout_sec": 30.0, "ts": "2026-10-04 14:58:03"}
[DBG] {"category": "TRAIN", "component": "train", "elapsed_sec": 0.013074, "event": "END:broadcast_preference_length", "host": "d6b2a058c4be", "pid": 108787, "rank": 1, "ts": "2026-10-04 14:58:03"}
[DBG] {"category": "TRAIN", "component": "train", "event": "watchdog_armed", "host": "d6b2a058c4be", "pid": 108787, "rank": 1, "stage": "broadcast_preference_payload", "timeout_sec": 30.0, "ts": "2026-10-04 14:58:03"}
[DBG] {"category": "TRAIN", "component": "train", "elapsed_sec": 0.014245, "event": "END:broadcast_preference_payload", "host": "d6b2a058c4be", "pid": 108787, "rank": 1, "ts": "2026-10-04 14:58:03"}
[DBG] {"category": "TRAIN", "component": "train", "event": "BEGIN:broadcast_stop_flag", "host": "d6b2a058c4be", "pid": 108787, "rank": 1, "transport": "gloo_cpu", "ts": "2026-10-04 14:58:03", "value": null}
[DBG] {"category": "TRAIN", "component": "train", "event": "watchdog_armed", "host": "d6b2a058c4be", "pid": 108787, "rank": 1, "stage": "broadcast_stop_flag", "timeout_sec": 30.0, "ts": "2026-10-04 14:58:03"}
[DBG] {"category": "TRAIN", "component": "train", "elapsed_sec": 0.006058, "event": "END:broadcast_stop_flag", "host": "d6b2a058c4be", "pid": 108787, "rank": 1, "ts": "2026-10-04 14:58:03"}
[DBG] {"category": "TRAIN", "component": "train", "event": "BEGIN:broadcast_preference_payload", "has_payload": null, "host": "d6b2a058c4be", "pid": 108787, "rank": 1, "transport": "json_uint8_gloo", "ts": "2026-10-04 14:58:03"}
[DBG] {"category": "TRAIN", "component": "train", "event": "watchdog_armed", "host": "d6b2a058c4be", "pid": 108787, "rank": 1, "stage": "broadcast_preference_payload", "timeout_sec": 30.0, "ts": "2026-10-04 14:58:03"}
[DBG] {"bytes": null, "category": "TRAIN", "component": "train", "event": "BEGIN:broadcast_preference_length", "host": "d6b2a058c4be", "pid": 108787, "rank": 1, "transport": "gloo_cpu", "ts": "2026-10-04 14:58:03"}
[DBG] {"category": "TRAIN", "component": "train", "event": "watchdog_armed", "host": "d6b2a058c4be", "pid": 108787, "rank": 1, "stage": "broadcast_preference_length", "timeout_sec": 30.0, "ts": "2026-10-04 14:58:03"}
[DBG] {"category": "TRAIN", "component": "train", "elapsed_sec": 0.016561, "event": "END:broadcast_preference_length", "host": "d6b2a058c4be", "pid": 108787, "rank": 1, "ts": "2026-10-04 14:58:03"}
[DBG] {"category": "TRAIN", "component": "train", "event": "watchdog_armed", "host": "d6b2a058c4be", "pid": 108787, "rank": 1, "stage": "broadcast_preference_payload", "timeout_sec": 30.0, "ts": "2026-10-04 14:58:03"}
[DBG] {"category": "TRAIN", "component": "train", "elapsed_sec": 0.017726, "event": "END:broadcast_preference_payload", "host": "d6b2a058c4be", "pid": 108787, "rank": 1, "ts": "2026-10-04 14:58:03"}
[DBG] {"category": "TRAIN", "component": "train", "event": "BEGIN:broadcast_stop_flag", "host": "d6b2a058c4be", "pid": 108787, "rank": 1, "transport": "gloo_cpu", "ts": "2026-10-04 14:58:04", "value": null}
[DBG] {"category": "TRAIN", "component": "train", "event": "watchdog_armed", "host": "d6b2a058c4be", "pid": 108787, "rank": 1, "stage": "broadcast_stop_flag", "timeout_sec": 30.0, "ts": "2026-10-04 14:58:04"}
[DBG] {"category": "TRAIN", "component": "train", "elapsed_sec": 0.005819, "event": "END:broadcast_stop_flag", "host": "d6b2a058c4be", "pid": 108787, "rank": 1, "ts": "2026-10-04 14:58:04"}
[DBG] {"category": "TRAIN", "component": "train", "event": "BEGIN:broadcast_preference_payload", "has_payload": null, "host": "d6b2a058c4be", "pid": 108787, "rank": 1, "transport": "json_uint8_gloo", "ts": "2026-10-04 14:58:04"}
[DBG] {"category": "TRAIN", "component": "train", "event": "watchdog_armed", "host": "d6b2a058c4be", "pid": 108787, "rank": 1, "stage": "broadcast_preference_payload", "timeout_sec": 30.0, "ts": "2026-10-04 14:58:04"}
[DBG] {"bytes": null, "category": "TRAIN", "component": "train", "event": "BEGIN:broadcast_preference_length", "host": "d6b2a058c4be", "pid": 108787, "rank": 1, "transport": "gloo_cpu", "ts": "2026-10-04 14:58:04"}
[DBG] {"category": "TRAIN", "component": "train", "event": "watchdog_armed", "host": "d6b2a058c4be", "pid": 108787, "rank": 1, "stage": "broadcast_preference_length", "timeout_sec": 30.0, "ts": "2026-10-04 14:58:04"}
[DBG] {"category": "TRAIN", "component": "train", "elapsed_sec": 0.016382, "event": "END:broadcast_preference_length", "host": "d6b2a058c4be", "pid": 108787, "rank": 1, "ts": "2026-10-04 14:58:04"}
[DBG] {"category": "TRAIN", "component": "train", "event": "watchdog_armed", "host": "d6b2a058c4be", "pid": 108787, "rank": 1, "stage": "broadcast_preference_payload", "timeout_sec": 30.0, "ts": "2026-10-04 14:58:04"}
[DBG] {"category": "TRAIN", "component": "train", "elapsed_sec": 0.017577, "event": "END:broadcast_preference_payload", "host": "d6b2a058c4be", "pid": 108787, "rank": 1, "ts": "2026-10-04 14:58:04"}
[DBG] {"category": "TRAIN", "component": "train", "event": "BEGIN:broadcast_stop_flag", "host": "d6b2a058c4be", "pid": 108787, "rank": 1, "transport": "gloo_cpu", "ts": "2026-10-04 14:58:04", "value": null}
[DBG] {"category": "TRAIN", "component": "train", "event": "watchdog_armed", "host": "d6b2a058c4be", "pid": 108787, "rank": 1, "stage": "broadcast_stop_flag", "timeout_sec": 30.0, "ts": "2026-10-04 14:58:04"}
[DBG] {"category": "TRAIN", "component": "train", "elapsed_sec": 0.005767, "event": "END:broadcast_stop_flag", "host": "d6b2a058c4be", "pid": 108787, "rank": 1, "ts": "2026-10-04 14:58:04"}
[DBG] {"category": "TRAIN", "component": "train", "event": "BEGIN:broadcast_preference_payload", "has_payload": null, "host": "d6b2a058c4be", "pid": 108787, "rank": 1, "transport": "json_uint8_gloo", "ts": "2026-10-04 14:58:04"}
[DBG] {"category": "TRAIN", "component": "train", "event": "watchdog_armed", "host": "d6b2a058c4be", "pid": 108787, "rank": 1, "stage": "broadcast_preference_payload", "timeout_sec": 30.0, "ts": "2026-10-04 14:58:04"}
[DBG] {"bytes": null, "category": "TRAIN", "component": "train", "event": "BEGIN:broadcast_preference_length", "host": "d6b2a058c4be", "pid": 108787, "rank": 1, "transport": "gloo_cpu", "ts": "2026-10-04 14:58:04"}
[DBG] {"category": "TRAIN", "component": "train", "event": "watchdog_armed", "host": "d6b2a058c4be", "pid": 108787, "rank": 1, "stage": "broadcast_preference_length", "timeout_sec": 30.0, "ts": "2026-10-04 14:58:04"}
[DBG] {"category": "TRAIN", "component": "train", "elapsed_sec": 0.014143, "event": "END:broadcast_preference_length", "host": "d6b2a058c4be", "pid": 108787, "rank": 1, "ts": "2026-10-04 14:58:04"}
[DBG] {"category": "TRAIN", "component": "train", "event": "watchdog_armed", "host": "d6b2a058c4be", "pid": 108787, "rank": 1, "stage": "broadcast_preference_payload", "timeout_sec": 30.0, "ts": "2026-10-04 14:58:04"}
[DBG] {"category": "TRAIN", "component": "train", "elapsed_sec": 0.015302, "event": "END:broadcast_preference_payload", "host": "d6b2a058c4be", "pid": 108787, "rank": 1, "ts": "2026-10-04 14:58:04"}
[DBG] {"category": "TRAIN", "component": "train", "event": "BEGIN:broadcast_stop_flag", "host": "d6b2a058c4be", "pid": 108787, "rank": 1, "transport": "gloo_cpu", "ts": "2026-10-04 14:58:05", "value": null}
[DBG] {"category": "TRAIN", "component": "train", "event": "watchdog_armed", "host": "d6b2a058c4be", "pid": 108787, "rank": 1, "stage": "broadcast_stop_flag", "timeout_sec": 30.0, "ts": "2026-10-04 14:58:05"}
[DBG] {"category": "TRAIN", "component": "train", "elapsed_sec": 0.005676, "event": "END:broadcast_stop_flag", "host": "d6b2a058c4be", "pid": 108787, "rank": 1, "ts": "2026-10-04 14:58:05"}
[DBG] {"category": "TRAIN", "component": "train", "event": "BEGIN:broadcast_preference_payload", "has_payload": null, "host": "d6b2a058c4be", "pid": 108787, "rank": 1, "transport": "json_uint8_gloo", "ts": "2026-10-04 14:58:05"}
[DBG] {"category": "TRAIN", "component": "train", "event": "watchdog_armed", "host": "d6b2a058c4be", "pid": 108787, "rank": 1, "stage": "broadcast_preference_payload", "timeout_sec": 30.0, "ts": "2026-10-04 14:58:05"}
[DBG] {"bytes": null, "category": "TRAIN", "component": "train", "event": "BEGIN:broadcast_preference_length", "host": "d6b2a058c4be", "pid": 108787, "rank": 1, "transport": "gloo_cpu", "ts": "2026-10-04 14:58:05"}
[DBG] {"category": "TRAIN", "component": "train", "event": "watchdog_armed", "host": "d6b2a058c4be", "pid": 108787, "rank": 1, "stage": "broadcast_preference_length", "timeout_sec": 30.0, "ts": "2026-10-04 14:58:05"}
[DBG] {"category": "TRAIN", "component": "train", "elapsed_sec": 0.016641, "event": "END:broadcast_preference_length", "host": "d6b2a058c4be", "pid": 108787, "rank": 1, "ts": "2026-10-04 14:58:05"}
[DBG] {"category": "TRAIN", "component": "train", "event": "watchdog_armed", "host": "d6b2a058c4be", "pid": 108787, "rank": 1, "stage": "broadcast_preference_payload", "timeout_sec": 30.0, "ts": "2026-10-04 14:58:05"}
[DBG] {"category": "TRAIN", "component": "train", "elapsed_sec": 0.017873, "event": "END:broadcast_preference_payload", "host": "d6b2a058c4be", "pid": 108787, "rank": 1, "ts": "2026-10-04 14:58:05"}
[DBG] {"category": "TRAIN", "component": "train", "event": "BEGIN:broadcast_stop_flag", "host": "d6b2a058c4be", "pid": 108787, "rank": 1, "transport": "gloo_cpu", "ts": "2026-10-04 14:58:05", "value": null}
[DBG] {"category": "TRAIN", "component": "train", "event": "watchdog_armed", "host": "d6b2a058c4be", "pid": 108787, "rank": 1, "stage": "broadcast_stop_flag", "timeout_sec": 30.0, "ts": "2026-10-04 14:58:05"}
[DBG] {"category": "TRAIN", "component": "train", "elapsed_sec": 0.006027, "event": "END:broadcast_stop_flag", "host": "d6b2a058c4be", "pid": 108787, "rank": 1, "ts": "2026-10-04 14:58:05"}
[DBG] {"category": "TRAIN", "component": "train", "event": "BEGIN:broadcast_preference_payload", "has_payload": null, "host": "d6b2a058c4be", "pid": 108787, "rank": 1, "transport": "json_uint8_gloo", "ts": "2026-10-04 14:58:05"}
[DBG] {"category": "TRAIN", "component": "train", "event": "watchdog_armed", "host": "d6b2a058c4be", "pid": 108787, "rank": 1, "stage": "broadcast_preference_payload", "timeout_sec": 30.0, "ts": "2026-10-04 14:58:05"}
[DBG] {"bytes": null, "category": "TRAIN", "component": "train", "event": "BEGIN:broadcast_preference_length", "host": "d6b2a058c4be", "pid": 108787, "rank": 1, "transport": "gloo_cpu", "ts": "2026-10-04 14:58:05"}
[DBG] {"category": "TRAIN", "component": "train", "event": "watchdog_armed", "host": "d6b2a058c4be", "pid": 108787, "rank": 1, "stage": "broadcast_preference_length", "timeout_sec": 30.0, "ts": "2026-10-04 14:58:05"}
[DBG] {"category": "TRAIN", "component": "train", "elapsed_sec": 0.015873, "event": "END:broadcast_preference_length", "host": "d6b2a058c4be", "pid": 108787, "rank": 1, "ts": "2026-10-04 14:58:05"}
[DBG] {"category": "TRAIN", "component": "train", "event": "watchdog_armed", "host": "d6b2a058c4be", "pid": 108787, "rank": 1, "stage": "broadcast_preference_payload", "timeout_sec": 30.0, "ts": "2026-10-04 14:58:05"}
[DBG] {"category": "TRAIN", "component": "train", "elapsed_sec": 0.017171, "event": "END:broadcast_preference_payload", "host": "d6b2a058c4be", "pid": 108787, "rank": 1, "ts": "2026-10-04 14:58:05"}
[DBG] {"category": "TRAIN", "component": "train", "event": "BEGIN:broadcast_stop_flag", "host": "d6b2a058c4be", "pid": 108787, "rank": 1, "transport": "gloo_cpu", "ts": "2026-10-04 14:58:06", "value": null}
[DBG] {"category": "TRAIN", "component": "train", "event": "watchdog_armed", "host": "d6b2a058c4be", "pid": 108787, "rank": 1, "stage": "broadcast_stop_flag", "timeout_sec": 30.0, "ts": "2026-10-04 14:58:06"}
[DBG] {"category": "TRAIN", "component": "train", "elapsed_sec": 0.005555, "event": "END:broadcast_stop_flag", "host": "d6b2a058c4be", "pid": 108787, "rank": 1, "ts": "2026-10-04 14:58:06"}
[DBG] {"category": "TRAIN", "component": "train", "event": "BEGIN:broadcast_preference_payload", "has_payload": null, "host": "d6b2a058c4be", "pid": 108787, "rank": 1, "transport": "json_uint8_gloo", "ts": "2026-10-04 14:58:06"}
[DBG] {"category": "TRAIN", "component": "train", "event": "watchdog_armed", "host": "d6b2a058c4be", "pid": 108787, "rank": 1, "stage": "broadcast_preference_payload", "timeout_sec": 30.0, "ts": "2026-10-04 14:58:06"}
[DBG] {"bytes": null, "category": "TRAIN", "component": "train", "event": "BEGIN:broadcast_preference_length", "host": "d6b2a058c4be", "pid": 108787, "rank": 1, "transport": "gloo_cpu", "ts": "2026-10-04 14:58:06"}
[DBG] {"category": "TRAIN", "component": "train", "event": "watchdog_armed", "host": "d6b2a058c4be", "pid": 108787, "rank": 1, "stage": "broadcast_preference_length", "timeout_sec": 30.0, "ts": "2026-10-04 14:58:06"}
[DBG] {"category": "TRAIN", "component": "train", "elapsed_sec": 0.016376, "event": "END:broadcast_preference_length", "host": "d6b2a058c4be", "pid": 108787, "rank": 1, "ts": "2026-10-04 14:58:06"}
[DBG] {"category": "TRAIN", "component": "train", "event": "watchdog_armed", "host": "d6b2a058c4be", "pid": 108787, "rank": 1, "stage": "broadcast_preference_payload", "timeout_sec": 30.0, "ts": "2026-10-04 14:58:06"}
[DBG] {"category": "TRAIN", "component": "train", "elapsed_sec": 0.017607, "event": "END:broadcast_preference_payload", "host": "d6b2a058c4be", "pid": 108787, "rank": 1, "ts": "2026-10-04 14:58:06"}
[DBG] {"category": "TRAIN", "component": "train", "event": "BEGIN:broadcast_stop_flag", "host": "d6b2a058c4be", "pid": 108787, "rank": 1, "transport": "gloo_cpu", "ts": "2026-10-04 14:58:06", "value": null}
[DBG] {"category": "TRAIN", "component": "train", "event": "watchdog_armed", "host": "d6b2a058c4be", "pid": 108787, "rank": 1, "stage": "broadcast_stop_flag", "timeout_sec": 30.0, "ts": "2026-10-04 14:58:06"}
[DBG] {"category": "TRAIN", "component": "train", "elapsed_sec": 0.005561, "event": "END:broadcast_stop_flag", "host": "d6b2a058c4be", "pid": 108787, "rank": 1, "ts": "2026-10-04 14:58:06"}
[DBG] {"category": "TRAIN", "component": "train", "event": "BEGIN:broadcast_preference_payload", "has_payload": null, "host": "d6b2a058c4be", "pid": 108787, "rank": 1, "transport": "json_uint8_gloo", "ts": "2026-10-04 14:58:06"}
[DBG] {"category": "TRAIN", "component": "train", "event": "watchdog_armed", "host": "d6b2a058c4be", "pid": 108787, "rank": 1, "stage": "broadcast_preference_payload", "timeout_sec": 30.0, "ts": "2026-10-04 14:58:06"}
[DBG] {"bytes": null, "category": "TRAIN", "component": "train", "event": "BEGIN:broadcast_preference_length", "host": "d6b2a058c4be", "pid": 108787, "rank": 1, "transport": "gloo_cpu", "ts": "2026-10-04 14:58:06"}
[DBG] {"category": "TRAIN", "component": "train", "event": "watchdog_armed", "host": "d6b2a058c4be", "pid": 108787, "rank": 1, "stage": "broadcast_preference_length", "timeout_sec": 30.0, "ts": "2026-10-04 14:58:06"}
[DBG] {"category": "TRAIN", "component": "train", "elapsed_sec": 0.016763, "event": "END:broadcast_preference_length", "host": "d6b2a058c4be", "pid": 108787, "rank": 1, "ts": "2026-10-04 14:58:06"}
[DBG] {"category": "TRAIN", "component": "train", "event": "watchdog_armed", "host": "d6b2a058c4be", "pid": 108787, "rank": 1, "stage": "broadcast_preference_payload", "timeout_sec": 30.0, "ts": "2026-10-04 14:58:06"}
[DBG] {"category": "TRAIN", "component": "train", "elapsed_sec": 0.017915, "event": "END:broadcast_preference_payload", "host": "d6b2a058c4be", "pid": 108787, "rank": 1, "ts": "2026-10-04 14:58:06"}
[DBG] {"category": "TRAIN", "component": "train", "event": "BEGIN:broadcast_stop_flag", "host": "d6b2a058c4be", "pid": 108787, "rank": 1, "transport": "gloo_cpu", "ts": "2026-10-04 14:58:07", "value": null}
[DBG] {"category": "TRAIN", "component": "train", "event": "watchdog_armed", "host": "d6b2a058c4be", "pid": 108787, "rank": 1, "stage": "broadcast_stop_flag", "timeout_sec": 30.0, "ts": "2026-10-04 14:58:07"}
[DBG] {"category": "TRAIN", "component": "train", "elapsed_sec": 0.006365, "event": "END:broadcast_stop_flag", "host": "d6b2a058c4be", "pid": 108787, "rank": 1, "ts": "2026-10-04 14:58:07"}
[DBG] {"category": "TRAIN", "component": "train", "event": "BEGIN:broadcast_preference_payload", "has_payload": null, "host": "d6b2a058c4be", "pid": 108787, "rank": 1, "transport": "json_uint8_gloo", "ts": "2026-10-04 14:58:07"}
[DBG] {"category": "TRAIN", "component": "train", "event": "watchdog_armed", "host": "d6b2a058c4be", "pid": 108787, "rank": 1, "stage": "broadcast_preference_payload", "timeout_sec": 30.0, "ts": "2026-10-04 14:58:07"}
[DBG] {"bytes": null, "category": "TRAIN", "component": "train", "event": "BEGIN:broadcast_preference_length", "host": "d6b2a058c4be", "pid": 108787, "rank": 1, "transport": "gloo_cpu", "ts": "2026-10-04 14:58:07"}
[DBG] {"category": "TRAIN", "component": "train", "event": "watchdog_armed", "host": "d6b2a058c4be", "pid": 108787, "rank": 1, "stage": "broadcast_preference_length", "timeout_sec": 30.0, "ts": "2026-10-04 14:58:07"}
[DBG] {"category": "TRAIN", "component": "train", "elapsed_sec": 0.016544, "event": "END:broadcast_preference_length", "host": "d6b2a058c4be", "pid": 108787, "rank": 1, "ts": "2026-10-04 14:58:07"}
[DBG] {"category": "TRAIN", "component": "train", "event": "watchdog_armed", "host": "d6b2a058c4be", "pid": 108787, "rank": 1, "stage": "broadcast_preference_payload", "timeout_sec": 30.0, "ts": "2026-10-04 14:58:07"}
[DBG] {"category": "TRAIN", "component": "train", "elapsed_sec": 0.017708, "event": "END:broadcast_preference_payload", "host": "d6b2a058c4be", "pid": 108787, "rank": 1, "ts": "2026-10-04 14:58:07"}
[DBG] {"category": "TRAIN", "component": "train", "event": "BEGIN:broadcast_stop_flag", "host": "d6b2a058c4be", "pid": 108787, "rank": 1, "transport": "gloo_cpu", "ts": "2026-10-04 14:58:07", "value": null}
[DBG] {"category": "TRAIN", "component": "train", "event": "watchdog_armed", "host": "d6b2a058c4be", "pid": 108787, "rank": 1, "stage": "broadcast_stop_flag", "timeout_sec": 30.0, "ts": "2026-10-04 14:58:07"}
[DBG] {"category": "TRAIN", "component": "train", "elapsed_sec": 0.005617, "event": "END:broadcast_stop_flag", "host": "d6b2a058c4be", "pid": 108787, "rank": 1, "ts": "2026-10-04 14:58:07"}
[DBG] {"category": "TRAIN", "component": "train", "event": "BEGIN:broadcast_preference_payload", "has_payload": null, "host": "d6b2a058c4be", "pid": 108787, "rank": 1, "transport": "json_uint8_gloo", "ts": "2026-10-04 14:58:07"}
[DBG] {"category": "TRAIN", "component": "train", "event": "watchdog_armed", "host": "d6b2a058c4be", "pid": 108787, "rank": 1, "stage": "broadcast_preference_payload", "timeout_sec": 30.0, "ts": "2026-10-04 14:58:07"}
[DBG] {"bytes": null, "category": "TRAIN", "component": "train", "event": "BEGIN:broadcast_preference_length", "host": "d6b2a058c4be", "pid": 108787, "rank": 1, "transport": "gloo_cpu", "ts": "2026-10-04 14:58:07"}
[DBG] {"category": "TRAIN", "component": "train", "event": "watchdog_armed", "host": "d6b2a058c4be", "pid": 108787, "rank": 1, "stage": "broadcast_preference_length", "timeout_sec": 30.0, "ts": "2026-10-04 14:58:07"}
[DBG] {"category": "TRAIN", "component": "train", "elapsed_sec": 0.011947, "event": "END:broadcast_preference_length", "host": "d6b2a058c4be", "pid": 108787, "rank": 1, "ts": "2026-10-04 14:58:07"}
[DBG] {"category": "TRAIN", "component": "train", "event": "watchdog_armed", "host": "d6b2a058c4be", "pid": 108787, "rank": 1, "stage": "broadcast_preference_payload", "timeout_sec": 30.0, "ts": "2026-10-04 14:58:07"}
[DBG] {"category": "TRAIN", "component": "train", "elapsed_sec": 0.01333, "event": "END:broadcast_preference_payload", "host": "d6b2a058c4be", "pid": 108787, "rank": 1, "ts": "2026-10-04 14:58:07"}
[DBG] {"category": "TRAIN", "component": "train", "event": "BEGIN:broadcast_stop_flag", "host": "d6b2a058c4be", "pid": 108787, "rank": 1, "transport": "gloo_cpu", "ts": "2026-10-04 14:58:08", "value": null}
[DBG] {"category": "TRAIN", "component": "train", "event": "watchdog_armed", "host": "d6b2a058c4be", "pid": 108787, "rank": 1, "stage": "broadcast_stop_flag", "timeout_sec": 30.0, "ts": "2026-10-04 14:58:08"}
[DBG] {"category": "TRAIN", "component": "train", "elapsed_sec": 0.005537, "event": "END:broadcast_stop_flag", "host": "d6b2a058c4be", "pid": 108787, "rank": 1, "ts": "2026-10-04 14:58:08"}
[DBG] {"category": "TRAIN", "component": "train", "event": "BEGIN:broadcast_preference_payload", "has_payload": null, "host": "d6b2a058c4be", "pid": 108787, "rank": 1, "transport": "json_uint8_gloo", "ts": "2026-10-04 14:58:08"}
[DBG] {"category": "TRAIN", "component": "train", "event": "watchdog_armed", "host": "d6b2a058c4be", "pid": 108787, "rank": 1, "stage": "broadcast_preference_payload", "timeout_sec": 30.0, "ts": "2026-10-04 14:58:08"}
[DBG] {"bytes": null, "category": "TRAIN", "component": "train", "event": "BEGIN:broadcast_preference_length", "host": "d6b2a058c4be", "pid": 108787, "rank": 1, "transport": "gloo_cpu", "ts": "2026-10-04 14:58:08"}
[DBG] {"category": "TRAIN", "component": "train", "event": "watchdog_armed", "host": "d6b2a058c4be", "pid": 108787, "rank": 1, "stage": "broadcast_preference_length", "timeout_sec": 30.0, "ts": "2026-10-04 14:58:08"}
[DBG] {"category": "TRAIN", "component": "train", "elapsed_sec": 0.012571, "event": "END:broadcast_preference_length", "host": "d6b2a058c4be", "pid": 108787, "rank": 1, "ts": "2026-10-04 14:58:08"}
[DBG] {"category": "TRAIN", "component": "train", "event": "watchdog_armed", "host": "d6b2a058c4be", "pid": 108787, "rank": 1, "stage": "broadcast_preference_payload", "timeout_sec": 30.0, "ts": "2026-10-04 14:58:08"}
[DBG] {"category": "TRAIN", "component": "train", "elapsed_sec": 0.013715, "event": "END:broadcast_preference_payload", "host": "d6b2a058c4be", "pid": 108787, "rank": 1, "ts": "2026-10-04 14:58:08"}
[DBG] {"category": "TRAIN", "component": "train", "event": "BEGIN:broadcast_stop_flag", "host": "d6b2a058c4be", "pid": 108787, "rank": 1, "transport": "gloo_cpu", "ts": "2026-10-04 14:58:08", "value": null}
[DBG] {"category": "TRAIN", "component": "train", "event": "watchdog_armed", "host": "d6b2a058c4be", "pid": 108787, "rank": 1, "stage": "broadcast_stop_flag", "timeout_sec": 30.0, "ts": "2026-10-04 14:58:08"}
[DBG] {"category": "TRAIN", "component": "train", "elapsed_sec": 0.005685, "event": "END:broadcast_stop_flag", "host": "d6b2a058c4be", "pid": 108787, "rank": 1, "ts": "2026-10-04 14:58:08"}
[DBG] {"category": "TRAIN", "component": "train", "event": "BEGIN:broadcast_preference_payload", "has_payload": null, "host": "d6b2a058c4be", "pid": 108787, "rank": 1, "transport": "json_uint8_gloo", "ts": "2026-10-04 14:58:08"}
[DBG] {"category": "TRAIN", "component": "train", "event": "watchdog_armed", "host": "d6b2a058c4be", "pid": 108787, "rank": 1, "stage": "broadcast_preference_payload", "timeout_sec": 30.0, "ts": "2026-10-04 14:58:08"}
[DBG] {"bytes": null, "category": "TRAIN", "component": "train", "event": "BEGIN:broadcast_preference_length", "host": "d6b2a058c4be", "pid": 108787, "rank": 1, "transport": "gloo_cpu", "ts": "2026-10-04 14:58:08"}
[DBG] {"category": "TRAIN", "component": "train", "event": "watchdog_armed", "host": "d6b2a058c4be", "pid": 108787, "rank": 1, "stage": "broadcast_preference_length", "timeout_sec": 30.0, "ts": "2026-10-04 14:58:08"}
[DBG] {"category": "TRAIN", "component": "train", "elapsed_sec": 0.012204, "event": "END:broadcast_preference_length", "host": "d6b2a058c4be", "pid": 108787, "rank": 1, "ts": "2026-10-04 14:58:08"}
[DBG] {"category": "TRAIN", "component": "train", "event": "watchdog_armed", "host": "d6b2a058c4be", "pid": 108787, "rank": 1, "stage": "broadcast_preference_payload", "timeout_sec": 30.0, "ts": "2026-10-04 14:58:08"}
[DBG] {"category": "TRAIN", "component": "train", "elapsed_sec": 0.013383, "event": "END:broadcast_preference_payload", "host": "d6b2a058c4be", "pid": 108787, "rank": 1, "ts": "2026-10-04 14:58:08"}
[DBG] {"category": "TRAIN", "component": "train", "event": "BEGIN:broadcast_stop_flag", "host": "d6b2a058c4be", "pid": 108787, "rank": 1, "transport": "gloo_cpu", "ts": "2026-10-04 14:58:09", "value": null}
[DBG] {"category": "TRAIN", "component": "train", "event": "watchdog_armed", "host": "d6b2a058c4be", "pid": 108787, "rank": 1, "stage": "broadcast_stop_flag", "timeout_sec": 30.0, "ts": "2026-10-04 14:58:09"}
[DBG] {"category": "TRAIN", "component": "train", "elapsed_sec": 0.006271, "event": "END:broadcast_stop_flag", "host": "d6b2a058c4be", "pid": 108787, "rank": 1, "ts": "2026-10-04 14:58:09"}
[DBG] {"category": "TRAIN", "component": "train", "event": "BEGIN:broadcast_preference_payload", "has_payload": null, "host": "d6b2a058c4be", "pid": 108787, "rank": 1, "transport": "json_uint8_gloo", "ts": "2026-10-04 14:58:09"}
[DBG] {"category": "TRAIN", "component": "train", "event": "watchdog_armed", "host": "d6b2a058c4be", "pid": 108787, "rank": 1, "stage": "broadcast_preference_payload", "timeout_sec": 30.0, "ts": "2026-10-04 14:58:09"}
[DBG] {"bytes": null, "category": "TRAIN", "component": "train", "event": "BEGIN:broadcast_preference_length", "host": "d6b2a058c4be", "pid": 108787, "rank": 1, "transport": "gloo_cpu", "ts": "2026-10-04 14:58:09"}
[DBG] {"category": "TRAIN", "component": "train", "event": "watchdog_armed", "host": "d6b2a058c4be", "pid": 108787, "rank": 1, "stage": "broadcast_preference_length", "timeout_sec": 30.0, "ts": "2026-10-04 14:58:09"}
[DBG] {"category": "TRAIN", "component": "train", "elapsed_sec": 0.012242, "event": "END:broadcast_preference_length", "host": "d6b2a058c4be", "pid": 108787, "rank": 1, "ts": "2026-10-04 14:58:09"}
[DBG] {"category": "TRAIN", "component": "train", "event": "watchdog_armed", "host": "d6b2a058c4be", "pid": 108787, "rank": 1, "stage": "broadcast_preference_payload", "timeout_sec": 30.0, "ts": "2026-10-04 14:58:09"}
[DBG] {"category": "TRAIN", "component": "train", "elapsed_sec": 0.013381, "event": "END:broadcast_preference_payload", "host": "d6b2a058c4be", "pid": 108787, "rank": 1, "ts": "2026-10-04 14:58:09"}
[DBG] {"category": "TRAIN", "component": "train", "event": "BEGIN:broadcast_stop_flag", "host": "d6b2a058c4be", "pid": 108787, "rank": 1, "transport": "gloo_cpu", "ts": "2026-10-04 14:58:09", "value": null}
[DBG] {"category": "TRAIN", "component": "train", "event": "watchdog_armed", "host": "d6b2a058c4be", "pid": 108787, "rank": 1, "stage": "broadcast_stop_flag", "timeout_sec": 30.0, "ts": "2026-10-04 14:58:09"}
[DBG] {"category": "TRAIN", "component": "train", "elapsed_sec": 0.005532, "event": "END:broadcast_stop_flag", "host": "d6b2a058c4be", "pid": 108787, "rank": 1, "ts": "2026-10-04 14:58:09"}
[DBG] {"category": "TRAIN", "component": "train", "event": "BEGIN:broadcast_preference_payload", "has_payload": null, "host": "d6b2a058c4be", "pid": 108787, "rank": 1, "transport": "json_uint8_gloo", "ts": "2026-10-04 14:58:09"}
[DBG] {"category": "TRAIN", "component": "train", "event": "watchdog_armed", "host": "d6b2a058c4be", "pid": 108787, "rank": 1, "stage": "broadcast_preference_payload", "timeout_sec": 30.0, "ts": "2026-10-04 14:58:09"}
[DBG] {"bytes": null, "category": "TRAIN", "component": "train", "event": "BEGIN:broadcast_preference_length", "host": "d6b2a058c4be", "pid": 108787, "rank": 1, "transport": "gloo_cpu", "ts": "2026-10-04 14:58:09"}
[DBG] {"category": "TRAIN", "component": "train", "event": "watchdog_armed", "host": "d6b2a058c4be", "pid": 108787, "rank": 1, "stage": "broadcast_preference_length", "timeout_sec": 30.0, "ts": "2026-10-04 14:58:09"}
[DBG] {"category": "TRAIN", "component": "train", "elapsed_sec": 0.011603, "event": "END:broadcast_preference_length", "host": "d6b2a058c4be", "pid": 108787, "rank": 1, "ts": "2026-10-04 14:58:09"}
[DBG] {"category": "TRAIN", "component": "train", "event": "watchdog_armed", "host": "d6b2a058c4be", "pid": 108787, "rank": 1, "stage": "broadcast_preference_payload", "timeout_sec": 30.0, "ts": "2026-10-04 14:58:09"}
[DBG] {"category": "TRAIN", "component": "train", "elapsed_sec": 0.012719, "event": "END:broadcast_preference_payload", "host": "d6b2a058c4be", "pid": 108787, "rank": 1, "ts": "2026-10-04 14:58:09"}
[DBG] {"category": "TRAIN", "component": "train", "event": "BEGIN:broadcast_stop_flag", "host": "d6b2a058c4be", "pid": 108787, "rank": 1, "transport": "gloo_cpu", "ts": "2026-10-04 14:58:10", "value": null}
[DBG] {"category": "TRAIN", "component": "train", "event": "watchdog_armed", "host": "d6b2a058c4be", "pid": 108787, "rank": 1, "stage": "broadcast_stop_flag", "timeout_sec": 30.0, "ts": "2026-10-04 14:58:10"}
[DBG] {"category": "TRAIN", "component": "train", "elapsed_sec": 0.00523, "event": "END:broadcast_stop_flag", "host": "d6b2a058c4be", "pid": 108787, "rank": 1, "ts": "2026-10-04 14:58:10"}
[DBG] {"category": "TRAIN", "component": "train", "event": "BEGIN:broadcast_preference_payload", "has_payload": null, "host": "d6b2a058c4be", "pid": 108787, "rank": 1, "transport": "json_uint8_gloo", "ts": "2026-10-04 14:58:10"}
[DBG] {"category": "TRAIN", "component": "train", "event": "watchdog_armed", "host": "d6b2a058c4be", "pid": 108787, "rank": 1, "stage": "broadcast_preference_payload", "timeout_sec": 30.0, "ts": "2026-10-04 14:58:10"}
[DBG] {"bytes": null, "category": "TRAIN", "component": "train", "event": "BEGIN:broadcast_preference_length", "host": "d6b2a058c4be", "pid": 108787, "rank": 1, "transport": "gloo_cpu", "ts": "2026-10-04 14:58:10"}
[DBG] {"category": "TRAIN", "component": "train", "event": "watchdog_armed", "host": "d6b2a058c4be", "pid": 108787, "rank": 1, "stage": "broadcast_preference_length", "timeout_sec": 30.0, "ts": "2026-10-04 14:58:10"}
[DBG] {"category": "TRAIN", "component": "train", "elapsed_sec": 0.013675, "event": "END:broadcast_preference_length", "host": "d6b2a058c4be", "pid": 108787, "rank": 1, "ts": "2026-10-04 14:58:10"}
[DBG] {"category": "TRAIN", "component": "train", "event": "watchdog_armed", "host": "d6b2a058c4be", "pid": 108787, "rank": 1, "stage": "broadcast_preference_payload", "timeout_sec": 30.0, "ts": "2026-10-04 14:58:10"}
[DBG] {"category": "TRAIN", "component": "train", "elapsed_sec": 0.014962, "event": "END:broadcast_preference_payload", "host": "d6b2a058c4be", "pid": 108787, "rank": 1, "ts": "2026-10-04 14:58:10"}
[DBG] {"category": "TRAIN", "component": "train", "event": "BEGIN:broadcast_stop_flag", "host": "d6b2a058c4be", "pid": 108787, "rank": 1, "transport": "gloo_cpu", "ts": "2026-10-04 14:58:10", "value": null}
[DBG] {"category": "TRAIN", "component": "train", "event": "watchdog_armed", "host": "d6b2a058c4be", "pid": 108787, "rank": 1, "stage": "broadcast_stop_flag", "timeout_sec": 30.0, "ts": "2026-10-04 14:58:10"}
[DBG] {"category": "TRAIN", "component": "train", "elapsed_sec": 0.003229, "event": "END:broadcast_stop_flag", "host": "d6b2a058c4be", "pid": 108787, "rank": 1, "ts": "2026-10-04 14:58:10"}
[DBG] {"category": "TRAIN", "component": "train", "event": "BEGIN:broadcast_preference_payload", "has_payload": null, "host": "d6b2a058c4be", "pid": 108787, "rank": 1, "transport": "json_uint8_gloo", "ts": "2026-10-04 14:58:10"}
[DBG] {"category": "TRAIN", "component": "train", "event": "watchdog_armed", "host": "d6b2a058c4be", "pid": 108787, "rank": 1, "stage": "broadcast_preference_payload", "timeout_sec": 30.0, "ts": "2026-10-04 14:58:10"}
[DBG] {"bytes": null, "category": "TRAIN", "component": "train", "event": "BEGIN:broadcast_preference_length", "host": "d6b2a058c4be", "pid": 108787, "rank": 1, "transport": "gloo_cpu", "ts": "2026-10-04 14:58:10"}
[DBG] {"category": "TRAIN", "component": "train", "event": "watchdog_armed", "host": "d6b2a058c4be", "pid": 108787, "rank": 1, "stage": "broadcast_preference_length", "timeout_sec": 30.0, "ts": "2026-10-04 14:58:10"}
[DBG] {"category": "TRAIN", "component": "train", "elapsed_sec": 0.012853, "event": "END:broadcast_preference_length", "host": "d6b2a058c4be", "pid": 108787, "rank": 1, "ts": "2026-10-04 14:58:10"}
[DBG] {"category": "TRAIN", "component": "train", "event": "watchdog_armed", "host": "d6b2a058c4be", "pid": 108787, "rank": 1, "stage": "broadcast_preference_payload", "timeout_sec": 30.0, "ts": "2026-10-04 14:58:10"}
[DBG] {"category": "TRAIN", "component": "train", "elapsed_sec": 0.014001, "event": "END:broadcast_preference_payload", "host": "d6b2a058c4be", "pid": 108787, "rank": 1, "ts": "2026-10-04 14:58:10"}
[DBG] {"category": "TRAIN", "component": "train", "event": "BEGIN:broadcast_stop_flag", "host": "d6b2a058c4be", "pid": 108787, "rank": 1, "transport": "gloo_cpu", "ts": "2026-10-04 14:58:11", "value": null}
[DBG] {"category": "TRAIN", "component": "train", "event": "watchdog_armed", "host": "d6b2a058c4be", "pid": 108787, "rank": 1, "stage": "broadcast_stop_flag", "timeout_sec": 30.0, "ts": "2026-10-04 14:58:11"}
[DBG] {"category": "TRAIN", "component": "train", "elapsed_sec": 0.005711, "event": "END:broadcast_stop_flag", "host": "d6b2a058c4be", "pid": 108787, "rank": 1, "ts": "2026-10-04 14:58:11"}
[DBG] {"category": "TRAIN", "component": "train", "event": "BEGIN:broadcast_preference_payload", "has_payload": null, "host": "d6b2a058c4be", "pid": 108787, "rank": 1, "transport": "json_uint8_gloo", "ts": "2026-10-04 14:58:11"}
[DBG] {"category": "TRAIN", "component": "train", "event": "watchdog_armed", "host": "d6b2a058c4be", "pid": 108787, "rank": 1, "stage": "broadcast_preference_payload", "timeout_sec": 30.0, "ts": "2026-10-04 14:58:11"}
[DBG] {"bytes": null, "category": "TRAIN", "component": "train", "event": "BEGIN:broadcast_preference_length", "host": "d6b2a058c4be", "pid": 108787, "rank": 1, "transport": "gloo_cpu", "ts": "2026-10-04 14:58:11"}
[DBG] {"category": "TRAIN", "component": "train", "event": "watchdog_armed", "host": "d6b2a058c4be", "pid": 108787, "rank": 1, "stage": "broadcast_preference_length", "timeout_sec": 30.0, "ts": "2026-10-04 14:58:11"}
[DBG] {"category": "TRAIN", "component": "train", "elapsed_sec": 0.012618, "event": "END:broadcast_preference_length", "host": "d6b2a058c4be", "pid": 108787, "rank": 1, "ts": "2026-10-04 14:58:11"}
[DBG] {"category": "TRAIN", "component": "train", "event": "watchdog_armed", "host": "d6b2a058c4be", "pid": 108787, "rank": 1, "stage": "broadcast_preference_payload", "timeout_sec": 30.0, "ts": "2026-10-04 14:58:11"}
[DBG] {"category": "TRAIN", "component": "train", "elapsed_sec": 0.01378, "event": "END:broadcast_preference_payload", "host": "d6b2a058c4be", "pid": 108787, "rank": 1, "ts": "2026-10-04 14:58:11"}
[DBG] {"category": "TRAIN", "component": "train", "event": "BEGIN:broadcast_stop_flag", "host": "d6b2a058c4be", "pid": 108787, "rank": 1, "transport": "gloo_cpu", "ts": "2026-10-04 14:58:12", "value": null}
[DBG] {"category": "TRAIN", "component": "train", "event": "watchdog_armed", "host": "d6b2a058c4be", "pid": 108787, "rank": 1, "stage": "broadcast_stop_flag", "timeout_sec": 30.0, "ts": "2026-10-04 14:58:12"}
[DBG] {"category": "TRAIN", "component": "train", "elapsed_sec": 0.004995, "event": "END:broadcast_stop_flag", "host": "d6b2a058c4be", "pid": 108787, "rank": 1, "ts": "2026-10-04 14:58:12"}
[DBG] {"category": "TRAIN", "component": "train", "event": "BEGIN:broadcast_preference_payload", "has_payload": null, "host": "d6b2a058c4be", "pid": 108787, "rank": 1, "transport": "json_uint8_gloo", "ts": "2026-10-04 14:58:12"}
[DBG] {"category": "TRAIN", "component": "train", "event": "watchdog_armed", "host": "d6b2a058c4be", "pid": 108787, "rank": 1, "stage": "broadcast_preference_payload", "timeout_sec": 30.0, "ts": "2026-10-04 14:58:12"}
[DBG] {"bytes": null, "category": "TRAIN", "component": "train", "event": "BEGIN:broadcast_preference_length", "host": "d6b2a058c4be", "pid": 108787, "rank": 1, "transport": "gloo_cpu", "ts": "2026-10-04 14:58:12"}
[DBG] {"category": "TRAIN", "component": "train", "event": "watchdog_armed", "host": "d6b2a058c4be", "pid": 108787, "rank": 1, "stage": "broadcast_preference_length", "timeout_sec": 30.0, "ts": "2026-10-04 14:58:12"}
[DBG] {"category": "TRAIN", "component": "train", "elapsed_sec": 0.015087, "event": "END:broadcast_preference_length", "host": "d6b2a058c4be", "pid": 108787, "rank": 1, "ts": "2026-10-04 14:58:12"}
[DBG] {"category": "TRAIN", "component": "train", "event": "watchdog_armed", "host": "d6b2a058c4be", "pid": 108787, "rank": 1, "stage": "broadcast_preference_payload", "timeout_sec": 30.0, "ts": "2026-10-04 14:58:12"}
[DBG] {"category": "TRAIN", "component": "train", "elapsed_sec": 0.016018, "event": "END:broadcast_preference_payload", "host": "d6b2a058c4be", "pid": 108787, "rank": 1, "ts": "2026-10-04 14:58:12"}
[DBG] {"category": "TRAIN", "component": "train", "event": "BEGIN:broadcast_stop_flag", "host": "d6b2a058c4be", "pid": 108787, "rank": 1, "transport": "gloo_cpu", "ts": "2026-10-04 14:58:12", "value": null}
[DBG] {"category": "TRAIN", "component": "train", "event": "watchdog_armed", "host": "d6b2a058c4be", "pid": 108787, "rank": 1, "stage": "broadcast_stop_flag", "timeout_sec": 30.0, "ts": "2026-10-04 14:58:12"}
[DBG] {"category": "TRAIN", "component": "train", "elapsed_sec": 0.010411, "event": "END:broadcast_stop_flag", "host": "d6b2a058c4be", "pid": 108787, "rank": 1, "ts": "2026-10-04 14:58:12"}
[DBG] {"category": "TRAIN", "component": "train", "event": "BEGIN:broadcast_preference_payload", "has_payload": null, "host": "d6b2a058c4be", "pid": 108787, "rank": 1, "transport": "json_uint8_gloo", "ts": "2026-10-04 14:58:12"}
[DBG] {"category": "TRAIN", "component": "train", "event": "watchdog_armed", "host": "d6b2a058c4be", "pid": 108787, "rank": 1, "stage": "broadcast_preference_payload", "timeout_sec": 30.0, "ts": "2026-10-04 14:58:12"}
[DBG] {"bytes": null, "category": "TRAIN", "component": "train", "event": "BEGIN:broadcast_preference_length", "host": "d6b2a058c4be", "pid": 108787, "rank": 1, "transport": "gloo_cpu", "ts": "2026-10-04 14:58:12"}
[DBG] {"category": "TRAIN", "component": "train", "event": "watchdog_armed", "host": "d6b2a058c4be", "pid": 108787, "rank": 1, "stage": "broadcast_preference_length", "timeout_sec": 30.0, "ts": "2026-10-04 14:58:12"}
[DBG] {"category": "TRAIN", "component": "train", "elapsed_sec": 0.018704, "event": "END:broadcast_preference_length", "host": "d6b2a058c4be", "pid": 108787, "rank": 1, "ts": "2026-10-04 14:58:12"}
[DBG] {"category": "TRAIN", "component": "train", "event": "watchdog_armed", "host": "d6b2a058c4be", "pid": 108787, "rank": 1, "stage": "broadcast_preference_payload", "timeout_sec": 30.0, "ts": "2026-10-04 14:58:12"}
[DBG] {"category": "TRAIN", "component": "train", "elapsed_sec": 0.0202, "event": "END:broadcast_preference_payload", "host": "d6b2a058c4be", "pid": 108787, "rank": 1, "ts": "2026-10-04 14:58:12"}
[DBG] {"category": "TRAIN", "component": "train", "event": "BEGIN:broadcast_stop_flag", "host": "d6b2a058c4be", "pid": 108787, "rank": 1, "transport": "gloo_cpu", "ts": "2026-10-04 14:58:13", "value": null}
[DBG] {"category": "TRAIN", "component": "train", "event": "watchdog_armed", "host": "d6b2a058c4be", "pid": 108787, "rank": 1, "stage": "broadcast_stop_flag", "timeout_sec": 30.0, "ts": "2026-10-04 14:58:13"}
[DBG] {"category": "TRAIN", "component": "train", "elapsed_sec": 0.008838, "event": "END:broadcast_stop_flag", "host": "d6b2a058c4be", "pid": 108787, "rank": 1, "ts": "2026-10-04 14:58:13"}
[DBG] {"category": "TRAIN", "component": "train", "event": "BEGIN:broadcast_preference_payload", "has_payload": null, "host": "d6b2a058c4be", "pid": 108787, "rank": 1, "transport": "json_uint8_gloo", "ts": "2026-10-04 14:58:13"}
[DBG] {"category": "TRAIN", "component": "train", "event": "watchdog_armed", "host": "d6b2a058c4be", "pid": 108787, "rank": 1, "stage": "broadcast_preference_payload", "timeout_sec": 30.0, "ts": "2026-10-04 14:58:13"}
[DBG] {"bytes": null, "category": "TRAIN", "component": "train", "event": "BEGIN:broadcast_preference_length", "host": "d6b2a058c4be", "pid": 108787, "rank": 1, "transport": "gloo_cpu", "ts": "2026-10-04 14:58:13"}
[DBG] {"category": "TRAIN", "component": "train", "event": "watchdog_armed", "host": "d6b2a058c4be", "pid": 108787, "rank": 1, "stage": "broadcast_preference_length", "timeout_sec": 30.0, "ts": "2026-10-04 14:58:13"}
[DBG] {"category": "TRAIN", "component": "train", "elapsed_sec": 0.020145, "event": "END:broadcast_preference_length", "host": "d6b2a058c4be", "pid": 108787, "rank": 1, "ts": "2026-10-04 14:58:13"}
[DBG] {"category": "TRAIN", "component": "train", "event": "watchdog_armed", "host": "d6b2a058c4be", "pid": 108787, "rank": 1, "stage": "broadcast_preference_payload", "timeout_sec": 30.0, "ts": "2026-10-04 14:58:13"}
[DBG] {"category": "TRAIN", "component": "train", "elapsed_sec": 0.021187, "event": "END:broadcast_preference_payload", "host": "d6b2a058c4be", "pid": 108787, "rank": 1, "ts": "2026-10-04 14:58:13"}
[DBG] {"category": "TRAIN", "component": "train", "event": "BEGIN:broadcast_stop_flag", "host": "d6b2a058c4be", "pid": 108787, "rank": 1, "transport": "gloo_cpu", "ts": "2026-10-04 14:58:13", "value": null}
[DBG] {"category": "TRAIN", "component": "train", "event": "watchdog_armed", "host": "d6b2a058c4be", "pid": 108787, "rank": 1, "stage": "broadcast_stop_flag", "timeout_sec": 30.0, "ts": "2026-10-04 14:58:13"}
[DBG] {"category": "TRAIN", "component": "train", "elapsed_sec": 0.007148, "event": "END:broadcast_stop_flag", "host": "d6b2a058c4be", "pid": 108787, "rank": 1, "ts": "2026-10-04 14:58:13"}
[DBG] {"category": "TRAIN", "component": "train", "event": "BEGIN:broadcast_preference_payload", "has_payload": null, "host": "d6b2a058c4be", "pid": 108787, "rank": 1, "transport": "json_uint8_gloo", "ts": "2026-10-04 14:58:13"}
[DBG] {"category": "TRAIN", "component": "train", "event": "watchdog_armed", "host": "d6b2a058c4be", "pid": 108787, "rank": 1, "stage": "broadcast_preference_payload", "timeout_sec": 30.0, "ts": "2026-10-04 14:58:13"}
[DBG] {"bytes": null, "category": "TRAIN", "component": "train", "event": "BEGIN:broadcast_preference_length", "host": "d6b2a058c4be", "pid": 108787, "rank": 1, "transport": "gloo_cpu", "ts": "2026-10-04 14:58:13"}
[DBG] {"category": "TRAIN", "component": "train", "event": "watchdog_armed", "host": "d6b2a058c4be", "pid": 108787, "rank": 1, "stage": "broadcast_preference_length", "timeout_sec": 30.0, "ts": "2026-10-04 14:58:13"}
[DBG] {"category": "TRAIN", "component": "train", "elapsed_sec": 0.017339, "event": "END:broadcast_preference_length", "host": "d6b2a058c4be", "pid": 108787, "rank": 1, "ts": "2026-10-04 14:58:13"}
[DBG] {"category": "TRAIN", "component": "train", "event": "watchdog_armed", "host": "d6b2a058c4be", "pid": 108787, "rank": 1, "stage": "broadcast_preference_payload", "timeout_sec": 30.0, "ts": "2026-10-04 14:58:13"}
[DBG] {"category": "TRAIN", "component": "train", "elapsed_sec": 0.018667, "event": "END:broadcast_preference_payload", "host": "d6b2a058c4be", "pid": 108787, "rank": 1, "ts": "2026-10-04 14:58:13"}
[DBG] {"category": "TRAIN", "component": "train", "event": "BEGIN:broadcast_stop_flag", "host": "d6b2a058c4be", "pid": 108787, "rank": 1, "transport": "gloo_cpu", "ts": "2026-10-04 14:58:14", "value": null}
[DBG] {"category": "TRAIN", "component": "train", "event": "watchdog_armed", "host": "d6b2a058c4be", "pid": 108787, "rank": 1, "stage": "broadcast_stop_flag", "timeout_sec": 30.0, "ts": "2026-10-04 14:58:14"}
[DBG] {"category": "TRAIN", "component": "train", "elapsed_sec": 0.006222, "event": "END:broadcast_stop_flag", "host": "d6b2a058c4be", "pid": 108787, "rank": 1, "ts": "2026-10-04 14:58:14"}
[DBG] {"category": "TRAIN", "component": "train", "event": "BEGIN:broadcast_preference_payload", "has_payload": null, "host": "d6b2a058c4be", "pid": 108787, "rank": 1, "transport": "json_uint8_gloo", "ts": "2026-10-04 14:58:14"}
[DBG] {"category": "TRAIN", "component": "train", "event": "watchdog_armed", "host": "d6b2a058c4be", "pid": 108787, "rank": 1, "stage": "broadcast_preference_payload", "timeout_sec": 30.0, "ts": "2026-10-04 14:58:14"}
[DBG] {"bytes": null, "category": "TRAIN", "component": "train", "event": "BEGIN:broadcast_preference_length", "host": "d6b2a058c4be", "pid": 108787, "rank": 1, "transport": "gloo_cpu", "ts": "2026-10-04 14:58:14"}
[DBG] {"category": "TRAIN", "component": "train", "event": "watchdog_armed", "host": "d6b2a058c4be", "pid": 108787, "rank": 1, "stage": "broadcast_preference_length", "timeout_sec": 30.0, "ts": "2026-10-04 14:58:14"}
[DBG] {"category": "TRAIN", "component": "train", "elapsed_sec": 0.014756, "event": "END:broadcast_preference_length", "host": "d6b2a058c4be", "pid": 108787, "rank": 1, "ts": "2026-10-04 14:58:14"}
[DBG] {"category": "TRAIN", "component": "train", "event": "watchdog_armed", "host": "d6b2a058c4be", "pid": 108787, "rank": 1, "stage": "broadcast_preference_payload", "timeout_sec": 30.0, "ts": "2026-10-04 14:58:14"}
[DBG] {"category": "TRAIN", "component": "train", "elapsed_sec": 0.016215, "event": "END:broadcast_preference_payload", "host": "d6b2a058c4be", "pid": 108787, "rank": 1, "ts": "2026-10-04 14:58:14"}
[DBG] {"category": "TRAIN", "component": "train", "event": "BEGIN:broadcast_stop_flag", "host": "d6b2a058c4be", "pid": 108787, "rank": 1, "transport": "gloo_cpu", "ts": "2026-10-04 14:58:14", "value": null}
[DBG] {"category": "TRAIN", "component": "train", "event": "watchdog_armed", "host": "d6b2a058c4be", "pid": 108787, "rank": 1, "stage": "broadcast_stop_flag", "timeout_sec": 30.0, "ts": "2026-10-04 14:58:14"}
[DBG] {"category": "TRAIN", "component": "train", "elapsed_sec": 0.005623, "event": "END:broadcast_stop_flag", "host": "d6b2a058c4be", "pid": 108787, "rank": 1, "ts": "2026-10-04 14:58:14"}
[DBG] {"category": "TRAIN", "component": "train", "event": "BEGIN:broadcast_preference_payload", "has_payload": null, "host": "d6b2a058c4be", "pid": 108787, "rank": 1, "transport": "json_uint8_gloo", "ts": "2026-10-04 14:58:14"}
[DBG] {"category": "TRAIN", "component": "train", "event": "watchdog_armed", "host": "d6b2a058c4be", "pid": 108787, "rank": 1, "stage": "broadcast_preference_payload", "timeout_sec": 30.0, "ts": "2026-10-04 14:58:14"}
[DBG] {"bytes": null, "category": "TRAIN", "component": "train", "event": "BEGIN:broadcast_preference_length", "host": "d6b2a058c4be", "pid": 108787, "rank": 1, "transport": "gloo_cpu", "ts": "2026-10-04 14:58:14"}
[DBG] {"category": "TRAIN", "component": "train", "event": "watchdog_armed", "host": "d6b2a058c4be", "pid": 108787, "rank": 1, "stage": "broadcast_preference_length", "timeout_sec": 30.0, "ts": "2026-10-04 14:58:14"}
[DBG] {"category": "TRAIN", "component": "train", "elapsed_sec": 0.019036, "event": "END:broadcast_preference_length", "host": "d6b2a058c4be", "pid": 108787, "rank": 1, "ts": "2026-10-04 14:58:14"}
[DBG] {"category": "TRAIN", "component": "train", "event": "watchdog_armed", "host": "d6b2a058c4be", "pid": 108787, "rank": 1, "stage": "broadcast_preference_payload", "timeout_sec": 30.0, "ts": "2026-10-04 14:58:14"}
[DBG] {"category": "TRAIN", "component": "train", "elapsed_sec": 0.020388, "event": "END:broadcast_preference_payload", "host": "d6b2a058c4be", "pid": 108787, "rank": 1, "ts": "2026-10-04 14:58:14"}
[DBG] {"category": "TRAIN", "component": "train", "event": "BEGIN:broadcast_stop_flag", "host": "d6b2a058c4be", "pid": 108787, "rank": 1, "transport": "gloo_cpu", "ts": "2026-10-04 14:58:15", "value": null}
[DBG] {"category": "TRAIN", "component": "train", "event": "watchdog_armed", "host": "d6b2a058c4be", "pid": 108787, "rank": 1, "stage": "broadcast_stop_flag", "timeout_sec": 30.0, "ts": "2026-10-04 14:58:15"}
[DBG] {"category": "TRAIN", "component": "train", "elapsed_sec": 0.005779, "event": "END:broadcast_stop_flag", "host": "d6b2a058c4be", "pid": 108787, "rank": 1, "ts": "2026-10-04 14:58:15"}
[DBG] {"category": "TRAIN", "component": "train", "event": "BEGIN:broadcast_preference_payload", "has_payload": null, "host": "d6b2a058c4be", "pid": 108787, "rank": 1, "transport": "json_uint8_gloo", "ts": "2026-10-04 14:58:15"}
[DBG] {"category": "TRAIN", "component": "train", "event": "watchdog_armed", "host": "d6b2a058c4be", "pid": 108787, "rank": 1, "stage": "broadcast_preference_payload", "timeout_sec": 30.0, "ts": "2026-10-04 14:58:15"}
[DBG] {"bytes": null, "category": "TRAIN", "component": "train", "event": "BEGIN:broadcast_preference_length", "host": "d6b2a058c4be", "pid": 108787, "rank": 1, "transport": "gloo_cpu", "ts": "2026-10-04 14:58:15"}
[DBG] {"category": "TRAIN", "component": "train", "event": "watchdog_armed", "host": "d6b2a058c4be", "pid": 108787, "rank": 1, "stage": "broadcast_preference_length", "timeout_sec": 30.0, "ts": "2026-10-04 14:58:15"}
[DBG] {"category": "TRAIN", "component": "train", "elapsed_sec": 0.026818, "event": "END:broadcast_preference_length", "host": "d6b2a058c4be", "pid": 108787, "rank": 1, "ts": "2026-10-04 14:58:15"}
[DBG] {"category": "TRAIN", "component": "train", "event": "watchdog_armed", "host": "d6b2a058c4be", "pid": 108787, "rank": 1, "stage": "broadcast_preference_payload", "timeout_sec": 30.0, "ts": "2026-10-04 14:58:15"}
[DBG] {"category": "TRAIN", "component": "train", "elapsed_sec": 0.02748, "event": "END:broadcast_preference_payload", "host": "d6b2a058c4be", "pid": 108787, "rank": 1, "ts": "2026-10-04 14:58:15"}
[DBG] {"category": "TRAIN", "component": "train", "event": "BEGIN:broadcast_stop_flag", "host": "d6b2a058c4be", "pid": 108787, "rank": 1, "transport": "gloo_cpu", "ts": "2026-10-04 14:58:15", "value": null}
[DBG] {"category": "TRAIN", "component": "train", "event": "watchdog_armed", "host": "d6b2a058c4be", "pid": 108787, "rank": 1, "stage": "broadcast_stop_flag", "timeout_sec": 30.0, "ts": "2026-10-04 14:58:15"}
[DBG] {"category": "TRAIN", "component": "train", "elapsed_sec": 0.006552, "event": "END:broadcast_stop_flag", "host": "d6b2a058c4be", "pid": 108787, "rank": 1, "ts": "2026-10-04 14:58:15"}
[DBG] {"category": "TRAIN", "component": "train", "event": "BEGIN:broadcast_preference_payload", "has_payload": null, "host": "d6b2a058c4be", "pid": 108787, "rank": 1, "transport": "json_uint8_gloo", "ts": "2026-10-04 14:58:15"}
[DBG] {"category": "TRAIN", "component": "train", "event": "watchdog_armed", "host": "d6b2a058c4be", "pid": 108787, "rank": 1, "stage": "broadcast_preference_payload", "timeout_sec": 30.0, "ts": "2026-10-04 14:58:15"}
[DBG] {"bytes": null, "category": "TRAIN", "component": "train", "event": "BEGIN:broadcast_preference_length", "host": "d6b2a058c4be", "pid": 108787, "rank": 1, "transport": "gloo_cpu", "ts": "2026-10-04 14:58:15"}
[DBG] {"category": "TRAIN", "component": "train", "event": "watchdog_armed", "host": "d6b2a058c4be", "pid": 108787, "rank": 1, "stage": "broadcast_preference_length", "timeout_sec": 30.0, "ts": "2026-10-04 14:58:15"}
[DBG] {"category": "TRAIN", "component": "train", "elapsed_sec": 0.017135, "event": "END:broadcast_preference_length", "host": "d6b2a058c4be", "pid": 108787, "rank": 1, "ts": "2026-10-04 14:58:15"}
[DBG] {"category": "TRAIN", "component": "train", "event": "watchdog_armed", "host": "d6b2a058c4be", "pid": 108787, "rank": 1, "stage": "broadcast_preference_payload", "timeout_sec": 30.0, "ts": "2026-10-04 14:58:15"}
[DBG] {"category": "TRAIN", "component": "train", "elapsed_sec": 0.018593, "event": "END:broadcast_preference_payload", "host": "d6b2a058c4be", "pid": 108787, "rank": 1, "ts": "2026-10-04 14:58:15"}
[DBG] {"category": "TRAIN", "component": "train", "event": "BEGIN:broadcast_stop_flag", "host": "d6b2a058c4be", "pid": 108787, "rank": 1, "transport": "gloo_cpu", "ts": "2026-10-04 14:58:16", "value": null}
[DBG] {"category": "TRAIN", "component": "train", "event": "watchdog_armed", "host": "d6b2a058c4be", "pid": 108787, "rank": 1, "stage": "broadcast_stop_flag", "timeout_sec": 30.0, "ts": "2026-10-04 14:58:16"}
[DBG] {"category": "TRAIN", "component": "train", "elapsed_sec": 0.005759, "event": "END:broadcast_stop_flag", "host": "d6b2a058c4be", "pid": 108787, "rank": 1, "ts": "2026-10-04 14:58:16"}
[DBG] {"category": "TRAIN", "component": "train", "event": "BEGIN:broadcast_preference_payload", "has_payload": null, "host": "d6b2a058c4be", "pid": 108787, "rank": 1, "transport": "json_uint8_gloo", "ts": "2026-10-04 14:58:16"}
[DBG] {"category": "TRAIN", "component": "train", "event": "watchdog_armed", "host": "d6b2a058c4be", "pid": 108787, "rank": 1, "stage": "broadcast_preference_payload", "timeout_sec": 30.0, "ts": "2026-10-04 14:58:16"}
[DBG] {"bytes": null, "category": "TRAIN", "component": "train", "event": "BEGIN:broadcast_preference_length", "host": "d6b2a058c4be", "pid": 108787, "rank": 1, "transport": "gloo_cpu", "ts": "2026-10-04 14:58:16"}
[DBG] {"category": "TRAIN", "component": "train", "event": "watchdog_armed", "host": "d6b2a058c4be", "pid": 108787, "rank": 1, "stage": "broadcast_preference_length", "timeout_sec": 30.0, "ts": "2026-10-04 14:58:16"}
[DBG] {"category": "TRAIN", "component": "train", "elapsed_sec": 0.015849, "event": "END:broadcast_preference_length", "host": "d6b2a058c4be", "pid": 108787, "rank": 1, "ts": "2026-10-04 14:58:16"}
[DBG] {"category": "TRAIN", "component": "train", "event": "watchdog_armed", "host": "d6b2a058c4be", "pid": 108787, "rank": 1, "stage": "broadcast_preference_payload", "timeout_sec": 30.0, "ts": "2026-10-04 14:58:16"}
[DBG] {"category": "TRAIN", "component": "train", "elapsed_sec": 0.017619, "event": "END:broadcast_preference_payload", "host": "d6b2a058c4be", "pid": 108787, "rank": 1, "ts": "2026-10-04 14:58:16"}
[DBG] {"category": "TRAIN", "component": "train", "event": "BEGIN:broadcast_stop_flag", "host": "d6b2a058c4be", "pid": 108787, "rank": 1, "transport": "gloo_cpu", "ts": "2026-10-04 14:58:16", "value": null}
[DBG] {"category": "TRAIN", "component": "train", "event": "watchdog_armed", "host": "d6b2a058c4be", "pid": 108787, "rank": 1, "stage": "broadcast_stop_flag", "timeout_sec": 30.0, "ts": "2026-10-04 14:58:16"}
[DBG] {"category": "TRAIN", "component": "train", "elapsed_sec": 0.005294, "event": "END:broadcast_stop_flag", "host": "d6b2a058c4be", "pid": 108787, "rank": 1, "ts": "2026-10-04 14:58:16"}
[DBG] {"category": "TRAIN", "component": "train", "event": "BEGIN:broadcast_preference_payload", "has_payload": null, "host": "d6b2a058c4be", "pid": 108787, "rank": 1, "transport": "json_uint8_gloo", "ts": "2026-10-04 14:58:16"}
[DBG] {"category": "TRAIN", "component": "train", "event": "watchdog_armed", "host": "d6b2a058c4be", "pid": 108787, "rank": 1, "stage": "broadcast_preference_payload", "timeout_sec": 30.0, "ts": "2026-10-04 14:58:16"}
[DBG] {"bytes": null, "category": "TRAIN", "component": "train", "event": "BEGIN:broadcast_preference_length", "host": "d6b2a058c4be", "pid": 108787, "rank": 1, "transport": "gloo_cpu", "ts": "2026-10-04 14:58:16"}
[DBG] {"category": "TRAIN", "component": "train", "event": "watchdog_armed", "host": "d6b2a058c4be", "pid": 108787, "rank": 1, "stage": "broadcast_preference_length", "timeout_sec": 30.0, "ts": "2026-10-04 14:58:16"}
[DBG] {"category": "TRAIN", "component": "train", "elapsed_sec": 0.022488, "event": "END:broadcast_preference_length", "host": "d6b2a058c4be", "pid": 108787, "rank": 1, "ts": "2026-10-04 14:58:16"}
[DBG] {"category": "TRAIN", "component": "train", "event": "watchdog_armed", "host": "d6b2a058c4be", "pid": 108787, "rank": 1, "stage": "broadcast_preference_payload", "timeout_sec": 30.0, "ts": "2026-10-04 14:58:16"}
[DBG] {"category": "TRAIN", "component": "train", "elapsed_sec": 0.023845, "event": "END:broadcast_preference_payload", "host": "d6b2a058c4be", "pid": 108787, "rank": 1, "ts": "2026-10-04 14:58:16"}
[DBG] {"category": "TRAIN", "component": "train", "event": "BEGIN:broadcast_stop_flag", "host": "d6b2a058c4be", "pid": 108787, "rank": 1, "transport": "gloo_cpu", "ts": "2026-10-04 14:58:17", "value": null}
[DBG] {"category": "TRAIN", "component": "train", "event": "watchdog_armed", "host": "d6b2a058c4be", "pid": 108787, "rank": 1, "stage": "broadcast_stop_flag", "timeout_sec": 30.0, "ts": "2026-10-04 14:58:17"}
[DBG] {"category": "TRAIN", "component": "train", "elapsed_sec": 0.005751, "event": "END:broadcast_stop_flag", "host": "d6b2a058c4be", "pid": 108787, "rank": 1, "ts": "2026-10-04 14:58:17"}
[DBG] {"category": "TRAIN", "component": "train", "event": "BEGIN:broadcast_preference_payload", "has_payload": null, "host": "d6b2a058c4be", "pid": 108787, "rank": 1, "transport": "json_uint8_gloo", "ts": "2026-10-04 14:58:17"}
[DBG] {"category": "TRAIN", "component": "train", "event": "watchdog_armed", "host": "d6b2a058c4be", "pid": 108787, "rank": 1, "stage": "broadcast_preference_payload", "timeout_sec": 30.0, "ts": "2026-10-04 14:58:17"}
[DBG] {"bytes": null, "category": "TRAIN", "component": "train", "event": "BEGIN:broadcast_preference_length", "host": "d6b2a058c4be", "pid": 108787, "rank": 1, "transport": "gloo_cpu", "ts": "2026-10-04 14:58:17"}
[DBG] {"category": "TRAIN", "component": "train", "event": "watchdog_armed", "host": "d6b2a058c4be", "pid": 108787, "rank": 1, "stage": "broadcast_preference_length", "timeout_sec": 30.0, "ts": "2026-10-04 14:58:17"}
[DBG] {"category": "TRAIN", "component": "train", "elapsed_sec": 0.015977, "event": "END:broadcast_preference_length", "host": "d6b2a058c4be", "pid": 108787, "rank": 1, "ts": "2026-10-04 14:58:17"}
[DBG] {"category": "TRAIN", "component": "train", "event": "watchdog_armed", "host": "d6b2a058c4be", "pid": 108787, "rank": 1, "stage": "broadcast_preference_payload", "timeout_sec": 30.0, "ts": "2026-10-04 14:58:17"}
[DBG] {"category": "TRAIN", "component": "train", "elapsed_sec": 0.017449, "event": "END:broadcast_preference_payload", "host": "d6b2a058c4be", "pid": 108787, "rank": 1, "ts": "2026-10-04 14:58:17"}
[DBG] {"category": "TRAIN", "component": "train", "event": "BEGIN:broadcast_stop_flag", "host": "d6b2a058c4be", "pid": 108787, "rank": 1, "transport": "gloo_cpu", "ts": "2026-10-04 14:58:17", "value": null}
[DBG] {"category": "TRAIN", "component": "train", "event": "watchdog_armed", "host": "d6b2a058c4be", "pid": 108787, "rank": 1, "stage": "broadcast_stop_flag", "timeout_sec": 30.0, "ts": "2026-10-04 14:58:17"}
[DBG] {"category": "TRAIN", "component": "train", "elapsed_sec": 0.007843, "event": "END:broadcast_stop_flag", "host": "d6b2a058c4be", "pid": 108787, "rank": 1, "ts": "2026-10-04 14:58:17"}
[DBG] {"category": "TRAIN", "component": "train", "event": "BEGIN:broadcast_preference_payload", "has_payload": null, "host": "d6b2a058c4be", "pid": 108787, "rank": 1, "transport": "json_uint8_gloo", "ts": "2026-10-04 14:58:17"}
[DBG] {"category": "TRAIN", "component": "train", "event": "watchdog_armed", "host": "d6b2a058c4be", "pid": 108787, "rank": 1, "stage": "broadcast_preference_payload", "timeout_sec": 30.0, "ts": "2026-10-04 14:58:17"}
[DBG] {"bytes": null, "category": "TRAIN", "component": "train", "event": "BEGIN:broadcast_preference_length", "host": "d6b2a058c4be", "pid": 108787, "rank": 1, "transport": "gloo_cpu", "ts": "2026-10-04 14:58:17"}
[DBG] {"category": "TRAIN", "component": "train", "event": "watchdog_armed", "host": "d6b2a058c4be", "pid": 108787, "rank": 1, "stage": "broadcast_preference_length", "timeout_sec": 30.0, "ts": "2026-10-04 14:58:17"}
[DBG] {"category": "TRAIN", "component": "train", "elapsed_sec": 0.020179, "event": "END:broadcast_preference_length", "host": "d6b2a058c4be", "pid": 108787, "rank": 1, "ts": "2026-10-04 14:58:17"}
[DBG] {"category": "TRAIN", "component": "train", "event": "watchdog_armed", "host": "d6b2a058c4be", "pid": 108787, "rank": 1, "stage": "broadcast_preference_payload", "timeout_sec": 30.0, "ts": "2026-10-04 14:58:17"}
[DBG] {"category": "TRAIN", "component": "train", "elapsed_sec": 0.021488, "event": "END:broadcast_preference_payload", "host": "d6b2a058c4be", "pid": 108787, "rank": 1, "ts": "2026-10-04 14:58:17"}
[DBG] {"category": "TRAIN", "component": "train", "event": "BEGIN:broadcast_stop_flag", "host": "d6b2a058c4be", "pid": 108787, "rank": 1, "transport": "gloo_cpu", "ts": "2026-10-04 14:58:18", "value": null}
[DBG] {"category": "TRAIN", "component": "train", "event": "watchdog_armed", "host": "d6b2a058c4be", "pid": 108787, "rank": 1, "stage": "broadcast_stop_flag", "timeout_sec": 30.0, "ts": "2026-10-04 14:58:18"}
[DBG] {"category": "TRAIN", "component": "train", "elapsed_sec": 0.005769, "event": "END:broadcast_stop_flag", "host": "d6b2a058c4be", "pid": 108787, "rank": 1, "ts": "2026-10-04 14:58:18"}
[DBG] {"category": "TRAIN", "component": "train", "event": "BEGIN:broadcast_preference_payload", "has_payload": null, "host": "d6b2a058c4be", "pid": 108787, "rank": 1, "transport": "json_uint8_gloo", "ts": "2026-10-04 14:58:18"}
[DBG] {"category": "TRAIN", "component": "train", "event": "watchdog_armed", "host": "d6b2a058c4be", "pid": 108787, "rank": 1, "stage": "broadcast_preference_payload", "timeout_sec": 30.0, "ts": "2026-10-04 14:58:18"}
[DBG] {"bytes": null, "category": "TRAIN", "component": "train", "event": "BEGIN:broadcast_preference_length", "host": "d6b2a058c4be", "pid": 108787, "rank": 1, "transport": "gloo_cpu", "ts": "2026-10-04 14:58:18"}
[DBG] {"category": "TRAIN", "component": "train", "event": "watchdog_armed", "host": "d6b2a058c4be", "pid": 108787, "rank": 1, "stage": "broadcast_preference_length", "timeout_sec": 30.0, "ts": "2026-10-04 14:58:18"}
[DBG] {"category": "TRAIN", "component": "train", "elapsed_sec": 0.01296, "event": "END:broadcast_preference_length", "host": "d6b2a058c4be", "pid": 108787, "rank": 1, "ts": "2026-10-04 14:58:18"}
[DBG] {"category": "TRAIN", "component": "train", "event": "watchdog_armed", "host": "d6b2a058c4be", "pid": 108787, "rank": 1, "stage": "broadcast_preference_payload", "timeout_sec": 30.0, "ts": "2026-10-04 14:58:18"}
[DBG] {"category": "TRAIN", "component": "train", "elapsed_sec": 0.014176, "event": "END:broadcast_preference_payload", "host": "d6b2a058c4be", "pid": 108787, "rank": 1, "ts": "2026-10-04 14:58:18"}
[DBG] {"category": "TRAIN", "component": "train", "event": "BEGIN:broadcast_stop_flag", "host": "d6b2a058c4be", "pid": 108787, "rank": 1, "transport": "gloo_cpu", "ts": "2026-10-04 14:58:18", "value": null}
[DBG] {"category": "TRAIN", "component": "train", "event": "watchdog_armed", "host": "d6b2a058c4be", "pid": 108787, "rank": 1, "stage": "broadcast_stop_flag", "timeout_sec": 30.0, "ts": "2026-10-04 14:58:18"}
[DBG] {"category": "TRAIN", "component": "train", "elapsed_sec": 0.005821, "event": "END:broadcast_stop_flag", "host": "d6b2a058c4be", "pid": 108787, "rank": 1, "ts": "2026-10-04 14:58:18"}
[DBG] {"category": "TRAIN", "component": "train", "event": "BEGIN:broadcast_preference_payload", "has_payload": null, "host": "d6b2a058c4be", "pid": 108787, "rank": 1, "transport": "json_uint8_gloo", "ts": "2026-10-04 14:58:18"}
[DBG] {"category": "TRAIN", "component": "train", "event": "watchdog_armed", "host": "d6b2a058c4be", "pid": 108787, "rank": 1, "stage": "broadcast_preference_payload", "timeout_sec": 30.0, "ts": "2026-10-04 14:58:18"}
[DBG] {"bytes": null, "category": "TRAIN", "component": "train", "event": "BEGIN:broadcast_preference_length", "host": "d6b2a058c4be", "pid": 108787, "rank": 1, "transport": "gloo_cpu", "ts": "2026-10-04 14:58:18"}
[DBG] {"category": "TRAIN", "component": "train", "event": "watchdog_armed", "host": "d6b2a058c4be", "pid": 108787, "rank": 1, "stage": "broadcast_preference_length", "timeout_sec": 30.0, "ts": "2026-10-04 14:58:18"}
[DBG] {"category": "TRAIN", "component": "train", "elapsed_sec": 0.016095, "event": "END:broadcast_preference_length", "host": "d6b2a058c4be", "pid": 108787, "rank": 1, "ts": "2026-10-04 14:58:18"}
[DBG] {"category": "TRAIN", "component": "train", "event": "watchdog_armed", "host": "d6b2a058c4be", "pid": 108787, "rank": 1, "stage": "broadcast_preference_payload", "timeout_sec": 30.0, "ts": "2026-10-04 14:58:18"}
[DBG] {"category": "TRAIN", "component": "train", "elapsed_sec": 0.017272, "event": "END:broadcast_preference_payload", "host": "d6b2a058c4be", "pid": 108787, "rank": 1, "ts": "2026-10-04 14:58:18"}
[DBG] {"category": "TRAIN", "component": "train", "event": "BEGIN:broadcast_stop_flag", "host": "d6b2a058c4be", "pid": 108787, "rank": 1, "transport": "gloo_cpu", "ts": "2026-10-04 14:58:19", "value": null}
[DBG] {"category": "TRAIN", "component": "train", "event": "watchdog_armed", "host": "d6b2a058c4be", "pid": 108787, "rank": 1, "stage": "broadcast_stop_flag", "timeout_sec": 30.0, "ts": "2026-10-04 14:58:19"}
[DBG] {"category": "TRAIN", "component": "train", "elapsed_sec": 0.006181, "event": "END:broadcast_stop_flag", "host": "d6b2a058c4be", "pid": 108787, "rank": 1, "ts": "2026-10-04 14:58:19"}
[DBG] {"category": "TRAIN", "component": "train", "event": "BEGIN:broadcast_preference_payload", "has_payload": null, "host": "d6b2a058c4be", "pid": 108787, "rank": 1, "transport": "json_uint8_gloo", "ts": "2026-10-04 14:58:19"}
[DBG] {"category": "TRAIN", "component": "train", "event": "watchdog_armed", "host": "d6b2a058c4be", "pid": 108787, "rank": 1, "stage": "broadcast_preference_payload", "timeout_sec": 30.0, "ts": "2026-10-04 14:58:19"}
[DBG] {"bytes": null, "category": "TRAIN", "component": "train", "event": "BEGIN:broadcast_preference_length", "host": "d6b2a058c4be", "pid": 108787, "rank": 1, "transport": "gloo_cpu", "ts": "2026-10-04 14:58:19"}
[DBG] {"category": "TRAIN", "component": "train", "event": "watchdog_armed", "host": "d6b2a058c4be", "pid": 108787, "rank": 1, "stage": "broadcast_preference_length", "timeout_sec": 30.0, "ts": "2026-10-04 14:58:19"}
[DBG] {"category": "TRAIN", "component": "train", "elapsed_sec": 0.018246, "event": "END:broadcast_preference_length", "host": "d6b2a058c4be", "pid": 108787, "rank": 1, "ts": "2026-10-04 14:58:19"}
[DBG] {"category": "TRAIN", "component": "train", "event": "watchdog_armed", "host": "d6b2a058c4be", "pid": 108787, "rank": 1, "stage": "broadcast_preference_payload", "timeout_sec": 30.0, "ts": "2026-10-04 14:58:19"}
[DBG] {"category": "TRAIN", "component": "train", "elapsed_sec": 0.019513, "event": "END:broadcast_preference_payload", "host": "d6b2a058c4be", "pid": 108787, "rank": 1, "ts": "2026-10-04 14:58:19"}
[DBG] {"category": "TRAIN", "component": "train", "event": "BEGIN:broadcast_stop_flag", "host": "d6b2a058c4be", "pid": 108787, "rank": 1, "transport": "gloo_cpu", "ts": "2026-10-04 14:58:19", "value": null}
[DBG] {"category": "TRAIN", "component": "train", "event": "watchdog_armed", "host": "d6b2a058c4be", "pid": 108787, "rank": 1, "stage": "broadcast_stop_flag", "timeout_sec": 30.0, "ts": "2026-10-04 14:58:19"}
[DBG] {"category": "TRAIN", "component": "train", "elapsed_sec": 0.005978, "event": "END:broadcast_stop_flag", "host": "d6b2a058c4be", "pid": 108787, "rank": 1, "ts": "2026-10-04 14:58:19"}
[DBG] {"category": "TRAIN", "component": "train", "event": "BEGIN:broadcast_preference_payload", "has_payload": null, "host": "d6b2a058c4be", "pid": 108787, "rank": 1, "transport": "json_uint8_gloo", "ts": "2026-10-04 14:58:19"}
[DBG] {"category": "TRAIN", "component": "train", "event": "watchdog_armed", "host": "d6b2a058c4be", "pid": 108787, "rank": 1, "stage": "broadcast_preference_payload", "timeout_sec": 30.0, "ts": "2026-10-04 14:58:19"}
[DBG] {"bytes": null, "category": "TRAIN", "component": "train", "event": "BEGIN:broadcast_preference_length", "host": "d6b2a058c4be", "pid": 108787, "rank": 1, "transport": "gloo_cpu", "ts": "2026-10-04 14:58:19"}
[DBG] {"category": "TRAIN", "component": "train", "event": "watchdog_armed", "host": "d6b2a058c4be", "pid": 108787, "rank": 1, "stage": "broadcast_preference_length", "timeout_sec": 30.0, "ts": "2026-10-04 14:58:19"}
[DBG] {"category": "TRAIN", "component": "train", "elapsed_sec": 0.200783, "event": "END:broadcast_preference_length", "host": "d6b2a058c4be", "pid": 108787, "rank": 1, "ts": "2026-10-04 14:58:20"}
[DBG] {"category": "TRAIN", "component": "train", "event": "watchdog_armed", "host": "d6b2a058c4be", "pid": 108787, "rank": 1, "stage": "broadcast_preference_payload", "timeout_sec": 30.0, "ts": "2026-10-04 14:58:20"}
[DBG] {"bytes": 5858, "category": "TRAIN", "component": "train", "event": "BEGIN:broadcast_preference_bytes", "host": "d6b2a058c4be", "pid": 108787, "rank": 1, "transport": "gloo_cpu", "ts": "2026-10-04 14:58:20"}
[DBG] {"category": "TRAIN", "component": "train", "event": "watchdog_armed", "host": "d6b2a058c4be", "pid": 108787, "rank": 1, "stage": "broadcast_preference_bytes", "timeout_sec": 30.0, "ts": "2026-10-04 14:58:20"}
[DBG] {"category": "TRAIN", "component": "train", "elapsed_sec": 0.003254, "event": "END:broadcast_preference_bytes", "host": "d6b2a058c4be", "pid": 108787, "rank": 1, "ts": "2026-10-04 14:58:20"}
[DBG] {"category": "TRAIN", "component": "train", "event": "watchdog_armed", "host": "d6b2a058c4be", "pid": 108787, "rank": 1, "stage": "broadcast_preference_payload", "timeout_sec": 30.0, "ts": "2026-10-04 14:58:20"}
[DBG] {"category": "TRAIN", "component": "train", "elapsed_sec": 0.206718, "event": "END:broadcast_preference_payload", "host": "d6b2a058c4be", "pid": 108787, "rank": 1, "ts": "2026-10-04 14:58:20"}
[DBG] {"category": "TRAIN", "component": "train", "event": "local_batch_ready", "group_ids": ["d9e9b6c40e5b481c86bc7a89b55b9f6a", "8219b8140bd3461aa698b1b435cfa861"], "host": "d6b2a058c4be", "local_total": 2, "microbatch_size": 2, "microbatches": 1, "pid": 108787, "rank": 1, "slice_end": 4, "slice_start": 2, "ts": "2026-10-04 14:58:20"}
[DBG] {"category": "TRAIN", "component": "train", "event": "BEGIN:optimizer_step", "host": "d6b2a058c4be", "next_step": 1, "pid": 108787, "rank": 1, "ts": "2026-10-04 14:58:20"}
[DBG] {"category": "TRAIN", "component": "train", "event": "watchdog_armed", "host": "d6b2a058c4be", "pid": 108787, "rank": 1, "stage": "optimizer_step", "timeout_sec": 30.0, "ts": "2026-10-04 14:58:20"}
[DBG] {"category": "TRAIN", "component": "train", "cuda_device": 1, "event": "step_pipeline_begin", "group_ids": ["d9e9b6c40e5b481c86bc7a89b55b9f6a", "8219b8140bd3461aa698b1b435cfa861"], "host": "d6b2a058c4be", "max_mem_allocated": 1039477760, "mem_allocated": 494216192, "mem_reserved": 1159725056, "microbatches": 1, "next_step": 1, "pid": 108787, "rank": 1, "ts": "2026-10-04 14:58:20"}
[DBG] {"category": "TRAIN", "component": "train", "event": "BEGIN:zero_grad", "host": "d6b2a058c4be", "next_step": 1, "pid": 108787, "rank": 1, "ts": "2026-10-04 14:58:20"}
[DBG] {"category": "TRAIN", "component": "train", "event": "watchdog_armed", "host": "d6b2a058c4be", "pid": 108787, "rank": 1, "stage": "zero_grad", "timeout_sec": 30.0, "ts": "2026-10-04 14:58:20"}
[DBG] {"category": "TRAIN", "component": "train", "elapsed_sec": 0.004594, "event": "END:zero_grad", "host": "d6b2a058c4be", "pid": 108787, "rank": 1, "ts": "2026-10-04 14:58:20"}
[DBG] {"category": "TRAIN", "component": "train", "event": "watchdog_armed", "host": "d6b2a058c4be", "pid": 108787, "rank": 1, "stage": "optimizer_step", "timeout_sec": 30.0, "ts": "2026-10-04 14:58:20"}
[DBG] {"category": "TRAIN", "component": "train", "event": "microbatch_begin", "group_ids": ["d9e9b6c40e5b481c86bc7a89b55b9f6a", "8219b8140bd3461aa698b1b435cfa861"], "host": "d6b2a058c4be", "micro_idx": 0, "pairs": 2, "pid": 108787, "rank": 1, "ts": "2026-10-04 14:58:20"}
[DBG] {"category": "TRAIN", "component": "train", "event": "BEGIN:collate", "group_ids": ["d9e9b6c40e5b481c86bc7a89b55b9f6a", "8219b8140bd3461aa698b1b435cfa861"], "host": "d6b2a058c4be", "micro_idx": 0, "pairs": 2, "pid": 108787, "rank": 1, "ts": "2026-10-04 14:58:20"}
[DBG] {"category": "TRAIN", "component": "train", "event": "watchdog_armed", "host": "d6b2a058c4be", "pid": 108787, "rank": 1, "stage": "collate", "timeout_sec": 30.0, "ts": "2026-10-04 14:58:20"}
[DBG] {"category": "TRAIN", "component": "train", "elapsed_sec": 0.054409, "event": "END:collate", "host": "d6b2a058c4be", "pid": 108787, "rank": 1, "ts": "2026-10-04 14:58:20"}
[DBG] {"category": "TRAIN", "component": "train", "event": "watchdog_armed", "host": "d6b2a058c4be", "pid": 108787, "rank": 1, "stage": "optimizer_step", "timeout_sec": 30.0, "ts": "2026-10-04 14:58:20"}
[DBG] {"category": "TRAIN", "component": "train", "cpu_shapes": {"attention_mask": [4, 209], "input_ids": [4, 209], "ref_logps": [4], "response_mask": [4, 209]}, "event": "collate_done", "group_ids": ["d9e9b6c40e5b481c86bc7a89b55b9f6a", "8219b8140bd3461aa698b1b435cfa861"], "host": "d6b2a058c4be", "micro_idx": 0, "pairs": 2, "pid": 108787, "rank": 1, "ts": "2026-10-04 14:58:20"}
[DBG] {"category": "TRAIN", "component": "train", "device": "cuda:1", "event": "BEGIN:batch_to_device", "group_ids": ["d9e9b6c40e5b481c86bc7a89b55b9f6a", "8219b8140bd3461aa698b1b435cfa861"], "host": "d6b2a058c4be", "micro_idx": 0, "pid": 108787, "rank": 1, "ts": "2026-10-04 14:58:20"}
[DBG] {"category": "TRAIN", "component": "train", "event": "watchdog_armed", "host": "d6b2a058c4be", "pid": 108787, "rank": 1, "stage": "batch_to_device", "timeout_sec": 30.0, "ts": "2026-10-04 14:58:20"}
[DBG] {"category": "TRAIN", "component": "train", "elapsed_sec": 0.009856, "event": "END:batch_to_device", "host": "d6b2a058c4be", "pid": 108787, "rank": 1, "ts": "2026-10-04 14:58:20"}
[DBG] {"category": "TRAIN", "component": "train", "event": "watchdog_armed", "host": "d6b2a058c4be", "pid": 108787, "rank": 1, "stage": "optimizer_step", "timeout_sec": 30.0, "ts": "2026-10-04 14:58:20"}
[DBG] {"category": "TRAIN", "component": "train", "cuda_device": 1, "event": "batch_on_device", "group_ids": ["d9e9b6c40e5b481c86bc7a89b55b9f6a", "8219b8140bd3461aa698b1b435cfa861"], "host": "d6b2a058c4be", "max_mem_allocated": 1039477760, "mem_allocated": 494233088, "mem_reserved": 1159725056, "micro_idx": 0, "pid": 108787, "rank": 1, "tensors": {"attention_mask": {"device": "cuda:1", "dtype": "torch.int64", "shape": [4, 209]}, "input_ids": {"device": "cuda:1", "dtype": "torch.int64", "shape": [4, 209]}, "ref_logps": {"device": "cuda:1", "dtype": "torch.bfloat16", "shape": [4]}, "response_mask": {"device": "cuda:1", "dtype": "torch.bfloat16", "shape": [4, 209]}}, "ts": "2026-10-04 14:58:20"}
[DBG] {"category": "FSDP", "component": "train", "cuda_device": 1, "event": "BEGIN:cuda_sync:before_forward", "group_ids": ["d9e9b6c40e5b481c86bc7a89b55b9f6a", "8219b8140bd3461aa698b1b435cfa861"], "host": "d6b2a058c4be", "max_mem_allocated": 1039477760, "mem_allocated": 494233088, "mem_reserved": 1159725056, "micro_idx": 0, "pid": 108787, "rank": 1, "ts": "2026-10-04 14:58:20"}
[DBG] {"category": "FSDP", "component": "train", "event": "watchdog_armed", "host": "d6b2a058c4be", "pid": 108787, "rank": 1, "stage": "cuda_sync:before_forward", "timeout_sec": 30.0, "ts": "2026-10-04 14:58:20"}
[DBG] {"category": "FSDP", "component": "train", "elapsed_sec": 0.000991, "event": "END:cuda_sync:before_forward", "host": "d6b2a058c4be", "pid": 108787, "rank": 1, "ts": "2026-10-04 14:58:20"}
[DBG] {"category": "TRAIN", "component": "train", "event": "watchdog_armed", "host": "d6b2a058c4be", "pid": 108787, "rank": 1, "stage": "optimizer_step", "timeout_sec": 30.0, "ts": "2026-10-04 14:58:20"}
[DBG] {"category": "FSDP", "component": "train", "cuda_device": 1, "event": "forward_call_about_to_enter", "group_ids": ["d9e9b6c40e5b481c86bc7a89b55b9f6a", "8219b8140bd3461aa698b1b435cfa861"], "host": "d6b2a058c4be", "max_mem_allocated": 1039477760, "mem_allocated": 494233088, "mem_reserved": 1159725056, "micro_idx": 0, "model_class": "FullyShardedDataParallel", "pid": 108787, "rank": 1, "ts": "2026-10-04 14:58:20"}
[DBG] {"category": "FSDP", "component": "train", "event": "BEGIN:forward", "group_ids": ["d9e9b6c40e5b481c86bc7a89b55b9f6a", "8219b8140bd3461aa698b1b435cfa861"], "host": "d6b2a058c4be", "micro_idx": 0, "pid": 108787, "rank": 1, "ts": "2026-10-04 14:58:20"}
[DBG] {"category": "FSDP", "component": "train", "event": "watchdog_armed", "host": "d6b2a058c4be", "pid": 108787, "rank": 1, "stage": "forward", "timeout_sec": 30.0, "ts": "2026-10-04 14:58:20"}
[DBG] {"category": "FSDP", "component": "train", "cuda_device": 1, "event": "module_enter", "host": "d6b2a058c4be", "is_fsdp": true, "max_mem_allocated": 1039477760, "mem_allocated": 494233088, "mem_reserved": 1159725056, "module": "<root>", "module_class": "FullyShardedDataParallel", "pid": 108787, "rank": 1, "ts": "2026-10-04 14:58:20"}
