[DBG] {"category": "TRAIN", "component": "train", "event": "worker_entry", "host": "d6b2a058c4be", "pid": 194534, "rank": 1, "ts": "2026-10-04 16:14:56"}
[DBG] {"CUDA_VISIBLE_DEVICES": "1,2", "LOCAL_RANK": "1", "MASTER_ADDR": "172.20.0.2", "MASTER_PORT": "42195", "RANK": "1", "WORLD_SIZE": "2", "category": "TRAIN", "component": "train", "cuda_available": true, "cuda_device_count": 2, "current_device": 1, "device": "cuda:1", "event": "environment", "host": "d6b2a058c4be", "local_rank": 1, "local_world": 2, "node_rank": 0, "pid": 194534, "rank": 1, "torch": "2.13.0+cu130", "ts": "2026-10-04 16:14:56", "world": 2}
[DBG] {"category": "TRAIN", "component": "train", "event": "trainer_init", "global_batch_size": 4, "gradient_accumulation_steps": 1, "host": "d6b2a058c4be", "per_rank_batch_size": 2, "pid": 194534, "rank": 1, "sharding_strategy": "hybrid_shard", "ts": "2026-10-04 16:14:56"}
[DBG] {"category": "TRAIN", "component": "train", "event": "BEGIN:setup", "host": "d6b2a058c4be", "pid": 194534, "rank": 1, "ts": "2026-10-04 16:14:56"}
[DBG] {"category": "TRAIN", "component": "train", "event": "watchdog_armed", "host": "d6b2a058c4be", "pid": 194534, "rank": 1, "stage": "setup", "timeout_sec": 30.0, "ts": "2026-10-04 16:14:56"}
[DBG] {"category": "FSDP", "component": "train", "event": "BEGIN:hybrid_topology_check", "host": "d6b2a058c4be", "local_world": 2, "node_rank": 0, "pid": 194534, "rank": 1, "ts": "2026-10-04 16:14:56", "world": 2}
[DBG] {"category": "FSDP", "component": "train", "event": "watchdog_armed", "host": "d6b2a058c4be", "pid": 194534, "rank": 1, "stage": "hybrid_topology_check", "timeout_sec": 30.0, "ts": "2026-10-04 16:14:56"}
[DBG] {"category": "FSDP", "component": "train", "current_cuda_device": 1, "event": "topology_local_check", "host": "d6b2a058c4be", "local_world": 2, "node_rank": 0, "note": "collective topology probe intentionally skipped; FSDP owns group setup", "pid": 194534, "rank": 1, "ts": "2026-10-04 16:14:56", "world": 2}
[DBG] {"category": "FSDP", "component": "train", "elapsed_sec": 0.000494, "event": "END:hybrid_topology_check", "host": "d6b2a058c4be", "pid": 194534, "rank": 1, "ts": "2026-10-04 16:14:56"}
[DBG] {"category": "TRAIN", "component": "train", "event": "watchdog_armed", "host": "d6b2a058c4be", "pid": 194534, "rank": 1, "stage": "setup", "timeout_sec": 30.0, "ts": "2026-10-04 16:14:56"}
[DBG] {"backend": "gloo", "category": "TRAIN", "component": "train", "event": "BEGIN:control_group_create", "host": "d6b2a058c4be", "pid": 194534, "rank": 1, "ts": "2026-10-04 16:14:56"}
[DBG] {"category": "TRAIN", "component": "train", "event": "watchdog_armed", "host": "d6b2a058c4be", "pid": 194534, "rank": 1, "stage": "control_group_create", "timeout_sec": 30.0, "ts": "2026-10-04 16:14:56"}
[DBG] {"category": "TRAIN", "component": "train", "elapsed_sec": 0.002929, "event": "END:control_group_create", "host": "d6b2a058c4be", "pid": 194534, "rank": 1, "ts": "2026-10-04 16:14:56"}
[DBG] {"category": "TRAIN", "component": "train", "event": "watchdog_armed", "host": "d6b2a058c4be", "pid": 194534, "rank": 1, "stage": "setup", "timeout_sec": 30.0, "ts": "2026-10-04 16:14:56"}
[DBG] {"category": "TRAIN", "component": "train", "event": "BEGIN:tokenizer_load", "host": "d6b2a058c4be", "model": "Qwen/Qwen2.5-0.5B-Instruct", "pid": 194534, "rank": 1, "ts": "2026-10-04 16:14:56"}
[DBG] {"category": "TRAIN", "component": "train", "event": "watchdog_armed", "host": "d6b2a058c4be", "pid": 194534, "rank": 1, "stage": "tokenizer_load", "timeout_sec": 30.0, "ts": "2026-10-04 16:14:56"}
[DBG] {"category": "TRAIN", "component": "train", "elapsed_sec": 1.139008, "event": "END:tokenizer_load", "host": "d6b2a058c4be", "pid": 194534, "rank": 1, "ts": "2026-10-04 16:14:57"}
[DBG] {"category": "TRAIN", "component": "train", "event": "watchdog_armed", "host": "d6b2a058c4be", "pid": 194534, "rank": 1, "stage": "setup", "timeout_sec": 30.0, "ts": "2026-10-04 16:14:57"}
[DBG] {"category": "TRAIN", "component": "train", "dtype": "torch.bfloat16", "event": "BEGIN:model_load_cpu", "host": "d6b2a058c4be", "model": "Qwen/Qwen2.5-0.5B-Instruct", "pid": 194534, "rank": 1, "ts": "2026-10-04 16:14:57"}
[DBG] {"category": "TRAIN", "component": "train", "event": "watchdog_armed", "host": "d6b2a058c4be", "pid": 194534, "rank": 1, "stage": "model_load_cpu", "timeout_sec": 30.0, "ts": "2026-10-04 16:14:57"}
[DBG] {"category": "TRAIN", "component": "train", "elapsed_sec": 0.549706, "event": "END:model_load_cpu", "host": "d6b2a058c4be", "pid": 194534, "rank": 1, "ts": "2026-10-04 16:14:58"}
[DBG] {"category": "TRAIN", "component": "train", "event": "watchdog_armed", "host": "d6b2a058c4be", "pid": 194534, "rank": 1, "stage": "setup", "timeout_sec": 30.0, "ts": "2026-10-04 16:14:58"}
[DBG] {"category": "TRAIN", "component": "train", "event": "BEGIN:gradient_checkpointing_enable", "host": "d6b2a058c4be", "pid": 194534, "rank": 1, "ts": "2026-10-04 16:14:58"}
[DBG] {"category": "TRAIN", "component": "train", "event": "watchdog_armed", "host": "d6b2a058c4be", "pid": 194534, "rank": 1, "stage": "gradient_checkpointing_enable", "timeout_sec": 30.0, "ts": "2026-10-04 16:14:58"}
[DBG] {"category": "TRAIN", "component": "train", "elapsed_sec": 0.003952, "event": "END:gradient_checkpointing_enable", "host": "d6b2a058c4be", "pid": 194534, "rank": 1, "ts": "2026-10-04 16:14:58"}
[DBG] {"category": "TRAIN", "component": "train", "event": "watchdog_armed", "host": "d6b2a058c4be", "pid": 194534, "rank": 1, "stage": "setup", "timeout_sec": 30.0, "ts": "2026-10-04 16:14:58"}
[DBG] {"category": "FSDP", "component": "train", "event": "BEGIN:install_internal_runtime_debug", "host": "d6b2a058c4be", "pid": 194534, "rank": 1, "ts": "2026-10-04 16:14:58"}
[DBG] {"category": "FSDP", "component": "train", "event": "watchdog_armed", "host": "d6b2a058c4be", "pid": 194534, "rank": 1, "stage": "install_internal_runtime_debug", "timeout_sec": 30.0, "ts": "2026-10-04 16:14:58"}
[DBG] {"category": "FSDP", "component": "train", "event": "cuda_stream_event_debug_ready", "host": "d6b2a058c4be", "pid": 194534, "rank": 1, "ts": "2026-10-04 16:14:58"}
[DBG] {"category": "FSDP", "collectives": ["all_gather_into_tensor", "all_gather"], "component": "train", "event": "fsdp_internal_debug_ready", "fsdp_forward_aliases": ["_root_pre_forward", "_pre_forward", "_pre_forward_unshard", "_post_forward", "_post_forward_reshard"], "handle_methods": ["pre_unshard", "_alloc_padded_unsharded_flat_param", "unshard", "_all_gather_flat_param", "_use_unsharded_flat_param", "post_unshard"], "host": "d6b2a058c4be", "pid": 194534, "post_unshard_helpers": ["_prefetch_handle", "_register_post_backward_hook", "_register_post_backward_reshard_only_hook", "_cast_forward_inputs", "_root_cast_forward_input", "_to_kwargs", "_reset_flat_param_grad_info_if_needed"], "rank": 1, "runtime_functions": ["_root_pre_forward", "_lazy_init", "_init_streams", "_share_state_and_init_handle_attrs", "_wait_for_computation_stream", "_pre_forward", "_pre_forward_unshard", "_unshard"], "ts": "2026-10-04 16:14:58"}
[DBG] {"category": "FSDP", "component": "train", "elapsed_sec": 0.001169, "event": "END:install_internal_runtime_debug", "host": "d6b2a058c4be", "pid": 194534, "rank": 1, "ts": "2026-10-04 16:14:58"}
[DBG] {"category": "TRAIN", "component": "train", "event": "watchdog_armed", "host": "d6b2a058c4be", "pid": 194534, "rank": 1, "stage": "setup", "timeout_sec": 30.0, "ts": "2026-10-04 16:14:58"}
[DBG] {"category": "FSDP", "component": "train", "event": "BEGIN:find_transformer_layers", "host": "d6b2a058c4be", "pid": 194534, "rank": 1, "ts": "2026-10-04 16:14:58"}
[DBG] {"category": "FSDP", "component": "train", "event": "watchdog_armed", "host": "d6b2a058c4be", "pid": 194534, "rank": 1, "stage": "find_transformer_layers", "timeout_sec": 30.0, "ts": "2026-10-04 16:14:58"}
[DBG] {"category": "FSDP", "component": "train", "elapsed_sec": 0.001482, "event": "END:find_transformer_layers", "host": "d6b2a058c4be", "pid": 194534, "rank": 1, "ts": "2026-10-04 16:14:58"}
[DBG] {"category": "TRAIN", "component": "train", "event": "watchdog_armed", "host": "d6b2a058c4be", "pid": 194534, "rank": 1, "stage": "setup", "timeout_sec": 30.0, "ts": "2026-10-04 16:14:58"}
[DBG] {"category": "FSDP", "component": "train", "event": "sharding_strategy_resolved", "host": "d6b2a058c4be", "local_world": 2, "pid": 194534, "rank": 1, "reason": "single_node_world_equals_local_world", "requested": "hybrid_shard", "resolved": "full_shard", "ts": "2026-10-04 16:14:58", "world": 2}
[DBG] {"category": "FSDP", "component": "train", "device": "cuda:1", "event": "wrap_config", "host": "d6b2a058c4be", "pid": 194534, "rank": 1, "strategy": "ShardingStrategy.FULL_SHARD", "transformer_layers": ["Qwen2DecoderLayer"], "ts": "2026-10-04 16:14:58"}
[DBG] {"category": "FSDP", "component": "train", "device": "cuda:1", "event": "BEGIN:fsdp_wrap", "host": "d6b2a058c4be", "pid": 194534, "rank": 1, "strategy": "hybrid_shard", "ts": "2026-10-04 16:14:58"}
[DBG] {"category": "FSDP", "component": "train", "event": "watchdog_armed", "host": "d6b2a058c4be", "pid": 194534, "rank": 1, "stage": "fsdp_wrap", "timeout_sec": 30.0, "ts": "2026-10-04 16:14:58"}
[DBG] {"category": "FSDP", "component": "train", "elapsed_sec": 0.291423, "event": "END:fsdp_wrap", "host": "d6b2a058c4be", "pid": 194534, "rank": 1, "ts": "2026-10-04 16:14:58"}
[DBG] {"category": "TRAIN", "component": "train", "event": "watchdog_armed", "host": "d6b2a058c4be", "pid": 194534, "rank": 1, "stage": "setup", "timeout_sec": 30.0, "ts": "2026-10-04 16:14:58"}
[DBG] {"category": "FSDP", "component": "train", "event": "BEGIN:install_forward_debug_hooks", "host": "d6b2a058c4be", "pid": 194534, "rank": 1, "ts": "2026-10-04 16:14:58"}
[DBG] {"category": "FSDP", "component": "train", "event": "watchdog_armed", "host": "d6b2a058c4be", "pid": 194534, "rank": 1, "stage": "install_forward_debug_hooks", "timeout_sec": 30.0, "ts": "2026-10-04 16:14:58"}
[DBG] {"category": "FSDP", "component": "train", "event": "forward_debug_hooks_ready", "host": "d6b2a058c4be", "pid": 194534, "rank": 1, "traced_modules": 49, "transformer_classes": ["Qwen2DecoderLayer"], "ts": "2026-10-04 16:14:58"}
[DBG] {"category": "FSDP", "component": "train", "elapsed_sec": 0.001228, "event": "END:install_forward_debug_hooks", "host": "d6b2a058c4be", "pid": 194534, "rank": 1, "ts": "2026-10-04 16:14:58"}
[DBG] {"category": "TRAIN", "component": "train", "event": "watchdog_armed", "host": "d6b2a058c4be", "pid": 194534, "rank": 1, "stage": "setup", "timeout_sec": 30.0, "ts": "2026-10-04 16:14:58"}
[DBG] {"category": "TRAIN", "component": "train", "event": "BEGIN:bf16_parameter_check", "host": "d6b2a058c4be", "pid": 194534, "rank": 1, "ts": "2026-10-04 16:14:58"}
[DBG] {"category": "TRAIN", "component": "train", "event": "watchdog_armed", "host": "d6b2a058c4be", "pid": 194534, "rank": 1, "stage": "bf16_parameter_check", "timeout_sec": 30.0, "ts": "2026-10-04 16:14:58"}
[DBG] {"category": "TRAIN", "component": "train", "elapsed_sec": 0.000976, "event": "END:bf16_parameter_check", "host": "d6b2a058c4be", "pid": 194534, "rank": 1, "ts": "2026-10-04 16:14:58"}
[DBG] {"category": "TRAIN", "component": "train", "event": "watchdog_armed", "host": "d6b2a058c4be", "pid": 194534, "rank": 1, "stage": "setup", "timeout_sec": 30.0, "ts": "2026-10-04 16:14:58"}
[DBG] {"category": "TRAIN", "component": "train", "event": "BEGIN:optimizer_create", "host": "d6b2a058c4be", "pid": 194534, "rank": 1, "ts": "2026-10-04 16:14:58"}
[DBG] {"category": "TRAIN", "component": "train", "event": "watchdog_armed", "host": "d6b2a058c4be", "pid": 194534, "rank": 1, "stage": "optimizer_create", "timeout_sec": 30.0, "ts": "2026-10-04 16:14:58"}
[DBG] {"category": "TRAIN", "component": "train", "elapsed_sec": 0.001024, "event": "END:optimizer_create", "host": "d6b2a058c4be", "pid": 194534, "rank": 1, "ts": "2026-10-04 16:14:58"}
[DBG] {"category": "TRAIN", "component": "train", "event": "watchdog_armed", "host": "d6b2a058c4be", "pid": 194534, "rank": 1, "stage": "setup", "timeout_sec": 30.0, "ts": "2026-10-04 16:14:58"}
[DBG] {"category": "TRAIN", "component": "train", "event": "setup_done", "host": "d6b2a058c4be", "model_type": "FullyShardedDataParallel", "pid": 194534, "rank": 1, "ts": "2026-10-04 16:14:58"}
[DBG] {"category": "TRAIN", "component": "train", "elapsed_sec": 1.998039, "event": "END:setup", "host": "d6b2a058c4be", "pid": 194534, "rank": 1, "ts": "2026-10-04 16:14:58"}
[DBG] {"category": "TRAIN", "component": "train", "event": "train_loop_ready", "host": "d6b2a058c4be", "pid": 194534, "rank": 1, "ts": "2026-10-04 16:14:58"}
[DBG] {"category": "TRAIN", "component": "train", "event": "BEGIN:broadcast_stop_flag", "host": "d6b2a058c4be", "pid": 194534, "rank": 1, "transport": "gloo_cpu", "ts": "2026-10-04 16:14:58", "value": null}
[DBG] {"category": "TRAIN", "component": "train", "event": "watchdog_armed", "host": "d6b2a058c4be", "pid": 194534, "rank": 1, "stage": "broadcast_stop_flag", "timeout_sec": 30.0, "ts": "2026-10-04 16:14:58"}
[DBG] {"category": "TRAIN", "component": "train", "elapsed_sec": 0.173021, "event": "END:broadcast_stop_flag", "host": "d6b2a058c4be", "pid": 194534, "rank": 1, "ts": "2026-10-04 16:14:58"}
[DBG] {"category": "TRAIN", "component": "train", "event": "BEGIN:broadcast_preference_payload", "has_payload": null, "host": "d6b2a058c4be", "pid": 194534, "rank": 1, "transport": "json_uint8_gloo", "ts": "2026-10-04 16:14:58"}
[DBG] {"category": "TRAIN", "component": "train", "event": "watchdog_armed", "host": "d6b2a058c4be", "pid": 194534, "rank": 1, "stage": "broadcast_preference_payload", "timeout_sec": 30.0, "ts": "2026-10-04 16:14:58"}
[DBG] {"bytes": null, "category": "TRAIN", "component": "train", "event": "BEGIN:broadcast_preference_length", "host": "d6b2a058c4be", "pid": 194534, "rank": 1, "transport": "gloo_cpu", "ts": "2026-10-04 16:14:58"}
[DBG] {"category": "TRAIN", "component": "train", "event": "watchdog_armed", "host": "d6b2a058c4be", "pid": 194534, "rank": 1, "stage": "broadcast_preference_length", "timeout_sec": 30.0, "ts": "2026-10-04 16:14:58"}
[DBG] {"category": "TRAIN", "component": "train", "elapsed_sec": 0.017729, "event": "END:broadcast_preference_length", "host": "d6b2a058c4be", "pid": 194534, "rank": 1, "ts": "2026-10-04 16:14:58"}
[DBG] {"category": "TRAIN", "component": "train", "event": "watchdog_armed", "host": "d6b2a058c4be", "pid": 194534, "rank": 1, "stage": "broadcast_preference_payload", "timeout_sec": 30.0, "ts": "2026-10-04 16:14:58"}
[DBG] {"category": "TRAIN", "component": "train", "elapsed_sec": 0.019019, "event": "END:broadcast_preference_payload", "host": "d6b2a058c4be", "pid": 194534, "rank": 1, "ts": "2026-10-04 16:14:58"}
[DBG] {"category": "TRAIN", "component": "train", "event": "BEGIN:broadcast_stop_flag", "host": "d6b2a058c4be", "pid": 194534, "rank": 1, "transport": "gloo_cpu", "ts": "2026-10-04 16:14:59", "value": null}
[DBG] {"category": "TRAIN", "component": "train", "event": "watchdog_armed", "host": "d6b2a058c4be", "pid": 194534, "rank": 1, "stage": "broadcast_stop_flag", "timeout_sec": 30.0, "ts": "2026-10-04 16:14:59"}
[DBG] {"category": "TRAIN", "component": "train", "elapsed_sec": 0.005894, "event": "END:broadcast_stop_flag", "host": "d6b2a058c4be", "pid": 194534, "rank": 1, "ts": "2026-10-04 16:14:59"}
[DBG] {"category": "TRAIN", "component": "train", "event": "BEGIN:broadcast_preference_payload", "has_payload": null, "host": "d6b2a058c4be", "pid": 194534, "rank": 1, "transport": "json_uint8_gloo", "ts": "2026-10-04 16:14:59"}
[DBG] {"category": "TRAIN", "component": "train", "event": "watchdog_armed", "host": "d6b2a058c4be", "pid": 194534, "rank": 1, "stage": "broadcast_preference_payload", "timeout_sec": 30.0, "ts": "2026-10-04 16:14:59"}
[DBG] {"bytes": null, "category": "TRAIN", "component": "train", "event": "BEGIN:broadcast_preference_length", "host": "d6b2a058c4be", "pid": 194534, "rank": 1, "transport": "gloo_cpu", "ts": "2026-10-04 16:14:59"}
[DBG] {"category": "TRAIN", "component": "train", "event": "watchdog_armed", "host": "d6b2a058c4be", "pid": 194534, "rank": 1, "stage": "broadcast_preference_length", "timeout_sec": 30.0, "ts": "2026-10-04 16:14:59"}
[DBG] {"category": "TRAIN", "component": "train", "elapsed_sec": 0.018776, "event": "END:broadcast_preference_length", "host": "d6b2a058c4be", "pid": 194534, "rank": 1, "ts": "2026-10-04 16:14:59"}
[DBG] {"category": "TRAIN", "component": "train", "event": "watchdog_armed", "host": "d6b2a058c4be", "pid": 194534, "rank": 1, "stage": "broadcast_preference_payload", "timeout_sec": 30.0, "ts": "2026-10-04 16:14:59"}
[DBG] {"category": "TRAIN", "component": "train", "elapsed_sec": 0.020167, "event": "END:broadcast_preference_payload", "host": "d6b2a058c4be", "pid": 194534, "rank": 1, "ts": "2026-10-04 16:14:59"}
[DBG] {"category": "TRAIN", "component": "train", "event": "BEGIN:broadcast_stop_flag", "host": "d6b2a058c4be", "pid": 194534, "rank": 1, "transport": "gloo_cpu", "ts": "2026-10-04 16:14:59", "value": null}
[DBG] {"category": "TRAIN", "component": "train", "event": "watchdog_armed", "host": "d6b2a058c4be", "pid": 194534, "rank": 1, "stage": "broadcast_stop_flag", "timeout_sec": 30.0, "ts": "2026-10-04 16:14:59"}
[DBG] {"category": "TRAIN", "component": "train", "elapsed_sec": 0.007992, "event": "END:broadcast_stop_flag", "host": "d6b2a058c4be", "pid": 194534, "rank": 1, "ts": "2026-10-04 16:14:59"}
[DBG] {"category": "TRAIN", "component": "train", "event": "BEGIN:broadcast_preference_payload", "has_payload": null, "host": "d6b2a058c4be", "pid": 194534, "rank": 1, "transport": "json_uint8_gloo", "ts": "2026-10-04 16:14:59"}
[DBG] {"category": "TRAIN", "component": "train", "event": "watchdog_armed", "host": "d6b2a058c4be", "pid": 194534, "rank": 1, "stage": "broadcast_preference_payload", "timeout_sec": 30.0, "ts": "2026-10-04 16:14:59"}
[DBG] {"bytes": null, "category": "TRAIN", "component": "train", "event": "BEGIN:broadcast_preference_length", "host": "d6b2a058c4be", "pid": 194534, "rank": 1, "transport": "gloo_cpu", "ts": "2026-10-04 16:14:59"}
[DBG] {"category": "TRAIN", "component": "train", "event": "watchdog_armed", "host": "d6b2a058c4be", "pid": 194534, "rank": 1, "stage": "broadcast_preference_length", "timeout_sec": 30.0, "ts": "2026-10-04 16:14:59"}
[DBG] {"category": "TRAIN", "component": "train", "elapsed_sec": 0.019088, "event": "END:broadcast_preference_length", "host": "d6b2a058c4be", "pid": 194534, "rank": 1, "ts": "2026-10-04 16:14:59"}
[DBG] {"category": "TRAIN", "component": "train", "event": "watchdog_armed", "host": "d6b2a058c4be", "pid": 194534, "rank": 1, "stage": "broadcast_preference_payload", "timeout_sec": 30.0, "ts": "2026-10-04 16:14:59"}
[DBG] {"category": "TRAIN", "component": "train", "elapsed_sec": 0.020406, "event": "END:broadcast_preference_payload", "host": "d6b2a058c4be", "pid": 194534, "rank": 1, "ts": "2026-10-04 16:14:59"}
[DBG] {"category": "TRAIN", "component": "train", "event": "BEGIN:broadcast_stop_flag", "host": "d6b2a058c4be", "pid": 194534, "rank": 1, "transport": "gloo_cpu", "ts": "2026-10-04 16:15:00", "value": null}
[DBG] {"category": "TRAIN", "component": "train", "event": "watchdog_armed", "host": "d6b2a058c4be", "pid": 194534, "rank": 1, "stage": "broadcast_stop_flag", "timeout_sec": 30.0, "ts": "2026-10-04 16:15:00"}
[DBG] {"category": "TRAIN", "component": "train", "elapsed_sec": 0.006202, "event": "END:broadcast_stop_flag", "host": "d6b2a058c4be", "pid": 194534, "rank": 1, "ts": "2026-10-04 16:15:00"}
[DBG] {"category": "TRAIN", "component": "train", "event": "BEGIN:broadcast_preference_payload", "has_payload": null, "host": "d6b2a058c4be", "pid": 194534, "rank": 1, "transport": "json_uint8_gloo", "ts": "2026-10-04 16:15:00"}
[DBG] {"category": "TRAIN", "component": "train", "event": "watchdog_armed", "host": "d6b2a058c4be", "pid": 194534, "rank": 1, "stage": "broadcast_preference_payload", "timeout_sec": 30.0, "ts": "2026-10-04 16:15:00"}
[DBG] {"bytes": null, "category": "TRAIN", "component": "train", "event": "BEGIN:broadcast_preference_length", "host": "d6b2a058c4be", "pid": 194534, "rank": 1, "transport": "gloo_cpu", "ts": "2026-10-04 16:15:00"}
[DBG] {"category": "TRAIN", "component": "train", "event": "watchdog_armed", "host": "d6b2a058c4be", "pid": 194534, "rank": 1, "stage": "broadcast_preference_length", "timeout_sec": 30.0, "ts": "2026-10-04 16:15:00"}
[DBG] {"category": "TRAIN", "component": "train", "elapsed_sec": 0.014722, "event": "END:broadcast_preference_length", "host": "d6b2a058c4be", "pid": 194534, "rank": 1, "ts": "2026-10-04 16:15:00"}
[DBG] {"category": "TRAIN", "component": "train", "event": "watchdog_armed", "host": "d6b2a058c4be", "pid": 194534, "rank": 1, "stage": "broadcast_preference_payload", "timeout_sec": 30.0, "ts": "2026-10-04 16:15:00"}
[DBG] {"category": "TRAIN", "component": "train", "elapsed_sec": 0.016055, "event": "END:broadcast_preference_payload", "host": "d6b2a058c4be", "pid": 194534, "rank": 1, "ts": "2026-10-04 16:15:00"}
[DBG] {"category": "TRAIN", "component": "train", "event": "BEGIN:broadcast_stop_flag", "host": "d6b2a058c4be", "pid": 194534, "rank": 1, "transport": "gloo_cpu", "ts": "2026-10-04 16:15:00", "value": null}
[DBG] {"category": "TRAIN", "component": "train", "event": "watchdog_armed", "host": "d6b2a058c4be", "pid": 194534, "rank": 1, "stage": "broadcast_stop_flag", "timeout_sec": 30.0, "ts": "2026-10-04 16:15:00"}
[DBG] {"category": "TRAIN", "component": "train", "elapsed_sec": 0.006865, "event": "END:broadcast_stop_flag", "host": "d6b2a058c4be", "pid": 194534, "rank": 1, "ts": "2026-10-04 16:15:00"}
[DBG] {"category": "TRAIN", "component": "train", "event": "BEGIN:broadcast_preference_payload", "has_payload": null, "host": "d6b2a058c4be", "pid": 194534, "rank": 1, "transport": "json_uint8_gloo", "ts": "2026-10-04 16:15:00"}
[DBG] {"category": "TRAIN", "component": "train", "event": "watchdog_armed", "host": "d6b2a058c4be", "pid": 194534, "rank": 1, "stage": "broadcast_preference_payload", "timeout_sec": 30.0, "ts": "2026-10-04 16:15:00"}
[DBG] {"bytes": null, "category": "TRAIN", "component": "train", "event": "BEGIN:broadcast_preference_length", "host": "d6b2a058c4be", "pid": 194534, "rank": 1, "transport": "gloo_cpu", "ts": "2026-10-04 16:15:00"}
[DBG] {"category": "TRAIN", "component": "train", "event": "watchdog_armed", "host": "d6b2a058c4be", "pid": 194534, "rank": 1, "stage": "broadcast_preference_length", "timeout_sec": 30.0, "ts": "2026-10-04 16:15:00"}
[DBG] {"category": "TRAIN", "component": "train", "elapsed_sec": 0.018261, "event": "END:broadcast_preference_length", "host": "d6b2a058c4be", "pid": 194534, "rank": 1, "ts": "2026-10-04 16:15:00"}
[DBG] {"category": "TRAIN", "component": "train", "event": "watchdog_armed", "host": "d6b2a058c4be", "pid": 194534, "rank": 1, "stage": "broadcast_preference_payload", "timeout_sec": 30.0, "ts": "2026-10-04 16:15:00"}
[DBG] {"category": "TRAIN", "component": "train", "elapsed_sec": 0.019585, "event": "END:broadcast_preference_payload", "host": "d6b2a058c4be", "pid": 194534, "rank": 1, "ts": "2026-10-04 16:15:00"}
[DBG] {"category": "TRAIN", "component": "train", "event": "BEGIN:broadcast_stop_flag", "host": "d6b2a058c4be", "pid": 194534, "rank": 1, "transport": "gloo_cpu", "ts": "2026-10-04 16:15:01", "value": null}
[DBG] {"category": "TRAIN", "component": "train", "event": "watchdog_armed", "host": "d6b2a058c4be", "pid": 194534, "rank": 1, "stage": "broadcast_stop_flag", "timeout_sec": 30.0, "ts": "2026-10-04 16:15:01"}
[DBG] {"category": "TRAIN", "component": "train", "elapsed_sec": 0.00695, "event": "END:broadcast_stop_flag", "host": "d6b2a058c4be", "pid": 194534, "rank": 1, "ts": "2026-10-04 16:15:01"}
[DBG] {"category": "TRAIN", "component": "train", "event": "BEGIN:broadcast_preference_payload", "has_payload": null, "host": "d6b2a058c4be", "pid": 194534, "rank": 1, "transport": "json_uint8_gloo", "ts": "2026-10-04 16:15:01"}
[DBG] {"category": "TRAIN", "component": "train", "event": "watchdog_armed", "host": "d6b2a058c4be", "pid": 194534, "rank": 1, "stage": "broadcast_preference_payload", "timeout_sec": 30.0, "ts": "2026-10-04 16:15:01"}
[DBG] {"bytes": null, "category": "TRAIN", "component": "train", "event": "BEGIN:broadcast_preference_length", "host": "d6b2a058c4be", "pid": 194534, "rank": 1, "transport": "gloo_cpu", "ts": "2026-10-04 16:15:01"}
[DBG] {"category": "TRAIN", "component": "train", "event": "watchdog_armed", "host": "d6b2a058c4be", "pid": 194534, "rank": 1, "stage": "broadcast_preference_length", "timeout_sec": 30.0, "ts": "2026-10-04 16:15:01"}
[DBG] {"category": "TRAIN", "component": "train", "elapsed_sec": 0.017277, "event": "END:broadcast_preference_length", "host": "d6b2a058c4be", "pid": 194534, "rank": 1, "ts": "2026-10-04 16:15:01"}
[DBG] {"category": "TRAIN", "component": "train", "event": "watchdog_armed", "host": "d6b2a058c4be", "pid": 194534, "rank": 1, "stage": "broadcast_preference_payload", "timeout_sec": 30.0, "ts": "2026-10-04 16:15:01"}
[DBG] {"category": "TRAIN", "component": "train", "elapsed_sec": 0.018466, "event": "END:broadcast_preference_payload", "host": "d6b2a058c4be", "pid": 194534, "rank": 1, "ts": "2026-10-04 16:15:01"}
[DBG] {"category": "TRAIN", "component": "train", "event": "BEGIN:broadcast_stop_flag", "host": "d6b2a058c4be", "pid": 194534, "rank": 1, "transport": "gloo_cpu", "ts": "2026-10-04 16:15:01", "value": null}
[DBG] {"category": "TRAIN", "component": "train", "event": "watchdog_armed", "host": "d6b2a058c4be", "pid": 194534, "rank": 1, "stage": "broadcast_stop_flag", "timeout_sec": 30.0, "ts": "2026-10-04 16:15:01"}
[DBG] {"category": "TRAIN", "component": "train", "elapsed_sec": 0.007927, "event": "END:broadcast_stop_flag", "host": "d6b2a058c4be", "pid": 194534, "rank": 1, "ts": "2026-10-04 16:15:01"}
[DBG] {"category": "TRAIN", "component": "train", "event": "BEGIN:broadcast_preference_payload", "has_payload": null, "host": "d6b2a058c4be", "pid": 194534, "rank": 1, "transport": "json_uint8_gloo", "ts": "2026-10-04 16:15:01"}
[DBG] {"category": "TRAIN", "component": "train", "event": "watchdog_armed", "host": "d6b2a058c4be", "pid": 194534, "rank": 1, "stage": "broadcast_preference_payload", "timeout_sec": 30.0, "ts": "2026-10-04 16:15:01"}
[DBG] {"bytes": null, "category": "TRAIN", "component": "train", "event": "BEGIN:broadcast_preference_length", "host": "d6b2a058c4be", "pid": 194534, "rank": 1, "transport": "gloo_cpu", "ts": "2026-10-04 16:15:01"}
[DBG] {"category": "TRAIN", "component": "train", "event": "watchdog_armed", "host": "d6b2a058c4be", "pid": 194534, "rank": 1, "stage": "broadcast_preference_length", "timeout_sec": 30.0, "ts": "2026-10-04 16:15:01"}
[DBG] {"category": "TRAIN", "component": "train", "elapsed_sec": 0.016392, "event": "END:broadcast_preference_length", "host": "d6b2a058c4be", "pid": 194534, "rank": 1, "ts": "2026-10-04 16:15:01"}
[DBG] {"category": "TRAIN", "component": "train", "event": "watchdog_armed", "host": "d6b2a058c4be", "pid": 194534, "rank": 1, "stage": "broadcast_preference_payload", "timeout_sec": 30.0, "ts": "2026-10-04 16:15:01"}
[DBG] {"category": "TRAIN", "component": "train", "elapsed_sec": 0.017679, "event": "END:broadcast_preference_payload", "host": "d6b2a058c4be", "pid": 194534, "rank": 1, "ts": "2026-10-04 16:15:01"}
[DBG] {"category": "TRAIN", "component": "train", "event": "BEGIN:broadcast_stop_flag", "host": "d6b2a058c4be", "pid": 194534, "rank": 1, "transport": "gloo_cpu", "ts": "2026-10-04 16:15:02", "value": null}
[DBG] {"category": "TRAIN", "component": "train", "event": "watchdog_armed", "host": "d6b2a058c4be", "pid": 194534, "rank": 1, "stage": "broadcast_stop_flag", "timeout_sec": 30.0, "ts": "2026-10-04 16:15:02"}
[DBG] {"category": "TRAIN", "component": "train", "elapsed_sec": 0.008318, "event": "END:broadcast_stop_flag", "host": "d6b2a058c4be", "pid": 194534, "rank": 1, "ts": "2026-10-04 16:15:02"}
[DBG] {"category": "TRAIN", "component": "train", "event": "BEGIN:broadcast_preference_payload", "has_payload": null, "host": "d6b2a058c4be", "pid": 194534, "rank": 1, "transport": "json_uint8_gloo", "ts": "2026-10-04 16:15:02"}
[DBG] {"category": "TRAIN", "component": "train", "event": "watchdog_armed", "host": "d6b2a058c4be", "pid": 194534, "rank": 1, "stage": "broadcast_preference_payload", "timeout_sec": 30.0, "ts": "2026-10-04 16:15:02"}
[DBG] {"bytes": null, "category": "TRAIN", "component": "train", "event": "BEGIN:broadcast_preference_length", "host": "d6b2a058c4be", "pid": 194534, "rank": 1, "transport": "gloo_cpu", "ts": "2026-10-04 16:15:02"}
[DBG] {"category": "TRAIN", "component": "train", "event": "watchdog_armed", "host": "d6b2a058c4be", "pid": 194534, "rank": 1, "stage": "broadcast_preference_length", "timeout_sec": 30.0, "ts": "2026-10-04 16:15:02"}
[DBG] {"category": "TRAIN", "component": "train", "elapsed_sec": 0.018193, "event": "END:broadcast_preference_length", "host": "d6b2a058c4be", "pid": 194534, "rank": 1, "ts": "2026-10-04 16:15:02"}
[DBG] {"category": "TRAIN", "component": "train", "event": "watchdog_armed", "host": "d6b2a058c4be", "pid": 194534, "rank": 1, "stage": "broadcast_preference_payload", "timeout_sec": 30.0, "ts": "2026-10-04 16:15:02"}
[DBG] {"category": "TRAIN", "component": "train", "elapsed_sec": 0.019514, "event": "END:broadcast_preference_payload", "host": "d6b2a058c4be", "pid": 194534, "rank": 1, "ts": "2026-10-04 16:15:02"}
[DBG] {"category": "TRAIN", "component": "train", "event": "BEGIN:broadcast_stop_flag", "host": "d6b2a058c4be", "pid": 194534, "rank": 1, "transport": "gloo_cpu", "ts": "2026-10-04 16:15:02", "value": null}
[DBG] {"category": "TRAIN", "component": "train", "event": "watchdog_armed", "host": "d6b2a058c4be", "pid": 194534, "rank": 1, "stage": "broadcast_stop_flag", "timeout_sec": 30.0, "ts": "2026-10-04 16:15:02"}
[DBG] {"category": "TRAIN", "component": "train", "elapsed_sec": 0.004144, "event": "END:broadcast_stop_flag", "host": "d6b2a058c4be", "pid": 194534, "rank": 1, "ts": "2026-10-04 16:15:02"}
[DBG] {"category": "TRAIN", "component": "train", "event": "BEGIN:broadcast_preference_payload", "has_payload": null, "host": "d6b2a058c4be", "pid": 194534, "rank": 1, "transport": "json_uint8_gloo", "ts": "2026-10-04 16:15:02"}
[DBG] {"category": "TRAIN", "component": "train", "event": "watchdog_armed", "host": "d6b2a058c4be", "pid": 194534, "rank": 1, "stage": "broadcast_preference_payload", "timeout_sec": 30.0, "ts": "2026-10-04 16:15:02"}
[DBG] {"bytes": null, "category": "TRAIN", "component": "train", "event": "BEGIN:broadcast_preference_length", "host": "d6b2a058c4be", "pid": 194534, "rank": 1, "transport": "gloo_cpu", "ts": "2026-10-04 16:15:02"}
[DBG] {"category": "TRAIN", "component": "train", "event": "watchdog_armed", "host": "d6b2a058c4be", "pid": 194534, "rank": 1, "stage": "broadcast_preference_length", "timeout_sec": 30.0, "ts": "2026-10-04 16:15:02"}
[DBG] {"category": "TRAIN", "component": "train", "elapsed_sec": 0.008384, "event": "END:broadcast_preference_length", "host": "d6b2a058c4be", "pid": 194534, "rank": 1, "ts": "2026-10-04 16:15:02"}
[DBG] {"category": "TRAIN", "component": "train", "event": "watchdog_armed", "host": "d6b2a058c4be", "pid": 194534, "rank": 1, "stage": "broadcast_preference_payload", "timeout_sec": 30.0, "ts": "2026-10-04 16:15:02"}
[DBG] {"category": "TRAIN", "component": "train", "elapsed_sec": 0.008824, "event": "END:broadcast_preference_payload", "host": "d6b2a058c4be", "pid": 194534, "rank": 1, "ts": "2026-10-04 16:15:02"}
[DBG] {"category": "TRAIN", "component": "train", "event": "BEGIN:broadcast_stop_flag", "host": "d6b2a058c4be", "pid": 194534, "rank": 1, "transport": "gloo_cpu", "ts": "2026-10-04 16:15:03", "value": null}
[DBG] {"category": "TRAIN", "component": "train", "event": "watchdog_armed", "host": "d6b2a058c4be", "pid": 194534, "rank": 1, "stage": "broadcast_stop_flag", "timeout_sec": 30.0, "ts": "2026-10-04 16:15:03"}
[DBG] {"category": "TRAIN", "component": "train", "elapsed_sec": 0.006678, "event": "END:broadcast_stop_flag", "host": "d6b2a058c4be", "pid": 194534, "rank": 1, "ts": "2026-10-04 16:15:03"}
[DBG] {"category": "TRAIN", "component": "train", "event": "BEGIN:broadcast_preference_payload", "has_payload": null, "host": "d6b2a058c4be", "pid": 194534, "rank": 1, "transport": "json_uint8_gloo", "ts": "2026-10-04 16:15:03"}
[DBG] {"category": "TRAIN", "component": "train", "event": "watchdog_armed", "host": "d6b2a058c4be", "pid": 194534, "rank": 1, "stage": "broadcast_preference_payload", "timeout_sec": 30.0, "ts": "2026-10-04 16:15:03"}
[DBG] {"bytes": null, "category": "TRAIN", "component": "train", "event": "BEGIN:broadcast_preference_length", "host": "d6b2a058c4be", "pid": 194534, "rank": 1, "transport": "gloo_cpu", "ts": "2026-10-04 16:15:03"}
[DBG] {"category": "TRAIN", "component": "train", "event": "watchdog_armed", "host": "d6b2a058c4be", "pid": 194534, "rank": 1, "stage": "broadcast_preference_length", "timeout_sec": 30.0, "ts": "2026-10-04 16:15:03"}
[DBG] {"category": "TRAIN", "component": "train", "elapsed_sec": 0.014255, "event": "END:broadcast_preference_length", "host": "d6b2a058c4be", "pid": 194534, "rank": 1, "ts": "2026-10-04 16:15:03"}
[DBG] {"category": "TRAIN", "component": "train", "event": "watchdog_armed", "host": "d6b2a058c4be", "pid": 194534, "rank": 1, "stage": "broadcast_preference_payload", "timeout_sec": 30.0, "ts": "2026-10-04 16:15:03"}
[DBG] {"category": "TRAIN", "component": "train", "elapsed_sec": 0.015431, "event": "END:broadcast_preference_payload", "host": "d6b2a058c4be", "pid": 194534, "rank": 1, "ts": "2026-10-04 16:15:03"}
[DBG] {"category": "TRAIN", "component": "train", "event": "BEGIN:broadcast_stop_flag", "host": "d6b2a058c4be", "pid": 194534, "rank": 1, "transport": "gloo_cpu", "ts": "2026-10-04 16:15:03", "value": null}
[DBG] {"category": "TRAIN", "component": "train", "event": "watchdog_armed", "host": "d6b2a058c4be", "pid": 194534, "rank": 1, "stage": "broadcast_stop_flag", "timeout_sec": 30.0, "ts": "2026-10-04 16:15:03"}
[DBG] {"category": "TRAIN", "component": "train", "elapsed_sec": 0.006635, "event": "END:broadcast_stop_flag", "host": "d6b2a058c4be", "pid": 194534, "rank": 1, "ts": "2026-10-04 16:15:03"}
[DBG] {"category": "TRAIN", "component": "train", "event": "BEGIN:broadcast_preference_payload", "has_payload": null, "host": "d6b2a058c4be", "pid": 194534, "rank": 1, "transport": "json_uint8_gloo", "ts": "2026-10-04 16:15:03"}
[DBG] {"category": "TRAIN", "component": "train", "event": "watchdog_armed", "host": "d6b2a058c4be", "pid": 194534, "rank": 1, "stage": "broadcast_preference_payload", "timeout_sec": 30.0, "ts": "2026-10-04 16:15:03"}
[DBG] {"bytes": null, "category": "TRAIN", "component": "train", "event": "BEGIN:broadcast_preference_length", "host": "d6b2a058c4be", "pid": 194534, "rank": 1, "transport": "gloo_cpu", "ts": "2026-10-04 16:15:03"}
[DBG] {"category": "TRAIN", "component": "train", "event": "watchdog_armed", "host": "d6b2a058c4be", "pid": 194534, "rank": 1, "stage": "broadcast_preference_length", "timeout_sec": 30.0, "ts": "2026-10-04 16:15:03"}
[DBG] {"category": "TRAIN", "component": "train", "elapsed_sec": 0.015619, "event": "END:broadcast_preference_length", "host": "d6b2a058c4be", "pid": 194534, "rank": 1, "ts": "2026-10-04 16:15:04"}
[DBG] {"category": "TRAIN", "component": "train", "event": "watchdog_armed", "host": "d6b2a058c4be", "pid": 194534, "rank": 1, "stage": "broadcast_preference_payload", "timeout_sec": 30.0, "ts": "2026-10-04 16:15:04"}
[DBG] {"category": "TRAIN", "component": "train", "elapsed_sec": 0.016908, "event": "END:broadcast_preference_payload", "host": "d6b2a058c4be", "pid": 194534, "rank": 1, "ts": "2026-10-04 16:15:04"}
[DBG] {"category": "TRAIN", "component": "train", "event": "BEGIN:broadcast_stop_flag", "host": "d6b2a058c4be", "pid": 194534, "rank": 1, "transport": "gloo_cpu", "ts": "2026-10-04 16:15:04", "value": null}
[DBG] {"category": "TRAIN", "component": "train", "event": "watchdog_armed", "host": "d6b2a058c4be", "pid": 194534, "rank": 1, "stage": "broadcast_stop_flag", "timeout_sec": 30.0, "ts": "2026-10-04 16:15:04"}
[DBG] {"category": "TRAIN", "component": "train", "elapsed_sec": 0.006714, "event": "END:broadcast_stop_flag", "host": "d6b2a058c4be", "pid": 194534, "rank": 1, "ts": "2026-10-04 16:15:04"}
[DBG] {"category": "TRAIN", "component": "train", "event": "BEGIN:broadcast_preference_payload", "has_payload": null, "host": "d6b2a058c4be", "pid": 194534, "rank": 1, "transport": "json_uint8_gloo", "ts": "2026-10-04 16:15:04"}
[DBG] {"category": "TRAIN", "component": "train", "event": "watchdog_armed", "host": "d6b2a058c4be", "pid": 194534, "rank": 1, "stage": "broadcast_preference_payload", "timeout_sec": 30.0, "ts": "2026-10-04 16:15:04"}
[DBG] {"bytes": null, "category": "TRAIN", "component": "train", "event": "BEGIN:broadcast_preference_length", "host": "d6b2a058c4be", "pid": 194534, "rank": 1, "transport": "gloo_cpu", "ts": "2026-10-04 16:15:04"}
[DBG] {"category": "TRAIN", "component": "train", "event": "watchdog_armed", "host": "d6b2a058c4be", "pid": 194534, "rank": 1, "stage": "broadcast_preference_length", "timeout_sec": 30.0, "ts": "2026-10-04 16:15:04"}
[DBG] {"category": "TRAIN", "component": "train", "elapsed_sec": 0.012844, "event": "END:broadcast_preference_length", "host": "d6b2a058c4be", "pid": 194534, "rank": 1, "ts": "2026-10-04 16:15:04"}
[DBG] {"category": "TRAIN", "component": "train", "event": "watchdog_armed", "host": "d6b2a058c4be", "pid": 194534, "rank": 1, "stage": "broadcast_preference_payload", "timeout_sec": 30.0, "ts": "2026-10-04 16:15:04"}
[DBG] {"category": "TRAIN", "component": "train", "elapsed_sec": 0.013739, "event": "END:broadcast_preference_payload", "host": "d6b2a058c4be", "pid": 194534, "rank": 1, "ts": "2026-10-04 16:15:04"}
[DBG] {"category": "TRAIN", "component": "train", "event": "BEGIN:broadcast_stop_flag", "host": "d6b2a058c4be", "pid": 194534, "rank": 1, "transport": "gloo_cpu", "ts": "2026-10-04 16:15:05", "value": null}
[DBG] {"category": "TRAIN", "component": "train", "event": "watchdog_armed", "host": "d6b2a058c4be", "pid": 194534, "rank": 1, "stage": "broadcast_stop_flag", "timeout_sec": 30.0, "ts": "2026-10-04 16:15:05"}
[DBG] {"category": "TRAIN", "component": "train", "elapsed_sec": 0.00646, "event": "END:broadcast_stop_flag", "host": "d6b2a058c4be", "pid": 194534, "rank": 1, "ts": "2026-10-04 16:15:05"}
[DBG] {"category": "TRAIN", "component": "train", "event": "BEGIN:broadcast_preference_payload", "has_payload": null, "host": "d6b2a058c4be", "pid": 194534, "rank": 1, "transport": "json_uint8_gloo", "ts": "2026-10-04 16:15:05"}
[DBG] {"category": "TRAIN", "component": "train", "event": "watchdog_armed", "host": "d6b2a058c4be", "pid": 194534, "rank": 1, "stage": "broadcast_preference_payload", "timeout_sec": 30.0, "ts": "2026-10-04 16:15:05"}
[DBG] {"bytes": null, "category": "TRAIN", "component": "train", "event": "BEGIN:broadcast_preference_length", "host": "d6b2a058c4be", "pid": 194534, "rank": 1, "transport": "gloo_cpu", "ts": "2026-10-04 16:15:05"}
[DBG] {"category": "TRAIN", "component": "train", "event": "watchdog_armed", "host": "d6b2a058c4be", "pid": 194534, "rank": 1, "stage": "broadcast_preference_length", "timeout_sec": 30.0, "ts": "2026-10-04 16:15:05"}
[DBG] {"category": "TRAIN", "component": "train", "elapsed_sec": 0.012586, "event": "END:broadcast_preference_length", "host": "d6b2a058c4be", "pid": 194534, "rank": 1, "ts": "2026-10-04 16:15:05"}
[DBG] {"category": "TRAIN", "component": "train", "event": "watchdog_armed", "host": "d6b2a058c4be", "pid": 194534, "rank": 1, "stage": "broadcast_preference_payload", "timeout_sec": 30.0, "ts": "2026-10-04 16:15:05"}
[DBG] {"category": "TRAIN", "component": "train", "elapsed_sec": 0.013785, "event": "END:broadcast_preference_payload", "host": "d6b2a058c4be", "pid": 194534, "rank": 1, "ts": "2026-10-04 16:15:05"}
[DBG] {"category": "TRAIN", "component": "train", "event": "BEGIN:broadcast_stop_flag", "host": "d6b2a058c4be", "pid": 194534, "rank": 1, "transport": "gloo_cpu", "ts": "2026-10-04 16:15:05", "value": null}
[DBG] {"category": "TRAIN", "component": "train", "event": "watchdog_armed", "host": "d6b2a058c4be", "pid": 194534, "rank": 1, "stage": "broadcast_stop_flag", "timeout_sec": 30.0, "ts": "2026-10-04 16:15:05"}
[DBG] {"category": "TRAIN", "component": "train", "elapsed_sec": 0.006735, "event": "END:broadcast_stop_flag", "host": "d6b2a058c4be", "pid": 194534, "rank": 1, "ts": "2026-10-04 16:15:05"}
[DBG] {"category": "TRAIN", "component": "train", "event": "BEGIN:broadcast_preference_payload", "has_payload": null, "host": "d6b2a058c4be", "pid": 194534, "rank": 1, "transport": "json_uint8_gloo", "ts": "2026-10-04 16:15:05"}
[DBG] {"category": "TRAIN", "component": "train", "event": "watchdog_armed", "host": "d6b2a058c4be", "pid": 194534, "rank": 1, "stage": "broadcast_preference_payload", "timeout_sec": 30.0, "ts": "2026-10-04 16:15:05"}
[DBG] {"bytes": null, "category": "TRAIN", "component": "train", "event": "BEGIN:broadcast_preference_length", "host": "d6b2a058c4be", "pid": 194534, "rank": 1, "transport": "gloo_cpu", "ts": "2026-10-04 16:15:05"}
[DBG] {"category": "TRAIN", "component": "train", "event": "watchdog_armed", "host": "d6b2a058c4be", "pid": 194534, "rank": 1, "stage": "broadcast_preference_length", "timeout_sec": 30.0, "ts": "2026-10-04 16:15:05"}
[DBG] {"category": "TRAIN", "component": "train", "elapsed_sec": 0.012544, "event": "END:broadcast_preference_length", "host": "d6b2a058c4be", "pid": 194534, "rank": 1, "ts": "2026-10-04 16:15:05"}
[DBG] {"category": "TRAIN", "component": "train", "event": "watchdog_armed", "host": "d6b2a058c4be", "pid": 194534, "rank": 1, "stage": "broadcast_preference_payload", "timeout_sec": 30.0, "ts": "2026-10-04 16:15:05"}
[DBG] {"category": "TRAIN", "component": "train", "elapsed_sec": 0.013398, "event": "END:broadcast_preference_payload", "host": "d6b2a058c4be", "pid": 194534, "rank": 1, "ts": "2026-10-04 16:15:05"}
[DBG] {"category": "TRAIN", "component": "train", "event": "BEGIN:broadcast_stop_flag", "host": "d6b2a058c4be", "pid": 194534, "rank": 1, "transport": "gloo_cpu", "ts": "2026-10-04 16:15:06", "value": null}
[DBG] {"category": "TRAIN", "component": "train", "event": "watchdog_armed", "host": "d6b2a058c4be", "pid": 194534, "rank": 1, "stage": "broadcast_stop_flag", "timeout_sec": 30.0, "ts": "2026-10-04 16:15:06"}
[DBG] {"category": "TRAIN", "component": "train", "elapsed_sec": 0.005906, "event": "END:broadcast_stop_flag", "host": "d6b2a058c4be", "pid": 194534, "rank": 1, "ts": "2026-10-04 16:15:06"}
[DBG] {"category": "TRAIN", "component": "train", "event": "BEGIN:broadcast_preference_payload", "has_payload": null, "host": "d6b2a058c4be", "pid": 194534, "rank": 1, "transport": "json_uint8_gloo", "ts": "2026-10-04 16:15:06"}
[DBG] {"category": "TRAIN", "component": "train", "event": "watchdog_armed", "host": "d6b2a058c4be", "pid": 194534, "rank": 1, "stage": "broadcast_preference_payload", "timeout_sec": 30.0, "ts": "2026-10-04 16:15:06"}
[DBG] {"bytes": null, "category": "TRAIN", "component": "train", "event": "BEGIN:broadcast_preference_length", "host": "d6b2a058c4be", "pid": 194534, "rank": 1, "transport": "gloo_cpu", "ts": "2026-10-04 16:15:06"}
[DBG] {"category": "TRAIN", "component": "train", "event": "watchdog_armed", "host": "d6b2a058c4be", "pid": 194534, "rank": 1, "stage": "broadcast_preference_length", "timeout_sec": 30.0, "ts": "2026-10-04 16:15:06"}
[DBG] {"category": "TRAIN", "component": "train", "elapsed_sec": 0.013828, "event": "END:broadcast_preference_length", "host": "d6b2a058c4be", "pid": 194534, "rank": 1, "ts": "2026-10-04 16:15:06"}
[DBG] {"category": "TRAIN", "component": "train", "event": "watchdog_armed", "host": "d6b2a058c4be", "pid": 194534, "rank": 1, "stage": "broadcast_preference_payload", "timeout_sec": 30.0, "ts": "2026-10-04 16:15:06"}
[DBG] {"category": "TRAIN", "component": "train", "elapsed_sec": 0.01506, "event": "END:broadcast_preference_payload", "host": "d6b2a058c4be", "pid": 194534, "rank": 1, "ts": "2026-10-04 16:15:06"}
[DBG] {"category": "TRAIN", "component": "train", "event": "BEGIN:broadcast_stop_flag", "host": "d6b2a058c4be", "pid": 194534, "rank": 1, "transport": "gloo_cpu", "ts": "2026-10-04 16:15:06", "value": null}
[DBG] {"category": "TRAIN", "component": "train", "event": "watchdog_armed", "host": "d6b2a058c4be", "pid": 194534, "rank": 1, "stage": "broadcast_stop_flag", "timeout_sec": 30.0, "ts": "2026-10-04 16:15:06"}
[DBG] {"category": "TRAIN", "component": "train", "elapsed_sec": 0.008192, "event": "END:broadcast_stop_flag", "host": "d6b2a058c4be", "pid": 194534, "rank": 1, "ts": "2026-10-04 16:15:06"}
[DBG] {"category": "TRAIN", "component": "train", "event": "BEGIN:broadcast_preference_payload", "has_payload": null, "host": "d6b2a058c4be", "pid": 194534, "rank": 1, "transport": "json_uint8_gloo", "ts": "2026-10-04 16:15:06"}
[DBG] {"category": "TRAIN", "component": "train", "event": "watchdog_armed", "host": "d6b2a058c4be", "pid": 194534, "rank": 1, "stage": "broadcast_preference_payload", "timeout_sec": 30.0, "ts": "2026-10-04 16:15:06"}
[DBG] {"bytes": null, "category": "TRAIN", "component": "train", "event": "BEGIN:broadcast_preference_length", "host": "d6b2a058c4be", "pid": 194534, "rank": 1, "transport": "gloo_cpu", "ts": "2026-10-04 16:15:06"}
[DBG] {"category": "TRAIN", "component": "train", "event": "watchdog_armed", "host": "d6b2a058c4be", "pid": 194534, "rank": 1, "stage": "broadcast_preference_length", "timeout_sec": 30.0, "ts": "2026-10-04 16:15:06"}
[DBG] {"category": "TRAIN", "component": "train", "elapsed_sec": 0.014743, "event": "END:broadcast_preference_length", "host": "d6b2a058c4be", "pid": 194534, "rank": 1, "ts": "2026-10-04 16:15:06"}
[DBG] {"category": "TRAIN", "component": "train", "event": "watchdog_armed", "host": "d6b2a058c4be", "pid": 194534, "rank": 1, "stage": "broadcast_preference_payload", "timeout_sec": 30.0, "ts": "2026-10-04 16:15:06"}
[DBG] {"category": "TRAIN", "component": "train", "elapsed_sec": 0.016289, "event": "END:broadcast_preference_payload", "host": "d6b2a058c4be", "pid": 194534, "rank": 1, "ts": "2026-10-04 16:15:06"}
[DBG] {"category": "TRAIN", "component": "train", "event": "BEGIN:broadcast_stop_flag", "host": "d6b2a058c4be", "pid": 194534, "rank": 1, "transport": "gloo_cpu", "ts": "2026-10-04 16:15:07", "value": null}
[DBG] {"category": "TRAIN", "component": "train", "event": "watchdog_armed", "host": "d6b2a058c4be", "pid": 194534, "rank": 1, "stage": "broadcast_stop_flag", "timeout_sec": 30.0, "ts": "2026-10-04 16:15:07"}
[DBG] {"category": "TRAIN", "component": "train", "elapsed_sec": 0.007121, "event": "END:broadcast_stop_flag", "host": "d6b2a058c4be", "pid": 194534, "rank": 1, "ts": "2026-10-04 16:15:07"}
[DBG] {"category": "TRAIN", "component": "train", "event": "BEGIN:broadcast_preference_payload", "has_payload": null, "host": "d6b2a058c4be", "pid": 194534, "rank": 1, "transport": "json_uint8_gloo", "ts": "2026-10-04 16:15:07"}
[DBG] {"category": "TRAIN", "component": "train", "event": "watchdog_armed", "host": "d6b2a058c4be", "pid": 194534, "rank": 1, "stage": "broadcast_preference_payload", "timeout_sec": 30.0, "ts": "2026-10-04 16:15:07"}
[DBG] {"bytes": null, "category": "TRAIN", "component": "train", "event": "BEGIN:broadcast_preference_length", "host": "d6b2a058c4be", "pid": 194534, "rank": 1, "transport": "gloo_cpu", "ts": "2026-10-04 16:15:07"}
[DBG] {"category": "TRAIN", "component": "train", "event": "watchdog_armed", "host": "d6b2a058c4be", "pid": 194534, "rank": 1, "stage": "broadcast_preference_length", "timeout_sec": 30.0, "ts": "2026-10-04 16:15:07"}
[DBG] {"category": "TRAIN", "component": "train", "elapsed_sec": 0.013817, "event": "END:broadcast_preference_length", "host": "d6b2a058c4be", "pid": 194534, "rank": 1, "ts": "2026-10-04 16:15:07"}
[DBG] {"category": "TRAIN", "component": "train", "event": "watchdog_armed", "host": "d6b2a058c4be", "pid": 194534, "rank": 1, "stage": "broadcast_preference_payload", "timeout_sec": 30.0, "ts": "2026-10-04 16:15:07"}
[DBG] {"category": "TRAIN", "component": "train", "elapsed_sec": 0.015055, "event": "END:broadcast_preference_payload", "host": "d6b2a058c4be", "pid": 194534, "rank": 1, "ts": "2026-10-04 16:15:07"}
[DBG] {"category": "TRAIN", "component": "train", "event": "BEGIN:broadcast_stop_flag", "host": "d6b2a058c4be", "pid": 194534, "rank": 1, "transport": "gloo_cpu", "ts": "2026-10-04 16:15:07", "value": null}
[DBG] {"category": "TRAIN", "component": "train", "event": "watchdog_armed", "host": "d6b2a058c4be", "pid": 194534, "rank": 1, "stage": "broadcast_stop_flag", "timeout_sec": 30.0, "ts": "2026-10-04 16:15:07"}
[DBG] {"category": "TRAIN", "component": "train", "elapsed_sec": 0.005285, "event": "END:broadcast_stop_flag", "host": "d6b2a058c4be", "pid": 194534, "rank": 1, "ts": "2026-10-04 16:15:07"}
[DBG] {"category": "TRAIN", "component": "train", "event": "BEGIN:broadcast_preference_payload", "has_payload": null, "host": "d6b2a058c4be", "pid": 194534, "rank": 1, "transport": "json_uint8_gloo", "ts": "2026-10-04 16:15:07"}
[DBG] {"category": "TRAIN", "component": "train", "event": "watchdog_armed", "host": "d6b2a058c4be", "pid": 194534, "rank": 1, "stage": "broadcast_preference_payload", "timeout_sec": 30.0, "ts": "2026-10-04 16:15:07"}
[DBG] {"bytes": null, "category": "TRAIN", "component": "train", "event": "BEGIN:broadcast_preference_length", "host": "d6b2a058c4be", "pid": 194534, "rank": 1, "transport": "gloo_cpu", "ts": "2026-10-04 16:15:07"}
[DBG] {"category": "TRAIN", "component": "train", "event": "watchdog_armed", "host": "d6b2a058c4be", "pid": 194534, "rank": 1, "stage": "broadcast_preference_length", "timeout_sec": 30.0, "ts": "2026-10-04 16:15:07"}
[DBG] {"category": "TRAIN", "component": "train", "elapsed_sec": 0.009585, "event": "END:broadcast_preference_length", "host": "d6b2a058c4be", "pid": 194534, "rank": 1, "ts": "2026-10-04 16:15:07"}
[DBG] {"category": "TRAIN", "component": "train", "event": "watchdog_armed", "host": "d6b2a058c4be", "pid": 194534, "rank": 1, "stage": "broadcast_preference_payload", "timeout_sec": 30.0, "ts": "2026-10-04 16:15:07"}
[DBG] {"category": "TRAIN", "component": "train", "elapsed_sec": 0.010233, "event": "END:broadcast_preference_payload", "host": "d6b2a058c4be", "pid": 194534, "rank": 1, "ts": "2026-10-04 16:15:07"}
[DBG] {"category": "TRAIN", "component": "train", "event": "BEGIN:broadcast_stop_flag", "host": "d6b2a058c4be", "pid": 194534, "rank": 1, "transport": "gloo_cpu", "ts": "2026-10-04 16:15:08", "value": null}
[DBG] {"category": "TRAIN", "component": "train", "event": "watchdog_armed", "host": "d6b2a058c4be", "pid": 194534, "rank": 1, "stage": "broadcast_stop_flag", "timeout_sec": 30.0, "ts": "2026-10-04 16:15:08"}
[DBG] {"category": "TRAIN", "component": "train", "elapsed_sec": 0.005885, "event": "END:broadcast_stop_flag", "host": "d6b2a058c4be", "pid": 194534, "rank": 1, "ts": "2026-10-04 16:15:08"}
[DBG] {"category": "TRAIN", "component": "train", "event": "BEGIN:broadcast_preference_payload", "has_payload": null, "host": "d6b2a058c4be", "pid": 194534, "rank": 1, "transport": "json_uint8_gloo", "ts": "2026-10-04 16:15:08"}
[DBG] {"category": "TRAIN", "component": "train", "event": "watchdog_armed", "host": "d6b2a058c4be", "pid": 194534, "rank": 1, "stage": "broadcast_preference_payload", "timeout_sec": 30.0, "ts": "2026-10-04 16:15:08"}
[DBG] {"bytes": null, "category": "TRAIN", "component": "train", "event": "BEGIN:broadcast_preference_length", "host": "d6b2a058c4be", "pid": 194534, "rank": 1, "transport": "gloo_cpu", "ts": "2026-10-04 16:15:08"}
[DBG] {"category": "TRAIN", "component": "train", "event": "watchdog_armed", "host": "d6b2a058c4be", "pid": 194534, "rank": 1, "stage": "broadcast_preference_length", "timeout_sec": 30.0, "ts": "2026-10-04 16:15:08"}
[DBG] {"category": "TRAIN", "component": "train", "elapsed_sec": 0.018745, "event": "END:broadcast_preference_length", "host": "d6b2a058c4be", "pid": 194534, "rank": 1, "ts": "2026-10-04 16:15:08"}
[DBG] {"category": "TRAIN", "component": "train", "event": "watchdog_armed", "host": "d6b2a058c4be", "pid": 194534, "rank": 1, "stage": "broadcast_preference_payload", "timeout_sec": 30.0, "ts": "2026-10-04 16:15:08"}
[DBG] {"category": "TRAIN", "component": "train", "elapsed_sec": 0.019961, "event": "END:broadcast_preference_payload", "host": "d6b2a058c4be", "pid": 194534, "rank": 1, "ts": "2026-10-04 16:15:08"}
[DBG] {"category": "TRAIN", "component": "train", "event": "BEGIN:broadcast_stop_flag", "host": "d6b2a058c4be", "pid": 194534, "rank": 1, "transport": "gloo_cpu", "ts": "2026-10-04 16:15:08", "value": null}
[DBG] {"category": "TRAIN", "component": "train", "event": "watchdog_armed", "host": "d6b2a058c4be", "pid": 194534, "rank": 1, "stage": "broadcast_stop_flag", "timeout_sec": 30.0, "ts": "2026-10-04 16:15:08"}
[DBG] {"category": "TRAIN", "component": "train", "elapsed_sec": 0.00605, "event": "END:broadcast_stop_flag", "host": "d6b2a058c4be", "pid": 194534, "rank": 1, "ts": "2026-10-04 16:15:08"}
[DBG] {"category": "TRAIN", "component": "train", "event": "BEGIN:broadcast_preference_payload", "has_payload": null, "host": "d6b2a058c4be", "pid": 194534, "rank": 1, "transport": "json_uint8_gloo", "ts": "2026-10-04 16:15:08"}
[DBG] {"category": "TRAIN", "component": "train", "event": "watchdog_armed", "host": "d6b2a058c4be", "pid": 194534, "rank": 1, "stage": "broadcast_preference_payload", "timeout_sec": 30.0, "ts": "2026-10-04 16:15:08"}
[DBG] {"bytes": null, "category": "TRAIN", "component": "train", "event": "BEGIN:broadcast_preference_length", "host": "d6b2a058c4be", "pid": 194534, "rank": 1, "transport": "gloo_cpu", "ts": "2026-10-04 16:15:08"}
[DBG] {"category": "TRAIN", "component": "train", "event": "watchdog_armed", "host": "d6b2a058c4be", "pid": 194534, "rank": 1, "stage": "broadcast_preference_length", "timeout_sec": 30.0, "ts": "2026-10-04 16:15:08"}
[DBG] {"category": "TRAIN", "component": "train", "elapsed_sec": 0.011196, "event": "END:broadcast_preference_length", "host": "d6b2a058c4be", "pid": 194534, "rank": 1, "ts": "2026-10-04 16:15:08"}
[DBG] {"category": "TRAIN", "component": "train", "event": "watchdog_armed", "host": "d6b2a058c4be", "pid": 194534, "rank": 1, "stage": "broadcast_preference_payload", "timeout_sec": 30.0, "ts": "2026-10-04 16:15:08"}
[DBG] {"category": "TRAIN", "component": "train", "elapsed_sec": 0.012399, "event": "END:broadcast_preference_payload", "host": "d6b2a058c4be", "pid": 194534, "rank": 1, "ts": "2026-10-04 16:15:08"}
[DBG] {"category": "TRAIN", "component": "train", "event": "BEGIN:broadcast_stop_flag", "host": "d6b2a058c4be", "pid": 194534, "rank": 1, "transport": "gloo_cpu", "ts": "2026-10-04 16:15:09", "value": null}
[DBG] {"category": "TRAIN", "component": "train", "event": "watchdog_armed", "host": "d6b2a058c4be", "pid": 194534, "rank": 1, "stage": "broadcast_stop_flag", "timeout_sec": 30.0, "ts": "2026-10-04 16:15:09"}
[DBG] {"category": "TRAIN", "component": "train", "elapsed_sec": 0.005978, "event": "END:broadcast_stop_flag", "host": "d6b2a058c4be", "pid": 194534, "rank": 1, "ts": "2026-10-04 16:15:09"}
[DBG] {"category": "TRAIN", "component": "train", "event": "BEGIN:broadcast_preference_payload", "has_payload": null, "host": "d6b2a058c4be", "pid": 194534, "rank": 1, "transport": "json_uint8_gloo", "ts": "2026-10-04 16:15:09"}
[DBG] {"category": "TRAIN", "component": "train", "event": "watchdog_armed", "host": "d6b2a058c4be", "pid": 194534, "rank": 1, "stage": "broadcast_preference_payload", "timeout_sec": 30.0, "ts": "2026-10-04 16:15:09"}
[DBG] {"bytes": null, "category": "TRAIN", "component": "train", "event": "BEGIN:broadcast_preference_length", "host": "d6b2a058c4be", "pid": 194534, "rank": 1, "transport": "gloo_cpu", "ts": "2026-10-04 16:15:09"}
[DBG] {"category": "TRAIN", "component": "train", "event": "watchdog_armed", "host": "d6b2a058c4be", "pid": 194534, "rank": 1, "stage": "broadcast_preference_length", "timeout_sec": 30.0, "ts": "2026-10-04 16:15:09"}
[DBG] {"category": "TRAIN", "component": "train", "elapsed_sec": 0.010566, "event": "END:broadcast_preference_length", "host": "d6b2a058c4be", "pid": 194534, "rank": 1, "ts": "2026-10-04 16:15:09"}
[DBG] {"category": "TRAIN", "component": "train", "event": "watchdog_armed", "host": "d6b2a058c4be", "pid": 194534, "rank": 1, "stage": "broadcast_preference_payload", "timeout_sec": 30.0, "ts": "2026-10-04 16:15:09"}
[DBG] {"category": "TRAIN", "component": "train", "elapsed_sec": 0.011807, "event": "END:broadcast_preference_payload", "host": "d6b2a058c4be", "pid": 194534, "rank": 1, "ts": "2026-10-04 16:15:09"}
[DBG] {"category": "TRAIN", "component": "train", "event": "BEGIN:broadcast_stop_flag", "host": "d6b2a058c4be", "pid": 194534, "rank": 1, "transport": "gloo_cpu", "ts": "2026-10-04 16:15:09", "value": null}
[DBG] {"category": "TRAIN", "component": "train", "event": "watchdog_armed", "host": "d6b2a058c4be", "pid": 194534, "rank": 1, "stage": "broadcast_stop_flag", "timeout_sec": 30.0, "ts": "2026-10-04 16:15:09"}
[DBG] {"category": "TRAIN", "component": "train", "elapsed_sec": 0.006376, "event": "END:broadcast_stop_flag", "host": "d6b2a058c4be", "pid": 194534, "rank": 1, "ts": "2026-10-04 16:15:09"}
[DBG] {"category": "TRAIN", "component": "train", "event": "BEGIN:broadcast_preference_payload", "has_payload": null, "host": "d6b2a058c4be", "pid": 194534, "rank": 1, "transport": "json_uint8_gloo", "ts": "2026-10-04 16:15:09"}
[DBG] {"category": "TRAIN", "component": "train", "event": "watchdog_armed", "host": "d6b2a058c4be", "pid": 194534, "rank": 1, "stage": "broadcast_preference_payload", "timeout_sec": 30.0, "ts": "2026-10-04 16:15:09"}
[DBG] {"bytes": null, "category": "TRAIN", "component": "train", "event": "BEGIN:broadcast_preference_length", "host": "d6b2a058c4be", "pid": 194534, "rank": 1, "transport": "gloo_cpu", "ts": "2026-10-04 16:15:09"}
[DBG] {"category": "TRAIN", "component": "train", "event": "watchdog_armed", "host": "d6b2a058c4be", "pid": 194534, "rank": 1, "stage": "broadcast_preference_length", "timeout_sec": 30.0, "ts": "2026-10-04 16:15:09"}
[DBG] {"category": "TRAIN", "component": "train", "elapsed_sec": 0.010702, "event": "END:broadcast_preference_length", "host": "d6b2a058c4be", "pid": 194534, "rank": 1, "ts": "2026-10-04 16:15:09"}
[DBG] {"category": "TRAIN", "component": "train", "event": "watchdog_armed", "host": "d6b2a058c4be", "pid": 194534, "rank": 1, "stage": "broadcast_preference_payload", "timeout_sec": 30.0, "ts": "2026-10-04 16:15:09"}
[DBG] {"category": "TRAIN", "component": "train", "elapsed_sec": 0.011903, "event": "END:broadcast_preference_payload", "host": "d6b2a058c4be", "pid": 194534, "rank": 1, "ts": "2026-10-04 16:15:09"}
[DBG] {"category": "TRAIN", "component": "train", "event": "BEGIN:broadcast_stop_flag", "host": "d6b2a058c4be", "pid": 194534, "rank": 1, "transport": "gloo_cpu", "ts": "2026-10-04 16:15:10", "value": null}
[DBG] {"category": "TRAIN", "component": "train", "event": "watchdog_armed", "host": "d6b2a058c4be", "pid": 194534, "rank": 1, "stage": "broadcast_stop_flag", "timeout_sec": 30.0, "ts": "2026-10-04 16:15:10"}
[DBG] {"category": "TRAIN", "component": "train", "elapsed_sec": 0.005902, "event": "END:broadcast_stop_flag", "host": "d6b2a058c4be", "pid": 194534, "rank": 1, "ts": "2026-10-04 16:15:10"}
[DBG] {"category": "TRAIN", "component": "train", "event": "BEGIN:broadcast_preference_payload", "has_payload": null, "host": "d6b2a058c4be", "pid": 194534, "rank": 1, "transport": "json_uint8_gloo", "ts": "2026-10-04 16:15:10"}
[DBG] {"category": "TRAIN", "component": "train", "event": "watchdog_armed", "host": "d6b2a058c4be", "pid": 194534, "rank": 1, "stage": "broadcast_preference_payload", "timeout_sec": 30.0, "ts": "2026-10-04 16:15:10"}
[DBG] {"bytes": null, "category": "TRAIN", "component": "train", "event": "BEGIN:broadcast_preference_length", "host": "d6b2a058c4be", "pid": 194534, "rank": 1, "transport": "gloo_cpu", "ts": "2026-10-04 16:15:10"}
[DBG] {"category": "TRAIN", "component": "train", "event": "watchdog_armed", "host": "d6b2a058c4be", "pid": 194534, "rank": 1, "stage": "broadcast_preference_length", "timeout_sec": 30.0, "ts": "2026-10-04 16:15:10"}
[DBG] {"category": "TRAIN", "component": "train", "elapsed_sec": 0.01058, "event": "END:broadcast_preference_length", "host": "d6b2a058c4be", "pid": 194534, "rank": 1, "ts": "2026-10-04 16:15:10"}
[DBG] {"category": "TRAIN", "component": "train", "event": "watchdog_armed", "host": "d6b2a058c4be", "pid": 194534, "rank": 1, "stage": "broadcast_preference_payload", "timeout_sec": 30.0, "ts": "2026-10-04 16:15:10"}
[DBG] {"category": "TRAIN", "component": "train", "elapsed_sec": 0.011849, "event": "END:broadcast_preference_payload", "host": "d6b2a058c4be", "pid": 194534, "rank": 1, "ts": "2026-10-04 16:15:10"}
[DBG] {"category": "TRAIN", "component": "train", "event": "BEGIN:broadcast_stop_flag", "host": "d6b2a058c4be", "pid": 194534, "rank": 1, "transport": "gloo_cpu", "ts": "2026-10-04 16:15:10", "value": null}
[DBG] {"category": "TRAIN", "component": "train", "event": "watchdog_armed", "host": "d6b2a058c4be", "pid": 194534, "rank": 1, "stage": "broadcast_stop_flag", "timeout_sec": 30.0, "ts": "2026-10-04 16:15:10"}
[DBG] {"category": "TRAIN", "component": "train", "elapsed_sec": 0.006031, "event": "END:broadcast_stop_flag", "host": "d6b2a058c4be", "pid": 194534, "rank": 1, "ts": "2026-10-04 16:15:10"}
[DBG] {"category": "TRAIN", "component": "train", "event": "BEGIN:broadcast_preference_payload", "has_payload": null, "host": "d6b2a058c4be", "pid": 194534, "rank": 1, "transport": "json_uint8_gloo", "ts": "2026-10-04 16:15:10"}
[DBG] {"category": "TRAIN", "component": "train", "event": "watchdog_armed", "host": "d6b2a058c4be", "pid": 194534, "rank": 1, "stage": "broadcast_preference_payload", "timeout_sec": 30.0, "ts": "2026-10-04 16:15:10"}
[DBG] {"bytes": null, "category": "TRAIN", "component": "train", "event": "BEGIN:broadcast_preference_length", "host": "d6b2a058c4be", "pid": 194534, "rank": 1, "transport": "gloo_cpu", "ts": "2026-10-04 16:15:10"}
[DBG] {"category": "TRAIN", "component": "train", "event": "watchdog_armed", "host": "d6b2a058c4be", "pid": 194534, "rank": 1, "stage": "broadcast_preference_length", "timeout_sec": 30.0, "ts": "2026-10-04 16:15:10"}
[DBG] {"category": "TRAIN", "component": "train", "elapsed_sec": 0.011843, "event": "END:broadcast_preference_length", "host": "d6b2a058c4be", "pid": 194534, "rank": 1, "ts": "2026-10-04 16:15:10"}
[DBG] {"category": "TRAIN", "component": "train", "event": "watchdog_armed", "host": "d6b2a058c4be", "pid": 194534, "rank": 1, "stage": "broadcast_preference_payload", "timeout_sec": 30.0, "ts": "2026-10-04 16:15:10"}
[DBG] {"category": "TRAIN", "component": "train", "elapsed_sec": 0.012704, "event": "END:broadcast_preference_payload", "host": "d6b2a058c4be", "pid": 194534, "rank": 1, "ts": "2026-10-04 16:15:10"}
[DBG] {"category": "TRAIN", "component": "train", "event": "BEGIN:broadcast_stop_flag", "host": "d6b2a058c4be", "pid": 194534, "rank": 1, "transport": "gloo_cpu", "ts": "2026-10-04 16:15:11", "value": null}
[DBG] {"category": "TRAIN", "component": "train", "event": "watchdog_armed", "host": "d6b2a058c4be", "pid": 194534, "rank": 1, "stage": "broadcast_stop_flag", "timeout_sec": 30.0, "ts": "2026-10-04 16:15:11"}
[DBG] {"category": "TRAIN", "component": "train", "elapsed_sec": 0.006367, "event": "END:broadcast_stop_flag", "host": "d6b2a058c4be", "pid": 194534, "rank": 1, "ts": "2026-10-04 16:15:11"}
[DBG] {"category": "TRAIN", "component": "train", "event": "BEGIN:broadcast_preference_payload", "has_payload": null, "host": "d6b2a058c4be", "pid": 194534, "rank": 1, "transport": "json_uint8_gloo", "ts": "2026-10-04 16:15:11"}
[DBG] {"category": "TRAIN", "component": "train", "event": "watchdog_armed", "host": "d6b2a058c4be", "pid": 194534, "rank": 1, "stage": "broadcast_preference_payload", "timeout_sec": 30.0, "ts": "2026-10-04 16:15:11"}
[DBG] {"bytes": null, "category": "TRAIN", "component": "train", "event": "BEGIN:broadcast_preference_length", "host": "d6b2a058c4be", "pid": 194534, "rank": 1, "transport": "gloo_cpu", "ts": "2026-10-04 16:15:11"}
[DBG] {"category": "TRAIN", "component": "train", "event": "watchdog_armed", "host": "d6b2a058c4be", "pid": 194534, "rank": 1, "stage": "broadcast_preference_length", "timeout_sec": 30.0, "ts": "2026-10-04 16:15:11"}
[DBG] {"category": "TRAIN", "component": "train", "elapsed_sec": 0.012663, "event": "END:broadcast_preference_length", "host": "d6b2a058c4be", "pid": 194534, "rank": 1, "ts": "2026-10-04 16:15:11"}
[DBG] {"category": "TRAIN", "component": "train", "event": "watchdog_armed", "host": "d6b2a058c4be", "pid": 194534, "rank": 1, "stage": "broadcast_preference_payload", "timeout_sec": 30.0, "ts": "2026-10-04 16:15:11"}
[DBG] {"category": "TRAIN", "component": "train", "elapsed_sec": 0.013892, "event": "END:broadcast_preference_payload", "host": "d6b2a058c4be", "pid": 194534, "rank": 1, "ts": "2026-10-04 16:15:11"}
[DBG] {"category": "TRAIN", "component": "train", "event": "BEGIN:broadcast_stop_flag", "host": "d6b2a058c4be", "pid": 194534, "rank": 1, "transport": "gloo_cpu", "ts": "2026-10-04 16:15:11", "value": null}
[DBG] {"category": "TRAIN", "component": "train", "event": "watchdog_armed", "host": "d6b2a058c4be", "pid": 194534, "rank": 1, "stage": "broadcast_stop_flag", "timeout_sec": 30.0, "ts": "2026-10-04 16:15:11"}
[DBG] {"category": "TRAIN", "component": "train", "elapsed_sec": 0.005403, "event": "END:broadcast_stop_flag", "host": "d6b2a058c4be", "pid": 194534, "rank": 1, "ts": "2026-10-04 16:15:11"}
[DBG] {"category": "TRAIN", "component": "train", "event": "BEGIN:broadcast_preference_payload", "has_payload": null, "host": "d6b2a058c4be", "pid": 194534, "rank": 1, "transport": "json_uint8_gloo", "ts": "2026-10-04 16:15:11"}
[DBG] {"category": "TRAIN", "component": "train", "event": "watchdog_armed", "host": "d6b2a058c4be", "pid": 194534, "rank": 1, "stage": "broadcast_preference_payload", "timeout_sec": 30.0, "ts": "2026-10-04 16:15:11"}
[DBG] {"bytes": null, "category": "TRAIN", "component": "train", "event": "BEGIN:broadcast_preference_length", "host": "d6b2a058c4be", "pid": 194534, "rank": 1, "transport": "gloo_cpu", "ts": "2026-10-04 16:15:11"}
[DBG] {"category": "TRAIN", "component": "train", "event": "watchdog_armed", "host": "d6b2a058c4be", "pid": 194534, "rank": 1, "stage": "broadcast_preference_length", "timeout_sec": 30.0, "ts": "2026-10-04 16:15:11"}
[DBG] {"category": "TRAIN", "component": "train", "elapsed_sec": 0.012611, "event": "END:broadcast_preference_length", "host": "d6b2a058c4be", "pid": 194534, "rank": 1, "ts": "2026-10-04 16:15:11"}
[DBG] {"category": "TRAIN", "component": "train", "event": "watchdog_armed", "host": "d6b2a058c4be", "pid": 194534, "rank": 1, "stage": "broadcast_preference_payload", "timeout_sec": 30.0, "ts": "2026-10-04 16:15:11"}
[DBG] {"category": "TRAIN", "component": "train", "elapsed_sec": 0.013847, "event": "END:broadcast_preference_payload", "host": "d6b2a058c4be", "pid": 194534, "rank": 1, "ts": "2026-10-04 16:15:11"}
[DBG] {"category": "TRAIN", "component": "train", "event": "BEGIN:broadcast_stop_flag", "host": "d6b2a058c4be", "pid": 194534, "rank": 1, "transport": "gloo_cpu", "ts": "2026-10-04 16:15:12", "value": null}
[DBG] {"category": "TRAIN", "component": "train", "event": "watchdog_armed", "host": "d6b2a058c4be", "pid": 194534, "rank": 1, "stage": "broadcast_stop_flag", "timeout_sec": 30.0, "ts": "2026-10-04 16:15:12"}
[DBG] {"category": "TRAIN", "component": "train", "elapsed_sec": 0.006148, "event": "END:broadcast_stop_flag", "host": "d6b2a058c4be", "pid": 194534, "rank": 1, "ts": "2026-10-04 16:15:12"}
[DBG] {"category": "TRAIN", "component": "train", "event": "BEGIN:broadcast_preference_payload", "has_payload": null, "host": "d6b2a058c4be", "pid": 194534, "rank": 1, "transport": "json_uint8_gloo", "ts": "2026-10-04 16:15:12"}
[DBG] {"category": "TRAIN", "component": "train", "event": "watchdog_armed", "host": "d6b2a058c4be", "pid": 194534, "rank": 1, "stage": "broadcast_preference_payload", "timeout_sec": 30.0, "ts": "2026-10-04 16:15:12"}
[DBG] {"bytes": null, "category": "TRAIN", "component": "train", "event": "BEGIN:broadcast_preference_length", "host": "d6b2a058c4be", "pid": 194534, "rank": 1, "transport": "gloo_cpu", "ts": "2026-10-04 16:15:12"}
[DBG] {"category": "TRAIN", "component": "train", "event": "watchdog_armed", "host": "d6b2a058c4be", "pid": 194534, "rank": 1, "stage": "broadcast_preference_length", "timeout_sec": 30.0, "ts": "2026-10-04 16:15:12"}
[DBG] {"category": "TRAIN", "component": "train", "elapsed_sec": 0.012942, "event": "END:broadcast_preference_length", "host": "d6b2a058c4be", "pid": 194534, "rank": 1, "ts": "2026-10-04 16:15:12"}
[DBG] {"category": "TRAIN", "component": "train", "event": "watchdog_armed", "host": "d6b2a058c4be", "pid": 194534, "rank": 1, "stage": "broadcast_preference_payload", "timeout_sec": 30.0, "ts": "2026-10-04 16:15:12"}
[DBG] {"category": "TRAIN", "component": "train", "elapsed_sec": 0.014171, "event": "END:broadcast_preference_payload", "host": "d6b2a058c4be", "pid": 194534, "rank": 1, "ts": "2026-10-04 16:15:12"}
[DBG] {"category": "TRAIN", "component": "train", "event": "BEGIN:broadcast_stop_flag", "host": "d6b2a058c4be", "pid": 194534, "rank": 1, "transport": "gloo_cpu", "ts": "2026-10-04 16:15:12", "value": null}
[DBG] {"category": "TRAIN", "component": "train", "event": "watchdog_armed", "host": "d6b2a058c4be", "pid": 194534, "rank": 1, "stage": "broadcast_stop_flag", "timeout_sec": 30.0, "ts": "2026-10-04 16:15:12"}
[DBG] {"category": "TRAIN", "component": "train", "elapsed_sec": 0.006218, "event": "END:broadcast_stop_flag", "host": "d6b2a058c4be", "pid": 194534, "rank": 1, "ts": "2026-10-04 16:15:12"}
[DBG] {"category": "TRAIN", "component": "train", "event": "BEGIN:broadcast_preference_payload", "has_payload": null, "host": "d6b2a058c4be", "pid": 194534, "rank": 1, "transport": "json_uint8_gloo", "ts": "2026-10-04 16:15:12"}
[DBG] {"category": "TRAIN", "component": "train", "event": "watchdog_armed", "host": "d6b2a058c4be", "pid": 194534, "rank": 1, "stage": "broadcast_preference_payload", "timeout_sec": 30.0, "ts": "2026-10-04 16:15:12"}
[DBG] {"bytes": null, "category": "TRAIN", "component": "train", "event": "BEGIN:broadcast_preference_length", "host": "d6b2a058c4be", "pid": 194534, "rank": 1, "transport": "gloo_cpu", "ts": "2026-10-04 16:15:12"}
[DBG] {"category": "TRAIN", "component": "train", "event": "watchdog_armed", "host": "d6b2a058c4be", "pid": 194534, "rank": 1, "stage": "broadcast_preference_length", "timeout_sec": 30.0, "ts": "2026-10-04 16:15:12"}
[DBG] {"category": "TRAIN", "component": "train", "elapsed_sec": 0.012716, "event": "END:broadcast_preference_length", "host": "d6b2a058c4be", "pid": 194534, "rank": 1, "ts": "2026-10-04 16:15:12"}
[DBG] {"category": "TRAIN", "component": "train", "event": "watchdog_armed", "host": "d6b2a058c4be", "pid": 194534, "rank": 1, "stage": "broadcast_preference_payload", "timeout_sec": 30.0, "ts": "2026-10-04 16:15:12"}
[DBG] {"category": "TRAIN", "component": "train", "elapsed_sec": 0.013615, "event": "END:broadcast_preference_payload", "host": "d6b2a058c4be", "pid": 194534, "rank": 1, "ts": "2026-10-04 16:15:12"}
[DBG] {"category": "TRAIN", "component": "train", "event": "BEGIN:broadcast_stop_flag", "host": "d6b2a058c4be", "pid": 194534, "rank": 1, "transport": "gloo_cpu", "ts": "2026-10-04 16:15:13", "value": null}
[DBG] {"category": "TRAIN", "component": "train", "event": "watchdog_armed", "host": "d6b2a058c4be", "pid": 194534, "rank": 1, "stage": "broadcast_stop_flag", "timeout_sec": 30.0, "ts": "2026-10-04 16:15:13"}
[DBG] {"category": "TRAIN", "component": "train", "elapsed_sec": 0.006577, "event": "END:broadcast_stop_flag", "host": "d6b2a058c4be", "pid": 194534, "rank": 1, "ts": "2026-10-04 16:15:13"}
[DBG] {"category": "TRAIN", "component": "train", "event": "BEGIN:broadcast_preference_payload", "has_payload": null, "host": "d6b2a058c4be", "pid": 194534, "rank": 1, "transport": "json_uint8_gloo", "ts": "2026-10-04 16:15:13"}
[DBG] {"category": "TRAIN", "component": "train", "event": "watchdog_armed", "host": "d6b2a058c4be", "pid": 194534, "rank": 1, "stage": "broadcast_preference_payload", "timeout_sec": 30.0, "ts": "2026-10-04 16:15:13"}
[DBG] {"bytes": null, "category": "TRAIN", "component": "train", "event": "BEGIN:broadcast_preference_length", "host": "d6b2a058c4be", "pid": 194534, "rank": 1, "transport": "gloo_cpu", "ts": "2026-10-04 16:15:13"}
[DBG] {"category": "TRAIN", "component": "train", "event": "watchdog_armed", "host": "d6b2a058c4be", "pid": 194534, "rank": 1, "stage": "broadcast_preference_length", "timeout_sec": 30.0, "ts": "2026-10-04 16:15:13"}
[DBG] {"category": "TRAIN", "component": "train", "elapsed_sec": 0.009721, "event": "END:broadcast_preference_length", "host": "d6b2a058c4be", "pid": 194534, "rank": 1, "ts": "2026-10-04 16:15:13"}
[DBG] {"category": "TRAIN", "component": "train", "event": "watchdog_armed", "host": "d6b2a058c4be", "pid": 194534, "rank": 1, "stage": "broadcast_preference_payload", "timeout_sec": 30.0, "ts": "2026-10-04 16:15:13"}
[DBG] {"category": "TRAIN", "component": "train", "elapsed_sec": 0.010966, "event": "END:broadcast_preference_payload", "host": "d6b2a058c4be", "pid": 194534, "rank": 1, "ts": "2026-10-04 16:15:13"}
[DBG] {"category": "TRAIN", "component": "train", "event": "BEGIN:broadcast_stop_flag", "host": "d6b2a058c4be", "pid": 194534, "rank": 1, "transport": "gloo_cpu", "ts": "2026-10-04 16:15:13", "value": null}
[DBG] {"category": "TRAIN", "component": "train", "event": "watchdog_armed", "host": "d6b2a058c4be", "pid": 194534, "rank": 1, "stage": "broadcast_stop_flag", "timeout_sec": 30.0, "ts": "2026-10-04 16:15:13"}
[DBG] {"category": "TRAIN", "component": "train", "elapsed_sec": 0.006796, "event": "END:broadcast_stop_flag", "host": "d6b2a058c4be", "pid": 194534, "rank": 1, "ts": "2026-10-04 16:15:13"}
[DBG] {"category": "TRAIN", "component": "train", "event": "BEGIN:broadcast_preference_payload", "has_payload": null, "host": "d6b2a058c4be", "pid": 194534, "rank": 1, "transport": "json_uint8_gloo", "ts": "2026-10-04 16:15:13"}
[DBG] {"category": "TRAIN", "component": "train", "event": "watchdog_armed", "host": "d6b2a058c4be", "pid": 194534, "rank": 1, "stage": "broadcast_preference_payload", "timeout_sec": 30.0, "ts": "2026-10-04 16:15:13"}
[DBG] {"bytes": null, "category": "TRAIN", "component": "train", "event": "BEGIN:broadcast_preference_length", "host": "d6b2a058c4be", "pid": 194534, "rank": 1, "transport": "gloo_cpu", "ts": "2026-10-04 16:15:13"}
[DBG] {"category": "TRAIN", "component": "train", "event": "watchdog_armed", "host": "d6b2a058c4be", "pid": 194534, "rank": 1, "stage": "broadcast_preference_length", "timeout_sec": 30.0, "ts": "2026-10-04 16:15:13"}
[DBG] {"category": "TRAIN", "component": "train", "elapsed_sec": 0.011009, "event": "END:broadcast_preference_length", "host": "d6b2a058c4be", "pid": 194534, "rank": 1, "ts": "2026-10-04 16:15:13"}
[DBG] {"category": "TRAIN", "component": "train", "event": "watchdog_armed", "host": "d6b2a058c4be", "pid": 194534, "rank": 1, "stage": "broadcast_preference_payload", "timeout_sec": 30.0, "ts": "2026-10-04 16:15:13"}
[DBG] {"category": "TRAIN", "component": "train", "elapsed_sec": 0.012227, "event": "END:broadcast_preference_payload", "host": "d6b2a058c4be", "pid": 194534, "rank": 1, "ts": "2026-10-04 16:15:13"}
[DBG] {"category": "TRAIN", "component": "train", "event": "BEGIN:broadcast_stop_flag", "host": "d6b2a058c4be", "pid": 194534, "rank": 1, "transport": "gloo_cpu", "ts": "2026-10-04 16:15:14", "value": null}
[DBG] {"category": "TRAIN", "component": "train", "event": "watchdog_armed", "host": "d6b2a058c4be", "pid": 194534, "rank": 1, "stage": "broadcast_stop_flag", "timeout_sec": 30.0, "ts": "2026-10-04 16:15:14"}
[DBG] {"category": "TRAIN", "component": "train", "elapsed_sec": 0.005743, "event": "END:broadcast_stop_flag", "host": "d6b2a058c4be", "pid": 194534, "rank": 1, "ts": "2026-10-04 16:15:14"}
[DBG] {"category": "TRAIN", "component": "train", "event": "BEGIN:broadcast_preference_payload", "has_payload": null, "host": "d6b2a058c4be", "pid": 194534, "rank": 1, "transport": "json_uint8_gloo", "ts": "2026-10-04 16:15:14"}
[DBG] {"category": "TRAIN", "component": "train", "event": "watchdog_armed", "host": "d6b2a058c4be", "pid": 194534, "rank": 1, "stage": "broadcast_preference_payload", "timeout_sec": 30.0, "ts": "2026-10-04 16:15:14"}
[DBG] {"bytes": null, "category": "TRAIN", "component": "train", "event": "BEGIN:broadcast_preference_length", "host": "d6b2a058c4be", "pid": 194534, "rank": 1, "transport": "gloo_cpu", "ts": "2026-10-04 16:15:14"}
[DBG] {"category": "TRAIN", "component": "train", "event": "watchdog_armed", "host": "d6b2a058c4be", "pid": 194534, "rank": 1, "stage": "broadcast_preference_length", "timeout_sec": 30.0, "ts": "2026-10-04 16:15:14"}
[DBG] {"category": "TRAIN", "component": "train", "elapsed_sec": 0.01068, "event": "END:broadcast_preference_length", "host": "d6b2a058c4be", "pid": 194534, "rank": 1, "ts": "2026-10-04 16:15:14"}
[DBG] {"category": "TRAIN", "component": "train", "event": "watchdog_armed", "host": "d6b2a058c4be", "pid": 194534, "rank": 1, "stage": "broadcast_preference_payload", "timeout_sec": 30.0, "ts": "2026-10-04 16:15:14"}
[DBG] {"category": "TRAIN", "component": "train", "elapsed_sec": 0.011863, "event": "END:broadcast_preference_payload", "host": "d6b2a058c4be", "pid": 194534, "rank": 1, "ts": "2026-10-04 16:15:14"}
[DBG] {"category": "TRAIN", "component": "train", "event": "BEGIN:broadcast_stop_flag", "host": "d6b2a058c4be", "pid": 194534, "rank": 1, "transport": "gloo_cpu", "ts": "2026-10-04 16:15:14", "value": null}
[DBG] {"category": "TRAIN", "component": "train", "event": "watchdog_armed", "host": "d6b2a058c4be", "pid": 194534, "rank": 1, "stage": "broadcast_stop_flag", "timeout_sec": 30.0, "ts": "2026-10-04 16:15:14"}
[DBG] {"category": "TRAIN", "component": "train", "elapsed_sec": 0.005558, "event": "END:broadcast_stop_flag", "host": "d6b2a058c4be", "pid": 194534, "rank": 1, "ts": "2026-10-04 16:15:14"}
[DBG] {"category": "TRAIN", "component": "train", "event": "BEGIN:broadcast_preference_payload", "has_payload": null, "host": "d6b2a058c4be", "pid": 194534, "rank": 1, "transport": "json_uint8_gloo", "ts": "2026-10-04 16:15:14"}
[DBG] {"category": "TRAIN", "component": "train", "event": "watchdog_armed", "host": "d6b2a058c4be", "pid": 194534, "rank": 1, "stage": "broadcast_preference_payload", "timeout_sec": 30.0, "ts": "2026-10-04 16:15:14"}
[DBG] {"bytes": null, "category": "TRAIN", "component": "train", "event": "BEGIN:broadcast_preference_length", "host": "d6b2a058c4be", "pid": 194534, "rank": 1, "transport": "gloo_cpu", "ts": "2026-10-04 16:15:14"}
[DBG] {"category": "TRAIN", "component": "train", "event": "watchdog_armed", "host": "d6b2a058c4be", "pid": 194534, "rank": 1, "stage": "broadcast_preference_length", "timeout_sec": 30.0, "ts": "2026-10-04 16:15:14"}
[DBG] {"category": "TRAIN", "component": "train", "elapsed_sec": 0.009695, "event": "END:broadcast_preference_length", "host": "d6b2a058c4be", "pid": 194534, "rank": 1, "ts": "2026-10-04 16:15:14"}
[DBG] {"category": "TRAIN", "component": "train", "event": "watchdog_armed", "host": "d6b2a058c4be", "pid": 194534, "rank": 1, "stage": "broadcast_preference_payload", "timeout_sec": 30.0, "ts": "2026-10-04 16:15:14"}
[DBG] {"category": "TRAIN", "component": "train", "elapsed_sec": 0.010861, "event": "END:broadcast_preference_payload", "host": "d6b2a058c4be", "pid": 194534, "rank": 1, "ts": "2026-10-04 16:15:14"}
[DBG] {"category": "TRAIN", "component": "train", "event": "BEGIN:broadcast_stop_flag", "host": "d6b2a058c4be", "pid": 194534, "rank": 1, "transport": "gloo_cpu", "ts": "2026-10-04 16:15:15", "value": null}
[DBG] {"category": "TRAIN", "component": "train", "event": "watchdog_armed", "host": "d6b2a058c4be", "pid": 194534, "rank": 1, "stage": "broadcast_stop_flag", "timeout_sec": 30.0, "ts": "2026-10-04 16:15:15"}
[DBG] {"category": "TRAIN", "component": "train", "elapsed_sec": 0.005812, "event": "END:broadcast_stop_flag", "host": "d6b2a058c4be", "pid": 194534, "rank": 1, "ts": "2026-10-04 16:15:15"}
[DBG] {"category": "TRAIN", "component": "train", "event": "BEGIN:broadcast_preference_payload", "has_payload": null, "host": "d6b2a058c4be", "pid": 194534, "rank": 1, "transport": "json_uint8_gloo", "ts": "2026-10-04 16:15:15"}
[DBG] {"category": "TRAIN", "component": "train", "event": "watchdog_armed", "host": "d6b2a058c4be", "pid": 194534, "rank": 1, "stage": "broadcast_preference_payload", "timeout_sec": 30.0, "ts": "2026-10-04 16:15:15"}
[DBG] {"bytes": null, "category": "TRAIN", "component": "train", "event": "BEGIN:broadcast_preference_length", "host": "d6b2a058c4be", "pid": 194534, "rank": 1, "transport": "gloo_cpu", "ts": "2026-10-04 16:15:15"}
[DBG] {"category": "TRAIN", "component": "train", "event": "watchdog_armed", "host": "d6b2a058c4be", "pid": 194534, "rank": 1, "stage": "broadcast_preference_length", "timeout_sec": 30.0, "ts": "2026-10-04 16:15:15"}
[DBG] {"category": "TRAIN", "component": "train", "elapsed_sec": 0.010254, "event": "END:broadcast_preference_length", "host": "d6b2a058c4be", "pid": 194534, "rank": 1, "ts": "2026-10-04 16:15:15"}
[DBG] {"category": "TRAIN", "component": "train", "event": "watchdog_armed", "host": "d6b2a058c4be", "pid": 194534, "rank": 1, "stage": "broadcast_preference_payload", "timeout_sec": 30.0, "ts": "2026-10-04 16:15:15"}
[DBG] {"category": "TRAIN", "component": "train", "elapsed_sec": 0.011473, "event": "END:broadcast_preference_payload", "host": "d6b2a058c4be", "pid": 194534, "rank": 1, "ts": "2026-10-04 16:15:15"}
[DBG] {"category": "TRAIN", "component": "train", "event": "BEGIN:broadcast_stop_flag", "host": "d6b2a058c4be", "pid": 194534, "rank": 1, "transport": "gloo_cpu", "ts": "2026-10-04 16:15:15", "value": null}
[DBG] {"category": "TRAIN", "component": "train", "event": "watchdog_armed", "host": "d6b2a058c4be", "pid": 194534, "rank": 1, "stage": "broadcast_stop_flag", "timeout_sec": 30.0, "ts": "2026-10-04 16:15:15"}
[DBG] {"category": "TRAIN", "component": "train", "elapsed_sec": 0.005891, "event": "END:broadcast_stop_flag", "host": "d6b2a058c4be", "pid": 194534, "rank": 1, "ts": "2026-10-04 16:15:15"}
[DBG] {"category": "TRAIN", "component": "train", "event": "BEGIN:broadcast_preference_payload", "has_payload": null, "host": "d6b2a058c4be", "pid": 194534, "rank": 1, "transport": "json_uint8_gloo", "ts": "2026-10-04 16:15:15"}
[DBG] {"category": "TRAIN", "component": "train", "event": "watchdog_armed", "host": "d6b2a058c4be", "pid": 194534, "rank": 1, "stage": "broadcast_preference_payload", "timeout_sec": 30.0, "ts": "2026-10-04 16:15:15"}
[DBG] {"bytes": null, "category": "TRAIN", "component": "train", "event": "BEGIN:broadcast_preference_length", "host": "d6b2a058c4be", "pid": 194534, "rank": 1, "transport": "gloo_cpu", "ts": "2026-10-04 16:15:15"}
[DBG] {"category": "TRAIN", "component": "train", "event": "watchdog_armed", "host": "d6b2a058c4be", "pid": 194534, "rank": 1, "stage": "broadcast_preference_length", "timeout_sec": 30.0, "ts": "2026-10-04 16:15:15"}
[DBG] {"category": "TRAIN", "component": "train", "elapsed_sec": 0.009907, "event": "END:broadcast_preference_length", "host": "d6b2a058c4be", "pid": 194534, "rank": 1, "ts": "2026-10-04 16:15:15"}
[DBG] {"category": "TRAIN", "component": "train", "event": "watchdog_armed", "host": "d6b2a058c4be", "pid": 194534, "rank": 1, "stage": "broadcast_preference_payload", "timeout_sec": 30.0, "ts": "2026-10-04 16:15:15"}
[DBG] {"category": "TRAIN", "component": "train", "elapsed_sec": 0.011082, "event": "END:broadcast_preference_payload", "host": "d6b2a058c4be", "pid": 194534, "rank": 1, "ts": "2026-10-04 16:15:15"}
[DBG] {"category": "TRAIN", "component": "train", "event": "BEGIN:broadcast_stop_flag", "host": "d6b2a058c4be", "pid": 194534, "rank": 1, "transport": "gloo_cpu", "ts": "2026-10-04 16:15:16", "value": null}
[DBG] {"category": "TRAIN", "component": "train", "event": "watchdog_armed", "host": "d6b2a058c4be", "pid": 194534, "rank": 1, "stage": "broadcast_stop_flag", "timeout_sec": 30.0, "ts": "2026-10-04 16:15:16"}
[DBG] {"category": "TRAIN", "component": "train", "elapsed_sec": 0.006099, "event": "END:broadcast_stop_flag", "host": "d6b2a058c4be", "pid": 194534, "rank": 1, "ts": "2026-10-04 16:15:16"}
[DBG] {"category": "TRAIN", "component": "train", "event": "BEGIN:broadcast_preference_payload", "has_payload": null, "host": "d6b2a058c4be", "pid": 194534, "rank": 1, "transport": "json_uint8_gloo", "ts": "2026-10-04 16:15:16"}
[DBG] {"category": "TRAIN", "component": "train", "event": "watchdog_armed", "host": "d6b2a058c4be", "pid": 194534, "rank": 1, "stage": "broadcast_preference_payload", "timeout_sec": 30.0, "ts": "2026-10-04 16:15:16"}
[DBG] {"bytes": null, "category": "TRAIN", "component": "train", "event": "BEGIN:broadcast_preference_length", "host": "d6b2a058c4be", "pid": 194534, "rank": 1, "transport": "gloo_cpu", "ts": "2026-10-04 16:15:16"}
[DBG] {"category": "TRAIN", "component": "train", "event": "watchdog_armed", "host": "d6b2a058c4be", "pid": 194534, "rank": 1, "stage": "broadcast_preference_length", "timeout_sec": 30.0, "ts": "2026-10-04 16:15:16"}
[DBG] {"category": "TRAIN", "component": "train", "elapsed_sec": 0.010895, "event": "END:broadcast_preference_length", "host": "d6b2a058c4be", "pid": 194534, "rank": 1, "ts": "2026-10-04 16:15:16"}
[DBG] {"category": "TRAIN", "component": "train", "event": "watchdog_armed", "host": "d6b2a058c4be", "pid": 194534, "rank": 1, "stage": "broadcast_preference_payload", "timeout_sec": 30.0, "ts": "2026-10-04 16:15:16"}
[DBG] {"category": "TRAIN", "component": "train", "elapsed_sec": 0.011976, "event": "END:broadcast_preference_payload", "host": "d6b2a058c4be", "pid": 194534, "rank": 1, "ts": "2026-10-04 16:15:16"}
[DBG] {"category": "TRAIN", "component": "train", "event": "BEGIN:broadcast_stop_flag", "host": "d6b2a058c4be", "pid": 194534, "rank": 1, "transport": "gloo_cpu", "ts": "2026-10-04 16:15:16", "value": null}
[DBG] {"category": "TRAIN", "component": "train", "event": "watchdog_armed", "host": "d6b2a058c4be", "pid": 194534, "rank": 1, "stage": "broadcast_stop_flag", "timeout_sec": 30.0, "ts": "2026-10-04 16:15:16"}
[DBG] {"category": "TRAIN", "component": "train", "elapsed_sec": 0.005679, "event": "END:broadcast_stop_flag", "host": "d6b2a058c4be", "pid": 194534, "rank": 1, "ts": "2026-10-04 16:15:16"}
[DBG] {"category": "TRAIN", "component": "train", "event": "BEGIN:broadcast_preference_payload", "has_payload": null, "host": "d6b2a058c4be", "pid": 194534, "rank": 1, "transport": "json_uint8_gloo", "ts": "2026-10-04 16:15:16"}
[DBG] {"category": "TRAIN", "component": "train", "event": "watchdog_armed", "host": "d6b2a058c4be", "pid": 194534, "rank": 1, "stage": "broadcast_preference_payload", "timeout_sec": 30.0, "ts": "2026-10-04 16:15:16"}
[DBG] {"bytes": null, "category": "TRAIN", "component": "train", "event": "BEGIN:broadcast_preference_length", "host": "d6b2a058c4be", "pid": 194534, "rank": 1, "transport": "gloo_cpu", "ts": "2026-10-04 16:15:16"}
[DBG] {"category": "TRAIN", "component": "train", "event": "watchdog_armed", "host": "d6b2a058c4be", "pid": 194534, "rank": 1, "stage": "broadcast_preference_length", "timeout_sec": 30.0, "ts": "2026-10-04 16:15:16"}
[DBG] {"category": "TRAIN", "component": "train", "elapsed_sec": 0.010045, "event": "END:broadcast_preference_length", "host": "d6b2a058c4be", "pid": 194534, "rank": 1, "ts": "2026-10-04 16:15:17"}
[DBG] {"category": "TRAIN", "component": "train", "event": "watchdog_armed", "host": "d6b2a058c4be", "pid": 194534, "rank": 1, "stage": "broadcast_preference_payload", "timeout_sec": 30.0, "ts": "2026-10-04 16:15:17"}
[DBG] {"category": "TRAIN", "component": "train", "elapsed_sec": 0.011219, "event": "END:broadcast_preference_payload", "host": "d6b2a058c4be", "pid": 194534, "rank": 1, "ts": "2026-10-04 16:15:17"}
[DBG] {"category": "TRAIN", "component": "train", "event": "BEGIN:broadcast_stop_flag", "host": "d6b2a058c4be", "pid": 194534, "rank": 1, "transport": "gloo_cpu", "ts": "2026-10-04 16:15:17", "value": null}
[DBG] {"category": "TRAIN", "component": "train", "event": "watchdog_armed", "host": "d6b2a058c4be", "pid": 194534, "rank": 1, "stage": "broadcast_stop_flag", "timeout_sec": 30.0, "ts": "2026-10-04 16:15:17"}
[DBG] {"category": "TRAIN", "component": "train", "elapsed_sec": 0.006461, "event": "END:broadcast_stop_flag", "host": "d6b2a058c4be", "pid": 194534, "rank": 1, "ts": "2026-10-04 16:15:17"}
[DBG] {"category": "TRAIN", "component": "train", "event": "BEGIN:broadcast_preference_payload", "has_payload": null, "host": "d6b2a058c4be", "pid": 194534, "rank": 1, "transport": "json_uint8_gloo", "ts": "2026-10-04 16:15:17"}
[DBG] {"category": "TRAIN", "component": "train", "event": "watchdog_armed", "host": "d6b2a058c4be", "pid": 194534, "rank": 1, "stage": "broadcast_preference_payload", "timeout_sec": 30.0, "ts": "2026-10-04 16:15:17"}
[DBG] {"bytes": null, "category": "TRAIN", "component": "train", "event": "BEGIN:broadcast_preference_length", "host": "d6b2a058c4be", "pid": 194534, "rank": 1, "transport": "gloo_cpu", "ts": "2026-10-04 16:15:17"}
[DBG] {"category": "TRAIN", "component": "train", "event": "watchdog_armed", "host": "d6b2a058c4be", "pid": 194534, "rank": 1, "stage": "broadcast_preference_length", "timeout_sec": 30.0, "ts": "2026-10-04 16:15:17"}
[DBG] {"category": "TRAIN", "component": "train", "elapsed_sec": 0.010631, "event": "END:broadcast_preference_length", "host": "d6b2a058c4be", "pid": 194534, "rank": 1, "ts": "2026-10-04 16:15:17"}
[DBG] {"category": "TRAIN", "component": "train", "event": "watchdog_armed", "host": "d6b2a058c4be", "pid": 194534, "rank": 1, "stage": "broadcast_preference_payload", "timeout_sec": 30.0, "ts": "2026-10-04 16:15:17"}
[DBG] {"category": "TRAIN", "component": "train", "elapsed_sec": 0.011811, "event": "END:broadcast_preference_payload", "host": "d6b2a058c4be", "pid": 194534, "rank": 1, "ts": "2026-10-04 16:15:17"}
[DBG] {"category": "TRAIN", "component": "train", "event": "BEGIN:broadcast_stop_flag", "host": "d6b2a058c4be", "pid": 194534, "rank": 1, "transport": "gloo_cpu", "ts": "2026-10-04 16:15:18", "value": null}
[DBG] {"category": "TRAIN", "component": "train", "event": "watchdog_armed", "host": "d6b2a058c4be", "pid": 194534, "rank": 1, "stage": "broadcast_stop_flag", "timeout_sec": 30.0, "ts": "2026-10-04 16:15:18"}
[DBG] {"category": "TRAIN", "component": "train", "elapsed_sec": 0.005377, "event": "END:broadcast_stop_flag", "host": "d6b2a058c4be", "pid": 194534, "rank": 1, "ts": "2026-10-04 16:15:18"}
[DBG] {"category": "TRAIN", "component": "train", "event": "BEGIN:broadcast_preference_payload", "has_payload": null, "host": "d6b2a058c4be", "pid": 194534, "rank": 1, "transport": "json_uint8_gloo", "ts": "2026-10-04 16:15:18"}
[DBG] {"category": "TRAIN", "component": "train", "event": "watchdog_armed", "host": "d6b2a058c4be", "pid": 194534, "rank": 1, "stage": "broadcast_preference_payload", "timeout_sec": 30.0, "ts": "2026-10-04 16:15:18"}
[DBG] {"bytes": null, "category": "TRAIN", "component": "train", "event": "BEGIN:broadcast_preference_length", "host": "d6b2a058c4be", "pid": 194534, "rank": 1, "transport": "gloo_cpu", "ts": "2026-10-04 16:15:18"}
[DBG] {"category": "TRAIN", "component": "train", "event": "watchdog_armed", "host": "d6b2a058c4be", "pid": 194534, "rank": 1, "stage": "broadcast_preference_length", "timeout_sec": 30.0, "ts": "2026-10-04 16:15:18"}
[DBG] {"category": "TRAIN", "component": "train", "elapsed_sec": 0.009767, "event": "END:broadcast_preference_length", "host": "d6b2a058c4be", "pid": 194534, "rank": 1, "ts": "2026-10-04 16:15:18"}
[DBG] {"category": "TRAIN", "component": "train", "event": "watchdog_armed", "host": "d6b2a058c4be", "pid": 194534, "rank": 1, "stage": "broadcast_preference_payload", "timeout_sec": 30.0, "ts": "2026-10-04 16:15:18"}
[DBG] {"category": "TRAIN", "component": "train", "elapsed_sec": 0.010889, "event": "END:broadcast_preference_payload", "host": "d6b2a058c4be", "pid": 194534, "rank": 1, "ts": "2026-10-04 16:15:18"}
[DBG] {"category": "TRAIN", "component": "train", "event": "BEGIN:broadcast_stop_flag", "host": "d6b2a058c4be", "pid": 194534, "rank": 1, "transport": "gloo_cpu", "ts": "2026-10-04 16:15:18", "value": null}
[DBG] {"category": "TRAIN", "component": "train", "event": "watchdog_armed", "host": "d6b2a058c4be", "pid": 194534, "rank": 1, "stage": "broadcast_stop_flag", "timeout_sec": 30.0, "ts": "2026-10-04 16:15:18"}
[DBG] {"category": "TRAIN", "component": "train", "elapsed_sec": 0.005679, "event": "END:broadcast_stop_flag", "host": "d6b2a058c4be", "pid": 194534, "rank": 1, "ts": "2026-10-04 16:15:18"}
[DBG] {"category": "TRAIN", "component": "train", "event": "BEGIN:broadcast_preference_payload", "has_payload": null, "host": "d6b2a058c4be", "pid": 194534, "rank": 1, "transport": "json_uint8_gloo", "ts": "2026-10-04 16:15:18"}
[DBG] {"category": "TRAIN", "component": "train", "event": "watchdog_armed", "host": "d6b2a058c4be", "pid": 194534, "rank": 1, "stage": "broadcast_preference_payload", "timeout_sec": 30.0, "ts": "2026-10-04 16:15:18"}
[DBG] {"bytes": null, "category": "TRAIN", "component": "train", "event": "BEGIN:broadcast_preference_length", "host": "d6b2a058c4be", "pid": 194534, "rank": 1, "transport": "gloo_cpu", "ts": "2026-10-04 16:15:18"}
[DBG] {"category": "TRAIN", "component": "train", "event": "watchdog_armed", "host": "d6b2a058c4be", "pid": 194534, "rank": 1, "stage": "broadcast_preference_length", "timeout_sec": 30.0, "ts": "2026-10-04 16:15:18"}
[DBG] {"category": "TRAIN", "component": "train", "elapsed_sec": 0.009858, "event": "END:broadcast_preference_length", "host": "d6b2a058c4be", "pid": 194534, "rank": 1, "ts": "2026-10-04 16:15:18"}
[DBG] {"category": "TRAIN", "component": "train", "event": "watchdog_armed", "host": "d6b2a058c4be", "pid": 194534, "rank": 1, "stage": "broadcast_preference_payload", "timeout_sec": 30.0, "ts": "2026-10-04 16:15:18"}
[DBG] {"category": "TRAIN", "component": "train", "elapsed_sec": 0.011005, "event": "END:broadcast_preference_payload", "host": "d6b2a058c4be", "pid": 194534, "rank": 1, "ts": "2026-10-04 16:15:18"}
[DBG] {"category": "TRAIN", "component": "train", "event": "BEGIN:broadcast_stop_flag", "host": "d6b2a058c4be", "pid": 194534, "rank": 1, "transport": "gloo_cpu", "ts": "2026-10-04 16:15:19", "value": null}
[DBG] {"category": "TRAIN", "component": "train", "event": "watchdog_armed", "host": "d6b2a058c4be", "pid": 194534, "rank": 1, "stage": "broadcast_stop_flag", "timeout_sec": 30.0, "ts": "2026-10-04 16:15:19"}
[DBG] {"category": "TRAIN", "component": "train", "elapsed_sec": 0.00583, "event": "END:broadcast_stop_flag", "host": "d6b2a058c4be", "pid": 194534, "rank": 1, "ts": "2026-10-04 16:15:19"}
[DBG] {"category": "TRAIN", "component": "train", "event": "BEGIN:broadcast_preference_payload", "has_payload": null, "host": "d6b2a058c4be", "pid": 194534, "rank": 1, "transport": "json_uint8_gloo", "ts": "2026-10-04 16:15:19"}
[DBG] {"category": "TRAIN", "component": "train", "event": "watchdog_armed", "host": "d6b2a058c4be", "pid": 194534, "rank": 1, "stage": "broadcast_preference_payload", "timeout_sec": 30.0, "ts": "2026-10-04 16:15:19"}
[DBG] {"bytes": null, "category": "TRAIN", "component": "train", "event": "BEGIN:broadcast_preference_length", "host": "d6b2a058c4be", "pid": 194534, "rank": 1, "transport": "gloo_cpu", "ts": "2026-10-04 16:15:19"}
[DBG] {"category": "TRAIN", "component": "train", "event": "watchdog_armed", "host": "d6b2a058c4be", "pid": 194534, "rank": 1, "stage": "broadcast_preference_length", "timeout_sec": 30.0, "ts": "2026-10-04 16:15:19"}
[DBG] {"category": "TRAIN", "component": "train", "elapsed_sec": 0.013124, "event": "END:broadcast_preference_length", "host": "d6b2a058c4be", "pid": 194534, "rank": 1, "ts": "2026-10-04 16:15:19"}
[DBG] {"category": "TRAIN", "component": "train", "event": "watchdog_armed", "host": "d6b2a058c4be", "pid": 194534, "rank": 1, "stage": "broadcast_preference_payload", "timeout_sec": 30.0, "ts": "2026-10-04 16:15:19"}
[DBG] {"category": "TRAIN", "component": "train", "elapsed_sec": 0.014291, "event": "END:broadcast_preference_payload", "host": "d6b2a058c4be", "pid": 194534, "rank": 1, "ts": "2026-10-04 16:15:19"}
[DBG] {"category": "TRAIN", "component": "train", "event": "BEGIN:broadcast_stop_flag", "host": "d6b2a058c4be", "pid": 194534, "rank": 1, "transport": "gloo_cpu", "ts": "2026-10-04 16:15:19", "value": null}
[DBG] {"category": "TRAIN", "component": "train", "event": "watchdog_armed", "host": "d6b2a058c4be", "pid": 194534, "rank": 1, "stage": "broadcast_stop_flag", "timeout_sec": 30.0, "ts": "2026-10-04 16:15:19"}
[DBG] {"category": "TRAIN", "component": "train", "elapsed_sec": 0.005386, "event": "END:broadcast_stop_flag", "host": "d6b2a058c4be", "pid": 194534, "rank": 1, "ts": "2026-10-04 16:15:19"}
[DBG] {"category": "TRAIN", "component": "train", "event": "BEGIN:broadcast_preference_payload", "has_payload": null, "host": "d6b2a058c4be", "pid": 194534, "rank": 1, "transport": "json_uint8_gloo", "ts": "2026-10-04 16:15:19"}
[DBG] {"category": "TRAIN", "component": "train", "event": "watchdog_armed", "host": "d6b2a058c4be", "pid": 194534, "rank": 1, "stage": "broadcast_preference_payload", "timeout_sec": 30.0, "ts": "2026-10-04 16:15:19"}
[DBG] {"bytes": null, "category": "TRAIN", "component": "train", "event": "BEGIN:broadcast_preference_length", "host": "d6b2a058c4be", "pid": 194534, "rank": 1, "transport": "gloo_cpu", "ts": "2026-10-04 16:15:19"}
[DBG] {"category": "TRAIN", "component": "train", "event": "watchdog_armed", "host": "d6b2a058c4be", "pid": 194534, "rank": 1, "stage": "broadcast_preference_length", "timeout_sec": 30.0, "ts": "2026-10-04 16:15:19"}
[DBG] {"category": "TRAIN", "component": "train", "elapsed_sec": 0.010385, "event": "END:broadcast_preference_length", "host": "d6b2a058c4be", "pid": 194534, "rank": 1, "ts": "2026-10-04 16:15:19"}
[DBG] {"category": "TRAIN", "component": "train", "event": "watchdog_armed", "host": "d6b2a058c4be", "pid": 194534, "rank": 1, "stage": "broadcast_preference_payload", "timeout_sec": 30.0, "ts": "2026-10-04 16:15:19"}
[DBG] {"category": "TRAIN", "component": "train", "elapsed_sec": 0.011365, "event": "END:broadcast_preference_payload", "host": "d6b2a058c4be", "pid": 194534, "rank": 1, "ts": "2026-10-04 16:15:19"}
[DBG] {"category": "TRAIN", "component": "train", "event": "BEGIN:broadcast_stop_flag", "host": "d6b2a058c4be", "pid": 194534, "rank": 1, "transport": "gloo_cpu", "ts": "2026-10-04 16:15:20", "value": null}
[DBG] {"category": "TRAIN", "component": "train", "event": "watchdog_armed", "host": "d6b2a058c4be", "pid": 194534, "rank": 1, "stage": "broadcast_stop_flag", "timeout_sec": 30.0, "ts": "2026-10-04 16:15:20"}
[DBG] {"category": "TRAIN", "component": "train", "elapsed_sec": 0.005396, "event": "END:broadcast_stop_flag", "host": "d6b2a058c4be", "pid": 194534, "rank": 1, "ts": "2026-10-04 16:15:20"}
[DBG] {"category": "TRAIN", "component": "train", "event": "BEGIN:broadcast_preference_payload", "has_payload": null, "host": "d6b2a058c4be", "pid": 194534, "rank": 1, "transport": "json_uint8_gloo", "ts": "2026-10-04 16:15:20"}
[DBG] {"category": "TRAIN", "component": "train", "event": "watchdog_armed", "host": "d6b2a058c4be", "pid": 194534, "rank": 1, "stage": "broadcast_preference_payload", "timeout_sec": 30.0, "ts": "2026-10-04 16:15:20"}
[DBG] {"bytes": null, "category": "TRAIN", "component": "train", "event": "BEGIN:broadcast_preference_length", "host": "d6b2a058c4be", "pid": 194534, "rank": 1, "transport": "gloo_cpu", "ts": "2026-10-04 16:15:20"}
[DBG] {"category": "TRAIN", "component": "train", "event": "watchdog_armed", "host": "d6b2a058c4be", "pid": 194534, "rank": 1, "stage": "broadcast_preference_length", "timeout_sec": 30.0, "ts": "2026-10-04 16:15:20"}
[DBG] {"category": "TRAIN", "component": "train", "elapsed_sec": 0.010408, "event": "END:broadcast_preference_length", "host": "d6b2a058c4be", "pid": 194534, "rank": 1, "ts": "2026-10-04 16:15:20"}
[DBG] {"category": "TRAIN", "component": "train", "event": "watchdog_armed", "host": "d6b2a058c4be", "pid": 194534, "rank": 1, "stage": "broadcast_preference_payload", "timeout_sec": 30.0, "ts": "2026-10-04 16:15:20"}
[DBG] {"category": "TRAIN", "component": "train", "elapsed_sec": 0.01178, "event": "END:broadcast_preference_payload", "host": "d6b2a058c4be", "pid": 194534, "rank": 1, "ts": "2026-10-04 16:15:20"}
[DBG] {"category": "TRAIN", "component": "train", "event": "BEGIN:broadcast_stop_flag", "host": "d6b2a058c4be", "pid": 194534, "rank": 1, "transport": "gloo_cpu", "ts": "2026-10-04 16:15:20", "value": null}
[DBG] {"category": "TRAIN", "component": "train", "event": "watchdog_armed", "host": "d6b2a058c4be", "pid": 194534, "rank": 1, "stage": "broadcast_stop_flag", "timeout_sec": 30.0, "ts": "2026-10-04 16:15:20"}
[DBG] {"category": "TRAIN", "component": "train", "elapsed_sec": 0.005836, "event": "END:broadcast_stop_flag", "host": "d6b2a058c4be", "pid": 194534, "rank": 1, "ts": "2026-10-04 16:15:20"}
[DBG] {"category": "TRAIN", "component": "train", "event": "BEGIN:broadcast_preference_payload", "has_payload": null, "host": "d6b2a058c4be", "pid": 194534, "rank": 1, "transport": "json_uint8_gloo", "ts": "2026-10-04 16:15:20"}
[DBG] {"category": "TRAIN", "component": "train", "event": "watchdog_armed", "host": "d6b2a058c4be", "pid": 194534, "rank": 1, "stage": "broadcast_preference_payload", "timeout_sec": 30.0, "ts": "2026-10-04 16:15:20"}
[DBG] {"bytes": null, "category": "TRAIN", "component": "train", "event": "BEGIN:broadcast_preference_length", "host": "d6b2a058c4be", "pid": 194534, "rank": 1, "transport": "gloo_cpu", "ts": "2026-10-04 16:15:20"}
[DBG] {"category": "TRAIN", "component": "train", "event": "watchdog_armed", "host": "d6b2a058c4be", "pid": 194534, "rank": 1, "stage": "broadcast_preference_length", "timeout_sec": 30.0, "ts": "2026-10-04 16:15:20"}
[DBG] {"category": "TRAIN", "component": "train", "elapsed_sec": 0.010726, "event": "END:broadcast_preference_length", "host": "d6b2a058c4be", "pid": 194534, "rank": 1, "ts": "2026-10-04 16:15:20"}
[DBG] {"category": "TRAIN", "component": "train", "event": "watchdog_armed", "host": "d6b2a058c4be", "pid": 194534, "rank": 1, "stage": "broadcast_preference_payload", "timeout_sec": 30.0, "ts": "2026-10-04 16:15:20"}
[DBG] {"category": "TRAIN", "component": "train", "elapsed_sec": 0.011913, "event": "END:broadcast_preference_payload", "host": "d6b2a058c4be", "pid": 194534, "rank": 1, "ts": "2026-10-04 16:15:20"}
[DBG] {"category": "TRAIN", "component": "train", "event": "BEGIN:broadcast_stop_flag", "host": "d6b2a058c4be", "pid": 194534, "rank": 1, "transport": "gloo_cpu", "ts": "2026-10-04 16:15:21", "value": null}
[DBG] {"category": "TRAIN", "component": "train", "event": "watchdog_armed", "host": "d6b2a058c4be", "pid": 194534, "rank": 1, "stage": "broadcast_stop_flag", "timeout_sec": 30.0, "ts": "2026-10-04 16:15:21"}
[DBG] {"category": "TRAIN", "component": "train", "elapsed_sec": 0.005397, "event": "END:broadcast_stop_flag", "host": "d6b2a058c4be", "pid": 194534, "rank": 1, "ts": "2026-10-04 16:15:21"}
[DBG] {"category": "TRAIN", "component": "train", "event": "BEGIN:broadcast_preference_payload", "has_payload": null, "host": "d6b2a058c4be", "pid": 194534, "rank": 1, "transport": "json_uint8_gloo", "ts": "2026-10-04 16:15:21"}
[DBG] {"category": "TRAIN", "component": "train", "event": "watchdog_armed", "host": "d6b2a058c4be", "pid": 194534, "rank": 1, "stage": "broadcast_preference_payload", "timeout_sec": 30.0, "ts": "2026-10-04 16:15:21"}
[DBG] {"bytes": null, "category": "TRAIN", "component": "train", "event": "BEGIN:broadcast_preference_length", "host": "d6b2a058c4be", "pid": 194534, "rank": 1, "transport": "gloo_cpu", "ts": "2026-10-04 16:15:21"}
[DBG] {"category": "TRAIN", "component": "train", "event": "watchdog_armed", "host": "d6b2a058c4be", "pid": 194534, "rank": 1, "stage": "broadcast_preference_length", "timeout_sec": 30.0, "ts": "2026-10-04 16:15:21"}
[DBG] {"category": "TRAIN", "component": "train", "elapsed_sec": 0.009836, "event": "END:broadcast_preference_length", "host": "d6b2a058c4be", "pid": 194534, "rank": 1, "ts": "2026-10-04 16:15:21"}
[DBG] {"category": "TRAIN", "component": "train", "event": "watchdog_armed", "host": "d6b2a058c4be", "pid": 194534, "rank": 1, "stage": "broadcast_preference_payload", "timeout_sec": 30.0, "ts": "2026-10-04 16:15:21"}
[DBG] {"category": "TRAIN", "component": "train", "elapsed_sec": 0.011121, "event": "END:broadcast_preference_payload", "host": "d6b2a058c4be", "pid": 194534, "rank": 1, "ts": "2026-10-04 16:15:21"}
[DBG] {"category": "TRAIN", "component": "train", "event": "BEGIN:broadcast_stop_flag", "host": "d6b2a058c4be", "pid": 194534, "rank": 1, "transport": "gloo_cpu", "ts": "2026-10-04 16:15:21", "value": null}
[DBG] {"category": "TRAIN", "component": "train", "event": "watchdog_armed", "host": "d6b2a058c4be", "pid": 194534, "rank": 1, "stage": "broadcast_stop_flag", "timeout_sec": 30.0, "ts": "2026-10-04 16:15:21"}
[DBG] {"category": "TRAIN", "component": "train", "elapsed_sec": 0.005595, "event": "END:broadcast_stop_flag", "host": "d6b2a058c4be", "pid": 194534, "rank": 1, "ts": "2026-10-04 16:15:21"}
[DBG] {"category": "TRAIN", "component": "train", "event": "BEGIN:broadcast_preference_payload", "has_payload": null, "host": "d6b2a058c4be", "pid": 194534, "rank": 1, "transport": "json_uint8_gloo", "ts": "2026-10-04 16:15:21"}
[DBG] {"category": "TRAIN", "component": "train", "event": "watchdog_armed", "host": "d6b2a058c4be", "pid": 194534, "rank": 1, "stage": "broadcast_preference_payload", "timeout_sec": 30.0, "ts": "2026-10-04 16:15:21"}
[DBG] {"bytes": null, "category": "TRAIN", "component": "train", "event": "BEGIN:broadcast_preference_length", "host": "d6b2a058c4be", "pid": 194534, "rank": 1, "transport": "gloo_cpu", "ts": "2026-10-04 16:15:21"}
[DBG] {"category": "TRAIN", "component": "train", "event": "watchdog_armed", "host": "d6b2a058c4be", "pid": 194534, "rank": 1, "stage": "broadcast_preference_length", "timeout_sec": 30.0, "ts": "2026-10-04 16:15:21"}
[DBG] {"category": "TRAIN", "component": "train", "elapsed_sec": 0.01057, "event": "END:broadcast_preference_length", "host": "d6b2a058c4be", "pid": 194534, "rank": 1, "ts": "2026-10-04 16:15:21"}
[DBG] {"category": "TRAIN", "component": "train", "event": "watchdog_armed", "host": "d6b2a058c4be", "pid": 194534, "rank": 1, "stage": "broadcast_preference_payload", "timeout_sec": 30.0, "ts": "2026-10-04 16:15:21"}
[DBG] {"category": "TRAIN", "component": "train", "elapsed_sec": 0.011764, "event": "END:broadcast_preference_payload", "host": "d6b2a058c4be", "pid": 194534, "rank": 1, "ts": "2026-10-04 16:15:21"}
[DBG] {"category": "TRAIN", "component": "train", "event": "BEGIN:broadcast_stop_flag", "host": "d6b2a058c4be", "pid": 194534, "rank": 1, "transport": "gloo_cpu", "ts": "2026-10-04 16:15:22", "value": null}
[DBG] {"category": "TRAIN", "component": "train", "event": "watchdog_armed", "host": "d6b2a058c4be", "pid": 194534, "rank": 1, "stage": "broadcast_stop_flag", "timeout_sec": 30.0, "ts": "2026-10-04 16:15:22"}
[DBG] {"category": "TRAIN", "component": "train", "elapsed_sec": 0.00573, "event": "END:broadcast_stop_flag", "host": "d6b2a058c4be", "pid": 194534, "rank": 1, "ts": "2026-10-04 16:15:22"}
[DBG] {"category": "TRAIN", "component": "train", "event": "BEGIN:broadcast_preference_payload", "has_payload": null, "host": "d6b2a058c4be", "pid": 194534, "rank": 1, "transport": "json_uint8_gloo", "ts": "2026-10-04 16:15:22"}
[DBG] {"category": "TRAIN", "component": "train", "event": "watchdog_armed", "host": "d6b2a058c4be", "pid": 194534, "rank": 1, "stage": "broadcast_preference_payload", "timeout_sec": 30.0, "ts": "2026-10-04 16:15:22"}
[DBG] {"bytes": null, "category": "TRAIN", "component": "train", "event": "BEGIN:broadcast_preference_length", "host": "d6b2a058c4be", "pid": 194534, "rank": 1, "transport": "gloo_cpu", "ts": "2026-10-04 16:15:22"}
[DBG] {"category": "TRAIN", "component": "train", "event": "watchdog_armed", "host": "d6b2a058c4be", "pid": 194534, "rank": 1, "stage": "broadcast_preference_length", "timeout_sec": 30.0, "ts": "2026-10-04 16:15:22"}
[DBG] {"category": "TRAIN", "component": "train", "elapsed_sec": 0.012066, "event": "END:broadcast_preference_length", "host": "d6b2a058c4be", "pid": 194534, "rank": 1, "ts": "2026-10-04 16:15:22"}
[DBG] {"category": "TRAIN", "component": "train", "event": "watchdog_armed", "host": "d6b2a058c4be", "pid": 194534, "rank": 1, "stage": "broadcast_preference_payload", "timeout_sec": 30.0, "ts": "2026-10-04 16:15:22"}
[DBG] {"category": "TRAIN", "component": "train", "elapsed_sec": 0.013236, "event": "END:broadcast_preference_payload", "host": "d6b2a058c4be", "pid": 194534, "rank": 1, "ts": "2026-10-04 16:15:22"}
[DBG] {"category": "TRAIN", "component": "train", "event": "BEGIN:broadcast_stop_flag", "host": "d6b2a058c4be", "pid": 194534, "rank": 1, "transport": "gloo_cpu", "ts": "2026-10-04 16:15:22", "value": null}
[DBG] {"category": "TRAIN", "component": "train", "event": "watchdog_armed", "host": "d6b2a058c4be", "pid": 194534, "rank": 1, "stage": "broadcast_stop_flag", "timeout_sec": 30.0, "ts": "2026-10-04 16:15:22"}
[DBG] {"category": "TRAIN", "component": "train", "elapsed_sec": 0.00629, "event": "END:broadcast_stop_flag", "host": "d6b2a058c4be", "pid": 194534, "rank": 1, "ts": "2026-10-04 16:15:22"}
[DBG] {"category": "TRAIN", "component": "train", "event": "BEGIN:broadcast_preference_payload", "has_payload": null, "host": "d6b2a058c4be", "pid": 194534, "rank": 1, "transport": "json_uint8_gloo", "ts": "2026-10-04 16:15:22"}
[DBG] {"category": "TRAIN", "component": "train", "event": "watchdog_armed", "host": "d6b2a058c4be", "pid": 194534, "rank": 1, "stage": "broadcast_preference_payload", "timeout_sec": 30.0, "ts": "2026-10-04 16:15:22"}
[DBG] {"bytes": null, "category": "TRAIN", "component": "train", "event": "BEGIN:broadcast_preference_length", "host": "d6b2a058c4be", "pid": 194534, "rank": 1, "transport": "gloo_cpu", "ts": "2026-10-04 16:15:22"}
[DBG] {"category": "TRAIN", "component": "train", "event": "watchdog_armed", "host": "d6b2a058c4be", "pid": 194534, "rank": 1, "stage": "broadcast_preference_length", "timeout_sec": 30.0, "ts": "2026-10-04 16:15:22"}
[DBG] {"category": "TRAIN", "component": "train", "elapsed_sec": 0.013261, "event": "END:broadcast_preference_length", "host": "d6b2a058c4be", "pid": 194534, "rank": 1, "ts": "2026-10-04 16:15:22"}
[DBG] {"category": "TRAIN", "component": "train", "event": "watchdog_armed", "host": "d6b2a058c4be", "pid": 194534, "rank": 1, "stage": "broadcast_preference_payload", "timeout_sec": 30.0, "ts": "2026-10-04 16:15:22"}
[DBG] {"category": "TRAIN", "component": "train", "elapsed_sec": 0.014412, "event": "END:broadcast_preference_payload", "host": "d6b2a058c4be", "pid": 194534, "rank": 1, "ts": "2026-10-04 16:15:22"}
[DBG] {"category": "TRAIN", "component": "train", "event": "BEGIN:broadcast_stop_flag", "host": "d6b2a058c4be", "pid": 194534, "rank": 1, "transport": "gloo_cpu", "ts": "2026-10-04 16:15:23", "value": null}
[DBG] {"category": "TRAIN", "component": "train", "event": "watchdog_armed", "host": "d6b2a058c4be", "pid": 194534, "rank": 1, "stage": "broadcast_stop_flag", "timeout_sec": 30.0, "ts": "2026-10-04 16:15:23"}
[DBG] {"category": "TRAIN", "component": "train", "elapsed_sec": 0.006073, "event": "END:broadcast_stop_flag", "host": "d6b2a058c4be", "pid": 194534, "rank": 1, "ts": "2026-10-04 16:15:23"}
[DBG] {"category": "TRAIN", "component": "train", "event": "BEGIN:broadcast_preference_payload", "has_payload": null, "host": "d6b2a058c4be", "pid": 194534, "rank": 1, "transport": "json_uint8_gloo", "ts": "2026-10-04 16:15:23"}
[DBG] {"category": "TRAIN", "component": "train", "event": "watchdog_armed", "host": "d6b2a058c4be", "pid": 194534, "rank": 1, "stage": "broadcast_preference_payload", "timeout_sec": 30.0, "ts": "2026-10-04 16:15:23"}
[DBG] {"bytes": null, "category": "TRAIN", "component": "train", "event": "BEGIN:broadcast_preference_length", "host": "d6b2a058c4be", "pid": 194534, "rank": 1, "transport": "gloo_cpu", "ts": "2026-10-04 16:15:23"}
[DBG] {"category": "TRAIN", "component": "train", "event": "watchdog_armed", "host": "d6b2a058c4be", "pid": 194534, "rank": 1, "stage": "broadcast_preference_length", "timeout_sec": 30.0, "ts": "2026-10-04 16:15:23"}
[DBG] {"category": "TRAIN", "component": "train", "elapsed_sec": 0.011976, "event": "END:broadcast_preference_length", "host": "d6b2a058c4be", "pid": 194534, "rank": 1, "ts": "2026-10-04 16:15:23"}
[DBG] {"category": "TRAIN", "component": "train", "event": "watchdog_armed", "host": "d6b2a058c4be", "pid": 194534, "rank": 1, "stage": "broadcast_preference_payload", "timeout_sec": 30.0, "ts": "2026-10-04 16:15:23"}
[DBG] {"category": "TRAIN", "component": "train", "elapsed_sec": 0.013264, "event": "END:broadcast_preference_payload", "host": "d6b2a058c4be", "pid": 194534, "rank": 1, "ts": "2026-10-04 16:15:23"}
[DBG] {"category": "TRAIN", "component": "train", "event": "BEGIN:broadcast_stop_flag", "host": "d6b2a058c4be", "pid": 194534, "rank": 1, "transport": "gloo_cpu", "ts": "2026-10-04 16:15:23", "value": null}
[DBG] {"category": "TRAIN", "component": "train", "event": "watchdog_armed", "host": "d6b2a058c4be", "pid": 194534, "rank": 1, "stage": "broadcast_stop_flag", "timeout_sec": 30.0, "ts": "2026-10-04 16:15:23"}
[DBG] {"category": "TRAIN", "component": "train", "elapsed_sec": 0.005938, "event": "END:broadcast_stop_flag", "host": "d6b2a058c4be", "pid": 194534, "rank": 1, "ts": "2026-10-04 16:15:23"}
[DBG] {"category": "TRAIN", "component": "train", "event": "BEGIN:broadcast_preference_payload", "has_payload": null, "host": "d6b2a058c4be", "pid": 194534, "rank": 1, "transport": "json_uint8_gloo", "ts": "2026-10-04 16:15:23"}
[DBG] {"category": "TRAIN", "component": "train", "event": "watchdog_armed", "host": "d6b2a058c4be", "pid": 194534, "rank": 1, "stage": "broadcast_preference_payload", "timeout_sec": 30.0, "ts": "2026-10-04 16:15:23"}
[DBG] {"bytes": null, "category": "TRAIN", "component": "train", "event": "BEGIN:broadcast_preference_length", "host": "d6b2a058c4be", "pid": 194534, "rank": 1, "transport": "gloo_cpu", "ts": "2026-10-04 16:15:23"}
[DBG] {"category": "TRAIN", "component": "train", "event": "watchdog_armed", "host": "d6b2a058c4be", "pid": 194534, "rank": 1, "stage": "broadcast_preference_length", "timeout_sec": 30.0, "ts": "2026-10-04 16:15:23"}
[DBG] {"category": "TRAIN", "component": "train", "elapsed_sec": 0.013507, "event": "END:broadcast_preference_length", "host": "d6b2a058c4be", "pid": 194534, "rank": 1, "ts": "2026-10-04 16:15:23"}
[DBG] {"category": "TRAIN", "component": "train", "event": "watchdog_armed", "host": "d6b2a058c4be", "pid": 194534, "rank": 1, "stage": "broadcast_preference_payload", "timeout_sec": 30.0, "ts": "2026-10-04 16:15:23"}
[DBG] {"category": "TRAIN", "component": "train", "elapsed_sec": 0.014678, "event": "END:broadcast_preference_payload", "host": "d6b2a058c4be", "pid": 194534, "rank": 1, "ts": "2026-10-04 16:15:23"}
[DBG] {"category": "TRAIN", "component": "train", "event": "BEGIN:broadcast_stop_flag", "host": "d6b2a058c4be", "pid": 194534, "rank": 1, "transport": "gloo_cpu", "ts": "2026-10-04 16:15:24", "value": null}
[DBG] {"category": "TRAIN", "component": "train", "event": "watchdog_armed", "host": "d6b2a058c4be", "pid": 194534, "rank": 1, "stage": "broadcast_stop_flag", "timeout_sec": 30.0, "ts": "2026-10-04 16:15:24"}
[DBG] {"category": "TRAIN", "component": "train", "elapsed_sec": 0.005698, "event": "END:broadcast_stop_flag", "host": "d6b2a058c4be", "pid": 194534, "rank": 1, "ts": "2026-10-04 16:15:24"}
[DBG] {"category": "TRAIN", "component": "train", "event": "BEGIN:broadcast_preference_payload", "has_payload": null, "host": "d6b2a058c4be", "pid": 194534, "rank": 1, "transport": "json_uint8_gloo", "ts": "2026-10-04 16:15:24"}
[DBG] {"category": "TRAIN", "component": "train", "event": "watchdog_armed", "host": "d6b2a058c4be", "pid": 194534, "rank": 1, "stage": "broadcast_preference_payload", "timeout_sec": 30.0, "ts": "2026-10-04 16:15:24"}
[DBG] {"bytes": null, "category": "TRAIN", "component": "train", "event": "BEGIN:broadcast_preference_length", "host": "d6b2a058c4be", "pid": 194534, "rank": 1, "transport": "gloo_cpu", "ts": "2026-10-04 16:15:24"}
[DBG] {"category": "TRAIN", "component": "train", "event": "watchdog_armed", "host": "d6b2a058c4be", "pid": 194534, "rank": 1, "stage": "broadcast_preference_length", "timeout_sec": 30.0, "ts": "2026-10-04 16:15:24"}
[DBG] {"category": "TRAIN", "component": "train", "elapsed_sec": 0.012202, "event": "END:broadcast_preference_length", "host": "d6b2a058c4be", "pid": 194534, "rank": 1, "ts": "2026-10-04 16:15:24"}
[DBG] {"category": "TRAIN", "component": "train", "event": "watchdog_armed", "host": "d6b2a058c4be", "pid": 194534, "rank": 1, "stage": "broadcast_preference_payload", "timeout_sec": 30.0, "ts": "2026-10-04 16:15:24"}
[DBG] {"category": "TRAIN", "component": "train", "elapsed_sec": 0.01341, "event": "END:broadcast_preference_payload", "host": "d6b2a058c4be", "pid": 194534, "rank": 1, "ts": "2026-10-04 16:15:24"}
[DBG] {"category": "TRAIN", "component": "train", "event": "BEGIN:broadcast_stop_flag", "host": "d6b2a058c4be", "pid": 194534, "rank": 1, "transport": "gloo_cpu", "ts": "2026-10-04 16:15:24", "value": null}
[DBG] {"category": "TRAIN", "component": "train", "event": "watchdog_armed", "host": "d6b2a058c4be", "pid": 194534, "rank": 1, "stage": "broadcast_stop_flag", "timeout_sec": 30.0, "ts": "2026-10-04 16:15:24"}
[DBG] {"category": "TRAIN", "component": "train", "elapsed_sec": 0.005615, "event": "END:broadcast_stop_flag", "host": "d6b2a058c4be", "pid": 194534, "rank": 1, "ts": "2026-10-04 16:15:24"}
[DBG] {"category": "TRAIN", "component": "train", "event": "BEGIN:broadcast_preference_payload", "has_payload": null, "host": "d6b2a058c4be", "pid": 194534, "rank": 1, "transport": "json_uint8_gloo", "ts": "2026-10-04 16:15:24"}
[DBG] {"category": "TRAIN", "component": "train", "event": "watchdog_armed", "host": "d6b2a058c4be", "pid": 194534, "rank": 1, "stage": "broadcast_preference_payload", "timeout_sec": 30.0, "ts": "2026-10-04 16:15:24"}
[DBG] {"bytes": null, "category": "TRAIN", "component": "train", "event": "BEGIN:broadcast_preference_length", "host": "d6b2a058c4be", "pid": 194534, "rank": 1, "transport": "gloo_cpu", "ts": "2026-10-04 16:15:24"}
[DBG] {"category": "TRAIN", "component": "train", "event": "watchdog_armed", "host": "d6b2a058c4be", "pid": 194534, "rank": 1, "stage": "broadcast_preference_length", "timeout_sec": 30.0, "ts": "2026-10-04 16:15:24"}
[DBG] {"category": "TRAIN", "component": "train", "elapsed_sec": 0.012212, "event": "END:broadcast_preference_length", "host": "d6b2a058c4be", "pid": 194534, "rank": 1, "ts": "2026-10-04 16:15:24"}
[DBG] {"category": "TRAIN", "component": "train", "event": "watchdog_armed", "host": "d6b2a058c4be", "pid": 194534, "rank": 1, "stage": "broadcast_preference_payload", "timeout_sec": 30.0, "ts": "2026-10-04 16:15:24"}
[DBG] {"category": "TRAIN", "component": "train", "elapsed_sec": 0.0134, "event": "END:broadcast_preference_payload", "host": "d6b2a058c4be", "pid": 194534, "rank": 1, "ts": "2026-10-04 16:15:24"}
[DBG] {"category": "TRAIN", "component": "train", "event": "BEGIN:broadcast_stop_flag", "host": "d6b2a058c4be", "pid": 194534, "rank": 1, "transport": "gloo_cpu", "ts": "2026-10-04 16:15:25", "value": null}
[DBG] {"category": "TRAIN", "component": "train", "event": "watchdog_armed", "host": "d6b2a058c4be", "pid": 194534, "rank": 1, "stage": "broadcast_stop_flag", "timeout_sec": 30.0, "ts": "2026-10-04 16:15:25"}
[DBG] {"category": "TRAIN", "component": "train", "elapsed_sec": 0.005853, "event": "END:broadcast_stop_flag", "host": "d6b2a058c4be", "pid": 194534, "rank": 1, "ts": "2026-10-04 16:15:25"}
[DBG] {"category": "TRAIN", "component": "train", "event": "BEGIN:broadcast_preference_payload", "has_payload": null, "host": "d6b2a058c4be", "pid": 194534, "rank": 1, "transport": "json_uint8_gloo", "ts": "2026-10-04 16:15:25"}
[DBG] {"category": "TRAIN", "component": "train", "event": "watchdog_armed", "host": "d6b2a058c4be", "pid": 194534, "rank": 1, "stage": "broadcast_preference_payload", "timeout_sec": 30.0, "ts": "2026-10-04 16:15:25"}
[DBG] {"bytes": null, "category": "TRAIN", "component": "train", "event": "BEGIN:broadcast_preference_length", "host": "d6b2a058c4be", "pid": 194534, "rank": 1, "transport": "gloo_cpu", "ts": "2026-10-04 16:15:25"}
[DBG] {"category": "TRAIN", "component": "train", "event": "watchdog_armed", "host": "d6b2a058c4be", "pid": 194534, "rank": 1, "stage": "broadcast_preference_length", "timeout_sec": 30.0, "ts": "2026-10-04 16:15:25"}
[DBG] {"category": "TRAIN", "component": "train", "elapsed_sec": 0.012829, "event": "END:broadcast_preference_length", "host": "d6b2a058c4be", "pid": 194534, "rank": 1, "ts": "2026-10-04 16:15:25"}
[DBG] {"category": "TRAIN", "component": "train", "event": "watchdog_armed", "host": "d6b2a058c4be", "pid": 194534, "rank": 1, "stage": "broadcast_preference_payload", "timeout_sec": 30.0, "ts": "2026-10-04 16:15:25"}
[DBG] {"category": "TRAIN", "component": "train", "elapsed_sec": 0.01404, "event": "END:broadcast_preference_payload", "host": "d6b2a058c4be", "pid": 194534, "rank": 1, "ts": "2026-10-04 16:15:25"}
[DBG] {"category": "TRAIN", "component": "train", "event": "BEGIN:broadcast_stop_flag", "host": "d6b2a058c4be", "pid": 194534, "rank": 1, "transport": "gloo_cpu", "ts": "2026-10-04 16:15:25", "value": null}
[DBG] {"category": "TRAIN", "component": "train", "event": "watchdog_armed", "host": "d6b2a058c4be", "pid": 194534, "rank": 1, "stage": "broadcast_stop_flag", "timeout_sec": 30.0, "ts": "2026-10-04 16:15:25"}
[DBG] {"category": "TRAIN", "component": "train", "elapsed_sec": 0.006443, "event": "END:broadcast_stop_flag", "host": "d6b2a058c4be", "pid": 194534, "rank": 1, "ts": "2026-10-04 16:15:25"}
[DBG] {"category": "TRAIN", "component": "train", "event": "BEGIN:broadcast_preference_payload", "has_payload": null, "host": "d6b2a058c4be", "pid": 194534, "rank": 1, "transport": "json_uint8_gloo", "ts": "2026-10-04 16:15:25"}
[DBG] {"category": "TRAIN", "component": "train", "event": "watchdog_armed", "host": "d6b2a058c4be", "pid": 194534, "rank": 1, "stage": "broadcast_preference_payload", "timeout_sec": 30.0, "ts": "2026-10-04 16:15:25"}
[DBG] {"bytes": null, "category": "TRAIN", "component": "train", "event": "BEGIN:broadcast_preference_length", "host": "d6b2a058c4be", "pid": 194534, "rank": 1, "transport": "gloo_cpu", "ts": "2026-10-04 16:15:25"}
[DBG] {"category": "TRAIN", "component": "train", "event": "watchdog_armed", "host": "d6b2a058c4be", "pid": 194534, "rank": 1, "stage": "broadcast_preference_length", "timeout_sec": 30.0, "ts": "2026-10-04 16:15:25"}
[DBG] {"category": "TRAIN", "component": "train", "elapsed_sec": 0.013998, "event": "END:broadcast_preference_length", "host": "d6b2a058c4be", "pid": 194534, "rank": 1, "ts": "2026-10-04 16:15:25"}
[DBG] {"category": "TRAIN", "component": "train", "event": "watchdog_armed", "host": "d6b2a058c4be", "pid": 194534, "rank": 1, "stage": "broadcast_preference_payload", "timeout_sec": 30.0, "ts": "2026-10-04 16:15:25"}
[DBG] {"category": "TRAIN", "component": "train", "elapsed_sec": 0.015274, "event": "END:broadcast_preference_payload", "host": "d6b2a058c4be", "pid": 194534, "rank": 1, "ts": "2026-10-04 16:15:25"}
[DBG] {"category": "TRAIN", "component": "train", "event": "BEGIN:broadcast_stop_flag", "host": "d6b2a058c4be", "pid": 194534, "rank": 1, "transport": "gloo_cpu", "ts": "2026-10-04 16:15:26", "value": null}
[DBG] {"category": "TRAIN", "component": "train", "event": "watchdog_armed", "host": "d6b2a058c4be", "pid": 194534, "rank": 1, "stage": "broadcast_stop_flag", "timeout_sec": 30.0, "ts": "2026-10-04 16:15:26"}
[DBG] {"category": "TRAIN", "component": "train", "elapsed_sec": 0.005895, "event": "END:broadcast_stop_flag", "host": "d6b2a058c4be", "pid": 194534, "rank": 1, "ts": "2026-10-04 16:15:26"}
[DBG] {"category": "TRAIN", "component": "train", "event": "BEGIN:broadcast_preference_payload", "has_payload": null, "host": "d6b2a058c4be", "pid": 194534, "rank": 1, "transport": "json_uint8_gloo", "ts": "2026-10-04 16:15:26"}
[DBG] {"category": "TRAIN", "component": "train", "event": "watchdog_armed", "host": "d6b2a058c4be", "pid": 194534, "rank": 1, "stage": "broadcast_preference_payload", "timeout_sec": 30.0, "ts": "2026-10-04 16:15:26"}
[DBG] {"bytes": null, "category": "TRAIN", "component": "train", "event": "BEGIN:broadcast_preference_length", "host": "d6b2a058c4be", "pid": 194534, "rank": 1, "transport": "gloo_cpu", "ts": "2026-10-04 16:15:26"}
[DBG] {"category": "TRAIN", "component": "train", "event": "watchdog_armed", "host": "d6b2a058c4be", "pid": 194534, "rank": 1, "stage": "broadcast_preference_length", "timeout_sec": 30.0, "ts": "2026-10-04 16:15:26"}
[DBG] {"category": "TRAIN", "component": "train", "elapsed_sec": 0.012632, "event": "END:broadcast_preference_length", "host": "d6b2a058c4be", "pid": 194534, "rank": 1, "ts": "2026-10-04 16:15:26"}
[DBG] {"category": "TRAIN", "component": "train", "event": "watchdog_armed", "host": "d6b2a058c4be", "pid": 194534, "rank": 1, "stage": "broadcast_preference_payload", "timeout_sec": 30.0, "ts": "2026-10-04 16:15:26"}
[DBG] {"category": "TRAIN", "component": "train", "elapsed_sec": 0.013892, "event": "END:broadcast_preference_payload", "host": "d6b2a058c4be", "pid": 194534, "rank": 1, "ts": "2026-10-04 16:15:26"}
[DBG] {"category": "TRAIN", "component": "train", "event": "BEGIN:broadcast_stop_flag", "host": "d6b2a058c4be", "pid": 194534, "rank": 1, "transport": "gloo_cpu", "ts": "2026-10-04 16:15:26", "value": null}
[DBG] {"category": "TRAIN", "component": "train", "event": "watchdog_armed", "host": "d6b2a058c4be", "pid": 194534, "rank": 1, "stage": "broadcast_stop_flag", "timeout_sec": 30.0, "ts": "2026-10-04 16:15:26"}
[DBG] {"category": "TRAIN", "component": "train", "elapsed_sec": 0.005745, "event": "END:broadcast_stop_flag", "host": "d6b2a058c4be", "pid": 194534, "rank": 1, "ts": "2026-10-04 16:15:26"}
[DBG] {"category": "TRAIN", "component": "train", "event": "BEGIN:broadcast_preference_payload", "has_payload": null, "host": "d6b2a058c4be", "pid": 194534, "rank": 1, "transport": "json_uint8_gloo", "ts": "2026-10-04 16:15:26"}
[DBG] {"category": "TRAIN", "component": "train", "event": "watchdog_armed", "host": "d6b2a058c4be", "pid": 194534, "rank": 1, "stage": "broadcast_preference_payload", "timeout_sec": 30.0, "ts": "2026-10-04 16:15:26"}
[DBG] {"bytes": null, "category": "TRAIN", "component": "train", "event": "BEGIN:broadcast_preference_length", "host": "d6b2a058c4be", "pid": 194534, "rank": 1, "transport": "gloo_cpu", "ts": "2026-10-04 16:15:26"}
[DBG] {"category": "TRAIN", "component": "train", "event": "watchdog_armed", "host": "d6b2a058c4be", "pid": 194534, "rank": 1, "stage": "broadcast_preference_length", "timeout_sec": 30.0, "ts": "2026-10-04 16:15:26"}
[DBG] {"category": "TRAIN", "component": "train", "elapsed_sec": 0.013267, "event": "END:broadcast_preference_length", "host": "d6b2a058c4be", "pid": 194534, "rank": 1, "ts": "2026-10-04 16:15:26"}
[DBG] {"category": "TRAIN", "component": "train", "event": "watchdog_armed", "host": "d6b2a058c4be", "pid": 194534, "rank": 1, "stage": "broadcast_preference_payload", "timeout_sec": 30.0, "ts": "2026-10-04 16:15:26"}
[DBG] {"category": "TRAIN", "component": "train", "elapsed_sec": 0.01447, "event": "END:broadcast_preference_payload", "host": "d6b2a058c4be", "pid": 194534, "rank": 1, "ts": "2026-10-04 16:15:26"}
[DBG] {"category": "TRAIN", "component": "train", "event": "BEGIN:broadcast_stop_flag", "host": "d6b2a058c4be", "pid": 194534, "rank": 1, "transport": "gloo_cpu", "ts": "2026-10-04 16:15:27", "value": null}
[DBG] {"category": "TRAIN", "component": "train", "event": "watchdog_armed", "host": "d6b2a058c4be", "pid": 194534, "rank": 1, "stage": "broadcast_stop_flag", "timeout_sec": 30.0, "ts": "2026-10-04 16:15:27"}
[DBG] {"category": "TRAIN", "component": "train", "elapsed_sec": 0.005653, "event": "END:broadcast_stop_flag", "host": "d6b2a058c4be", "pid": 194534, "rank": 1, "ts": "2026-10-04 16:15:27"}
[DBG] {"category": "TRAIN", "component": "train", "event": "BEGIN:broadcast_preference_payload", "has_payload": null, "host": "d6b2a058c4be", "pid": 194534, "rank": 1, "transport": "json_uint8_gloo", "ts": "2026-10-04 16:15:27"}
[DBG] {"category": "TRAIN", "component": "train", "event": "watchdog_armed", "host": "d6b2a058c4be", "pid": 194534, "rank": 1, "stage": "broadcast_preference_payload", "timeout_sec": 30.0, "ts": "2026-10-04 16:15:27"}
[DBG] {"bytes": null, "category": "TRAIN", "component": "train", "event": "BEGIN:broadcast_preference_length", "host": "d6b2a058c4be", "pid": 194534, "rank": 1, "transport": "gloo_cpu", "ts": "2026-10-04 16:15:27"}
[DBG] {"category": "TRAIN", "component": "train", "event": "watchdog_armed", "host": "d6b2a058c4be", "pid": 194534, "rank": 1, "stage": "broadcast_preference_length", "timeout_sec": 30.0, "ts": "2026-10-04 16:15:27"}
[DBG] {"category": "TRAIN", "component": "train", "elapsed_sec": 0.012463, "event": "END:broadcast_preference_length", "host": "d6b2a058c4be", "pid": 194534, "rank": 1, "ts": "2026-10-04 16:15:27"}
[DBG] {"category": "TRAIN", "component": "train", "event": "watchdog_armed", "host": "d6b2a058c4be", "pid": 194534, "rank": 1, "stage": "broadcast_preference_payload", "timeout_sec": 30.0, "ts": "2026-10-04 16:15:27"}
[DBG] {"category": "TRAIN", "component": "train", "elapsed_sec": 0.013683, "event": "END:broadcast_preference_payload", "host": "d6b2a058c4be", "pid": 194534, "rank": 1, "ts": "2026-10-04 16:15:27"}
[DBG] {"category": "TRAIN", "component": "train", "event": "BEGIN:broadcast_stop_flag", "host": "d6b2a058c4be", "pid": 194534, "rank": 1, "transport": "gloo_cpu", "ts": "2026-10-04 16:15:27", "value": null}
[DBG] {"category": "TRAIN", "component": "train", "event": "watchdog_armed", "host": "d6b2a058c4be", "pid": 194534, "rank": 1, "stage": "broadcast_stop_flag", "timeout_sec": 30.0, "ts": "2026-10-04 16:15:27"}
[DBG] {"category": "TRAIN", "component": "train", "elapsed_sec": 0.005362, "event": "END:broadcast_stop_flag", "host": "d6b2a058c4be", "pid": 194534, "rank": 1, "ts": "2026-10-04 16:15:27"}
[DBG] {"category": "TRAIN", "component": "train", "event": "BEGIN:broadcast_preference_payload", "has_payload": null, "host": "d6b2a058c4be", "pid": 194534, "rank": 1, "transport": "json_uint8_gloo", "ts": "2026-10-04 16:15:27"}
[DBG] {"category": "TRAIN", "component": "train", "event": "watchdog_armed", "host": "d6b2a058c4be", "pid": 194534, "rank": 1, "stage": "broadcast_preference_payload", "timeout_sec": 30.0, "ts": "2026-10-04 16:15:27"}
[DBG] {"bytes": null, "category": "TRAIN", "component": "train", "event": "BEGIN:broadcast_preference_length", "host": "d6b2a058c4be", "pid": 194534, "rank": 1, "transport": "gloo_cpu", "ts": "2026-10-04 16:15:27"}
[DBG] {"category": "TRAIN", "component": "train", "event": "watchdog_armed", "host": "d6b2a058c4be", "pid": 194534, "rank": 1, "stage": "broadcast_preference_length", "timeout_sec": 30.0, "ts": "2026-10-04 16:15:27"}
[DBG] {"category": "TRAIN", "component": "train", "elapsed_sec": 0.012091, "event": "END:broadcast_preference_length", "host": "d6b2a058c4be", "pid": 194534, "rank": 1, "ts": "2026-10-04 16:15:27"}
[DBG] {"category": "TRAIN", "component": "train", "event": "watchdog_armed", "host": "d6b2a058c4be", "pid": 194534, "rank": 1, "stage": "broadcast_preference_payload", "timeout_sec": 30.0, "ts": "2026-10-04 16:15:27"}
[DBG] {"category": "TRAIN", "component": "train", "elapsed_sec": 0.013334, "event": "END:broadcast_preference_payload", "host": "d6b2a058c4be", "pid": 194534, "rank": 1, "ts": "2026-10-04 16:15:27"}
[DBG] {"category": "TRAIN", "component": "train", "event": "BEGIN:broadcast_stop_flag", "host": "d6b2a058c4be", "pid": 194534, "rank": 1, "transport": "gloo_cpu", "ts": "2026-10-04 16:15:28", "value": null}
[DBG] {"category": "TRAIN", "component": "train", "event": "watchdog_armed", "host": "d6b2a058c4be", "pid": 194534, "rank": 1, "stage": "broadcast_stop_flag", "timeout_sec": 30.0, "ts": "2026-10-04 16:15:28"}
[DBG] {"category": "TRAIN", "component": "train", "elapsed_sec": 0.005958, "event": "END:broadcast_stop_flag", "host": "d6b2a058c4be", "pid": 194534, "rank": 1, "ts": "2026-10-04 16:15:28"}
[DBG] {"category": "TRAIN", "component": "train", "event": "BEGIN:broadcast_preference_payload", "has_payload": null, "host": "d6b2a058c4be", "pid": 194534, "rank": 1, "transport": "json_uint8_gloo", "ts": "2026-10-04 16:15:28"}
[DBG] {"category": "TRAIN", "component": "train", "event": "watchdog_armed", "host": "d6b2a058c4be", "pid": 194534, "rank": 1, "stage": "broadcast_preference_payload", "timeout_sec": 30.0, "ts": "2026-10-04 16:15:28"}
[DBG] {"bytes": null, "category": "TRAIN", "component": "train", "event": "BEGIN:broadcast_preference_length", "host": "d6b2a058c4be", "pid": 194534, "rank": 1, "transport": "gloo_cpu", "ts": "2026-10-04 16:15:28"}
[DBG] {"category": "TRAIN", "component": "train", "event": "watchdog_armed", "host": "d6b2a058c4be", "pid": 194534, "rank": 1, "stage": "broadcast_preference_length", "timeout_sec": 30.0, "ts": "2026-10-04 16:15:28"}
[DBG] {"category": "TRAIN", "component": "train", "elapsed_sec": 0.013684, "event": "END:broadcast_preference_length", "host": "d6b2a058c4be", "pid": 194534, "rank": 1, "ts": "2026-10-04 16:15:28"}
[DBG] {"category": "TRAIN", "component": "train", "event": "watchdog_armed", "host": "d6b2a058c4be", "pid": 194534, "rank": 1, "stage": "broadcast_preference_payload", "timeout_sec": 30.0, "ts": "2026-10-04 16:15:28"}
[DBG] {"category": "TRAIN", "component": "train", "elapsed_sec": 0.014873, "event": "END:broadcast_preference_payload", "host": "d6b2a058c4be", "pid": 194534, "rank": 1, "ts": "2026-10-04 16:15:28"}
[DBG] {"category": "TRAIN", "component": "train", "event": "BEGIN:broadcast_stop_flag", "host": "d6b2a058c4be", "pid": 194534, "rank": 1, "transport": "gloo_cpu", "ts": "2026-10-04 16:15:28", "value": null}
[DBG] {"category": "TRAIN", "component": "train", "event": "watchdog_armed", "host": "d6b2a058c4be", "pid": 194534, "rank": 1, "stage": "broadcast_stop_flag", "timeout_sec": 30.0, "ts": "2026-10-04 16:15:28"}
[DBG] {"category": "TRAIN", "component": "train", "elapsed_sec": 0.006135, "event": "END:broadcast_stop_flag", "host": "d6b2a058c4be", "pid": 194534, "rank": 1, "ts": "2026-10-04 16:15:28"}
[DBG] {"category": "TRAIN", "component": "train", "event": "BEGIN:broadcast_preference_payload", "has_payload": null, "host": "d6b2a058c4be", "pid": 194534, "rank": 1, "transport": "json_uint8_gloo", "ts": "2026-10-04 16:15:28"}
[DBG] {"category": "TRAIN", "component": "train", "event": "watchdog_armed", "host": "d6b2a058c4be", "pid": 194534, "rank": 1, "stage": "broadcast_preference_payload", "timeout_sec": 30.0, "ts": "2026-10-04 16:15:28"}
[DBG] {"bytes": null, "category": "TRAIN", "component": "train", "event": "BEGIN:broadcast_preference_length", "host": "d6b2a058c4be", "pid": 194534, "rank": 1, "transport": "gloo_cpu", "ts": "2026-10-04 16:15:28"}
[DBG] {"category": "TRAIN", "component": "train", "event": "watchdog_armed", "host": "d6b2a058c4be", "pid": 194534, "rank": 1, "stage": "broadcast_preference_length", "timeout_sec": 30.0, "ts": "2026-10-04 16:15:28"}
[DBG] {"category": "TRAIN", "component": "train", "elapsed_sec": 0.012109, "event": "END:broadcast_preference_length", "host": "d6b2a058c4be", "pid": 194534, "rank": 1, "ts": "2026-10-04 16:15:28"}
[DBG] {"category": "TRAIN", "component": "train", "event": "watchdog_armed", "host": "d6b2a058c4be", "pid": 194534, "rank": 1, "stage": "broadcast_preference_payload", "timeout_sec": 30.0, "ts": "2026-10-04 16:15:28"}
[DBG] {"category": "TRAIN", "component": "train", "elapsed_sec": 0.013311, "event": "END:broadcast_preference_payload", "host": "d6b2a058c4be", "pid": 194534, "rank": 1, "ts": "2026-10-04 16:15:28"}
[DBG] {"category": "TRAIN", "component": "train", "event": "BEGIN:broadcast_stop_flag", "host": "d6b2a058c4be", "pid": 194534, "rank": 1, "transport": "gloo_cpu", "ts": "2026-10-04 16:15:29", "value": null}
[DBG] {"category": "TRAIN", "component": "train", "event": "watchdog_armed", "host": "d6b2a058c4be", "pid": 194534, "rank": 1, "stage": "broadcast_stop_flag", "timeout_sec": 30.0, "ts": "2026-10-04 16:15:29"}
[DBG] {"category": "TRAIN", "component": "train", "elapsed_sec": 0.005363, "event": "END:broadcast_stop_flag", "host": "d6b2a058c4be", "pid": 194534, "rank": 1, "ts": "2026-10-04 16:15:29"}
[DBG] {"category": "TRAIN", "component": "train", "event": "BEGIN:broadcast_preference_payload", "has_payload": null, "host": "d6b2a058c4be", "pid": 194534, "rank": 1, "transport": "json_uint8_gloo", "ts": "2026-10-04 16:15:29"}
[DBG] {"category": "TRAIN", "component": "train", "event": "watchdog_armed", "host": "d6b2a058c4be", "pid": 194534, "rank": 1, "stage": "broadcast_preference_payload", "timeout_sec": 30.0, "ts": "2026-10-04 16:15:29"}
[DBG] {"bytes": null, "category": "TRAIN", "component": "train", "event": "BEGIN:broadcast_preference_length", "host": "d6b2a058c4be", "pid": 194534, "rank": 1, "transport": "gloo_cpu", "ts": "2026-10-04 16:15:29"}
[DBG] {"category": "TRAIN", "component": "train", "event": "watchdog_armed", "host": "d6b2a058c4be", "pid": 194534, "rank": 1, "stage": "broadcast_preference_length", "timeout_sec": 30.0, "ts": "2026-10-04 16:15:29"}
[DBG] {"category": "TRAIN", "component": "train", "elapsed_sec": 0.011974, "event": "END:broadcast_preference_length", "host": "d6b2a058c4be", "pid": 194534, "rank": 1, "ts": "2026-10-04 16:15:29"}
[DBG] {"category": "TRAIN", "component": "train", "event": "watchdog_armed", "host": "d6b2a058c4be", "pid": 194534, "rank": 1, "stage": "broadcast_preference_payload", "timeout_sec": 30.0, "ts": "2026-10-04 16:15:29"}
[DBG] {"category": "TRAIN", "component": "train", "elapsed_sec": 0.012494, "event": "END:broadcast_preference_payload", "host": "d6b2a058c4be", "pid": 194534, "rank": 1, "ts": "2026-10-04 16:15:29"}
[DBG] {"category": "TRAIN", "component": "train", "event": "BEGIN:broadcast_stop_flag", "host": "d6b2a058c4be", "pid": 194534, "rank": 1, "transport": "gloo_cpu", "ts": "2026-10-04 16:15:29", "value": null}
[DBG] {"category": "TRAIN", "component": "train", "event": "watchdog_armed", "host": "d6b2a058c4be", "pid": 194534, "rank": 1, "stage": "broadcast_stop_flag", "timeout_sec": 30.0, "ts": "2026-10-04 16:15:29"}
[DBG] {"category": "TRAIN", "component": "train", "elapsed_sec": 0.006598, "event": "END:broadcast_stop_flag", "host": "d6b2a058c4be", "pid": 194534, "rank": 1, "ts": "2026-10-04 16:15:29"}
[DBG] {"category": "TRAIN", "component": "train", "event": "BEGIN:broadcast_preference_payload", "has_payload": null, "host": "d6b2a058c4be", "pid": 194534, "rank": 1, "transport": "json_uint8_gloo", "ts": "2026-10-04 16:15:29"}
[DBG] {"category": "TRAIN", "component": "train", "event": "watchdog_armed", "host": "d6b2a058c4be", "pid": 194534, "rank": 1, "stage": "broadcast_preference_payload", "timeout_sec": 30.0, "ts": "2026-10-04 16:15:29"}
[DBG] {"bytes": null, "category": "TRAIN", "component": "train", "event": "BEGIN:broadcast_preference_length", "host": "d6b2a058c4be", "pid": 194534, "rank": 1, "transport": "gloo_cpu", "ts": "2026-10-04 16:15:29"}
[DBG] {"category": "TRAIN", "component": "train", "event": "watchdog_armed", "host": "d6b2a058c4be", "pid": 194534, "rank": 1, "stage": "broadcast_preference_length", "timeout_sec": 30.0, "ts": "2026-10-04 16:15:29"}
[DBG] {"category": "TRAIN", "component": "train", "elapsed_sec": 0.011566, "event": "END:broadcast_preference_length", "host": "d6b2a058c4be", "pid": 194534, "rank": 1, "ts": "2026-10-04 16:15:29"}
[DBG] {"category": "TRAIN", "component": "train", "event": "watchdog_armed", "host": "d6b2a058c4be", "pid": 194534, "rank": 1, "stage": "broadcast_preference_payload", "timeout_sec": 30.0, "ts": "2026-10-04 16:15:29"}
[DBG] {"category": "TRAIN", "component": "train", "elapsed_sec": 0.012737, "event": "END:broadcast_preference_payload", "host": "d6b2a058c4be", "pid": 194534, "rank": 1, "ts": "2026-10-04 16:15:29"}
[DBG] {"category": "TRAIN", "component": "train", "event": "BEGIN:broadcast_stop_flag", "host": "d6b2a058c4be", "pid": 194534, "rank": 1, "transport": "gloo_cpu", "ts": "2026-10-04 16:15:30", "value": null}
[DBG] {"category": "TRAIN", "component": "train", "event": "watchdog_armed", "host": "d6b2a058c4be", "pid": 194534, "rank": 1, "stage": "broadcast_stop_flag", "timeout_sec": 30.0, "ts": "2026-10-04 16:15:30"}
[DBG] {"category": "TRAIN", "component": "train", "elapsed_sec": 0.005742, "event": "END:broadcast_stop_flag", "host": "d6b2a058c4be", "pid": 194534, "rank": 1, "ts": "2026-10-04 16:15:30"}
[DBG] {"category": "TRAIN", "component": "train", "event": "BEGIN:broadcast_preference_payload", "has_payload": null, "host": "d6b2a058c4be", "pid": 194534, "rank": 1, "transport": "json_uint8_gloo", "ts": "2026-10-04 16:15:30"}
[DBG] {"category": "TRAIN", "component": "train", "event": "watchdog_armed", "host": "d6b2a058c4be", "pid": 194534, "rank": 1, "stage": "broadcast_preference_payload", "timeout_sec": 30.0, "ts": "2026-10-04 16:15:30"}
[DBG] {"bytes": null, "category": "TRAIN", "component": "train", "event": "BEGIN:broadcast_preference_length", "host": "d6b2a058c4be", "pid": 194534, "rank": 1, "transport": "gloo_cpu", "ts": "2026-10-04 16:15:30"}
[DBG] {"category": "TRAIN", "component": "train", "event": "watchdog_armed", "host": "d6b2a058c4be", "pid": 194534, "rank": 1, "stage": "broadcast_preference_length", "timeout_sec": 30.0, "ts": "2026-10-04 16:15:30"}
[DBG] {"category": "TRAIN", "component": "train", "elapsed_sec": 0.011615, "event": "END:broadcast_preference_length", "host": "d6b2a058c4be", "pid": 194534, "rank": 1, "ts": "2026-10-04 16:15:30"}
[DBG] {"category": "TRAIN", "component": "train", "event": "watchdog_armed", "host": "d6b2a058c4be", "pid": 194534, "rank": 1, "stage": "broadcast_preference_payload", "timeout_sec": 30.0, "ts": "2026-10-04 16:15:30"}
[DBG] {"category": "TRAIN", "component": "train", "elapsed_sec": 0.012812, "event": "END:broadcast_preference_payload", "host": "d6b2a058c4be", "pid": 194534, "rank": 1, "ts": "2026-10-04 16:15:30"}
[DBG] {"category": "TRAIN", "component": "train", "event": "BEGIN:broadcast_stop_flag", "host": "d6b2a058c4be", "pid": 194534, "rank": 1, "transport": "gloo_cpu", "ts": "2026-10-04 16:15:31", "value": null}
[DBG] {"category": "TRAIN", "component": "train", "event": "watchdog_armed", "host": "d6b2a058c4be", "pid": 194534, "rank": 1, "stage": "broadcast_stop_flag", "timeout_sec": 30.0, "ts": "2026-10-04 16:15:31"}
[DBG] {"category": "TRAIN", "component": "train", "elapsed_sec": 0.011056, "event": "END:broadcast_stop_flag", "host": "d6b2a058c4be", "pid": 194534, "rank": 1, "ts": "2026-10-04 16:15:31"}
[DBG] {"category": "TRAIN", "component": "train", "event": "BEGIN:broadcast_preference_payload", "has_payload": null, "host": "d6b2a058c4be", "pid": 194534, "rank": 1, "transport": "json_uint8_gloo", "ts": "2026-10-04 16:15:31"}
[DBG] {"category": "TRAIN", "component": "train", "event": "watchdog_armed", "host": "d6b2a058c4be", "pid": 194534, "rank": 1, "stage": "broadcast_preference_payload", "timeout_sec": 30.0, "ts": "2026-10-04 16:15:31"}
[DBG] {"bytes": null, "category": "TRAIN", "component": "train", "event": "BEGIN:broadcast_preference_length", "host": "d6b2a058c4be", "pid": 194534, "rank": 1, "transport": "gloo_cpu", "ts": "2026-10-04 16:15:31"}
[DBG] {"category": "TRAIN", "component": "train", "event": "watchdog_armed", "host": "d6b2a058c4be", "pid": 194534, "rank": 1, "stage": "broadcast_preference_length", "timeout_sec": 30.0, "ts": "2026-10-04 16:15:31"}
[DBG] {"category": "TRAIN", "component": "train", "elapsed_sec": 0.012187, "event": "END:broadcast_preference_length", "host": "d6b2a058c4be", "pid": 194534, "rank": 1, "ts": "2026-10-04 16:15:31"}
[DBG] {"category": "TRAIN", "component": "train", "event": "watchdog_armed", "host": "d6b2a058c4be", "pid": 194534, "rank": 1, "stage": "broadcast_preference_payload", "timeout_sec": 30.0, "ts": "2026-10-04 16:15:31"}
[DBG] {"category": "TRAIN", "component": "train", "elapsed_sec": 0.013398, "event": "END:broadcast_preference_payload", "host": "d6b2a058c4be", "pid": 194534, "rank": 1, "ts": "2026-10-04 16:15:31"}
[DBG] {"category": "TRAIN", "component": "train", "event": "BEGIN:broadcast_stop_flag", "host": "d6b2a058c4be", "pid": 194534, "rank": 1, "transport": "gloo_cpu", "ts": "2026-10-04 16:15:31", "value": null}
[DBG] {"category": "TRAIN", "component": "train", "event": "watchdog_armed", "host": "d6b2a058c4be", "pid": 194534, "rank": 1, "stage": "broadcast_stop_flag", "timeout_sec": 30.0, "ts": "2026-10-04 16:15:31"}
[DBG] {"category": "TRAIN", "component": "train", "elapsed_sec": 0.005641, "event": "END:broadcast_stop_flag", "host": "d6b2a058c4be", "pid": 194534, "rank": 1, "ts": "2026-10-04 16:15:31"}
[DBG] {"category": "TRAIN", "component": "train", "event": "BEGIN:broadcast_preference_payload", "has_payload": null, "host": "d6b2a058c4be", "pid": 194534, "rank": 1, "transport": "json_uint8_gloo", "ts": "2026-10-04 16:15:31"}
[DBG] {"category": "TRAIN", "component": "train", "event": "watchdog_armed", "host": "d6b2a058c4be", "pid": 194534, "rank": 1, "stage": "broadcast_preference_payload", "timeout_sec": 30.0, "ts": "2026-10-04 16:15:31"}
[DBG] {"bytes": null, "category": "TRAIN", "component": "train", "event": "BEGIN:broadcast_preference_length", "host": "d6b2a058c4be", "pid": 194534, "rank": 1, "transport": "gloo_cpu", "ts": "2026-10-04 16:15:31"}
[DBG] {"category": "TRAIN", "component": "train", "event": "watchdog_armed", "host": "d6b2a058c4be", "pid": 194534, "rank": 1, "stage": "broadcast_preference_length", "timeout_sec": 30.0, "ts": "2026-10-04 16:15:31"}
[DBG] {"category": "TRAIN", "component": "train", "elapsed_sec": 0.012512, "event": "END:broadcast_preference_length", "host": "d6b2a058c4be", "pid": 194534, "rank": 1, "ts": "2026-10-04 16:15:31"}
[DBG] {"category": "TRAIN", "component": "train", "event": "watchdog_armed", "host": "d6b2a058c4be", "pid": 194534, "rank": 1, "stage": "broadcast_preference_payload", "timeout_sec": 30.0, "ts": "2026-10-04 16:15:31"}
[DBG] {"category": "TRAIN", "component": "train", "elapsed_sec": 0.013755, "event": "END:broadcast_preference_payload", "host": "d6b2a058c4be", "pid": 194534, "rank": 1, "ts": "2026-10-04 16:15:31"}
[DBG] {"category": "TRAIN", "component": "train", "event": "BEGIN:broadcast_stop_flag", "host": "d6b2a058c4be", "pid": 194534, "rank": 1, "transport": "gloo_cpu", "ts": "2026-10-04 16:15:32", "value": null}
[DBG] {"category": "TRAIN", "component": "train", "event": "watchdog_armed", "host": "d6b2a058c4be", "pid": 194534, "rank": 1, "stage": "broadcast_stop_flag", "timeout_sec": 30.0, "ts": "2026-10-04 16:15:32"}
[DBG] {"category": "TRAIN", "component": "train", "elapsed_sec": 0.005751, "event": "END:broadcast_stop_flag", "host": "d6b2a058c4be", "pid": 194534, "rank": 1, "ts": "2026-10-04 16:15:32"}
[DBG] {"category": "TRAIN", "component": "train", "event": "BEGIN:broadcast_preference_payload", "has_payload": null, "host": "d6b2a058c4be", "pid": 194534, "rank": 1, "transport": "json_uint8_gloo", "ts": "2026-10-04 16:15:32"}
[DBG] {"category": "TRAIN", "component": "train", "event": "watchdog_armed", "host": "d6b2a058c4be", "pid": 194534, "rank": 1, "stage": "broadcast_preference_payload", "timeout_sec": 30.0, "ts": "2026-10-04 16:15:32"}
[DBG] {"bytes": null, "category": "TRAIN", "component": "train", "event": "BEGIN:broadcast_preference_length", "host": "d6b2a058c4be", "pid": 194534, "rank": 1, "transport": "gloo_cpu", "ts": "2026-10-04 16:15:32"}
[DBG] {"category": "TRAIN", "component": "train", "event": "watchdog_armed", "host": "d6b2a058c4be", "pid": 194534, "rank": 1, "stage": "broadcast_preference_length", "timeout_sec": 30.0, "ts": "2026-10-04 16:15:32"}
[DBG] {"category": "TRAIN", "component": "train", "elapsed_sec": 0.011804, "event": "END:broadcast_preference_length", "host": "d6b2a058c4be", "pid": 194534, "rank": 1, "ts": "2026-10-04 16:15:32"}
[DBG] {"category": "TRAIN", "component": "train", "event": "watchdog_armed", "host": "d6b2a058c4be", "pid": 194534, "rank": 1, "stage": "broadcast_preference_payload", "timeout_sec": 30.0, "ts": "2026-10-04 16:15:32"}
[DBG] {"category": "TRAIN", "component": "train", "elapsed_sec": 0.012974, "event": "END:broadcast_preference_payload", "host": "d6b2a058c4be", "pid": 194534, "rank": 1, "ts": "2026-10-04 16:15:32"}
[DBG] {"category": "TRAIN", "component": "train", "event": "BEGIN:broadcast_stop_flag", "host": "d6b2a058c4be", "pid": 194534, "rank": 1, "transport": "gloo_cpu", "ts": "2026-10-04 16:15:32", "value": null}
[DBG] {"category": "TRAIN", "component": "train", "event": "watchdog_armed", "host": "d6b2a058c4be", "pid": 194534, "rank": 1, "stage": "broadcast_stop_flag", "timeout_sec": 30.0, "ts": "2026-10-04 16:15:32"}
[DBG] {"category": "TRAIN", "component": "train", "elapsed_sec": 0.006077, "event": "END:broadcast_stop_flag", "host": "d6b2a058c4be", "pid": 194534, "rank": 1, "ts": "2026-10-04 16:15:32"}
[DBG] {"category": "TRAIN", "component": "train", "event": "BEGIN:broadcast_preference_payload", "has_payload": null, "host": "d6b2a058c4be", "pid": 194534, "rank": 1, "transport": "json_uint8_gloo", "ts": "2026-10-04 16:15:32"}
[DBG] {"category": "TRAIN", "component": "train", "event": "watchdog_armed", "host": "d6b2a058c4be", "pid": 194534, "rank": 1, "stage": "broadcast_preference_payload", "timeout_sec": 30.0, "ts": "2026-10-04 16:15:32"}
[DBG] {"bytes": null, "category": "TRAIN", "component": "train", "event": "BEGIN:broadcast_preference_length", "host": "d6b2a058c4be", "pid": 194534, "rank": 1, "transport": "gloo_cpu", "ts": "2026-10-04 16:15:32"}
[DBG] {"category": "TRAIN", "component": "train", "event": "watchdog_armed", "host": "d6b2a058c4be", "pid": 194534, "rank": 1, "stage": "broadcast_preference_length", "timeout_sec": 30.0, "ts": "2026-10-04 16:15:32"}
[DBG] {"category": "TRAIN", "component": "train", "elapsed_sec": 0.012356, "event": "END:broadcast_preference_length", "host": "d6b2a058c4be", "pid": 194534, "rank": 1, "ts": "2026-10-04 16:15:32"}
[DBG] {"category": "TRAIN", "component": "train", "event": "watchdog_armed", "host": "d6b2a058c4be", "pid": 194534, "rank": 1, "stage": "broadcast_preference_payload", "timeout_sec": 30.0, "ts": "2026-10-04 16:15:32"}
[DBG] {"category": "TRAIN", "component": "train", "elapsed_sec": 0.013543, "event": "END:broadcast_preference_payload", "host": "d6b2a058c4be", "pid": 194534, "rank": 1, "ts": "2026-10-04 16:15:32"}
[DBG] {"category": "TRAIN", "component": "train", "event": "BEGIN:broadcast_stop_flag", "host": "d6b2a058c4be", "pid": 194534, "rank": 1, "transport": "gloo_cpu", "ts": "2026-10-04 16:15:33", "value": null}
[DBG] {"category": "TRAIN", "component": "train", "event": "watchdog_armed", "host": "d6b2a058c4be", "pid": 194534, "rank": 1, "stage": "broadcast_stop_flag", "timeout_sec": 30.0, "ts": "2026-10-04 16:15:33"}
[DBG] {"category": "TRAIN", "component": "train", "elapsed_sec": 0.005705, "event": "END:broadcast_stop_flag", "host": "d6b2a058c4be", "pid": 194534, "rank": 1, "ts": "2026-10-04 16:15:33"}
[DBG] {"category": "TRAIN", "component": "train", "event": "BEGIN:broadcast_preference_payload", "has_payload": null, "host": "d6b2a058c4be", "pid": 194534, "rank": 1, "transport": "json_uint8_gloo", "ts": "2026-10-04 16:15:33"}
[DBG] {"category": "TRAIN", "component": "train", "event": "watchdog_armed", "host": "d6b2a058c4be", "pid": 194534, "rank": 1, "stage": "broadcast_preference_payload", "timeout_sec": 30.0, "ts": "2026-10-04 16:15:33"}
[DBG] {"bytes": null, "category": "TRAIN", "component": "train", "event": "BEGIN:broadcast_preference_length", "host": "d6b2a058c4be", "pid": 194534, "rank": 1, "transport": "gloo_cpu", "ts": "2026-10-04 16:15:33"}
[DBG] {"category": "TRAIN", "component": "train", "event": "watchdog_armed", "host": "d6b2a058c4be", "pid": 194534, "rank": 1, "stage": "broadcast_preference_length", "timeout_sec": 30.0, "ts": "2026-10-04 16:15:33"}
[DBG] {"category": "TRAIN", "component": "train", "elapsed_sec": 0.012652, "event": "END:broadcast_preference_length", "host": "d6b2a058c4be", "pid": 194534, "rank": 1, "ts": "2026-10-04 16:15:33"}
[DBG] {"category": "TRAIN", "component": "train", "event": "watchdog_armed", "host": "d6b2a058c4be", "pid": 194534, "rank": 1, "stage": "broadcast_preference_payload", "timeout_sec": 30.0, "ts": "2026-10-04 16:15:33"}
[DBG] {"category": "TRAIN", "component": "train", "elapsed_sec": 0.013918, "event": "END:broadcast_preference_payload", "host": "d6b2a058c4be", "pid": 194534, "rank": 1, "ts": "2026-10-04 16:15:33"}
[DBG] {"category": "TRAIN", "component": "train", "event": "BEGIN:broadcast_stop_flag", "host": "d6b2a058c4be", "pid": 194534, "rank": 1, "transport": "gloo_cpu", "ts": "2026-10-04 16:15:33", "value": null}
[DBG] {"category": "TRAIN", "component": "train", "event": "watchdog_armed", "host": "d6b2a058c4be", "pid": 194534, "rank": 1, "stage": "broadcast_stop_flag", "timeout_sec": 30.0, "ts": "2026-10-04 16:15:33"}
[DBG] {"category": "TRAIN", "component": "train", "elapsed_sec": 0.006138, "event": "END:broadcast_stop_flag", "host": "d6b2a058c4be", "pid": 194534, "rank": 1, "ts": "2026-10-04 16:15:33"}
[DBG] {"category": "TRAIN", "component": "train", "event": "BEGIN:broadcast_preference_payload", "has_payload": null, "host": "d6b2a058c4be", "pid": 194534, "rank": 1, "transport": "json_uint8_gloo", "ts": "2026-10-04 16:15:33"}
[DBG] {"category": "TRAIN", "component": "train", "event": "watchdog_armed", "host": "d6b2a058c4be", "pid": 194534, "rank": 1, "stage": "broadcast_preference_payload", "timeout_sec": 30.0, "ts": "2026-10-04 16:15:33"}
[DBG] {"bytes": null, "category": "TRAIN", "component": "train", "event": "BEGIN:broadcast_preference_length", "host": "d6b2a058c4be", "pid": 194534, "rank": 1, "transport": "gloo_cpu", "ts": "2026-10-04 16:15:33"}
[DBG] {"category": "TRAIN", "component": "train", "event": "watchdog_armed", "host": "d6b2a058c4be", "pid": 194534, "rank": 1, "stage": "broadcast_preference_length", "timeout_sec": 30.0, "ts": "2026-10-04 16:15:33"}
[DBG] {"category": "TRAIN", "component": "train", "elapsed_sec": 0.012072, "event": "END:broadcast_preference_length", "host": "d6b2a058c4be", "pid": 194534, "rank": 1, "ts": "2026-10-04 16:15:33"}
[DBG] {"category": "TRAIN", "component": "train", "event": "watchdog_armed", "host": "d6b2a058c4be", "pid": 194534, "rank": 1, "stage": "broadcast_preference_payload", "timeout_sec": 30.0, "ts": "2026-10-04 16:15:33"}
[DBG] {"category": "TRAIN", "component": "train", "elapsed_sec": 0.013406, "event": "END:broadcast_preference_payload", "host": "d6b2a058c4be", "pid": 194534, "rank": 1, "ts": "2026-10-04 16:15:33"}
[DBG] {"category": "TRAIN", "component": "train", "event": "BEGIN:broadcast_stop_flag", "host": "d6b2a058c4be", "pid": 194534, "rank": 1, "transport": "gloo_cpu", "ts": "2026-10-04 16:15:34", "value": null}
[DBG] {"category": "TRAIN", "component": "train", "event": "watchdog_armed", "host": "d6b2a058c4be", "pid": 194534, "rank": 1, "stage": "broadcast_stop_flag", "timeout_sec": 30.0, "ts": "2026-10-04 16:15:34"}
[DBG] {"category": "TRAIN", "component": "train", "elapsed_sec": 0.005553, "event": "END:broadcast_stop_flag", "host": "d6b2a058c4be", "pid": 194534, "rank": 1, "ts": "2026-10-04 16:15:34"}
[DBG] {"category": "TRAIN", "component": "train", "event": "BEGIN:broadcast_preference_payload", "has_payload": null, "host": "d6b2a058c4be", "pid": 194534, "rank": 1, "transport": "json_uint8_gloo", "ts": "2026-10-04 16:15:34"}
[DBG] {"category": "TRAIN", "component": "train", "event": "watchdog_armed", "host": "d6b2a058c4be", "pid": 194534, "rank": 1, "stage": "broadcast_preference_payload", "timeout_sec": 30.0, "ts": "2026-10-04 16:15:34"}
[DBG] {"bytes": null, "category": "TRAIN", "component": "train", "event": "BEGIN:broadcast_preference_length", "host": "d6b2a058c4be", "pid": 194534, "rank": 1, "transport": "gloo_cpu", "ts": "2026-10-04 16:15:34"}
[DBG] {"category": "TRAIN", "component": "train", "event": "watchdog_armed", "host": "d6b2a058c4be", "pid": 194534, "rank": 1, "stage": "broadcast_preference_length", "timeout_sec": 30.0, "ts": "2026-10-04 16:15:34"}
[DBG] {"category": "TRAIN", "component": "train", "elapsed_sec": 0.012333, "event": "END:broadcast_preference_length", "host": "d6b2a058c4be", "pid": 194534, "rank": 1, "ts": "2026-10-04 16:15:34"}
[DBG] {"category": "TRAIN", "component": "train", "event": "watchdog_armed", "host": "d6b2a058c4be", "pid": 194534, "rank": 1, "stage": "broadcast_preference_payload", "timeout_sec": 30.0, "ts": "2026-10-04 16:15:34"}
[DBG] {"category": "TRAIN", "component": "train", "elapsed_sec": 0.01368, "event": "END:broadcast_preference_payload", "host": "d6b2a058c4be", "pid": 194534, "rank": 1, "ts": "2026-10-04 16:15:34"}
[DBG] {"category": "TRAIN", "component": "train", "event": "BEGIN:broadcast_stop_flag", "host": "d6b2a058c4be", "pid": 194534, "rank": 1, "transport": "gloo_cpu", "ts": "2026-10-04 16:15:34", "value": null}
[DBG] {"category": "TRAIN", "component": "train", "event": "watchdog_armed", "host": "d6b2a058c4be", "pid": 194534, "rank": 1, "stage": "broadcast_stop_flag", "timeout_sec": 30.0, "ts": "2026-10-04 16:15:34"}
[DBG] {"category": "TRAIN", "component": "train", "elapsed_sec": 0.005666, "event": "END:broadcast_stop_flag", "host": "d6b2a058c4be", "pid": 194534, "rank": 1, "ts": "2026-10-04 16:15:34"}
[DBG] {"category": "TRAIN", "component": "train", "event": "BEGIN:broadcast_preference_payload", "has_payload": null, "host": "d6b2a058c4be", "pid": 194534, "rank": 1, "transport": "json_uint8_gloo", "ts": "2026-10-04 16:15:34"}
[DBG] {"category": "TRAIN", "component": "train", "event": "watchdog_armed", "host": "d6b2a058c4be", "pid": 194534, "rank": 1, "stage": "broadcast_preference_payload", "timeout_sec": 30.0, "ts": "2026-10-04 16:15:34"}
[DBG] {"bytes": null, "category": "TRAIN", "component": "train", "event": "BEGIN:broadcast_preference_length", "host": "d6b2a058c4be", "pid": 194534, "rank": 1, "transport": "gloo_cpu", "ts": "2026-10-04 16:15:34"}
[DBG] {"category": "TRAIN", "component": "train", "event": "watchdog_armed", "host": "d6b2a058c4be", "pid": 194534, "rank": 1, "stage": "broadcast_preference_length", "timeout_sec": 30.0, "ts": "2026-10-04 16:15:34"}
[DBG] {"category": "TRAIN", "component": "train", "elapsed_sec": 0.015358, "event": "END:broadcast_preference_length", "host": "d6b2a058c4be", "pid": 194534, "rank": 1, "ts": "2026-10-04 16:15:34"}
[DBG] {"category": "TRAIN", "component": "train", "event": "watchdog_armed", "host": "d6b2a058c4be", "pid": 194534, "rank": 1, "stage": "broadcast_preference_payload", "timeout_sec": 30.0, "ts": "2026-10-04 16:15:34"}
[DBG] {"category": "TRAIN", "component": "train", "elapsed_sec": 0.016305, "event": "END:broadcast_preference_payload", "host": "d6b2a058c4be", "pid": 194534, "rank": 1, "ts": "2026-10-04 16:15:34"}
[DBG] {"category": "TRAIN", "component": "train", "event": "BEGIN:broadcast_stop_flag", "host": "d6b2a058c4be", "pid": 194534, "rank": 1, "transport": "gloo_cpu", "ts": "2026-10-04 16:15:35", "value": null}
[DBG] {"category": "TRAIN", "component": "train", "event": "watchdog_armed", "host": "d6b2a058c4be", "pid": 194534, "rank": 1, "stage": "broadcast_stop_flag", "timeout_sec": 30.0, "ts": "2026-10-04 16:15:35"}
[DBG] {"category": "TRAIN", "component": "train", "elapsed_sec": 0.005712, "event": "END:broadcast_stop_flag", "host": "d6b2a058c4be", "pid": 194534, "rank": 1, "ts": "2026-10-04 16:15:35"}
[DBG] {"category": "TRAIN", "component": "train", "event": "BEGIN:broadcast_preference_payload", "has_payload": null, "host": "d6b2a058c4be", "pid": 194534, "rank": 1, "transport": "json_uint8_gloo", "ts": "2026-10-04 16:15:35"}
[DBG] {"category": "TRAIN", "component": "train", "event": "watchdog_armed", "host": "d6b2a058c4be", "pid": 194534, "rank": 1, "stage": "broadcast_preference_payload", "timeout_sec": 30.0, "ts": "2026-10-04 16:15:35"}
[DBG] {"bytes": null, "category": "TRAIN", "component": "train", "event": "BEGIN:broadcast_preference_length", "host": "d6b2a058c4be", "pid": 194534, "rank": 1, "transport": "gloo_cpu", "ts": "2026-10-04 16:15:35"}
[DBG] {"category": "TRAIN", "component": "train", "event": "watchdog_armed", "host": "d6b2a058c4be", "pid": 194534, "rank": 1, "stage": "broadcast_preference_length", "timeout_sec": 30.0, "ts": "2026-10-04 16:15:35"}
[DBG] {"category": "TRAIN", "component": "train", "elapsed_sec": 0.011894, "event": "END:broadcast_preference_length", "host": "d6b2a058c4be", "pid": 194534, "rank": 1, "ts": "2026-10-04 16:15:35"}
[DBG] {"category": "TRAIN", "component": "train", "event": "watchdog_armed", "host": "d6b2a058c4be", "pid": 194534, "rank": 1, "stage": "broadcast_preference_payload", "timeout_sec": 30.0, "ts": "2026-10-04 16:15:35"}
[DBG] {"category": "TRAIN", "component": "train", "elapsed_sec": 0.013074, "event": "END:broadcast_preference_payload", "host": "d6b2a058c4be", "pid": 194534, "rank": 1, "ts": "2026-10-04 16:15:35"}
[DBG] {"category": "TRAIN", "component": "train", "event": "BEGIN:broadcast_stop_flag", "host": "d6b2a058c4be", "pid": 194534, "rank": 1, "transport": "gloo_cpu", "ts": "2026-10-04 16:15:35", "value": null}
[DBG] {"category": "TRAIN", "component": "train", "event": "watchdog_armed", "host": "d6b2a058c4be", "pid": 194534, "rank": 1, "stage": "broadcast_stop_flag", "timeout_sec": 30.0, "ts": "2026-10-04 16:15:35"}
[DBG] {"category": "TRAIN", "component": "train", "elapsed_sec": 0.006131, "event": "END:broadcast_stop_flag", "host": "d6b2a058c4be", "pid": 194534, "rank": 1, "ts": "2026-10-04 16:15:35"}
[DBG] {"category": "TRAIN", "component": "train", "event": "BEGIN:broadcast_preference_payload", "has_payload": null, "host": "d6b2a058c4be", "pid": 194534, "rank": 1, "transport": "json_uint8_gloo", "ts": "2026-10-04 16:15:35"}
[DBG] {"category": "TRAIN", "component": "train", "event": "watchdog_armed", "host": "d6b2a058c4be", "pid": 194534, "rank": 1, "stage": "broadcast_preference_payload", "timeout_sec": 30.0, "ts": "2026-10-04 16:15:35"}
[DBG] {"bytes": null, "category": "TRAIN", "component": "train", "event": "BEGIN:broadcast_preference_length", "host": "d6b2a058c4be", "pid": 194534, "rank": 1, "transport": "gloo_cpu", "ts": "2026-10-04 16:15:35"}
[DBG] {"category": "TRAIN", "component": "train", "event": "watchdog_armed", "host": "d6b2a058c4be", "pid": 194534, "rank": 1, "stage": "broadcast_preference_length", "timeout_sec": 30.0, "ts": "2026-10-04 16:15:35"}
[DBG] {"category": "TRAIN", "component": "train", "elapsed_sec": 0.013249, "event": "END:broadcast_preference_length", "host": "d6b2a058c4be", "pid": 194534, "rank": 1, "ts": "2026-10-04 16:15:35"}
[DBG] {"category": "TRAIN", "component": "train", "event": "watchdog_armed", "host": "d6b2a058c4be", "pid": 194534, "rank": 1, "stage": "broadcast_preference_payload", "timeout_sec": 30.0, "ts": "2026-10-04 16:15:35"}
[DBG] {"category": "TRAIN", "component": "train", "elapsed_sec": 0.0145, "event": "END:broadcast_preference_payload", "host": "d6b2a058c4be", "pid": 194534, "rank": 1, "ts": "2026-10-04 16:15:35"}
[DBG] {"category": "TRAIN", "component": "train", "event": "BEGIN:broadcast_stop_flag", "host": "d6b2a058c4be", "pid": 194534, "rank": 1, "transport": "gloo_cpu", "ts": "2026-10-04 16:15:36", "value": null}
[DBG] {"category": "TRAIN", "component": "train", "event": "watchdog_armed", "host": "d6b2a058c4be", "pid": 194534, "rank": 1, "stage": "broadcast_stop_flag", "timeout_sec": 30.0, "ts": "2026-10-04 16:15:36"}
[DBG] {"category": "TRAIN", "component": "train", "elapsed_sec": 0.006263, "event": "END:broadcast_stop_flag", "host": "d6b2a058c4be", "pid": 194534, "rank": 1, "ts": "2026-10-04 16:15:36"}
[DBG] {"category": "TRAIN", "component": "train", "event": "BEGIN:broadcast_preference_payload", "has_payload": null, "host": "d6b2a058c4be", "pid": 194534, "rank": 1, "transport": "json_uint8_gloo", "ts": "2026-10-04 16:15:36"}
[DBG] {"category": "TRAIN", "component": "train", "event": "watchdog_armed", "host": "d6b2a058c4be", "pid": 194534, "rank": 1, "stage": "broadcast_preference_payload", "timeout_sec": 30.0, "ts": "2026-10-04 16:15:36"}
[DBG] {"bytes": null, "category": "TRAIN", "component": "train", "event": "BEGIN:broadcast_preference_length", "host": "d6b2a058c4be", "pid": 194534, "rank": 1, "transport": "gloo_cpu", "ts": "2026-10-04 16:15:36"}
[DBG] {"category": "TRAIN", "component": "train", "event": "watchdog_armed", "host": "d6b2a058c4be", "pid": 194534, "rank": 1, "stage": "broadcast_preference_length", "timeout_sec": 30.0, "ts": "2026-10-04 16:15:36"}
[DBG] {"category": "TRAIN", "component": "train", "elapsed_sec": 0.012929, "event": "END:broadcast_preference_length", "host": "d6b2a058c4be", "pid": 194534, "rank": 1, "ts": "2026-10-04 16:15:36"}
[DBG] {"category": "TRAIN", "component": "train", "event": "watchdog_armed", "host": "d6b2a058c4be", "pid": 194534, "rank": 1, "stage": "broadcast_preference_payload", "timeout_sec": 30.0, "ts": "2026-10-04 16:15:36"}
[DBG] {"category": "TRAIN", "component": "train", "elapsed_sec": 0.014257, "event": "END:broadcast_preference_payload", "host": "d6b2a058c4be", "pid": 194534, "rank": 1, "ts": "2026-10-04 16:15:36"}
[DBG] {"category": "TRAIN", "component": "train", "event": "BEGIN:broadcast_stop_flag", "host": "d6b2a058c4be", "pid": 194534, "rank": 1, "transport": "gloo_cpu", "ts": "2026-10-04 16:15:36", "value": null}
[DBG] {"category": "TRAIN", "component": "train", "event": "watchdog_armed", "host": "d6b2a058c4be", "pid": 194534, "rank": 1, "stage": "broadcast_stop_flag", "timeout_sec": 30.0, "ts": "2026-10-04 16:15:36"}
[DBG] {"category": "TRAIN", "component": "train", "elapsed_sec": 0.005636, "event": "END:broadcast_stop_flag", "host": "d6b2a058c4be", "pid": 194534, "rank": 1, "ts": "2026-10-04 16:15:36"}
[DBG] {"category": "TRAIN", "component": "train", "event": "BEGIN:broadcast_preference_payload", "has_payload": null, "host": "d6b2a058c4be", "pid": 194534, "rank": 1, "transport": "json_uint8_gloo", "ts": "2026-10-04 16:15:36"}
[DBG] {"category": "TRAIN", "component": "train", "event": "watchdog_armed", "host": "d6b2a058c4be", "pid": 194534, "rank": 1, "stage": "broadcast_preference_payload", "timeout_sec": 30.0, "ts": "2026-10-04 16:15:36"}
[DBG] {"bytes": null, "category": "TRAIN", "component": "train", "event": "BEGIN:broadcast_preference_length", "host": "d6b2a058c4be", "pid": 194534, "rank": 1, "transport": "gloo_cpu", "ts": "2026-10-04 16:15:36"}
[DBG] {"category": "TRAIN", "component": "train", "event": "watchdog_armed", "host": "d6b2a058c4be", "pid": 194534, "rank": 1, "stage": "broadcast_preference_length", "timeout_sec": 30.0, "ts": "2026-10-04 16:15:36"}
[DBG] {"category": "TRAIN", "component": "train", "elapsed_sec": 0.012551, "event": "END:broadcast_preference_length", "host": "d6b2a058c4be", "pid": 194534, "rank": 1, "ts": "2026-10-04 16:15:36"}
[DBG] {"category": "TRAIN", "component": "train", "event": "watchdog_armed", "host": "d6b2a058c4be", "pid": 194534, "rank": 1, "stage": "broadcast_preference_payload", "timeout_sec": 30.0, "ts": "2026-10-04 16:15:36"}
[DBG] {"category": "TRAIN", "component": "train", "elapsed_sec": 0.013784, "event": "END:broadcast_preference_payload", "host": "d6b2a058c4be", "pid": 194534, "rank": 1, "ts": "2026-10-04 16:15:36"}
[DBG] {"category": "TRAIN", "component": "train", "event": "BEGIN:broadcast_stop_flag", "host": "d6b2a058c4be", "pid": 194534, "rank": 1, "transport": "gloo_cpu", "ts": "2026-10-04 16:15:37", "value": null}
[DBG] {"category": "TRAIN", "component": "train", "event": "watchdog_armed", "host": "d6b2a058c4be", "pid": 194534, "rank": 1, "stage": "broadcast_stop_flag", "timeout_sec": 30.0, "ts": "2026-10-04 16:15:37"}
[DBG] {"category": "TRAIN", "component": "train", "elapsed_sec": 0.006282, "event": "END:broadcast_stop_flag", "host": "d6b2a058c4be", "pid": 194534, "rank": 1, "ts": "2026-10-04 16:15:37"}
[DBG] {"category": "TRAIN", "component": "train", "event": "BEGIN:broadcast_preference_payload", "has_payload": null, "host": "d6b2a058c4be", "pid": 194534, "rank": 1, "transport": "json_uint8_gloo", "ts": "2026-10-04 16:15:37"}
[DBG] {"category": "TRAIN", "component": "train", "event": "watchdog_armed", "host": "d6b2a058c4be", "pid": 194534, "rank": 1, "stage": "broadcast_preference_payload", "timeout_sec": 30.0, "ts": "2026-10-04 16:15:37"}
[DBG] {"bytes": null, "category": "TRAIN", "component": "train", "event": "BEGIN:broadcast_preference_length", "host": "d6b2a058c4be", "pid": 194534, "rank": 1, "transport": "gloo_cpu", "ts": "2026-10-04 16:15:37"}
[DBG] {"category": "TRAIN", "component": "train", "event": "watchdog_armed", "host": "d6b2a058c4be", "pid": 194534, "rank": 1, "stage": "broadcast_preference_length", "timeout_sec": 30.0, "ts": "2026-10-04 16:15:37"}
[DBG] {"category": "TRAIN", "component": "train", "elapsed_sec": 0.011175, "event": "END:broadcast_preference_length", "host": "d6b2a058c4be", "pid": 194534, "rank": 1, "ts": "2026-10-04 16:15:37"}
[DBG] {"category": "TRAIN", "component": "train", "event": "watchdog_armed", "host": "d6b2a058c4be", "pid": 194534, "rank": 1, "stage": "broadcast_preference_payload", "timeout_sec": 30.0, "ts": "2026-10-04 16:15:37"}
[DBG] {"category": "TRAIN", "component": "train", "elapsed_sec": 0.012428, "event": "END:broadcast_preference_payload", "host": "d6b2a058c4be", "pid": 194534, "rank": 1, "ts": "2026-10-04 16:15:37"}
[DBG] {"category": "TRAIN", "component": "train", "event": "BEGIN:broadcast_stop_flag", "host": "d6b2a058c4be", "pid": 194534, "rank": 1, "transport": "gloo_cpu", "ts": "2026-10-04 16:15:37", "value": null}
[DBG] {"category": "TRAIN", "component": "train", "event": "watchdog_armed", "host": "d6b2a058c4be", "pid": 194534, "rank": 1, "stage": "broadcast_stop_flag", "timeout_sec": 30.0, "ts": "2026-10-04 16:15:37"}
[DBG] {"category": "TRAIN", "component": "train", "elapsed_sec": 0.005854, "event": "END:broadcast_stop_flag", "host": "d6b2a058c4be", "pid": 194534, "rank": 1, "ts": "2026-10-04 16:15:37"}
[DBG] {"category": "TRAIN", "component": "train", "event": "BEGIN:broadcast_preference_payload", "has_payload": null, "host": "d6b2a058c4be", "pid": 194534, "rank": 1, "transport": "json_uint8_gloo", "ts": "2026-10-04 16:15:37"}
[DBG] {"category": "TRAIN", "component": "train", "event": "watchdog_armed", "host": "d6b2a058c4be", "pid": 194534, "rank": 1, "stage": "broadcast_preference_payload", "timeout_sec": 30.0, "ts": "2026-10-04 16:15:37"}
[DBG] {"bytes": null, "category": "TRAIN", "component": "train", "event": "BEGIN:broadcast_preference_length", "host": "d6b2a058c4be", "pid": 194534, "rank": 1, "transport": "gloo_cpu", "ts": "2026-10-04 16:15:37"}
[DBG] {"category": "TRAIN", "component": "train", "event": "watchdog_armed", "host": "d6b2a058c4be", "pid": 194534, "rank": 1, "stage": "broadcast_preference_length", "timeout_sec": 30.0, "ts": "2026-10-04 16:15:37"}
[DBG] {"category": "TRAIN", "component": "train", "elapsed_sec": 0.013507, "event": "END:broadcast_preference_length", "host": "d6b2a058c4be", "pid": 194534, "rank": 1, "ts": "2026-10-04 16:15:37"}
[DBG] {"category": "TRAIN", "component": "train", "event": "watchdog_armed", "host": "d6b2a058c4be", "pid": 194534, "rank": 1, "stage": "broadcast_preference_payload", "timeout_sec": 30.0, "ts": "2026-10-04 16:15:37"}
[DBG] {"category": "TRAIN", "component": "train", "elapsed_sec": 0.014752, "event": "END:broadcast_preference_payload", "host": "d6b2a058c4be", "pid": 194534, "rank": 1, "ts": "2026-10-04 16:15:37"}
[DBG] {"category": "TRAIN", "component": "train", "event": "BEGIN:broadcast_stop_flag", "host": "d6b2a058c4be", "pid": 194534, "rank": 1, "transport": "gloo_cpu", "ts": "2026-10-04 16:15:38", "value": null}
[DBG] {"category": "TRAIN", "component": "train", "event": "watchdog_armed", "host": "d6b2a058c4be", "pid": 194534, "rank": 1, "stage": "broadcast_stop_flag", "timeout_sec": 30.0, "ts": "2026-10-04 16:15:38"}
[DBG] {"category": "TRAIN", "component": "train", "elapsed_sec": 0.005814, "event": "END:broadcast_stop_flag", "host": "d6b2a058c4be", "pid": 194534, "rank": 1, "ts": "2026-10-04 16:15:38"}
[DBG] {"category": "TRAIN", "component": "train", "event": "BEGIN:broadcast_preference_payload", "has_payload": null, "host": "d6b2a058c4be", "pid": 194534, "rank": 1, "transport": "json_uint8_gloo", "ts": "2026-10-04 16:15:38"}
[DBG] {"category": "TRAIN", "component": "train", "event": "watchdog_armed", "host": "d6b2a058c4be", "pid": 194534, "rank": 1, "stage": "broadcast_preference_payload", "timeout_sec": 30.0, "ts": "2026-10-04 16:15:38"}
[DBG] {"bytes": null, "category": "TRAIN", "component": "train", "event": "BEGIN:broadcast_preference_length", "host": "d6b2a058c4be", "pid": 194534, "rank": 1, "transport": "gloo_cpu", "ts": "2026-10-04 16:15:38"}
[DBG] {"category": "TRAIN", "component": "train", "event": "watchdog_armed", "host": "d6b2a058c4be", "pid": 194534, "rank": 1, "stage": "broadcast_preference_length", "timeout_sec": 30.0, "ts": "2026-10-04 16:15:38"}
[DBG] {"category": "TRAIN", "component": "train", "elapsed_sec": 0.012912, "event": "END:broadcast_preference_length", "host": "d6b2a058c4be", "pid": 194534, "rank": 1, "ts": "2026-10-04 16:15:38"}
[DBG] {"category": "TRAIN", "component": "train", "event": "watchdog_armed", "host": "d6b2a058c4be", "pid": 194534, "rank": 1, "stage": "broadcast_preference_payload", "timeout_sec": 30.0, "ts": "2026-10-04 16:15:38"}
[DBG] {"category": "TRAIN", "component": "train", "elapsed_sec": 0.014219, "event": "END:broadcast_preference_payload", "host": "d6b2a058c4be", "pid": 194534, "rank": 1, "ts": "2026-10-04 16:15:38"}
[DBG] {"category": "TRAIN", "component": "train", "event": "BEGIN:broadcast_stop_flag", "host": "d6b2a058c4be", "pid": 194534, "rank": 1, "transport": "gloo_cpu", "ts": "2026-10-04 16:15:38", "value": null}
[DBG] {"category": "TRAIN", "component": "train", "event": "watchdog_armed", "host": "d6b2a058c4be", "pid": 194534, "rank": 1, "stage": "broadcast_stop_flag", "timeout_sec": 30.0, "ts": "2026-10-04 16:15:38"}
[DBG] {"category": "TRAIN", "component": "train", "elapsed_sec": 0.005446, "event": "END:broadcast_stop_flag", "host": "d6b2a058c4be", "pid": 194534, "rank": 1, "ts": "2026-10-04 16:15:38"}
[DBG] {"category": "TRAIN", "component": "train", "event": "BEGIN:broadcast_preference_payload", "has_payload": null, "host": "d6b2a058c4be", "pid": 194534, "rank": 1, "transport": "json_uint8_gloo", "ts": "2026-10-04 16:15:38"}
[DBG] {"category": "TRAIN", "component": "train", "event": "watchdog_armed", "host": "d6b2a058c4be", "pid": 194534, "rank": 1, "stage": "broadcast_preference_payload", "timeout_sec": 30.0, "ts": "2026-10-04 16:15:38"}
[DBG] {"bytes": null, "category": "TRAIN", "component": "train", "event": "BEGIN:broadcast_preference_length", "host": "d6b2a058c4be", "pid": 194534, "rank": 1, "transport": "gloo_cpu", "ts": "2026-10-04 16:15:38"}
[DBG] {"category": "TRAIN", "component": "train", "event": "watchdog_armed", "host": "d6b2a058c4be", "pid": 194534, "rank": 1, "stage": "broadcast_preference_length", "timeout_sec": 30.0, "ts": "2026-10-04 16:15:38"}
[DBG] {"category": "TRAIN", "component": "train", "elapsed_sec": 0.011782, "event": "END:broadcast_preference_length", "host": "d6b2a058c4be", "pid": 194534, "rank": 1, "ts": "2026-10-04 16:15:38"}
[DBG] {"category": "TRAIN", "component": "train", "event": "watchdog_armed", "host": "d6b2a058c4be", "pid": 194534, "rank": 1, "stage": "broadcast_preference_payload", "timeout_sec": 30.0, "ts": "2026-10-04 16:15:38"}
[DBG] {"category": "TRAIN", "component": "train", "elapsed_sec": 0.01304, "event": "END:broadcast_preference_payload", "host": "d6b2a058c4be", "pid": 194534, "rank": 1, "ts": "2026-10-04 16:15:38"}
[DBG] {"category": "TRAIN", "component": "train", "event": "BEGIN:broadcast_stop_flag", "host": "d6b2a058c4be", "pid": 194534, "rank": 1, "transport": "gloo_cpu", "ts": "2026-10-04 16:15:39", "value": null}
[DBG] {"category": "TRAIN", "component": "train", "event": "watchdog_armed", "host": "d6b2a058c4be", "pid": 194534, "rank": 1, "stage": "broadcast_stop_flag", "timeout_sec": 30.0, "ts": "2026-10-04 16:15:39"}
[DBG] {"category": "TRAIN", "component": "train", "elapsed_sec": 0.005901, "event": "END:broadcast_stop_flag", "host": "d6b2a058c4be", "pid": 194534, "rank": 1, "ts": "2026-10-04 16:15:39"}
[DBG] {"category": "TRAIN", "component": "train", "event": "BEGIN:broadcast_preference_payload", "has_payload": null, "host": "d6b2a058c4be", "pid": 194534, "rank": 1, "transport": "json_uint8_gloo", "ts": "2026-10-04 16:15:39"}
[DBG] {"category": "TRAIN", "component": "train", "event": "watchdog_armed", "host": "d6b2a058c4be", "pid": 194534, "rank": 1, "stage": "broadcast_preference_payload", "timeout_sec": 30.0, "ts": "2026-10-04 16:15:39"}
[DBG] {"bytes": null, "category": "TRAIN", "component": "train", "event": "BEGIN:broadcast_preference_length", "host": "d6b2a058c4be", "pid": 194534, "rank": 1, "transport": "gloo_cpu", "ts": "2026-10-04 16:15:39"}
[DBG] {"category": "TRAIN", "component": "train", "event": "watchdog_armed", "host": "d6b2a058c4be", "pid": 194534, "rank": 1, "stage": "broadcast_preference_length", "timeout_sec": 30.0, "ts": "2026-10-04 16:15:39"}
[DBG] {"category": "TRAIN", "component": "train", "elapsed_sec": 0.013409, "event": "END:broadcast_preference_length", "host": "d6b2a058c4be", "pid": 194534, "rank": 1, "ts": "2026-10-04 16:15:39"}
[DBG] {"category": "TRAIN", "component": "train", "event": "watchdog_armed", "host": "d6b2a058c4be", "pid": 194534, "rank": 1, "stage": "broadcast_preference_payload", "timeout_sec": 30.0, "ts": "2026-10-04 16:15:39"}
[DBG] {"category": "TRAIN", "component": "train", "elapsed_sec": 0.014631, "event": "END:broadcast_preference_payload", "host": "d6b2a058c4be", "pid": 194534, "rank": 1, "ts": "2026-10-04 16:15:39"}
[DBG] {"category": "TRAIN", "component": "train", "event": "BEGIN:broadcast_stop_flag", "host": "d6b2a058c4be", "pid": 194534, "rank": 1, "transport": "gloo_cpu", "ts": "2026-10-04 16:15:39", "value": null}
[DBG] {"category": "TRAIN", "component": "train", "event": "watchdog_armed", "host": "d6b2a058c4be", "pid": 194534, "rank": 1, "stage": "broadcast_stop_flag", "timeout_sec": 30.0, "ts": "2026-10-04 16:15:39"}
[DBG] {"category": "TRAIN", "component": "train", "elapsed_sec": 0.005434, "event": "END:broadcast_stop_flag", "host": "d6b2a058c4be", "pid": 194534, "rank": 1, "ts": "2026-10-04 16:15:39"}
[DBG] {"category": "TRAIN", "component": "train", "event": "BEGIN:broadcast_preference_payload", "has_payload": null, "host": "d6b2a058c4be", "pid": 194534, "rank": 1, "transport": "json_uint8_gloo", "ts": "2026-10-04 16:15:39"}
[DBG] {"category": "TRAIN", "component": "train", "event": "watchdog_armed", "host": "d6b2a058c4be", "pid": 194534, "rank": 1, "stage": "broadcast_preference_payload", "timeout_sec": 30.0, "ts": "2026-10-04 16:15:39"}
[DBG] {"bytes": null, "category": "TRAIN", "component": "train", "event": "BEGIN:broadcast_preference_length", "host": "d6b2a058c4be", "pid": 194534, "rank": 1, "transport": "gloo_cpu", "ts": "2026-10-04 16:15:39"}
[DBG] {"category": "TRAIN", "component": "train", "event": "watchdog_armed", "host": "d6b2a058c4be", "pid": 194534, "rank": 1, "stage": "broadcast_preference_length", "timeout_sec": 30.0, "ts": "2026-10-04 16:15:39"}
[DBG] {"category": "TRAIN", "component": "train", "elapsed_sec": 0.012103, "event": "END:broadcast_preference_length", "host": "d6b2a058c4be", "pid": 194534, "rank": 1, "ts": "2026-10-04 16:15:39"}
[DBG] {"category": "TRAIN", "component": "train", "event": "watchdog_armed", "host": "d6b2a058c4be", "pid": 194534, "rank": 1, "stage": "broadcast_preference_payload", "timeout_sec": 30.0, "ts": "2026-10-04 16:15:39"}
[DBG] {"category": "TRAIN", "component": "train", "elapsed_sec": 0.013341, "event": "END:broadcast_preference_payload", "host": "d6b2a058c4be", "pid": 194534, "rank": 1, "ts": "2026-10-04 16:15:39"}
[DBG] {"category": "TRAIN", "component": "train", "event": "BEGIN:broadcast_stop_flag", "host": "d6b2a058c4be", "pid": 194534, "rank": 1, "transport": "gloo_cpu", "ts": "2026-10-04 16:15:40", "value": null}
[DBG] {"category": "TRAIN", "component": "train", "event": "watchdog_armed", "host": "d6b2a058c4be", "pid": 194534, "rank": 1, "stage": "broadcast_stop_flag", "timeout_sec": 30.0, "ts": "2026-10-04 16:15:40"}
[DBG] {"category": "TRAIN", "component": "train", "elapsed_sec": 0.006259, "event": "END:broadcast_stop_flag", "host": "d6b2a058c4be", "pid": 194534, "rank": 1, "ts": "2026-10-04 16:15:40"}
[DBG] {"category": "TRAIN", "component": "train", "event": "BEGIN:broadcast_preference_payload", "has_payload": null, "host": "d6b2a058c4be", "pid": 194534, "rank": 1, "transport": "json_uint8_gloo", "ts": "2026-10-04 16:15:40"}
[DBG] {"category": "TRAIN", "component": "train", "event": "watchdog_armed", "host": "d6b2a058c4be", "pid": 194534, "rank": 1, "stage": "broadcast_preference_payload", "timeout_sec": 30.0, "ts": "2026-10-04 16:15:40"}
[DBG] {"bytes": null, "category": "TRAIN", "component": "train", "event": "BEGIN:broadcast_preference_length", "host": "d6b2a058c4be", "pid": 194534, "rank": 1, "transport": "gloo_cpu", "ts": "2026-10-04 16:15:40"}
[DBG] {"category": "TRAIN", "component": "train", "event": "watchdog_armed", "host": "d6b2a058c4be", "pid": 194534, "rank": 1, "stage": "broadcast_preference_length", "timeout_sec": 30.0, "ts": "2026-10-04 16:15:40"}
[DBG] {"category": "TRAIN", "component": "train", "elapsed_sec": 0.012808, "event": "END:broadcast_preference_length", "host": "d6b2a058c4be", "pid": 194534, "rank": 1, "ts": "2026-10-04 16:15:40"}
[DBG] {"category": "TRAIN", "component": "train", "event": "watchdog_armed", "host": "d6b2a058c4be", "pid": 194534, "rank": 1, "stage": "broadcast_preference_payload", "timeout_sec": 30.0, "ts": "2026-10-04 16:15:40"}
[DBG] {"category": "TRAIN", "component": "train", "elapsed_sec": 0.014045, "event": "END:broadcast_preference_payload", "host": "d6b2a058c4be", "pid": 194534, "rank": 1, "ts": "2026-10-04 16:15:40"}
[DBG] {"category": "TRAIN", "component": "train", "event": "BEGIN:broadcast_stop_flag", "host": "d6b2a058c4be", "pid": 194534, "rank": 1, "transport": "gloo_cpu", "ts": "2026-10-04 16:15:40", "value": null}
[DBG] {"category": "TRAIN", "component": "train", "event": "watchdog_armed", "host": "d6b2a058c4be", "pid": 194534, "rank": 1, "stage": "broadcast_stop_flag", "timeout_sec": 30.0, "ts": "2026-10-04 16:15:40"}
[DBG] {"category": "TRAIN", "component": "train", "elapsed_sec": 0.005582, "event": "END:broadcast_stop_flag", "host": "d6b2a058c4be", "pid": 194534, "rank": 1, "ts": "2026-10-04 16:15:40"}
[DBG] {"category": "TRAIN", "component": "train", "event": "BEGIN:broadcast_preference_payload", "has_payload": null, "host": "d6b2a058c4be", "pid": 194534, "rank": 1, "transport": "json_uint8_gloo", "ts": "2026-10-04 16:15:40"}
[DBG] {"category": "TRAIN", "component": "train", "event": "watchdog_armed", "host": "d6b2a058c4be", "pid": 194534, "rank": 1, "stage": "broadcast_preference_payload", "timeout_sec": 30.0, "ts": "2026-10-04 16:15:40"}
[DBG] {"bytes": null, "category": "TRAIN", "component": "train", "event": "BEGIN:broadcast_preference_length", "host": "d6b2a058c4be", "pid": 194534, "rank": 1, "transport": "gloo_cpu", "ts": "2026-10-04 16:15:40"}
[DBG] {"category": "TRAIN", "component": "train", "event": "watchdog_armed", "host": "d6b2a058c4be", "pid": 194534, "rank": 1, "stage": "broadcast_preference_length", "timeout_sec": 30.0, "ts": "2026-10-04 16:15:40"}
[DBG] {"category": "TRAIN", "component": "train", "elapsed_sec": 0.012336, "event": "END:broadcast_preference_length", "host": "d6b2a058c4be", "pid": 194534, "rank": 1, "ts": "2026-10-04 16:15:40"}
[DBG] {"category": "TRAIN", "component": "train", "event": "watchdog_armed", "host": "d6b2a058c4be", "pid": 194534, "rank": 1, "stage": "broadcast_preference_payload", "timeout_sec": 30.0, "ts": "2026-10-04 16:15:40"}
[DBG] {"category": "TRAIN", "component": "train", "elapsed_sec": 0.013651, "event": "END:broadcast_preference_payload", "host": "d6b2a058c4be", "pid": 194534, "rank": 1, "ts": "2026-10-04 16:15:40"}
[DBG] {"category": "TRAIN", "component": "train", "event": "BEGIN:broadcast_stop_flag", "host": "d6b2a058c4be", "pid": 194534, "rank": 1, "transport": "gloo_cpu", "ts": "2026-10-04 16:15:41", "value": null}
[DBG] {"category": "TRAIN", "component": "train", "event": "watchdog_armed", "host": "d6b2a058c4be", "pid": 194534, "rank": 1, "stage": "broadcast_stop_flag", "timeout_sec": 30.0, "ts": "2026-10-04 16:15:41"}
[DBG] {"category": "TRAIN", "component": "train", "elapsed_sec": 0.005326, "event": "END:broadcast_stop_flag", "host": "d6b2a058c4be", "pid": 194534, "rank": 1, "ts": "2026-10-04 16:15:41"}
[DBG] {"category": "TRAIN", "component": "train", "event": "BEGIN:broadcast_preference_payload", "has_payload": null, "host": "d6b2a058c4be", "pid": 194534, "rank": 1, "transport": "json_uint8_gloo", "ts": "2026-10-04 16:15:41"}
[DBG] {"category": "TRAIN", "component": "train", "event": "watchdog_armed", "host": "d6b2a058c4be", "pid": 194534, "rank": 1, "stage": "broadcast_preference_payload", "timeout_sec": 30.0, "ts": "2026-10-04 16:15:41"}
[DBG] {"bytes": null, "category": "TRAIN", "component": "train", "event": "BEGIN:broadcast_preference_length", "host": "d6b2a058c4be", "pid": 194534, "rank": 1, "transport": "gloo_cpu", "ts": "2026-10-04 16:15:41"}
[DBG] {"category": "TRAIN", "component": "train", "event": "watchdog_armed", "host": "d6b2a058c4be", "pid": 194534, "rank": 1, "stage": "broadcast_preference_length", "timeout_sec": 30.0, "ts": "2026-10-04 16:15:41"}
[DBG] {"category": "TRAIN", "component": "train", "elapsed_sec": 0.012556, "event": "END:broadcast_preference_length", "host": "d6b2a058c4be", "pid": 194534, "rank": 1, "ts": "2026-10-04 16:15:41"}
[DBG] {"category": "TRAIN", "component": "train", "event": "watchdog_armed", "host": "d6b2a058c4be", "pid": 194534, "rank": 1, "stage": "broadcast_preference_payload", "timeout_sec": 30.0, "ts": "2026-10-04 16:15:41"}
[DBG] {"category": "TRAIN", "component": "train", "elapsed_sec": 0.013718, "event": "END:broadcast_preference_payload", "host": "d6b2a058c4be", "pid": 194534, "rank": 1, "ts": "2026-10-04 16:15:41"}
[DBG] {"category": "TRAIN", "component": "train", "event": "BEGIN:broadcast_stop_flag", "host": "d6b2a058c4be", "pid": 194534, "rank": 1, "transport": "gloo_cpu", "ts": "2026-10-04 16:15:41", "value": null}
[DBG] {"category": "TRAIN", "component": "train", "event": "watchdog_armed", "host": "d6b2a058c4be", "pid": 194534, "rank": 1, "stage": "broadcast_stop_flag", "timeout_sec": 30.0, "ts": "2026-10-04 16:15:41"}
[DBG] {"category": "TRAIN", "component": "train", "elapsed_sec": 0.006075, "event": "END:broadcast_stop_flag", "host": "d6b2a058c4be", "pid": 194534, "rank": 1, "ts": "2026-10-04 16:15:41"}
[DBG] {"category": "TRAIN", "component": "train", "event": "BEGIN:broadcast_preference_payload", "has_payload": null, "host": "d6b2a058c4be", "pid": 194534, "rank": 1, "transport": "json_uint8_gloo", "ts": "2026-10-04 16:15:41"}
[DBG] {"category": "TRAIN", "component": "train", "event": "watchdog_armed", "host": "d6b2a058c4be", "pid": 194534, "rank": 1, "stage": "broadcast_preference_payload", "timeout_sec": 30.0, "ts": "2026-10-04 16:15:41"}
[DBG] {"bytes": null, "category": "TRAIN", "component": "train", "event": "BEGIN:broadcast_preference_length", "host": "d6b2a058c4be", "pid": 194534, "rank": 1, "transport": "gloo_cpu", "ts": "2026-10-04 16:15:41"}
[DBG] {"category": "TRAIN", "component": "train", "event": "watchdog_armed", "host": "d6b2a058c4be", "pid": 194534, "rank": 1, "stage": "broadcast_preference_length", "timeout_sec": 30.0, "ts": "2026-10-04 16:15:41"}
[DBG] {"category": "TRAIN", "component": "train", "elapsed_sec": 0.012162, "event": "END:broadcast_preference_length", "host": "d6b2a058c4be", "pid": 194534, "rank": 1, "ts": "2026-10-04 16:15:41"}
[DBG] {"category": "TRAIN", "component": "train", "event": "watchdog_armed", "host": "d6b2a058c4be", "pid": 194534, "rank": 1, "stage": "broadcast_preference_payload", "timeout_sec": 30.0, "ts": "2026-10-04 16:15:41"}
[DBG] {"category": "TRAIN", "component": "train", "elapsed_sec": 0.013405, "event": "END:broadcast_preference_payload", "host": "d6b2a058c4be", "pid": 194534, "rank": 1, "ts": "2026-10-04 16:15:41"}
[DBG] {"category": "TRAIN", "component": "train", "event": "BEGIN:broadcast_stop_flag", "host": "d6b2a058c4be", "pid": 194534, "rank": 1, "transport": "gloo_cpu", "ts": "2026-10-04 16:15:42", "value": null}
[DBG] {"category": "TRAIN", "component": "train", "event": "watchdog_armed", "host": "d6b2a058c4be", "pid": 194534, "rank": 1, "stage": "broadcast_stop_flag", "timeout_sec": 30.0, "ts": "2026-10-04 16:15:42"}
[DBG] {"category": "TRAIN", "component": "train", "elapsed_sec": 0.005729, "event": "END:broadcast_stop_flag", "host": "d6b2a058c4be", "pid": 194534, "rank": 1, "ts": "2026-10-04 16:15:42"}
[DBG] {"category": "TRAIN", "component": "train", "event": "BEGIN:broadcast_preference_payload", "has_payload": null, "host": "d6b2a058c4be", "pid": 194534, "rank": 1, "transport": "json_uint8_gloo", "ts": "2026-10-04 16:15:42"}
[DBG] {"category": "TRAIN", "component": "train", "event": "watchdog_armed", "host": "d6b2a058c4be", "pid": 194534, "rank": 1, "stage": "broadcast_preference_payload", "timeout_sec": 30.0, "ts": "2026-10-04 16:15:42"}
[DBG] {"bytes": null, "category": "TRAIN", "component": "train", "event": "BEGIN:broadcast_preference_length", "host": "d6b2a058c4be", "pid": 194534, "rank": 1, "transport": "gloo_cpu", "ts": "2026-10-04 16:15:42"}
[DBG] {"category": "TRAIN", "component": "train", "event": "watchdog_armed", "host": "d6b2a058c4be", "pid": 194534, "rank": 1, "stage": "broadcast_preference_length", "timeout_sec": 30.0, "ts": "2026-10-04 16:15:42"}
[DBG] {"category": "TRAIN", "component": "train", "elapsed_sec": 0.01236, "event": "END:broadcast_preference_length", "host": "d6b2a058c4be", "pid": 194534, "rank": 1, "ts": "2026-10-04 16:15:42"}
[DBG] {"category": "TRAIN", "component": "train", "event": "watchdog_armed", "host": "d6b2a058c4be", "pid": 194534, "rank": 1, "stage": "broadcast_preference_payload", "timeout_sec": 30.0, "ts": "2026-10-04 16:15:42"}
[DBG] {"category": "TRAIN", "component": "train", "elapsed_sec": 0.013609, "event": "END:broadcast_preference_payload", "host": "d6b2a058c4be", "pid": 194534, "rank": 1, "ts": "2026-10-04 16:15:42"}
[DBG] {"category": "TRAIN", "component": "train", "event": "BEGIN:broadcast_stop_flag", "host": "d6b2a058c4be", "pid": 194534, "rank": 1, "transport": "gloo_cpu", "ts": "2026-10-04 16:15:42", "value": null}
[DBG] {"category": "TRAIN", "component": "train", "event": "watchdog_armed", "host": "d6b2a058c4be", "pid": 194534, "rank": 1, "stage": "broadcast_stop_flag", "timeout_sec": 30.0, "ts": "2026-10-04 16:15:42"}
[DBG] {"category": "TRAIN", "component": "train", "elapsed_sec": 0.005804, "event": "END:broadcast_stop_flag", "host": "d6b2a058c4be", "pid": 194534, "rank": 1, "ts": "2026-10-04 16:15:42"}
[DBG] {"category": "TRAIN", "component": "train", "event": "BEGIN:broadcast_preference_payload", "has_payload": null, "host": "d6b2a058c4be", "pid": 194534, "rank": 1, "transport": "json_uint8_gloo", "ts": "2026-10-04 16:15:42"}
[DBG] {"category": "TRAIN", "component": "train", "event": "watchdog_armed", "host": "d6b2a058c4be", "pid": 194534, "rank": 1, "stage": "broadcast_preference_payload", "timeout_sec": 30.0, "ts": "2026-10-04 16:15:42"}
[DBG] {"bytes": null, "category": "TRAIN", "component": "train", "event": "BEGIN:broadcast_preference_length", "host": "d6b2a058c4be", "pid": 194534, "rank": 1, "transport": "gloo_cpu", "ts": "2026-10-04 16:15:42"}
[DBG] {"category": "TRAIN", "component": "train", "event": "watchdog_armed", "host": "d6b2a058c4be", "pid": 194534, "rank": 1, "stage": "broadcast_preference_length", "timeout_sec": 30.0, "ts": "2026-10-04 16:15:42"}
[DBG] {"category": "TRAIN", "component": "train", "elapsed_sec": 0.011856, "event": "END:broadcast_preference_length", "host": "d6b2a058c4be", "pid": 194534, "rank": 1, "ts": "2026-10-04 16:15:43"}
[DBG] {"category": "TRAIN", "component": "train", "event": "watchdog_armed", "host": "d6b2a058c4be", "pid": 194534, "rank": 1, "stage": "broadcast_preference_payload", "timeout_sec": 30.0, "ts": "2026-10-04 16:15:43"}
[DBG] {"category": "TRAIN", "component": "train", "elapsed_sec": 0.013048, "event": "END:broadcast_preference_payload", "host": "d6b2a058c4be", "pid": 194534, "rank": 1, "ts": "2026-10-04 16:15:43"}
[DBG] {"category": "TRAIN", "component": "train", "event": "BEGIN:broadcast_stop_flag", "host": "d6b2a058c4be", "pid": 194534, "rank": 1, "transport": "gloo_cpu", "ts": "2026-10-04 16:15:43", "value": null}
[DBG] {"category": "TRAIN", "component": "train", "event": "watchdog_armed", "host": "d6b2a058c4be", "pid": 194534, "rank": 1, "stage": "broadcast_stop_flag", "timeout_sec": 30.0, "ts": "2026-10-04 16:15:43"}
[DBG] {"category": "TRAIN", "component": "train", "elapsed_sec": 0.006175, "event": "END:broadcast_stop_flag", "host": "d6b2a058c4be", "pid": 194534, "rank": 1, "ts": "2026-10-04 16:15:43"}
[DBG] {"category": "TRAIN", "component": "train", "event": "BEGIN:broadcast_preference_payload", "has_payload": null, "host": "d6b2a058c4be", "pid": 194534, "rank": 1, "transport": "json_uint8_gloo", "ts": "2026-10-04 16:15:43"}
[DBG] {"category": "TRAIN", "component": "train", "event": "watchdog_armed", "host": "d6b2a058c4be", "pid": 194534, "rank": 1, "stage": "broadcast_preference_payload", "timeout_sec": 30.0, "ts": "2026-10-04 16:15:43"}
[DBG] {"bytes": null, "category": "TRAIN", "component": "train", "event": "BEGIN:broadcast_preference_length", "host": "d6b2a058c4be", "pid": 194534, "rank": 1, "transport": "gloo_cpu", "ts": "2026-10-04 16:15:43"}
[DBG] {"category": "TRAIN", "component": "train", "event": "watchdog_armed", "host": "d6b2a058c4be", "pid": 194534, "rank": 1, "stage": "broadcast_preference_length", "timeout_sec": 30.0, "ts": "2026-10-04 16:15:43"}
[DBG] {"category": "TRAIN", "component": "train", "elapsed_sec": 0.012876, "event": "END:broadcast_preference_length", "host": "d6b2a058c4be", "pid": 194534, "rank": 1, "ts": "2026-10-04 16:15:43"}
[DBG] {"category": "TRAIN", "component": "train", "event": "watchdog_armed", "host": "d6b2a058c4be", "pid": 194534, "rank": 1, "stage": "broadcast_preference_payload", "timeout_sec": 30.0, "ts": "2026-10-04 16:15:43"}
[DBG] {"category": "TRAIN", "component": "train", "elapsed_sec": 0.01407, "event": "END:broadcast_preference_payload", "host": "d6b2a058c4be", "pid": 194534, "rank": 1, "ts": "2026-10-04 16:15:43"}
[DBG] {"category": "TRAIN", "component": "train", "event": "BEGIN:broadcast_stop_flag", "host": "d6b2a058c4be", "pid": 194534, "rank": 1, "transport": "gloo_cpu", "ts": "2026-10-04 16:15:44", "value": null}
[DBG] {"category": "TRAIN", "component": "train", "event": "watchdog_armed", "host": "d6b2a058c4be", "pid": 194534, "rank": 1, "stage": "broadcast_stop_flag", "timeout_sec": 30.0, "ts": "2026-10-04 16:15:44"}
[DBG] {"category": "TRAIN", "component": "train", "elapsed_sec": 0.004944, "event": "END:broadcast_stop_flag", "host": "d6b2a058c4be", "pid": 194534, "rank": 1, "ts": "2026-10-04 16:15:44"}
[DBG] {"category": "TRAIN", "component": "train", "event": "BEGIN:broadcast_preference_payload", "has_payload": null, "host": "d6b2a058c4be", "pid": 194534, "rank": 1, "transport": "json_uint8_gloo", "ts": "2026-10-04 16:15:44"}
[DBG] {"category": "TRAIN", "component": "train", "event": "watchdog_armed", "host": "d6b2a058c4be", "pid": 194534, "rank": 1, "stage": "broadcast_preference_payload", "timeout_sec": 30.0, "ts": "2026-10-04 16:15:44"}
[DBG] {"bytes": null, "category": "TRAIN", "component": "train", "event": "BEGIN:broadcast_preference_length", "host": "d6b2a058c4be", "pid": 194534, "rank": 1, "transport": "gloo_cpu", "ts": "2026-10-04 16:15:44"}
[DBG] {"category": "TRAIN", "component": "train", "event": "watchdog_armed", "host": "d6b2a058c4be", "pid": 194534, "rank": 1, "stage": "broadcast_preference_length", "timeout_sec": 30.0, "ts": "2026-10-04 16:15:44"}
[DBG] {"category": "TRAIN", "component": "train", "elapsed_sec": 0.013222, "event": "END:broadcast_preference_length", "host": "d6b2a058c4be", "pid": 194534, "rank": 1, "ts": "2026-10-04 16:15:44"}
[DBG] {"category": "TRAIN", "component": "train", "event": "watchdog_armed", "host": "d6b2a058c4be", "pid": 194534, "rank": 1, "stage": "broadcast_preference_payload", "timeout_sec": 30.0, "ts": "2026-10-04 16:15:44"}
[DBG] {"category": "TRAIN", "component": "train", "elapsed_sec": 0.014259, "event": "END:broadcast_preference_payload", "host": "d6b2a058c4be", "pid": 194534, "rank": 1, "ts": "2026-10-04 16:15:44"}
[DBG] {"category": "TRAIN", "component": "train", "event": "BEGIN:broadcast_stop_flag", "host": "d6b2a058c4be", "pid": 194534, "rank": 1, "transport": "gloo_cpu", "ts": "2026-10-04 16:15:44", "value": null}
[DBG] {"category": "TRAIN", "component": "train", "event": "watchdog_armed", "host": "d6b2a058c4be", "pid": 194534, "rank": 1, "stage": "broadcast_stop_flag", "timeout_sec": 30.0, "ts": "2026-10-04 16:15:44"}
[DBG] {"category": "TRAIN", "component": "train", "elapsed_sec": 0.006233, "event": "END:broadcast_stop_flag", "host": "d6b2a058c4be", "pid": 194534, "rank": 1, "ts": "2026-10-04 16:15:44"}
[DBG] {"category": "TRAIN", "component": "train", "event": "BEGIN:broadcast_preference_payload", "has_payload": null, "host": "d6b2a058c4be", "pid": 194534, "rank": 1, "transport": "json_uint8_gloo", "ts": "2026-10-04 16:15:44"}
[DBG] {"category": "TRAIN", "component": "train", "event": "watchdog_armed", "host": "d6b2a058c4be", "pid": 194534, "rank": 1, "stage": "broadcast_preference_payload", "timeout_sec": 30.0, "ts": "2026-10-04 16:15:44"}
[DBG] {"bytes": null, "category": "TRAIN", "component": "train", "event": "BEGIN:broadcast_preference_length", "host": "d6b2a058c4be", "pid": 194534, "rank": 1, "transport": "gloo_cpu", "ts": "2026-10-04 16:15:44"}
[DBG] {"category": "TRAIN", "component": "train", "event": "watchdog_armed", "host": "d6b2a058c4be", "pid": 194534, "rank": 1, "stage": "broadcast_preference_length", "timeout_sec": 30.0, "ts": "2026-10-04 16:15:44"}
[DBG] {"category": "TRAIN", "component": "train", "elapsed_sec": 0.013561, "event": "END:broadcast_preference_length", "host": "d6b2a058c4be", "pid": 194534, "rank": 1, "ts": "2026-10-04 16:15:44"}
[DBG] {"category": "TRAIN", "component": "train", "event": "watchdog_armed", "host": "d6b2a058c4be", "pid": 194534, "rank": 1, "stage": "broadcast_preference_payload", "timeout_sec": 30.0, "ts": "2026-10-04 16:15:44"}
[DBG] {"category": "TRAIN", "component": "train", "elapsed_sec": 0.014826, "event": "END:broadcast_preference_payload", "host": "d6b2a058c4be", "pid": 194534, "rank": 1, "ts": "2026-10-04 16:15:44"}
[DBG] {"category": "TRAIN", "component": "train", "event": "BEGIN:broadcast_stop_flag", "host": "d6b2a058c4be", "pid": 194534, "rank": 1, "transport": "gloo_cpu", "ts": "2026-10-04 16:15:45", "value": null}
[DBG] {"category": "TRAIN", "component": "train", "event": "watchdog_armed", "host": "d6b2a058c4be", "pid": 194534, "rank": 1, "stage": "broadcast_stop_flag", "timeout_sec": 30.0, "ts": "2026-10-04 16:15:45"}
[DBG] {"category": "TRAIN", "component": "train", "elapsed_sec": 0.005912, "event": "END:broadcast_stop_flag", "host": "d6b2a058c4be", "pid": 194534, "rank": 1, "ts": "2026-10-04 16:15:45"}
[DBG] {"category": "TRAIN", "component": "train", "event": "BEGIN:broadcast_preference_payload", "has_payload": null, "host": "d6b2a058c4be", "pid": 194534, "rank": 1, "transport": "json_uint8_gloo", "ts": "2026-10-04 16:15:45"}
[DBG] {"category": "TRAIN", "component": "train", "event": "watchdog_armed", "host": "d6b2a058c4be", "pid": 194534, "rank": 1, "stage": "broadcast_preference_payload", "timeout_sec": 30.0, "ts": "2026-10-04 16:15:45"}
[DBG] {"bytes": null, "category": "TRAIN", "component": "train", "event": "BEGIN:broadcast_preference_length", "host": "d6b2a058c4be", "pid": 194534, "rank": 1, "transport": "gloo_cpu", "ts": "2026-10-04 16:15:45"}
[DBG] {"category": "TRAIN", "component": "train", "event": "watchdog_armed", "host": "d6b2a058c4be", "pid": 194534, "rank": 1, "stage": "broadcast_preference_length", "timeout_sec": 30.0, "ts": "2026-10-04 16:15:45"}
[DBG] {"category": "TRAIN", "component": "train", "elapsed_sec": 0.012395, "event": "END:broadcast_preference_length", "host": "d6b2a058c4be", "pid": 194534, "rank": 1, "ts": "2026-10-04 16:15:45"}
[DBG] {"category": "TRAIN", "component": "train", "event": "watchdog_armed", "host": "d6b2a058c4be", "pid": 194534, "rank": 1, "stage": "broadcast_preference_payload", "timeout_sec": 30.0, "ts": "2026-10-04 16:15:45"}
[DBG] {"category": "TRAIN", "component": "train", "elapsed_sec": 0.013698, "event": "END:broadcast_preference_payload", "host": "d6b2a058c4be", "pid": 194534, "rank": 1, "ts": "2026-10-04 16:15:45"}
[DBG] {"category": "TRAIN", "component": "train", "event": "BEGIN:broadcast_stop_flag", "host": "d6b2a058c4be", "pid": 194534, "rank": 1, "transport": "gloo_cpu", "ts": "2026-10-04 16:15:45", "value": null}
[DBG] {"category": "TRAIN", "component": "train", "event": "watchdog_armed", "host": "d6b2a058c4be", "pid": 194534, "rank": 1, "stage": "broadcast_stop_flag", "timeout_sec": 30.0, "ts": "2026-10-04 16:15:45"}
[DBG] {"category": "TRAIN", "component": "train", "elapsed_sec": 0.00585, "event": "END:broadcast_stop_flag", "host": "d6b2a058c4be", "pid": 194534, "rank": 1, "ts": "2026-10-04 16:15:45"}
[DBG] {"category": "TRAIN", "component": "train", "event": "BEGIN:broadcast_preference_payload", "has_payload": null, "host": "d6b2a058c4be", "pid": 194534, "rank": 1, "transport": "json_uint8_gloo", "ts": "2026-10-04 16:15:45"}
[DBG] {"category": "TRAIN", "component": "train", "event": "watchdog_armed", "host": "d6b2a058c4be", "pid": 194534, "rank": 1, "stage": "broadcast_preference_payload", "timeout_sec": 30.0, "ts": "2026-10-04 16:15:45"}
[DBG] {"bytes": null, "category": "TRAIN", "component": "train", "event": "BEGIN:broadcast_preference_length", "host": "d6b2a058c4be", "pid": 194534, "rank": 1, "transport": "gloo_cpu", "ts": "2026-10-04 16:15:45"}
[DBG] {"category": "TRAIN", "component": "train", "event": "watchdog_armed", "host": "d6b2a058c4be", "pid": 194534, "rank": 1, "stage": "broadcast_preference_length", "timeout_sec": 30.0, "ts": "2026-10-04 16:15:45"}
[DBG] {"category": "TRAIN", "component": "train", "elapsed_sec": 0.012641, "event": "END:broadcast_preference_length", "host": "d6b2a058c4be", "pid": 194534, "rank": 1, "ts": "2026-10-04 16:15:45"}
[DBG] {"category": "TRAIN", "component": "train", "event": "watchdog_armed", "host": "d6b2a058c4be", "pid": 194534, "rank": 1, "stage": "broadcast_preference_payload", "timeout_sec": 30.0, "ts": "2026-10-04 16:15:45"}
[DBG] {"category": "TRAIN", "component": "train", "elapsed_sec": 0.013858, "event": "END:broadcast_preference_payload", "host": "d6b2a058c4be", "pid": 194534, "rank": 1, "ts": "2026-10-04 16:15:45"}
[DBG] {"category": "TRAIN", "component": "train", "event": "BEGIN:broadcast_stop_flag", "host": "d6b2a058c4be", "pid": 194534, "rank": 1, "transport": "gloo_cpu", "ts": "2026-10-04 16:15:46", "value": null}
[DBG] {"category": "TRAIN", "component": "train", "event": "watchdog_armed", "host": "d6b2a058c4be", "pid": 194534, "rank": 1, "stage": "broadcast_stop_flag", "timeout_sec": 30.0, "ts": "2026-10-04 16:15:46"}
[DBG] {"category": "TRAIN", "component": "train", "elapsed_sec": 0.005275, "event": "END:broadcast_stop_flag", "host": "d6b2a058c4be", "pid": 194534, "rank": 1, "ts": "2026-10-04 16:15:46"}
[DBG] {"category": "TRAIN", "component": "train", "event": "BEGIN:broadcast_preference_payload", "has_payload": null, "host": "d6b2a058c4be", "pid": 194534, "rank": 1, "transport": "json_uint8_gloo", "ts": "2026-10-04 16:15:46"}
[DBG] {"category": "TRAIN", "component": "train", "event": "watchdog_armed", "host": "d6b2a058c4be", "pid": 194534, "rank": 1, "stage": "broadcast_preference_payload", "timeout_sec": 30.0, "ts": "2026-10-04 16:15:46"}
[DBG] {"bytes": null, "category": "TRAIN", "component": "train", "event": "BEGIN:broadcast_preference_length", "host": "d6b2a058c4be", "pid": 194534, "rank": 1, "transport": "gloo_cpu", "ts": "2026-10-04 16:15:46"}
[DBG] {"category": "TRAIN", "component": "train", "event": "watchdog_armed", "host": "d6b2a058c4be", "pid": 194534, "rank": 1, "stage": "broadcast_preference_length", "timeout_sec": 30.0, "ts": "2026-10-04 16:15:46"}
[DBG] {"category": "TRAIN", "component": "train", "elapsed_sec": 0.012338, "event": "END:broadcast_preference_length", "host": "d6b2a058c4be", "pid": 194534, "rank": 1, "ts": "2026-10-04 16:15:46"}
[DBG] {"category": "TRAIN", "component": "train", "event": "watchdog_armed", "host": "d6b2a058c4be", "pid": 194534, "rank": 1, "stage": "broadcast_preference_payload", "timeout_sec": 30.0, "ts": "2026-10-04 16:15:46"}
[DBG] {"category": "TRAIN", "component": "train", "elapsed_sec": 0.013574, "event": "END:broadcast_preference_payload", "host": "d6b2a058c4be", "pid": 194534, "rank": 1, "ts": "2026-10-04 16:15:46"}
[DBG] {"category": "TRAIN", "component": "train", "event": "BEGIN:broadcast_stop_flag", "host": "d6b2a058c4be", "pid": 194534, "rank": 1, "transport": "gloo_cpu", "ts": "2026-10-04 16:15:46", "value": null}
[DBG] {"category": "TRAIN", "component": "train", "event": "watchdog_armed", "host": "d6b2a058c4be", "pid": 194534, "rank": 1, "stage": "broadcast_stop_flag", "timeout_sec": 30.0, "ts": "2026-10-04 16:15:46"}
[DBG] {"category": "TRAIN", "component": "train", "elapsed_sec": 0.005503, "event": "END:broadcast_stop_flag", "host": "d6b2a058c4be", "pid": 194534, "rank": 1, "ts": "2026-10-04 16:15:46"}
[DBG] {"category": "TRAIN", "component": "train", "event": "BEGIN:broadcast_preference_payload", "has_payload": null, "host": "d6b2a058c4be", "pid": 194534, "rank": 1, "transport": "json_uint8_gloo", "ts": "2026-10-04 16:15:46"}
[DBG] {"category": "TRAIN", "component": "train", "event": "watchdog_armed", "host": "d6b2a058c4be", "pid": 194534, "rank": 1, "stage": "broadcast_preference_payload", "timeout_sec": 30.0, "ts": "2026-10-04 16:15:46"}
[DBG] {"bytes": null, "category": "TRAIN", "component": "train", "event": "BEGIN:broadcast_preference_length", "host": "d6b2a058c4be", "pid": 194534, "rank": 1, "transport": "gloo_cpu", "ts": "2026-10-04 16:15:46"}
[DBG] {"category": "TRAIN", "component": "train", "event": "watchdog_armed", "host": "d6b2a058c4be", "pid": 194534, "rank": 1, "stage": "broadcast_preference_length", "timeout_sec": 30.0, "ts": "2026-10-04 16:15:46"}
[DBG] {"category": "TRAIN", "component": "train", "elapsed_sec": 0.012643, "event": "END:broadcast_preference_length", "host": "d6b2a058c4be", "pid": 194534, "rank": 1, "ts": "2026-10-04 16:15:46"}
[DBG] {"category": "TRAIN", "component": "train", "event": "watchdog_armed", "host": "d6b2a058c4be", "pid": 194534, "rank": 1, "stage": "broadcast_preference_payload", "timeout_sec": 30.0, "ts": "2026-10-04 16:15:46"}
[DBG] {"category": "TRAIN", "component": "train", "elapsed_sec": 0.013871, "event": "END:broadcast_preference_payload", "host": "d6b2a058c4be", "pid": 194534, "rank": 1, "ts": "2026-10-04 16:15:46"}
[DBG] {"category": "TRAIN", "component": "train", "event": "BEGIN:broadcast_stop_flag", "host": "d6b2a058c4be", "pid": 194534, "rank": 1, "transport": "gloo_cpu", "ts": "2026-10-04 16:15:47", "value": null}
[DBG] {"category": "TRAIN", "component": "train", "event": "watchdog_armed", "host": "d6b2a058c4be", "pid": 194534, "rank": 1, "stage": "broadcast_stop_flag", "timeout_sec": 30.0, "ts": "2026-10-04 16:15:47"}
[DBG] {"category": "TRAIN", "component": "train", "elapsed_sec": 0.006052, "event": "END:broadcast_stop_flag", "host": "d6b2a058c4be", "pid": 194534, "rank": 1, "ts": "2026-10-04 16:15:47"}
[DBG] {"category": "TRAIN", "component": "train", "event": "BEGIN:broadcast_preference_payload", "has_payload": null, "host": "d6b2a058c4be", "pid": 194534, "rank": 1, "transport": "json_uint8_gloo", "ts": "2026-10-04 16:15:47"}
[DBG] {"category": "TRAIN", "component": "train", "event": "watchdog_armed", "host": "d6b2a058c4be", "pid": 194534, "rank": 1, "stage": "broadcast_preference_payload", "timeout_sec": 30.0, "ts": "2026-10-04 16:15:47"}
[DBG] {"bytes": null, "category": "TRAIN", "component": "train", "event": "BEGIN:broadcast_preference_length", "host": "d6b2a058c4be", "pid": 194534, "rank": 1, "transport": "gloo_cpu", "ts": "2026-10-04 16:15:47"}
[DBG] {"category": "TRAIN", "component": "train", "event": "watchdog_armed", "host": "d6b2a058c4be", "pid": 194534, "rank": 1, "stage": "broadcast_preference_length", "timeout_sec": 30.0, "ts": "2026-10-04 16:15:47"}
[DBG] {"category": "TRAIN", "component": "train", "elapsed_sec": 0.012842, "event": "END:broadcast_preference_length", "host": "d6b2a058c4be", "pid": 194534, "rank": 1, "ts": "2026-10-04 16:15:47"}
[DBG] {"category": "TRAIN", "component": "train", "event": "watchdog_armed", "host": "d6b2a058c4be", "pid": 194534, "rank": 1, "stage": "broadcast_preference_payload", "timeout_sec": 30.0, "ts": "2026-10-04 16:15:47"}
[DBG] {"category": "TRAIN", "component": "train", "elapsed_sec": 0.014056, "event": "END:broadcast_preference_payload", "host": "d6b2a058c4be", "pid": 194534, "rank": 1, "ts": "2026-10-04 16:15:47"}
[DBG] {"category": "TRAIN", "component": "train", "event": "BEGIN:broadcast_stop_flag", "host": "d6b2a058c4be", "pid": 194534, "rank": 1, "transport": "gloo_cpu", "ts": "2026-10-04 16:15:47", "value": null}
[DBG] {"category": "TRAIN", "component": "train", "event": "watchdog_armed", "host": "d6b2a058c4be", "pid": 194534, "rank": 1, "stage": "broadcast_stop_flag", "timeout_sec": 30.0, "ts": "2026-10-04 16:15:47"}
[DBG] {"category": "TRAIN", "component": "train", "elapsed_sec": 0.006164, "event": "END:broadcast_stop_flag", "host": "d6b2a058c4be", "pid": 194534, "rank": 1, "ts": "2026-10-04 16:15:47"}
[DBG] {"category": "TRAIN", "component": "train", "event": "BEGIN:broadcast_preference_payload", "has_payload": null, "host": "d6b2a058c4be", "pid": 194534, "rank": 1, "transport": "json_uint8_gloo", "ts": "2026-10-04 16:15:47"}
[DBG] {"category": "TRAIN", "component": "train", "event": "watchdog_armed", "host": "d6b2a058c4be", "pid": 194534, "rank": 1, "stage": "broadcast_preference_payload", "timeout_sec": 30.0, "ts": "2026-10-04 16:15:47"}
[DBG] {"bytes": null, "category": "TRAIN", "component": "train", "event": "BEGIN:broadcast_preference_length", "host": "d6b2a058c4be", "pid": 194534, "rank": 1, "transport": "gloo_cpu", "ts": "2026-10-04 16:15:47"}
[DBG] {"category": "TRAIN", "component": "train", "event": "watchdog_armed", "host": "d6b2a058c4be", "pid": 194534, "rank": 1, "stage": "broadcast_preference_length", "timeout_sec": 30.0, "ts": "2026-10-04 16:15:47"}
[DBG] {"category": "TRAIN", "component": "train", "elapsed_sec": 0.013539, "event": "END:broadcast_preference_length", "host": "d6b2a058c4be", "pid": 194534, "rank": 1, "ts": "2026-10-04 16:15:47"}
[DBG] {"category": "TRAIN", "component": "train", "event": "watchdog_armed", "host": "d6b2a058c4be", "pid": 194534, "rank": 1, "stage": "broadcast_preference_payload", "timeout_sec": 30.0, "ts": "2026-10-04 16:15:47"}
[DBG] {"category": "TRAIN", "component": "train", "elapsed_sec": 0.014741, "event": "END:broadcast_preference_payload", "host": "d6b2a058c4be", "pid": 194534, "rank": 1, "ts": "2026-10-04 16:15:47"}
[DBG] {"category": "TRAIN", "component": "train", "event": "BEGIN:broadcast_stop_flag", "host": "d6b2a058c4be", "pid": 194534, "rank": 1, "transport": "gloo_cpu", "ts": "2026-10-04 16:15:48", "value": null}
[DBG] {"category": "TRAIN", "component": "train", "event": "watchdog_armed", "host": "d6b2a058c4be", "pid": 194534, "rank": 1, "stage": "broadcast_stop_flag", "timeout_sec": 30.0, "ts": "2026-10-04 16:15:48"}
[DBG] {"category": "TRAIN", "component": "train", "elapsed_sec": 0.005953, "event": "END:broadcast_stop_flag", "host": "d6b2a058c4be", "pid": 194534, "rank": 1, "ts": "2026-10-04 16:15:48"}
[DBG] {"category": "TRAIN", "component": "train", "event": "BEGIN:broadcast_preference_payload", "has_payload": null, "host": "d6b2a058c4be", "pid": 194534, "rank": 1, "transport": "json_uint8_gloo", "ts": "2026-10-04 16:15:48"}
[DBG] {"category": "TRAIN", "component": "train", "event": "watchdog_armed", "host": "d6b2a058c4be", "pid": 194534, "rank": 1, "stage": "broadcast_preference_payload", "timeout_sec": 30.0, "ts": "2026-10-04 16:15:48"}
[DBG] {"bytes": null, "category": "TRAIN", "component": "train", "event": "BEGIN:broadcast_preference_length", "host": "d6b2a058c4be", "pid": 194534, "rank": 1, "transport": "gloo_cpu", "ts": "2026-10-04 16:15:48"}
[DBG] {"category": "TRAIN", "component": "train", "event": "watchdog_armed", "host": "d6b2a058c4be", "pid": 194534, "rank": 1, "stage": "broadcast_preference_length", "timeout_sec": 30.0, "ts": "2026-10-04 16:15:48"}
[DBG] {"category": "TRAIN", "component": "train", "elapsed_sec": 0.013492, "event": "END:broadcast_preference_length", "host": "d6b2a058c4be", "pid": 194534, "rank": 1, "ts": "2026-10-04 16:15:48"}
[DBG] {"category": "TRAIN", "component": "train", "event": "watchdog_armed", "host": "d6b2a058c4be", "pid": 194534, "rank": 1, "stage": "broadcast_preference_payload", "timeout_sec": 30.0, "ts": "2026-10-04 16:15:48"}
[DBG] {"category": "TRAIN", "component": "train", "elapsed_sec": 0.014736, "event": "END:broadcast_preference_payload", "host": "d6b2a058c4be", "pid": 194534, "rank": 1, "ts": "2026-10-04 16:15:48"}
[DBG] {"category": "TRAIN", "component": "train", "event": "BEGIN:broadcast_stop_flag", "host": "d6b2a058c4be", "pid": 194534, "rank": 1, "transport": "gloo_cpu", "ts": "2026-10-04 16:15:48", "value": null}
[DBG] {"category": "TRAIN", "component": "train", "event": "watchdog_armed", "host": "d6b2a058c4be", "pid": 194534, "rank": 1, "stage": "broadcast_stop_flag", "timeout_sec": 30.0, "ts": "2026-10-04 16:15:48"}
[DBG] {"category": "TRAIN", "component": "train", "elapsed_sec": 0.006167, "event": "END:broadcast_stop_flag", "host": "d6b2a058c4be", "pid": 194534, "rank": 1, "ts": "2026-10-04 16:15:48"}
[DBG] {"category": "TRAIN", "component": "train", "event": "BEGIN:broadcast_preference_payload", "has_payload": null, "host": "d6b2a058c4be", "pid": 194534, "rank": 1, "transport": "json_uint8_gloo", "ts": "2026-10-04 16:15:48"}
[DBG] {"category": "TRAIN", "component": "train", "event": "watchdog_armed", "host": "d6b2a058c4be", "pid": 194534, "rank": 1, "stage": "broadcast_preference_payload", "timeout_sec": 30.0, "ts": "2026-10-04 16:15:48"}
[DBG] {"bytes": null, "category": "TRAIN", "component": "train", "event": "BEGIN:broadcast_preference_length", "host": "d6b2a058c4be", "pid": 194534, "rank": 1, "transport": "gloo_cpu", "ts": "2026-10-04 16:15:48"}
[DBG] {"category": "TRAIN", "component": "train", "event": "watchdog_armed", "host": "d6b2a058c4be", "pid": 194534, "rank": 1, "stage": "broadcast_preference_length", "timeout_sec": 30.0, "ts": "2026-10-04 16:15:48"}
[DBG] {"category": "TRAIN", "component": "train", "elapsed_sec": 0.013, "event": "END:broadcast_preference_length", "host": "d6b2a058c4be", "pid": 194534, "rank": 1, "ts": "2026-10-04 16:15:48"}
[DBG] {"category": "TRAIN", "component": "train", "event": "watchdog_armed", "host": "d6b2a058c4be", "pid": 194534, "rank": 1, "stage": "broadcast_preference_payload", "timeout_sec": 30.0, "ts": "2026-10-04 16:15:48"}
[DBG] {"category": "TRAIN", "component": "train", "elapsed_sec": 0.014242, "event": "END:broadcast_preference_payload", "host": "d6b2a058c4be", "pid": 194534, "rank": 1, "ts": "2026-10-04 16:15:48"}
[DBG] {"category": "TRAIN", "component": "train", "event": "BEGIN:broadcast_stop_flag", "host": "d6b2a058c4be", "pid": 194534, "rank": 1, "transport": "gloo_cpu", "ts": "2026-10-04 16:15:49", "value": null}
[DBG] {"category": "TRAIN", "component": "train", "event": "watchdog_armed", "host": "d6b2a058c4be", "pid": 194534, "rank": 1, "stage": "broadcast_stop_flag", "timeout_sec": 30.0, "ts": "2026-10-04 16:15:49"}
[DBG] {"category": "TRAIN", "component": "train", "elapsed_sec": 0.005882, "event": "END:broadcast_stop_flag", "host": "d6b2a058c4be", "pid": 194534, "rank": 1, "ts": "2026-10-04 16:15:49"}
[DBG] {"category": "TRAIN", "component": "train", "event": "BEGIN:broadcast_preference_payload", "has_payload": null, "host": "d6b2a058c4be", "pid": 194534, "rank": 1, "transport": "json_uint8_gloo", "ts": "2026-10-04 16:15:49"}
[DBG] {"category": "TRAIN", "component": "train", "event": "watchdog_armed", "host": "d6b2a058c4be", "pid": 194534, "rank": 1, "stage": "broadcast_preference_payload", "timeout_sec": 30.0, "ts": "2026-10-04 16:15:49"}
[DBG] {"bytes": null, "category": "TRAIN", "component": "train", "event": "BEGIN:broadcast_preference_length", "host": "d6b2a058c4be", "pid": 194534, "rank": 1, "transport": "gloo_cpu", "ts": "2026-10-04 16:15:49"}
[DBG] {"category": "TRAIN", "component": "train", "event": "watchdog_armed", "host": "d6b2a058c4be", "pid": 194534, "rank": 1, "stage": "broadcast_preference_length", "timeout_sec": 30.0, "ts": "2026-10-04 16:15:49"}
[DBG] {"category": "TRAIN", "component": "train", "elapsed_sec": 0.010647, "event": "END:broadcast_preference_length", "host": "d6b2a058c4be", "pid": 194534, "rank": 1, "ts": "2026-10-04 16:15:49"}
[DBG] {"category": "TRAIN", "component": "train", "event": "watchdog_armed", "host": "d6b2a058c4be", "pid": 194534, "rank": 1, "stage": "broadcast_preference_payload", "timeout_sec": 30.0, "ts": "2026-10-04 16:15:49"}
[DBG] {"category": "TRAIN", "component": "train", "elapsed_sec": 0.011929, "event": "END:broadcast_preference_payload", "host": "d6b2a058c4be", "pid": 194534, "rank": 1, "ts": "2026-10-04 16:15:49"}
[DBG] {"category": "TRAIN", "component": "train", "event": "BEGIN:broadcast_stop_flag", "host": "d6b2a058c4be", "pid": 194534, "rank": 1, "transport": "gloo_cpu", "ts": "2026-10-04 16:15:49", "value": null}
[DBG] {"category": "TRAIN", "component": "train", "event": "watchdog_armed", "host": "d6b2a058c4be", "pid": 194534, "rank": 1, "stage": "broadcast_stop_flag", "timeout_sec": 30.0, "ts": "2026-10-04 16:15:49"}
[DBG] {"category": "TRAIN", "component": "train", "elapsed_sec": 0.006188, "event": "END:broadcast_stop_flag", "host": "d6b2a058c4be", "pid": 194534, "rank": 1, "ts": "2026-10-04 16:15:49"}
[DBG] {"category": "TRAIN", "component": "train", "event": "BEGIN:broadcast_preference_payload", "has_payload": null, "host": "d6b2a058c4be", "pid": 194534, "rank": 1, "transport": "json_uint8_gloo", "ts": "2026-10-04 16:15:49"}
[DBG] {"category": "TRAIN", "component": "train", "event": "watchdog_armed", "host": "d6b2a058c4be", "pid": 194534, "rank": 1, "stage": "broadcast_preference_payload", "timeout_sec": 30.0, "ts": "2026-10-04 16:15:49"}
[DBG] {"bytes": null, "category": "TRAIN", "component": "train", "event": "BEGIN:broadcast_preference_length", "host": "d6b2a058c4be", "pid": 194534, "rank": 1, "transport": "gloo_cpu", "ts": "2026-10-04 16:15:49"}
[DBG] {"category": "TRAIN", "component": "train", "event": "watchdog_armed", "host": "d6b2a058c4be", "pid": 194534, "rank": 1, "stage": "broadcast_preference_length", "timeout_sec": 30.0, "ts": "2026-10-04 16:15:49"}
[DBG] {"category": "TRAIN", "component": "train", "elapsed_sec": 0.014179, "event": "END:broadcast_preference_length", "host": "d6b2a058c4be", "pid": 194534, "rank": 1, "ts": "2026-10-04 16:15:49"}
[DBG] {"category": "TRAIN", "component": "train", "event": "watchdog_armed", "host": "d6b2a058c4be", "pid": 194534, "rank": 1, "stage": "broadcast_preference_payload", "timeout_sec": 30.0, "ts": "2026-10-04 16:15:49"}
[DBG] {"category": "TRAIN", "component": "train", "elapsed_sec": 0.015406, "event": "END:broadcast_preference_payload", "host": "d6b2a058c4be", "pid": 194534, "rank": 1, "ts": "2026-10-04 16:15:49"}
[DBG] {"category": "TRAIN", "component": "train", "event": "BEGIN:broadcast_stop_flag", "host": "d6b2a058c4be", "pid": 194534, "rank": 1, "transport": "gloo_cpu", "ts": "2026-10-04 16:15:50", "value": null}
[DBG] {"category": "TRAIN", "component": "train", "event": "watchdog_armed", "host": "d6b2a058c4be", "pid": 194534, "rank": 1, "stage": "broadcast_stop_flag", "timeout_sec": 30.0, "ts": "2026-10-04 16:15:50"}
[DBG] {"category": "TRAIN", "component": "train", "elapsed_sec": 0.005832, "event": "END:broadcast_stop_flag", "host": "d6b2a058c4be", "pid": 194534, "rank": 1, "ts": "2026-10-04 16:15:50"}
[DBG] {"category": "TRAIN", "component": "train", "event": "BEGIN:broadcast_preference_payload", "has_payload": null, "host": "d6b2a058c4be", "pid": 194534, "rank": 1, "transport": "json_uint8_gloo", "ts": "2026-10-04 16:15:50"}
[DBG] {"category": "TRAIN", "component": "train", "event": "watchdog_armed", "host": "d6b2a058c4be", "pid": 194534, "rank": 1, "stage": "broadcast_preference_payload", "timeout_sec": 30.0, "ts": "2026-10-04 16:15:50"}
[DBG] {"bytes": null, "category": "TRAIN", "component": "train", "event": "BEGIN:broadcast_preference_length", "host": "d6b2a058c4be", "pid": 194534, "rank": 1, "transport": "gloo_cpu", "ts": "2026-10-04 16:15:50"}
[DBG] {"category": "TRAIN", "component": "train", "event": "watchdog_armed", "host": "d6b2a058c4be", "pid": 194534, "rank": 1, "stage": "broadcast_preference_length", "timeout_sec": 30.0, "ts": "2026-10-04 16:15:50"}
[DBG] {"category": "TRAIN", "component": "train", "elapsed_sec": 0.011994, "event": "END:broadcast_preference_length", "host": "d6b2a058c4be", "pid": 194534, "rank": 1, "ts": "2026-10-04 16:15:50"}
[DBG] {"category": "TRAIN", "component": "train", "event": "watchdog_armed", "host": "d6b2a058c4be", "pid": 194534, "rank": 1, "stage": "broadcast_preference_payload", "timeout_sec": 30.0, "ts": "2026-10-04 16:15:50"}
[DBG] {"category": "TRAIN", "component": "train", "elapsed_sec": 0.013218, "event": "END:broadcast_preference_payload", "host": "d6b2a058c4be", "pid": 194534, "rank": 1, "ts": "2026-10-04 16:15:50"}
[DBG] {"category": "TRAIN", "component": "train", "event": "BEGIN:broadcast_stop_flag", "host": "d6b2a058c4be", "pid": 194534, "rank": 1, "transport": "gloo_cpu", "ts": "2026-10-04 16:15:50", "value": null}
[DBG] {"category": "TRAIN", "component": "train", "event": "watchdog_armed", "host": "d6b2a058c4be", "pid": 194534, "rank": 1, "stage": "broadcast_stop_flag", "timeout_sec": 30.0, "ts": "2026-10-04 16:15:50"}
[DBG] {"category": "TRAIN", "component": "train", "elapsed_sec": 0.005385, "event": "END:broadcast_stop_flag", "host": "d6b2a058c4be", "pid": 194534, "rank": 1, "ts": "2026-10-04 16:15:50"}
[DBG] {"category": "TRAIN", "component": "train", "event": "BEGIN:broadcast_preference_payload", "has_payload": null, "host": "d6b2a058c4be", "pid": 194534, "rank": 1, "transport": "json_uint8_gloo", "ts": "2026-10-04 16:15:50"}
[DBG] {"category": "TRAIN", "component": "train", "event": "watchdog_armed", "host": "d6b2a058c4be", "pid": 194534, "rank": 1, "stage": "broadcast_preference_payload", "timeout_sec": 30.0, "ts": "2026-10-04 16:15:50"}
[DBG] {"bytes": null, "category": "TRAIN", "component": "train", "event": "BEGIN:broadcast_preference_length", "host": "d6b2a058c4be", "pid": 194534, "rank": 1, "transport": "gloo_cpu", "ts": "2026-10-04 16:15:50"}
[DBG] {"category": "TRAIN", "component": "train", "event": "watchdog_armed", "host": "d6b2a058c4be", "pid": 194534, "rank": 1, "stage": "broadcast_preference_length", "timeout_sec": 30.0, "ts": "2026-10-04 16:15:50"}
[DBG] {"category": "TRAIN", "component": "train", "elapsed_sec": 0.011154, "event": "END:broadcast_preference_length", "host": "d6b2a058c4be", "pid": 194534, "rank": 1, "ts": "2026-10-04 16:15:50"}
[DBG] {"category": "TRAIN", "component": "train", "event": "watchdog_armed", "host": "d6b2a058c4be", "pid": 194534, "rank": 1, "stage": "broadcast_preference_payload", "timeout_sec": 30.0, "ts": "2026-10-04 16:15:50"}
[DBG] {"category": "TRAIN", "component": "train", "elapsed_sec": 0.012404, "event": "END:broadcast_preference_payload", "host": "d6b2a058c4be", "pid": 194534, "rank": 1, "ts": "2026-10-04 16:15:50"}
[DBG] {"category": "TRAIN", "component": "train", "event": "BEGIN:broadcast_stop_flag", "host": "d6b2a058c4be", "pid": 194534, "rank": 1, "transport": "gloo_cpu", "ts": "2026-10-04 16:15:51", "value": null}
[DBG] {"category": "TRAIN", "component": "train", "event": "watchdog_armed", "host": "d6b2a058c4be", "pid": 194534, "rank": 1, "stage": "broadcast_stop_flag", "timeout_sec": 30.0, "ts": "2026-10-04 16:15:51"}
[DBG] {"category": "TRAIN", "component": "train", "elapsed_sec": 0.005884, "event": "END:broadcast_stop_flag", "host": "d6b2a058c4be", "pid": 194534, "rank": 1, "ts": "2026-10-04 16:15:51"}
[DBG] {"category": "TRAIN", "component": "train", "event": "BEGIN:broadcast_preference_payload", "has_payload": null, "host": "d6b2a058c4be", "pid": 194534, "rank": 1, "transport": "json_uint8_gloo", "ts": "2026-10-04 16:15:51"}
[DBG] {"category": "TRAIN", "component": "train", "event": "watchdog_armed", "host": "d6b2a058c4be", "pid": 194534, "rank": 1, "stage": "broadcast_preference_payload", "timeout_sec": 30.0, "ts": "2026-10-04 16:15:51"}
[DBG] {"bytes": null, "category": "TRAIN", "component": "train", "event": "BEGIN:broadcast_preference_length", "host": "d6b2a058c4be", "pid": 194534, "rank": 1, "transport": "gloo_cpu", "ts": "2026-10-04 16:15:51"}
[DBG] {"category": "TRAIN", "component": "train", "event": "watchdog_armed", "host": "d6b2a058c4be", "pid": 194534, "rank": 1, "stage": "broadcast_preference_length", "timeout_sec": 30.0, "ts": "2026-10-04 16:15:51"}
[DBG] {"category": "TRAIN", "component": "train", "elapsed_sec": 0.012038, "event": "END:broadcast_preference_length", "host": "d6b2a058c4be", "pid": 194534, "rank": 1, "ts": "2026-10-04 16:15:51"}
[DBG] {"category": "TRAIN", "component": "train", "event": "watchdog_armed", "host": "d6b2a058c4be", "pid": 194534, "rank": 1, "stage": "broadcast_preference_payload", "timeout_sec": 30.0, "ts": "2026-10-04 16:15:51"}
[DBG] {"category": "TRAIN", "component": "train", "elapsed_sec": 0.013233, "event": "END:broadcast_preference_payload", "host": "d6b2a058c4be", "pid": 194534, "rank": 1, "ts": "2026-10-04 16:15:51"}
[DBG] {"category": "TRAIN", "component": "train", "event": "BEGIN:broadcast_stop_flag", "host": "d6b2a058c4be", "pid": 194534, "rank": 1, "transport": "gloo_cpu", "ts": "2026-10-04 16:15:51", "value": null}
[DBG] {"category": "TRAIN", "component": "train", "event": "watchdog_armed", "host": "d6b2a058c4be", "pid": 194534, "rank": 1, "stage": "broadcast_stop_flag", "timeout_sec": 30.0, "ts": "2026-10-04 16:15:51"}
[DBG] {"category": "TRAIN", "component": "train", "elapsed_sec": 0.005569, "event": "END:broadcast_stop_flag", "host": "d6b2a058c4be", "pid": 194534, "rank": 1, "ts": "2026-10-04 16:15:51"}
[DBG] {"category": "TRAIN", "component": "train", "event": "BEGIN:broadcast_preference_payload", "has_payload": null, "host": "d6b2a058c4be", "pid": 194534, "rank": 1, "transport": "json_uint8_gloo", "ts": "2026-10-04 16:15:51"}
[DBG] {"category": "TRAIN", "component": "train", "event": "watchdog_armed", "host": "d6b2a058c4be", "pid": 194534, "rank": 1, "stage": "broadcast_preference_payload", "timeout_sec": 30.0, "ts": "2026-10-04 16:15:51"}
[DBG] {"bytes": null, "category": "TRAIN", "component": "train", "event": "BEGIN:broadcast_preference_length", "host": "d6b2a058c4be", "pid": 194534, "rank": 1, "transport": "gloo_cpu", "ts": "2026-10-04 16:15:51"}
[DBG] {"category": "TRAIN", "component": "train", "event": "watchdog_armed", "host": "d6b2a058c4be", "pid": 194534, "rank": 1, "stage": "broadcast_preference_length", "timeout_sec": 30.0, "ts": "2026-10-04 16:15:51"}
[DBG] {"category": "TRAIN", "component": "train", "elapsed_sec": 0.011651, "event": "END:broadcast_preference_length", "host": "d6b2a058c4be", "pid": 194534, "rank": 1, "ts": "2026-10-04 16:15:51"}
[DBG] {"category": "TRAIN", "component": "train", "event": "watchdog_armed", "host": "d6b2a058c4be", "pid": 194534, "rank": 1, "stage": "broadcast_preference_payload", "timeout_sec": 30.0, "ts": "2026-10-04 16:15:51"}
[DBG] {"category": "TRAIN", "component": "train", "elapsed_sec": 0.012812, "event": "END:broadcast_preference_payload", "host": "d6b2a058c4be", "pid": 194534, "rank": 1, "ts": "2026-10-04 16:15:51"}
[DBG] {"category": "TRAIN", "component": "train", "event": "BEGIN:broadcast_stop_flag", "host": "d6b2a058c4be", "pid": 194534, "rank": 1, "transport": "gloo_cpu", "ts": "2026-10-04 16:15:52", "value": null}
[DBG] {"category": "TRAIN", "component": "train", "event": "watchdog_armed", "host": "d6b2a058c4be", "pid": 194534, "rank": 1, "stage": "broadcast_stop_flag", "timeout_sec": 30.0, "ts": "2026-10-04 16:15:52"}
[DBG] {"category": "TRAIN", "component": "train", "elapsed_sec": 0.005373, "event": "END:broadcast_stop_flag", "host": "d6b2a058c4be", "pid": 194534, "rank": 1, "ts": "2026-10-04 16:15:52"}
[DBG] {"category": "TRAIN", "component": "train", "event": "BEGIN:broadcast_preference_payload", "has_payload": null, "host": "d6b2a058c4be", "pid": 194534, "rank": 1, "transport": "json_uint8_gloo", "ts": "2026-10-04 16:15:52"}
[DBG] {"category": "TRAIN", "component": "train", "event": "watchdog_armed", "host": "d6b2a058c4be", "pid": 194534, "rank": 1, "stage": "broadcast_preference_payload", "timeout_sec": 30.0, "ts": "2026-10-04 16:15:52"}
[DBG] {"bytes": null, "category": "TRAIN", "component": "train", "event": "BEGIN:broadcast_preference_length", "host": "d6b2a058c4be", "pid": 194534, "rank": 1, "transport": "gloo_cpu", "ts": "2026-10-04 16:15:52"}
[DBG] {"category": "TRAIN", "component": "train", "event": "watchdog_armed", "host": "d6b2a058c4be", "pid": 194534, "rank": 1, "stage": "broadcast_preference_length", "timeout_sec": 30.0, "ts": "2026-10-04 16:15:52"}
[DBG] {"category": "TRAIN", "component": "train", "elapsed_sec": 0.010687, "event": "END:broadcast_preference_length", "host": "d6b2a058c4be", "pid": 194534, "rank": 1, "ts": "2026-10-04 16:15:52"}
[DBG] {"category": "TRAIN", "component": "train", "event": "watchdog_armed", "host": "d6b2a058c4be", "pid": 194534, "rank": 1, "stage": "broadcast_preference_payload", "timeout_sec": 30.0, "ts": "2026-10-04 16:15:52"}
[DBG] {"category": "TRAIN", "component": "train", "elapsed_sec": 0.011815, "event": "END:broadcast_preference_payload", "host": "d6b2a058c4be", "pid": 194534, "rank": 1, "ts": "2026-10-04 16:15:52"}
[DBG] {"category": "TRAIN", "component": "train", "event": "BEGIN:broadcast_stop_flag", "host": "d6b2a058c4be", "pid": 194534, "rank": 1, "transport": "gloo_cpu", "ts": "2026-10-04 16:15:52", "value": null}
[DBG] {"category": "TRAIN", "component": "train", "event": "watchdog_armed", "host": "d6b2a058c4be", "pid": 194534, "rank": 1, "stage": "broadcast_stop_flag", "timeout_sec": 30.0, "ts": "2026-10-04 16:15:52"}
[DBG] {"category": "TRAIN", "component": "train", "elapsed_sec": 0.005529, "event": "END:broadcast_stop_flag", "host": "d6b2a058c4be", "pid": 194534, "rank": 1, "ts": "2026-10-04 16:15:52"}
[DBG] {"category": "TRAIN", "component": "train", "event": "BEGIN:broadcast_preference_payload", "has_payload": null, "host": "d6b2a058c4be", "pid": 194534, "rank": 1, "transport": "json_uint8_gloo", "ts": "2026-10-04 16:15:52"}
[DBG] {"category": "TRAIN", "component": "train", "event": "watchdog_armed", "host": "d6b2a058c4be", "pid": 194534, "rank": 1, "stage": "broadcast_preference_payload", "timeout_sec": 30.0, "ts": "2026-10-04 16:15:52"}
[DBG] {"bytes": null, "category": "TRAIN", "component": "train", "event": "BEGIN:broadcast_preference_length", "host": "d6b2a058c4be", "pid": 194534, "rank": 1, "transport": "gloo_cpu", "ts": "2026-10-04 16:15:52"}
[DBG] {"category": "TRAIN", "component": "train", "event": "watchdog_armed", "host": "d6b2a058c4be", "pid": 194534, "rank": 1, "stage": "broadcast_preference_length", "timeout_sec": 30.0, "ts": "2026-10-04 16:15:52"}
[DBG] {"category": "TRAIN", "component": "train", "elapsed_sec": 0.010455, "event": "END:broadcast_preference_length", "host": "d6b2a058c4be", "pid": 194534, "rank": 1, "ts": "2026-10-04 16:15:52"}
[DBG] {"category": "TRAIN", "component": "train", "event": "watchdog_armed", "host": "d6b2a058c4be", "pid": 194534, "rank": 1, "stage": "broadcast_preference_payload", "timeout_sec": 30.0, "ts": "2026-10-04 16:15:52"}
[DBG] {"category": "TRAIN", "component": "train", "elapsed_sec": 0.010971, "event": "END:broadcast_preference_payload", "host": "d6b2a058c4be", "pid": 194534, "rank": 1, "ts": "2026-10-04 16:15:52"}
[DBG] {"category": "TRAIN", "component": "train", "event": "BEGIN:broadcast_stop_flag", "host": "d6b2a058c4be", "pid": 194534, "rank": 1, "transport": "gloo_cpu", "ts": "2026-10-04 16:15:53", "value": null}
[DBG] {"category": "TRAIN", "component": "train", "event": "watchdog_armed", "host": "d6b2a058c4be", "pid": 194534, "rank": 1, "stage": "broadcast_stop_flag", "timeout_sec": 30.0, "ts": "2026-10-04 16:15:53"}
[DBG] {"category": "TRAIN", "component": "train", "elapsed_sec": 0.006553, "event": "END:broadcast_stop_flag", "host": "d6b2a058c4be", "pid": 194534, "rank": 1, "ts": "2026-10-04 16:15:53"}
[DBG] {"category": "TRAIN", "component": "train", "event": "BEGIN:broadcast_preference_payload", "has_payload": null, "host": "d6b2a058c4be", "pid": 194534, "rank": 1, "transport": "json_uint8_gloo", "ts": "2026-10-04 16:15:53"}
[DBG] {"category": "TRAIN", "component": "train", "event": "watchdog_armed", "host": "d6b2a058c4be", "pid": 194534, "rank": 1, "stage": "broadcast_preference_payload", "timeout_sec": 30.0, "ts": "2026-10-04 16:15:53"}
[DBG] {"bytes": null, "category": "TRAIN", "component": "train", "event": "BEGIN:broadcast_preference_length", "host": "d6b2a058c4be", "pid": 194534, "rank": 1, "transport": "gloo_cpu", "ts": "2026-10-04 16:15:53"}
[DBG] {"category": "TRAIN", "component": "train", "event": "watchdog_armed", "host": "d6b2a058c4be", "pid": 194534, "rank": 1, "stage": "broadcast_preference_length", "timeout_sec": 30.0, "ts": "2026-10-04 16:15:53"}
[DBG] {"category": "TRAIN", "component": "train", "elapsed_sec": 0.013504, "event": "END:broadcast_preference_length", "host": "d6b2a058c4be", "pid": 194534, "rank": 1, "ts": "2026-10-04 16:15:53"}
[DBG] {"category": "TRAIN", "component": "train", "event": "watchdog_armed", "host": "d6b2a058c4be", "pid": 194534, "rank": 1, "stage": "broadcast_preference_payload", "timeout_sec": 30.0, "ts": "2026-10-04 16:15:53"}
[DBG] {"category": "TRAIN", "component": "train", "elapsed_sec": 0.01468, "event": "END:broadcast_preference_payload", "host": "d6b2a058c4be", "pid": 194534, "rank": 1, "ts": "2026-10-04 16:15:53"}
[DBG] {"category": "TRAIN", "component": "train", "event": "BEGIN:broadcast_stop_flag", "host": "d6b2a058c4be", "pid": 194534, "rank": 1, "transport": "gloo_cpu", "ts": "2026-10-04 16:15:53", "value": null}
[DBG] {"category": "TRAIN", "component": "train", "event": "watchdog_armed", "host": "d6b2a058c4be", "pid": 194534, "rank": 1, "stage": "broadcast_stop_flag", "timeout_sec": 30.0, "ts": "2026-10-04 16:15:53"}
[DBG] {"category": "TRAIN", "component": "train", "elapsed_sec": 0.005791, "event": "END:broadcast_stop_flag", "host": "d6b2a058c4be", "pid": 194534, "rank": 1, "ts": "2026-10-04 16:15:53"}
[DBG] {"category": "TRAIN", "component": "train", "event": "BEGIN:broadcast_preference_payload", "has_payload": null, "host": "d6b2a058c4be", "pid": 194534, "rank": 1, "transport": "json_uint8_gloo", "ts": "2026-10-04 16:15:53"}
[DBG] {"category": "TRAIN", "component": "train", "event": "watchdog_armed", "host": "d6b2a058c4be", "pid": 194534, "rank": 1, "stage": "broadcast_preference_payload", "timeout_sec": 30.0, "ts": "2026-10-04 16:15:53"}
[DBG] {"bytes": null, "category": "TRAIN", "component": "train", "event": "BEGIN:broadcast_preference_length", "host": "d6b2a058c4be", "pid": 194534, "rank": 1, "transport": "gloo_cpu", "ts": "2026-10-04 16:15:53"}
[DBG] {"category": "TRAIN", "component": "train", "event": "watchdog_armed", "host": "d6b2a058c4be", "pid": 194534, "rank": 1, "stage": "broadcast_preference_length", "timeout_sec": 30.0, "ts": "2026-10-04 16:15:53"}
[DBG] {"category": "TRAIN", "component": "train", "elapsed_sec": 0.011873, "event": "END:broadcast_preference_length", "host": "d6b2a058c4be", "pid": 194534, "rank": 1, "ts": "2026-10-04 16:15:53"}
[DBG] {"category": "TRAIN", "component": "train", "event": "watchdog_armed", "host": "d6b2a058c4be", "pid": 194534, "rank": 1, "stage": "broadcast_preference_payload", "timeout_sec": 30.0, "ts": "2026-10-04 16:15:53"}
[DBG] {"category": "TRAIN", "component": "train", "elapsed_sec": 0.013065, "event": "END:broadcast_preference_payload", "host": "d6b2a058c4be", "pid": 194534, "rank": 1, "ts": "2026-10-04 16:15:53"}
[DBG] {"category": "TRAIN", "component": "train", "event": "BEGIN:broadcast_stop_flag", "host": "d6b2a058c4be", "pid": 194534, "rank": 1, "transport": "gloo_cpu", "ts": "2026-10-04 16:15:54", "value": null}
[DBG] {"category": "TRAIN", "component": "train", "event": "watchdog_armed", "host": "d6b2a058c4be", "pid": 194534, "rank": 1, "stage": "broadcast_stop_flag", "timeout_sec": 30.0, "ts": "2026-10-04 16:15:54"}
[DBG] {"category": "TRAIN", "component": "train", "elapsed_sec": 0.00605, "event": "END:broadcast_stop_flag", "host": "d6b2a058c4be", "pid": 194534, "rank": 1, "ts": "2026-10-04 16:15:54"}
[DBG] {"category": "TRAIN", "component": "train", "event": "BEGIN:broadcast_preference_payload", "has_payload": null, "host": "d6b2a058c4be", "pid": 194534, "rank": 1, "transport": "json_uint8_gloo", "ts": "2026-10-04 16:15:54"}
[DBG] {"category": "TRAIN", "component": "train", "event": "watchdog_armed", "host": "d6b2a058c4be", "pid": 194534, "rank": 1, "stage": "broadcast_preference_payload", "timeout_sec": 30.0, "ts": "2026-10-04 16:15:54"}
[DBG] {"bytes": null, "category": "TRAIN", "component": "train", "event": "BEGIN:broadcast_preference_length", "host": "d6b2a058c4be", "pid": 194534, "rank": 1, "transport": "gloo_cpu", "ts": "2026-10-04 16:15:54"}
[DBG] {"category": "TRAIN", "component": "train", "event": "watchdog_armed", "host": "d6b2a058c4be", "pid": 194534, "rank": 1, "stage": "broadcast_preference_length", "timeout_sec": 30.0, "ts": "2026-10-04 16:15:54"}
[DBG] {"category": "TRAIN", "component": "train", "elapsed_sec": 0.012017, "event": "END:broadcast_preference_length", "host": "d6b2a058c4be", "pid": 194534, "rank": 1, "ts": "2026-10-04 16:15:54"}
[DBG] {"category": "TRAIN", "component": "train", "event": "watchdog_armed", "host": "d6b2a058c4be", "pid": 194534, "rank": 1, "stage": "broadcast_preference_payload", "timeout_sec": 30.0, "ts": "2026-10-04 16:15:54"}
[DBG] {"category": "TRAIN", "component": "train", "elapsed_sec": 0.013238, "event": "END:broadcast_preference_payload", "host": "d6b2a058c4be", "pid": 194534, "rank": 1, "ts": "2026-10-04 16:15:54"}
[DBG] {"category": "TRAIN", "component": "train", "event": "BEGIN:broadcast_stop_flag", "host": "d6b2a058c4be", "pid": 194534, "rank": 1, "transport": "gloo_cpu", "ts": "2026-10-04 16:15:54", "value": null}
[DBG] {"category": "TRAIN", "component": "train", "event": "watchdog_armed", "host": "d6b2a058c4be", "pid": 194534, "rank": 1, "stage": "broadcast_stop_flag", "timeout_sec": 30.0, "ts": "2026-10-04 16:15:54"}
[DBG] {"category": "TRAIN", "component": "train", "elapsed_sec": 0.005782, "event": "END:broadcast_stop_flag", "host": "d6b2a058c4be", "pid": 194534, "rank": 1, "ts": "2026-10-04 16:15:54"}
[DBG] {"category": "TRAIN", "component": "train", "event": "BEGIN:broadcast_preference_payload", "has_payload": null, "host": "d6b2a058c4be", "pid": 194534, "rank": 1, "transport": "json_uint8_gloo", "ts": "2026-10-04 16:15:54"}
[DBG] {"category": "TRAIN", "component": "train", "event": "watchdog_armed", "host": "d6b2a058c4be", "pid": 194534, "rank": 1, "stage": "broadcast_preference_payload", "timeout_sec": 30.0, "ts": "2026-10-04 16:15:54"}
[DBG] {"bytes": null, "category": "TRAIN", "component": "train", "event": "BEGIN:broadcast_preference_length", "host": "d6b2a058c4be", "pid": 194534, "rank": 1, "transport": "gloo_cpu", "ts": "2026-10-04 16:15:54"}
[DBG] {"category": "TRAIN", "component": "train", "event": "watchdog_armed", "host": "d6b2a058c4be", "pid": 194534, "rank": 1, "stage": "broadcast_preference_length", "timeout_sec": 30.0, "ts": "2026-10-04 16:15:54"}
[DBG] {"category": "TRAIN", "component": "train", "elapsed_sec": 0.01224, "event": "END:broadcast_preference_length", "host": "d6b2a058c4be", "pid": 194534, "rank": 1, "ts": "2026-10-04 16:15:54"}
[DBG] {"category": "TRAIN", "component": "train", "event": "watchdog_armed", "host": "d6b2a058c4be", "pid": 194534, "rank": 1, "stage": "broadcast_preference_payload", "timeout_sec": 30.0, "ts": "2026-10-04 16:15:54"}
[DBG] {"category": "TRAIN", "component": "train", "elapsed_sec": 0.013555, "event": "END:broadcast_preference_payload", "host": "d6b2a058c4be", "pid": 194534, "rank": 1, "ts": "2026-10-04 16:15:54"}
[DBG] {"category": "TRAIN", "component": "train", "event": "BEGIN:broadcast_stop_flag", "host": "d6b2a058c4be", "pid": 194534, "rank": 1, "transport": "gloo_cpu", "ts": "2026-10-04 16:15:55", "value": null}
[DBG] {"category": "TRAIN", "component": "train", "event": "watchdog_armed", "host": "d6b2a058c4be", "pid": 194534, "rank": 1, "stage": "broadcast_stop_flag", "timeout_sec": 30.0, "ts": "2026-10-04 16:15:55"}
[DBG] {"category": "TRAIN", "component": "train", "elapsed_sec": 0.005564, "event": "END:broadcast_stop_flag", "host": "d6b2a058c4be", "pid": 194534, "rank": 1, "ts": "2026-10-04 16:15:55"}
[DBG] {"category": "TRAIN", "component": "train", "event": "BEGIN:broadcast_preference_payload", "has_payload": null, "host": "d6b2a058c4be", "pid": 194534, "rank": 1, "transport": "json_uint8_gloo", "ts": "2026-10-04 16:15:55"}
[DBG] {"category": "TRAIN", "component": "train", "event": "watchdog_armed", "host": "d6b2a058c4be", "pid": 194534, "rank": 1, "stage": "broadcast_preference_payload", "timeout_sec": 30.0, "ts": "2026-10-04 16:15:55"}
[DBG] {"bytes": null, "category": "TRAIN", "component": "train", "event": "BEGIN:broadcast_preference_length", "host": "d6b2a058c4be", "pid": 194534, "rank": 1, "transport": "gloo_cpu", "ts": "2026-10-04 16:15:55"}
[DBG] {"category": "TRAIN", "component": "train", "event": "watchdog_armed", "host": "d6b2a058c4be", "pid": 194534, "rank": 1, "stage": "broadcast_preference_length", "timeout_sec": 30.0, "ts": "2026-10-04 16:15:55"}
[DBG] {"category": "TRAIN", "component": "train", "elapsed_sec": 0.012185, "event": "END:broadcast_preference_length", "host": "d6b2a058c4be", "pid": 194534, "rank": 1, "ts": "2026-10-04 16:15:55"}
[DBG] {"category": "TRAIN", "component": "train", "event": "watchdog_armed", "host": "d6b2a058c4be", "pid": 194534, "rank": 1, "stage": "broadcast_preference_payload", "timeout_sec": 30.0, "ts": "2026-10-04 16:15:55"}
[DBG] {"category": "TRAIN", "component": "train", "elapsed_sec": 0.013414, "event": "END:broadcast_preference_payload", "host": "d6b2a058c4be", "pid": 194534, "rank": 1, "ts": "2026-10-04 16:15:55"}
[DBG] {"category": "TRAIN", "component": "train", "event": "BEGIN:broadcast_stop_flag", "host": "d6b2a058c4be", "pid": 194534, "rank": 1, "transport": "gloo_cpu", "ts": "2026-10-04 16:15:55", "value": null}
[DBG] {"category": "TRAIN", "component": "train", "event": "watchdog_armed", "host": "d6b2a058c4be", "pid": 194534, "rank": 1, "stage": "broadcast_stop_flag", "timeout_sec": 30.0, "ts": "2026-10-04 16:15:55"}
[DBG] {"category": "TRAIN", "component": "train", "elapsed_sec": 0.005618, "event": "END:broadcast_stop_flag", "host": "d6b2a058c4be", "pid": 194534, "rank": 1, "ts": "2026-10-04 16:15:55"}
[DBG] {"category": "TRAIN", "component": "train", "event": "BEGIN:broadcast_preference_payload", "has_payload": null, "host": "d6b2a058c4be", "pid": 194534, "rank": 1, "transport": "json_uint8_gloo", "ts": "2026-10-04 16:15:55"}
[DBG] {"category": "TRAIN", "component": "train", "event": "watchdog_armed", "host": "d6b2a058c4be", "pid": 194534, "rank": 1, "stage": "broadcast_preference_payload", "timeout_sec": 30.0, "ts": "2026-10-04 16:15:55"}
[DBG] {"bytes": null, "category": "TRAIN", "component": "train", "event": "BEGIN:broadcast_preference_length", "host": "d6b2a058c4be", "pid": 194534, "rank": 1, "transport": "gloo_cpu", "ts": "2026-10-04 16:15:55"}
[DBG] {"category": "TRAIN", "component": "train", "event": "watchdog_armed", "host": "d6b2a058c4be", "pid": 194534, "rank": 1, "stage": "broadcast_preference_length", "timeout_sec": 30.0, "ts": "2026-10-04 16:15:55"}
[DBG] {"category": "TRAIN", "component": "train", "elapsed_sec": 0.011768, "event": "END:broadcast_preference_length", "host": "d6b2a058c4be", "pid": 194534, "rank": 1, "ts": "2026-10-04 16:15:56"}
[DBG] {"category": "TRAIN", "component": "train", "event": "watchdog_armed", "host": "d6b2a058c4be", "pid": 194534, "rank": 1, "stage": "broadcast_preference_payload", "timeout_sec": 30.0, "ts": "2026-10-04 16:15:56"}
[DBG] {"category": "TRAIN", "component": "train", "elapsed_sec": 0.01297, "event": "END:broadcast_preference_payload", "host": "d6b2a058c4be", "pid": 194534, "rank": 1, "ts": "2026-10-04 16:15:56"}
[DBG] {"category": "TRAIN", "component": "train", "event": "BEGIN:broadcast_stop_flag", "host": "d6b2a058c4be", "pid": 194534, "rank": 1, "transport": "gloo_cpu", "ts": "2026-10-04 16:15:56", "value": null}
[DBG] {"category": "TRAIN", "component": "train", "event": "watchdog_armed", "host": "d6b2a058c4be", "pid": 194534, "rank": 1, "stage": "broadcast_stop_flag", "timeout_sec": 30.0, "ts": "2026-10-04 16:15:56"}
[DBG] {"category": "TRAIN", "component": "train", "elapsed_sec": 0.006181, "event": "END:broadcast_stop_flag", "host": "d6b2a058c4be", "pid": 194534, "rank": 1, "ts": "2026-10-04 16:15:56"}
[DBG] {"category": "TRAIN", "component": "train", "event": "BEGIN:broadcast_preference_payload", "has_payload": null, "host": "d6b2a058c4be", "pid": 194534, "rank": 1, "transport": "json_uint8_gloo", "ts": "2026-10-04 16:15:56"}
[DBG] {"category": "TRAIN", "component": "train", "event": "watchdog_armed", "host": "d6b2a058c4be", "pid": 194534, "rank": 1, "stage": "broadcast_preference_payload", "timeout_sec": 30.0, "ts": "2026-10-04 16:15:56"}
[DBG] {"bytes": null, "category": "TRAIN", "component": "train", "event": "BEGIN:broadcast_preference_length", "host": "d6b2a058c4be", "pid": 194534, "rank": 1, "transport": "gloo_cpu", "ts": "2026-10-04 16:15:56"}
[DBG] {"category": "TRAIN", "component": "train", "event": "watchdog_armed", "host": "d6b2a058c4be", "pid": 194534, "rank": 1, "stage": "broadcast_preference_length", "timeout_sec": 30.0, "ts": "2026-10-04 16:15:56"}
[DBG] {"category": "TRAIN", "component": "train", "elapsed_sec": 0.01279, "event": "END:broadcast_preference_length", "host": "d6b2a058c4be", "pid": 194534, "rank": 1, "ts": "2026-10-04 16:15:56"}
[DBG] {"category": "TRAIN", "component": "train", "event": "watchdog_armed", "host": "d6b2a058c4be", "pid": 194534, "rank": 1, "stage": "broadcast_preference_payload", "timeout_sec": 30.0, "ts": "2026-10-04 16:15:56"}
[DBG] {"category": "TRAIN", "component": "train", "elapsed_sec": 0.014027, "event": "END:broadcast_preference_payload", "host": "d6b2a058c4be", "pid": 194534, "rank": 1, "ts": "2026-10-04 16:15:56"}
[DBG] {"category": "TRAIN", "component": "train", "event": "BEGIN:broadcast_stop_flag", "host": "d6b2a058c4be", "pid": 194534, "rank": 1, "transport": "gloo_cpu", "ts": "2026-10-04 16:15:57", "value": null}
[DBG] {"category": "TRAIN", "component": "train", "event": "watchdog_armed", "host": "d6b2a058c4be", "pid": 194534, "rank": 1, "stage": "broadcast_stop_flag", "timeout_sec": 30.0, "ts": "2026-10-04 16:15:57"}
[DBG] {"category": "TRAIN", "component": "train", "elapsed_sec": 0.005937, "event": "END:broadcast_stop_flag", "host": "d6b2a058c4be", "pid": 194534, "rank": 1, "ts": "2026-10-04 16:15:57"}
[DBG] {"category": "TRAIN", "component": "train", "event": "BEGIN:broadcast_preference_payload", "has_payload": null, "host": "d6b2a058c4be", "pid": 194534, "rank": 1, "transport": "json_uint8_gloo", "ts": "2026-10-04 16:15:57"}
[DBG] {"category": "TRAIN", "component": "train", "event": "watchdog_armed", "host": "d6b2a058c4be", "pid": 194534, "rank": 1, "stage": "broadcast_preference_payload", "timeout_sec": 30.0, "ts": "2026-10-04 16:15:57"}
[DBG] {"bytes": null, "category": "TRAIN", "component": "train", "event": "BEGIN:broadcast_preference_length", "host": "d6b2a058c4be", "pid": 194534, "rank": 1, "transport": "gloo_cpu", "ts": "2026-10-04 16:15:57"}
[DBG] {"category": "TRAIN", "component": "train", "event": "watchdog_armed", "host": "d6b2a058c4be", "pid": 194534, "rank": 1, "stage": "broadcast_preference_length", "timeout_sec": 30.0, "ts": "2026-10-04 16:15:57"}
[DBG] {"category": "TRAIN", "component": "train", "elapsed_sec": 0.012155, "event": "END:broadcast_preference_length", "host": "d6b2a058c4be", "pid": 194534, "rank": 1, "ts": "2026-10-04 16:15:57"}
[DBG] {"category": "TRAIN", "component": "train", "event": "watchdog_armed", "host": "d6b2a058c4be", "pid": 194534, "rank": 1, "stage": "broadcast_preference_payload", "timeout_sec": 30.0, "ts": "2026-10-04 16:15:57"}
[DBG] {"category": "TRAIN", "component": "train", "elapsed_sec": 0.01348, "event": "END:broadcast_preference_payload", "host": "d6b2a058c4be", "pid": 194534, "rank": 1, "ts": "2026-10-04 16:15:57"}
[DBG] {"category": "TRAIN", "component": "train", "event": "BEGIN:broadcast_stop_flag", "host": "d6b2a058c4be", "pid": 194534, "rank": 1, "transport": "gloo_cpu", "ts": "2026-10-04 16:15:57", "value": null}
[DBG] {"category": "TRAIN", "component": "train", "event": "watchdog_armed", "host": "d6b2a058c4be", "pid": 194534, "rank": 1, "stage": "broadcast_stop_flag", "timeout_sec": 30.0, "ts": "2026-10-04 16:15:57"}
[DBG] {"category": "TRAIN", "component": "train", "elapsed_sec": 0.006242, "event": "END:broadcast_stop_flag", "host": "d6b2a058c4be", "pid": 194534, "rank": 1, "ts": "2026-10-04 16:15:57"}
[DBG] {"category": "TRAIN", "component": "train", "event": "BEGIN:broadcast_preference_payload", "has_payload": null, "host": "d6b2a058c4be", "pid": 194534, "rank": 1, "transport": "json_uint8_gloo", "ts": "2026-10-04 16:15:57"}
[DBG] {"category": "TRAIN", "component": "train", "event": "watchdog_armed", "host": "d6b2a058c4be", "pid": 194534, "rank": 1, "stage": "broadcast_preference_payload", "timeout_sec": 30.0, "ts": "2026-10-04 16:15:57"}
[DBG] {"bytes": null, "category": "TRAIN", "component": "train", "event": "BEGIN:broadcast_preference_length", "host": "d6b2a058c4be", "pid": 194534, "rank": 1, "transport": "gloo_cpu", "ts": "2026-10-04 16:15:57"}
[DBG] {"category": "TRAIN", "component": "train", "event": "watchdog_armed", "host": "d6b2a058c4be", "pid": 194534, "rank": 1, "stage": "broadcast_preference_length", "timeout_sec": 30.0, "ts": "2026-10-04 16:15:57"}
[DBG] {"category": "TRAIN", "component": "train", "elapsed_sec": 0.012718, "event": "END:broadcast_preference_length", "host": "d6b2a058c4be", "pid": 194534, "rank": 1, "ts": "2026-10-04 16:15:57"}
[DBG] {"category": "TRAIN", "component": "train", "event": "watchdog_armed", "host": "d6b2a058c4be", "pid": 194534, "rank": 1, "stage": "broadcast_preference_payload", "timeout_sec": 30.0, "ts": "2026-10-04 16:15:57"}
[DBG] {"category": "TRAIN", "component": "train", "elapsed_sec": 0.013913, "event": "END:broadcast_preference_payload", "host": "d6b2a058c4be", "pid": 194534, "rank": 1, "ts": "2026-10-04 16:15:57"}
[DBG] {"category": "TRAIN", "component": "train", "event": "BEGIN:broadcast_stop_flag", "host": "d6b2a058c4be", "pid": 194534, "rank": 1, "transport": "gloo_cpu", "ts": "2026-10-04 16:15:58", "value": null}
[DBG] {"category": "TRAIN", "component": "train", "event": "watchdog_armed", "host": "d6b2a058c4be", "pid": 194534, "rank": 1, "stage": "broadcast_stop_flag", "timeout_sec": 30.0, "ts": "2026-10-04 16:15:58"}
[DBG] {"category": "TRAIN", "component": "train", "elapsed_sec": 0.00583, "event": "END:broadcast_stop_flag", "host": "d6b2a058c4be", "pid": 194534, "rank": 1, "ts": "2026-10-04 16:15:58"}
[DBG] {"category": "TRAIN", "component": "train", "event": "BEGIN:broadcast_preference_payload", "has_payload": null, "host": "d6b2a058c4be", "pid": 194534, "rank": 1, "transport": "json_uint8_gloo", "ts": "2026-10-04 16:15:58"}
[DBG] {"category": "TRAIN", "component": "train", "event": "watchdog_armed", "host": "d6b2a058c4be", "pid": 194534, "rank": 1, "stage": "broadcast_preference_payload", "timeout_sec": 30.0, "ts": "2026-10-04 16:15:58"}
[DBG] {"bytes": null, "category": "TRAIN", "component": "train", "event": "BEGIN:broadcast_preference_length", "host": "d6b2a058c4be", "pid": 194534, "rank": 1, "transport": "gloo_cpu", "ts": "2026-10-04 16:15:58"}
[DBG] {"category": "TRAIN", "component": "train", "event": "watchdog_armed", "host": "d6b2a058c4be", "pid": 194534, "rank": 1, "stage": "broadcast_preference_length", "timeout_sec": 30.0, "ts": "2026-10-04 16:15:58"}
[DBG] {"category": "TRAIN", "component": "train", "elapsed_sec": 0.011868, "event": "END:broadcast_preference_length", "host": "d6b2a058c4be", "pid": 194534, "rank": 1, "ts": "2026-10-04 16:15:58"}
[DBG] {"category": "TRAIN", "component": "train", "event": "watchdog_armed", "host": "d6b2a058c4be", "pid": 194534, "rank": 1, "stage": "broadcast_preference_payload", "timeout_sec": 30.0, "ts": "2026-10-04 16:15:58"}
[DBG] {"category": "TRAIN", "component": "train", "elapsed_sec": 0.013035, "event": "END:broadcast_preference_payload", "host": "d6b2a058c4be", "pid": 194534, "rank": 1, "ts": "2026-10-04 16:15:58"}
[DBG] {"category": "TRAIN", "component": "train", "event": "BEGIN:broadcast_stop_flag", "host": "d6b2a058c4be", "pid": 194534, "rank": 1, "transport": "gloo_cpu", "ts": "2026-10-04 16:15:58", "value": null}
[DBG] {"category": "TRAIN", "component": "train", "event": "watchdog_armed", "host": "d6b2a058c4be", "pid": 194534, "rank": 1, "stage": "broadcast_stop_flag", "timeout_sec": 30.0, "ts": "2026-10-04 16:15:58"}
[DBG] {"category": "TRAIN", "component": "train", "elapsed_sec": 0.005586, "event": "END:broadcast_stop_flag", "host": "d6b2a058c4be", "pid": 194534, "rank": 1, "ts": "2026-10-04 16:15:58"}
[DBG] {"category": "TRAIN", "component": "train", "event": "BEGIN:broadcast_preference_payload", "has_payload": null, "host": "d6b2a058c4be", "pid": 194534, "rank": 1, "transport": "json_uint8_gloo", "ts": "2026-10-04 16:15:58"}
[DBG] {"category": "TRAIN", "component": "train", "event": "watchdog_armed", "host": "d6b2a058c4be", "pid": 194534, "rank": 1, "stage": "broadcast_preference_payload", "timeout_sec": 30.0, "ts": "2026-10-04 16:15:58"}
[DBG] {"bytes": null, "category": "TRAIN", "component": "train", "event": "BEGIN:broadcast_preference_length", "host": "d6b2a058c4be", "pid": 194534, "rank": 1, "transport": "gloo_cpu", "ts": "2026-10-04 16:15:58"}
[DBG] {"category": "TRAIN", "component": "train", "event": "watchdog_armed", "host": "d6b2a058c4be", "pid": 194534, "rank": 1, "stage": "broadcast_preference_length", "timeout_sec": 30.0, "ts": "2026-10-04 16:15:58"}
[DBG] {"category": "TRAIN", "component": "train", "elapsed_sec": 0.011949, "event": "END:broadcast_preference_length", "host": "d6b2a058c4be", "pid": 194534, "rank": 1, "ts": "2026-10-04 16:15:58"}
[DBG] {"category": "TRAIN", "component": "train", "event": "watchdog_armed", "host": "d6b2a058c4be", "pid": 194534, "rank": 1, "stage": "broadcast_preference_payload", "timeout_sec": 30.0, "ts": "2026-10-04 16:15:58"}
[DBG] {"category": "TRAIN", "component": "train", "elapsed_sec": 0.013097, "event": "END:broadcast_preference_payload", "host": "d6b2a058c4be", "pid": 194534, "rank": 1, "ts": "2026-10-04 16:15:58"}
[DBG] {"category": "TRAIN", "component": "train", "event": "BEGIN:broadcast_stop_flag", "host": "d6b2a058c4be", "pid": 194534, "rank": 1, "transport": "gloo_cpu", "ts": "2026-10-04 16:15:59", "value": null}
[DBG] {"category": "TRAIN", "component": "train", "event": "watchdog_armed", "host": "d6b2a058c4be", "pid": 194534, "rank": 1, "stage": "broadcast_stop_flag", "timeout_sec": 30.0, "ts": "2026-10-04 16:15:59"}
[DBG] {"category": "TRAIN", "component": "train", "elapsed_sec": 0.006057, "event": "END:broadcast_stop_flag", "host": "d6b2a058c4be", "pid": 194534, "rank": 1, "ts": "2026-10-04 16:15:59"}
[DBG] {"category": "TRAIN", "component": "train", "event": "BEGIN:broadcast_preference_payload", "has_payload": null, "host": "d6b2a058c4be", "pid": 194534, "rank": 1, "transport": "json_uint8_gloo", "ts": "2026-10-04 16:15:59"}
[DBG] {"category": "TRAIN", "component": "train", "event": "watchdog_armed", "host": "d6b2a058c4be", "pid": 194534, "rank": 1, "stage": "broadcast_preference_payload", "timeout_sec": 30.0, "ts": "2026-10-04 16:15:59"}
[DBG] {"bytes": null, "category": "TRAIN", "component": "train", "event": "BEGIN:broadcast_preference_length", "host": "d6b2a058c4be", "pid": 194534, "rank": 1, "transport": "gloo_cpu", "ts": "2026-10-04 16:15:59"}
[DBG] {"category": "TRAIN", "component": "train", "event": "watchdog_armed", "host": "d6b2a058c4be", "pid": 194534, "rank": 1, "stage": "broadcast_preference_length", "timeout_sec": 30.0, "ts": "2026-10-04 16:15:59"}
[DBG] {"category": "TRAIN", "component": "train", "elapsed_sec": 0.012351, "event": "END:broadcast_preference_length", "host": "d6b2a058c4be", "pid": 194534, "rank": 1, "ts": "2026-10-04 16:15:59"}
[DBG] {"category": "TRAIN", "component": "train", "event": "watchdog_armed", "host": "d6b2a058c4be", "pid": 194534, "rank": 1, "stage": "broadcast_preference_payload", "timeout_sec": 30.0, "ts": "2026-10-04 16:15:59"}
[DBG] {"category": "TRAIN", "component": "train", "elapsed_sec": 0.013666, "event": "END:broadcast_preference_payload", "host": "d6b2a058c4be", "pid": 194534, "rank": 1, "ts": "2026-10-04 16:15:59"}
[DBG] {"category": "TRAIN", "component": "train", "event": "BEGIN:broadcast_stop_flag", "host": "d6b2a058c4be", "pid": 194534, "rank": 1, "transport": "gloo_cpu", "ts": "2026-10-04 16:15:59", "value": null}
[DBG] {"category": "TRAIN", "component": "train", "event": "watchdog_armed", "host": "d6b2a058c4be", "pid": 194534, "rank": 1, "stage": "broadcast_stop_flag", "timeout_sec": 30.0, "ts": "2026-10-04 16:15:59"}
[DBG] {"category": "TRAIN", "component": "train", "elapsed_sec": 0.005946, "event": "END:broadcast_stop_flag", "host": "d6b2a058c4be", "pid": 194534, "rank": 1, "ts": "2026-10-04 16:15:59"}
[DBG] {"category": "TRAIN", "component": "train", "event": "BEGIN:broadcast_preference_payload", "has_payload": null, "host": "d6b2a058c4be", "pid": 194534, "rank": 1, "transport": "json_uint8_gloo", "ts": "2026-10-04 16:15:59"}
[DBG] {"category": "TRAIN", "component": "train", "event": "watchdog_armed", "host": "d6b2a058c4be", "pid": 194534, "rank": 1, "stage": "broadcast_preference_payload", "timeout_sec": 30.0, "ts": "2026-10-04 16:15:59"}
[DBG] {"bytes": null, "category": "TRAIN", "component": "train", "event": "BEGIN:broadcast_preference_length", "host": "d6b2a058c4be", "pid": 194534, "rank": 1, "transport": "gloo_cpu", "ts": "2026-10-04 16:15:59"}
[DBG] {"category": "TRAIN", "component": "train", "event": "watchdog_armed", "host": "d6b2a058c4be", "pid": 194534, "rank": 1, "stage": "broadcast_preference_length", "timeout_sec": 30.0, "ts": "2026-10-04 16:15:59"}
[DBG] {"category": "TRAIN", "component": "train", "elapsed_sec": 0.012764, "event": "END:broadcast_preference_length", "host": "d6b2a058c4be", "pid": 194534, "rank": 1, "ts": "2026-10-04 16:15:59"}
[DBG] {"category": "TRAIN", "component": "train", "event": "watchdog_armed", "host": "d6b2a058c4be", "pid": 194534, "rank": 1, "stage": "broadcast_preference_payload", "timeout_sec": 30.0, "ts": "2026-10-04 16:15:59"}
[DBG] {"category": "TRAIN", "component": "train", "elapsed_sec": 0.014132, "event": "END:broadcast_preference_payload", "host": "d6b2a058c4be", "pid": 194534, "rank": 1, "ts": "2026-10-04 16:15:59"}
[DBG] {"category": "TRAIN", "component": "train", "event": "BEGIN:broadcast_stop_flag", "host": "d6b2a058c4be", "pid": 194534, "rank": 1, "transport": "gloo_cpu", "ts": "2026-10-04 16:16:00", "value": null}
[DBG] {"category": "TRAIN", "component": "train", "event": "watchdog_armed", "host": "d6b2a058c4be", "pid": 194534, "rank": 1, "stage": "broadcast_stop_flag", "timeout_sec": 30.0, "ts": "2026-10-04 16:16:00"}
[DBG] {"category": "TRAIN", "component": "train", "elapsed_sec": 0.005898, "event": "END:broadcast_stop_flag", "host": "d6b2a058c4be", "pid": 194534, "rank": 1, "ts": "2026-10-04 16:16:00"}
[DBG] {"category": "TRAIN", "component": "train", "event": "BEGIN:broadcast_preference_payload", "has_payload": null, "host": "d6b2a058c4be", "pid": 194534, "rank": 1, "transport": "json_uint8_gloo", "ts": "2026-10-04 16:16:00"}
[DBG] {"category": "TRAIN", "component": "train", "event": "watchdog_armed", "host": "d6b2a058c4be", "pid": 194534, "rank": 1, "stage": "broadcast_preference_payload", "timeout_sec": 30.0, "ts": "2026-10-04 16:16:00"}
[DBG] {"bytes": null, "category": "TRAIN", "component": "train", "event": "BEGIN:broadcast_preference_length", "host": "d6b2a058c4be", "pid": 194534, "rank": 1, "transport": "gloo_cpu", "ts": "2026-10-04 16:16:00"}
[DBG] {"category": "TRAIN", "component": "train", "event": "watchdog_armed", "host": "d6b2a058c4be", "pid": 194534, "rank": 1, "stage": "broadcast_preference_length", "timeout_sec": 30.0, "ts": "2026-10-04 16:16:00"}
[DBG] {"category": "TRAIN", "component": "train", "elapsed_sec": 0.012975, "event": "END:broadcast_preference_length", "host": "d6b2a058c4be", "pid": 194534, "rank": 1, "ts": "2026-10-04 16:16:00"}
[DBG] {"category": "TRAIN", "component": "train", "event": "watchdog_armed", "host": "d6b2a058c4be", "pid": 194534, "rank": 1, "stage": "broadcast_preference_payload", "timeout_sec": 30.0, "ts": "2026-10-04 16:16:00"}
[DBG] {"category": "TRAIN", "component": "train", "elapsed_sec": 0.014127, "event": "END:broadcast_preference_payload", "host": "d6b2a058c4be", "pid": 194534, "rank": 1, "ts": "2026-10-04 16:16:00"}
[DBG] {"category": "TRAIN", "component": "train", "event": "BEGIN:broadcast_stop_flag", "host": "d6b2a058c4be", "pid": 194534, "rank": 1, "transport": "gloo_cpu", "ts": "2026-10-04 16:16:00", "value": null}
[DBG] {"category": "TRAIN", "component": "train", "event": "watchdog_armed", "host": "d6b2a058c4be", "pid": 194534, "rank": 1, "stage": "broadcast_stop_flag", "timeout_sec": 30.0, "ts": "2026-10-04 16:16:00"}
[DBG] {"category": "TRAIN", "component": "train", "elapsed_sec": 0.006346, "event": "END:broadcast_stop_flag", "host": "d6b2a058c4be", "pid": 194534, "rank": 1, "ts": "2026-10-04 16:16:00"}
[DBG] {"category": "TRAIN", "component": "train", "event": "BEGIN:broadcast_preference_payload", "has_payload": null, "host": "d6b2a058c4be", "pid": 194534, "rank": 1, "transport": "json_uint8_gloo", "ts": "2026-10-04 16:16:00"}
[DBG] {"category": "TRAIN", "component": "train", "event": "watchdog_armed", "host": "d6b2a058c4be", "pid": 194534, "rank": 1, "stage": "broadcast_preference_payload", "timeout_sec": 30.0, "ts": "2026-10-04 16:16:00"}
[DBG] {"bytes": null, "category": "TRAIN", "component": "train", "event": "BEGIN:broadcast_preference_length", "host": "d6b2a058c4be", "pid": 194534, "rank": 1, "transport": "gloo_cpu", "ts": "2026-10-04 16:16:00"}
[DBG] {"category": "TRAIN", "component": "train", "event": "watchdog_armed", "host": "d6b2a058c4be", "pid": 194534, "rank": 1, "stage": "broadcast_preference_length", "timeout_sec": 30.0, "ts": "2026-10-04 16:16:00"}
[DBG] {"category": "TRAIN", "component": "train", "elapsed_sec": 0.011927, "event": "END:broadcast_preference_length", "host": "d6b2a058c4be", "pid": 194534, "rank": 1, "ts": "2026-10-04 16:16:00"}
[DBG] {"category": "TRAIN", "component": "train", "event": "watchdog_armed", "host": "d6b2a058c4be", "pid": 194534, "rank": 1, "stage": "broadcast_preference_payload", "timeout_sec": 30.0, "ts": "2026-10-04 16:16:00"}
[DBG] {"category": "TRAIN", "component": "train", "elapsed_sec": 0.013074, "event": "END:broadcast_preference_payload", "host": "d6b2a058c4be", "pid": 194534, "rank": 1, "ts": "2026-10-04 16:16:00"}
[DBG] {"category": "TRAIN", "component": "train", "event": "BEGIN:broadcast_stop_flag", "host": "d6b2a058c4be", "pid": 194534, "rank": 1, "transport": "gloo_cpu", "ts": "2026-10-04 16:16:01", "value": null}
[DBG] {"category": "TRAIN", "component": "train", "event": "watchdog_armed", "host": "d6b2a058c4be", "pid": 194534, "rank": 1, "stage": "broadcast_stop_flag", "timeout_sec": 30.0, "ts": "2026-10-04 16:16:01"}
[DBG] {"category": "TRAIN", "component": "train", "elapsed_sec": 0.005726, "event": "END:broadcast_stop_flag", "host": "d6b2a058c4be", "pid": 194534, "rank": 1, "ts": "2026-10-04 16:16:01"}
[DBG] {"category": "TRAIN", "component": "train", "event": "BEGIN:broadcast_preference_payload", "has_payload": null, "host": "d6b2a058c4be", "pid": 194534, "rank": 1, "transport": "json_uint8_gloo", "ts": "2026-10-04 16:16:01"}
[DBG] {"category": "TRAIN", "component": "train", "event": "watchdog_armed", "host": "d6b2a058c4be", "pid": 194534, "rank": 1, "stage": "broadcast_preference_payload", "timeout_sec": 30.0, "ts": "2026-10-04 16:16:01"}
[DBG] {"bytes": null, "category": "TRAIN", "component": "train", "event": "BEGIN:broadcast_preference_length", "host": "d6b2a058c4be", "pid": 194534, "rank": 1, "transport": "gloo_cpu", "ts": "2026-10-04 16:16:01"}
[DBG] {"category": "TRAIN", "component": "train", "event": "watchdog_armed", "host": "d6b2a058c4be", "pid": 194534, "rank": 1, "stage": "broadcast_preference_length", "timeout_sec": 30.0, "ts": "2026-10-04 16:16:01"}
[DBG] {"category": "TRAIN", "component": "train", "elapsed_sec": 0.011728, "event": "END:broadcast_preference_length", "host": "d6b2a058c4be", "pid": 194534, "rank": 1, "ts": "2026-10-04 16:16:01"}
[DBG] {"category": "TRAIN", "component": "train", "event": "watchdog_armed", "host": "d6b2a058c4be", "pid": 194534, "rank": 1, "stage": "broadcast_preference_payload", "timeout_sec": 30.0, "ts": "2026-10-04 16:16:01"}
[DBG] {"category": "TRAIN", "component": "train", "elapsed_sec": 0.012893, "event": "END:broadcast_preference_payload", "host": "d6b2a058c4be", "pid": 194534, "rank": 1, "ts": "2026-10-04 16:16:01"}
[DBG] {"category": "TRAIN", "component": "train", "event": "BEGIN:broadcast_stop_flag", "host": "d6b2a058c4be", "pid": 194534, "rank": 1, "transport": "gloo_cpu", "ts": "2026-10-04 16:16:01", "value": null}
[DBG] {"category": "TRAIN", "component": "train", "event": "watchdog_armed", "host": "d6b2a058c4be", "pid": 194534, "rank": 1, "stage": "broadcast_stop_flag", "timeout_sec": 30.0, "ts": "2026-10-04 16:16:01"}
[DBG] {"category": "TRAIN", "component": "train", "elapsed_sec": 0.005768, "event": "END:broadcast_stop_flag", "host": "d6b2a058c4be", "pid": 194534, "rank": 1, "ts": "2026-10-04 16:16:01"}
[DBG] {"category": "TRAIN", "component": "train", "event": "BEGIN:broadcast_preference_payload", "has_payload": null, "host": "d6b2a058c4be", "pid": 194534, "rank": 1, "transport": "json_uint8_gloo", "ts": "2026-10-04 16:16:01"}
[DBG] {"category": "TRAIN", "component": "train", "event": "watchdog_armed", "host": "d6b2a058c4be", "pid": 194534, "rank": 1, "stage": "broadcast_preference_payload", "timeout_sec": 30.0, "ts": "2026-10-04 16:16:01"}
[DBG] {"bytes": null, "category": "TRAIN", "component": "train", "event": "BEGIN:broadcast_preference_length", "host": "d6b2a058c4be", "pid": 194534, "rank": 1, "transport": "gloo_cpu", "ts": "2026-10-04 16:16:01"}
[DBG] {"category": "TRAIN", "component": "train", "event": "watchdog_armed", "host": "d6b2a058c4be", "pid": 194534, "rank": 1, "stage": "broadcast_preference_length", "timeout_sec": 30.0, "ts": "2026-10-04 16:16:01"}
[DBG] {"category": "TRAIN", "component": "train", "elapsed_sec": 0.01174, "event": "END:broadcast_preference_length", "host": "d6b2a058c4be", "pid": 194534, "rank": 1, "ts": "2026-10-04 16:16:01"}
[DBG] {"category": "TRAIN", "component": "train", "event": "watchdog_armed", "host": "d6b2a058c4be", "pid": 194534, "rank": 1, "stage": "broadcast_preference_payload", "timeout_sec": 30.0, "ts": "2026-10-04 16:16:01"}
[DBG] {"category": "TRAIN", "component": "train", "elapsed_sec": 0.013055, "event": "END:broadcast_preference_payload", "host": "d6b2a058c4be", "pid": 194534, "rank": 1, "ts": "2026-10-04 16:16:01"}
[DBG] {"category": "TRAIN", "component": "train", "event": "BEGIN:broadcast_stop_flag", "host": "d6b2a058c4be", "pid": 194534, "rank": 1, "transport": "gloo_cpu", "ts": "2026-10-04 16:16:02", "value": null}
[DBG] {"category": "TRAIN", "component": "train", "event": "watchdog_armed", "host": "d6b2a058c4be", "pid": 194534, "rank": 1, "stage": "broadcast_stop_flag", "timeout_sec": 30.0, "ts": "2026-10-04 16:16:02"}
[DBG] {"category": "TRAIN", "component": "train", "elapsed_sec": 0.005854, "event": "END:broadcast_stop_flag", "host": "d6b2a058c4be", "pid": 194534, "rank": 1, "ts": "2026-10-04 16:16:02"}
[DBG] {"category": "TRAIN", "component": "train", "event": "BEGIN:broadcast_preference_payload", "has_payload": null, "host": "d6b2a058c4be", "pid": 194534, "rank": 1, "transport": "json_uint8_gloo", "ts": "2026-10-04 16:16:02"}
[DBG] {"category": "TRAIN", "component": "train", "event": "watchdog_armed", "host": "d6b2a058c4be", "pid": 194534, "rank": 1, "stage": "broadcast_preference_payload", "timeout_sec": 30.0, "ts": "2026-10-04 16:16:02"}
[DBG] {"bytes": null, "category": "TRAIN", "component": "train", "event": "BEGIN:broadcast_preference_length", "host": "d6b2a058c4be", "pid": 194534, "rank": 1, "transport": "gloo_cpu", "ts": "2026-10-04 16:16:02"}
[DBG] {"category": "TRAIN", "component": "train", "event": "watchdog_armed", "host": "d6b2a058c4be", "pid": 194534, "rank": 1, "stage": "broadcast_preference_length", "timeout_sec": 30.0, "ts": "2026-10-04 16:16:02"}
[DBG] {"category": "TRAIN", "component": "train", "elapsed_sec": 0.012951, "event": "END:broadcast_preference_length", "host": "d6b2a058c4be", "pid": 194534, "rank": 1, "ts": "2026-10-04 16:16:02"}
[DBG] {"category": "TRAIN", "component": "train", "event": "watchdog_armed", "host": "d6b2a058c4be", "pid": 194534, "rank": 1, "stage": "broadcast_preference_payload", "timeout_sec": 30.0, "ts": "2026-10-04 16:16:02"}
[DBG] {"category": "TRAIN", "component": "train", "elapsed_sec": 0.013836, "event": "END:broadcast_preference_payload", "host": "d6b2a058c4be", "pid": 194534, "rank": 1, "ts": "2026-10-04 16:16:02"}
[DBG] {"category": "TRAIN", "component": "train", "event": "BEGIN:broadcast_stop_flag", "host": "d6b2a058c4be", "pid": 194534, "rank": 1, "transport": "gloo_cpu", "ts": "2026-10-04 16:16:02", "value": null}
[DBG] {"category": "TRAIN", "component": "train", "event": "watchdog_armed", "host": "d6b2a058c4be", "pid": 194534, "rank": 1, "stage": "broadcast_stop_flag", "timeout_sec": 30.0, "ts": "2026-10-04 16:16:02"}
[DBG] {"category": "TRAIN", "component": "train", "elapsed_sec": 0.005823, "event": "END:broadcast_stop_flag", "host": "d6b2a058c4be", "pid": 194534, "rank": 1, "ts": "2026-10-04 16:16:02"}
[DBG] {"category": "TRAIN", "component": "train", "event": "BEGIN:broadcast_preference_payload", "has_payload": null, "host": "d6b2a058c4be", "pid": 194534, "rank": 1, "transport": "json_uint8_gloo", "ts": "2026-10-04 16:16:02"}
[DBG] {"category": "TRAIN", "component": "train", "event": "watchdog_armed", "host": "d6b2a058c4be", "pid": 194534, "rank": 1, "stage": "broadcast_preference_payload", "timeout_sec": 30.0, "ts": "2026-10-04 16:16:02"}
[DBG] {"bytes": null, "category": "TRAIN", "component": "train", "event": "BEGIN:broadcast_preference_length", "host": "d6b2a058c4be", "pid": 194534, "rank": 1, "transport": "gloo_cpu", "ts": "2026-10-04 16:16:02"}
[DBG] {"category": "TRAIN", "component": "train", "event": "watchdog_armed", "host": "d6b2a058c4be", "pid": 194534, "rank": 1, "stage": "broadcast_preference_length", "timeout_sec": 30.0, "ts": "2026-10-04 16:16:02"}
[DBG] {"category": "TRAIN", "component": "train", "elapsed_sec": 0.012095, "event": "END:broadcast_preference_length", "host": "d6b2a058c4be", "pid": 194534, "rank": 1, "ts": "2026-10-04 16:16:02"}
[DBG] {"category": "TRAIN", "component": "train", "event": "watchdog_armed", "host": "d6b2a058c4be", "pid": 194534, "rank": 1, "stage": "broadcast_preference_payload", "timeout_sec": 30.0, "ts": "2026-10-04 16:16:02"}
[DBG] {"category": "TRAIN", "component": "train", "elapsed_sec": 0.013289, "event": "END:broadcast_preference_payload", "host": "d6b2a058c4be", "pid": 194534, "rank": 1, "ts": "2026-10-04 16:16:02"}
[DBG] {"category": "TRAIN", "component": "train", "event": "BEGIN:broadcast_stop_flag", "host": "d6b2a058c4be", "pid": 194534, "rank": 1, "transport": "gloo_cpu", "ts": "2026-10-04 16:16:03", "value": null}
[DBG] {"category": "TRAIN", "component": "train", "event": "watchdog_armed", "host": "d6b2a058c4be", "pid": 194534, "rank": 1, "stage": "broadcast_stop_flag", "timeout_sec": 30.0, "ts": "2026-10-04 16:16:03"}
[DBG] {"category": "TRAIN", "component": "train", "elapsed_sec": 0.006223, "event": "END:broadcast_stop_flag", "host": "d6b2a058c4be", "pid": 194534, "rank": 1, "ts": "2026-10-04 16:16:03"}
[DBG] {"category": "TRAIN", "component": "train", "event": "BEGIN:broadcast_preference_payload", "has_payload": null, "host": "d6b2a058c4be", "pid": 194534, "rank": 1, "transport": "json_uint8_gloo", "ts": "2026-10-04 16:16:03"}
[DBG] {"category": "TRAIN", "component": "train", "event": "watchdog_armed", "host": "d6b2a058c4be", "pid": 194534, "rank": 1, "stage": "broadcast_preference_payload", "timeout_sec": 30.0, "ts": "2026-10-04 16:16:03"}
[DBG] {"bytes": null, "category": "TRAIN", "component": "train", "event": "BEGIN:broadcast_preference_length", "host": "d6b2a058c4be", "pid": 194534, "rank": 1, "transport": "gloo_cpu", "ts": "2026-10-04 16:16:03"}
[DBG] {"category": "TRAIN", "component": "train", "event": "watchdog_armed", "host": "d6b2a058c4be", "pid": 194534, "rank": 1, "stage": "broadcast_preference_length", "timeout_sec": 30.0, "ts": "2026-10-04 16:16:03"}
[DBG] {"category": "TRAIN", "component": "train", "elapsed_sec": 0.012799, "event": "END:broadcast_preference_length", "host": "d6b2a058c4be", "pid": 194534, "rank": 1, "ts": "2026-10-04 16:16:03"}
[DBG] {"category": "TRAIN", "component": "train", "event": "watchdog_armed", "host": "d6b2a058c4be", "pid": 194534, "rank": 1, "stage": "broadcast_preference_payload", "timeout_sec": 30.0, "ts": "2026-10-04 16:16:03"}
[DBG] {"category": "TRAIN", "component": "train", "elapsed_sec": 0.014019, "event": "END:broadcast_preference_payload", "host": "d6b2a058c4be", "pid": 194534, "rank": 1, "ts": "2026-10-04 16:16:03"}
[DBG] {"category": "TRAIN", "component": "train", "event": "BEGIN:broadcast_stop_flag", "host": "d6b2a058c4be", "pid": 194534, "rank": 1, "transport": "gloo_cpu", "ts": "2026-10-04 16:16:03", "value": null}
[DBG] {"category": "TRAIN", "component": "train", "event": "watchdog_armed", "host": "d6b2a058c4be", "pid": 194534, "rank": 1, "stage": "broadcast_stop_flag", "timeout_sec": 30.0, "ts": "2026-10-04 16:16:03"}
[DBG] {"category": "TRAIN", "component": "train", "elapsed_sec": 0.005423, "event": "END:broadcast_stop_flag", "host": "d6b2a058c4be", "pid": 194534, "rank": 1, "ts": "2026-10-04 16:16:03"}
[DBG] {"category": "TRAIN", "component": "train", "event": "BEGIN:broadcast_preference_payload", "has_payload": null, "host": "d6b2a058c4be", "pid": 194534, "rank": 1, "transport": "json_uint8_gloo", "ts": "2026-10-04 16:16:03"}
[DBG] {"category": "TRAIN", "component": "train", "event": "watchdog_armed", "host": "d6b2a058c4be", "pid": 194534, "rank": 1, "stage": "broadcast_preference_payload", "timeout_sec": 30.0, "ts": "2026-10-04 16:16:03"}
[DBG] {"bytes": null, "category": "TRAIN", "component": "train", "event": "BEGIN:broadcast_preference_length", "host": "d6b2a058c4be", "pid": 194534, "rank": 1, "transport": "gloo_cpu", "ts": "2026-10-04 16:16:03"}
[DBG] {"category": "TRAIN", "component": "train", "event": "watchdog_armed", "host": "d6b2a058c4be", "pid": 194534, "rank": 1, "stage": "broadcast_preference_length", "timeout_sec": 30.0, "ts": "2026-10-04 16:16:03"}
[DBG] {"category": "TRAIN", "component": "train", "elapsed_sec": 0.0116, "event": "END:broadcast_preference_length", "host": "d6b2a058c4be", "pid": 194534, "rank": 1, "ts": "2026-10-04 16:16:03"}
[DBG] {"category": "TRAIN", "component": "train", "event": "watchdog_armed", "host": "d6b2a058c4be", "pid": 194534, "rank": 1, "stage": "broadcast_preference_payload", "timeout_sec": 30.0, "ts": "2026-10-04 16:16:03"}
[DBG] {"category": "TRAIN", "component": "train", "elapsed_sec": 0.012873, "event": "END:broadcast_preference_payload", "host": "d6b2a058c4be", "pid": 194534, "rank": 1, "ts": "2026-10-04 16:16:03"}
[DBG] {"category": "TRAIN", "component": "train", "event": "BEGIN:broadcast_stop_flag", "host": "d6b2a058c4be", "pid": 194534, "rank": 1, "transport": "gloo_cpu", "ts": "2026-10-04 16:16:04", "value": null}
[DBG] {"category": "TRAIN", "component": "train", "event": "watchdog_armed", "host": "d6b2a058c4be", "pid": 194534, "rank": 1, "stage": "broadcast_stop_flag", "timeout_sec": 30.0, "ts": "2026-10-04 16:16:04"}
[DBG] {"category": "TRAIN", "component": "train", "elapsed_sec": 0.005634, "event": "END:broadcast_stop_flag", "host": "d6b2a058c4be", "pid": 194534, "rank": 1, "ts": "2026-10-04 16:16:04"}
[DBG] {"category": "TRAIN", "component": "train", "event": "BEGIN:broadcast_preference_payload", "has_payload": null, "host": "d6b2a058c4be", "pid": 194534, "rank": 1, "transport": "json_uint8_gloo", "ts": "2026-10-04 16:16:04"}
[DBG] {"category": "TRAIN", "component": "train", "event": "watchdog_armed", "host": "d6b2a058c4be", "pid": 194534, "rank": 1, "stage": "broadcast_preference_payload", "timeout_sec": 30.0, "ts": "2026-10-04 16:16:04"}
[DBG] {"bytes": null, "category": "TRAIN", "component": "train", "event": "BEGIN:broadcast_preference_length", "host": "d6b2a058c4be", "pid": 194534, "rank": 1, "transport": "gloo_cpu", "ts": "2026-10-04 16:16:04"}
[DBG] {"category": "TRAIN", "component": "train", "event": "watchdog_armed", "host": "d6b2a058c4be", "pid": 194534, "rank": 1, "stage": "broadcast_preference_length", "timeout_sec": 30.0, "ts": "2026-10-04 16:16:04"}
[DBG] {"category": "TRAIN", "component": "train", "elapsed_sec": 0.012416, "event": "END:broadcast_preference_length", "host": "d6b2a058c4be", "pid": 194534, "rank": 1, "ts": "2026-10-04 16:16:04"}
[DBG] {"category": "TRAIN", "component": "train", "event": "watchdog_armed", "host": "d6b2a058c4be", "pid": 194534, "rank": 1, "stage": "broadcast_preference_payload", "timeout_sec": 30.0, "ts": "2026-10-04 16:16:04"}
[DBG] {"category": "TRAIN", "component": "train", "elapsed_sec": 0.013579, "event": "END:broadcast_preference_payload", "host": "d6b2a058c4be", "pid": 194534, "rank": 1, "ts": "2026-10-04 16:16:04"}
[DBG] {"category": "TRAIN", "component": "train", "event": "BEGIN:broadcast_stop_flag", "host": "d6b2a058c4be", "pid": 194534, "rank": 1, "transport": "gloo_cpu", "ts": "2026-10-04 16:16:04", "value": null}
[DBG] {"category": "TRAIN", "component": "train", "event": "watchdog_armed", "host": "d6b2a058c4be", "pid": 194534, "rank": 1, "stage": "broadcast_stop_flag", "timeout_sec": 30.0, "ts": "2026-10-04 16:16:04"}
[DBG] {"category": "TRAIN", "component": "train", "elapsed_sec": 0.005469, "event": "END:broadcast_stop_flag", "host": "d6b2a058c4be", "pid": 194534, "rank": 1, "ts": "2026-10-04 16:16:04"}
[DBG] {"category": "TRAIN", "component": "train", "event": "BEGIN:broadcast_preference_payload", "has_payload": null, "host": "d6b2a058c4be", "pid": 194534, "rank": 1, "transport": "json_uint8_gloo", "ts": "2026-10-04 16:16:04"}
[DBG] {"category": "TRAIN", "component": "train", "event": "watchdog_armed", "host": "d6b2a058c4be", "pid": 194534, "rank": 1, "stage": "broadcast_preference_payload", "timeout_sec": 30.0, "ts": "2026-10-04 16:16:04"}
[DBG] {"bytes": null, "category": "TRAIN", "component": "train", "event": "BEGIN:broadcast_preference_length", "host": "d6b2a058c4be", "pid": 194534, "rank": 1, "transport": "gloo_cpu", "ts": "2026-10-04 16:16:04"}
[DBG] {"category": "TRAIN", "component": "train", "event": "watchdog_armed", "host": "d6b2a058c4be", "pid": 194534, "rank": 1, "stage": "broadcast_preference_length", "timeout_sec": 30.0, "ts": "2026-10-04 16:16:04"}
[DBG] {"category": "TRAIN", "component": "train", "elapsed_sec": 0.01183, "event": "END:broadcast_preference_length", "host": "d6b2a058c4be", "pid": 194534, "rank": 1, "ts": "2026-10-04 16:16:04"}
[DBG] {"category": "TRAIN", "component": "train", "event": "watchdog_armed", "host": "d6b2a058c4be", "pid": 194534, "rank": 1, "stage": "broadcast_preference_payload", "timeout_sec": 30.0, "ts": "2026-10-04 16:16:04"}
[DBG] {"category": "TRAIN", "component": "train", "elapsed_sec": 0.013003, "event": "END:broadcast_preference_payload", "host": "d6b2a058c4be", "pid": 194534, "rank": 1, "ts": "2026-10-04 16:16:04"}
[DBG] {"category": "TRAIN", "component": "train", "event": "BEGIN:broadcast_stop_flag", "host": "d6b2a058c4be", "pid": 194534, "rank": 1, "transport": "gloo_cpu", "ts": "2026-10-04 16:16:05", "value": null}
[DBG] {"category": "TRAIN", "component": "train", "event": "watchdog_armed", "host": "d6b2a058c4be", "pid": 194534, "rank": 1, "stage": "broadcast_stop_flag", "timeout_sec": 30.0, "ts": "2026-10-04 16:16:05"}
[DBG] {"category": "TRAIN", "component": "train", "elapsed_sec": 0.005989, "event": "END:broadcast_stop_flag", "host": "d6b2a058c4be", "pid": 194534, "rank": 1, "ts": "2026-10-04 16:16:05"}
[DBG] {"category": "TRAIN", "component": "train", "event": "BEGIN:broadcast_preference_payload", "has_payload": null, "host": "d6b2a058c4be", "pid": 194534, "rank": 1, "transport": "json_uint8_gloo", "ts": "2026-10-04 16:16:05"}
[DBG] {"category": "TRAIN", "component": "train", "event": "watchdog_armed", "host": "d6b2a058c4be", "pid": 194534, "rank": 1, "stage": "broadcast_preference_payload", "timeout_sec": 30.0, "ts": "2026-10-04 16:16:05"}
[DBG] {"bytes": null, "category": "TRAIN", "component": "train", "event": "BEGIN:broadcast_preference_length", "host": "d6b2a058c4be", "pid": 194534, "rank": 1, "transport": "gloo_cpu", "ts": "2026-10-04 16:16:05"}
[DBG] {"category": "TRAIN", "component": "train", "event": "watchdog_armed", "host": "d6b2a058c4be", "pid": 194534, "rank": 1, "stage": "broadcast_preference_length", "timeout_sec": 30.0, "ts": "2026-10-04 16:16:05"}
[DBG] {"category": "TRAIN", "component": "train", "elapsed_sec": 0.012413, "event": "END:broadcast_preference_length", "host": "d6b2a058c4be", "pid": 194534, "rank": 1, "ts": "2026-10-04 16:16:05"}
[DBG] {"category": "TRAIN", "component": "train", "event": "watchdog_armed", "host": "d6b2a058c4be", "pid": 194534, "rank": 1, "stage": "broadcast_preference_payload", "timeout_sec": 30.0, "ts": "2026-10-04 16:16:05"}
[DBG] {"category": "TRAIN", "component": "train", "elapsed_sec": 0.013584, "event": "END:broadcast_preference_payload", "host": "d6b2a058c4be", "pid": 194534, "rank": 1, "ts": "2026-10-04 16:16:05"}
[DBG] {"category": "TRAIN", "component": "train", "event": "BEGIN:broadcast_stop_flag", "host": "d6b2a058c4be", "pid": 194534, "rank": 1, "transport": "gloo_cpu", "ts": "2026-10-04 16:16:05", "value": null}
[DBG] {"category": "TRAIN", "component": "train", "event": "watchdog_armed", "host": "d6b2a058c4be", "pid": 194534, "rank": 1, "stage": "broadcast_stop_flag", "timeout_sec": 30.0, "ts": "2026-10-04 16:16:05"}
[DBG] {"category": "TRAIN", "component": "train", "elapsed_sec": 0.006002, "event": "END:broadcast_stop_flag", "host": "d6b2a058c4be", "pid": 194534, "rank": 1, "ts": "2026-10-04 16:16:05"}
[DBG] {"category": "TRAIN", "component": "train", "event": "BEGIN:broadcast_preference_payload", "has_payload": null, "host": "d6b2a058c4be", "pid": 194534, "rank": 1, "transport": "json_uint8_gloo", "ts": "2026-10-04 16:16:05"}
[DBG] {"category": "TRAIN", "component": "train", "event": "watchdog_armed", "host": "d6b2a058c4be", "pid": 194534, "rank": 1, "stage": "broadcast_preference_payload", "timeout_sec": 30.0, "ts": "2026-10-04 16:16:05"}
[DBG] {"bytes": null, "category": "TRAIN", "component": "train", "event": "BEGIN:broadcast_preference_length", "host": "d6b2a058c4be", "pid": 194534, "rank": 1, "transport": "gloo_cpu", "ts": "2026-10-04 16:16:05"}
[DBG] {"category": "TRAIN", "component": "train", "event": "watchdog_armed", "host": "d6b2a058c4be", "pid": 194534, "rank": 1, "stage": "broadcast_preference_length", "timeout_sec": 30.0, "ts": "2026-10-04 16:16:05"}
[DBG] {"category": "TRAIN", "component": "train", "elapsed_sec": 0.01151, "event": "END:broadcast_preference_length", "host": "d6b2a058c4be", "pid": 194534, "rank": 1, "ts": "2026-10-04 16:16:05"}
[DBG] {"category": "TRAIN", "component": "train", "event": "watchdog_armed", "host": "d6b2a058c4be", "pid": 194534, "rank": 1, "stage": "broadcast_preference_payload", "timeout_sec": 30.0, "ts": "2026-10-04 16:16:05"}
[DBG] {"category": "TRAIN", "component": "train", "elapsed_sec": 0.012711, "event": "END:broadcast_preference_payload", "host": "d6b2a058c4be", "pid": 194534, "rank": 1, "ts": "2026-10-04 16:16:05"}
[DBG] {"category": "TRAIN", "component": "train", "event": "BEGIN:broadcast_stop_flag", "host": "d6b2a058c4be", "pid": 194534, "rank": 1, "transport": "gloo_cpu", "ts": "2026-10-04 16:16:06", "value": null}
[DBG] {"category": "TRAIN", "component": "train", "event": "watchdog_armed", "host": "d6b2a058c4be", "pid": 194534, "rank": 1, "stage": "broadcast_stop_flag", "timeout_sec": 30.0, "ts": "2026-10-04 16:16:06"}
[DBG] {"category": "TRAIN", "component": "train", "elapsed_sec": 0.005973, "event": "END:broadcast_stop_flag", "host": "d6b2a058c4be", "pid": 194534, "rank": 1, "ts": "2026-10-04 16:16:06"}
[DBG] {"category": "TRAIN", "component": "train", "event": "BEGIN:broadcast_preference_payload", "has_payload": null, "host": "d6b2a058c4be", "pid": 194534, "rank": 1, "transport": "json_uint8_gloo", "ts": "2026-10-04 16:16:06"}
[DBG] {"category": "TRAIN", "component": "train", "event": "watchdog_armed", "host": "d6b2a058c4be", "pid": 194534, "rank": 1, "stage": "broadcast_preference_payload", "timeout_sec": 30.0, "ts": "2026-10-04 16:16:06"}
[DBG] {"bytes": null, "category": "TRAIN", "component": "train", "event": "BEGIN:broadcast_preference_length", "host": "d6b2a058c4be", "pid": 194534, "rank": 1, "transport": "gloo_cpu", "ts": "2026-10-04 16:16:06"}
[DBG] {"category": "TRAIN", "component": "train", "event": "watchdog_armed", "host": "d6b2a058c4be", "pid": 194534, "rank": 1, "stage": "broadcast_preference_length", "timeout_sec": 30.0, "ts": "2026-10-04 16:16:06"}
[DBG] {"category": "TRAIN", "component": "train", "elapsed_sec": 0.012125, "event": "END:broadcast_preference_length", "host": "d6b2a058c4be", "pid": 194534, "rank": 1, "ts": "2026-10-04 16:16:06"}
[DBG] {"category": "TRAIN", "component": "train", "event": "watchdog_armed", "host": "d6b2a058c4be", "pid": 194534, "rank": 1, "stage": "broadcast_preference_payload", "timeout_sec": 30.0, "ts": "2026-10-04 16:16:06"}
[DBG] {"category": "TRAIN", "component": "train", "elapsed_sec": 0.013388, "event": "END:broadcast_preference_payload", "host": "d6b2a058c4be", "pid": 194534, "rank": 1, "ts": "2026-10-04 16:16:06"}
[DBG] {"category": "TRAIN", "component": "train", "event": "BEGIN:broadcast_stop_flag", "host": "d6b2a058c4be", "pid": 194534, "rank": 1, "transport": "gloo_cpu", "ts": "2026-10-04 16:16:06", "value": null}
[DBG] {"category": "TRAIN", "component": "train", "event": "watchdog_armed", "host": "d6b2a058c4be", "pid": 194534, "rank": 1, "stage": "broadcast_stop_flag", "timeout_sec": 30.0, "ts": "2026-10-04 16:16:06"}
[DBG] {"category": "TRAIN", "component": "train", "elapsed_sec": 0.005785, "event": "END:broadcast_stop_flag", "host": "d6b2a058c4be", "pid": 194534, "rank": 1, "ts": "2026-10-04 16:16:06"}
[DBG] {"category": "TRAIN", "component": "train", "event": "BEGIN:broadcast_preference_payload", "has_payload": null, "host": "d6b2a058c4be", "pid": 194534, "rank": 1, "transport": "json_uint8_gloo", "ts": "2026-10-04 16:16:06"}
[DBG] {"category": "TRAIN", "component": "train", "event": "watchdog_armed", "host": "d6b2a058c4be", "pid": 194534, "rank": 1, "stage": "broadcast_preference_payload", "timeout_sec": 30.0, "ts": "2026-10-04 16:16:06"}
[DBG] {"bytes": null, "category": "TRAIN", "component": "train", "event": "BEGIN:broadcast_preference_length", "host": "d6b2a058c4be", "pid": 194534, "rank": 1, "transport": "gloo_cpu", "ts": "2026-10-04 16:16:06"}
[DBG] {"category": "TRAIN", "component": "train", "event": "watchdog_armed", "host": "d6b2a058c4be", "pid": 194534, "rank": 1, "stage": "broadcast_preference_length", "timeout_sec": 30.0, "ts": "2026-10-04 16:16:06"}
[DBG] {"category": "TRAIN", "component": "train", "elapsed_sec": 0.012757, "event": "END:broadcast_preference_length", "host": "d6b2a058c4be", "pid": 194534, "rank": 1, "ts": "2026-10-04 16:16:06"}
[DBG] {"category": "TRAIN", "component": "train", "event": "watchdog_armed", "host": "d6b2a058c4be", "pid": 194534, "rank": 1, "stage": "broadcast_preference_payload", "timeout_sec": 30.0, "ts": "2026-10-04 16:16:06"}
[DBG] {"category": "TRAIN", "component": "train", "elapsed_sec": 0.013966, "event": "END:broadcast_preference_payload", "host": "d6b2a058c4be", "pid": 194534, "rank": 1, "ts": "2026-10-04 16:16:06"}
[DBG] {"category": "TRAIN", "component": "train", "event": "BEGIN:broadcast_stop_flag", "host": "d6b2a058c4be", "pid": 194534, "rank": 1, "transport": "gloo_cpu", "ts": "2026-10-04 16:16:07", "value": null}
[DBG] {"category": "TRAIN", "component": "train", "event": "watchdog_armed", "host": "d6b2a058c4be", "pid": 194534, "rank": 1, "stage": "broadcast_stop_flag", "timeout_sec": 30.0, "ts": "2026-10-04 16:16:07"}
[DBG] {"category": "TRAIN", "component": "train", "elapsed_sec": 0.005818, "event": "END:broadcast_stop_flag", "host": "d6b2a058c4be", "pid": 194534, "rank": 1, "ts": "2026-10-04 16:16:07"}
[DBG] {"category": "TRAIN", "component": "train", "event": "BEGIN:broadcast_preference_payload", "has_payload": null, "host": "d6b2a058c4be", "pid": 194534, "rank": 1, "transport": "json_uint8_gloo", "ts": "2026-10-04 16:16:07"}
[DBG] {"category": "TRAIN", "component": "train", "event": "watchdog_armed", "host": "d6b2a058c4be", "pid": 194534, "rank": 1, "stage": "broadcast_preference_payload", "timeout_sec": 30.0, "ts": "2026-10-04 16:16:07"}
[DBG] {"bytes": null, "category": "TRAIN", "component": "train", "event": "BEGIN:broadcast_preference_length", "host": "d6b2a058c4be", "pid": 194534, "rank": 1, "transport": "gloo_cpu", "ts": "2026-10-04 16:16:07"}
[DBG] {"category": "TRAIN", "component": "train", "event": "watchdog_armed", "host": "d6b2a058c4be", "pid": 194534, "rank": 1, "stage": "broadcast_preference_length", "timeout_sec": 30.0, "ts": "2026-10-04 16:16:07"}
[DBG] {"category": "TRAIN", "component": "train", "elapsed_sec": 0.011634, "event": "END:broadcast_preference_length", "host": "d6b2a058c4be", "pid": 194534, "rank": 1, "ts": "2026-10-04 16:16:07"}
[DBG] {"category": "TRAIN", "component": "train", "event": "watchdog_armed", "host": "d6b2a058c4be", "pid": 194534, "rank": 1, "stage": "broadcast_preference_payload", "timeout_sec": 30.0, "ts": "2026-10-04 16:16:07"}
[DBG] {"category": "TRAIN", "component": "train", "elapsed_sec": 0.01295, "event": "END:broadcast_preference_payload", "host": "d6b2a058c4be", "pid": 194534, "rank": 1, "ts": "2026-10-04 16:16:07"}
[DBG] {"category": "TRAIN", "component": "train", "event": "BEGIN:broadcast_stop_flag", "host": "d6b2a058c4be", "pid": 194534, "rank": 1, "transport": "gloo_cpu", "ts": "2026-10-04 16:16:07", "value": null}
[DBG] {"category": "TRAIN", "component": "train", "event": "watchdog_armed", "host": "d6b2a058c4be", "pid": 194534, "rank": 1, "stage": "broadcast_stop_flag", "timeout_sec": 30.0, "ts": "2026-10-04 16:16:07"}
[DBG] {"category": "TRAIN", "component": "train", "elapsed_sec": 0.00682, "event": "END:broadcast_stop_flag", "host": "d6b2a058c4be", "pid": 194534, "rank": 1, "ts": "2026-10-04 16:16:07"}
[DBG] {"category": "TRAIN", "component": "train", "event": "BEGIN:broadcast_preference_payload", "has_payload": null, "host": "d6b2a058c4be", "pid": 194534, "rank": 1, "transport": "json_uint8_gloo", "ts": "2026-10-04 16:16:07"}
[DBG] {"category": "TRAIN", "component": "train", "event": "watchdog_armed", "host": "d6b2a058c4be", "pid": 194534, "rank": 1, "stage": "broadcast_preference_payload", "timeout_sec": 30.0, "ts": "2026-10-04 16:16:07"}
[DBG] {"bytes": null, "category": "TRAIN", "component": "train", "event": "BEGIN:broadcast_preference_length", "host": "d6b2a058c4be", "pid": 194534, "rank": 1, "transport": "gloo_cpu", "ts": "2026-10-04 16:16:07"}
[DBG] {"category": "TRAIN", "component": "train", "event": "watchdog_armed", "host": "d6b2a058c4be", "pid": 194534, "rank": 1, "stage": "broadcast_preference_length", "timeout_sec": 30.0, "ts": "2026-10-04 16:16:07"}
[DBG] {"category": "TRAIN", "component": "train", "elapsed_sec": 0.01272, "event": "END:broadcast_preference_length", "host": "d6b2a058c4be", "pid": 194534, "rank": 1, "ts": "2026-10-04 16:16:07"}
[DBG] {"category": "TRAIN", "component": "train", "event": "watchdog_armed", "host": "d6b2a058c4be", "pid": 194534, "rank": 1, "stage": "broadcast_preference_payload", "timeout_sec": 30.0, "ts": "2026-10-04 16:16:07"}
[DBG] {"category": "TRAIN", "component": "train", "elapsed_sec": 0.014099, "event": "END:broadcast_preference_payload", "host": "d6b2a058c4be", "pid": 194534, "rank": 1, "ts": "2026-10-04 16:16:07"}
[DBG] {"category": "TRAIN", "component": "train", "event": "BEGIN:broadcast_stop_flag", "host": "d6b2a058c4be", "pid": 194534, "rank": 1, "transport": "gloo_cpu", "ts": "2026-10-04 16:16:08", "value": null}
[DBG] {"category": "TRAIN", "component": "train", "event": "watchdog_armed", "host": "d6b2a058c4be", "pid": 194534, "rank": 1, "stage": "broadcast_stop_flag", "timeout_sec": 30.0, "ts": "2026-10-04 16:16:08"}
[DBG] {"category": "TRAIN", "component": "train", "elapsed_sec": 0.005503, "event": "END:broadcast_stop_flag", "host": "d6b2a058c4be", "pid": 194534, "rank": 1, "ts": "2026-10-04 16:16:08"}
[DBG] {"category": "TRAIN", "component": "train", "event": "BEGIN:broadcast_preference_payload", "has_payload": null, "host": "d6b2a058c4be", "pid": 194534, "rank": 1, "transport": "json_uint8_gloo", "ts": "2026-10-04 16:16:08"}
[DBG] {"category": "TRAIN", "component": "train", "event": "watchdog_armed", "host": "d6b2a058c4be", "pid": 194534, "rank": 1, "stage": "broadcast_preference_payload", "timeout_sec": 30.0, "ts": "2026-10-04 16:16:08"}
[DBG] {"bytes": null, "category": "TRAIN", "component": "train", "event": "BEGIN:broadcast_preference_length", "host": "d6b2a058c4be", "pid": 194534, "rank": 1, "transport": "gloo_cpu", "ts": "2026-10-04 16:16:08"}
[DBG] {"category": "TRAIN", "component": "train", "event": "watchdog_armed", "host": "d6b2a058c4be", "pid": 194534, "rank": 1, "stage": "broadcast_preference_length", "timeout_sec": 30.0, "ts": "2026-10-04 16:16:08"}
[DBG] {"category": "TRAIN", "component": "train", "elapsed_sec": 0.012256, "event": "END:broadcast_preference_length", "host": "d6b2a058c4be", "pid": 194534, "rank": 1, "ts": "2026-10-04 16:16:08"}
[DBG] {"category": "TRAIN", "component": "train", "event": "watchdog_armed", "host": "d6b2a058c4be", "pid": 194534, "rank": 1, "stage": "broadcast_preference_payload", "timeout_sec": 30.0, "ts": "2026-10-04 16:16:08"}
[DBG] {"category": "TRAIN", "component": "train", "elapsed_sec": 0.012803, "event": "END:broadcast_preference_payload", "host": "d6b2a058c4be", "pid": 194534, "rank": 1, "ts": "2026-10-04 16:16:08"}
[DBG] {"category": "TRAIN", "component": "train", "event": "BEGIN:broadcast_stop_flag", "host": "d6b2a058c4be", "pid": 194534, "rank": 1, "transport": "gloo_cpu", "ts": "2026-10-04 16:16:08", "value": null}
[DBG] {"category": "TRAIN", "component": "train", "event": "watchdog_armed", "host": "d6b2a058c4be", "pid": 194534, "rank": 1, "stage": "broadcast_stop_flag", "timeout_sec": 30.0, "ts": "2026-10-04 16:16:08"}
[DBG] {"category": "TRAIN", "component": "train", "elapsed_sec": 0.006408, "event": "END:broadcast_stop_flag", "host": "d6b2a058c4be", "pid": 194534, "rank": 1, "ts": "2026-10-04 16:16:08"}
[DBG] {"category": "TRAIN", "component": "train", "event": "BEGIN:broadcast_preference_payload", "has_payload": null, "host": "d6b2a058c4be", "pid": 194534, "rank": 1, "transport": "json_uint8_gloo", "ts": "2026-10-04 16:16:08"}
[DBG] {"category": "TRAIN", "component": "train", "event": "watchdog_armed", "host": "d6b2a058c4be", "pid": 194534, "rank": 1, "stage": "broadcast_preference_payload", "timeout_sec": 30.0, "ts": "2026-10-04 16:16:08"}
[DBG] {"bytes": null, "category": "TRAIN", "component": "train", "event": "BEGIN:broadcast_preference_length", "host": "d6b2a058c4be", "pid": 194534, "rank": 1, "transport": "gloo_cpu", "ts": "2026-10-04 16:16:08"}
[DBG] {"category": "TRAIN", "component": "train", "event": "watchdog_armed", "host": "d6b2a058c4be", "pid": 194534, "rank": 1, "stage": "broadcast_preference_length", "timeout_sec": 30.0, "ts": "2026-10-04 16:16:08"}
[DBG] {"category": "TRAIN", "component": "train", "elapsed_sec": 0.012571, "event": "END:broadcast_preference_length", "host": "d6b2a058c4be", "pid": 194534, "rank": 1, "ts": "2026-10-04 16:16:09"}
[DBG] {"category": "TRAIN", "component": "train", "event": "watchdog_armed", "host": "d6b2a058c4be", "pid": 194534, "rank": 1, "stage": "broadcast_preference_payload", "timeout_sec": 30.0, "ts": "2026-10-04 16:16:09"}
[DBG] {"category": "TRAIN", "component": "train", "elapsed_sec": 0.013852, "event": "END:broadcast_preference_payload", "host": "d6b2a058c4be", "pid": 194534, "rank": 1, "ts": "2026-10-04 16:16:09"}
[DBG] {"category": "TRAIN", "component": "train", "event": "BEGIN:broadcast_stop_flag", "host": "d6b2a058c4be", "pid": 194534, "rank": 1, "transport": "gloo_cpu", "ts": "2026-10-04 16:16:09", "value": null}
[DBG] {"category": "TRAIN", "component": "train", "event": "watchdog_armed", "host": "d6b2a058c4be", "pid": 194534, "rank": 1, "stage": "broadcast_stop_flag", "timeout_sec": 30.0, "ts": "2026-10-04 16:16:09"}
[DBG] {"category": "TRAIN", "component": "train", "elapsed_sec": 0.006946, "event": "END:broadcast_stop_flag", "host": "d6b2a058c4be", "pid": 194534, "rank": 1, "ts": "2026-10-04 16:16:09"}
[DBG] {"category": "TRAIN", "component": "train", "event": "BEGIN:broadcast_preference_payload", "has_payload": null, "host": "d6b2a058c4be", "pid": 194534, "rank": 1, "transport": "json_uint8_gloo", "ts": "2026-10-04 16:16:09"}
[DBG] {"category": "TRAIN", "component": "train", "event": "watchdog_armed", "host": "d6b2a058c4be", "pid": 194534, "rank": 1, "stage": "broadcast_preference_payload", "timeout_sec": 30.0, "ts": "2026-10-04 16:16:09"}
[DBG] {"bytes": null, "category": "TRAIN", "component": "train", "event": "BEGIN:broadcast_preference_length", "host": "d6b2a058c4be", "pid": 194534, "rank": 1, "transport": "gloo_cpu", "ts": "2026-10-04 16:16:09"}
[DBG] {"category": "TRAIN", "component": "train", "event": "watchdog_armed", "host": "d6b2a058c4be", "pid": 194534, "rank": 1, "stage": "broadcast_preference_length", "timeout_sec": 30.0, "ts": "2026-10-04 16:16:09"}
[DBG] {"category": "TRAIN", "component": "train", "elapsed_sec": 0.012674, "event": "END:broadcast_preference_length", "host": "d6b2a058c4be", "pid": 194534, "rank": 1, "ts": "2026-10-04 16:16:09"}
[DBG] {"category": "TRAIN", "component": "train", "event": "watchdog_armed", "host": "d6b2a058c4be", "pid": 194534, "rank": 1, "stage": "broadcast_preference_payload", "timeout_sec": 30.0, "ts": "2026-10-04 16:16:09"}
[DBG] {"category": "TRAIN", "component": "train", "elapsed_sec": 0.013937, "event": "END:broadcast_preference_payload", "host": "d6b2a058c4be", "pid": 194534, "rank": 1, "ts": "2026-10-04 16:16:09"}
[DBG] {"category": "TRAIN", "component": "train", "event": "BEGIN:broadcast_stop_flag", "host": "d6b2a058c4be", "pid": 194534, "rank": 1, "transport": "gloo_cpu", "ts": "2026-10-04 16:16:10", "value": null}
[DBG] {"category": "TRAIN", "component": "train", "event": "watchdog_armed", "host": "d6b2a058c4be", "pid": 194534, "rank": 1, "stage": "broadcast_stop_flag", "timeout_sec": 30.0, "ts": "2026-10-04 16:16:10"}
[DBG] {"category": "TRAIN", "component": "train", "elapsed_sec": 0.005863, "event": "END:broadcast_stop_flag", "host": "d6b2a058c4be", "pid": 194534, "rank": 1, "ts": "2026-10-04 16:16:10"}
[DBG] {"category": "TRAIN", "component": "train", "event": "BEGIN:broadcast_preference_payload", "has_payload": null, "host": "d6b2a058c4be", "pid": 194534, "rank": 1, "transport": "json_uint8_gloo", "ts": "2026-10-04 16:16:10"}
[DBG] {"category": "TRAIN", "component": "train", "event": "watchdog_armed", "host": "d6b2a058c4be", "pid": 194534, "rank": 1, "stage": "broadcast_preference_payload", "timeout_sec": 30.0, "ts": "2026-10-04 16:16:10"}
[DBG] {"bytes": null, "category": "TRAIN", "component": "train", "event": "BEGIN:broadcast_preference_length", "host": "d6b2a058c4be", "pid": 194534, "rank": 1, "transport": "gloo_cpu", "ts": "2026-10-04 16:16:10"}
[DBG] {"category": "TRAIN", "component": "train", "event": "watchdog_armed", "host": "d6b2a058c4be", "pid": 194534, "rank": 1, "stage": "broadcast_preference_length", "timeout_sec": 30.0, "ts": "2026-10-04 16:16:10"}
[DBG] {"category": "TRAIN", "component": "train", "elapsed_sec": 0.012343, "event": "END:broadcast_preference_length", "host": "d6b2a058c4be", "pid": 194534, "rank": 1, "ts": "2026-10-04 16:16:10"}
[DBG] {"category": "TRAIN", "component": "train", "event": "watchdog_armed", "host": "d6b2a058c4be", "pid": 194534, "rank": 1, "stage": "broadcast_preference_payload", "timeout_sec": 30.0, "ts": "2026-10-04 16:16:10"}
[DBG] {"category": "TRAIN", "component": "train", "elapsed_sec": 0.013518, "event": "END:broadcast_preference_payload", "host": "d6b2a058c4be", "pid": 194534, "rank": 1, "ts": "2026-10-04 16:16:10"}
[DBG] {"category": "TRAIN", "component": "train", "event": "BEGIN:broadcast_stop_flag", "host": "d6b2a058c4be", "pid": 194534, "rank": 1, "transport": "gloo_cpu", "ts": "2026-10-04 16:16:10", "value": null}
[DBG] {"category": "TRAIN", "component": "train", "event": "watchdog_armed", "host": "d6b2a058c4be", "pid": 194534, "rank": 1, "stage": "broadcast_stop_flag", "timeout_sec": 30.0, "ts": "2026-10-04 16:16:10"}
[DBG] {"category": "TRAIN", "component": "train", "elapsed_sec": 0.005421, "event": "END:broadcast_stop_flag", "host": "d6b2a058c4be", "pid": 194534, "rank": 1, "ts": "2026-10-04 16:16:10"}
[DBG] {"category": "TRAIN", "component": "train", "event": "BEGIN:broadcast_preference_payload", "has_payload": null, "host": "d6b2a058c4be", "pid": 194534, "rank": 1, "transport": "json_uint8_gloo", "ts": "2026-10-04 16:16:10"}
[DBG] {"category": "TRAIN", "component": "train", "event": "watchdog_armed", "host": "d6b2a058c4be", "pid": 194534, "rank": 1, "stage": "broadcast_preference_payload", "timeout_sec": 30.0, "ts": "2026-10-04 16:16:10"}
[DBG] {"bytes": null, "category": "TRAIN", "component": "train", "event": "BEGIN:broadcast_preference_length", "host": "d6b2a058c4be", "pid": 194534, "rank": 1, "transport": "gloo_cpu", "ts": "2026-10-04 16:16:10"}
[DBG] {"category": "TRAIN", "component": "train", "event": "watchdog_armed", "host": "d6b2a058c4be", "pid": 194534, "rank": 1, "stage": "broadcast_preference_length", "timeout_sec": 30.0, "ts": "2026-10-04 16:16:10"}
[DBG] {"category": "TRAIN", "component": "train", "elapsed_sec": 0.011383, "event": "END:broadcast_preference_length", "host": "d6b2a058c4be", "pid": 194534, "rank": 1, "ts": "2026-10-04 16:16:10"}
[DBG] {"category": "TRAIN", "component": "train", "event": "watchdog_armed", "host": "d6b2a058c4be", "pid": 194534, "rank": 1, "stage": "broadcast_preference_payload", "timeout_sec": 30.0, "ts": "2026-10-04 16:16:10"}
[DBG] {"category": "TRAIN", "component": "train", "elapsed_sec": 0.012585, "event": "END:broadcast_preference_payload", "host": "d6b2a058c4be", "pid": 194534, "rank": 1, "ts": "2026-10-04 16:16:10"}
[DBG] {"category": "TRAIN", "component": "train", "event": "BEGIN:broadcast_stop_flag", "host": "d6b2a058c4be", "pid": 194534, "rank": 1, "transport": "gloo_cpu", "ts": "2026-10-04 16:16:11", "value": null}
[DBG] {"category": "TRAIN", "component": "train", "event": "watchdog_armed", "host": "d6b2a058c4be", "pid": 194534, "rank": 1, "stage": "broadcast_stop_flag", "timeout_sec": 30.0, "ts": "2026-10-04 16:16:11"}
[DBG] {"category": "TRAIN", "component": "train", "elapsed_sec": 0.005695, "event": "END:broadcast_stop_flag", "host": "d6b2a058c4be", "pid": 194534, "rank": 1, "ts": "2026-10-04 16:16:11"}
[DBG] {"category": "TRAIN", "component": "train", "event": "BEGIN:broadcast_preference_payload", "has_payload": null, "host": "d6b2a058c4be", "pid": 194534, "rank": 1, "transport": "json_uint8_gloo", "ts": "2026-10-04 16:16:11"}
[DBG] {"category": "TRAIN", "component": "train", "event": "watchdog_armed", "host": "d6b2a058c4be", "pid": 194534, "rank": 1, "stage": "broadcast_preference_payload", "timeout_sec": 30.0, "ts": "2026-10-04 16:16:11"}
[DBG] {"bytes": null, "category": "TRAIN", "component": "train", "event": "BEGIN:broadcast_preference_length", "host": "d6b2a058c4be", "pid": 194534, "rank": 1, "transport": "gloo_cpu", "ts": "2026-10-04 16:16:11"}
[DBG] {"category": "TRAIN", "component": "train", "event": "watchdog_armed", "host": "d6b2a058c4be", "pid": 194534, "rank": 1, "stage": "broadcast_preference_length", "timeout_sec": 30.0, "ts": "2026-10-04 16:16:11"}
[DBG] {"category": "TRAIN", "component": "train", "elapsed_sec": 0.011362, "event": "END:broadcast_preference_length", "host": "d6b2a058c4be", "pid": 194534, "rank": 1, "ts": "2026-10-04 16:16:11"}
[DBG] {"category": "TRAIN", "component": "train", "event": "watchdog_armed", "host": "d6b2a058c4be", "pid": 194534, "rank": 1, "stage": "broadcast_preference_payload", "timeout_sec": 30.0, "ts": "2026-10-04 16:16:11"}
[DBG] {"category": "TRAIN", "component": "train", "elapsed_sec": 0.012277, "event": "END:broadcast_preference_payload", "host": "d6b2a058c4be", "pid": 194534, "rank": 1, "ts": "2026-10-04 16:16:11"}
[DBG] {"category": "TRAIN", "component": "train", "event": "BEGIN:broadcast_stop_flag", "host": "d6b2a058c4be", "pid": 194534, "rank": 1, "transport": "gloo_cpu", "ts": "2026-10-04 16:16:11", "value": null}
[DBG] {"category": "TRAIN", "component": "train", "event": "watchdog_armed", "host": "d6b2a058c4be", "pid": 194534, "rank": 1, "stage": "broadcast_stop_flag", "timeout_sec": 30.0, "ts": "2026-10-04 16:16:11"}
[DBG] {"category": "TRAIN", "component": "train", "elapsed_sec": 0.005946, "event": "END:broadcast_stop_flag", "host": "d6b2a058c4be", "pid": 194534, "rank": 1, "ts": "2026-10-04 16:16:11"}
[DBG] {"category": "TRAIN", "component": "train", "event": "BEGIN:broadcast_preference_payload", "has_payload": null, "host": "d6b2a058c4be", "pid": 194534, "rank": 1, "transport": "json_uint8_gloo", "ts": "2026-10-04 16:16:11"}
[DBG] {"category": "TRAIN", "component": "train", "event": "watchdog_armed", "host": "d6b2a058c4be", "pid": 194534, "rank": 1, "stage": "broadcast_preference_payload", "timeout_sec": 30.0, "ts": "2026-10-04 16:16:11"}
[DBG] {"bytes": null, "category": "TRAIN", "component": "train", "event": "BEGIN:broadcast_preference_length", "host": "d6b2a058c4be", "pid": 194534, "rank": 1, "transport": "gloo_cpu", "ts": "2026-10-04 16:16:11"}
[DBG] {"category": "TRAIN", "component": "train", "event": "watchdog_armed", "host": "d6b2a058c4be", "pid": 194534, "rank": 1, "stage": "broadcast_preference_length", "timeout_sec": 30.0, "ts": "2026-10-04 16:16:11"}
[DBG] {"category": "TRAIN", "component": "train", "elapsed_sec": 0.012146, "event": "END:broadcast_preference_length", "host": "d6b2a058c4be", "pid": 194534, "rank": 1, "ts": "2026-10-04 16:16:11"}
[DBG] {"category": "TRAIN", "component": "train", "event": "watchdog_armed", "host": "d6b2a058c4be", "pid": 194534, "rank": 1, "stage": "broadcast_preference_payload", "timeout_sec": 30.0, "ts": "2026-10-04 16:16:11"}
[DBG] {"category": "TRAIN", "component": "train", "elapsed_sec": 0.013326, "event": "END:broadcast_preference_payload", "host": "d6b2a058c4be", "pid": 194534, "rank": 1, "ts": "2026-10-04 16:16:11"}
[DBG] {"category": "TRAIN", "component": "train", "event": "BEGIN:broadcast_stop_flag", "host": "d6b2a058c4be", "pid": 194534, "rank": 1, "transport": "gloo_cpu", "ts": "2026-10-04 16:16:12", "value": null}
[DBG] {"category": "TRAIN", "component": "train", "event": "watchdog_armed", "host": "d6b2a058c4be", "pid": 194534, "rank": 1, "stage": "broadcast_stop_flag", "timeout_sec": 30.0, "ts": "2026-10-04 16:16:12"}
[DBG] {"category": "TRAIN", "component": "train", "elapsed_sec": 0.006241, "event": "END:broadcast_stop_flag", "host": "d6b2a058c4be", "pid": 194534, "rank": 1, "ts": "2026-10-04 16:16:12"}
[DBG] {"category": "TRAIN", "component": "train", "event": "BEGIN:broadcast_preference_payload", "has_payload": null, "host": "d6b2a058c4be", "pid": 194534, "rank": 1, "transport": "json_uint8_gloo", "ts": "2026-10-04 16:16:12"}
[DBG] {"category": "TRAIN", "component": "train", "event": "watchdog_armed", "host": "d6b2a058c4be", "pid": 194534, "rank": 1, "stage": "broadcast_preference_payload", "timeout_sec": 30.0, "ts": "2026-10-04 16:16:12"}
[DBG] {"bytes": null, "category": "TRAIN", "component": "train", "event": "BEGIN:broadcast_preference_length", "host": "d6b2a058c4be", "pid": 194534, "rank": 1, "transport": "gloo_cpu", "ts": "2026-10-04 16:16:12"}
[DBG] {"category": "TRAIN", "component": "train", "event": "watchdog_armed", "host": "d6b2a058c4be", "pid": 194534, "rank": 1, "stage": "broadcast_preference_length", "timeout_sec": 30.0, "ts": "2026-10-04 16:16:12"}
[DBG] {"category": "TRAIN", "component": "train", "elapsed_sec": 0.012443, "event": "END:broadcast_preference_length", "host": "d6b2a058c4be", "pid": 194534, "rank": 1, "ts": "2026-10-04 16:16:12"}
[DBG] {"category": "TRAIN", "component": "train", "event": "watchdog_armed", "host": "d6b2a058c4be", "pid": 194534, "rank": 1, "stage": "broadcast_preference_payload", "timeout_sec": 30.0, "ts": "2026-10-04 16:16:12"}
[DBG] {"category": "TRAIN", "component": "train", "elapsed_sec": 0.013721, "event": "END:broadcast_preference_payload", "host": "d6b2a058c4be", "pid": 194534, "rank": 1, "ts": "2026-10-04 16:16:12"}
[DBG] {"category": "TRAIN", "component": "train", "event": "BEGIN:broadcast_stop_flag", "host": "d6b2a058c4be", "pid": 194534, "rank": 1, "transport": "gloo_cpu", "ts": "2026-10-04 16:16:12", "value": null}
[DBG] {"category": "TRAIN", "component": "train", "event": "watchdog_armed", "host": "d6b2a058c4be", "pid": 194534, "rank": 1, "stage": "broadcast_stop_flag", "timeout_sec": 30.0, "ts": "2026-10-04 16:16:12"}
[DBG] {"category": "TRAIN", "component": "train", "elapsed_sec": 0.006029, "event": "END:broadcast_stop_flag", "host": "d6b2a058c4be", "pid": 194534, "rank": 1, "ts": "2026-10-04 16:16:12"}
[DBG] {"category": "TRAIN", "component": "train", "event": "BEGIN:broadcast_preference_payload", "has_payload": null, "host": "d6b2a058c4be", "pid": 194534, "rank": 1, "transport": "json_uint8_gloo", "ts": "2026-10-04 16:16:12"}
[DBG] {"category": "TRAIN", "component": "train", "event": "watchdog_armed", "host": "d6b2a058c4be", "pid": 194534, "rank": 1, "stage": "broadcast_preference_payload", "timeout_sec": 30.0, "ts": "2026-10-04 16:16:12"}
[DBG] {"bytes": null, "category": "TRAIN", "component": "train", "event": "BEGIN:broadcast_preference_length", "host": "d6b2a058c4be", "pid": 194534, "rank": 1, "transport": "gloo_cpu", "ts": "2026-10-04 16:16:12"}
[DBG] {"category": "TRAIN", "component": "train", "event": "watchdog_armed", "host": "d6b2a058c4be", "pid": 194534, "rank": 1, "stage": "broadcast_preference_length", "timeout_sec": 30.0, "ts": "2026-10-04 16:16:12"}
[DBG] {"category": "TRAIN", "component": "train", "elapsed_sec": 0.012478, "event": "END:broadcast_preference_length", "host": "d6b2a058c4be", "pid": 194534, "rank": 1, "ts": "2026-10-04 16:16:12"}
[DBG] {"category": "TRAIN", "component": "train", "event": "watchdog_armed", "host": "d6b2a058c4be", "pid": 194534, "rank": 1, "stage": "broadcast_preference_payload", "timeout_sec": 30.0, "ts": "2026-10-04 16:16:12"}
[DBG] {"category": "TRAIN", "component": "train", "elapsed_sec": 0.013428, "event": "END:broadcast_preference_payload", "host": "d6b2a058c4be", "pid": 194534, "rank": 1, "ts": "2026-10-04 16:16:12"}
[DBG] {"category": "TRAIN", "component": "train", "event": "BEGIN:broadcast_stop_flag", "host": "d6b2a058c4be", "pid": 194534, "rank": 1, "transport": "gloo_cpu", "ts": "2026-10-04 16:16:13", "value": null}
[DBG] {"category": "TRAIN", "component": "train", "event": "watchdog_armed", "host": "d6b2a058c4be", "pid": 194534, "rank": 1, "stage": "broadcast_stop_flag", "timeout_sec": 30.0, "ts": "2026-10-04 16:16:13"}
[DBG] {"category": "TRAIN", "component": "train", "elapsed_sec": 0.006263, "event": "END:broadcast_stop_flag", "host": "d6b2a058c4be", "pid": 194534, "rank": 1, "ts": "2026-10-04 16:16:13"}
[DBG] {"category": "TRAIN", "component": "train", "event": "BEGIN:broadcast_preference_payload", "has_payload": null, "host": "d6b2a058c4be", "pid": 194534, "rank": 1, "transport": "json_uint8_gloo", "ts": "2026-10-04 16:16:13"}
[DBG] {"category": "TRAIN", "component": "train", "event": "watchdog_armed", "host": "d6b2a058c4be", "pid": 194534, "rank": 1, "stage": "broadcast_preference_payload", "timeout_sec": 30.0, "ts": "2026-10-04 16:16:13"}
[DBG] {"bytes": null, "category": "TRAIN", "component": "train", "event": "BEGIN:broadcast_preference_length", "host": "d6b2a058c4be", "pid": 194534, "rank": 1, "transport": "gloo_cpu", "ts": "2026-10-04 16:16:13"}
[DBG] {"category": "TRAIN", "component": "train", "event": "watchdog_armed", "host": "d6b2a058c4be", "pid": 194534, "rank": 1, "stage": "broadcast_preference_length", "timeout_sec": 30.0, "ts": "2026-10-04 16:16:13"}
[DBG] {"category": "TRAIN", "component": "train", "elapsed_sec": 0.012218, "event": "END:broadcast_preference_length", "host": "d6b2a058c4be", "pid": 194534, "rank": 1, "ts": "2026-10-04 16:16:13"}
[DBG] {"category": "TRAIN", "component": "train", "event": "watchdog_armed", "host": "d6b2a058c4be", "pid": 194534, "rank": 1, "stage": "broadcast_preference_payload", "timeout_sec": 30.0, "ts": "2026-10-04 16:16:13"}
[DBG] {"category": "TRAIN", "component": "train", "elapsed_sec": 0.0134, "event": "END:broadcast_preference_payload", "host": "d6b2a058c4be", "pid": 194534, "rank": 1, "ts": "2026-10-04 16:16:13"}
[DBG] {"category": "TRAIN", "component": "train", "event": "BEGIN:broadcast_stop_flag", "host": "d6b2a058c4be", "pid": 194534, "rank": 1, "transport": "gloo_cpu", "ts": "2026-10-04 16:16:13", "value": null}
[DBG] {"category": "TRAIN", "component": "train", "event": "watchdog_armed", "host": "d6b2a058c4be", "pid": 194534, "rank": 1, "stage": "broadcast_stop_flag", "timeout_sec": 30.0, "ts": "2026-10-04 16:16:13"}
[DBG] {"category": "TRAIN", "component": "train", "elapsed_sec": 0.006004, "event": "END:broadcast_stop_flag", "host": "d6b2a058c4be", "pid": 194534, "rank": 1, "ts": "2026-10-04 16:16:13"}
[DBG] {"category": "TRAIN", "component": "train", "event": "BEGIN:broadcast_preference_payload", "has_payload": null, "host": "d6b2a058c4be", "pid": 194534, "rank": 1, "transport": "json_uint8_gloo", "ts": "2026-10-04 16:16:13"}
[DBG] {"category": "TRAIN", "component": "train", "event": "watchdog_armed", "host": "d6b2a058c4be", "pid": 194534, "rank": 1, "stage": "broadcast_preference_payload", "timeout_sec": 30.0, "ts": "2026-10-04 16:16:13"}
[DBG] {"bytes": null, "category": "TRAIN", "component": "train", "event": "BEGIN:broadcast_preference_length", "host": "d6b2a058c4be", "pid": 194534, "rank": 1, "transport": "gloo_cpu", "ts": "2026-10-04 16:16:13"}
[DBG] {"category": "TRAIN", "component": "train", "event": "watchdog_armed", "host": "d6b2a058c4be", "pid": 194534, "rank": 1, "stage": "broadcast_preference_length", "timeout_sec": 30.0, "ts": "2026-10-04 16:16:13"}
[DBG] {"category": "TRAIN", "component": "train", "elapsed_sec": 0.011631, "event": "END:broadcast_preference_length", "host": "d6b2a058c4be", "pid": 194534, "rank": 1, "ts": "2026-10-04 16:16:13"}
[DBG] {"category": "TRAIN", "component": "train", "event": "watchdog_armed", "host": "d6b2a058c4be", "pid": 194534, "rank": 1, "stage": "broadcast_preference_payload", "timeout_sec": 30.0, "ts": "2026-10-04 16:16:13"}
[DBG] {"category": "TRAIN", "component": "train", "elapsed_sec": 0.013004, "event": "END:broadcast_preference_payload", "host": "d6b2a058c4be", "pid": 194534, "rank": 1, "ts": "2026-10-04 16:16:13"}
[DBG] {"category": "TRAIN", "component": "train", "event": "BEGIN:broadcast_stop_flag", "host": "d6b2a058c4be", "pid": 194534, "rank": 1, "transport": "gloo_cpu", "ts": "2026-10-04 16:16:14", "value": null}
[DBG] {"category": "TRAIN", "component": "train", "event": "watchdog_armed", "host": "d6b2a058c4be", "pid": 194534, "rank": 1, "stage": "broadcast_stop_flag", "timeout_sec": 30.0, "ts": "2026-10-04 16:16:14"}
[DBG] {"category": "TRAIN", "component": "train", "elapsed_sec": 0.006031, "event": "END:broadcast_stop_flag", "host": "d6b2a058c4be", "pid": 194534, "rank": 1, "ts": "2026-10-04 16:16:14"}
[DBG] {"category": "TRAIN", "component": "train", "event": "BEGIN:broadcast_preference_payload", "has_payload": null, "host": "d6b2a058c4be", "pid": 194534, "rank": 1, "transport": "json_uint8_gloo", "ts": "2026-10-04 16:16:14"}
[DBG] {"category": "TRAIN", "component": "train", "event": "watchdog_armed", "host": "d6b2a058c4be", "pid": 194534, "rank": 1, "stage": "broadcast_preference_payload", "timeout_sec": 30.0, "ts": "2026-10-04 16:16:14"}
[DBG] {"bytes": null, "category": "TRAIN", "component": "train", "event": "BEGIN:broadcast_preference_length", "host": "d6b2a058c4be", "pid": 194534, "rank": 1, "transport": "gloo_cpu", "ts": "2026-10-04 16:16:14"}
[DBG] {"category": "TRAIN", "component": "train", "event": "watchdog_armed", "host": "d6b2a058c4be", "pid": 194534, "rank": 1, "stage": "broadcast_preference_length", "timeout_sec": 30.0, "ts": "2026-10-04 16:16:14"}
[DBG] {"category": "TRAIN", "component": "train", "elapsed_sec": 0.01282, "event": "END:broadcast_preference_length", "host": "d6b2a058c4be", "pid": 194534, "rank": 1, "ts": "2026-10-04 16:16:14"}
[DBG] {"category": "TRAIN", "component": "train", "event": "watchdog_armed", "host": "d6b2a058c4be", "pid": 194534, "rank": 1, "stage": "broadcast_preference_payload", "timeout_sec": 30.0, "ts": "2026-10-04 16:16:14"}
[DBG] {"category": "TRAIN", "component": "train", "elapsed_sec": 0.014023, "event": "END:broadcast_preference_payload", "host": "d6b2a058c4be", "pid": 194534, "rank": 1, "ts": "2026-10-04 16:16:14"}
[DBG] {"category": "TRAIN", "component": "train", "event": "BEGIN:broadcast_stop_flag", "host": "d6b2a058c4be", "pid": 194534, "rank": 1, "transport": "gloo_cpu", "ts": "2026-10-04 16:16:14", "value": null}
[DBG] {"category": "TRAIN", "component": "train", "event": "watchdog_armed", "host": "d6b2a058c4be", "pid": 194534, "rank": 1, "stage": "broadcast_stop_flag", "timeout_sec": 30.0, "ts": "2026-10-04 16:16:14"}
[DBG] {"category": "TRAIN", "component": "train", "elapsed_sec": 0.005989, "event": "END:broadcast_stop_flag", "host": "d6b2a058c4be", "pid": 194534, "rank": 1, "ts": "2026-10-04 16:16:14"}
[DBG] {"category": "TRAIN", "component": "train", "event": "BEGIN:broadcast_preference_payload", "has_payload": null, "host": "d6b2a058c4be", "pid": 194534, "rank": 1, "transport": "json_uint8_gloo", "ts": "2026-10-04 16:16:14"}
[DBG] {"category": "TRAIN", "component": "train", "event": "watchdog_armed", "host": "d6b2a058c4be", "pid": 194534, "rank": 1, "stage": "broadcast_preference_payload", "timeout_sec": 30.0, "ts": "2026-10-04 16:16:14"}
[DBG] {"bytes": null, "category": "TRAIN", "component": "train", "event": "BEGIN:broadcast_preference_length", "host": "d6b2a058c4be", "pid": 194534, "rank": 1, "transport": "gloo_cpu", "ts": "2026-10-04 16:16:14"}
[DBG] {"category": "TRAIN", "component": "train", "event": "watchdog_armed", "host": "d6b2a058c4be", "pid": 194534, "rank": 1, "stage": "broadcast_preference_length", "timeout_sec": 30.0, "ts": "2026-10-04 16:16:14"}
[DBG] {"category": "TRAIN", "component": "train", "elapsed_sec": 0.011956, "event": "END:broadcast_preference_length", "host": "d6b2a058c4be", "pid": 194534, "rank": 1, "ts": "2026-10-04 16:16:14"}
[DBG] {"category": "TRAIN", "component": "train", "event": "watchdog_armed", "host": "d6b2a058c4be", "pid": 194534, "rank": 1, "stage": "broadcast_preference_payload", "timeout_sec": 30.0, "ts": "2026-10-04 16:16:14"}
[DBG] {"category": "TRAIN", "component": "train", "elapsed_sec": 0.013114, "event": "END:broadcast_preference_payload", "host": "d6b2a058c4be", "pid": 194534, "rank": 1, "ts": "2026-10-04 16:16:14"}
[DBG] {"category": "TRAIN", "component": "train", "event": "BEGIN:broadcast_stop_flag", "host": "d6b2a058c4be", "pid": 194534, "rank": 1, "transport": "gloo_cpu", "ts": "2026-10-04 16:16:15", "value": null}
[DBG] {"category": "TRAIN", "component": "train", "event": "watchdog_armed", "host": "d6b2a058c4be", "pid": 194534, "rank": 1, "stage": "broadcast_stop_flag", "timeout_sec": 30.0, "ts": "2026-10-04 16:16:15"}
[DBG] {"category": "TRAIN", "component": "train", "elapsed_sec": 0.005851, "event": "END:broadcast_stop_flag", "host": "d6b2a058c4be", "pid": 194534, "rank": 1, "ts": "2026-10-04 16:16:15"}
[DBG] {"category": "TRAIN", "component": "train", "event": "BEGIN:broadcast_preference_payload", "has_payload": null, "host": "d6b2a058c4be", "pid": 194534, "rank": 1, "transport": "json_uint8_gloo", "ts": "2026-10-04 16:16:15"}
[DBG] {"category": "TRAIN", "component": "train", "event": "watchdog_armed", "host": "d6b2a058c4be", "pid": 194534, "rank": 1, "stage": "broadcast_preference_payload", "timeout_sec": 30.0, "ts": "2026-10-04 16:16:15"}
[DBG] {"bytes": null, "category": "TRAIN", "component": "train", "event": "BEGIN:broadcast_preference_length", "host": "d6b2a058c4be", "pid": 194534, "rank": 1, "transport": "gloo_cpu", "ts": "2026-10-04 16:16:15"}
[DBG] {"category": "TRAIN", "component": "train", "event": "watchdog_armed", "host": "d6b2a058c4be", "pid": 194534, "rank": 1, "stage": "broadcast_preference_length", "timeout_sec": 30.0, "ts": "2026-10-04 16:16:15"}
[DBG] {"category": "TRAIN", "component": "train", "elapsed_sec": 0.012207, "event": "END:broadcast_preference_length", "host": "d6b2a058c4be", "pid": 194534, "rank": 1, "ts": "2026-10-04 16:16:15"}
[DBG] {"category": "TRAIN", "component": "train", "event": "watchdog_armed", "host": "d6b2a058c4be", "pid": 194534, "rank": 1, "stage": "broadcast_preference_payload", "timeout_sec": 30.0, "ts": "2026-10-04 16:16:15"}
[DBG] {"category": "TRAIN", "component": "train", "elapsed_sec": 0.013404, "event": "END:broadcast_preference_payload", "host": "d6b2a058c4be", "pid": 194534, "rank": 1, "ts": "2026-10-04 16:16:15"}
[DBG] {"category": "TRAIN", "component": "train", "event": "BEGIN:broadcast_stop_flag", "host": "d6b2a058c4be", "pid": 194534, "rank": 1, "transport": "gloo_cpu", "ts": "2026-10-04 16:16:15", "value": null}
[DBG] {"category": "TRAIN", "component": "train", "event": "watchdog_armed", "host": "d6b2a058c4be", "pid": 194534, "rank": 1, "stage": "broadcast_stop_flag", "timeout_sec": 30.0, "ts": "2026-10-04 16:16:15"}
[DBG] {"category": "TRAIN", "component": "train", "elapsed_sec": 0.006013, "event": "END:broadcast_stop_flag", "host": "d6b2a058c4be", "pid": 194534, "rank": 1, "ts": "2026-10-04 16:16:15"}
[DBG] {"category": "TRAIN", "component": "train", "event": "BEGIN:broadcast_preference_payload", "has_payload": null, "host": "d6b2a058c4be", "pid": 194534, "rank": 1, "transport": "json_uint8_gloo", "ts": "2026-10-04 16:16:15"}
[DBG] {"category": "TRAIN", "component": "train", "event": "watchdog_armed", "host": "d6b2a058c4be", "pid": 194534, "rank": 1, "stage": "broadcast_preference_payload", "timeout_sec": 30.0, "ts": "2026-10-04 16:16:15"}
[DBG] {"bytes": null, "category": "TRAIN", "component": "train", "event": "BEGIN:broadcast_preference_length", "host": "d6b2a058c4be", "pid": 194534, "rank": 1, "transport": "gloo_cpu", "ts": "2026-10-04 16:16:15"}
[DBG] {"category": "TRAIN", "component": "train", "event": "watchdog_armed", "host": "d6b2a058c4be", "pid": 194534, "rank": 1, "stage": "broadcast_preference_length", "timeout_sec": 30.0, "ts": "2026-10-04 16:16:15"}
[DBG] {"category": "TRAIN", "component": "train", "elapsed_sec": 0.012391, "event": "END:broadcast_preference_length", "host": "d6b2a058c4be", "pid": 194534, "rank": 1, "ts": "2026-10-04 16:16:15"}
[DBG] {"category": "TRAIN", "component": "train", "event": "watchdog_armed", "host": "d6b2a058c4be", "pid": 194534, "rank": 1, "stage": "broadcast_preference_payload", "timeout_sec": 30.0, "ts": "2026-10-04 16:16:15"}
[DBG] {"category": "TRAIN", "component": "train", "elapsed_sec": 0.01355, "event": "END:broadcast_preference_payload", "host": "d6b2a058c4be", "pid": 194534, "rank": 1, "ts": "2026-10-04 16:16:15"}
[DBG] {"category": "TRAIN", "component": "train", "event": "BEGIN:broadcast_stop_flag", "host": "d6b2a058c4be", "pid": 194534, "rank": 1, "transport": "gloo_cpu", "ts": "2026-10-04 16:16:16", "value": null}
[DBG] {"category": "TRAIN", "component": "train", "event": "watchdog_armed", "host": "d6b2a058c4be", "pid": 194534, "rank": 1, "stage": "broadcast_stop_flag", "timeout_sec": 30.0, "ts": "2026-10-04 16:16:16"}
[DBG] {"category": "TRAIN", "component": "train", "elapsed_sec": 0.005507, "event": "END:broadcast_stop_flag", "host": "d6b2a058c4be", "pid": 194534, "rank": 1, "ts": "2026-10-04 16:16:16"}
[DBG] {"category": "TRAIN", "component": "train", "event": "BEGIN:broadcast_preference_payload", "has_payload": null, "host": "d6b2a058c4be", "pid": 194534, "rank": 1, "transport": "json_uint8_gloo", "ts": "2026-10-04 16:16:16"}
[DBG] {"category": "TRAIN", "component": "train", "event": "watchdog_armed", "host": "d6b2a058c4be", "pid": 194534, "rank": 1, "stage": "broadcast_preference_payload", "timeout_sec": 30.0, "ts": "2026-10-04 16:16:16"}
[DBG] {"bytes": null, "category": "TRAIN", "component": "train", "event": "BEGIN:broadcast_preference_length", "host": "d6b2a058c4be", "pid": 194534, "rank": 1, "transport": "gloo_cpu", "ts": "2026-10-04 16:16:16"}
[DBG] {"category": "TRAIN", "component": "train", "event": "watchdog_armed", "host": "d6b2a058c4be", "pid": 194534, "rank": 1, "stage": "broadcast_preference_length", "timeout_sec": 30.0, "ts": "2026-10-04 16:16:16"}
[DBG] {"category": "TRAIN", "component": "train", "elapsed_sec": 0.011592, "event": "END:broadcast_preference_length", "host": "d6b2a058c4be", "pid": 194534, "rank": 1, "ts": "2026-10-04 16:16:16"}
[DBG] {"category": "TRAIN", "component": "train", "event": "watchdog_armed", "host": "d6b2a058c4be", "pid": 194534, "rank": 1, "stage": "broadcast_preference_payload", "timeout_sec": 30.0, "ts": "2026-10-04 16:16:16"}
[DBG] {"category": "TRAIN", "component": "train", "elapsed_sec": 0.012835, "event": "END:broadcast_preference_payload", "host": "d6b2a058c4be", "pid": 194534, "rank": 1, "ts": "2026-10-04 16:16:16"}
[DBG] {"category": "TRAIN", "component": "train", "event": "BEGIN:broadcast_stop_flag", "host": "d6b2a058c4be", "pid": 194534, "rank": 1, "transport": "gloo_cpu", "ts": "2026-10-04 16:16:16", "value": null}
[DBG] {"category": "TRAIN", "component": "train", "event": "watchdog_armed", "host": "d6b2a058c4be", "pid": 194534, "rank": 1, "stage": "broadcast_stop_flag", "timeout_sec": 30.0, "ts": "2026-10-04 16:16:16"}
[DBG] {"category": "TRAIN", "component": "train", "elapsed_sec": 0.005601, "event": "END:broadcast_stop_flag", "host": "d6b2a058c4be", "pid": 194534, "rank": 1, "ts": "2026-10-04 16:16:16"}
[DBG] {"category": "TRAIN", "component": "train", "event": "BEGIN:broadcast_preference_payload", "has_payload": null, "host": "d6b2a058c4be", "pid": 194534, "rank": 1, "transport": "json_uint8_gloo", "ts": "2026-10-04 16:16:16"}
[DBG] {"category": "TRAIN", "component": "train", "event": "watchdog_armed", "host": "d6b2a058c4be", "pid": 194534, "rank": 1, "stage": "broadcast_preference_payload", "timeout_sec": 30.0, "ts": "2026-10-04 16:16:16"}
[DBG] {"bytes": null, "category": "TRAIN", "component": "train", "event": "BEGIN:broadcast_preference_length", "host": "d6b2a058c4be", "pid": 194534, "rank": 1, "transport": "gloo_cpu", "ts": "2026-10-04 16:16:16"}
[DBG] {"category": "TRAIN", "component": "train", "event": "watchdog_armed", "host": "d6b2a058c4be", "pid": 194534, "rank": 1, "stage": "broadcast_preference_length", "timeout_sec": 30.0, "ts": "2026-10-04 16:16:16"}
[DBG] {"category": "TRAIN", "component": "train", "elapsed_sec": 0.012681, "event": "END:broadcast_preference_length", "host": "d6b2a058c4be", "pid": 194534, "rank": 1, "ts": "2026-10-04 16:16:16"}
[DBG] {"category": "TRAIN", "component": "train", "event": "watchdog_armed", "host": "d6b2a058c4be", "pid": 194534, "rank": 1, "stage": "broadcast_preference_payload", "timeout_sec": 30.0, "ts": "2026-10-04 16:16:16"}
[DBG] {"category": "TRAIN", "component": "train", "elapsed_sec": 0.01388, "event": "END:broadcast_preference_payload", "host": "d6b2a058c4be", "pid": 194534, "rank": 1, "ts": "2026-10-04 16:16:16"}
[DBG] {"category": "TRAIN", "component": "train", "event": "BEGIN:broadcast_stop_flag", "host": "d6b2a058c4be", "pid": 194534, "rank": 1, "transport": "gloo_cpu", "ts": "2026-10-04 16:16:17", "value": null}
[DBG] {"category": "TRAIN", "component": "train", "event": "watchdog_armed", "host": "d6b2a058c4be", "pid": 194534, "rank": 1, "stage": "broadcast_stop_flag", "timeout_sec": 30.0, "ts": "2026-10-04 16:16:17"}
[DBG] {"category": "TRAIN", "component": "train", "elapsed_sec": 0.006206, "event": "END:broadcast_stop_flag", "host": "d6b2a058c4be", "pid": 194534, "rank": 1, "ts": "2026-10-04 16:16:17"}
[DBG] {"category": "TRAIN", "component": "train", "event": "BEGIN:broadcast_preference_payload", "has_payload": null, "host": "d6b2a058c4be", "pid": 194534, "rank": 1, "transport": "json_uint8_gloo", "ts": "2026-10-04 16:16:17"}
[DBG] {"category": "TRAIN", "component": "train", "event": "watchdog_armed", "host": "d6b2a058c4be", "pid": 194534, "rank": 1, "stage": "broadcast_preference_payload", "timeout_sec": 30.0, "ts": "2026-10-04 16:16:17"}
[DBG] {"bytes": null, "category": "TRAIN", "component": "train", "event": "BEGIN:broadcast_preference_length", "host": "d6b2a058c4be", "pid": 194534, "rank": 1, "transport": "gloo_cpu", "ts": "2026-10-04 16:16:17"}
[DBG] {"category": "TRAIN", "component": "train", "event": "watchdog_armed", "host": "d6b2a058c4be", "pid": 194534, "rank": 1, "stage": "broadcast_preference_length", "timeout_sec": 30.0, "ts": "2026-10-04 16:16:17"}
[DBG] {"category": "TRAIN", "component": "train", "elapsed_sec": 0.014086, "event": "END:broadcast_preference_length", "host": "d6b2a058c4be", "pid": 194534, "rank": 1, "ts": "2026-10-04 16:16:17"}
[DBG] {"category": "TRAIN", "component": "train", "event": "watchdog_armed", "host": "d6b2a058c4be", "pid": 194534, "rank": 1, "stage": "broadcast_preference_payload", "timeout_sec": 30.0, "ts": "2026-10-04 16:16:17"}
[DBG] {"category": "TRAIN", "component": "train", "elapsed_sec": 0.01522, "event": "END:broadcast_preference_payload", "host": "d6b2a058c4be", "pid": 194534, "rank": 1, "ts": "2026-10-04 16:16:17"}
[DBG] {"category": "TRAIN", "component": "train", "event": "BEGIN:broadcast_stop_flag", "host": "d6b2a058c4be", "pid": 194534, "rank": 1, "transport": "gloo_cpu", "ts": "2026-10-04 16:16:17", "value": null}
[DBG] {"category": "TRAIN", "component": "train", "event": "watchdog_armed", "host": "d6b2a058c4be", "pid": 194534, "rank": 1, "stage": "broadcast_stop_flag", "timeout_sec": 30.0, "ts": "2026-10-04 16:16:17"}
[DBG] {"category": "TRAIN", "component": "train", "elapsed_sec": 0.005909, "event": "END:broadcast_stop_flag", "host": "d6b2a058c4be", "pid": 194534, "rank": 1, "ts": "2026-10-04 16:16:17"}
[DBG] {"category": "TRAIN", "component": "train", "event": "BEGIN:broadcast_preference_payload", "has_payload": null, "host": "d6b2a058c4be", "pid": 194534, "rank": 1, "transport": "json_uint8_gloo", "ts": "2026-10-04 16:16:17"}
[DBG] {"category": "TRAIN", "component": "train", "event": "watchdog_armed", "host": "d6b2a058c4be", "pid": 194534, "rank": 1, "stage": "broadcast_preference_payload", "timeout_sec": 30.0, "ts": "2026-10-04 16:16:17"}
[DBG] {"bytes": null, "category": "TRAIN", "component": "train", "event": "BEGIN:broadcast_preference_length", "host": "d6b2a058c4be", "pid": 194534, "rank": 1, "transport": "gloo_cpu", "ts": "2026-10-04 16:16:17"}
[DBG] {"category": "TRAIN", "component": "train", "event": "watchdog_armed", "host": "d6b2a058c4be", "pid": 194534, "rank": 1, "stage": "broadcast_preference_length", "timeout_sec": 30.0, "ts": "2026-10-04 16:16:17"}
[DBG] {"category": "TRAIN", "component": "train", "elapsed_sec": 0.012784, "event": "END:broadcast_preference_length", "host": "d6b2a058c4be", "pid": 194534, "rank": 1, "ts": "2026-10-04 16:16:17"}
[DBG] {"category": "TRAIN", "component": "train", "event": "watchdog_armed", "host": "d6b2a058c4be", "pid": 194534, "rank": 1, "stage": "broadcast_preference_payload", "timeout_sec": 30.0, "ts": "2026-10-04 16:16:17"}
[DBG] {"category": "TRAIN", "component": "train", "elapsed_sec": 0.014017, "event": "END:broadcast_preference_payload", "host": "d6b2a058c4be", "pid": 194534, "rank": 1, "ts": "2026-10-04 16:16:17"}
[DBG] {"category": "TRAIN", "component": "train", "event": "BEGIN:broadcast_stop_flag", "host": "d6b2a058c4be", "pid": 194534, "rank": 1, "transport": "gloo_cpu", "ts": "2026-10-04 16:16:18", "value": null}
[DBG] {"category": "TRAIN", "component": "train", "event": "watchdog_armed", "host": "d6b2a058c4be", "pid": 194534, "rank": 1, "stage": "broadcast_stop_flag", "timeout_sec": 30.0, "ts": "2026-10-04 16:16:18"}
[DBG] {"category": "TRAIN", "component": "train", "elapsed_sec": 0.005838, "event": "END:broadcast_stop_flag", "host": "d6b2a058c4be", "pid": 194534, "rank": 1, "ts": "2026-10-04 16:16:18"}
[DBG] {"category": "TRAIN", "component": "train", "event": "BEGIN:broadcast_preference_payload", "has_payload": null, "host": "d6b2a058c4be", "pid": 194534, "rank": 1, "transport": "json_uint8_gloo", "ts": "2026-10-04 16:16:18"}
[DBG] {"category": "TRAIN", "component": "train", "event": "watchdog_armed", "host": "d6b2a058c4be", "pid": 194534, "rank": 1, "stage": "broadcast_preference_payload", "timeout_sec": 30.0, "ts": "2026-10-04 16:16:18"}
[DBG] {"bytes": null, "category": "TRAIN", "component": "train", "event": "BEGIN:broadcast_preference_length", "host": "d6b2a058c4be", "pid": 194534, "rank": 1, "transport": "gloo_cpu", "ts": "2026-10-04 16:16:18"}
[DBG] {"category": "TRAIN", "component": "train", "event": "watchdog_armed", "host": "d6b2a058c4be", "pid": 194534, "rank": 1, "stage": "broadcast_preference_length", "timeout_sec": 30.0, "ts": "2026-10-04 16:16:18"}
[DBG] {"category": "TRAIN", "component": "train", "elapsed_sec": 0.013654, "event": "END:broadcast_preference_length", "host": "d6b2a058c4be", "pid": 194534, "rank": 1, "ts": "2026-10-04 16:16:18"}
[DBG] {"category": "TRAIN", "component": "train", "event": "watchdog_armed", "host": "d6b2a058c4be", "pid": 194534, "rank": 1, "stage": "broadcast_preference_payload", "timeout_sec": 30.0, "ts": "2026-10-04 16:16:18"}
[DBG] {"category": "TRAIN", "component": "train", "elapsed_sec": 0.014954, "event": "END:broadcast_preference_payload", "host": "d6b2a058c4be", "pid": 194534, "rank": 1, "ts": "2026-10-04 16:16:18"}
[DBG] {"category": "TRAIN", "component": "train", "event": "BEGIN:broadcast_stop_flag", "host": "d6b2a058c4be", "pid": 194534, "rank": 1, "transport": "gloo_cpu", "ts": "2026-10-04 16:16:18", "value": null}
[DBG] {"category": "TRAIN", "component": "train", "event": "watchdog_armed", "host": "d6b2a058c4be", "pid": 194534, "rank": 1, "stage": "broadcast_stop_flag", "timeout_sec": 30.0, "ts": "2026-10-04 16:16:18"}
[DBG] {"category": "TRAIN", "component": "train", "elapsed_sec": 0.005974, "event": "END:broadcast_stop_flag", "host": "d6b2a058c4be", "pid": 194534, "rank": 1, "ts": "2026-10-04 16:16:18"}
[DBG] {"category": "TRAIN", "component": "train", "event": "BEGIN:broadcast_preference_payload", "has_payload": null, "host": "d6b2a058c4be", "pid": 194534, "rank": 1, "transport": "json_uint8_gloo", "ts": "2026-10-04 16:16:18"}
[DBG] {"category": "TRAIN", "component": "train", "event": "watchdog_armed", "host": "d6b2a058c4be", "pid": 194534, "rank": 1, "stage": "broadcast_preference_payload", "timeout_sec": 30.0, "ts": "2026-10-04 16:16:18"}
[DBG] {"bytes": null, "category": "TRAIN", "component": "train", "event": "BEGIN:broadcast_preference_length", "host": "d6b2a058c4be", "pid": 194534, "rank": 1, "transport": "gloo_cpu", "ts": "2026-10-04 16:16:18"}
[DBG] {"category": "TRAIN", "component": "train", "event": "watchdog_armed", "host": "d6b2a058c4be", "pid": 194534, "rank": 1, "stage": "broadcast_preference_length", "timeout_sec": 30.0, "ts": "2026-10-04 16:16:18"}
[DBG] {"category": "TRAIN", "component": "train", "elapsed_sec": 0.012955, "event": "END:broadcast_preference_length", "host": "d6b2a058c4be", "pid": 194534, "rank": 1, "ts": "2026-10-04 16:16:18"}
[DBG] {"category": "TRAIN", "component": "train", "event": "watchdog_armed", "host": "d6b2a058c4be", "pid": 194534, "rank": 1, "stage": "broadcast_preference_payload", "timeout_sec": 30.0, "ts": "2026-10-04 16:16:18"}
[DBG] {"category": "TRAIN", "component": "train", "elapsed_sec": 0.01421, "event": "END:broadcast_preference_payload", "host": "d6b2a058c4be", "pid": 194534, "rank": 1, "ts": "2026-10-04 16:16:18"}
[DBG] {"category": "TRAIN", "component": "train", "event": "BEGIN:broadcast_stop_flag", "host": "d6b2a058c4be", "pid": 194534, "rank": 1, "transport": "gloo_cpu", "ts": "2026-10-04 16:16:19", "value": null}
[DBG] {"category": "TRAIN", "component": "train", "event": "watchdog_armed", "host": "d6b2a058c4be", "pid": 194534, "rank": 1, "stage": "broadcast_stop_flag", "timeout_sec": 30.0, "ts": "2026-10-04 16:16:19"}
[DBG] {"category": "TRAIN", "component": "train", "elapsed_sec": 0.006063, "event": "END:broadcast_stop_flag", "host": "d6b2a058c4be", "pid": 194534, "rank": 1, "ts": "2026-10-04 16:16:19"}
[DBG] {"category": "TRAIN", "component": "train", "event": "BEGIN:broadcast_preference_payload", "has_payload": null, "host": "d6b2a058c4be", "pid": 194534, "rank": 1, "transport": "json_uint8_gloo", "ts": "2026-10-04 16:16:19"}
[DBG] {"category": "TRAIN", "component": "train", "event": "watchdog_armed", "host": "d6b2a058c4be", "pid": 194534, "rank": 1, "stage": "broadcast_preference_payload", "timeout_sec": 30.0, "ts": "2026-10-04 16:16:19"}
[DBG] {"bytes": null, "category": "TRAIN", "component": "train", "event": "BEGIN:broadcast_preference_length", "host": "d6b2a058c4be", "pid": 194534, "rank": 1, "transport": "gloo_cpu", "ts": "2026-10-04 16:16:19"}
[DBG] {"category": "TRAIN", "component": "train", "event": "watchdog_armed", "host": "d6b2a058c4be", "pid": 194534, "rank": 1, "stage": "broadcast_preference_length", "timeout_sec": 30.0, "ts": "2026-10-04 16:16:19"}
[DBG] {"category": "TRAIN", "component": "train", "elapsed_sec": 0.017841, "event": "END:broadcast_preference_length", "host": "d6b2a058c4be", "pid": 194534, "rank": 1, "ts": "2026-10-04 16:16:19"}
[DBG] {"category": "TRAIN", "component": "train", "event": "watchdog_armed", "host": "d6b2a058c4be", "pid": 194534, "rank": 1, "stage": "broadcast_preference_payload", "timeout_sec": 30.0, "ts": "2026-10-04 16:16:19"}
[DBG] {"category": "TRAIN", "component": "train", "elapsed_sec": 0.019157, "event": "END:broadcast_preference_payload", "host": "d6b2a058c4be", "pid": 194534, "rank": 1, "ts": "2026-10-04 16:16:19"}
[DBG] {"category": "TRAIN", "component": "train", "event": "BEGIN:broadcast_stop_flag", "host": "d6b2a058c4be", "pid": 194534, "rank": 1, "transport": "gloo_cpu", "ts": "2026-10-04 16:16:19", "value": null}
[DBG] {"category": "TRAIN", "component": "train", "event": "watchdog_armed", "host": "d6b2a058c4be", "pid": 194534, "rank": 1, "stage": "broadcast_stop_flag", "timeout_sec": 30.0, "ts": "2026-10-04 16:16:19"}
[DBG] {"category": "TRAIN", "component": "train", "elapsed_sec": 0.005821, "event": "END:broadcast_stop_flag", "host": "d6b2a058c4be", "pid": 194534, "rank": 1, "ts": "2026-10-04 16:16:19"}
[DBG] {"category": "TRAIN", "component": "train", "event": "BEGIN:broadcast_preference_payload", "has_payload": null, "host": "d6b2a058c4be", "pid": 194534, "rank": 1, "transport": "json_uint8_gloo", "ts": "2026-10-04 16:16:19"}
[DBG] {"category": "TRAIN", "component": "train", "event": "watchdog_armed", "host": "d6b2a058c4be", "pid": 194534, "rank": 1, "stage": "broadcast_preference_payload", "timeout_sec": 30.0, "ts": "2026-10-04 16:16:19"}
[DBG] {"bytes": null, "category": "TRAIN", "component": "train", "event": "BEGIN:broadcast_preference_length", "host": "d6b2a058c4be", "pid": 194534, "rank": 1, "transport": "gloo_cpu", "ts": "2026-10-04 16:16:19"}
[DBG] {"category": "TRAIN", "component": "train", "event": "watchdog_armed", "host": "d6b2a058c4be", "pid": 194534, "rank": 1, "stage": "broadcast_preference_length", "timeout_sec": 30.0, "ts": "2026-10-04 16:16:19"}
[DBG] {"category": "TRAIN", "component": "train", "elapsed_sec": 0.011972, "event": "END:broadcast_preference_length", "host": "d6b2a058c4be", "pid": 194534, "rank": 1, "ts": "2026-10-04 16:16:19"}
[DBG] {"category": "TRAIN", "component": "train", "event": "watchdog_armed", "host": "d6b2a058c4be", "pid": 194534, "rank": 1, "stage": "broadcast_preference_payload", "timeout_sec": 30.0, "ts": "2026-10-04 16:16:19"}
[DBG] {"category": "TRAIN", "component": "train", "elapsed_sec": 0.013137, "event": "END:broadcast_preference_payload", "host": "d6b2a058c4be", "pid": 194534, "rank": 1, "ts": "2026-10-04 16:16:19"}
[DBG] {"category": "TRAIN", "component": "train", "event": "BEGIN:broadcast_stop_flag", "host": "d6b2a058c4be", "pid": 194534, "rank": 1, "transport": "gloo_cpu", "ts": "2026-10-04 16:16:20", "value": null}
[DBG] {"category": "TRAIN", "component": "train", "event": "watchdog_armed", "host": "d6b2a058c4be", "pid": 194534, "rank": 1, "stage": "broadcast_stop_flag", "timeout_sec": 30.0, "ts": "2026-10-04 16:16:20"}
[DBG] {"category": "TRAIN", "component": "train", "elapsed_sec": 0.005968, "event": "END:broadcast_stop_flag", "host": "d6b2a058c4be", "pid": 194534, "rank": 1, "ts": "2026-10-04 16:16:20"}
[DBG] {"category": "TRAIN", "component": "train", "event": "BEGIN:broadcast_preference_payload", "has_payload": null, "host": "d6b2a058c4be", "pid": 194534, "rank": 1, "transport": "json_uint8_gloo", "ts": "2026-10-04 16:16:20"}
[DBG] {"category": "TRAIN", "component": "train", "event": "watchdog_armed", "host": "d6b2a058c4be", "pid": 194534, "rank": 1, "stage": "broadcast_preference_payload", "timeout_sec": 30.0, "ts": "2026-10-04 16:16:20"}
[DBG] {"bytes": null, "category": "TRAIN", "component": "train", "event": "BEGIN:broadcast_preference_length", "host": "d6b2a058c4be", "pid": 194534, "rank": 1, "transport": "gloo_cpu", "ts": "2026-10-04 16:16:20"}
[DBG] {"category": "TRAIN", "component": "train", "event": "watchdog_armed", "host": "d6b2a058c4be", "pid": 194534, "rank": 1, "stage": "broadcast_preference_length", "timeout_sec": 30.0, "ts": "2026-10-04 16:16:20"}
[DBG] {"category": "TRAIN", "component": "train", "elapsed_sec": 0.012419, "event": "END:broadcast_preference_length", "host": "d6b2a058c4be", "pid": 194534, "rank": 1, "ts": "2026-10-04 16:16:20"}
[DBG] {"category": "TRAIN", "component": "train", "event": "watchdog_armed", "host": "d6b2a058c4be", "pid": 194534, "rank": 1, "stage": "broadcast_preference_payload", "timeout_sec": 30.0, "ts": "2026-10-04 16:16:20"}
[DBG] {"category": "TRAIN", "component": "train", "elapsed_sec": 0.01369, "event": "END:broadcast_preference_payload", "host": "d6b2a058c4be", "pid": 194534, "rank": 1, "ts": "2026-10-04 16:16:20"}
[DBG] {"category": "TRAIN", "component": "train", "event": "BEGIN:broadcast_stop_flag", "host": "d6b2a058c4be", "pid": 194534, "rank": 1, "transport": "gloo_cpu", "ts": "2026-10-04 16:16:20", "value": null}
[DBG] {"category": "TRAIN", "component": "train", "event": "watchdog_armed", "host": "d6b2a058c4be", "pid": 194534, "rank": 1, "stage": "broadcast_stop_flag", "timeout_sec": 30.0, "ts": "2026-10-04 16:16:20"}
[DBG] {"category": "TRAIN", "component": "train", "elapsed_sec": 0.008274, "event": "END:broadcast_stop_flag", "host": "d6b2a058c4be", "pid": 194534, "rank": 1, "ts": "2026-10-04 16:16:20"}
[DBG] {"category": "TRAIN", "component": "train", "event": "BEGIN:broadcast_preference_payload", "has_payload": null, "host": "d6b2a058c4be", "pid": 194534, "rank": 1, "transport": "json_uint8_gloo", "ts": "2026-10-04 16:16:20"}
[DBG] {"category": "TRAIN", "component": "train", "event": "watchdog_armed", "host": "d6b2a058c4be", "pid": 194534, "rank": 1, "stage": "broadcast_preference_payload", "timeout_sec": 30.0, "ts": "2026-10-04 16:16:20"}
[DBG] {"bytes": null, "category": "TRAIN", "component": "train", "event": "BEGIN:broadcast_preference_length", "host": "d6b2a058c4be", "pid": 194534, "rank": 1, "transport": "gloo_cpu", "ts": "2026-10-04 16:16:20"}
[DBG] {"category": "TRAIN", "component": "train", "event": "watchdog_armed", "host": "d6b2a058c4be", "pid": 194534, "rank": 1, "stage": "broadcast_preference_length", "timeout_sec": 30.0, "ts": "2026-10-04 16:16:20"}
[DBG] {"category": "TRAIN", "component": "train", "elapsed_sec": 0.01558, "event": "END:broadcast_preference_length", "host": "d6b2a058c4be", "pid": 194534, "rank": 1, "ts": "2026-10-04 16:16:20"}
[DBG] {"category": "TRAIN", "component": "train", "event": "watchdog_armed", "host": "d6b2a058c4be", "pid": 194534, "rank": 1, "stage": "broadcast_preference_payload", "timeout_sec": 30.0, "ts": "2026-10-04 16:16:20"}
[DBG] {"category": "TRAIN", "component": "train", "elapsed_sec": 0.016723, "event": "END:broadcast_preference_payload", "host": "d6b2a058c4be", "pid": 194534, "rank": 1, "ts": "2026-10-04 16:16:20"}
[DBG] {"category": "TRAIN", "component": "train", "event": "BEGIN:broadcast_stop_flag", "host": "d6b2a058c4be", "pid": 194534, "rank": 1, "transport": "gloo_cpu", "ts": "2026-10-04 16:16:21", "value": null}
[DBG] {"category": "TRAIN", "component": "train", "event": "watchdog_armed", "host": "d6b2a058c4be", "pid": 194534, "rank": 1, "stage": "broadcast_stop_flag", "timeout_sec": 30.0, "ts": "2026-10-04 16:16:21"}
[DBG] {"category": "TRAIN", "component": "train", "elapsed_sec": 0.007792, "event": "END:broadcast_stop_flag", "host": "d6b2a058c4be", "pid": 194534, "rank": 1, "ts": "2026-10-04 16:16:21"}
[DBG] {"category": "TRAIN", "component": "train", "event": "BEGIN:broadcast_preference_payload", "has_payload": null, "host": "d6b2a058c4be", "pid": 194534, "rank": 1, "transport": "json_uint8_gloo", "ts": "2026-10-04 16:16:21"}
[DBG] {"category": "TRAIN", "component": "train", "event": "watchdog_armed", "host": "d6b2a058c4be", "pid": 194534, "rank": 1, "stage": "broadcast_preference_payload", "timeout_sec": 30.0, "ts": "2026-10-04 16:16:21"}
[DBG] {"bytes": null, "category": "TRAIN", "component": "train", "event": "BEGIN:broadcast_preference_length", "host": "d6b2a058c4be", "pid": 194534, "rank": 1, "transport": "gloo_cpu", "ts": "2026-10-04 16:16:21"}
[DBG] {"category": "TRAIN", "component": "train", "event": "watchdog_armed", "host": "d6b2a058c4be", "pid": 194534, "rank": 1, "stage": "broadcast_preference_length", "timeout_sec": 30.0, "ts": "2026-10-04 16:16:21"}
[DBG] {"category": "TRAIN", "component": "train", "elapsed_sec": 0.016557, "event": "END:broadcast_preference_length", "host": "d6b2a058c4be", "pid": 194534, "rank": 1, "ts": "2026-10-04 16:16:21"}
[DBG] {"category": "TRAIN", "component": "train", "event": "watchdog_armed", "host": "d6b2a058c4be", "pid": 194534, "rank": 1, "stage": "broadcast_preference_payload", "timeout_sec": 30.0, "ts": "2026-10-04 16:16:21"}
[DBG] {"category": "TRAIN", "component": "train", "elapsed_sec": 0.017772, "event": "END:broadcast_preference_payload", "host": "d6b2a058c4be", "pid": 194534, "rank": 1, "ts": "2026-10-04 16:16:21"}
[DBG] {"category": "TRAIN", "component": "train", "event": "BEGIN:broadcast_stop_flag", "host": "d6b2a058c4be", "pid": 194534, "rank": 1, "transport": "gloo_cpu", "ts": "2026-10-04 16:16:22", "value": null}
[DBG] {"category": "TRAIN", "component": "train", "event": "watchdog_armed", "host": "d6b2a058c4be", "pid": 194534, "rank": 1, "stage": "broadcast_stop_flag", "timeout_sec": 30.0, "ts": "2026-10-04 16:16:22"}
[DBG] {"category": "TRAIN", "component": "train", "elapsed_sec": 0.008501, "event": "END:broadcast_stop_flag", "host": "d6b2a058c4be", "pid": 194534, "rank": 1, "ts": "2026-10-04 16:16:22"}
[DBG] {"category": "TRAIN", "component": "train", "event": "BEGIN:broadcast_preference_payload", "has_payload": null, "host": "d6b2a058c4be", "pid": 194534, "rank": 1, "transport": "json_uint8_gloo", "ts": "2026-10-04 16:16:22"}
[DBG] {"category": "TRAIN", "component": "train", "event": "watchdog_armed", "host": "d6b2a058c4be", "pid": 194534, "rank": 1, "stage": "broadcast_preference_payload", "timeout_sec": 30.0, "ts": "2026-10-04 16:16:22"}
[DBG] {"bytes": null, "category": "TRAIN", "component": "train", "event": "BEGIN:broadcast_preference_length", "host": "d6b2a058c4be", "pid": 194534, "rank": 1, "transport": "gloo_cpu", "ts": "2026-10-04 16:16:22"}
[DBG] {"category": "TRAIN", "component": "train", "event": "watchdog_armed", "host": "d6b2a058c4be", "pid": 194534, "rank": 1, "stage": "broadcast_preference_length", "timeout_sec": 30.0, "ts": "2026-10-04 16:16:22"}
[DBG] {"category": "TRAIN", "component": "train", "elapsed_sec": 0.016391, "event": "END:broadcast_preference_length", "host": "d6b2a058c4be", "pid": 194534, "rank": 1, "ts": "2026-10-04 16:16:22"}
[DBG] {"category": "TRAIN", "component": "train", "event": "watchdog_armed", "host": "d6b2a058c4be", "pid": 194534, "rank": 1, "stage": "broadcast_preference_payload", "timeout_sec": 30.0, "ts": "2026-10-04 16:16:22"}
[DBG] {"category": "TRAIN", "component": "train", "elapsed_sec": 0.01754, "event": "END:broadcast_preference_payload", "host": "d6b2a058c4be", "pid": 194534, "rank": 1, "ts": "2026-10-04 16:16:22"}
[DBG] {"category": "TRAIN", "component": "train", "event": "BEGIN:broadcast_stop_flag", "host": "d6b2a058c4be", "pid": 194534, "rank": 1, "transport": "gloo_cpu", "ts": "2026-10-04 16:16:22", "value": null}
[DBG] {"category": "TRAIN", "component": "train", "event": "watchdog_armed", "host": "d6b2a058c4be", "pid": 194534, "rank": 1, "stage": "broadcast_stop_flag", "timeout_sec": 30.0, "ts": "2026-10-04 16:16:22"}
[DBG] {"category": "TRAIN", "component": "train", "elapsed_sec": 0.006547, "event": "END:broadcast_stop_flag", "host": "d6b2a058c4be", "pid": 194534, "rank": 1, "ts": "2026-10-04 16:16:22"}
[DBG] {"category": "TRAIN", "component": "train", "event": "BEGIN:broadcast_preference_payload", "has_payload": null, "host": "d6b2a058c4be", "pid": 194534, "rank": 1, "transport": "json_uint8_gloo", "ts": "2026-10-04 16:16:22"}
[DBG] {"category": "TRAIN", "component": "train", "event": "watchdog_armed", "host": "d6b2a058c4be", "pid": 194534, "rank": 1, "stage": "broadcast_preference_payload", "timeout_sec": 30.0, "ts": "2026-10-04 16:16:22"}
[DBG] {"bytes": null, "category": "TRAIN", "component": "train", "event": "BEGIN:broadcast_preference_length", "host": "d6b2a058c4be", "pid": 194534, "rank": 1, "transport": "gloo_cpu", "ts": "2026-10-04 16:16:22"}
[DBG] {"category": "TRAIN", "component": "train", "event": "watchdog_armed", "host": "d6b2a058c4be", "pid": 194534, "rank": 1, "stage": "broadcast_preference_length", "timeout_sec": 30.0, "ts": "2026-10-04 16:16:22"}
[DBG] {"category": "TRAIN", "component": "train", "elapsed_sec": 0.011934, "event": "END:broadcast_preference_length", "host": "d6b2a058c4be", "pid": 194534, "rank": 1, "ts": "2026-10-04 16:16:22"}
[DBG] {"category": "TRAIN", "component": "train", "event": "watchdog_armed", "host": "d6b2a058c4be", "pid": 194534, "rank": 1, "stage": "broadcast_preference_payload", "timeout_sec": 30.0, "ts": "2026-10-04 16:16:22"}
[DBG] {"category": "TRAIN", "component": "train", "elapsed_sec": 0.013098, "event": "END:broadcast_preference_payload", "host": "d6b2a058c4be", "pid": 194534, "rank": 1, "ts": "2026-10-04 16:16:22"}
[DBG] {"category": "TRAIN", "component": "train", "event": "BEGIN:broadcast_stop_flag", "host": "d6b2a058c4be", "pid": 194534, "rank": 1, "transport": "gloo_cpu", "ts": "2026-10-04 16:16:23", "value": null}
[DBG] {"category": "TRAIN", "component": "train", "event": "watchdog_armed", "host": "d6b2a058c4be", "pid": 194534, "rank": 1, "stage": "broadcast_stop_flag", "timeout_sec": 30.0, "ts": "2026-10-04 16:16:23"}
[DBG] {"category": "TRAIN", "component": "train", "elapsed_sec": 0.008473, "event": "END:broadcast_stop_flag", "host": "d6b2a058c4be", "pid": 194534, "rank": 1, "ts": "2026-10-04 16:16:23"}
[DBG] {"category": "TRAIN", "component": "train", "event": "BEGIN:broadcast_preference_payload", "has_payload": null, "host": "d6b2a058c4be", "pid": 194534, "rank": 1, "transport": "json_uint8_gloo", "ts": "2026-10-04 16:16:23"}
[DBG] {"category": "TRAIN", "component": "train", "event": "watchdog_armed", "host": "d6b2a058c4be", "pid": 194534, "rank": 1, "stage": "broadcast_preference_payload", "timeout_sec": 30.0, "ts": "2026-10-04 16:16:23"}
[DBG] {"bytes": null, "category": "TRAIN", "component": "train", "event": "BEGIN:broadcast_preference_length", "host": "d6b2a058c4be", "pid": 194534, "rank": 1, "transport": "gloo_cpu", "ts": "2026-10-04 16:16:23"}
[DBG] {"category": "TRAIN", "component": "train", "event": "watchdog_armed", "host": "d6b2a058c4be", "pid": 194534, "rank": 1, "stage": "broadcast_preference_length", "timeout_sec": 30.0, "ts": "2026-10-04 16:16:23"}
[DBG] {"category": "TRAIN", "component": "train", "elapsed_sec": 0.011745, "event": "END:broadcast_preference_length", "host": "d6b2a058c4be", "pid": 194534, "rank": 1, "ts": "2026-10-04 16:16:23"}
[DBG] {"category": "TRAIN", "component": "train", "event": "watchdog_armed", "host": "d6b2a058c4be", "pid": 194534, "rank": 1, "stage": "broadcast_preference_payload", "timeout_sec": 30.0, "ts": "2026-10-04 16:16:23"}
[DBG] {"category": "TRAIN", "component": "train", "elapsed_sec": 0.012888, "event": "END:broadcast_preference_payload", "host": "d6b2a058c4be", "pid": 194534, "rank": 1, "ts": "2026-10-04 16:16:23"}
[DBG] {"category": "TRAIN", "component": "train", "event": "BEGIN:broadcast_stop_flag", "host": "d6b2a058c4be", "pid": 194534, "rank": 1, "transport": "gloo_cpu", "ts": "2026-10-04 16:16:23", "value": null}
[DBG] {"category": "TRAIN", "component": "train", "event": "watchdog_armed", "host": "d6b2a058c4be", "pid": 194534, "rank": 1, "stage": "broadcast_stop_flag", "timeout_sec": 30.0, "ts": "2026-10-04 16:16:23"}
[DBG] {"category": "TRAIN", "component": "train", "elapsed_sec": 0.007918, "event": "END:broadcast_stop_flag", "host": "d6b2a058c4be", "pid": 194534, "rank": 1, "ts": "2026-10-04 16:16:23"}
[DBG] {"category": "TRAIN", "component": "train", "event": "BEGIN:broadcast_preference_payload", "has_payload": null, "host": "d6b2a058c4be", "pid": 194534, "rank": 1, "transport": "json_uint8_gloo", "ts": "2026-10-04 16:16:23"}
[DBG] {"category": "TRAIN", "component": "train", "event": "watchdog_armed", "host": "d6b2a058c4be", "pid": 194534, "rank": 1, "stage": "broadcast_preference_payload", "timeout_sec": 30.0, "ts": "2026-10-04 16:16:23"}
[DBG] {"bytes": null, "category": "TRAIN", "component": "train", "event": "BEGIN:broadcast_preference_length", "host": "d6b2a058c4be", "pid": 194534, "rank": 1, "transport": "gloo_cpu", "ts": "2026-10-04 16:16:23"}
[DBG] {"category": "TRAIN", "component": "train", "event": "watchdog_armed", "host": "d6b2a058c4be", "pid": 194534, "rank": 1, "stage": "broadcast_preference_length", "timeout_sec": 30.0, "ts": "2026-10-04 16:16:23"}
[DBG] {"category": "TRAIN", "component": "train", "elapsed_sec": 0.014459, "event": "END:broadcast_preference_length", "host": "d6b2a058c4be", "pid": 194534, "rank": 1, "ts": "2026-10-04 16:16:23"}
[DBG] {"category": "TRAIN", "component": "train", "event": "watchdog_armed", "host": "d6b2a058c4be", "pid": 194534, "rank": 1, "stage": "broadcast_preference_payload", "timeout_sec": 30.0, "ts": "2026-10-04 16:16:23"}
[DBG] {"category": "TRAIN", "component": "train", "elapsed_sec": 0.015759, "event": "END:broadcast_preference_payload", "host": "d6b2a058c4be", "pid": 194534, "rank": 1, "ts": "2026-10-04 16:16:23"}
[DBG] {"category": "TRAIN", "component": "train", "event": "BEGIN:broadcast_stop_flag", "host": "d6b2a058c4be", "pid": 194534, "rank": 1, "transport": "gloo_cpu", "ts": "2026-10-04 16:16:24", "value": null}
[DBG] {"category": "TRAIN", "component": "train", "event": "watchdog_armed", "host": "d6b2a058c4be", "pid": 194534, "rank": 1, "stage": "broadcast_stop_flag", "timeout_sec": 30.0, "ts": "2026-10-04 16:16:24"}
[DBG] {"category": "TRAIN", "component": "train", "elapsed_sec": 0.008258, "event": "END:broadcast_stop_flag", "host": "d6b2a058c4be", "pid": 194534, "rank": 1, "ts": "2026-10-04 16:16:24"}
[DBG] {"category": "TRAIN", "component": "train", "event": "BEGIN:broadcast_preference_payload", "has_payload": null, "host": "d6b2a058c4be", "pid": 194534, "rank": 1, "transport": "json_uint8_gloo", "ts": "2026-10-04 16:16:24"}
[DBG] {"category": "TRAIN", "component": "train", "event": "watchdog_armed", "host": "d6b2a058c4be", "pid": 194534, "rank": 1, "stage": "broadcast_preference_payload", "timeout_sec": 30.0, "ts": "2026-10-04 16:16:24"}
[DBG] {"bytes": null, "category": "TRAIN", "component": "train", "event": "BEGIN:broadcast_preference_length", "host": "d6b2a058c4be", "pid": 194534, "rank": 1, "transport": "gloo_cpu", "ts": "2026-10-04 16:16:24"}
[DBG] {"category": "TRAIN", "component": "train", "event": "watchdog_armed", "host": "d6b2a058c4be", "pid": 194534, "rank": 1, "stage": "broadcast_preference_length", "timeout_sec": 30.0, "ts": "2026-10-04 16:16:24"}
[DBG] {"category": "TRAIN", "component": "train", "elapsed_sec": 0.012295, "event": "END:broadcast_preference_length", "host": "d6b2a058c4be", "pid": 194534, "rank": 1, "ts": "2026-10-04 16:16:24"}
[DBG] {"category": "TRAIN", "component": "train", "event": "watchdog_armed", "host": "d6b2a058c4be", "pid": 194534, "rank": 1, "stage": "broadcast_preference_payload", "timeout_sec": 30.0, "ts": "2026-10-04 16:16:24"}
[DBG] {"category": "TRAIN", "component": "train", "elapsed_sec": 0.013436, "event": "END:broadcast_preference_payload", "host": "d6b2a058c4be", "pid": 194534, "rank": 1, "ts": "2026-10-04 16:16:24"}
[DBG] {"category": "TRAIN", "component": "train", "event": "BEGIN:broadcast_stop_flag", "host": "d6b2a058c4be", "pid": 194534, "rank": 1, "transport": "gloo_cpu", "ts": "2026-10-04 16:16:24", "value": null}
[DBG] {"category": "TRAIN", "component": "train", "event": "watchdog_armed", "host": "d6b2a058c4be", "pid": 194534, "rank": 1, "stage": "broadcast_stop_flag", "timeout_sec": 30.0, "ts": "2026-10-04 16:16:24"}
[DBG] {"category": "TRAIN", "component": "train", "elapsed_sec": 0.008913, "event": "END:broadcast_stop_flag", "host": "d6b2a058c4be", "pid": 194534, "rank": 1, "ts": "2026-10-04 16:16:24"}
[DBG] {"category": "TRAIN", "component": "train", "event": "BEGIN:broadcast_preference_payload", "has_payload": null, "host": "d6b2a058c4be", "pid": 194534, "rank": 1, "transport": "json_uint8_gloo", "ts": "2026-10-04 16:16:24"}
[DBG] {"category": "TRAIN", "component": "train", "event": "watchdog_armed", "host": "d6b2a058c4be", "pid": 194534, "rank": 1, "stage": "broadcast_preference_payload", "timeout_sec": 30.0, "ts": "2026-10-04 16:16:24"}
[DBG] {"bytes": null, "category": "TRAIN", "component": "train", "event": "BEGIN:broadcast_preference_length", "host": "d6b2a058c4be", "pid": 194534, "rank": 1, "transport": "gloo_cpu", "ts": "2026-10-04 16:16:24"}
[DBG] {"category": "TRAIN", "component": "train", "event": "watchdog_armed", "host": "d6b2a058c4be", "pid": 194534, "rank": 1, "stage": "broadcast_preference_length", "timeout_sec": 30.0, "ts": "2026-10-04 16:16:24"}
[DBG] {"category": "TRAIN", "component": "train", "elapsed_sec": 0.015379, "event": "END:broadcast_preference_length", "host": "d6b2a058c4be", "pid": 194534, "rank": 1, "ts": "2026-10-04 16:16:24"}
[DBG] {"category": "TRAIN", "component": "train", "event": "watchdog_armed", "host": "d6b2a058c4be", "pid": 194534, "rank": 1, "stage": "broadcast_preference_payload", "timeout_sec": 30.0, "ts": "2026-10-04 16:16:24"}
[DBG] {"category": "TRAIN", "component": "train", "elapsed_sec": 0.016573, "event": "END:broadcast_preference_payload", "host": "d6b2a058c4be", "pid": 194534, "rank": 1, "ts": "2026-10-04 16:16:24"}
[DBG] {"category": "TRAIN", "component": "train", "event": "BEGIN:broadcast_stop_flag", "host": "d6b2a058c4be", "pid": 194534, "rank": 1, "transport": "gloo_cpu", "ts": "2026-10-04 16:16:25", "value": null}
[DBG] {"category": "TRAIN", "component": "train", "event": "watchdog_armed", "host": "d6b2a058c4be", "pid": 194534, "rank": 1, "stage": "broadcast_stop_flag", "timeout_sec": 30.0, "ts": "2026-10-04 16:16:25"}
[DBG] {"category": "TRAIN", "component": "train", "elapsed_sec": 0.006184, "event": "END:broadcast_stop_flag", "host": "d6b2a058c4be", "pid": 194534, "rank": 1, "ts": "2026-10-04 16:16:25"}
[DBG] {"category": "TRAIN", "component": "train", "event": "BEGIN:broadcast_preference_payload", "has_payload": null, "host": "d6b2a058c4be", "pid": 194534, "rank": 1, "transport": "json_uint8_gloo", "ts": "2026-10-04 16:16:25"}
[DBG] {"category": "TRAIN", "component": "train", "event": "watchdog_armed", "host": "d6b2a058c4be", "pid": 194534, "rank": 1, "stage": "broadcast_preference_payload", "timeout_sec": 30.0, "ts": "2026-10-04 16:16:25"}
[DBG] {"bytes": null, "category": "TRAIN", "component": "train", "event": "BEGIN:broadcast_preference_length", "host": "d6b2a058c4be", "pid": 194534, "rank": 1, "transport": "gloo_cpu", "ts": "2026-10-04 16:16:25"}
[DBG] {"category": "TRAIN", "component": "train", "event": "watchdog_armed", "host": "d6b2a058c4be", "pid": 194534, "rank": 1, "stage": "broadcast_preference_length", "timeout_sec": 30.0, "ts": "2026-10-04 16:16:25"}
[DBG] {"category": "TRAIN", "component": "train", "elapsed_sec": 0.011395, "event": "END:broadcast_preference_length", "host": "d6b2a058c4be", "pid": 194534, "rank": 1, "ts": "2026-10-04 16:16:25"}
[DBG] {"category": "TRAIN", "component": "train", "event": "watchdog_armed", "host": "d6b2a058c4be", "pid": 194534, "rank": 1, "stage": "broadcast_preference_payload", "timeout_sec": 30.0, "ts": "2026-10-04 16:16:25"}
[DBG] {"category": "TRAIN", "component": "train", "elapsed_sec": 0.012671, "event": "END:broadcast_preference_payload", "host": "d6b2a058c4be", "pid": 194534, "rank": 1, "ts": "2026-10-04 16:16:25"}
[DBG] {"category": "TRAIN", "component": "train", "event": "BEGIN:broadcast_stop_flag", "host": "d6b2a058c4be", "pid": 194534, "rank": 1, "transport": "gloo_cpu", "ts": "2026-10-04 16:16:25", "value": null}
[DBG] {"category": "TRAIN", "component": "train", "event": "watchdog_armed", "host": "d6b2a058c4be", "pid": 194534, "rank": 1, "stage": "broadcast_stop_flag", "timeout_sec": 30.0, "ts": "2026-10-04 16:16:25"}
[DBG] {"category": "TRAIN", "component": "train", "elapsed_sec": 0.005485, "event": "END:broadcast_stop_flag", "host": "d6b2a058c4be", "pid": 194534, "rank": 1, "ts": "2026-10-04 16:16:25"}
[DBG] {"category": "TRAIN", "component": "train", "event": "BEGIN:broadcast_preference_payload", "has_payload": null, "host": "d6b2a058c4be", "pid": 194534, "rank": 1, "transport": "json_uint8_gloo", "ts": "2026-10-04 16:16:25"}
[DBG] {"category": "TRAIN", "component": "train", "event": "watchdog_armed", "host": "d6b2a058c4be", "pid": 194534, "rank": 1, "stage": "broadcast_preference_payload", "timeout_sec": 30.0, "ts": "2026-10-04 16:16:25"}
[DBG] {"bytes": null, "category": "TRAIN", "component": "train", "event": "BEGIN:broadcast_preference_length", "host": "d6b2a058c4be", "pid": 194534, "rank": 1, "transport": "gloo_cpu", "ts": "2026-10-04 16:16:25"}
[DBG] {"category": "TRAIN", "component": "train", "event": "watchdog_armed", "host": "d6b2a058c4be", "pid": 194534, "rank": 1, "stage": "broadcast_preference_length", "timeout_sec": 30.0, "ts": "2026-10-04 16:16:25"}
[DBG] {"category": "TRAIN", "component": "train", "elapsed_sec": 0.00945, "event": "END:broadcast_preference_length", "host": "d6b2a058c4be", "pid": 194534, "rank": 1, "ts": "2026-10-04 16:16:25"}
[DBG] {"category": "TRAIN", "component": "train", "event": "watchdog_armed", "host": "d6b2a058c4be", "pid": 194534, "rank": 1, "stage": "broadcast_preference_payload", "timeout_sec": 30.0, "ts": "2026-10-04 16:16:25"}
[DBG] {"category": "TRAIN", "component": "train", "elapsed_sec": 0.010564, "event": "END:broadcast_preference_payload", "host": "d6b2a058c4be", "pid": 194534, "rank": 1, "ts": "2026-10-04 16:16:25"}
[DBG] {"category": "TRAIN", "component": "train", "event": "BEGIN:broadcast_stop_flag", "host": "d6b2a058c4be", "pid": 194534, "rank": 1, "transport": "gloo_cpu", "ts": "2026-10-04 16:16:26", "value": null}
[DBG] {"category": "TRAIN", "component": "train", "event": "watchdog_armed", "host": "d6b2a058c4be", "pid": 194534, "rank": 1, "stage": "broadcast_stop_flag", "timeout_sec": 30.0, "ts": "2026-10-04 16:16:26"}
[DBG] {"category": "TRAIN", "component": "train", "elapsed_sec": 0.008221, "event": "END:broadcast_stop_flag", "host": "d6b2a058c4be", "pid": 194534, "rank": 1, "ts": "2026-10-04 16:16:26"}
[DBG] {"category": "TRAIN", "component": "train", "event": "BEGIN:broadcast_preference_payload", "has_payload": null, "host": "d6b2a058c4be", "pid": 194534, "rank": 1, "transport": "json_uint8_gloo", "ts": "2026-10-04 16:16:26"}
[DBG] {"category": "TRAIN", "component": "train", "event": "watchdog_armed", "host": "d6b2a058c4be", "pid": 194534, "rank": 1, "stage": "broadcast_preference_payload", "timeout_sec": 30.0, "ts": "2026-10-04 16:16:26"}
[DBG] {"bytes": null, "category": "TRAIN", "component": "train", "event": "BEGIN:broadcast_preference_length", "host": "d6b2a058c4be", "pid": 194534, "rank": 1, "transport": "gloo_cpu", "ts": "2026-10-04 16:16:26"}
[DBG] {"category": "TRAIN", "component": "train", "event": "watchdog_armed", "host": "d6b2a058c4be", "pid": 194534, "rank": 1, "stage": "broadcast_preference_length", "timeout_sec": 30.0, "ts": "2026-10-04 16:16:26"}
[DBG] {"category": "TRAIN", "component": "train", "elapsed_sec": 0.014782, "event": "END:broadcast_preference_length", "host": "d6b2a058c4be", "pid": 194534, "rank": 1, "ts": "2026-10-04 16:16:26"}
[DBG] {"category": "TRAIN", "component": "train", "event": "watchdog_armed", "host": "d6b2a058c4be", "pid": 194534, "rank": 1, "stage": "broadcast_preference_payload", "timeout_sec": 30.0, "ts": "2026-10-04 16:16:26"}
[DBG] {"category": "TRAIN", "component": "train", "elapsed_sec": 0.016023, "event": "END:broadcast_preference_payload", "host": "d6b2a058c4be", "pid": 194534, "rank": 1, "ts": "2026-10-04 16:16:26"}
[DBG] {"category": "TRAIN", "component": "train", "event": "BEGIN:broadcast_stop_flag", "host": "d6b2a058c4be", "pid": 194534, "rank": 1, "transport": "gloo_cpu", "ts": "2026-10-04 16:16:26", "value": null}
[DBG] {"category": "TRAIN", "component": "train", "event": "watchdog_armed", "host": "d6b2a058c4be", "pid": 194534, "rank": 1, "stage": "broadcast_stop_flag", "timeout_sec": 30.0, "ts": "2026-10-04 16:16:26"}
[DBG] {"category": "TRAIN", "component": "train", "elapsed_sec": 0.008914, "event": "END:broadcast_stop_flag", "host": "d6b2a058c4be", "pid": 194534, "rank": 1, "ts": "2026-10-04 16:16:26"}
[DBG] {"category": "TRAIN", "component": "train", "event": "BEGIN:broadcast_preference_payload", "has_payload": null, "host": "d6b2a058c4be", "pid": 194534, "rank": 1, "transport": "json_uint8_gloo", "ts": "2026-10-04 16:16:26"}
[DBG] {"category": "TRAIN", "component": "train", "event": "watchdog_armed", "host": "d6b2a058c4be", "pid": 194534, "rank": 1, "stage": "broadcast_preference_payload", "timeout_sec": 30.0, "ts": "2026-10-04 16:16:26"}
[DBG] {"bytes": null, "category": "TRAIN", "component": "train", "event": "BEGIN:broadcast_preference_length", "host": "d6b2a058c4be", "pid": 194534, "rank": 1, "transport": "gloo_cpu", "ts": "2026-10-04 16:16:26"}
[DBG] {"category": "TRAIN", "component": "train", "event": "watchdog_armed", "host": "d6b2a058c4be", "pid": 194534, "rank": 1, "stage": "broadcast_preference_length", "timeout_sec": 30.0, "ts": "2026-10-04 16:16:26"}
[DBG] {"category": "TRAIN", "component": "train", "elapsed_sec": 0.013876, "event": "END:broadcast_preference_length", "host": "d6b2a058c4be", "pid": 194534, "rank": 1, "ts": "2026-10-04 16:16:26"}
[DBG] {"category": "TRAIN", "component": "train", "event": "watchdog_armed", "host": "d6b2a058c4be", "pid": 194534, "rank": 1, "stage": "broadcast_preference_payload", "timeout_sec": 30.0, "ts": "2026-10-04 16:16:26"}
[DBG] {"category": "TRAIN", "component": "train", "elapsed_sec": 0.015029, "event": "END:broadcast_preference_payload", "host": "d6b2a058c4be", "pid": 194534, "rank": 1, "ts": "2026-10-04 16:16:26"}
[DBG] {"category": "TRAIN", "component": "train", "event": "BEGIN:broadcast_stop_flag", "host": "d6b2a058c4be", "pid": 194534, "rank": 1, "transport": "gloo_cpu", "ts": "2026-10-04 16:16:27", "value": null}
[DBG] {"category": "TRAIN", "component": "train", "event": "watchdog_armed", "host": "d6b2a058c4be", "pid": 194534, "rank": 1, "stage": "broadcast_stop_flag", "timeout_sec": 30.0, "ts": "2026-10-04 16:16:27"}
[DBG] {"category": "TRAIN", "component": "train", "elapsed_sec": 0.008127, "event": "END:broadcast_stop_flag", "host": "d6b2a058c4be", "pid": 194534, "rank": 1, "ts": "2026-10-04 16:16:27"}
[DBG] {"category": "TRAIN", "component": "train", "event": "BEGIN:broadcast_preference_payload", "has_payload": null, "host": "d6b2a058c4be", "pid": 194534, "rank": 1, "transport": "json_uint8_gloo", "ts": "2026-10-04 16:16:27"}
[DBG] {"category": "TRAIN", "component": "train", "event": "watchdog_armed", "host": "d6b2a058c4be", "pid": 194534, "rank": 1, "stage": "broadcast_preference_payload", "timeout_sec": 30.0, "ts": "2026-10-04 16:16:27"}
[DBG] {"bytes": null, "category": "TRAIN", "component": "train", "event": "BEGIN:broadcast_preference_length", "host": "d6b2a058c4be", "pid": 194534, "rank": 1, "transport": "gloo_cpu", "ts": "2026-10-04 16:16:27"}
[DBG] {"category": "TRAIN", "component": "train", "event": "watchdog_armed", "host": "d6b2a058c4be", "pid": 194534, "rank": 1, "stage": "broadcast_preference_length", "timeout_sec": 30.0, "ts": "2026-10-04 16:16:27"}
[DBG] {"category": "TRAIN", "component": "train", "elapsed_sec": 0.018044, "event": "END:broadcast_preference_length", "host": "d6b2a058c4be", "pid": 194534, "rank": 1, "ts": "2026-10-04 16:16:27"}
[DBG] {"category": "TRAIN", "component": "train", "event": "watchdog_armed", "host": "d6b2a058c4be", "pid": 194534, "rank": 1, "stage": "broadcast_preference_payload", "timeout_sec": 30.0, "ts": "2026-10-04 16:16:27"}
[DBG] {"category": "TRAIN", "component": "train", "elapsed_sec": 0.019215, "event": "END:broadcast_preference_payload", "host": "d6b2a058c4be", "pid": 194534, "rank": 1, "ts": "2026-10-04 16:16:27"}
[DBG] {"category": "TRAIN", "component": "train", "event": "BEGIN:broadcast_stop_flag", "host": "d6b2a058c4be", "pid": 194534, "rank": 1, "transport": "gloo_cpu", "ts": "2026-10-04 16:16:27", "value": null}
[DBG] {"category": "TRAIN", "component": "train", "event": "watchdog_armed", "host": "d6b2a058c4be", "pid": 194534, "rank": 1, "stage": "broadcast_stop_flag", "timeout_sec": 30.0, "ts": "2026-10-04 16:16:27"}
[DBG] {"category": "TRAIN", "component": "train", "elapsed_sec": 0.00648, "event": "END:broadcast_stop_flag", "host": "d6b2a058c4be", "pid": 194534, "rank": 1, "ts": "2026-10-04 16:16:27"}
[DBG] {"category": "TRAIN", "component": "train", "event": "BEGIN:broadcast_preference_payload", "has_payload": null, "host": "d6b2a058c4be", "pid": 194534, "rank": 1, "transport": "json_uint8_gloo", "ts": "2026-10-04 16:16:27"}
[DBG] {"category": "TRAIN", "component": "train", "event": "watchdog_armed", "host": "d6b2a058c4be", "pid": 194534, "rank": 1, "stage": "broadcast_preference_payload", "timeout_sec": 30.0, "ts": "2026-10-04 16:16:27"}
[DBG] {"bytes": null, "category": "TRAIN", "component": "train", "event": "BEGIN:broadcast_preference_length", "host": "d6b2a058c4be", "pid": 194534, "rank": 1, "transport": "gloo_cpu", "ts": "2026-10-04 16:16:27"}
[DBG] {"category": "TRAIN", "component": "train", "event": "watchdog_armed", "host": "d6b2a058c4be", "pid": 194534, "rank": 1, "stage": "broadcast_preference_length", "timeout_sec": 30.0, "ts": "2026-10-04 16:16:27"}
[DBG] {"category": "TRAIN", "component": "train", "elapsed_sec": 0.010444, "event": "END:broadcast_preference_length", "host": "d6b2a058c4be", "pid": 194534, "rank": 1, "ts": "2026-10-04 16:16:27"}
[DBG] {"category": "TRAIN", "component": "train", "event": "watchdog_armed", "host": "d6b2a058c4be", "pid": 194534, "rank": 1, "stage": "broadcast_preference_payload", "timeout_sec": 30.0, "ts": "2026-10-04 16:16:27"}
[DBG] {"category": "TRAIN", "component": "train", "elapsed_sec": 0.011649, "event": "END:broadcast_preference_payload", "host": "d6b2a058c4be", "pid": 194534, "rank": 1, "ts": "2026-10-04 16:16:27"}
[DBG] {"category": "TRAIN", "component": "train", "event": "BEGIN:broadcast_stop_flag", "host": "d6b2a058c4be", "pid": 194534, "rank": 1, "transport": "gloo_cpu", "ts": "2026-10-04 16:16:28", "value": null}
[DBG] {"category": "TRAIN", "component": "train", "event": "watchdog_armed", "host": "d6b2a058c4be", "pid": 194534, "rank": 1, "stage": "broadcast_stop_flag", "timeout_sec": 30.0, "ts": "2026-10-04 16:16:28"}
[DBG] {"category": "TRAIN", "component": "train", "elapsed_sec": 0.004773, "event": "END:broadcast_stop_flag", "host": "d6b2a058c4be", "pid": 194534, "rank": 1, "ts": "2026-10-04 16:16:28"}
[DBG] {"category": "TRAIN", "component": "train", "event": "BEGIN:broadcast_preference_payload", "has_payload": null, "host": "d6b2a058c4be", "pid": 194534, "rank": 1, "transport": "json_uint8_gloo", "ts": "2026-10-04 16:16:28"}
[DBG] {"category": "TRAIN", "component": "train", "event": "watchdog_armed", "host": "d6b2a058c4be", "pid": 194534, "rank": 1, "stage": "broadcast_preference_payload", "timeout_sec": 30.0, "ts": "2026-10-04 16:16:28"}
[DBG] {"bytes": null, "category": "TRAIN", "component": "train", "event": "BEGIN:broadcast_preference_length", "host": "d6b2a058c4be", "pid": 194534, "rank": 1, "transport": "gloo_cpu", "ts": "2026-10-04 16:16:28"}
[DBG] {"category": "TRAIN", "component": "train", "event": "watchdog_armed", "host": "d6b2a058c4be", "pid": 194534, "rank": 1, "stage": "broadcast_preference_length", "timeout_sec": 30.0, "ts": "2026-10-04 16:16:28"}
[DBG] {"category": "TRAIN", "component": "train", "elapsed_sec": 0.010763, "event": "END:broadcast_preference_length", "host": "d6b2a058c4be", "pid": 194534, "rank": 1, "ts": "2026-10-04 16:16:28"}
[DBG] {"category": "TRAIN", "component": "train", "event": "watchdog_armed", "host": "d6b2a058c4be", "pid": 194534, "rank": 1, "stage": "broadcast_preference_payload", "timeout_sec": 30.0, "ts": "2026-10-04 16:16:28"}
[DBG] {"category": "TRAIN", "component": "train", "elapsed_sec": 0.011986, "event": "END:broadcast_preference_payload", "host": "d6b2a058c4be", "pid": 194534, "rank": 1, "ts": "2026-10-04 16:16:28"}
[DBG] {"category": "TRAIN", "component": "train", "event": "BEGIN:broadcast_stop_flag", "host": "d6b2a058c4be", "pid": 194534, "rank": 1, "transport": "gloo_cpu", "ts": "2026-10-04 16:16:28", "value": null}
[DBG] {"category": "TRAIN", "component": "train", "event": "watchdog_armed", "host": "d6b2a058c4be", "pid": 194534, "rank": 1, "stage": "broadcast_stop_flag", "timeout_sec": 30.0, "ts": "2026-10-04 16:16:28"}
[DBG] {"category": "TRAIN", "component": "train", "elapsed_sec": 0.007236, "event": "END:broadcast_stop_flag", "host": "d6b2a058c4be", "pid": 194534, "rank": 1, "ts": "2026-10-04 16:16:28"}
[DBG] {"category": "TRAIN", "component": "train", "event": "BEGIN:broadcast_preference_payload", "has_payload": null, "host": "d6b2a058c4be", "pid": 194534, "rank": 1, "transport": "json_uint8_gloo", "ts": "2026-10-04 16:16:28"}
[DBG] {"category": "TRAIN", "component": "train", "event": "watchdog_armed", "host": "d6b2a058c4be", "pid": 194534, "rank": 1, "stage": "broadcast_preference_payload", "timeout_sec": 30.0, "ts": "2026-10-04 16:16:28"}
[DBG] {"bytes": null, "category": "TRAIN", "component": "train", "event": "BEGIN:broadcast_preference_length", "host": "d6b2a058c4be", "pid": 194534, "rank": 1, "transport": "gloo_cpu", "ts": "2026-10-04 16:16:28"}
[DBG] {"category": "TRAIN", "component": "train", "event": "watchdog_armed", "host": "d6b2a058c4be", "pid": 194534, "rank": 1, "stage": "broadcast_preference_length", "timeout_sec": 30.0, "ts": "2026-10-04 16:16:28"}
[DBG] {"category": "TRAIN", "component": "train", "elapsed_sec": 0.016916, "event": "END:broadcast_preference_length", "host": "d6b2a058c4be", "pid": 194534, "rank": 1, "ts": "2026-10-04 16:16:28"}
[DBG] {"category": "TRAIN", "component": "train", "event": "watchdog_armed", "host": "d6b2a058c4be", "pid": 194534, "rank": 1, "stage": "broadcast_preference_payload", "timeout_sec": 30.0, "ts": "2026-10-04 16:16:28"}
[DBG] {"category": "TRAIN", "component": "train", "elapsed_sec": 0.018192, "event": "END:broadcast_preference_payload", "host": "d6b2a058c4be", "pid": 194534, "rank": 1, "ts": "2026-10-04 16:16:28"}
[DBG] {"category": "TRAIN", "component": "train", "event": "BEGIN:broadcast_stop_flag", "host": "d6b2a058c4be", "pid": 194534, "rank": 1, "transport": "gloo_cpu", "ts": "2026-10-04 16:16:29", "value": null}
[DBG] {"category": "TRAIN", "component": "train", "event": "watchdog_armed", "host": "d6b2a058c4be", "pid": 194534, "rank": 1, "stage": "broadcast_stop_flag", "timeout_sec": 30.0, "ts": "2026-10-04 16:16:29"}
[DBG] {"category": "TRAIN", "component": "train", "elapsed_sec": 0.007909, "event": "END:broadcast_stop_flag", "host": "d6b2a058c4be", "pid": 194534, "rank": 1, "ts": "2026-10-04 16:16:29"}
[DBG] {"category": "TRAIN", "component": "train", "event": "BEGIN:broadcast_preference_payload", "has_payload": null, "host": "d6b2a058c4be", "pid": 194534, "rank": 1, "transport": "json_uint8_gloo", "ts": "2026-10-04 16:16:29"}
[DBG] {"category": "TRAIN", "component": "train", "event": "watchdog_armed", "host": "d6b2a058c4be", "pid": 194534, "rank": 1, "stage": "broadcast_preference_payload", "timeout_sec": 30.0, "ts": "2026-10-04 16:16:29"}
[DBG] {"bytes": null, "category": "TRAIN", "component": "train", "event": "BEGIN:broadcast_preference_length", "host": "d6b2a058c4be", "pid": 194534, "rank": 1, "transport": "gloo_cpu", "ts": "2026-10-04 16:16:29"}
[DBG] {"category": "TRAIN", "component": "train", "event": "watchdog_armed", "host": "d6b2a058c4be", "pid": 194534, "rank": 1, "stage": "broadcast_preference_length", "timeout_sec": 30.0, "ts": "2026-10-04 16:16:29"}
[DBG] {"category": "TRAIN", "component": "train", "elapsed_sec": 0.014767, "event": "END:broadcast_preference_length", "host": "d6b2a058c4be", "pid": 194534, "rank": 1, "ts": "2026-10-04 16:16:29"}
[DBG] {"category": "TRAIN", "component": "train", "event": "watchdog_armed", "host": "d6b2a058c4be", "pid": 194534, "rank": 1, "stage": "broadcast_preference_payload", "timeout_sec": 30.0, "ts": "2026-10-04 16:16:29"}
[DBG] {"category": "TRAIN", "component": "train", "elapsed_sec": 0.016083, "event": "END:broadcast_preference_payload", "host": "d6b2a058c4be", "pid": 194534, "rank": 1, "ts": "2026-10-04 16:16:29"}
[DBG] {"category": "TRAIN", "component": "train", "event": "BEGIN:broadcast_stop_flag", "host": "d6b2a058c4be", "pid": 194534, "rank": 1, "transport": "gloo_cpu", "ts": "2026-10-04 16:16:29", "value": null}
[DBG] {"category": "TRAIN", "component": "train", "event": "watchdog_armed", "host": "d6b2a058c4be", "pid": 194534, "rank": 1, "stage": "broadcast_stop_flag", "timeout_sec": 30.0, "ts": "2026-10-04 16:16:29"}
[DBG] {"category": "TRAIN", "component": "train", "elapsed_sec": 0.007752, "event": "END:broadcast_stop_flag", "host": "d6b2a058c4be", "pid": 194534, "rank": 1, "ts": "2026-10-04 16:16:29"}
[DBG] {"category": "TRAIN", "component": "train", "event": "BEGIN:broadcast_preference_payload", "has_payload": null, "host": "d6b2a058c4be", "pid": 194534, "rank": 1, "transport": "json_uint8_gloo", "ts": "2026-10-04 16:16:29"}
[DBG] {"category": "TRAIN", "component": "train", "event": "watchdog_armed", "host": "d6b2a058c4be", "pid": 194534, "rank": 1, "stage": "broadcast_preference_payload", "timeout_sec": 30.0, "ts": "2026-10-04 16:16:29"}
[DBG] {"bytes": null, "category": "TRAIN", "component": "train", "event": "BEGIN:broadcast_preference_length", "host": "d6b2a058c4be", "pid": 194534, "rank": 1, "transport": "gloo_cpu", "ts": "2026-10-04 16:16:29"}
[DBG] {"category": "TRAIN", "component": "train", "event": "watchdog_armed", "host": "d6b2a058c4be", "pid": 194534, "rank": 1, "stage": "broadcast_preference_length", "timeout_sec": 30.0, "ts": "2026-10-04 16:16:29"}
[DBG] {"category": "TRAIN", "component": "train", "elapsed_sec": 0.017287, "event": "END:broadcast_preference_length", "host": "d6b2a058c4be", "pid": 194534, "rank": 1, "ts": "2026-10-04 16:16:29"}
[DBG] {"category": "TRAIN", "component": "train", "event": "watchdog_armed", "host": "d6b2a058c4be", "pid": 194534, "rank": 1, "stage": "broadcast_preference_payload", "timeout_sec": 30.0, "ts": "2026-10-04 16:16:29"}
[DBG] {"category": "TRAIN", "component": "train", "elapsed_sec": 0.018557, "event": "END:broadcast_preference_payload", "host": "d6b2a058c4be", "pid": 194534, "rank": 1, "ts": "2026-10-04 16:16:29"}
[DBG] {"category": "TRAIN", "component": "train", "event": "BEGIN:broadcast_stop_flag", "host": "d6b2a058c4be", "pid": 194534, "rank": 1, "transport": "gloo_cpu", "ts": "2026-10-04 16:16:30", "value": null}
[DBG] {"category": "TRAIN", "component": "train", "event": "watchdog_armed", "host": "d6b2a058c4be", "pid": 194534, "rank": 1, "stage": "broadcast_stop_flag", "timeout_sec": 30.0, "ts": "2026-10-04 16:16:30"}
[DBG] {"category": "TRAIN", "component": "train", "elapsed_sec": 0.007086, "event": "END:broadcast_stop_flag", "host": "d6b2a058c4be", "pid": 194534, "rank": 1, "ts": "2026-10-04 16:16:30"}
[DBG] {"category": "TRAIN", "component": "train", "event": "BEGIN:broadcast_preference_payload", "has_payload": null, "host": "d6b2a058c4be", "pid": 194534, "rank": 1, "transport": "json_uint8_gloo", "ts": "2026-10-04 16:16:30"}
[DBG] {"category": "TRAIN", "component": "train", "event": "watchdog_armed", "host": "d6b2a058c4be", "pid": 194534, "rank": 1, "stage": "broadcast_preference_payload", "timeout_sec": 30.0, "ts": "2026-10-04 16:16:30"}
[DBG] {"bytes": null, "category": "TRAIN", "component": "train", "event": "BEGIN:broadcast_preference_length", "host": "d6b2a058c4be", "pid": 194534, "rank": 1, "transport": "gloo_cpu", "ts": "2026-10-04 16:16:30"}
[DBG] {"category": "TRAIN", "component": "train", "event": "watchdog_armed", "host": "d6b2a058c4be", "pid": 194534, "rank": 1, "stage": "broadcast_preference_length", "timeout_sec": 30.0, "ts": "2026-10-04 16:16:30"}
[DBG] {"category": "TRAIN", "component": "train", "elapsed_sec": 0.01649, "event": "END:broadcast_preference_length", "host": "d6b2a058c4be", "pid": 194534, "rank": 1, "ts": "2026-10-04 16:16:30"}
[DBG] {"category": "TRAIN", "component": "train", "event": "watchdog_armed", "host": "d6b2a058c4be", "pid": 194534, "rank": 1, "stage": "broadcast_preference_payload", "timeout_sec": 30.0, "ts": "2026-10-04 16:16:30"}
[DBG] {"category": "TRAIN", "component": "train", "elapsed_sec": 0.017764, "event": "END:broadcast_preference_payload", "host": "d6b2a058c4be", "pid": 194534, "rank": 1, "ts": "2026-10-04 16:16:30"}
[DBG] {"category": "TRAIN", "component": "train", "event": "BEGIN:broadcast_stop_flag", "host": "d6b2a058c4be", "pid": 194534, "rank": 1, "transport": "gloo_cpu", "ts": "2026-10-04 16:16:30", "value": null}
[DBG] {"category": "TRAIN", "component": "train", "event": "watchdog_armed", "host": "d6b2a058c4be", "pid": 194534, "rank": 1, "stage": "broadcast_stop_flag", "timeout_sec": 30.0, "ts": "2026-10-04 16:16:30"}
[DBG] {"category": "TRAIN", "component": "train", "elapsed_sec": 0.006582, "event": "END:broadcast_stop_flag", "host": "d6b2a058c4be", "pid": 194534, "rank": 1, "ts": "2026-10-04 16:16:30"}
[DBG] {"category": "TRAIN", "component": "train", "event": "BEGIN:broadcast_preference_payload", "has_payload": null, "host": "d6b2a058c4be", "pid": 194534, "rank": 1, "transport": "json_uint8_gloo", "ts": "2026-10-04 16:16:30"}
[DBG] {"category": "TRAIN", "component": "train", "event": "watchdog_armed", "host": "d6b2a058c4be", "pid": 194534, "rank": 1, "stage": "broadcast_preference_payload", "timeout_sec": 30.0, "ts": "2026-10-04 16:16:30"}
[DBG] {"bytes": null, "category": "TRAIN", "component": "train", "event": "BEGIN:broadcast_preference_length", "host": "d6b2a058c4be", "pid": 194534, "rank": 1, "transport": "gloo_cpu", "ts": "2026-10-04 16:16:30"}
[DBG] {"category": "TRAIN", "component": "train", "event": "watchdog_armed", "host": "d6b2a058c4be", "pid": 194534, "rank": 1, "stage": "broadcast_preference_length", "timeout_sec": 30.0, "ts": "2026-10-04 16:16:30"}
[DBG] {"category": "TRAIN", "component": "train", "elapsed_sec": 0.013454, "event": "END:broadcast_preference_length", "host": "d6b2a058c4be", "pid": 194534, "rank": 1, "ts": "2026-10-04 16:16:30"}
[DBG] {"category": "TRAIN", "component": "train", "event": "watchdog_armed", "host": "d6b2a058c4be", "pid": 194534, "rank": 1, "stage": "broadcast_preference_payload", "timeout_sec": 30.0, "ts": "2026-10-04 16:16:30"}
[DBG] {"category": "TRAIN", "component": "train", "elapsed_sec": 0.014709, "event": "END:broadcast_preference_payload", "host": "d6b2a058c4be", "pid": 194534, "rank": 1, "ts": "2026-10-04 16:16:30"}
[DBG] {"category": "TRAIN", "component": "train", "event": "BEGIN:broadcast_stop_flag", "host": "d6b2a058c4be", "pid": 194534, "rank": 1, "transport": "gloo_cpu", "ts": "2026-10-04 16:16:31", "value": null}
[DBG] {"category": "TRAIN", "component": "train", "event": "watchdog_armed", "host": "d6b2a058c4be", "pid": 194534, "rank": 1, "stage": "broadcast_stop_flag", "timeout_sec": 30.0, "ts": "2026-10-04 16:16:31"}
[DBG] {"category": "TRAIN", "component": "train", "elapsed_sec": 0.006119, "event": "END:broadcast_stop_flag", "host": "d6b2a058c4be", "pid": 194534, "rank": 1, "ts": "2026-10-04 16:16:31"}
[DBG] {"category": "TRAIN", "component": "train", "event": "BEGIN:broadcast_preference_payload", "has_payload": null, "host": "d6b2a058c4be", "pid": 194534, "rank": 1, "transport": "json_uint8_gloo", "ts": "2026-10-04 16:16:31"}
[DBG] {"category": "TRAIN", "component": "train", "event": "watchdog_armed", "host": "d6b2a058c4be", "pid": 194534, "rank": 1, "stage": "broadcast_preference_payload", "timeout_sec": 30.0, "ts": "2026-10-04 16:16:31"}
[DBG] {"bytes": null, "category": "TRAIN", "component": "train", "event": "BEGIN:broadcast_preference_length", "host": "d6b2a058c4be", "pid": 194534, "rank": 1, "transport": "gloo_cpu", "ts": "2026-10-04 16:16:31"}
[DBG] {"category": "TRAIN", "component": "train", "event": "watchdog_armed", "host": "d6b2a058c4be", "pid": 194534, "rank": 1, "stage": "broadcast_preference_length", "timeout_sec": 30.0, "ts": "2026-10-04 16:16:31"}
[DBG] {"category": "TRAIN", "component": "train", "elapsed_sec": 0.012778, "event": "END:broadcast_preference_length", "host": "d6b2a058c4be", "pid": 194534, "rank": 1, "ts": "2026-10-04 16:16:31"}
[DBG] {"category": "TRAIN", "component": "train", "event": "watchdog_armed", "host": "d6b2a058c4be", "pid": 194534, "rank": 1, "stage": "broadcast_preference_payload", "timeout_sec": 30.0, "ts": "2026-10-04 16:16:31"}
[DBG] {"category": "TRAIN", "component": "train", "elapsed_sec": 0.013953, "event": "END:broadcast_preference_payload", "host": "d6b2a058c4be", "pid": 194534, "rank": 1, "ts": "2026-10-04 16:16:31"}
[DBG] {"category": "TRAIN", "component": "train", "event": "BEGIN:broadcast_stop_flag", "host": "d6b2a058c4be", "pid": 194534, "rank": 1, "transport": "gloo_cpu", "ts": "2026-10-04 16:16:31", "value": null}
[DBG] {"category": "TRAIN", "component": "train", "event": "watchdog_armed", "host": "d6b2a058c4be", "pid": 194534, "rank": 1, "stage": "broadcast_stop_flag", "timeout_sec": 30.0, "ts": "2026-10-04 16:16:31"}
[DBG] {"category": "TRAIN", "component": "train", "elapsed_sec": 0.005841, "event": "END:broadcast_stop_flag", "host": "d6b2a058c4be", "pid": 194534, "rank": 1, "ts": "2026-10-04 16:16:31"}
[DBG] {"category": "TRAIN", "component": "train", "event": "BEGIN:broadcast_preference_payload", "has_payload": null, "host": "d6b2a058c4be", "pid": 194534, "rank": 1, "transport": "json_uint8_gloo", "ts": "2026-10-04 16:16:31"}
[DBG] {"category": "TRAIN", "component": "train", "event": "watchdog_armed", "host": "d6b2a058c4be", "pid": 194534, "rank": 1, "stage": "broadcast_preference_payload", "timeout_sec": 30.0, "ts": "2026-10-04 16:16:31"}
[DBG] {"bytes": null, "category": "TRAIN", "component": "train", "event": "BEGIN:broadcast_preference_length", "host": "d6b2a058c4be", "pid": 194534, "rank": 1, "transport": "gloo_cpu", "ts": "2026-10-04 16:16:31"}
[DBG] {"category": "TRAIN", "component": "train", "event": "watchdog_armed", "host": "d6b2a058c4be", "pid": 194534, "rank": 1, "stage": "broadcast_preference_length", "timeout_sec": 30.0, "ts": "2026-10-04 16:16:31"}
[DBG] {"category": "TRAIN", "component": "train", "elapsed_sec": 0.014118, "event": "END:broadcast_preference_length", "host": "d6b2a058c4be", "pid": 194534, "rank": 1, "ts": "2026-10-04 16:16:31"}
[DBG] {"category": "TRAIN", "component": "train", "event": "watchdog_armed", "host": "d6b2a058c4be", "pid": 194534, "rank": 1, "stage": "broadcast_preference_payload", "timeout_sec": 30.0, "ts": "2026-10-04 16:16:31"}
[DBG] {"category": "TRAIN", "component": "train", "elapsed_sec": 0.01527, "event": "END:broadcast_preference_payload", "host": "d6b2a058c4be", "pid": 194534, "rank": 1, "ts": "2026-10-04 16:16:31"}
[DBG] {"category": "TRAIN", "component": "train", "event": "BEGIN:broadcast_stop_flag", "host": "d6b2a058c4be", "pid": 194534, "rank": 1, "transport": "gloo_cpu", "ts": "2026-10-04 16:16:32", "value": null}
[DBG] {"category": "TRAIN", "component": "train", "event": "watchdog_armed", "host": "d6b2a058c4be", "pid": 194534, "rank": 1, "stage": "broadcast_stop_flag", "timeout_sec": 30.0, "ts": "2026-10-04 16:16:32"}
[DBG] {"category": "TRAIN", "component": "train", "elapsed_sec": 0.007605, "event": "END:broadcast_stop_flag", "host": "d6b2a058c4be", "pid": 194534, "rank": 1, "ts": "2026-10-04 16:16:32"}
[DBG] {"category": "TRAIN", "component": "train", "event": "BEGIN:broadcast_preference_payload", "has_payload": null, "host": "d6b2a058c4be", "pid": 194534, "rank": 1, "transport": "json_uint8_gloo", "ts": "2026-10-04 16:16:32"}
[DBG] {"category": "TRAIN", "component": "train", "event": "watchdog_armed", "host": "d6b2a058c4be", "pid": 194534, "rank": 1, "stage": "broadcast_preference_payload", "timeout_sec": 30.0, "ts": "2026-10-04 16:16:32"}
[DBG] {"bytes": null, "category": "TRAIN", "component": "train", "event": "BEGIN:broadcast_preference_length", "host": "d6b2a058c4be", "pid": 194534, "rank": 1, "transport": "gloo_cpu", "ts": "2026-10-04 16:16:32"}
[DBG] {"category": "TRAIN", "component": "train", "event": "watchdog_armed", "host": "d6b2a058c4be", "pid": 194534, "rank": 1, "stage": "broadcast_preference_length", "timeout_sec": 30.0, "ts": "2026-10-04 16:16:32"}
[DBG] {"category": "TRAIN", "component": "train", "elapsed_sec": 0.015962, "event": "END:broadcast_preference_length", "host": "d6b2a058c4be", "pid": 194534, "rank": 1, "ts": "2026-10-04 16:16:32"}
[DBG] {"category": "TRAIN", "component": "train", "event": "watchdog_armed", "host": "d6b2a058c4be", "pid": 194534, "rank": 1, "stage": "broadcast_preference_payload", "timeout_sec": 30.0, "ts": "2026-10-04 16:16:32"}
[DBG] {"category": "TRAIN", "component": "train", "elapsed_sec": 0.017123, "event": "END:broadcast_preference_payload", "host": "d6b2a058c4be", "pid": 194534, "rank": 1, "ts": "2026-10-04 16:16:32"}
[DBG] {"category": "TRAIN", "component": "train", "event": "BEGIN:broadcast_stop_flag", "host": "d6b2a058c4be", "pid": 194534, "rank": 1, "transport": "gloo_cpu", "ts": "2026-10-04 16:16:33", "value": null}
[DBG] {"category": "TRAIN", "component": "train", "event": "watchdog_armed", "host": "d6b2a058c4be", "pid": 194534, "rank": 1, "stage": "broadcast_stop_flag", "timeout_sec": 30.0, "ts": "2026-10-04 16:16:33"}
[DBG] {"category": "TRAIN", "component": "train", "elapsed_sec": 0.007221, "event": "END:broadcast_stop_flag", "host": "d6b2a058c4be", "pid": 194534, "rank": 1, "ts": "2026-10-04 16:16:33"}
[DBG] {"category": "TRAIN", "component": "train", "event": "BEGIN:broadcast_preference_payload", "has_payload": null, "host": "d6b2a058c4be", "pid": 194534, "rank": 1, "transport": "json_uint8_gloo", "ts": "2026-10-04 16:16:33"}
[DBG] {"category": "TRAIN", "component": "train", "event": "watchdog_armed", "host": "d6b2a058c4be", "pid": 194534, "rank": 1, "stage": "broadcast_preference_payload", "timeout_sec": 30.0, "ts": "2026-10-04 16:16:33"}
[DBG] {"bytes": null, "category": "TRAIN", "component": "train", "event": "BEGIN:broadcast_preference_length", "host": "d6b2a058c4be", "pid": 194534, "rank": 1, "transport": "gloo_cpu", "ts": "2026-10-04 16:16:33"}
[DBG] {"category": "TRAIN", "component": "train", "event": "watchdog_armed", "host": "d6b2a058c4be", "pid": 194534, "rank": 1, "stage": "broadcast_preference_length", "timeout_sec": 30.0, "ts": "2026-10-04 16:16:33"}
[DBG] {"category": "TRAIN", "component": "train", "elapsed_sec": 0.016855, "event": "END:broadcast_preference_length", "host": "d6b2a058c4be", "pid": 194534, "rank": 1, "ts": "2026-10-04 16:16:33"}
[DBG] {"category": "TRAIN", "component": "train", "event": "watchdog_armed", "host": "d6b2a058c4be", "pid": 194534, "rank": 1, "stage": "broadcast_preference_payload", "timeout_sec": 30.0, "ts": "2026-10-04 16:16:33"}
[DBG] {"category": "TRAIN", "component": "train", "elapsed_sec": 0.018209, "event": "END:broadcast_preference_payload", "host": "d6b2a058c4be", "pid": 194534, "rank": 1, "ts": "2026-10-04 16:16:33"}
[DBG] {"category": "TRAIN", "component": "train", "event": "BEGIN:broadcast_stop_flag", "host": "d6b2a058c4be", "pid": 194534, "rank": 1, "transport": "gloo_cpu", "ts": "2026-10-04 16:16:33", "value": null}
[DBG] {"category": "TRAIN", "component": "train", "event": "watchdog_armed", "host": "d6b2a058c4be", "pid": 194534, "rank": 1, "stage": "broadcast_stop_flag", "timeout_sec": 30.0, "ts": "2026-10-04 16:16:33"}
[DBG] {"category": "TRAIN", "component": "train", "elapsed_sec": 0.007089, "event": "END:broadcast_stop_flag", "host": "d6b2a058c4be", "pid": 194534, "rank": 1, "ts": "2026-10-04 16:16:33"}
[DBG] {"category": "TRAIN", "component": "train", "event": "BEGIN:broadcast_preference_payload", "has_payload": null, "host": "d6b2a058c4be", "pid": 194534, "rank": 1, "transport": "json_uint8_gloo", "ts": "2026-10-04 16:16:33"}
[DBG] {"category": "TRAIN", "component": "train", "event": "watchdog_armed", "host": "d6b2a058c4be", "pid": 194534, "rank": 1, "stage": "broadcast_preference_payload", "timeout_sec": 30.0, "ts": "2026-10-04 16:16:33"}
[DBG] {"bytes": null, "category": "TRAIN", "component": "train", "event": "BEGIN:broadcast_preference_length", "host": "d6b2a058c4be", "pid": 194534, "rank": 1, "transport": "gloo_cpu", "ts": "2026-10-04 16:16:33"}
[DBG] {"category": "TRAIN", "component": "train", "event": "watchdog_armed", "host": "d6b2a058c4be", "pid": 194534, "rank": 1, "stage": "broadcast_preference_length", "timeout_sec": 30.0, "ts": "2026-10-04 16:16:33"}
[DBG] {"category": "TRAIN", "component": "train", "elapsed_sec": 0.017055, "event": "END:broadcast_preference_length", "host": "d6b2a058c4be", "pid": 194534, "rank": 1, "ts": "2026-10-04 16:16:33"}
[DBG] {"category": "TRAIN", "component": "train", "event": "watchdog_armed", "host": "d6b2a058c4be", "pid": 194534, "rank": 1, "stage": "broadcast_preference_payload", "timeout_sec": 30.0, "ts": "2026-10-04 16:16:33"}
[DBG] {"category": "TRAIN", "component": "train", "elapsed_sec": 0.018257, "event": "END:broadcast_preference_payload", "host": "d6b2a058c4be", "pid": 194534, "rank": 1, "ts": "2026-10-04 16:16:33"}
[DBG] {"category": "TRAIN", "component": "train", "event": "BEGIN:broadcast_stop_flag", "host": "d6b2a058c4be", "pid": 194534, "rank": 1, "transport": "gloo_cpu", "ts": "2026-10-04 16:16:34", "value": null}
[DBG] {"category": "TRAIN", "component": "train", "event": "watchdog_armed", "host": "d6b2a058c4be", "pid": 194534, "rank": 1, "stage": "broadcast_stop_flag", "timeout_sec": 30.0, "ts": "2026-10-04 16:16:34"}
[DBG] {"category": "TRAIN", "component": "train", "elapsed_sec": 0.00913, "event": "END:broadcast_stop_flag", "host": "d6b2a058c4be", "pid": 194534, "rank": 1, "ts": "2026-10-04 16:16:34"}
[DBG] {"category": "TRAIN", "component": "train", "event": "BEGIN:broadcast_preference_payload", "has_payload": null, "host": "d6b2a058c4be", "pid": 194534, "rank": 1, "transport": "json_uint8_gloo", "ts": "2026-10-04 16:16:34"}
[DBG] {"category": "TRAIN", "component": "train", "event": "watchdog_armed", "host": "d6b2a058c4be", "pid": 194534, "rank": 1, "stage": "broadcast_preference_payload", "timeout_sec": 30.0, "ts": "2026-10-04 16:16:34"}
[DBG] {"bytes": null, "category": "TRAIN", "component": "train", "event": "BEGIN:broadcast_preference_length", "host": "d6b2a058c4be", "pid": 194534, "rank": 1, "transport": "gloo_cpu", "ts": "2026-10-04 16:16:34"}
[DBG] {"category": "TRAIN", "component": "train", "event": "watchdog_armed", "host": "d6b2a058c4be", "pid": 194534, "rank": 1, "stage": "broadcast_preference_length", "timeout_sec": 30.0, "ts": "2026-10-04 16:16:34"}
[DBG] {"category": "TRAIN", "component": "train", "elapsed_sec": 0.016955, "event": "END:broadcast_preference_length", "host": "d6b2a058c4be", "pid": 194534, "rank": 1, "ts": "2026-10-04 16:16:34"}
[DBG] {"category": "TRAIN", "component": "train", "event": "watchdog_armed", "host": "d6b2a058c4be", "pid": 194534, "rank": 1, "stage": "broadcast_preference_payload", "timeout_sec": 30.0, "ts": "2026-10-04 16:16:34"}
[DBG] {"category": "TRAIN", "component": "train", "elapsed_sec": 0.0183, "event": "END:broadcast_preference_payload", "host": "d6b2a058c4be", "pid": 194534, "rank": 1, "ts": "2026-10-04 16:16:34"}
[DBG] {"category": "TRAIN", "component": "train", "event": "BEGIN:broadcast_stop_flag", "host": "d6b2a058c4be", "pid": 194534, "rank": 1, "transport": "gloo_cpu", "ts": "2026-10-04 16:16:34", "value": null}
[DBG] {"category": "TRAIN", "component": "train", "event": "watchdog_armed", "host": "d6b2a058c4be", "pid": 194534, "rank": 1, "stage": "broadcast_stop_flag", "timeout_sec": 30.0, "ts": "2026-10-04 16:16:34"}
[DBG] {"category": "TRAIN", "component": "train", "elapsed_sec": 0.008505, "event": "END:broadcast_stop_flag", "host": "d6b2a058c4be", "pid": 194534, "rank": 1, "ts": "2026-10-04 16:16:34"}
[DBG] {"category": "TRAIN", "component": "train", "event": "BEGIN:broadcast_preference_payload", "has_payload": null, "host": "d6b2a058c4be", "pid": 194534, "rank": 1, "transport": "json_uint8_gloo", "ts": "2026-10-04 16:16:34"}
[DBG] {"category": "TRAIN", "component": "train", "event": "watchdog_armed", "host": "d6b2a058c4be", "pid": 194534, "rank": 1, "stage": "broadcast_preference_payload", "timeout_sec": 30.0, "ts": "2026-10-04 16:16:34"}
[DBG] {"bytes": null, "category": "TRAIN", "component": "train", "event": "BEGIN:broadcast_preference_length", "host": "d6b2a058c4be", "pid": 194534, "rank": 1, "transport": "gloo_cpu", "ts": "2026-10-04 16:16:34"}
[DBG] {"category": "TRAIN", "component": "train", "event": "watchdog_armed", "host": "d6b2a058c4be", "pid": 194534, "rank": 1, "stage": "broadcast_preference_length", "timeout_sec": 30.0, "ts": "2026-10-04 16:16:34"}
[DBG] {"category": "TRAIN", "component": "train", "elapsed_sec": 0.016735, "event": "END:broadcast_preference_length", "host": "d6b2a058c4be", "pid": 194534, "rank": 1, "ts": "2026-10-04 16:16:34"}
[DBG] {"category": "TRAIN", "component": "train", "event": "watchdog_armed", "host": "d6b2a058c4be", "pid": 194534, "rank": 1, "stage": "broadcast_preference_payload", "timeout_sec": 30.0, "ts": "2026-10-04 16:16:34"}
[DBG] {"category": "TRAIN", "component": "train", "elapsed_sec": 0.018015, "event": "END:broadcast_preference_payload", "host": "d6b2a058c4be", "pid": 194534, "rank": 1, "ts": "2026-10-04 16:16:34"}
[DBG] {"category": "TRAIN", "component": "train", "event": "BEGIN:broadcast_stop_flag", "host": "d6b2a058c4be", "pid": 194534, "rank": 1, "transport": "gloo_cpu", "ts": "2026-10-04 16:16:35", "value": null}
[DBG] {"category": "TRAIN", "component": "train", "event": "watchdog_armed", "host": "d6b2a058c4be", "pid": 194534, "rank": 1, "stage": "broadcast_stop_flag", "timeout_sec": 30.0, "ts": "2026-10-04 16:16:35"}
[DBG] {"category": "TRAIN", "component": "train", "elapsed_sec": 0.006622, "event": "END:broadcast_stop_flag", "host": "d6b2a058c4be", "pid": 194534, "rank": 1, "ts": "2026-10-04 16:16:35"}
[DBG] {"category": "TRAIN", "component": "train", "event": "BEGIN:broadcast_preference_payload", "has_payload": null, "host": "d6b2a058c4be", "pid": 194534, "rank": 1, "transport": "json_uint8_gloo", "ts": "2026-10-04 16:16:35"}
[DBG] {"category": "TRAIN", "component": "train", "event": "watchdog_armed", "host": "d6b2a058c4be", "pid": 194534, "rank": 1, "stage": "broadcast_preference_payload", "timeout_sec": 30.0, "ts": "2026-10-04 16:16:35"}
[DBG] {"bytes": null, "category": "TRAIN", "component": "train", "event": "BEGIN:broadcast_preference_length", "host": "d6b2a058c4be", "pid": 194534, "rank": 1, "transport": "gloo_cpu", "ts": "2026-10-04 16:16:35"}
[DBG] {"category": "TRAIN", "component": "train", "event": "watchdog_armed", "host": "d6b2a058c4be", "pid": 194534, "rank": 1, "stage": "broadcast_preference_length", "timeout_sec": 30.0, "ts": "2026-10-04 16:16:35"}
[DBG] {"category": "TRAIN", "component": "train", "elapsed_sec": 0.015305, "event": "END:broadcast_preference_length", "host": "d6b2a058c4be", "pid": 194534, "rank": 1, "ts": "2026-10-04 16:16:35"}
[DBG] {"category": "TRAIN", "component": "train", "event": "watchdog_armed", "host": "d6b2a058c4be", "pid": 194534, "rank": 1, "stage": "broadcast_preference_payload", "timeout_sec": 30.0, "ts": "2026-10-04 16:16:35"}
[DBG] {"category": "TRAIN", "component": "train", "elapsed_sec": 0.016539, "event": "END:broadcast_preference_payload", "host": "d6b2a058c4be", "pid": 194534, "rank": 1, "ts": "2026-10-04 16:16:35"}
[DBG] {"category": "TRAIN", "component": "train", "event": "BEGIN:broadcast_stop_flag", "host": "d6b2a058c4be", "pid": 194534, "rank": 1, "transport": "gloo_cpu", "ts": "2026-10-04 16:16:35", "value": null}
[DBG] {"category": "TRAIN", "component": "train", "event": "watchdog_armed", "host": "d6b2a058c4be", "pid": 194534, "rank": 1, "stage": "broadcast_stop_flag", "timeout_sec": 30.0, "ts": "2026-10-04 16:16:35"}
[DBG] {"category": "TRAIN", "component": "train", "elapsed_sec": 0.007156, "event": "END:broadcast_stop_flag", "host": "d6b2a058c4be", "pid": 194534, "rank": 1, "ts": "2026-10-04 16:16:35"}
[DBG] {"category": "TRAIN", "component": "train", "event": "BEGIN:broadcast_preference_payload", "has_payload": null, "host": "d6b2a058c4be", "pid": 194534, "rank": 1, "transport": "json_uint8_gloo", "ts": "2026-10-04 16:16:35"}
[DBG] {"category": "TRAIN", "component": "train", "event": "watchdog_armed", "host": "d6b2a058c4be", "pid": 194534, "rank": 1, "stage": "broadcast_preference_payload", "timeout_sec": 30.0, "ts": "2026-10-04 16:16:35"}
[DBG] {"bytes": null, "category": "TRAIN", "component": "train", "event": "BEGIN:broadcast_preference_length", "host": "d6b2a058c4be", "pid": 194534, "rank": 1, "transport": "gloo_cpu", "ts": "2026-10-04 16:16:35"}
[DBG] {"category": "TRAIN", "component": "train", "event": "watchdog_armed", "host": "d6b2a058c4be", "pid": 194534, "rank": 1, "stage": "broadcast_preference_length", "timeout_sec": 30.0, "ts": "2026-10-04 16:16:35"}
[DBG] {"category": "TRAIN", "component": "train", "elapsed_sec": 0.017035, "event": "END:broadcast_preference_length", "host": "d6b2a058c4be", "pid": 194534, "rank": 1, "ts": "2026-10-04 16:16:35"}
[DBG] {"category": "TRAIN", "component": "train", "event": "watchdog_armed", "host": "d6b2a058c4be", "pid": 194534, "rank": 1, "stage": "broadcast_preference_payload", "timeout_sec": 30.0, "ts": "2026-10-04 16:16:35"}
[DBG] {"category": "TRAIN", "component": "train", "elapsed_sec": 0.018256, "event": "END:broadcast_preference_payload", "host": "d6b2a058c4be", "pid": 194534, "rank": 1, "ts": "2026-10-04 16:16:35"}
[DBG] {"category": "TRAIN", "component": "train", "event": "BEGIN:broadcast_stop_flag", "host": "d6b2a058c4be", "pid": 194534, "rank": 1, "transport": "gloo_cpu", "ts": "2026-10-04 16:16:36", "value": null}
[DBG] {"category": "TRAIN", "component": "train", "event": "watchdog_armed", "host": "d6b2a058c4be", "pid": 194534, "rank": 1, "stage": "broadcast_stop_flag", "timeout_sec": 30.0, "ts": "2026-10-04 16:16:36"}
[DBG] {"category": "TRAIN", "component": "train", "elapsed_sec": 0.008236, "event": "END:broadcast_stop_flag", "host": "d6b2a058c4be", "pid": 194534, "rank": 1, "ts": "2026-10-04 16:16:36"}
[DBG] {"category": "TRAIN", "component": "train", "event": "BEGIN:broadcast_preference_payload", "has_payload": null, "host": "d6b2a058c4be", "pid": 194534, "rank": 1, "transport": "json_uint8_gloo", "ts": "2026-10-04 16:16:36"}
[DBG] {"category": "TRAIN", "component": "train", "event": "watchdog_armed", "host": "d6b2a058c4be", "pid": 194534, "rank": 1, "stage": "broadcast_preference_payload", "timeout_sec": 30.0, "ts": "2026-10-04 16:16:36"}
[DBG] {"bytes": null, "category": "TRAIN", "component": "train", "event": "BEGIN:broadcast_preference_length", "host": "d6b2a058c4be", "pid": 194534, "rank": 1, "transport": "gloo_cpu", "ts": "2026-10-04 16:16:36"}
[DBG] {"category": "TRAIN", "component": "train", "event": "watchdog_armed", "host": "d6b2a058c4be", "pid": 194534, "rank": 1, "stage": "broadcast_preference_length", "timeout_sec": 30.0, "ts": "2026-10-04 16:16:36"}
[DBG] {"category": "TRAIN", "component": "train", "elapsed_sec": 0.017419, "event": "END:broadcast_preference_length", "host": "d6b2a058c4be", "pid": 194534, "rank": 1, "ts": "2026-10-04 16:16:36"}
[DBG] {"category": "TRAIN", "component": "train", "event": "watchdog_armed", "host": "d6b2a058c4be", "pid": 194534, "rank": 1, "stage": "broadcast_preference_payload", "timeout_sec": 30.0, "ts": "2026-10-04 16:16:36"}
[DBG] {"category": "TRAIN", "component": "train", "elapsed_sec": 0.018594, "event": "END:broadcast_preference_payload", "host": "d6b2a058c4be", "pid": 194534, "rank": 1, "ts": "2026-10-04 16:16:36"}
[DBG] {"category": "TRAIN", "component": "train", "event": "BEGIN:broadcast_stop_flag", "host": "d6b2a058c4be", "pid": 194534, "rank": 1, "transport": "gloo_cpu", "ts": "2026-10-04 16:16:36", "value": null}
[DBG] {"category": "TRAIN", "component": "train", "event": "watchdog_armed", "host": "d6b2a058c4be", "pid": 194534, "rank": 1, "stage": "broadcast_stop_flag", "timeout_sec": 30.0, "ts": "2026-10-04 16:16:36"}
[DBG] {"category": "TRAIN", "component": "train", "elapsed_sec": 0.007799, "event": "END:broadcast_stop_flag", "host": "d6b2a058c4be", "pid": 194534, "rank": 1, "ts": "2026-10-04 16:16:36"}
[DBG] {"category": "TRAIN", "component": "train", "event": "BEGIN:broadcast_preference_payload", "has_payload": null, "host": "d6b2a058c4be", "pid": 194534, "rank": 1, "transport": "json_uint8_gloo", "ts": "2026-10-04 16:16:36"}
[DBG] {"category": "TRAIN", "component": "train", "event": "watchdog_armed", "host": "d6b2a058c4be", "pid": 194534, "rank": 1, "stage": "broadcast_preference_payload", "timeout_sec": 30.0, "ts": "2026-10-04 16:16:36"}
[DBG] {"bytes": null, "category": "TRAIN", "component": "train", "event": "BEGIN:broadcast_preference_length", "host": "d6b2a058c4be", "pid": 194534, "rank": 1, "transport": "gloo_cpu", "ts": "2026-10-04 16:16:36"}
[DBG] {"category": "TRAIN", "component": "train", "event": "watchdog_armed", "host": "d6b2a058c4be", "pid": 194534, "rank": 1, "stage": "broadcast_preference_length", "timeout_sec": 30.0, "ts": "2026-10-04 16:16:36"}
[DBG] {"category": "TRAIN", "component": "train", "elapsed_sec": 0.017135, "event": "END:broadcast_preference_length", "host": "d6b2a058c4be", "pid": 194534, "rank": 1, "ts": "2026-10-04 16:16:36"}
[DBG] {"category": "TRAIN", "component": "train", "event": "watchdog_armed", "host": "d6b2a058c4be", "pid": 194534, "rank": 1, "stage": "broadcast_preference_payload", "timeout_sec": 30.0, "ts": "2026-10-04 16:16:36"}
[DBG] {"category": "TRAIN", "component": "train", "elapsed_sec": 0.018282, "event": "END:broadcast_preference_payload", "host": "d6b2a058c4be", "pid": 194534, "rank": 1, "ts": "2026-10-04 16:16:36"}
[DBG] {"category": "TRAIN", "component": "train", "event": "BEGIN:broadcast_stop_flag", "host": "d6b2a058c4be", "pid": 194534, "rank": 1, "transport": "gloo_cpu", "ts": "2026-10-04 16:16:37", "value": null}
[DBG] {"category": "TRAIN", "component": "train", "event": "watchdog_armed", "host": "d6b2a058c4be", "pid": 194534, "rank": 1, "stage": "broadcast_stop_flag", "timeout_sec": 30.0, "ts": "2026-10-04 16:16:37"}
[DBG] {"category": "TRAIN", "component": "train", "elapsed_sec": 0.008628, "event": "END:broadcast_stop_flag", "host": "d6b2a058c4be", "pid": 194534, "rank": 1, "ts": "2026-10-04 16:16:37"}
[DBG] {"category": "TRAIN", "component": "train", "event": "BEGIN:broadcast_preference_payload", "has_payload": null, "host": "d6b2a058c4be", "pid": 194534, "rank": 1, "transport": "json_uint8_gloo", "ts": "2026-10-04 16:16:37"}
[DBG] {"category": "TRAIN", "component": "train", "event": "watchdog_armed", "host": "d6b2a058c4be", "pid": 194534, "rank": 1, "stage": "broadcast_preference_payload", "timeout_sec": 30.0, "ts": "2026-10-04 16:16:37"}
[DBG] {"bytes": null, "category": "TRAIN", "component": "train", "event": "BEGIN:broadcast_preference_length", "host": "d6b2a058c4be", "pid": 194534, "rank": 1, "transport": "gloo_cpu", "ts": "2026-10-04 16:16:37"}
[DBG] {"category": "TRAIN", "component": "train", "event": "watchdog_armed", "host": "d6b2a058c4be", "pid": 194534, "rank": 1, "stage": "broadcast_preference_length", "timeout_sec": 30.0, "ts": "2026-10-04 16:16:37"}
[DBG] {"category": "TRAIN", "component": "train", "elapsed_sec": 0.016916, "event": "END:broadcast_preference_length", "host": "d6b2a058c4be", "pid": 194534, "rank": 1, "ts": "2026-10-04 16:16:37"}
[DBG] {"category": "TRAIN", "component": "train", "event": "watchdog_armed", "host": "d6b2a058c4be", "pid": 194534, "rank": 1, "stage": "broadcast_preference_payload", "timeout_sec": 30.0, "ts": "2026-10-04 16:16:37"}
[DBG] {"category": "TRAIN", "component": "train", "elapsed_sec": 0.018064, "event": "END:broadcast_preference_payload", "host": "d6b2a058c4be", "pid": 194534, "rank": 1, "ts": "2026-10-04 16:16:37"}
[DBG] {"category": "TRAIN", "component": "train", "event": "BEGIN:broadcast_stop_flag", "host": "d6b2a058c4be", "pid": 194534, "rank": 1, "transport": "gloo_cpu", "ts": "2026-10-04 16:16:37", "value": null}
[DBG] {"category": "TRAIN", "component": "train", "event": "watchdog_armed", "host": "d6b2a058c4be", "pid": 194534, "rank": 1, "stage": "broadcast_stop_flag", "timeout_sec": 30.0, "ts": "2026-10-04 16:16:37"}
[DBG] {"category": "TRAIN", "component": "train", "elapsed_sec": 0.00629, "event": "END:broadcast_stop_flag", "host": "d6b2a058c4be", "pid": 194534, "rank": 1, "ts": "2026-10-04 16:16:37"}
[DBG] {"category": "TRAIN", "component": "train", "event": "BEGIN:broadcast_preference_payload", "has_payload": null, "host": "d6b2a058c4be", "pid": 194534, "rank": 1, "transport": "json_uint8_gloo", "ts": "2026-10-04 16:16:37"}
[DBG] {"category": "TRAIN", "component": "train", "event": "watchdog_armed", "host": "d6b2a058c4be", "pid": 194534, "rank": 1, "stage": "broadcast_preference_payload", "timeout_sec": 30.0, "ts": "2026-10-04 16:16:37"}
[DBG] {"bytes": null, "category": "TRAIN", "component": "train", "event": "BEGIN:broadcast_preference_length", "host": "d6b2a058c4be", "pid": 194534, "rank": 1, "transport": "gloo_cpu", "ts": "2026-10-04 16:16:37"}
[DBG] {"category": "TRAIN", "component": "train", "event": "watchdog_armed", "host": "d6b2a058c4be", "pid": 194534, "rank": 1, "stage": "broadcast_preference_length", "timeout_sec": 30.0, "ts": "2026-10-04 16:16:37"}
[DBG] {"category": "TRAIN", "component": "train", "elapsed_sec": 0.012028, "event": "END:broadcast_preference_length", "host": "d6b2a058c4be", "pid": 194534, "rank": 1, "ts": "2026-10-04 16:16:37"}
[DBG] {"category": "TRAIN", "component": "train", "event": "watchdog_armed", "host": "d6b2a058c4be", "pid": 194534, "rank": 1, "stage": "broadcast_preference_payload", "timeout_sec": 30.0, "ts": "2026-10-04 16:16:37"}
[DBG] {"category": "TRAIN", "component": "train", "elapsed_sec": 0.013285, "event": "END:broadcast_preference_payload", "host": "d6b2a058c4be", "pid": 194534, "rank": 1, "ts": "2026-10-04 16:16:37"}
[DBG] {"category": "TRAIN", "component": "train", "event": "BEGIN:broadcast_stop_flag", "host": "d6b2a058c4be", "pid": 194534, "rank": 1, "transport": "gloo_cpu", "ts": "2026-10-04 16:16:38", "value": null}
[DBG] {"category": "TRAIN", "component": "train", "event": "watchdog_armed", "host": "d6b2a058c4be", "pid": 194534, "rank": 1, "stage": "broadcast_stop_flag", "timeout_sec": 30.0, "ts": "2026-10-04 16:16:38"}
[DBG] {"category": "TRAIN", "component": "train", "elapsed_sec": 0.007732, "event": "END:broadcast_stop_flag", "host": "d6b2a058c4be", "pid": 194534, "rank": 1, "ts": "2026-10-04 16:16:38"}
[DBG] {"category": "TRAIN", "component": "train", "event": "BEGIN:broadcast_preference_payload", "has_payload": null, "host": "d6b2a058c4be", "pid": 194534, "rank": 1, "transport": "json_uint8_gloo", "ts": "2026-10-04 16:16:38"}
[DBG] {"category": "TRAIN", "component": "train", "event": "watchdog_armed", "host": "d6b2a058c4be", "pid": 194534, "rank": 1, "stage": "broadcast_preference_payload", "timeout_sec": 30.0, "ts": "2026-10-04 16:16:38"}
[DBG] {"bytes": null, "category": "TRAIN", "component": "train", "event": "BEGIN:broadcast_preference_length", "host": "d6b2a058c4be", "pid": 194534, "rank": 1, "transport": "gloo_cpu", "ts": "2026-10-04 16:16:38"}
[DBG] {"category": "TRAIN", "component": "train", "event": "watchdog_armed", "host": "d6b2a058c4be", "pid": 194534, "rank": 1, "stage": "broadcast_preference_length", "timeout_sec": 30.0, "ts": "2026-10-04 16:16:38"}
[DBG] {"category": "TRAIN", "component": "train", "elapsed_sec": 0.021157, "event": "END:broadcast_preference_length", "host": "d6b2a058c4be", "pid": 194534, "rank": 1, "ts": "2026-10-04 16:16:38"}
[DBG] {"category": "TRAIN", "component": "train", "event": "watchdog_armed", "host": "d6b2a058c4be", "pid": 194534, "rank": 1, "stage": "broadcast_preference_payload", "timeout_sec": 30.0, "ts": "2026-10-04 16:16:38"}
[DBG] {"category": "TRAIN", "component": "train", "elapsed_sec": 0.022419, "event": "END:broadcast_preference_payload", "host": "d6b2a058c4be", "pid": 194534, "rank": 1, "ts": "2026-10-04 16:16:38"}
[DBG] {"category": "TRAIN", "component": "train", "event": "BEGIN:broadcast_stop_flag", "host": "d6b2a058c4be", "pid": 194534, "rank": 1, "transport": "gloo_cpu", "ts": "2026-10-04 16:16:38", "value": null}
[DBG] {"category": "TRAIN", "component": "train", "event": "watchdog_armed", "host": "d6b2a058c4be", "pid": 194534, "rank": 1, "stage": "broadcast_stop_flag", "timeout_sec": 30.0, "ts": "2026-10-04 16:16:38"}
[DBG] {"category": "TRAIN", "component": "train", "elapsed_sec": 0.007753, "event": "END:broadcast_stop_flag", "host": "d6b2a058c4be", "pid": 194534, "rank": 1, "ts": "2026-10-04 16:16:38"}
[DBG] {"category": "TRAIN", "component": "train", "event": "BEGIN:broadcast_preference_payload", "has_payload": null, "host": "d6b2a058c4be", "pid": 194534, "rank": 1, "transport": "json_uint8_gloo", "ts": "2026-10-04 16:16:38"}
[DBG] {"category": "TRAIN", "component": "train", "event": "watchdog_armed", "host": "d6b2a058c4be", "pid": 194534, "rank": 1, "stage": "broadcast_preference_payload", "timeout_sec": 30.0, "ts": "2026-10-04 16:16:38"}
[DBG] {"bytes": null, "category": "TRAIN", "component": "train", "event": "BEGIN:broadcast_preference_length", "host": "d6b2a058c4be", "pid": 194534, "rank": 1, "transport": "gloo_cpu", "ts": "2026-10-04 16:16:38"}
[DBG] {"category": "TRAIN", "component": "train", "event": "watchdog_armed", "host": "d6b2a058c4be", "pid": 194534, "rank": 1, "stage": "broadcast_preference_length", "timeout_sec": 30.0, "ts": "2026-10-04 16:16:38"}
[DBG] {"category": "TRAIN", "component": "train", "elapsed_sec": 0.017647, "event": "END:broadcast_preference_length", "host": "d6b2a058c4be", "pid": 194534, "rank": 1, "ts": "2026-10-04 16:16:38"}
[DBG] {"category": "TRAIN", "component": "train", "event": "watchdog_armed", "host": "d6b2a058c4be", "pid": 194534, "rank": 1, "stage": "broadcast_preference_payload", "timeout_sec": 30.0, "ts": "2026-10-04 16:16:38"}
[DBG] {"category": "TRAIN", "component": "train", "elapsed_sec": 0.018856, "event": "END:broadcast_preference_payload", "host": "d6b2a058c4be", "pid": 194534, "rank": 1, "ts": "2026-10-04 16:16:38"}
[DBG] {"category": "TRAIN", "component": "train", "event": "BEGIN:broadcast_stop_flag", "host": "d6b2a058c4be", "pid": 194534, "rank": 1, "transport": "gloo_cpu", "ts": "2026-10-04 16:16:39", "value": null}
[DBG] {"category": "TRAIN", "component": "train", "event": "watchdog_armed", "host": "d6b2a058c4be", "pid": 194534, "rank": 1, "stage": "broadcast_stop_flag", "timeout_sec": 30.0, "ts": "2026-10-04 16:16:39"}
[DBG] {"category": "TRAIN", "component": "train", "elapsed_sec": 0.008878, "event": "END:broadcast_stop_flag", "host": "d6b2a058c4be", "pid": 194534, "rank": 1, "ts": "2026-10-04 16:16:39"}
[DBG] {"category": "TRAIN", "component": "train", "event": "BEGIN:broadcast_preference_payload", "has_payload": null, "host": "d6b2a058c4be", "pid": 194534, "rank": 1, "transport": "json_uint8_gloo", "ts": "2026-10-04 16:16:39"}
[DBG] {"category": "TRAIN", "component": "train", "event": "watchdog_armed", "host": "d6b2a058c4be", "pid": 194534, "rank": 1, "stage": "broadcast_preference_payload", "timeout_sec": 30.0, "ts": "2026-10-04 16:16:39"}
[DBG] {"bytes": null, "category": "TRAIN", "component": "train", "event": "BEGIN:broadcast_preference_length", "host": "d6b2a058c4be", "pid": 194534, "rank": 1, "transport": "gloo_cpu", "ts": "2026-10-04 16:16:39"}
[DBG] {"category": "TRAIN", "component": "train", "event": "watchdog_armed", "host": "d6b2a058c4be", "pid": 194534, "rank": 1, "stage": "broadcast_preference_length", "timeout_sec": 30.0, "ts": "2026-10-04 16:16:39"}
[DBG] {"category": "TRAIN", "component": "train", "elapsed_sec": 0.018524, "event": "END:broadcast_preference_length", "host": "d6b2a058c4be", "pid": 194534, "rank": 1, "ts": "2026-10-04 16:16:39"}
[DBG] {"category": "TRAIN", "component": "train", "event": "watchdog_armed", "host": "d6b2a058c4be", "pid": 194534, "rank": 1, "stage": "broadcast_preference_payload", "timeout_sec": 30.0, "ts": "2026-10-04 16:16:39"}
[DBG] {"category": "TRAIN", "component": "train", "elapsed_sec": 0.01999, "event": "END:broadcast_preference_payload", "host": "d6b2a058c4be", "pid": 194534, "rank": 1, "ts": "2026-10-04 16:16:39"}
[DBG] {"category": "TRAIN", "component": "train", "event": "BEGIN:broadcast_stop_flag", "host": "d6b2a058c4be", "pid": 194534, "rank": 1, "transport": "gloo_cpu", "ts": "2026-10-04 16:16:39", "value": null}
[DBG] {"category": "TRAIN", "component": "train", "event": "watchdog_armed", "host": "d6b2a058c4be", "pid": 194534, "rank": 1, "stage": "broadcast_stop_flag", "timeout_sec": 30.0, "ts": "2026-10-04 16:16:39"}
[DBG] {"category": "TRAIN", "component": "train", "elapsed_sec": 0.008737, "event": "END:broadcast_stop_flag", "host": "d6b2a058c4be", "pid": 194534, "rank": 1, "ts": "2026-10-04 16:16:39"}
[DBG] {"category": "TRAIN", "component": "train", "event": "BEGIN:broadcast_preference_payload", "has_payload": null, "host": "d6b2a058c4be", "pid": 194534, "rank": 1, "transport": "json_uint8_gloo", "ts": "2026-10-04 16:16:39"}
[DBG] {"category": "TRAIN", "component": "train", "event": "watchdog_armed", "host": "d6b2a058c4be", "pid": 194534, "rank": 1, "stage": "broadcast_preference_payload", "timeout_sec": 30.0, "ts": "2026-10-04 16:16:39"}
[DBG] {"bytes": null, "category": "TRAIN", "component": "train", "event": "BEGIN:broadcast_preference_length", "host": "d6b2a058c4be", "pid": 194534, "rank": 1, "transport": "gloo_cpu", "ts": "2026-10-04 16:16:39"}
[DBG] {"category": "TRAIN", "component": "train", "event": "watchdog_armed", "host": "d6b2a058c4be", "pid": 194534, "rank": 1, "stage": "broadcast_preference_length", "timeout_sec": 30.0, "ts": "2026-10-04 16:16:39"}
[DBG] {"category": "TRAIN", "component": "train", "elapsed_sec": 0.01667, "event": "END:broadcast_preference_length", "host": "d6b2a058c4be", "pid": 194534, "rank": 1, "ts": "2026-10-04 16:16:39"}
[DBG] {"category": "TRAIN", "component": "train", "event": "watchdog_armed", "host": "d6b2a058c4be", "pid": 194534, "rank": 1, "stage": "broadcast_preference_payload", "timeout_sec": 30.0, "ts": "2026-10-04 16:16:39"}
[DBG] {"category": "TRAIN", "component": "train", "elapsed_sec": 0.018053, "event": "END:broadcast_preference_payload", "host": "d6b2a058c4be", "pid": 194534, "rank": 1, "ts": "2026-10-04 16:16:39"}
[DBG] {"category": "TRAIN", "component": "train", "event": "BEGIN:broadcast_stop_flag", "host": "d6b2a058c4be", "pid": 194534, "rank": 1, "transport": "gloo_cpu", "ts": "2026-10-04 16:16:40", "value": null}
[DBG] {"category": "TRAIN", "component": "train", "event": "watchdog_armed", "host": "d6b2a058c4be", "pid": 194534, "rank": 1, "stage": "broadcast_stop_flag", "timeout_sec": 30.0, "ts": "2026-10-04 16:16:40"}
[DBG] {"category": "TRAIN", "component": "train", "elapsed_sec": 0.006627, "event": "END:broadcast_stop_flag", "host": "d6b2a058c4be", "pid": 194534, "rank": 1, "ts": "2026-10-04 16:16:40"}
[DBG] {"category": "TRAIN", "component": "train", "event": "BEGIN:broadcast_preference_payload", "has_payload": null, "host": "d6b2a058c4be", "pid": 194534, "rank": 1, "transport": "json_uint8_gloo", "ts": "2026-10-04 16:16:40"}
[DBG] {"category": "TRAIN", "component": "train", "event": "watchdog_armed", "host": "d6b2a058c4be", "pid": 194534, "rank": 1, "stage": "broadcast_preference_payload", "timeout_sec": 30.0, "ts": "2026-10-04 16:16:40"}
[DBG] {"bytes": null, "category": "TRAIN", "component": "train", "event": "BEGIN:broadcast_preference_length", "host": "d6b2a058c4be", "pid": 194534, "rank": 1, "transport": "gloo_cpu", "ts": "2026-10-04 16:16:40"}
[DBG] {"category": "TRAIN", "component": "train", "event": "watchdog_armed", "host": "d6b2a058c4be", "pid": 194534, "rank": 1, "stage": "broadcast_preference_length", "timeout_sec": 30.0, "ts": "2026-10-04 16:16:40"}
[DBG] {"category": "TRAIN", "component": "train", "elapsed_sec": 0.013763, "event": "END:broadcast_preference_length", "host": "d6b2a058c4be", "pid": 194534, "rank": 1, "ts": "2026-10-04 16:16:40"}
[DBG] {"category": "TRAIN", "component": "train", "event": "watchdog_armed", "host": "d6b2a058c4be", "pid": 194534, "rank": 1, "stage": "broadcast_preference_payload", "timeout_sec": 30.0, "ts": "2026-10-04 16:16:40"}
[DBG] {"category": "TRAIN", "component": "train", "elapsed_sec": 0.01502, "event": "END:broadcast_preference_payload", "host": "d6b2a058c4be", "pid": 194534, "rank": 1, "ts": "2026-10-04 16:16:40"}
[DBG] {"category": "TRAIN", "component": "train", "event": "BEGIN:broadcast_stop_flag", "host": "d6b2a058c4be", "pid": 194534, "rank": 1, "transport": "gloo_cpu", "ts": "2026-10-04 16:16:40", "value": null}
[DBG] {"category": "TRAIN", "component": "train", "event": "watchdog_armed", "host": "d6b2a058c4be", "pid": 194534, "rank": 1, "stage": "broadcast_stop_flag", "timeout_sec": 30.0, "ts": "2026-10-04 16:16:40"}
[DBG] {"category": "TRAIN", "component": "train", "elapsed_sec": 0.005746, "event": "END:broadcast_stop_flag", "host": "d6b2a058c4be", "pid": 194534, "rank": 1, "ts": "2026-10-04 16:16:40"}
[DBG] {"category": "TRAIN", "component": "train", "event": "BEGIN:broadcast_preference_payload", "has_payload": null, "host": "d6b2a058c4be", "pid": 194534, "rank": 1, "transport": "json_uint8_gloo", "ts": "2026-10-04 16:16:40"}
[DBG] {"category": "TRAIN", "component": "train", "event": "watchdog_armed", "host": "d6b2a058c4be", "pid": 194534, "rank": 1, "stage": "broadcast_preference_payload", "timeout_sec": 30.0, "ts": "2026-10-04 16:16:40"}
[DBG] {"bytes": null, "category": "TRAIN", "component": "train", "event": "BEGIN:broadcast_preference_length", "host": "d6b2a058c4be", "pid": 194534, "rank": 1, "transport": "gloo_cpu", "ts": "2026-10-04 16:16:40"}
[DBG] {"category": "TRAIN", "component": "train", "event": "watchdog_armed", "host": "d6b2a058c4be", "pid": 194534, "rank": 1, "stage": "broadcast_preference_length", "timeout_sec": 30.0, "ts": "2026-10-04 16:16:40"}
[DBG] {"category": "TRAIN", "component": "train", "elapsed_sec": 0.013526, "event": "END:broadcast_preference_length", "host": "d6b2a058c4be", "pid": 194534, "rank": 1, "ts": "2026-10-04 16:16:40"}
[DBG] {"category": "TRAIN", "component": "train", "event": "watchdog_armed", "host": "d6b2a058c4be", "pid": 194534, "rank": 1, "stage": "broadcast_preference_payload", "timeout_sec": 30.0, "ts": "2026-10-04 16:16:40"}
[DBG] {"category": "TRAIN", "component": "train", "elapsed_sec": 0.014735, "event": "END:broadcast_preference_payload", "host": "d6b2a058c4be", "pid": 194534, "rank": 1, "ts": "2026-10-04 16:16:40"}
[DBG] {"category": "TRAIN", "component": "train", "event": "BEGIN:broadcast_stop_flag", "host": "d6b2a058c4be", "pid": 194534, "rank": 1, "transport": "gloo_cpu", "ts": "2026-10-04 16:16:41", "value": null}
[DBG] {"category": "TRAIN", "component": "train", "event": "watchdog_armed", "host": "d6b2a058c4be", "pid": 194534, "rank": 1, "stage": "broadcast_stop_flag", "timeout_sec": 30.0, "ts": "2026-10-04 16:16:41"}
[DBG] {"category": "TRAIN", "component": "train", "elapsed_sec": 0.005846, "event": "END:broadcast_stop_flag", "host": "d6b2a058c4be", "pid": 194534, "rank": 1, "ts": "2026-10-04 16:16:41"}
[DBG] {"category": "TRAIN", "component": "train", "event": "BEGIN:broadcast_preference_payload", "has_payload": null, "host": "d6b2a058c4be", "pid": 194534, "rank": 1, "transport": "json_uint8_gloo", "ts": "2026-10-04 16:16:41"}
[DBG] {"category": "TRAIN", "component": "train", "event": "watchdog_armed", "host": "d6b2a058c4be", "pid": 194534, "rank": 1, "stage": "broadcast_preference_payload", "timeout_sec": 30.0, "ts": "2026-10-04 16:16:41"}
[DBG] {"bytes": null, "category": "TRAIN", "component": "train", "event": "BEGIN:broadcast_preference_length", "host": "d6b2a058c4be", "pid": 194534, "rank": 1, "transport": "gloo_cpu", "ts": "2026-10-04 16:16:41"}
[DBG] {"category": "TRAIN", "component": "train", "event": "watchdog_armed", "host": "d6b2a058c4be", "pid": 194534, "rank": 1, "stage": "broadcast_preference_length", "timeout_sec": 30.0, "ts": "2026-10-04 16:16:41"}
[DBG] {"category": "TRAIN", "component": "train", "elapsed_sec": 0.011808, "event": "END:broadcast_preference_length", "host": "d6b2a058c4be", "pid": 194534, "rank": 1, "ts": "2026-10-04 16:16:41"}
[DBG] {"category": "TRAIN", "component": "train", "event": "watchdog_armed", "host": "d6b2a058c4be", "pid": 194534, "rank": 1, "stage": "broadcast_preference_payload", "timeout_sec": 30.0, "ts": "2026-10-04 16:16:41"}
[DBG] {"category": "TRAIN", "component": "train", "elapsed_sec": 0.012978, "event": "END:broadcast_preference_payload", "host": "d6b2a058c4be", "pid": 194534, "rank": 1, "ts": "2026-10-04 16:16:41"}
[DBG] {"category": "TRAIN", "component": "train", "event": "BEGIN:broadcast_stop_flag", "host": "d6b2a058c4be", "pid": 194534, "rank": 1, "transport": "gloo_cpu", "ts": "2026-10-04 16:16:41", "value": null}
[DBG] {"category": "TRAIN", "component": "train", "event": "watchdog_armed", "host": "d6b2a058c4be", "pid": 194534, "rank": 1, "stage": "broadcast_stop_flag", "timeout_sec": 30.0, "ts": "2026-10-04 16:16:41"}
[DBG] {"category": "TRAIN", "component": "train", "elapsed_sec": 0.005612, "event": "END:broadcast_stop_flag", "host": "d6b2a058c4be", "pid": 194534, "rank": 1, "ts": "2026-10-04 16:16:41"}
[DBG] {"category": "TRAIN", "component": "train", "event": "BEGIN:broadcast_preference_payload", "has_payload": null, "host": "d6b2a058c4be", "pid": 194534, "rank": 1, "transport": "json_uint8_gloo", "ts": "2026-10-04 16:16:41"}
[DBG] {"category": "TRAIN", "component": "train", "event": "watchdog_armed", "host": "d6b2a058c4be", "pid": 194534, "rank": 1, "stage": "broadcast_preference_payload", "timeout_sec": 30.0, "ts": "2026-10-04 16:16:41"}
[DBG] {"bytes": null, "category": "TRAIN", "component": "train", "event": "BEGIN:broadcast_preference_length", "host": "d6b2a058c4be", "pid": 194534, "rank": 1, "transport": "gloo_cpu", "ts": "2026-10-04 16:16:41"}
[DBG] {"category": "TRAIN", "component": "train", "event": "watchdog_armed", "host": "d6b2a058c4be", "pid": 194534, "rank": 1, "stage": "broadcast_preference_length", "timeout_sec": 30.0, "ts": "2026-10-04 16:16:41"}
[DBG] {"category": "TRAIN", "component": "train", "elapsed_sec": 0.01388, "event": "END:broadcast_preference_length", "host": "d6b2a058c4be", "pid": 194534, "rank": 1, "ts": "2026-10-04 16:16:41"}
[DBG] {"category": "TRAIN", "component": "train", "event": "watchdog_armed", "host": "d6b2a058c4be", "pid": 194534, "rank": 1, "stage": "broadcast_preference_payload", "timeout_sec": 30.0, "ts": "2026-10-04 16:16:41"}
[DBG] {"category": "TRAIN", "component": "train", "elapsed_sec": 0.015196, "event": "END:broadcast_preference_payload", "host": "d6b2a058c4be", "pid": 194534, "rank": 1, "ts": "2026-10-04 16:16:41"}
[DBG] {"category": "TRAIN", "component": "train", "event": "BEGIN:broadcast_stop_flag", "host": "d6b2a058c4be", "pid": 194534, "rank": 1, "transport": "gloo_cpu", "ts": "2026-10-04 16:16:42", "value": null}
[DBG] {"category": "TRAIN", "component": "train", "event": "watchdog_armed", "host": "d6b2a058c4be", "pid": 194534, "rank": 1, "stage": "broadcast_stop_flag", "timeout_sec": 30.0, "ts": "2026-10-04 16:16:42"}
[DBG] {"category": "TRAIN", "component": "train", "elapsed_sec": 0.005462, "event": "END:broadcast_stop_flag", "host": "d6b2a058c4be", "pid": 194534, "rank": 1, "ts": "2026-10-04 16:16:42"}
[DBG] {"category": "TRAIN", "component": "train", "event": "BEGIN:broadcast_preference_payload", "has_payload": null, "host": "d6b2a058c4be", "pid": 194534, "rank": 1, "transport": "json_uint8_gloo", "ts": "2026-10-04 16:16:42"}
[DBG] {"category": "TRAIN", "component": "train", "event": "watchdog_armed", "host": "d6b2a058c4be", "pid": 194534, "rank": 1, "stage": "broadcast_preference_payload", "timeout_sec": 30.0, "ts": "2026-10-04 16:16:42"}
[DBG] {"bytes": null, "category": "TRAIN", "component": "train", "event": "BEGIN:broadcast_preference_length", "host": "d6b2a058c4be", "pid": 194534, "rank": 1, "transport": "gloo_cpu", "ts": "2026-10-04 16:16:42"}
[DBG] {"category": "TRAIN", "component": "train", "event": "watchdog_armed", "host": "d6b2a058c4be", "pid": 194534, "rank": 1, "stage": "broadcast_preference_length", "timeout_sec": 30.0, "ts": "2026-10-04 16:16:42"}
[DBG] {"category": "TRAIN", "component": "train", "elapsed_sec": 0.012057, "event": "END:broadcast_preference_length", "host": "d6b2a058c4be", "pid": 194534, "rank": 1, "ts": "2026-10-04 16:16:42"}
[DBG] {"category": "TRAIN", "component": "train", "event": "watchdog_armed", "host": "d6b2a058c4be", "pid": 194534, "rank": 1, "stage": "broadcast_preference_payload", "timeout_sec": 30.0, "ts": "2026-10-04 16:16:42"}
[DBG] {"category": "TRAIN", "component": "train", "elapsed_sec": 0.013226, "event": "END:broadcast_preference_payload", "host": "d6b2a058c4be", "pid": 194534, "rank": 1, "ts": "2026-10-04 16:16:42"}
[DBG] {"category": "TRAIN", "component": "train", "event": "BEGIN:broadcast_stop_flag", "host": "d6b2a058c4be", "pid": 194534, "rank": 1, "transport": "gloo_cpu", "ts": "2026-10-04 16:16:42", "value": null}
[DBG] {"category": "TRAIN", "component": "train", "event": "watchdog_armed", "host": "d6b2a058c4be", "pid": 194534, "rank": 1, "stage": "broadcast_stop_flag", "timeout_sec": 30.0, "ts": "2026-10-04 16:16:42"}
[DBG] {"category": "TRAIN", "component": "train", "elapsed_sec": 0.00564, "event": "END:broadcast_stop_flag", "host": "d6b2a058c4be", "pid": 194534, "rank": 1, "ts": "2026-10-04 16:16:42"}
[DBG] {"category": "TRAIN", "component": "train", "event": "BEGIN:broadcast_preference_payload", "has_payload": null, "host": "d6b2a058c4be", "pid": 194534, "rank": 1, "transport": "json_uint8_gloo", "ts": "2026-10-04 16:16:42"}
[DBG] {"category": "TRAIN", "component": "train", "event": "watchdog_armed", "host": "d6b2a058c4be", "pid": 194534, "rank": 1, "stage": "broadcast_preference_payload", "timeout_sec": 30.0, "ts": "2026-10-04 16:16:42"}
[DBG] {"bytes": null, "category": "TRAIN", "component": "train", "event": "BEGIN:broadcast_preference_length", "host": "d6b2a058c4be", "pid": 194534, "rank": 1, "transport": "gloo_cpu", "ts": "2026-10-04 16:16:42"}
[DBG] {"category": "TRAIN", "component": "train", "event": "watchdog_armed", "host": "d6b2a058c4be", "pid": 194534, "rank": 1, "stage": "broadcast_preference_length", "timeout_sec": 30.0, "ts": "2026-10-04 16:16:42"}
[DBG] {"category": "TRAIN", "component": "train", "elapsed_sec": 0.012445, "event": "END:broadcast_preference_length", "host": "d6b2a058c4be", "pid": 194534, "rank": 1, "ts": "2026-10-04 16:16:43"}
[DBG] {"category": "TRAIN", "component": "train", "event": "watchdog_armed", "host": "d6b2a058c4be", "pid": 194534, "rank": 1, "stage": "broadcast_preference_payload", "timeout_sec": 30.0, "ts": "2026-10-04 16:16:43"}
[DBG] {"category": "TRAIN", "component": "train", "elapsed_sec": 0.013587, "event": "END:broadcast_preference_payload", "host": "d6b2a058c4be", "pid": 194534, "rank": 1, "ts": "2026-10-04 16:16:43"}
[DBG] {"category": "TRAIN", "component": "train", "event": "BEGIN:broadcast_stop_flag", "host": "d6b2a058c4be", "pid": 194534, "rank": 1, "transport": "gloo_cpu", "ts": "2026-10-04 16:16:43", "value": null}
[DBG] {"category": "TRAIN", "component": "train", "event": "watchdog_armed", "host": "d6b2a058c4be", "pid": 194534, "rank": 1, "stage": "broadcast_stop_flag", "timeout_sec": 30.0, "ts": "2026-10-04 16:16:43"}
[DBG] {"category": "TRAIN", "component": "train", "elapsed_sec": 0.006211, "event": "END:broadcast_stop_flag", "host": "d6b2a058c4be", "pid": 194534, "rank": 1, "ts": "2026-10-04 16:16:43"}
[DBG] {"category": "TRAIN", "component": "train", "event": "BEGIN:broadcast_preference_payload", "has_payload": null, "host": "d6b2a058c4be", "pid": 194534, "rank": 1, "transport": "json_uint8_gloo", "ts": "2026-10-04 16:16:43"}
[DBG] {"category": "TRAIN", "component": "train", "event": "watchdog_armed", "host": "d6b2a058c4be", "pid": 194534, "rank": 1, "stage": "broadcast_preference_payload", "timeout_sec": 30.0, "ts": "2026-10-04 16:16:43"}
[DBG] {"bytes": null, "category": "TRAIN", "component": "train", "event": "BEGIN:broadcast_preference_length", "host": "d6b2a058c4be", "pid": 194534, "rank": 1, "transport": "gloo_cpu", "ts": "2026-10-04 16:16:43"}
[DBG] {"category": "TRAIN", "component": "train", "event": "watchdog_armed", "host": "d6b2a058c4be", "pid": 194534, "rank": 1, "stage": "broadcast_preference_length", "timeout_sec": 30.0, "ts": "2026-10-04 16:16:43"}
[DBG] {"category": "TRAIN", "component": "train", "elapsed_sec": 0.009511, "event": "END:broadcast_preference_length", "host": "d6b2a058c4be", "pid": 194534, "rank": 1, "ts": "2026-10-04 16:16:43"}
[DBG] {"category": "TRAIN", "component": "train", "event": "watchdog_armed", "host": "d6b2a058c4be", "pid": 194534, "rank": 1, "stage": "broadcast_preference_payload", "timeout_sec": 30.0, "ts": "2026-10-04 16:16:43"}
[DBG] {"category": "TRAIN", "component": "train", "elapsed_sec": 0.010907, "event": "END:broadcast_preference_payload", "host": "d6b2a058c4be", "pid": 194534, "rank": 1, "ts": "2026-10-04 16:16:43"}
[DBG] {"category": "TRAIN", "component": "train", "event": "BEGIN:broadcast_stop_flag", "host": "d6b2a058c4be", "pid": 194534, "rank": 1, "transport": "gloo_cpu", "ts": "2026-10-04 16:16:44", "value": null}
[DBG] {"category": "TRAIN", "component": "train", "event": "watchdog_armed", "host": "d6b2a058c4be", "pid": 194534, "rank": 1, "stage": "broadcast_stop_flag", "timeout_sec": 30.0, "ts": "2026-10-04 16:16:44"}
[DBG] {"category": "TRAIN", "component": "train", "elapsed_sec": 0.005913, "event": "END:broadcast_stop_flag", "host": "d6b2a058c4be", "pid": 194534, "rank": 1, "ts": "2026-10-04 16:16:44"}
[DBG] {"category": "TRAIN", "component": "train", "event": "BEGIN:broadcast_preference_payload", "has_payload": null, "host": "d6b2a058c4be", "pid": 194534, "rank": 1, "transport": "json_uint8_gloo", "ts": "2026-10-04 16:16:44"}
[DBG] {"category": "TRAIN", "component": "train", "event": "watchdog_armed", "host": "d6b2a058c4be", "pid": 194534, "rank": 1, "stage": "broadcast_preference_payload", "timeout_sec": 30.0, "ts": "2026-10-04 16:16:44"}
[DBG] {"bytes": null, "category": "TRAIN", "component": "train", "event": "BEGIN:broadcast_preference_length", "host": "d6b2a058c4be", "pid": 194534, "rank": 1, "transport": "gloo_cpu", "ts": "2026-10-04 16:16:44"}
[DBG] {"category": "TRAIN", "component": "train", "event": "watchdog_armed", "host": "d6b2a058c4be", "pid": 194534, "rank": 1, "stage": "broadcast_preference_length", "timeout_sec": 30.0, "ts": "2026-10-04 16:16:44"}
[DBG] {"category": "TRAIN", "component": "train", "elapsed_sec": 0.012104, "event": "END:broadcast_preference_length", "host": "d6b2a058c4be", "pid": 194534, "rank": 1, "ts": "2026-10-04 16:16:44"}
[DBG] {"category": "TRAIN", "component": "train", "event": "watchdog_armed", "host": "d6b2a058c4be", "pid": 194534, "rank": 1, "stage": "broadcast_preference_payload", "timeout_sec": 30.0, "ts": "2026-10-04 16:16:44"}
[DBG] {"category": "TRAIN", "component": "train", "elapsed_sec": 0.013291, "event": "END:broadcast_preference_payload", "host": "d6b2a058c4be", "pid": 194534, "rank": 1, "ts": "2026-10-04 16:16:44"}
[DBG] {"category": "TRAIN", "component": "train", "event": "BEGIN:broadcast_stop_flag", "host": "d6b2a058c4be", "pid": 194534, "rank": 1, "transport": "gloo_cpu", "ts": "2026-10-04 16:16:44", "value": null}
[DBG] {"category": "TRAIN", "component": "train", "event": "watchdog_armed", "host": "d6b2a058c4be", "pid": 194534, "rank": 1, "stage": "broadcast_stop_flag", "timeout_sec": 30.0, "ts": "2026-10-04 16:16:44"}
[DBG] {"category": "TRAIN", "component": "train", "elapsed_sec": 0.00753, "event": "END:broadcast_stop_flag", "host": "d6b2a058c4be", "pid": 194534, "rank": 1, "ts": "2026-10-04 16:16:44"}
[DBG] {"category": "TRAIN", "component": "train", "event": "BEGIN:broadcast_preference_payload", "has_payload": null, "host": "d6b2a058c4be", "pid": 194534, "rank": 1, "transport": "json_uint8_gloo", "ts": "2026-10-04 16:16:44"}
[DBG] {"category": "TRAIN", "component": "train", "event": "watchdog_armed", "host": "d6b2a058c4be", "pid": 194534, "rank": 1, "stage": "broadcast_preference_payload", "timeout_sec": 30.0, "ts": "2026-10-04 16:16:44"}
[DBG] {"bytes": null, "category": "TRAIN", "component": "train", "event": "BEGIN:broadcast_preference_length", "host": "d6b2a058c4be", "pid": 194534, "rank": 1, "transport": "gloo_cpu", "ts": "2026-10-04 16:16:44"}
[DBG] {"category": "TRAIN", "component": "train", "event": "watchdog_armed", "host": "d6b2a058c4be", "pid": 194534, "rank": 1, "stage": "broadcast_preference_length", "timeout_sec": 30.0, "ts": "2026-10-04 16:16:44"}
[DBG] {"category": "TRAIN", "component": "train", "elapsed_sec": 0.018664, "event": "END:broadcast_preference_length", "host": "d6b2a058c4be", "pid": 194534, "rank": 1, "ts": "2026-10-04 16:16:44"}
[DBG] {"category": "TRAIN", "component": "train", "event": "watchdog_armed", "host": "d6b2a058c4be", "pid": 194534, "rank": 1, "stage": "broadcast_preference_payload", "timeout_sec": 30.0, "ts": "2026-10-04 16:16:44"}
[DBG] {"category": "TRAIN", "component": "train", "elapsed_sec": 0.019833, "event": "END:broadcast_preference_payload", "host": "d6b2a058c4be", "pid": 194534, "rank": 1, "ts": "2026-10-04 16:16:44"}
[DBG] {"category": "TRAIN", "component": "train", "event": "BEGIN:broadcast_stop_flag", "host": "d6b2a058c4be", "pid": 194534, "rank": 1, "transport": "gloo_cpu", "ts": "2026-10-04 16:16:45", "value": null}
[DBG] {"category": "TRAIN", "component": "train", "event": "watchdog_armed", "host": "d6b2a058c4be", "pid": 194534, "rank": 1, "stage": "broadcast_stop_flag", "timeout_sec": 30.0, "ts": "2026-10-04 16:16:45"}
[DBG] {"category": "TRAIN", "component": "train", "elapsed_sec": 0.009011, "event": "END:broadcast_stop_flag", "host": "d6b2a058c4be", "pid": 194534, "rank": 1, "ts": "2026-10-04 16:16:45"}
[DBG] {"category": "TRAIN", "component": "train", "event": "BEGIN:broadcast_preference_payload", "has_payload": null, "host": "d6b2a058c4be", "pid": 194534, "rank": 1, "transport": "json_uint8_gloo", "ts": "2026-10-04 16:16:45"}
[DBG] {"category": "TRAIN", "component": "train", "event": "watchdog_armed", "host": "d6b2a058c4be", "pid": 194534, "rank": 1, "stage": "broadcast_preference_payload", "timeout_sec": 30.0, "ts": "2026-10-04 16:16:45"}
[DBG] {"bytes": null, "category": "TRAIN", "component": "train", "event": "BEGIN:broadcast_preference_length", "host": "d6b2a058c4be", "pid": 194534, "rank": 1, "transport": "gloo_cpu", "ts": "2026-10-04 16:16:45"}
[DBG] {"category": "TRAIN", "component": "train", "event": "watchdog_armed", "host": "d6b2a058c4be", "pid": 194534, "rank": 1, "stage": "broadcast_preference_length", "timeout_sec": 30.0, "ts": "2026-10-04 16:16:45"}
[DBG] {"category": "TRAIN", "component": "train", "elapsed_sec": 0.018266, "event": "END:broadcast_preference_length", "host": "d6b2a058c4be", "pid": 194534, "rank": 1, "ts": "2026-10-04 16:16:45"}
[DBG] {"category": "TRAIN", "component": "train", "event": "watchdog_armed", "host": "d6b2a058c4be", "pid": 194534, "rank": 1, "stage": "broadcast_preference_payload", "timeout_sec": 30.0, "ts": "2026-10-04 16:16:45"}
[DBG] {"category": "TRAIN", "component": "train", "elapsed_sec": 0.019502, "event": "END:broadcast_preference_payload", "host": "d6b2a058c4be", "pid": 194534, "rank": 1, "ts": "2026-10-04 16:16:45"}
[DBG] {"category": "TRAIN", "component": "train", "event": "BEGIN:broadcast_stop_flag", "host": "d6b2a058c4be", "pid": 194534, "rank": 1, "transport": "gloo_cpu", "ts": "2026-10-04 16:16:45", "value": null}
[DBG] {"category": "TRAIN", "component": "train", "event": "watchdog_armed", "host": "d6b2a058c4be", "pid": 194534, "rank": 1, "stage": "broadcast_stop_flag", "timeout_sec": 30.0, "ts": "2026-10-04 16:16:45"}
[DBG] {"category": "TRAIN", "component": "train", "elapsed_sec": 0.005984, "event": "END:broadcast_stop_flag", "host": "d6b2a058c4be", "pid": 194534, "rank": 1, "ts": "2026-10-04 16:16:45"}
[DBG] {"category": "TRAIN", "component": "train", "event": "BEGIN:broadcast_preference_payload", "has_payload": null, "host": "d6b2a058c4be", "pid": 194534, "rank": 1, "transport": "json_uint8_gloo", "ts": "2026-10-04 16:16:45"}
[DBG] {"category": "TRAIN", "component": "train", "event": "watchdog_armed", "host": "d6b2a058c4be", "pid": 194534, "rank": 1, "stage": "broadcast_preference_payload", "timeout_sec": 30.0, "ts": "2026-10-04 16:16:45"}
[DBG] {"bytes": null, "category": "TRAIN", "component": "train", "event": "BEGIN:broadcast_preference_length", "host": "d6b2a058c4be", "pid": 194534, "rank": 1, "transport": "gloo_cpu", "ts": "2026-10-04 16:16:45"}
[DBG] {"category": "TRAIN", "component": "train", "event": "watchdog_armed", "host": "d6b2a058c4be", "pid": 194534, "rank": 1, "stage": "broadcast_preference_length", "timeout_sec": 30.0, "ts": "2026-10-04 16:16:45"}
[DBG] {"category": "TRAIN", "component": "train", "elapsed_sec": 0.013156, "event": "END:broadcast_preference_length", "host": "d6b2a058c4be", "pid": 194534, "rank": 1, "ts": "2026-10-04 16:16:45"}
[DBG] {"category": "TRAIN", "component": "train", "event": "watchdog_armed", "host": "d6b2a058c4be", "pid": 194534, "rank": 1, "stage": "broadcast_preference_payload", "timeout_sec": 30.0, "ts": "2026-10-04 16:16:45"}
[DBG] {"category": "TRAIN", "component": "train", "elapsed_sec": 0.014282, "event": "END:broadcast_preference_payload", "host": "d6b2a058c4be", "pid": 194534, "rank": 1, "ts": "2026-10-04 16:16:45"}
[DBG] {"category": "TRAIN", "component": "train", "event": "BEGIN:broadcast_stop_flag", "host": "d6b2a058c4be", "pid": 194534, "rank": 1, "transport": "gloo_cpu", "ts": "2026-10-04 16:16:46", "value": null}
[DBG] {"category": "TRAIN", "component": "train", "event": "watchdog_armed", "host": "d6b2a058c4be", "pid": 194534, "rank": 1, "stage": "broadcast_stop_flag", "timeout_sec": 30.0, "ts": "2026-10-04 16:16:46"}
[DBG] {"category": "TRAIN", "component": "train", "elapsed_sec": 0.006115, "event": "END:broadcast_stop_flag", "host": "d6b2a058c4be", "pid": 194534, "rank": 1, "ts": "2026-10-04 16:16:46"}
[DBG] {"category": "TRAIN", "component": "train", "event": "BEGIN:broadcast_preference_payload", "has_payload": null, "host": "d6b2a058c4be", "pid": 194534, "rank": 1, "transport": "json_uint8_gloo", "ts": "2026-10-04 16:16:46"}
[DBG] {"category": "TRAIN", "component": "train", "event": "watchdog_armed", "host": "d6b2a058c4be", "pid": 194534, "rank": 1, "stage": "broadcast_preference_payload", "timeout_sec": 30.0, "ts": "2026-10-04 16:16:46"}
[DBG] {"bytes": null, "category": "TRAIN", "component": "train", "event": "BEGIN:broadcast_preference_length", "host": "d6b2a058c4be", "pid": 194534, "rank": 1, "transport": "gloo_cpu", "ts": "2026-10-04 16:16:46"}
[DBG] {"category": "TRAIN", "component": "train", "event": "watchdog_armed", "host": "d6b2a058c4be", "pid": 194534, "rank": 1, "stage": "broadcast_preference_length", "timeout_sec": 30.0, "ts": "2026-10-04 16:16:46"}
[DBG] {"category": "TRAIN", "component": "train", "elapsed_sec": 0.013251, "event": "END:broadcast_preference_length", "host": "d6b2a058c4be", "pid": 194534, "rank": 1, "ts": "2026-10-04 16:16:46"}
[DBG] {"category": "TRAIN", "component": "train", "event": "watchdog_armed", "host": "d6b2a058c4be", "pid": 194534, "rank": 1, "stage": "broadcast_preference_payload", "timeout_sec": 30.0, "ts": "2026-10-04 16:16:46"}
[DBG] {"category": "TRAIN", "component": "train", "elapsed_sec": 0.014476, "event": "END:broadcast_preference_payload", "host": "d6b2a058c4be", "pid": 194534, "rank": 1, "ts": "2026-10-04 16:16:46"}
[DBG] {"category": "TRAIN", "component": "train", "event": "BEGIN:broadcast_stop_flag", "host": "d6b2a058c4be", "pid": 194534, "rank": 1, "transport": "gloo_cpu", "ts": "2026-10-04 16:16:46", "value": null}
[DBG] {"category": "TRAIN", "component": "train", "event": "watchdog_armed", "host": "d6b2a058c4be", "pid": 194534, "rank": 1, "stage": "broadcast_stop_flag", "timeout_sec": 30.0, "ts": "2026-10-04 16:16:46"}
[DBG] {"category": "TRAIN", "component": "train", "elapsed_sec": 0.007849, "event": "END:broadcast_stop_flag", "host": "d6b2a058c4be", "pid": 194534, "rank": 1, "ts": "2026-10-04 16:16:46"}
[DBG] {"category": "TRAIN", "component": "train", "event": "BEGIN:broadcast_preference_payload", "has_payload": null, "host": "d6b2a058c4be", "pid": 194534, "rank": 1, "transport": "json_uint8_gloo", "ts": "2026-10-04 16:16:46"}
[DBG] {"category": "TRAIN", "component": "train", "event": "watchdog_armed", "host": "d6b2a058c4be", "pid": 194534, "rank": 1, "stage": "broadcast_preference_payload", "timeout_sec": 30.0, "ts": "2026-10-04 16:16:46"}
[DBG] {"bytes": null, "category": "TRAIN", "component": "train", "event": "BEGIN:broadcast_preference_length", "host": "d6b2a058c4be", "pid": 194534, "rank": 1, "transport": "gloo_cpu", "ts": "2026-10-04 16:16:46"}
[DBG] {"category": "TRAIN", "component": "train", "event": "watchdog_armed", "host": "d6b2a058c4be", "pid": 194534, "rank": 1, "stage": "broadcast_preference_length", "timeout_sec": 30.0, "ts": "2026-10-04 16:16:46"}
[DBG] {"category": "TRAIN", "component": "train", "elapsed_sec": 0.017768, "event": "END:broadcast_preference_length", "host": "d6b2a058c4be", "pid": 194534, "rank": 1, "ts": "2026-10-04 16:16:46"}
[DBG] {"category": "TRAIN", "component": "train", "event": "watchdog_armed", "host": "d6b2a058c4be", "pid": 194534, "rank": 1, "stage": "broadcast_preference_payload", "timeout_sec": 30.0, "ts": "2026-10-04 16:16:46"}
[DBG] {"category": "TRAIN", "component": "train", "elapsed_sec": 0.019057, "event": "END:broadcast_preference_payload", "host": "d6b2a058c4be", "pid": 194534, "rank": 1, "ts": "2026-10-04 16:16:46"}
[DBG] {"category": "TRAIN", "component": "train", "event": "BEGIN:broadcast_stop_flag", "host": "d6b2a058c4be", "pid": 194534, "rank": 1, "transport": "gloo_cpu", "ts": "2026-10-04 16:16:47", "value": null}
[DBG] {"category": "TRAIN", "component": "train", "event": "watchdog_armed", "host": "d6b2a058c4be", "pid": 194534, "rank": 1, "stage": "broadcast_stop_flag", "timeout_sec": 30.0, "ts": "2026-10-04 16:16:47"}
[DBG] {"category": "TRAIN", "component": "train", "elapsed_sec": 0.006263, "event": "END:broadcast_stop_flag", "host": "d6b2a058c4be", "pid": 194534, "rank": 1, "ts": "2026-10-04 16:16:47"}
[DBG] {"category": "TRAIN", "component": "train", "event": "BEGIN:broadcast_preference_payload", "has_payload": null, "host": "d6b2a058c4be", "pid": 194534, "rank": 1, "transport": "json_uint8_gloo", "ts": "2026-10-04 16:16:47"}
[DBG] {"category": "TRAIN", "component": "train", "event": "watchdog_armed", "host": "d6b2a058c4be", "pid": 194534, "rank": 1, "stage": "broadcast_preference_payload", "timeout_sec": 30.0, "ts": "2026-10-04 16:16:47"}
[DBG] {"bytes": null, "category": "TRAIN", "component": "train", "event": "BEGIN:broadcast_preference_length", "host": "d6b2a058c4be", "pid": 194534, "rank": 1, "transport": "gloo_cpu", "ts": "2026-10-04 16:16:47"}
[DBG] {"category": "TRAIN", "component": "train", "event": "watchdog_armed", "host": "d6b2a058c4be", "pid": 194534, "rank": 1, "stage": "broadcast_preference_length", "timeout_sec": 30.0, "ts": "2026-10-04 16:16:47"}
[DBG] {"category": "TRAIN", "component": "train", "elapsed_sec": 0.010266, "event": "END:broadcast_preference_length", "host": "d6b2a058c4be", "pid": 194534, "rank": 1, "ts": "2026-10-04 16:16:47"}
[DBG] {"category": "TRAIN", "component": "train", "event": "watchdog_armed", "host": "d6b2a058c4be", "pid": 194534, "rank": 1, "stage": "broadcast_preference_payload", "timeout_sec": 30.0, "ts": "2026-10-04 16:16:47"}
[DBG] {"category": "TRAIN", "component": "train", "elapsed_sec": 0.011621, "event": "END:broadcast_preference_payload", "host": "d6b2a058c4be", "pid": 194534, "rank": 1, "ts": "2026-10-04 16:16:47"}
[DBG] {"category": "TRAIN", "component": "train", "event": "BEGIN:broadcast_stop_flag", "host": "d6b2a058c4be", "pid": 194534, "rank": 1, "transport": "gloo_cpu", "ts": "2026-10-04 16:16:47", "value": null}
[DBG] {"category": "TRAIN", "component": "train", "event": "watchdog_armed", "host": "d6b2a058c4be", "pid": 194534, "rank": 1, "stage": "broadcast_stop_flag", "timeout_sec": 30.0, "ts": "2026-10-04 16:16:47"}
[DBG] {"category": "TRAIN", "component": "train", "elapsed_sec": 0.005916, "event": "END:broadcast_stop_flag", "host": "d6b2a058c4be", "pid": 194534, "rank": 1, "ts": "2026-10-04 16:16:47"}
[DBG] {"category": "TRAIN", "component": "train", "event": "BEGIN:broadcast_preference_payload", "has_payload": null, "host": "d6b2a058c4be", "pid": 194534, "rank": 1, "transport": "json_uint8_gloo", "ts": "2026-10-04 16:16:47"}
[DBG] {"category": "TRAIN", "component": "train", "event": "watchdog_armed", "host": "d6b2a058c4be", "pid": 194534, "rank": 1, "stage": "broadcast_preference_payload", "timeout_sec": 30.0, "ts": "2026-10-04 16:16:47"}
[DBG] {"bytes": null, "category": "TRAIN", "component": "train", "event": "BEGIN:broadcast_preference_length", "host": "d6b2a058c4be", "pid": 194534, "rank": 1, "transport": "gloo_cpu", "ts": "2026-10-04 16:16:47"}
[DBG] {"category": "TRAIN", "component": "train", "event": "watchdog_armed", "host": "d6b2a058c4be", "pid": 194534, "rank": 1, "stage": "broadcast_preference_length", "timeout_sec": 30.0, "ts": "2026-10-04 16:16:47"}
[DBG] {"category": "TRAIN", "component": "train", "elapsed_sec": 0.012822, "event": "END:broadcast_preference_length", "host": "d6b2a058c4be", "pid": 194534, "rank": 1, "ts": "2026-10-04 16:16:47"}
[DBG] {"category": "TRAIN", "component": "train", "event": "watchdog_armed", "host": "d6b2a058c4be", "pid": 194534, "rank": 1, "stage": "broadcast_preference_payload", "timeout_sec": 30.0, "ts": "2026-10-04 16:16:47"}
[DBG] {"category": "TRAIN", "component": "train", "elapsed_sec": 0.013787, "event": "END:broadcast_preference_payload", "host": "d6b2a058c4be", "pid": 194534, "rank": 1, "ts": "2026-10-04 16:16:47"}
[DBG] {"category": "TRAIN", "component": "train", "event": "BEGIN:broadcast_stop_flag", "host": "d6b2a058c4be", "pid": 194534, "rank": 1, "transport": "gloo_cpu", "ts": "2026-10-04 16:16:48", "value": null}
[DBG] {"category": "TRAIN", "component": "train", "event": "watchdog_armed", "host": "d6b2a058c4be", "pid": 194534, "rank": 1, "stage": "broadcast_stop_flag", "timeout_sec": 30.0, "ts": "2026-10-04 16:16:48"}
[DBG] {"category": "TRAIN", "component": "train", "elapsed_sec": 0.007641, "event": "END:broadcast_stop_flag", "host": "d6b2a058c4be", "pid": 194534, "rank": 1, "ts": "2026-10-04 16:16:48"}
[DBG] {"category": "TRAIN", "component": "train", "event": "BEGIN:broadcast_preference_payload", "has_payload": null, "host": "d6b2a058c4be", "pid": 194534, "rank": 1, "transport": "json_uint8_gloo", "ts": "2026-10-04 16:16:48"}
[DBG] {"category": "TRAIN", "component": "train", "event": "watchdog_armed", "host": "d6b2a058c4be", "pid": 194534, "rank": 1, "stage": "broadcast_preference_payload", "timeout_sec": 30.0, "ts": "2026-10-04 16:16:48"}
[DBG] {"bytes": null, "category": "TRAIN", "component": "train", "event": "BEGIN:broadcast_preference_length", "host": "d6b2a058c4be", "pid": 194534, "rank": 1, "transport": "gloo_cpu", "ts": "2026-10-04 16:16:48"}
[DBG] {"category": "TRAIN", "component": "train", "event": "watchdog_armed", "host": "d6b2a058c4be", "pid": 194534, "rank": 1, "stage": "broadcast_preference_length", "timeout_sec": 30.0, "ts": "2026-10-04 16:16:48"}
[DBG] {"category": "TRAIN", "component": "train", "elapsed_sec": 0.016514, "event": "END:broadcast_preference_length", "host": "d6b2a058c4be", "pid": 194534, "rank": 1, "ts": "2026-10-04 16:16:48"}
[DBG] {"category": "TRAIN", "component": "train", "event": "watchdog_armed", "host": "d6b2a058c4be", "pid": 194534, "rank": 1, "stage": "broadcast_preference_payload", "timeout_sec": 30.0, "ts": "2026-10-04 16:16:48"}
[DBG] {"category": "TRAIN", "component": "train", "elapsed_sec": 0.018024, "event": "END:broadcast_preference_payload", "host": "d6b2a058c4be", "pid": 194534, "rank": 1, "ts": "2026-10-04 16:16:48"}
[DBG] {"category": "TRAIN", "component": "train", "event": "BEGIN:broadcast_stop_flag", "host": "d6b2a058c4be", "pid": 194534, "rank": 1, "transport": "gloo_cpu", "ts": "2026-10-04 16:16:48", "value": null}
[DBG] {"category": "TRAIN", "component": "train", "event": "watchdog_armed", "host": "d6b2a058c4be", "pid": 194534, "rank": 1, "stage": "broadcast_stop_flag", "timeout_sec": 30.0, "ts": "2026-10-04 16:16:48"}
[DBG] {"category": "TRAIN", "component": "train", "elapsed_sec": 0.005734, "event": "END:broadcast_stop_flag", "host": "d6b2a058c4be", "pid": 194534, "rank": 1, "ts": "2026-10-04 16:16:48"}
[DBG] {"category": "TRAIN", "component": "train", "event": "BEGIN:broadcast_preference_payload", "has_payload": null, "host": "d6b2a058c4be", "pid": 194534, "rank": 1, "transport": "json_uint8_gloo", "ts": "2026-10-04 16:16:48"}
[DBG] {"category": "TRAIN", "component": "train", "event": "watchdog_armed", "host": "d6b2a058c4be", "pid": 194534, "rank": 1, "stage": "broadcast_preference_payload", "timeout_sec": 30.0, "ts": "2026-10-04 16:16:48"}
[DBG] {"bytes": null, "category": "TRAIN", "component": "train", "event": "BEGIN:broadcast_preference_length", "host": "d6b2a058c4be", "pid": 194534, "rank": 1, "transport": "gloo_cpu", "ts": "2026-10-04 16:16:48"}
[DBG] {"category": "TRAIN", "component": "train", "event": "watchdog_armed", "host": "d6b2a058c4be", "pid": 194534, "rank": 1, "stage": "broadcast_preference_length", "timeout_sec": 30.0, "ts": "2026-10-04 16:16:48"}
[DBG] {"category": "TRAIN", "component": "train", "elapsed_sec": 0.01421, "event": "END:broadcast_preference_length", "host": "d6b2a058c4be", "pid": 194534, "rank": 1, "ts": "2026-10-04 16:16:48"}
[DBG] {"category": "TRAIN", "component": "train", "event": "watchdog_armed", "host": "d6b2a058c4be", "pid": 194534, "rank": 1, "stage": "broadcast_preference_payload", "timeout_sec": 30.0, "ts": "2026-10-04 16:16:48"}
[DBG] {"category": "TRAIN", "component": "train", "elapsed_sec": 0.015353, "event": "END:broadcast_preference_payload", "host": "d6b2a058c4be", "pid": 194534, "rank": 1, "ts": "2026-10-04 16:16:48"}
[DBG] {"category": "TRAIN", "component": "train", "event": "BEGIN:broadcast_stop_flag", "host": "d6b2a058c4be", "pid": 194534, "rank": 1, "transport": "gloo_cpu", "ts": "2026-10-04 16:16:49", "value": null}
[DBG] {"category": "TRAIN", "component": "train", "event": "watchdog_armed", "host": "d6b2a058c4be", "pid": 194534, "rank": 1, "stage": "broadcast_stop_flag", "timeout_sec": 30.0, "ts": "2026-10-04 16:16:49"}
[DBG] {"category": "TRAIN", "component": "train", "elapsed_sec": 0.010257, "event": "END:broadcast_stop_flag", "host": "d6b2a058c4be", "pid": 194534, "rank": 1, "ts": "2026-10-04 16:16:49"}
[DBG] {"category": "TRAIN", "component": "train", "event": "BEGIN:broadcast_preference_payload", "has_payload": null, "host": "d6b2a058c4be", "pid": 194534, "rank": 1, "transport": "json_uint8_gloo", "ts": "2026-10-04 16:16:49"}
[DBG] {"category": "TRAIN", "component": "train", "event": "watchdog_armed", "host": "d6b2a058c4be", "pid": 194534, "rank": 1, "stage": "broadcast_preference_payload", "timeout_sec": 30.0, "ts": "2026-10-04 16:16:49"}
[DBG] {"bytes": null, "category": "TRAIN", "component": "train", "event": "BEGIN:broadcast_preference_length", "host": "d6b2a058c4be", "pid": 194534, "rank": 1, "transport": "gloo_cpu", "ts": "2026-10-04 16:16:49"}
[DBG] {"category": "TRAIN", "component": "train", "event": "watchdog_armed", "host": "d6b2a058c4be", "pid": 194534, "rank": 1, "stage": "broadcast_preference_length", "timeout_sec": 30.0, "ts": "2026-10-04 16:16:49"}
[DBG] {"category": "TRAIN", "component": "train", "elapsed_sec": 0.017242, "event": "END:broadcast_preference_length", "host": "d6b2a058c4be", "pid": 194534, "rank": 1, "ts": "2026-10-04 16:16:49"}
[DBG] {"category": "TRAIN", "component": "train", "event": "watchdog_armed", "host": "d6b2a058c4be", "pid": 194534, "rank": 1, "stage": "broadcast_preference_payload", "timeout_sec": 30.0, "ts": "2026-10-04 16:16:49"}
[DBG] {"category": "TRAIN", "component": "train", "elapsed_sec": 0.018457, "event": "END:broadcast_preference_payload", "host": "d6b2a058c4be", "pid": 194534, "rank": 1, "ts": "2026-10-04 16:16:49"}
[DBG] {"category": "TRAIN", "component": "train", "event": "BEGIN:broadcast_stop_flag", "host": "d6b2a058c4be", "pid": 194534, "rank": 1, "transport": "gloo_cpu", "ts": "2026-10-04 16:16:49", "value": null}
[DBG] {"category": "TRAIN", "component": "train", "event": "watchdog_armed", "host": "d6b2a058c4be", "pid": 194534, "rank": 1, "stage": "broadcast_stop_flag", "timeout_sec": 30.0, "ts": "2026-10-04 16:16:49"}
[DBG] {"category": "TRAIN", "component": "train", "elapsed_sec": 0.009565, "event": "END:broadcast_stop_flag", "host": "d6b2a058c4be", "pid": 194534, "rank": 1, "ts": "2026-10-04 16:16:49"}
[DBG] {"category": "TRAIN", "component": "train", "event": "BEGIN:broadcast_preference_payload", "has_payload": null, "host": "d6b2a058c4be", "pid": 194534, "rank": 1, "transport": "json_uint8_gloo", "ts": "2026-10-04 16:16:49"}
[DBG] {"category": "TRAIN", "component": "train", "event": "watchdog_armed", "host": "d6b2a058c4be", "pid": 194534, "rank": 1, "stage": "broadcast_preference_payload", "timeout_sec": 30.0, "ts": "2026-10-04 16:16:49"}
[DBG] {"bytes": null, "category": "TRAIN", "component": "train", "event": "BEGIN:broadcast_preference_length", "host": "d6b2a058c4be", "pid": 194534, "rank": 1, "transport": "gloo_cpu", "ts": "2026-10-04 16:16:49"}
[DBG] {"category": "TRAIN", "component": "train", "event": "watchdog_armed", "host": "d6b2a058c4be", "pid": 194534, "rank": 1, "stage": "broadcast_preference_length", "timeout_sec": 30.0, "ts": "2026-10-04 16:16:49"}
[DBG] {"category": "TRAIN", "component": "train", "elapsed_sec": 0.01588, "event": "END:broadcast_preference_length", "host": "d6b2a058c4be", "pid": 194534, "rank": 1, "ts": "2026-10-04 16:16:49"}
[DBG] {"category": "TRAIN", "component": "train", "event": "watchdog_armed", "host": "d6b2a058c4be", "pid": 194534, "rank": 1, "stage": "broadcast_preference_payload", "timeout_sec": 30.0, "ts": "2026-10-04 16:16:49"}
[DBG] {"category": "TRAIN", "component": "train", "elapsed_sec": 0.017323, "event": "END:broadcast_preference_payload", "host": "d6b2a058c4be", "pid": 194534, "rank": 1, "ts": "2026-10-04 16:16:49"}
[DBG] {"category": "TRAIN", "component": "train", "event": "BEGIN:broadcast_stop_flag", "host": "d6b2a058c4be", "pid": 194534, "rank": 1, "transport": "gloo_cpu", "ts": "2026-10-04 16:16:50", "value": null}
[DBG] {"category": "TRAIN", "component": "train", "event": "watchdog_armed", "host": "d6b2a058c4be", "pid": 194534, "rank": 1, "stage": "broadcast_stop_flag", "timeout_sec": 30.0, "ts": "2026-10-04 16:16:50"}
[DBG] {"category": "TRAIN", "component": "train", "elapsed_sec": 0.008483, "event": "END:broadcast_stop_flag", "host": "d6b2a058c4be", "pid": 194534, "rank": 1, "ts": "2026-10-04 16:16:50"}
[DBG] {"category": "TRAIN", "component": "train", "event": "BEGIN:broadcast_preference_payload", "has_payload": null, "host": "d6b2a058c4be", "pid": 194534, "rank": 1, "transport": "json_uint8_gloo", "ts": "2026-10-04 16:16:50"}
[DBG] {"category": "TRAIN", "component": "train", "event": "watchdog_armed", "host": "d6b2a058c4be", "pid": 194534, "rank": 1, "stage": "broadcast_preference_payload", "timeout_sec": 30.0, "ts": "2026-10-04 16:16:50"}
[DBG] {"bytes": null, "category": "TRAIN", "component": "train", "event": "BEGIN:broadcast_preference_length", "host": "d6b2a058c4be", "pid": 194534, "rank": 1, "transport": "gloo_cpu", "ts": "2026-10-04 16:16:50"}
[DBG] {"category": "TRAIN", "component": "train", "event": "watchdog_armed", "host": "d6b2a058c4be", "pid": 194534, "rank": 1, "stage": "broadcast_preference_length", "timeout_sec": 30.0, "ts": "2026-10-04 16:16:50"}
[DBG] {"category": "TRAIN", "component": "train", "elapsed_sec": 0.016187, "event": "END:broadcast_preference_length", "host": "d6b2a058c4be", "pid": 194534, "rank": 1, "ts": "2026-10-04 16:16:50"}
[DBG] {"category": "TRAIN", "component": "train", "event": "watchdog_armed", "host": "d6b2a058c4be", "pid": 194534, "rank": 1, "stage": "broadcast_preference_payload", "timeout_sec": 30.0, "ts": "2026-10-04 16:16:50"}
[DBG] {"category": "TRAIN", "component": "train", "elapsed_sec": 0.017619, "event": "END:broadcast_preference_payload", "host": "d6b2a058c4be", "pid": 194534, "rank": 1, "ts": "2026-10-04 16:16:50"}
[DBG] {"category": "TRAIN", "component": "train", "event": "BEGIN:broadcast_stop_flag", "host": "d6b2a058c4be", "pid": 194534, "rank": 1, "transport": "gloo_cpu", "ts": "2026-10-04 16:16:50", "value": null}
[DBG] {"category": "TRAIN", "component": "train", "event": "watchdog_armed", "host": "d6b2a058c4be", "pid": 194534, "rank": 1, "stage": "broadcast_stop_flag", "timeout_sec": 30.0, "ts": "2026-10-04 16:16:50"}
[DBG] {"category": "TRAIN", "component": "train", "elapsed_sec": 0.007479, "event": "END:broadcast_stop_flag", "host": "d6b2a058c4be", "pid": 194534, "rank": 1, "ts": "2026-10-04 16:16:50"}
[DBG] {"category": "TRAIN", "component": "train", "event": "BEGIN:broadcast_preference_payload", "has_payload": null, "host": "d6b2a058c4be", "pid": 194534, "rank": 1, "transport": "json_uint8_gloo", "ts": "2026-10-04 16:16:50"}
[DBG] {"category": "TRAIN", "component": "train", "event": "watchdog_armed", "host": "d6b2a058c4be", "pid": 194534, "rank": 1, "stage": "broadcast_preference_payload", "timeout_sec": 30.0, "ts": "2026-10-04 16:16:50"}
[DBG] {"bytes": null, "category": "TRAIN", "component": "train", "event": "BEGIN:broadcast_preference_length", "host": "d6b2a058c4be", "pid": 194534, "rank": 1, "transport": "gloo_cpu", "ts": "2026-10-04 16:16:50"}
[DBG] {"category": "TRAIN", "component": "train", "event": "watchdog_armed", "host": "d6b2a058c4be", "pid": 194534, "rank": 1, "stage": "broadcast_preference_length", "timeout_sec": 30.0, "ts": "2026-10-04 16:16:50"}
[DBG] {"category": "TRAIN", "component": "train", "elapsed_sec": 0.020975, "event": "END:broadcast_preference_length", "host": "d6b2a058c4be", "pid": 194534, "rank": 1, "ts": "2026-10-04 16:16:50"}
[DBG] {"category": "TRAIN", "component": "train", "event": "watchdog_armed", "host": "d6b2a058c4be", "pid": 194534, "rank": 1, "stage": "broadcast_preference_payload", "timeout_sec": 30.0, "ts": "2026-10-04 16:16:50"}
[DBG] {"category": "TRAIN", "component": "train", "elapsed_sec": 0.022584, "event": "END:broadcast_preference_payload", "host": "d6b2a058c4be", "pid": 194534, "rank": 1, "ts": "2026-10-04 16:16:50"}
[DBG] {"category": "TRAIN", "component": "train", "event": "BEGIN:broadcast_stop_flag", "host": "d6b2a058c4be", "pid": 194534, "rank": 1, "transport": "gloo_cpu", "ts": "2026-10-04 16:16:51", "value": null}
[DBG] {"category": "TRAIN", "component": "train", "event": "watchdog_armed", "host": "d6b2a058c4be", "pid": 194534, "rank": 1, "stage": "broadcast_stop_flag", "timeout_sec": 30.0, "ts": "2026-10-04 16:16:51"}
[DBG] {"category": "TRAIN", "component": "train", "elapsed_sec": 0.007269, "event": "END:broadcast_stop_flag", "host": "d6b2a058c4be", "pid": 194534, "rank": 1, "ts": "2026-10-04 16:16:51"}
[DBG] {"category": "TRAIN", "component": "train", "event": "BEGIN:broadcast_preference_payload", "has_payload": null, "host": "d6b2a058c4be", "pid": 194534, "rank": 1, "transport": "json_uint8_gloo", "ts": "2026-10-04 16:16:51"}
[DBG] {"category": "TRAIN", "component": "train", "event": "watchdog_armed", "host": "d6b2a058c4be", "pid": 194534, "rank": 1, "stage": "broadcast_preference_payload", "timeout_sec": 30.0, "ts": "2026-10-04 16:16:51"}
[DBG] {"bytes": null, "category": "TRAIN", "component": "train", "event": "BEGIN:broadcast_preference_length", "host": "d6b2a058c4be", "pid": 194534, "rank": 1, "transport": "gloo_cpu", "ts": "2026-10-04 16:16:51"}
[DBG] {"category": "TRAIN", "component": "train", "event": "watchdog_armed", "host": "d6b2a058c4be", "pid": 194534, "rank": 1, "stage": "broadcast_preference_length", "timeout_sec": 30.0, "ts": "2026-10-04 16:16:51"}
[DBG] {"category": "TRAIN", "component": "train", "elapsed_sec": 0.017201, "event": "END:broadcast_preference_length", "host": "d6b2a058c4be", "pid": 194534, "rank": 1, "ts": "2026-10-04 16:16:51"}
[DBG] {"category": "TRAIN", "component": "train", "event": "watchdog_armed", "host": "d6b2a058c4be", "pid": 194534, "rank": 1, "stage": "broadcast_preference_payload", "timeout_sec": 30.0, "ts": "2026-10-04 16:16:51"}
[DBG] {"category": "TRAIN", "component": "train", "elapsed_sec": 0.018865, "event": "END:broadcast_preference_payload", "host": "d6b2a058c4be", "pid": 194534, "rank": 1, "ts": "2026-10-04 16:16:51"}
[DBG] {"category": "TRAIN", "component": "train", "event": "BEGIN:broadcast_stop_flag", "host": "d6b2a058c4be", "pid": 194534, "rank": 1, "transport": "gloo_cpu", "ts": "2026-10-04 16:16:51", "value": null}
[DBG] {"category": "TRAIN", "component": "train", "event": "watchdog_armed", "host": "d6b2a058c4be", "pid": 194534, "rank": 1, "stage": "broadcast_stop_flag", "timeout_sec": 30.0, "ts": "2026-10-04 16:16:51"}
[DBG] {"category": "TRAIN", "component": "train", "elapsed_sec": 0.008629, "event": "END:broadcast_stop_flag", "host": "d6b2a058c4be", "pid": 194534, "rank": 1, "ts": "2026-10-04 16:16:51"}
[DBG] {"category": "TRAIN", "component": "train", "event": "BEGIN:broadcast_preference_payload", "has_payload": null, "host": "d6b2a058c4be", "pid": 194534, "rank": 1, "transport": "json_uint8_gloo", "ts": "2026-10-04 16:16:51"}
[DBG] {"category": "TRAIN", "component": "train", "event": "watchdog_armed", "host": "d6b2a058c4be", "pid": 194534, "rank": 1, "stage": "broadcast_preference_payload", "timeout_sec": 30.0, "ts": "2026-10-04 16:16:51"}
[DBG] {"bytes": null, "category": "TRAIN", "component": "train", "event": "BEGIN:broadcast_preference_length", "host": "d6b2a058c4be", "pid": 194534, "rank": 1, "transport": "gloo_cpu", "ts": "2026-10-04 16:16:51"}
[DBG] {"category": "TRAIN", "component": "train", "event": "watchdog_armed", "host": "d6b2a058c4be", "pid": 194534, "rank": 1, "stage": "broadcast_preference_length", "timeout_sec": 30.0, "ts": "2026-10-04 16:16:51"}
[DBG] {"category": "TRAIN", "component": "train", "elapsed_sec": 0.018519, "event": "END:broadcast_preference_length", "host": "d6b2a058c4be", "pid": 194534, "rank": 1, "ts": "2026-10-04 16:16:51"}
[DBG] {"category": "TRAIN", "component": "train", "event": "watchdog_armed", "host": "d6b2a058c4be", "pid": 194534, "rank": 1, "stage": "broadcast_preference_payload", "timeout_sec": 30.0, "ts": "2026-10-04 16:16:51"}
[DBG] {"category": "TRAIN", "component": "train", "elapsed_sec": 0.020132, "event": "END:broadcast_preference_payload", "host": "d6b2a058c4be", "pid": 194534, "rank": 1, "ts": "2026-10-04 16:16:51"}
[DBG] {"category": "TRAIN", "component": "train", "event": "BEGIN:broadcast_stop_flag", "host": "d6b2a058c4be", "pid": 194534, "rank": 1, "transport": "gloo_cpu", "ts": "2026-10-04 16:16:52", "value": null}
[DBG] {"category": "TRAIN", "component": "train", "event": "watchdog_armed", "host": "d6b2a058c4be", "pid": 194534, "rank": 1, "stage": "broadcast_stop_flag", "timeout_sec": 30.0, "ts": "2026-10-04 16:16:52"}
[DBG] {"category": "TRAIN", "component": "train", "elapsed_sec": 0.008285, "event": "END:broadcast_stop_flag", "host": "d6b2a058c4be", "pid": 194534, "rank": 1, "ts": "2026-10-04 16:16:52"}
[DBG] {"category": "TRAIN", "component": "train", "event": "BEGIN:broadcast_preference_payload", "has_payload": null, "host": "d6b2a058c4be", "pid": 194534, "rank": 1, "transport": "json_uint8_gloo", "ts": "2026-10-04 16:16:52"}
[DBG] {"category": "TRAIN", "component": "train", "event": "watchdog_armed", "host": "d6b2a058c4be", "pid": 194534, "rank": 1, "stage": "broadcast_preference_payload", "timeout_sec": 30.0, "ts": "2026-10-04 16:16:52"}
[DBG] {"bytes": null, "category": "TRAIN", "component": "train", "event": "BEGIN:broadcast_preference_length", "host": "d6b2a058c4be", "pid": 194534, "rank": 1, "transport": "gloo_cpu", "ts": "2026-10-04 16:16:52"}
[DBG] {"category": "TRAIN", "component": "train", "event": "watchdog_armed", "host": "d6b2a058c4be", "pid": 194534, "rank": 1, "stage": "broadcast_preference_length", "timeout_sec": 30.0, "ts": "2026-10-04 16:16:52"}
[DBG] {"category": "TRAIN", "component": "train", "elapsed_sec": 0.017552, "event": "END:broadcast_preference_length", "host": "d6b2a058c4be", "pid": 194534, "rank": 1, "ts": "2026-10-04 16:16:52"}
[DBG] {"category": "TRAIN", "component": "train", "event": "watchdog_armed", "host": "d6b2a058c4be", "pid": 194534, "rank": 1, "stage": "broadcast_preference_payload", "timeout_sec": 30.0, "ts": "2026-10-04 16:16:52"}
[DBG] {"category": "TRAIN", "component": "train", "elapsed_sec": 0.019187, "event": "END:broadcast_preference_payload", "host": "d6b2a058c4be", "pid": 194534, "rank": 1, "ts": "2026-10-04 16:16:52"}
[DBG] {"category": "TRAIN", "component": "train", "event": "BEGIN:broadcast_stop_flag", "host": "d6b2a058c4be", "pid": 194534, "rank": 1, "transport": "gloo_cpu", "ts": "2026-10-04 16:16:52", "value": null}
[DBG] {"category": "TRAIN", "component": "train", "event": "watchdog_armed", "host": "d6b2a058c4be", "pid": 194534, "rank": 1, "stage": "broadcast_stop_flag", "timeout_sec": 30.0, "ts": "2026-10-04 16:16:52"}
[DBG] {"category": "TRAIN", "component": "train", "elapsed_sec": 0.007144, "event": "END:broadcast_stop_flag", "host": "d6b2a058c4be", "pid": 194534, "rank": 1, "ts": "2026-10-04 16:16:52"}
[DBG] {"category": "TRAIN", "component": "train", "event": "BEGIN:broadcast_preference_payload", "has_payload": null, "host": "d6b2a058c4be", "pid": 194534, "rank": 1, "transport": "json_uint8_gloo", "ts": "2026-10-04 16:16:52"}
[DBG] {"category": "TRAIN", "component": "train", "event": "watchdog_armed", "host": "d6b2a058c4be", "pid": 194534, "rank": 1, "stage": "broadcast_preference_payload", "timeout_sec": 30.0, "ts": "2026-10-04 16:16:52"}
[DBG] {"bytes": null, "category": "TRAIN", "component": "train", "event": "BEGIN:broadcast_preference_length", "host": "d6b2a058c4be", "pid": 194534, "rank": 1, "transport": "gloo_cpu", "ts": "2026-10-04 16:16:52"}
[DBG] {"category": "TRAIN", "component": "train", "event": "watchdog_armed", "host": "d6b2a058c4be", "pid": 194534, "rank": 1, "stage": "broadcast_preference_length", "timeout_sec": 30.0, "ts": "2026-10-04 16:16:52"}
[DBG] {"category": "TRAIN", "component": "train", "elapsed_sec": 0.013179, "event": "END:broadcast_preference_length", "host": "d6b2a058c4be", "pid": 194534, "rank": 1, "ts": "2026-10-04 16:16:52"}
[DBG] {"category": "TRAIN", "component": "train", "event": "watchdog_armed", "host": "d6b2a058c4be", "pid": 194534, "rank": 1, "stage": "broadcast_preference_payload", "timeout_sec": 30.0, "ts": "2026-10-04 16:16:52"}
[DBG] {"category": "TRAIN", "component": "train", "elapsed_sec": 0.014543, "event": "END:broadcast_preference_payload", "host": "d6b2a058c4be", "pid": 194534, "rank": 1, "ts": "2026-10-04 16:16:52"}
[DBG] {"category": "TRAIN", "component": "train", "event": "BEGIN:broadcast_stop_flag", "host": "d6b2a058c4be", "pid": 194534, "rank": 1, "transport": "gloo_cpu", "ts": "2026-10-04 16:16:53", "value": null}
[DBG] {"category": "TRAIN", "component": "train", "event": "watchdog_armed", "host": "d6b2a058c4be", "pid": 194534, "rank": 1, "stage": "broadcast_stop_flag", "timeout_sec": 30.0, "ts": "2026-10-04 16:16:53"}
[DBG] {"category": "TRAIN", "component": "train", "elapsed_sec": 0.005909, "event": "END:broadcast_stop_flag", "host": "d6b2a058c4be", "pid": 194534, "rank": 1, "ts": "2026-10-04 16:16:53"}
[DBG] {"category": "TRAIN", "component": "train", "event": "BEGIN:broadcast_preference_payload", "has_payload": null, "host": "d6b2a058c4be", "pid": 194534, "rank": 1, "transport": "json_uint8_gloo", "ts": "2026-10-04 16:16:53"}
[DBG] {"category": "TRAIN", "component": "train", "event": "watchdog_armed", "host": "d6b2a058c4be", "pid": 194534, "rank": 1, "stage": "broadcast_preference_payload", "timeout_sec": 30.0, "ts": "2026-10-04 16:16:53"}
[DBG] {"bytes": null, "category": "TRAIN", "component": "train", "event": "BEGIN:broadcast_preference_length", "host": "d6b2a058c4be", "pid": 194534, "rank": 1, "transport": "gloo_cpu", "ts": "2026-10-04 16:16:53"}
[DBG] {"category": "TRAIN", "component": "train", "event": "watchdog_armed", "host": "d6b2a058c4be", "pid": 194534, "rank": 1, "stage": "broadcast_preference_length", "timeout_sec": 30.0, "ts": "2026-10-04 16:16:53"}
[DBG] {"category": "TRAIN", "component": "train", "elapsed_sec": 0.013873, "event": "END:broadcast_preference_length", "host": "d6b2a058c4be", "pid": 194534, "rank": 1, "ts": "2026-10-04 16:16:53"}
[DBG] {"category": "TRAIN", "component": "train", "event": "watchdog_armed", "host": "d6b2a058c4be", "pid": 194534, "rank": 1, "stage": "broadcast_preference_payload", "timeout_sec": 30.0, "ts": "2026-10-04 16:16:53"}
[DBG] {"category": "TRAIN", "component": "train", "elapsed_sec": 0.015298, "event": "END:broadcast_preference_payload", "host": "d6b2a058c4be", "pid": 194534, "rank": 1, "ts": "2026-10-04 16:16:53"}
[DBG] {"category": "TRAIN", "component": "train", "event": "BEGIN:broadcast_stop_flag", "host": "d6b2a058c4be", "pid": 194534, "rank": 1, "transport": "gloo_cpu", "ts": "2026-10-04 16:16:53", "value": null}
[DBG] {"category": "TRAIN", "component": "train", "event": "watchdog_armed", "host": "d6b2a058c4be", "pid": 194534, "rank": 1, "stage": "broadcast_stop_flag", "timeout_sec": 30.0, "ts": "2026-10-04 16:16:54"}
[DBG] {"category": "TRAIN", "component": "train", "elapsed_sec": 0.005681, "event": "END:broadcast_stop_flag", "host": "d6b2a058c4be", "pid": 194534, "rank": 1, "ts": "2026-10-04 16:16:54"}
[DBG] {"category": "TRAIN", "component": "train", "event": "BEGIN:broadcast_preference_payload", "has_payload": null, "host": "d6b2a058c4be", "pid": 194534, "rank": 1, "transport": "json_uint8_gloo", "ts": "2026-10-04 16:16:54"}
[DBG] {"category": "TRAIN", "component": "train", "event": "watchdog_armed", "host": "d6b2a058c4be", "pid": 194534, "rank": 1, "stage": "broadcast_preference_payload", "timeout_sec": 30.0, "ts": "2026-10-04 16:16:54"}
[DBG] {"bytes": null, "category": "TRAIN", "component": "train", "event": "BEGIN:broadcast_preference_length", "host": "d6b2a058c4be", "pid": 194534, "rank": 1, "transport": "gloo_cpu", "ts": "2026-10-04 16:16:54"}
[DBG] {"category": "TRAIN", "component": "train", "event": "watchdog_armed", "host": "d6b2a058c4be", "pid": 194534, "rank": 1, "stage": "broadcast_preference_length", "timeout_sec": 30.0, "ts": "2026-10-04 16:16:54"}
[DBG] {"category": "TRAIN", "component": "train", "elapsed_sec": 0.010667, "event": "END:broadcast_preference_length", "host": "d6b2a058c4be", "pid": 194534, "rank": 1, "ts": "2026-10-04 16:16:54"}
[DBG] {"category": "TRAIN", "component": "train", "event": "watchdog_armed", "host": "d6b2a058c4be", "pid": 194534, "rank": 1, "stage": "broadcast_preference_payload", "timeout_sec": 30.0, "ts": "2026-10-04 16:16:54"}
[DBG] {"category": "TRAIN", "component": "train", "elapsed_sec": 0.012093, "event": "END:broadcast_preference_payload", "host": "d6b2a058c4be", "pid": 194534, "rank": 1, "ts": "2026-10-04 16:16:54"}
[DBG] {"category": "TRAIN", "component": "train", "event": "BEGIN:broadcast_stop_flag", "host": "d6b2a058c4be", "pid": 194534, "rank": 1, "transport": "gloo_cpu", "ts": "2026-10-04 16:16:54", "value": null}
[DBG] {"category": "TRAIN", "component": "train", "event": "watchdog_armed", "host": "d6b2a058c4be", "pid": 194534, "rank": 1, "stage": "broadcast_stop_flag", "timeout_sec": 30.0, "ts": "2026-10-04 16:16:54"}
[DBG] {"category": "TRAIN", "component": "train", "elapsed_sec": 0.004811, "event": "END:broadcast_stop_flag", "host": "d6b2a058c4be", "pid": 194534, "rank": 1, "ts": "2026-10-04 16:16:54"}
[DBG] {"category": "TRAIN", "component": "train", "event": "BEGIN:broadcast_preference_payload", "has_payload": null, "host": "d6b2a058c4be", "pid": 194534, "rank": 1, "transport": "json_uint8_gloo", "ts": "2026-10-04 16:16:54"}
[DBG] {"category": "TRAIN", "component": "train", "event": "watchdog_armed", "host": "d6b2a058c4be", "pid": 194534, "rank": 1, "stage": "broadcast_preference_payload", "timeout_sec": 30.0, "ts": "2026-10-04 16:16:54"}
[DBG] {"bytes": null, "category": "TRAIN", "component": "train", "event": "BEGIN:broadcast_preference_length", "host": "d6b2a058c4be", "pid": 194534, "rank": 1, "transport": "gloo_cpu", "ts": "2026-10-04 16:16:54"}
[DBG] {"category": "TRAIN", "component": "train", "event": "watchdog_armed", "host": "d6b2a058c4be", "pid": 194534, "rank": 1, "stage": "broadcast_preference_length", "timeout_sec": 30.0, "ts": "2026-10-04 16:16:54"}
[DBG] {"category": "TRAIN", "component": "train", "elapsed_sec": 0.011409, "event": "END:broadcast_preference_length", "host": "d6b2a058c4be", "pid": 194534, "rank": 1, "ts": "2026-10-04 16:16:54"}
[DBG] {"category": "TRAIN", "component": "train", "event": "watchdog_armed", "host": "d6b2a058c4be", "pid": 194534, "rank": 1, "stage": "broadcast_preference_payload", "timeout_sec": 30.0, "ts": "2026-10-04 16:16:54"}
[DBG] {"category": "TRAIN", "component": "train", "elapsed_sec": 0.012934, "event": "END:broadcast_preference_payload", "host": "d6b2a058c4be", "pid": 194534, "rank": 1, "ts": "2026-10-04 16:16:54"}
[DBG] {"category": "TRAIN", "component": "train", "event": "BEGIN:broadcast_stop_flag", "host": "d6b2a058c4be", "pid": 194534, "rank": 1, "transport": "gloo_cpu", "ts": "2026-10-04 16:16:55", "value": null}
[DBG] {"category": "TRAIN", "component": "train", "event": "watchdog_armed", "host": "d6b2a058c4be", "pid": 194534, "rank": 1, "stage": "broadcast_stop_flag", "timeout_sec": 30.0, "ts": "2026-10-04 16:16:55"}
[DBG] {"category": "TRAIN", "component": "train", "elapsed_sec": 0.006067, "event": "END:broadcast_stop_flag", "host": "d6b2a058c4be", "pid": 194534, "rank": 1, "ts": "2026-10-04 16:16:55"}
[DBG] {"category": "TRAIN", "component": "train", "event": "BEGIN:broadcast_preference_payload", "has_payload": null, "host": "d6b2a058c4be", "pid": 194534, "rank": 1, "transport": "json_uint8_gloo", "ts": "2026-10-04 16:16:55"}
[DBG] {"category": "TRAIN", "component": "train", "event": "watchdog_armed", "host": "d6b2a058c4be", "pid": 194534, "rank": 1, "stage": "broadcast_preference_payload", "timeout_sec": 30.0, "ts": "2026-10-04 16:16:55"}
[DBG] {"bytes": null, "category": "TRAIN", "component": "train", "event": "BEGIN:broadcast_preference_length", "host": "d6b2a058c4be", "pid": 194534, "rank": 1, "transport": "gloo_cpu", "ts": "2026-10-04 16:16:55"}
[DBG] {"category": "TRAIN", "component": "train", "event": "watchdog_armed", "host": "d6b2a058c4be", "pid": 194534, "rank": 1, "stage": "broadcast_preference_length", "timeout_sec": 30.0, "ts": "2026-10-04 16:16:55"}
[DBG] {"category": "TRAIN", "component": "train", "elapsed_sec": 0.015058, "event": "END:broadcast_preference_length", "host": "d6b2a058c4be", "pid": 194534, "rank": 1, "ts": "2026-10-04 16:16:55"}
[DBG] {"category": "TRAIN", "component": "train", "event": "watchdog_armed", "host": "d6b2a058c4be", "pid": 194534, "rank": 1, "stage": "broadcast_preference_payload", "timeout_sec": 30.0, "ts": "2026-10-04 16:16:55"}
[DBG] {"category": "TRAIN", "component": "train", "elapsed_sec": 0.016414, "event": "END:broadcast_preference_payload", "host": "d6b2a058c4be", "pid": 194534, "rank": 1, "ts": "2026-10-04 16:16:55"}
[DBG] {"category": "TRAIN", "component": "train", "event": "BEGIN:broadcast_stop_flag", "host": "d6b2a058c4be", "pid": 194534, "rank": 1, "transport": "gloo_cpu", "ts": "2026-10-04 16:16:55", "value": null}
[DBG] {"category": "TRAIN", "component": "train", "event": "watchdog_armed", "host": "d6b2a058c4be", "pid": 194534, "rank": 1, "stage": "broadcast_stop_flag", "timeout_sec": 30.0, "ts": "2026-10-04 16:16:55"}
[DBG] {"category": "TRAIN", "component": "train", "elapsed_sec": 0.006527, "event": "END:broadcast_stop_flag", "host": "d6b2a058c4be", "pid": 194534, "rank": 1, "ts": "2026-10-04 16:16:55"}
[DBG] {"category": "TRAIN", "component": "train", "event": "BEGIN:broadcast_preference_payload", "has_payload": null, "host": "d6b2a058c4be", "pid": 194534, "rank": 1, "transport": "json_uint8_gloo", "ts": "2026-10-04 16:16:55"}
[DBG] {"category": "TRAIN", "component": "train", "event": "watchdog_armed", "host": "d6b2a058c4be", "pid": 194534, "rank": 1, "stage": "broadcast_preference_payload", "timeout_sec": 30.0, "ts": "2026-10-04 16:16:55"}
[DBG] {"bytes": null, "category": "TRAIN", "component": "train", "event": "BEGIN:broadcast_preference_length", "host": "d6b2a058c4be", "pid": 194534, "rank": 1, "transport": "gloo_cpu", "ts": "2026-10-04 16:16:55"}
[DBG] {"category": "TRAIN", "component": "train", "event": "watchdog_armed", "host": "d6b2a058c4be", "pid": 194534, "rank": 1, "stage": "broadcast_preference_length", "timeout_sec": 30.0, "ts": "2026-10-04 16:16:55"}
[DBG] {"category": "TRAIN", "component": "train", "elapsed_sec": 0.012797, "event": "END:broadcast_preference_length", "host": "d6b2a058c4be", "pid": 194534, "rank": 1, "ts": "2026-10-04 16:16:55"}
[DBG] {"category": "TRAIN", "component": "train", "event": "watchdog_armed", "host": "d6b2a058c4be", "pid": 194534, "rank": 1, "stage": "broadcast_preference_payload", "timeout_sec": 30.0, "ts": "2026-10-04 16:16:55"}
[DBG] {"category": "TRAIN", "component": "train", "elapsed_sec": 0.014226, "event": "END:broadcast_preference_payload", "host": "d6b2a058c4be", "pid": 194534, "rank": 1, "ts": "2026-10-04 16:16:55"}
[DBG] {"category": "TRAIN", "component": "train", "event": "BEGIN:broadcast_stop_flag", "host": "d6b2a058c4be", "pid": 194534, "rank": 1, "transport": "gloo_cpu", "ts": "2026-10-04 16:16:56", "value": null}
[DBG] {"category": "TRAIN", "component": "train", "event": "watchdog_armed", "host": "d6b2a058c4be", "pid": 194534, "rank": 1, "stage": "broadcast_stop_flag", "timeout_sec": 30.0, "ts": "2026-10-04 16:16:56"}
[DBG] {"category": "TRAIN", "component": "train", "elapsed_sec": 0.007526, "event": "END:broadcast_stop_flag", "host": "d6b2a058c4be", "pid": 194534, "rank": 1, "ts": "2026-10-04 16:16:56"}
[DBG] {"category": "TRAIN", "component": "train", "event": "BEGIN:broadcast_preference_payload", "has_payload": null, "host": "d6b2a058c4be", "pid": 194534, "rank": 1, "transport": "json_uint8_gloo", "ts": "2026-10-04 16:16:56"}
[DBG] {"category": "TRAIN", "component": "train", "event": "watchdog_armed", "host": "d6b2a058c4be", "pid": 194534, "rank": 1, "stage": "broadcast_preference_payload", "timeout_sec": 30.0, "ts": "2026-10-04 16:16:56"}
[DBG] {"bytes": null, "category": "TRAIN", "component": "train", "event": "BEGIN:broadcast_preference_length", "host": "d6b2a058c4be", "pid": 194534, "rank": 1, "transport": "gloo_cpu", "ts": "2026-10-04 16:16:56"}
[DBG] {"category": "TRAIN", "component": "train", "event": "watchdog_armed", "host": "d6b2a058c4be", "pid": 194534, "rank": 1, "stage": "broadcast_preference_length", "timeout_sec": 30.0, "ts": "2026-10-04 16:16:56"}
[DBG] {"category": "TRAIN", "component": "train", "elapsed_sec": 0.015593, "event": "END:broadcast_preference_length", "host": "d6b2a058c4be", "pid": 194534, "rank": 1, "ts": "2026-10-04 16:16:56"}
[DBG] {"category": "TRAIN", "component": "train", "event": "watchdog_armed", "host": "d6b2a058c4be", "pid": 194534, "rank": 1, "stage": "broadcast_preference_payload", "timeout_sec": 30.0, "ts": "2026-10-04 16:16:56"}
[DBG] {"category": "TRAIN", "component": "train", "elapsed_sec": 0.017069, "event": "END:broadcast_preference_payload", "host": "d6b2a058c4be", "pid": 194534, "rank": 1, "ts": "2026-10-04 16:16:56"}
[DBG] {"category": "TRAIN", "component": "train", "event": "BEGIN:broadcast_stop_flag", "host": "d6b2a058c4be", "pid": 194534, "rank": 1, "transport": "gloo_cpu", "ts": "2026-10-04 16:16:56", "value": null}
[DBG] {"category": "TRAIN", "component": "train", "event": "watchdog_armed", "host": "d6b2a058c4be", "pid": 194534, "rank": 1, "stage": "broadcast_stop_flag", "timeout_sec": 30.0, "ts": "2026-10-04 16:16:56"}
[DBG] {"category": "TRAIN", "component": "train", "elapsed_sec": 0.007915, "event": "END:broadcast_stop_flag", "host": "d6b2a058c4be", "pid": 194534, "rank": 1, "ts": "2026-10-04 16:16:56"}
[DBG] {"category": "TRAIN", "component": "train", "event": "BEGIN:broadcast_preference_payload", "has_payload": null, "host": "d6b2a058c4be", "pid": 194534, "rank": 1, "transport": "json_uint8_gloo", "ts": "2026-10-04 16:16:56"}
[DBG] {"category": "TRAIN", "component": "train", "event": "watchdog_armed", "host": "d6b2a058c4be", "pid": 194534, "rank": 1, "stage": "broadcast_preference_payload", "timeout_sec": 30.0, "ts": "2026-10-04 16:16:56"}
[DBG] {"bytes": null, "category": "TRAIN", "component": "train", "event": "BEGIN:broadcast_preference_length", "host": "d6b2a058c4be", "pid": 194534, "rank": 1, "transport": "gloo_cpu", "ts": "2026-10-04 16:16:56"}
[DBG] {"category": "TRAIN", "component": "train", "event": "watchdog_armed", "host": "d6b2a058c4be", "pid": 194534, "rank": 1, "stage": "broadcast_preference_length", "timeout_sec": 30.0, "ts": "2026-10-04 16:16:56"}
[DBG] {"category": "TRAIN", "component": "train", "elapsed_sec": 0.016177, "event": "END:broadcast_preference_length", "host": "d6b2a058c4be", "pid": 194534, "rank": 1, "ts": "2026-10-04 16:16:56"}
[DBG] {"category": "TRAIN", "component": "train", "event": "watchdog_armed", "host": "d6b2a058c4be", "pid": 194534, "rank": 1, "stage": "broadcast_preference_payload", "timeout_sec": 30.0, "ts": "2026-10-04 16:16:56"}
[DBG] {"category": "TRAIN", "component": "train", "elapsed_sec": 0.017597, "event": "END:broadcast_preference_payload", "host": "d6b2a058c4be", "pid": 194534, "rank": 1, "ts": "2026-10-04 16:16:56"}
[DBG] {"category": "TRAIN", "component": "train", "event": "BEGIN:broadcast_stop_flag", "host": "d6b2a058c4be", "pid": 194534, "rank": 1, "transport": "gloo_cpu", "ts": "2026-10-04 16:16:57", "value": null}
[DBG] {"category": "TRAIN", "component": "train", "event": "watchdog_armed", "host": "d6b2a058c4be", "pid": 194534, "rank": 1, "stage": "broadcast_stop_flag", "timeout_sec": 30.0, "ts": "2026-10-04 16:16:57"}
[DBG] {"category": "TRAIN", "component": "train", "elapsed_sec": 0.005378, "event": "END:broadcast_stop_flag", "host": "d6b2a058c4be", "pid": 194534, "rank": 1, "ts": "2026-10-04 16:16:57"}
[DBG] {"category": "TRAIN", "component": "train", "event": "BEGIN:broadcast_preference_payload", "has_payload": null, "host": "d6b2a058c4be", "pid": 194534, "rank": 1, "transport": "json_uint8_gloo", "ts": "2026-10-04 16:16:57"}
[DBG] {"category": "TRAIN", "component": "train", "event": "watchdog_armed", "host": "d6b2a058c4be", "pid": 194534, "rank": 1, "stage": "broadcast_preference_payload", "timeout_sec": 30.0, "ts": "2026-10-04 16:16:57"}
[DBG] {"bytes": null, "category": "TRAIN", "component": "train", "event": "BEGIN:broadcast_preference_length", "host": "d6b2a058c4be", "pid": 194534, "rank": 1, "transport": "gloo_cpu", "ts": "2026-10-04 16:16:57"}
[DBG] {"category": "TRAIN", "component": "train", "event": "watchdog_armed", "host": "d6b2a058c4be", "pid": 194534, "rank": 1, "stage": "broadcast_preference_length", "timeout_sec": 30.0, "ts": "2026-10-04 16:16:57"}
[DBG] {"category": "TRAIN", "component": "train", "elapsed_sec": 0.028214, "event": "END:broadcast_preference_length", "host": "d6b2a058c4be", "pid": 194534, "rank": 1, "ts": "2026-10-04 16:16:57"}
[DBG] {"category": "TRAIN", "component": "train", "event": "watchdog_armed", "host": "d6b2a058c4be", "pid": 194534, "rank": 1, "stage": "broadcast_preference_payload", "timeout_sec": 30.0, "ts": "2026-10-04 16:16:57"}
[DBG] {"category": "TRAIN", "component": "train", "elapsed_sec": 0.029401, "event": "END:broadcast_preference_payload", "host": "d6b2a058c4be", "pid": 194534, "rank": 1, "ts": "2026-10-04 16:16:57"}
[DBG] {"category": "TRAIN", "component": "train", "event": "BEGIN:broadcast_stop_flag", "host": "d6b2a058c4be", "pid": 194534, "rank": 1, "transport": "gloo_cpu", "ts": "2026-10-04 16:16:57", "value": null}
[DBG] {"category": "TRAIN", "component": "train", "event": "watchdog_armed", "host": "d6b2a058c4be", "pid": 194534, "rank": 1, "stage": "broadcast_stop_flag", "timeout_sec": 30.0, "ts": "2026-10-04 16:16:57"}
[DBG] {"category": "TRAIN", "component": "train", "elapsed_sec": 0.007029, "event": "END:broadcast_stop_flag", "host": "d6b2a058c4be", "pid": 194534, "rank": 1, "ts": "2026-10-04 16:16:57"}
[DBG] {"category": "TRAIN", "component": "train", "event": "BEGIN:broadcast_preference_payload", "has_payload": null, "host": "d6b2a058c4be", "pid": 194534, "rank": 1, "transport": "json_uint8_gloo", "ts": "2026-10-04 16:16:57"}
[DBG] {"category": "TRAIN", "component": "train", "event": "watchdog_armed", "host": "d6b2a058c4be", "pid": 194534, "rank": 1, "stage": "broadcast_preference_payload", "timeout_sec": 30.0, "ts": "2026-10-04 16:16:57"}
[DBG] {"bytes": null, "category": "TRAIN", "component": "train", "event": "BEGIN:broadcast_preference_length", "host": "d6b2a058c4be", "pid": 194534, "rank": 1, "transport": "gloo_cpu", "ts": "2026-10-04 16:16:57"}
[DBG] {"category": "TRAIN", "component": "train", "event": "watchdog_armed", "host": "d6b2a058c4be", "pid": 194534, "rank": 1, "stage": "broadcast_preference_length", "timeout_sec": 30.0, "ts": "2026-10-04 16:16:57"}
[DBG] {"category": "TRAIN", "component": "train", "elapsed_sec": 0.016088, "event": "END:broadcast_preference_length", "host": "d6b2a058c4be", "pid": 194534, "rank": 1, "ts": "2026-10-04 16:16:57"}
[DBG] {"category": "TRAIN", "component": "train", "event": "watchdog_armed", "host": "d6b2a058c4be", "pid": 194534, "rank": 1, "stage": "broadcast_preference_payload", "timeout_sec": 30.0, "ts": "2026-10-04 16:16:57"}
[DBG] {"category": "TRAIN", "component": "train", "elapsed_sec": 0.017282, "event": "END:broadcast_preference_payload", "host": "d6b2a058c4be", "pid": 194534, "rank": 1, "ts": "2026-10-04 16:16:57"}
[DBG] {"category": "TRAIN", "component": "train", "event": "BEGIN:broadcast_stop_flag", "host": "d6b2a058c4be", "pid": 194534, "rank": 1, "transport": "gloo_cpu", "ts": "2026-10-04 16:16:58", "value": null}
[DBG] {"category": "TRAIN", "component": "train", "event": "watchdog_armed", "host": "d6b2a058c4be", "pid": 194534, "rank": 1, "stage": "broadcast_stop_flag", "timeout_sec": 30.0, "ts": "2026-10-04 16:16:58"}
[DBG] {"category": "TRAIN", "component": "train", "elapsed_sec": 0.007931, "event": "END:broadcast_stop_flag", "host": "d6b2a058c4be", "pid": 194534, "rank": 1, "ts": "2026-10-04 16:16:58"}
[DBG] {"category": "TRAIN", "component": "train", "event": "BEGIN:broadcast_preference_payload", "has_payload": null, "host": "d6b2a058c4be", "pid": 194534, "rank": 1, "transport": "json_uint8_gloo", "ts": "2026-10-04 16:16:58"}
[DBG] {"category": "TRAIN", "component": "train", "event": "watchdog_armed", "host": "d6b2a058c4be", "pid": 194534, "rank": 1, "stage": "broadcast_preference_payload", "timeout_sec": 30.0, "ts": "2026-10-04 16:16:58"}
[DBG] {"bytes": null, "category": "TRAIN", "component": "train", "event": "BEGIN:broadcast_preference_length", "host": "d6b2a058c4be", "pid": 194534, "rank": 1, "transport": "gloo_cpu", "ts": "2026-10-04 16:16:58"}
[DBG] {"category": "TRAIN", "component": "train", "event": "watchdog_armed", "host": "d6b2a058c4be", "pid": 194534, "rank": 1, "stage": "broadcast_preference_length", "timeout_sec": 30.0, "ts": "2026-10-04 16:16:58"}
[DBG] {"category": "TRAIN", "component": "train", "elapsed_sec": 0.014465, "event": "END:broadcast_preference_length", "host": "d6b2a058c4be", "pid": 194534, "rank": 1, "ts": "2026-10-04 16:16:58"}
[DBG] {"category": "TRAIN", "component": "train", "event": "watchdog_armed", "host": "d6b2a058c4be", "pid": 194534, "rank": 1, "stage": "broadcast_preference_payload", "timeout_sec": 30.0, "ts": "2026-10-04 16:16:58"}
[DBG] {"category": "TRAIN", "component": "train", "elapsed_sec": 0.015717, "event": "END:broadcast_preference_payload", "host": "d6b2a058c4be", "pid": 194534, "rank": 1, "ts": "2026-10-04 16:16:58"}
[DBG] {"category": "TRAIN", "component": "train", "event": "BEGIN:broadcast_stop_flag", "host": "d6b2a058c4be", "pid": 194534, "rank": 1, "transport": "gloo_cpu", "ts": "2026-10-04 16:16:58", "value": null}
[DBG] {"category": "TRAIN", "component": "train", "event": "watchdog_armed", "host": "d6b2a058c4be", "pid": 194534, "rank": 1, "stage": "broadcast_stop_flag", "timeout_sec": 30.0, "ts": "2026-10-04 16:16:58"}
[DBG] {"category": "TRAIN", "component": "train", "elapsed_sec": 0.007858, "event": "END:broadcast_stop_flag", "host": "d6b2a058c4be", "pid": 194534, "rank": 1, "ts": "2026-10-04 16:16:58"}
[DBG] {"category": "TRAIN", "component": "train", "event": "BEGIN:broadcast_preference_payload", "has_payload": null, "host": "d6b2a058c4be", "pid": 194534, "rank": 1, "transport": "json_uint8_gloo", "ts": "2026-10-04 16:16:58"}
[DBG] {"category": "TRAIN", "component": "train", "event": "watchdog_armed", "host": "d6b2a058c4be", "pid": 194534, "rank": 1, "stage": "broadcast_preference_payload", "timeout_sec": 30.0, "ts": "2026-10-04 16:16:58"}
[DBG] {"bytes": null, "category": "TRAIN", "component": "train", "event": "BEGIN:broadcast_preference_length", "host": "d6b2a058c4be", "pid": 194534, "rank": 1, "transport": "gloo_cpu", "ts": "2026-10-04 16:16:58"}
[DBG] {"category": "TRAIN", "component": "train", "event": "watchdog_armed", "host": "d6b2a058c4be", "pid": 194534, "rank": 1, "stage": "broadcast_preference_length", "timeout_sec": 30.0, "ts": "2026-10-04 16:16:58"}
[DBG] {"category": "TRAIN", "component": "train", "elapsed_sec": 0.013909, "event": "END:broadcast_preference_length", "host": "d6b2a058c4be", "pid": 194534, "rank": 1, "ts": "2026-10-04 16:16:58"}
[DBG] {"category": "TRAIN", "component": "train", "event": "watchdog_armed", "host": "d6b2a058c4be", "pid": 194534, "rank": 1, "stage": "broadcast_preference_payload", "timeout_sec": 30.0, "ts": "2026-10-04 16:16:58"}
[DBG] {"category": "TRAIN", "component": "train", "elapsed_sec": 0.015153, "event": "END:broadcast_preference_payload", "host": "d6b2a058c4be", "pid": 194534, "rank": 1, "ts": "2026-10-04 16:16:58"}
[DBG] {"category": "TRAIN", "component": "train", "event": "BEGIN:broadcast_stop_flag", "host": "d6b2a058c4be", "pid": 194534, "rank": 1, "transport": "gloo_cpu", "ts": "2026-10-04 16:16:59", "value": null}
[DBG] {"category": "TRAIN", "component": "train", "event": "watchdog_armed", "host": "d6b2a058c4be", "pid": 194534, "rank": 1, "stage": "broadcast_stop_flag", "timeout_sec": 30.0, "ts": "2026-10-04 16:16:59"}
[DBG] {"category": "TRAIN", "component": "train", "elapsed_sec": 0.006548, "event": "END:broadcast_stop_flag", "host": "d6b2a058c4be", "pid": 194534, "rank": 1, "ts": "2026-10-04 16:16:59"}
[DBG] {"category": "TRAIN", "component": "train", "event": "BEGIN:broadcast_preference_payload", "has_payload": null, "host": "d6b2a058c4be", "pid": 194534, "rank": 1, "transport": "json_uint8_gloo", "ts": "2026-10-04 16:16:59"}
[DBG] {"category": "TRAIN", "component": "train", "event": "watchdog_armed", "host": "d6b2a058c4be", "pid": 194534, "rank": 1, "stage": "broadcast_preference_payload", "timeout_sec": 30.0, "ts": "2026-10-04 16:16:59"}
[DBG] {"bytes": null, "category": "TRAIN", "component": "train", "event": "BEGIN:broadcast_preference_length", "host": "d6b2a058c4be", "pid": 194534, "rank": 1, "transport": "gloo_cpu", "ts": "2026-10-04 16:16:59"}
[DBG] {"category": "TRAIN", "component": "train", "event": "watchdog_armed", "host": "d6b2a058c4be", "pid": 194534, "rank": 1, "stage": "broadcast_preference_length", "timeout_sec": 30.0, "ts": "2026-10-04 16:16:59"}
[DBG] {"category": "TRAIN", "component": "train", "elapsed_sec": 0.013742, "event": "END:broadcast_preference_length", "host": "d6b2a058c4be", "pid": 194534, "rank": 1, "ts": "2026-10-04 16:16:59"}
[DBG] {"category": "TRAIN", "component": "train", "event": "watchdog_armed", "host": "d6b2a058c4be", "pid": 194534, "rank": 1, "stage": "broadcast_preference_payload", "timeout_sec": 30.0, "ts": "2026-10-04 16:16:59"}
[DBG] {"category": "TRAIN", "component": "train", "elapsed_sec": 0.01492, "event": "END:broadcast_preference_payload", "host": "d6b2a058c4be", "pid": 194534, "rank": 1, "ts": "2026-10-04 16:16:59"}
[DBG] {"category": "TRAIN", "component": "train", "event": "BEGIN:broadcast_stop_flag", "host": "d6b2a058c4be", "pid": 194534, "rank": 1, "transport": "gloo_cpu", "ts": "2026-10-04 16:16:59", "value": null}
[DBG] {"category": "TRAIN", "component": "train", "event": "watchdog_armed", "host": "d6b2a058c4be", "pid": 194534, "rank": 1, "stage": "broadcast_stop_flag", "timeout_sec": 30.0, "ts": "2026-10-04 16:16:59"}
[DBG] {"category": "TRAIN", "component": "train", "elapsed_sec": 0.005801, "event": "END:broadcast_stop_flag", "host": "d6b2a058c4be", "pid": 194534, "rank": 1, "ts": "2026-10-04 16:16:59"}
[DBG] {"category": "TRAIN", "component": "train", "event": "BEGIN:broadcast_preference_payload", "has_payload": null, "host": "d6b2a058c4be", "pid": 194534, "rank": 1, "transport": "json_uint8_gloo", "ts": "2026-10-04 16:16:59"}
[DBG] {"category": "TRAIN", "component": "train", "event": "watchdog_armed", "host": "d6b2a058c4be", "pid": 194534, "rank": 1, "stage": "broadcast_preference_payload", "timeout_sec": 30.0, "ts": "2026-10-04 16:16:59"}
[DBG] {"bytes": null, "category": "TRAIN", "component": "train", "event": "BEGIN:broadcast_preference_length", "host": "d6b2a058c4be", "pid": 194534, "rank": 1, "transport": "gloo_cpu", "ts": "2026-10-04 16:16:59"}
[DBG] {"category": "TRAIN", "component": "train", "event": "watchdog_armed", "host": "d6b2a058c4be", "pid": 194534, "rank": 1, "stage": "broadcast_preference_length", "timeout_sec": 30.0, "ts": "2026-10-04 16:16:59"}
[DBG] {"category": "TRAIN", "component": "train", "elapsed_sec": 0.012651, "event": "END:broadcast_preference_length", "host": "d6b2a058c4be", "pid": 194534, "rank": 1, "ts": "2026-10-04 16:16:59"}
[DBG] {"category": "TRAIN", "component": "train", "event": "watchdog_armed", "host": "d6b2a058c4be", "pid": 194534, "rank": 1, "stage": "broadcast_preference_payload", "timeout_sec": 30.0, "ts": "2026-10-04 16:16:59"}
[DBG] {"category": "TRAIN", "component": "train", "elapsed_sec": 0.0139, "event": "END:broadcast_preference_payload", "host": "d6b2a058c4be", "pid": 194534, "rank": 1, "ts": "2026-10-04 16:16:59"}
[DBG] {"category": "TRAIN", "component": "train", "event": "BEGIN:broadcast_stop_flag", "host": "d6b2a058c4be", "pid": 194534, "rank": 1, "transport": "gloo_cpu", "ts": "2026-10-04 16:17:00", "value": null}
[DBG] {"category": "TRAIN", "component": "train", "event": "watchdog_armed", "host": "d6b2a058c4be", "pid": 194534, "rank": 1, "stage": "broadcast_stop_flag", "timeout_sec": 30.0, "ts": "2026-10-04 16:17:00"}
[DBG] {"category": "TRAIN", "component": "train", "elapsed_sec": 0.006244, "event": "END:broadcast_stop_flag", "host": "d6b2a058c4be", "pid": 194534, "rank": 1, "ts": "2026-10-04 16:17:00"}
[DBG] {"category": "TRAIN", "component": "train", "event": "BEGIN:broadcast_preference_payload", "has_payload": null, "host": "d6b2a058c4be", "pid": 194534, "rank": 1, "transport": "json_uint8_gloo", "ts": "2026-10-04 16:17:00"}
[DBG] {"category": "TRAIN", "component": "train", "event": "watchdog_armed", "host": "d6b2a058c4be", "pid": 194534, "rank": 1, "stage": "broadcast_preference_payload", "timeout_sec": 30.0, "ts": "2026-10-04 16:17:00"}
[DBG] {"bytes": null, "category": "TRAIN", "component": "train", "event": "BEGIN:broadcast_preference_length", "host": "d6b2a058c4be", "pid": 194534, "rank": 1, "transport": "gloo_cpu", "ts": "2026-10-04 16:17:00"}
[DBG] {"category": "TRAIN", "component": "train", "event": "watchdog_armed", "host": "d6b2a058c4be", "pid": 194534, "rank": 1, "stage": "broadcast_preference_length", "timeout_sec": 30.0, "ts": "2026-10-04 16:17:00"}
[DBG] {"category": "TRAIN", "component": "train", "elapsed_sec": 0.012729, "event": "END:broadcast_preference_length", "host": "d6b2a058c4be", "pid": 194534, "rank": 1, "ts": "2026-10-04 16:17:00"}
[DBG] {"category": "TRAIN", "component": "train", "event": "watchdog_armed", "host": "d6b2a058c4be", "pid": 194534, "rank": 1, "stage": "broadcast_preference_payload", "timeout_sec": 30.0, "ts": "2026-10-04 16:17:00"}
[DBG] {"category": "TRAIN", "component": "train", "elapsed_sec": 0.0139, "event": "END:broadcast_preference_payload", "host": "d6b2a058c4be", "pid": 194534, "rank": 1, "ts": "2026-10-04 16:17:00"}
[DBG] {"category": "TRAIN", "component": "train", "event": "BEGIN:broadcast_stop_flag", "host": "d6b2a058c4be", "pid": 194534, "rank": 1, "transport": "gloo_cpu", "ts": "2026-10-04 16:17:00", "value": null}
[DBG] {"category": "TRAIN", "component": "train", "event": "watchdog_armed", "host": "d6b2a058c4be", "pid": 194534, "rank": 1, "stage": "broadcast_stop_flag", "timeout_sec": 30.0, "ts": "2026-10-04 16:17:00"}
[DBG] {"category": "TRAIN", "component": "train", "elapsed_sec": 0.005796, "event": "END:broadcast_stop_flag", "host": "d6b2a058c4be", "pid": 194534, "rank": 1, "ts": "2026-10-04 16:17:00"}
[DBG] {"category": "TRAIN", "component": "train", "event": "BEGIN:broadcast_preference_payload", "has_payload": null, "host": "d6b2a058c4be", "pid": 194534, "rank": 1, "transport": "json_uint8_gloo", "ts": "2026-10-04 16:17:00"}
[DBG] {"category": "TRAIN", "component": "train", "event": "watchdog_armed", "host": "d6b2a058c4be", "pid": 194534, "rank": 1, "stage": "broadcast_preference_payload", "timeout_sec": 30.0, "ts": "2026-10-04 16:17:00"}
[DBG] {"bytes": null, "category": "TRAIN", "component": "train", "event": "BEGIN:broadcast_preference_length", "host": "d6b2a058c4be", "pid": 194534, "rank": 1, "transport": "gloo_cpu", "ts": "2026-10-04 16:17:00"}
[DBG] {"category": "TRAIN", "component": "train", "event": "watchdog_armed", "host": "d6b2a058c4be", "pid": 194534, "rank": 1, "stage": "broadcast_preference_length", "timeout_sec": 30.0, "ts": "2026-10-04 16:17:00"}
[DBG] {"category": "TRAIN", "component": "train", "elapsed_sec": 0.012283, "event": "END:broadcast_preference_length", "host": "d6b2a058c4be", "pid": 194534, "rank": 1, "ts": "2026-10-04 16:17:00"}
[DBG] {"category": "TRAIN", "component": "train", "event": "watchdog_armed", "host": "d6b2a058c4be", "pid": 194534, "rank": 1, "stage": "broadcast_preference_payload", "timeout_sec": 30.0, "ts": "2026-10-04 16:17:00"}
[DBG] {"category": "TRAIN", "component": "train", "elapsed_sec": 0.013486, "event": "END:broadcast_preference_payload", "host": "d6b2a058c4be", "pid": 194534, "rank": 1, "ts": "2026-10-04 16:17:00"}
[DBG] {"category": "TRAIN", "component": "train", "event": "BEGIN:broadcast_stop_flag", "host": "d6b2a058c4be", "pid": 194534, "rank": 1, "transport": "gloo_cpu", "ts": "2026-10-04 16:17:01", "value": null}
[DBG] {"category": "TRAIN", "component": "train", "event": "watchdog_armed", "host": "d6b2a058c4be", "pid": 194534, "rank": 1, "stage": "broadcast_stop_flag", "timeout_sec": 30.0, "ts": "2026-10-04 16:17:01"}
[DBG] {"category": "TRAIN", "component": "train", "elapsed_sec": 0.005584, "event": "END:broadcast_stop_flag", "host": "d6b2a058c4be", "pid": 194534, "rank": 1, "ts": "2026-10-04 16:17:01"}
[DBG] {"category": "TRAIN", "component": "train", "event": "BEGIN:broadcast_preference_payload", "has_payload": null, "host": "d6b2a058c4be", "pid": 194534, "rank": 1, "transport": "json_uint8_gloo", "ts": "2026-10-04 16:17:01"}
[DBG] {"category": "TRAIN", "component": "train", "event": "watchdog_armed", "host": "d6b2a058c4be", "pid": 194534, "rank": 1, "stage": "broadcast_preference_payload", "timeout_sec": 30.0, "ts": "2026-10-04 16:17:01"}
[DBG] {"bytes": null, "category": "TRAIN", "component": "train", "event": "BEGIN:broadcast_preference_length", "host": "d6b2a058c4be", "pid": 194534, "rank": 1, "transport": "gloo_cpu", "ts": "2026-10-04 16:17:01"}
[DBG] {"category": "TRAIN", "component": "train", "event": "watchdog_armed", "host": "d6b2a058c4be", "pid": 194534, "rank": 1, "stage": "broadcast_preference_length", "timeout_sec": 30.0, "ts": "2026-10-04 16:17:01"}
[DBG] {"category": "TRAIN", "component": "train", "elapsed_sec": 0.012, "event": "END:broadcast_preference_length", "host": "d6b2a058c4be", "pid": 194534, "rank": 1, "ts": "2026-10-04 16:17:01"}
[DBG] {"category": "TRAIN", "component": "train", "event": "watchdog_armed", "host": "d6b2a058c4be", "pid": 194534, "rank": 1, "stage": "broadcast_preference_payload", "timeout_sec": 30.0, "ts": "2026-10-04 16:17:01"}
[DBG] {"category": "TRAIN", "component": "train", "elapsed_sec": 0.013217, "event": "END:broadcast_preference_payload", "host": "d6b2a058c4be", "pid": 194534, "rank": 1, "ts": "2026-10-04 16:17:01"}
[DBG] {"category": "TRAIN", "component": "train", "event": "BEGIN:broadcast_stop_flag", "host": "d6b2a058c4be", "pid": 194534, "rank": 1, "transport": "gloo_cpu", "ts": "2026-10-04 16:17:01", "value": null}
[DBG] {"category": "TRAIN", "component": "train", "event": "watchdog_armed", "host": "d6b2a058c4be", "pid": 194534, "rank": 1, "stage": "broadcast_stop_flag", "timeout_sec": 30.0, "ts": "2026-10-04 16:17:01"}
[DBG] {"category": "TRAIN", "component": "train", "elapsed_sec": 0.005796, "event": "END:broadcast_stop_flag", "host": "d6b2a058c4be", "pid": 194534, "rank": 1, "ts": "2026-10-04 16:17:01"}
[DBG] {"category": "TRAIN", "component": "train", "event": "BEGIN:broadcast_preference_payload", "has_payload": null, "host": "d6b2a058c4be", "pid": 194534, "rank": 1, "transport": "json_uint8_gloo", "ts": "2026-10-04 16:17:01"}
[DBG] {"category": "TRAIN", "component": "train", "event": "watchdog_armed", "host": "d6b2a058c4be", "pid": 194534, "rank": 1, "stage": "broadcast_preference_payload", "timeout_sec": 30.0, "ts": "2026-10-04 16:17:01"}
[DBG] {"bytes": null, "category": "TRAIN", "component": "train", "event": "BEGIN:broadcast_preference_length", "host": "d6b2a058c4be", "pid": 194534, "rank": 1, "transport": "gloo_cpu", "ts": "2026-10-04 16:17:01"}
[DBG] {"category": "TRAIN", "component": "train", "event": "watchdog_armed", "host": "d6b2a058c4be", "pid": 194534, "rank": 1, "stage": "broadcast_preference_length", "timeout_sec": 30.0, "ts": "2026-10-04 16:17:01"}
[DBG] {"category": "TRAIN", "component": "train", "elapsed_sec": 0.012189, "event": "END:broadcast_preference_length", "host": "d6b2a058c4be", "pid": 194534, "rank": 1, "ts": "2026-10-04 16:17:01"}
[DBG] {"category": "TRAIN", "component": "train", "event": "watchdog_armed", "host": "d6b2a058c4be", "pid": 194534, "rank": 1, "stage": "broadcast_preference_payload", "timeout_sec": 30.0, "ts": "2026-10-04 16:17:01"}
[DBG] {"category": "TRAIN", "component": "train", "elapsed_sec": 0.012633, "event": "END:broadcast_preference_payload", "host": "d6b2a058c4be", "pid": 194534, "rank": 1, "ts": "2026-10-04 16:17:01"}
[DBG] {"category": "TRAIN", "component": "train", "event": "BEGIN:broadcast_stop_flag", "host": "d6b2a058c4be", "pid": 194534, "rank": 1, "transport": "gloo_cpu", "ts": "2026-10-04 16:17:02", "value": null}
[DBG] {"category": "TRAIN", "component": "train", "event": "watchdog_armed", "host": "d6b2a058c4be", "pid": 194534, "rank": 1, "stage": "broadcast_stop_flag", "timeout_sec": 30.0, "ts": "2026-10-04 16:17:02"}
[DBG] {"category": "TRAIN", "component": "train", "elapsed_sec": 0.006121, "event": "END:broadcast_stop_flag", "host": "d6b2a058c4be", "pid": 194534, "rank": 1, "ts": "2026-10-04 16:17:02"}
[DBG] {"category": "TRAIN", "component": "train", "event": "BEGIN:broadcast_preference_payload", "has_payload": null, "host": "d6b2a058c4be", "pid": 194534, "rank": 1, "transport": "json_uint8_gloo", "ts": "2026-10-04 16:17:02"}
[DBG] {"category": "TRAIN", "component": "train", "event": "watchdog_armed", "host": "d6b2a058c4be", "pid": 194534, "rank": 1, "stage": "broadcast_preference_payload", "timeout_sec": 30.0, "ts": "2026-10-04 16:17:02"}
[DBG] {"bytes": null, "category": "TRAIN", "component": "train", "event": "BEGIN:broadcast_preference_length", "host": "d6b2a058c4be", "pid": 194534, "rank": 1, "transport": "gloo_cpu", "ts": "2026-10-04 16:17:02"}
[DBG] {"category": "TRAIN", "component": "train", "event": "watchdog_armed", "host": "d6b2a058c4be", "pid": 194534, "rank": 1, "stage": "broadcast_preference_length", "timeout_sec": 30.0, "ts": "2026-10-04 16:17:02"}
[DBG] {"category": "TRAIN", "component": "train", "elapsed_sec": 0.012211, "event": "END:broadcast_preference_length", "host": "d6b2a058c4be", "pid": 194534, "rank": 1, "ts": "2026-10-04 16:17:02"}
[DBG] {"category": "TRAIN", "component": "train", "event": "watchdog_armed", "host": "d6b2a058c4be", "pid": 194534, "rank": 1, "stage": "broadcast_preference_payload", "timeout_sec": 30.0, "ts": "2026-10-04 16:17:02"}
[DBG] {"category": "TRAIN", "component": "train", "elapsed_sec": 0.013655, "event": "END:broadcast_preference_payload", "host": "d6b2a058c4be", "pid": 194534, "rank": 1, "ts": "2026-10-04 16:17:02"}
[DBG] {"category": "TRAIN", "component": "train", "event": "BEGIN:broadcast_stop_flag", "host": "d6b2a058c4be", "pid": 194534, "rank": 1, "transport": "gloo_cpu", "ts": "2026-10-04 16:17:02", "value": null}
[DBG] {"category": "TRAIN", "component": "train", "event": "watchdog_armed", "host": "d6b2a058c4be", "pid": 194534, "rank": 1, "stage": "broadcast_stop_flag", "timeout_sec": 30.0, "ts": "2026-10-04 16:17:02"}
[DBG] {"category": "TRAIN", "component": "train", "elapsed_sec": 0.00534, "event": "END:broadcast_stop_flag", "host": "d6b2a058c4be", "pid": 194534, "rank": 1, "ts": "2026-10-04 16:17:02"}
[DBG] {"category": "TRAIN", "component": "train", "event": "BEGIN:broadcast_preference_payload", "has_payload": null, "host": "d6b2a058c4be", "pid": 194534, "rank": 1, "transport": "json_uint8_gloo", "ts": "2026-10-04 16:17:02"}
[DBG] {"category": "TRAIN", "component": "train", "event": "watchdog_armed", "host": "d6b2a058c4be", "pid": 194534, "rank": 1, "stage": "broadcast_preference_payload", "timeout_sec": 30.0, "ts": "2026-10-04 16:17:02"}
[DBG] {"bytes": null, "category": "TRAIN", "component": "train", "event": "BEGIN:broadcast_preference_length", "host": "d6b2a058c4be", "pid": 194534, "rank": 1, "transport": "gloo_cpu", "ts": "2026-10-04 16:17:02"}
[DBG] {"category": "TRAIN", "component": "train", "event": "watchdog_armed", "host": "d6b2a058c4be", "pid": 194534, "rank": 1, "stage": "broadcast_preference_length", "timeout_sec": 30.0, "ts": "2026-10-04 16:17:02"}
[DBG] {"category": "TRAIN", "component": "train", "elapsed_sec": 0.013198, "event": "END:broadcast_preference_length", "host": "d6b2a058c4be", "pid": 194534, "rank": 1, "ts": "2026-10-04 16:17:02"}
[DBG] {"category": "TRAIN", "component": "train", "event": "watchdog_armed", "host": "d6b2a058c4be", "pid": 194534, "rank": 1, "stage": "broadcast_preference_payload", "timeout_sec": 30.0, "ts": "2026-10-04 16:17:02"}
[DBG] {"category": "TRAIN", "component": "train", "elapsed_sec": 0.014265, "event": "END:broadcast_preference_payload", "host": "d6b2a058c4be", "pid": 194534, "rank": 1, "ts": "2026-10-04 16:17:02"}
[DBG] {"category": "TRAIN", "component": "train", "event": "BEGIN:broadcast_stop_flag", "host": "d6b2a058c4be", "pid": 194534, "rank": 1, "transport": "gloo_cpu", "ts": "2026-10-04 16:17:03", "value": null}
[DBG] {"category": "TRAIN", "component": "train", "event": "watchdog_armed", "host": "d6b2a058c4be", "pid": 194534, "rank": 1, "stage": "broadcast_stop_flag", "timeout_sec": 30.0, "ts": "2026-10-04 16:17:03"}
[DBG] {"category": "TRAIN", "component": "train", "elapsed_sec": 0.007758, "event": "END:broadcast_stop_flag", "host": "d6b2a058c4be", "pid": 194534, "rank": 1, "ts": "2026-10-04 16:17:03"}
[DBG] {"category": "TRAIN", "component": "train", "event": "BEGIN:broadcast_preference_payload", "has_payload": null, "host": "d6b2a058c4be", "pid": 194534, "rank": 1, "transport": "json_uint8_gloo", "ts": "2026-10-04 16:17:03"}
[DBG] {"category": "TRAIN", "component": "train", "event": "watchdog_armed", "host": "d6b2a058c4be", "pid": 194534, "rank": 1, "stage": "broadcast_preference_payload", "timeout_sec": 30.0, "ts": "2026-10-04 16:17:03"}
[DBG] {"bytes": null, "category": "TRAIN", "component": "train", "event": "BEGIN:broadcast_preference_length", "host": "d6b2a058c4be", "pid": 194534, "rank": 1, "transport": "gloo_cpu", "ts": "2026-10-04 16:17:03"}
[DBG] {"category": "TRAIN", "component": "train", "event": "watchdog_armed", "host": "d6b2a058c4be", "pid": 194534, "rank": 1, "stage": "broadcast_preference_length", "timeout_sec": 30.0, "ts": "2026-10-04 16:17:03"}
[DBG] {"category": "TRAIN", "component": "train", "elapsed_sec": 0.142583, "event": "END:broadcast_preference_length", "host": "d6b2a058c4be", "pid": 194534, "rank": 1, "ts": "2026-10-04 16:17:03"}
[DBG] {"category": "TRAIN", "component": "train", "event": "watchdog_armed", "host": "d6b2a058c4be", "pid": 194534, "rank": 1, "stage": "broadcast_preference_payload", "timeout_sec": 30.0, "ts": "2026-10-04 16:17:03"}
[DBG] {"bytes": 5858, "category": "TRAIN", "component": "train", "event": "BEGIN:broadcast_preference_bytes", "host": "d6b2a058c4be", "pid": 194534, "rank": 1, "transport": "gloo_cpu", "ts": "2026-10-04 16:17:03"}
[DBG] {"category": "TRAIN", "component": "train", "event": "watchdog_armed", "host": "d6b2a058c4be", "pid": 194534, "rank": 1, "stage": "broadcast_preference_bytes", "timeout_sec": 30.0, "ts": "2026-10-04 16:17:03"}
[DBG] {"category": "TRAIN", "component": "train", "elapsed_sec": 0.005182, "event": "END:broadcast_preference_bytes", "host": "d6b2a058c4be", "pid": 194534, "rank": 1, "ts": "2026-10-04 16:17:03"}
[DBG] {"category": "TRAIN", "component": "train", "event": "watchdog_armed", "host": "d6b2a058c4be", "pid": 194534, "rank": 1, "stage": "broadcast_preference_payload", "timeout_sec": 30.0, "ts": "2026-10-04 16:17:03"}
[DBG] {"category": "TRAIN", "component": "train", "elapsed_sec": 0.150452, "event": "END:broadcast_preference_payload", "host": "d6b2a058c4be", "pid": 194534, "rank": 1, "ts": "2026-10-04 16:17:03"}
[DBG] {"category": "TRAIN", "component": "train", "event": "local_batch_ready", "group_ids": ["880110bd97fe464aab72a0f49dbf4b70", "ccc153f174e542fd91a7e9888794520f"], "host": "d6b2a058c4be", "local_total": 2, "microbatch_size": 2, "microbatches": 1, "pid": 194534, "rank": 1, "slice_end": 4, "slice_start": 2, "ts": "2026-10-04 16:17:03"}
[DBG] {"category": "TRAIN", "component": "train", "event": "BEGIN:optimizer_step", "host": "d6b2a058c4be", "next_step": 1, "pid": 194534, "rank": 1, "ts": "2026-10-04 16:17:03"}
[DBG] {"category": "TRAIN", "component": "train", "event": "watchdog_armed", "host": "d6b2a058c4be", "pid": 194534, "rank": 1, "stage": "optimizer_step", "timeout_sec": 30.0, "ts": "2026-10-04 16:17:03"}
[DBG] {"category": "TRAIN", "component": "train", "cuda_device": 1, "event": "step_pipeline_begin", "group_ids": ["880110bd97fe464aab72a0f49dbf4b70", "ccc153f174e542fd91a7e9888794520f"], "host": "d6b2a058c4be", "max_mem_allocated": 1039477760, "mem_allocated": 494216192, "mem_reserved": 1159725056, "microbatches": 1, "next_step": 1, "pid": 194534, "rank": 1, "ts": "2026-10-04 16:17:03"}
[DBG] {"category": "TRAIN", "component": "train", "event": "BEGIN:zero_grad", "host": "d6b2a058c4be", "next_step": 1, "pid": 194534, "rank": 1, "ts": "2026-10-04 16:17:03"}
[DBG] {"category": "TRAIN", "component": "train", "event": "watchdog_armed", "host": "d6b2a058c4be", "pid": 194534, "rank": 1, "stage": "zero_grad", "timeout_sec": 30.0, "ts": "2026-10-04 16:17:03"}
[DBG] {"category": "TRAIN", "component": "train", "elapsed_sec": 0.007619, "event": "END:zero_grad", "host": "d6b2a058c4be", "pid": 194534, "rank": 1, "ts": "2026-10-04 16:17:03"}
[DBG] {"category": "TRAIN", "component": "train", "event": "watchdog_armed", "host": "d6b2a058c4be", "pid": 194534, "rank": 1, "stage": "optimizer_step", "timeout_sec": 30.0, "ts": "2026-10-04 16:17:03"}
[DBG] {"category": "TRAIN", "component": "train", "event": "microbatch_begin", "group_ids": ["880110bd97fe464aab72a0f49dbf4b70", "ccc153f174e542fd91a7e9888794520f"], "host": "d6b2a058c4be", "micro_idx": 0, "pairs": 2, "pid": 194534, "rank": 1, "ts": "2026-10-04 16:17:03"}
[DBG] {"category": "TRAIN", "component": "train", "event": "BEGIN:collate", "group_ids": ["880110bd97fe464aab72a0f49dbf4b70", "ccc153f174e542fd91a7e9888794520f"], "host": "d6b2a058c4be", "micro_idx": 0, "pairs": 2, "pid": 194534, "rank": 1, "ts": "2026-10-04 16:17:03"}
[DBG] {"category": "TRAIN", "component": "train", "event": "watchdog_armed", "host": "d6b2a058c4be", "pid": 194534, "rank": 1, "stage": "collate", "timeout_sec": 30.0, "ts": "2026-10-04 16:17:03"}
[DBG] {"category": "TRAIN", "component": "train", "elapsed_sec": 0.05885, "event": "END:collate", "host": "d6b2a058c4be", "pid": 194534, "rank": 1, "ts": "2026-10-04 16:17:03"}
[DBG] {"category": "TRAIN", "component": "train", "event": "watchdog_armed", "host": "d6b2a058c4be", "pid": 194534, "rank": 1, "stage": "optimizer_step", "timeout_sec": 30.0, "ts": "2026-10-04 16:17:03"}
[DBG] {"category": "TRAIN", "component": "train", "cpu_shapes": {"attention_mask": [4, 209], "input_ids": [4, 209], "ref_logps": [4], "response_mask": [4, 209]}, "event": "collate_done", "group_ids": ["880110bd97fe464aab72a0f49dbf4b70", "ccc153f174e542fd91a7e9888794520f"], "host": "d6b2a058c4be", "micro_idx": 0, "pairs": 2, "pid": 194534, "rank": 1, "ts": "2026-10-04 16:17:03"}
[DBG] {"category": "TRAIN", "component": "train", "device": "cuda:1", "event": "BEGIN:batch_to_device", "group_ids": ["880110bd97fe464aab72a0f49dbf4b70", "ccc153f174e542fd91a7e9888794520f"], "host": "d6b2a058c4be", "micro_idx": 0, "pid": 194534, "rank": 1, "ts": "2026-10-04 16:17:03"}
[DBG] {"category": "TRAIN", "component": "train", "event": "watchdog_armed", "host": "d6b2a058c4be", "pid": 194534, "rank": 1, "stage": "batch_to_device", "timeout_sec": 30.0, "ts": "2026-10-04 16:17:03"}
[DBG] {"category": "TRAIN", "component": "train", "elapsed_sec": 0.010093, "event": "END:batch_to_device", "host": "d6b2a058c4be", "pid": 194534, "rank": 1, "ts": "2026-10-04 16:17:03"}
[DBG] {"category": "TRAIN", "component": "train", "event": "watchdog_armed", "host": "d6b2a058c4be", "pid": 194534, "rank": 1, "stage": "optimizer_step", "timeout_sec": 30.0, "ts": "2026-10-04 16:17:03"}
[DBG] {"category": "TRAIN", "component": "train", "cuda_device": 1, "event": "batch_on_device", "group_ids": ["880110bd97fe464aab72a0f49dbf4b70", "ccc153f174e542fd91a7e9888794520f"], "host": "d6b2a058c4be", "max_mem_allocated": 1039477760, "mem_allocated": 494233088, "mem_reserved": 1159725056, "micro_idx": 0, "pid": 194534, "rank": 1, "tensors": {"attention_mask": {"device": "cuda:1", "dtype": "torch.int64", "shape": [4, 209]}, "input_ids": {"device": "cuda:1", "dtype": "torch.int64", "shape": [4, 209]}, "ref_logps": {"device": "cuda:1", "dtype": "torch.bfloat16", "shape": [4]}, "response_mask": {"device": "cuda:1", "dtype": "torch.bfloat16", "shape": [4, 209]}}, "ts": "2026-10-04 16:17:03"}
[DBG] {"category": "FSDP", "component": "train", "cuda_device": 1, "event": "BEGIN:cuda_sync:before_forward", "group_ids": ["880110bd97fe464aab72a0f49dbf4b70", "ccc153f174e542fd91a7e9888794520f"], "host": "d6b2a058c4be", "max_mem_allocated": 1039477760, "mem_allocated": 494233088, "mem_reserved": 1159725056, "micro_idx": 0, "pid": 194534, "rank": 1, "ts": "2026-10-04 16:17:03"}
[DBG] {"category": "FSDP", "component": "train", "event": "watchdog_armed", "host": "d6b2a058c4be", "pid": 194534, "rank": 1, "stage": "cuda_sync:before_forward", "timeout_sec": 30.0, "ts": "2026-10-04 16:17:03"}
[DBG] {"category": "FSDP", "component": "train", "elapsed_sec": 0.000624, "event": "END:cuda_sync:before_forward", "host": "d6b2a058c4be", "pid": 194534, "rank": 1, "ts": "2026-10-04 16:17:03"}
[DBG] {"category": "TRAIN", "component": "train", "event": "watchdog_armed", "host": "d6b2a058c4be", "pid": 194534, "rank": 1, "stage": "optimizer_step", "timeout_sec": 30.0, "ts": "2026-10-04 16:17:03"}
[DBG] {"category": "FSDP", "component": "train", "cuda_device": 1, "event": "forward_call_about_to_enter", "group_ids": ["880110bd97fe464aab72a0f49dbf4b70", "ccc153f174e542fd91a7e9888794520f"], "host": "d6b2a058c4be", "max_mem_allocated": 1039477760, "mem_allocated": 494233088, "mem_reserved": 1159725056, "micro_idx": 0, "model_class": "FullyShardedDataParallel", "pid": 194534, "rank": 1, "ts": "2026-10-04 16:17:03"}
[DBG] {"category": "FSDP", "component": "train", "event": "BEGIN:forward", "group_ids": ["880110bd97fe464aab72a0f49dbf4b70", "ccc153f174e542fd91a7e9888794520f"], "host": "d6b2a058c4be", "micro_idx": 0, "pid": 194534, "rank": 1, "ts": "2026-10-04 16:17:03"}
[DBG] {"category": "FSDP", "component": "train", "event": "watchdog_armed", "host": "d6b2a058c4be", "pid": 194534, "rank": 1, "stage": "forward", "timeout_sec": 30.0, "ts": "2026-10-04 16:17:03"}
[DBG] {"category": "FSDP", "component": "train", "cuda_device": 1, "event": "module_enter", "host": "d6b2a058c4be", "is_fsdp": true, "max_mem_allocated": 1039477760, "mem_allocated": 494233088, "mem_reserved": 1159725056, "module": "<root>", "module_class": "FullyShardedDataParallel", "pid": 194534, "rank": 1, "ts": "2026-10-04 16:17:03"}
[DBG] {"category": "FSDP", "component": "train", "compute_device": "cuda:1", "event": "fsdp_alias_root_pre_forward_enter", "host": "d6b2a058c4be", "is_root": null, "limit_all_gathers": true, "pg_backend": "nccl", "pg_rank": 1, "pg_world_size": 2, "pid": 194534, "rank": 1, "training_state": "TrainingState.IDLE", "ts": "2026-10-04 16:17:03"}
[DBG] {"category": "FSDP", "component": "train", "compute_device": "cuda:1", "event": "fsdp_lazy_init_enter", "host": "d6b2a058c4be", "is_root": null, "limit_all_gathers": true, "pg_backend": "nccl", "pg_rank": 1, "pg_world_size": 2, "pid": 194534, "rank": 1, "training_state": "TrainingState.IDLE", "ts": "2026-10-04 16:17:03"}
[DBG] {"category": "FSDP", "component": "train", "compute_device": "cuda:1", "event": "fsdp_init_streams_enter", "host": "d6b2a058c4be", "is_root": true, "limit_all_gathers": true, "pg_backend": "nccl", "pg_rank": 1, "pg_world_size": 2, "pid": 194534, "rank": 1, "training_state": "TrainingState.IDLE", "ts": "2026-10-04 16:17:03"}
[DBG] {"category": "FSDP", "component": "train", "compute_device": "cuda:1", "event": "fsdp_init_streams_exit", "host": "d6b2a058c4be", "is_root": true, "limit_all_gathers": true, "pg_backend": "nccl", "pg_rank": 1, "pg_world_size": 2, "pid": 194534, "rank": 1, "training_state": "TrainingState.IDLE", "ts": "2026-10-04 16:17:03"}
[DBG] {"category": "FSDP", "component": "train", "compute_device": "cuda:1", "event": "fsdp_share_state_enter", "host": "d6b2a058c4be", "is_root": true, "limit_all_gathers": true, "pg_backend": "nccl", "pg_rank": 1, "pg_world_size": 2, "pid": 194534, "rank": 1, "training_state": "TrainingState.IDLE", "ts": "2026-10-04 16:17:03"}
[DBG] {"category": "FSDP", "component": "train", "compute_device": "cuda:1", "event": "fsdp_share_state_exit", "host": "d6b2a058c4be", "is_root": true, "limit_all_gathers": true, "pg_backend": "nccl", "pg_rank": 1, "pg_world_size": 2, "pid": 194534, "rank": 1, "training_state": "TrainingState.IDLE", "ts": "2026-10-04 16:17:03"}
[DBG] {"category": "FSDP", "component": "train", "compute_device": "cuda:1", "event": "fsdp_lazy_init_exit", "host": "d6b2a058c4be", "is_root": true, "limit_all_gathers": true, "pg_backend": "nccl", "pg_rank": 1, "pg_world_size": 2, "pid": 194534, "rank": 1, "training_state": "TrainingState.IDLE", "ts": "2026-10-04 16:17:03"}
[DBG] {"category": "FSDP", "component": "train", "event": "fsdp_wait_for_computation_stream_enter", "host": "d6b2a058c4be", "pid": 194534, "rank": 1, "ts": "2026-10-04 16:17:03"}
[DBG] {"category": "FSDP", "component": "train", "current_stream": {"cuda_stream": 123633163236160, "device": "cuda:1", "priority": 0, "repr": "<torch.cuda.Stream device=cuda:1 cuda_stream=0x707196c6f340>"}, "event": "cuda_stream_wait_stream_enter", "host": "d6b2a058c4be", "pid": 194534, "rank": 1, "ts": "2026-10-04 16:17:03", "wait_for_stream": {"cuda_stream": 0, "device": "cuda:1", "priority": 0, "repr": "<torch.cuda.Stream device=cuda:1 cuda_stream=0x0>"}}
[DBG] {"category": "FSDP", "component": "train", "error": "Debugger.log() got multiple values for argument 'event'", "error_type": "TypeError", "event": "cuda_stream_wait_stream_failed", "host": "d6b2a058c4be", "pid": 194534, "rank": 1, "traceback": "Traceback (most recent call last):\n  File \"/root/Recursive_RLHF_training_for_LLM/train/train.py\", line 672, in _dbg_wait_stream\n    result = _orig_wait_stream(stream, other_stream)\n             ^^^^^^^^^^^^^^^^^^^^^^^^^^^^^^^^^^^^^^^\n  File \"/usr/local/lib/python3.11/dist-packages/torch/cuda/streams.py\", line 77, in wait_stream\n    self.wait_event(stream.record_event())\n                    ^^^^^^^^^^^^^^^^^^^^^\n  File \"/root/Recursive_RLHF_training_for_LLM/train/train.py\", line 686, in _dbg_record_event\n    dbg.log(\nTypeError: Debugger.log() got multiple values for argument 'event'\n", "ts": "2026-10-04 16:17:03"}
[DBG] {"category": "FSDP", "component": "train", "error": "Debugger.log() got multiple values for argument 'event'", "error_type": "TypeError", "event": "fsdp_wait_for_computation_stream_failed", "host": "d6b2a058c4be", "pid": 194534, "rank": 1, "traceback": "Traceback (most recent call last):\n  File \"/root/Recursive_RLHF_training_for_LLM/train/train.py\", line 408, in wrapped\n    result = original(*args, **kwargs)\n             ^^^^^^^^^^^^^^^^^^^^^^^^^\n  File \"/usr/local/lib/python3.11/dist-packages/torch/distributed/fsdp/_runtime_utils.py\", line 1556, in _wait_for_computation_stream\n    unshard_stream.wait_stream(computation_stream)  # type: ignore[attr-defined]\n    ^^^^^^^^^^^^^^^^^^^^^^^^^^^^^^^^^^^^^^^^^^^^^^\n  File \"/root/Recursive_RLHF_training_for_LLM/train/train.py\", line 672, in _dbg_wait_stream\n    result = _orig_wait_stream(stream, other_stream)\n             ^^^^^^^^^^^^^^^^^^^^^^^^^^^^^^^^^^^^^^^\n  File \"/usr/local/lib/python3.11/dist-packages/torch/cuda/streams.py\", line 77, in wait_stream\n    self.wait_event(stream.record_event())\n                    ^^^^^^^^^^^^^^^^^^^^^\n  File \"/root/Recursive_RLHF_training_for_LLM/train/train.py\", line 686, in _dbg_record_event\n    dbg.log(\nTypeError: Debugger.log() got multiple values for argument 'event'\n", "ts": "2026-10-04 16:17:03"}
[DBG] {"category": "FSDP", "component": "train", "error": "Debugger.log() got multiple values for argument 'event'", "error_type": "TypeError", "event": "fsdp_alias_root_pre_forward_failed", "host": "d6b2a058c4be", "pid": 194534, "rank": 1, "traceback": "Traceback (most recent call last):\n  File \"/root/Recursive_RLHF_training_for_LLM/train/train.py\", line 469, in wrapped\n    result = original(*args, **kwargs)\n             ^^^^^^^^^^^^^^^^^^^^^^^^^\n  File \"/usr/local/lib/python3.11/dist-packages/torch/distributed/fsdp/_runtime_utils.py\", line 589, in _root_pre_forward\n    _wait_for_computation_stream(\n  File \"/root/Recursive_RLHF_training_for_LLM/train/train.py\", line 408, in wrapped\n    result = original(*args, **kwargs)\n             ^^^^^^^^^^^^^^^^^^^^^^^^^\n  File \"/usr/local/lib/python3.11/dist-packages/torch/distributed/fsdp/_runtime_utils.py\", line 1556, in _wait_for_computation_stream\n    unshard_stream.wait_stream(computation_stream)  # type: ignore[attr-defined]\n    ^^^^^^^^^^^^^^^^^^^^^^^^^^^^^^^^^^^^^^^^^^^^^^\n  File \"/root/Recursive_RLHF_training_for_LLM/train/train.py\", line 672, in _dbg_wait_stream\n    result = _orig_wait_stream(stream, other_stream)\n             ^^^^^^^^^^^^^^^^^^^^^^^^^^^^^^^^^^^^^^^\n  File \"/usr/local/lib/python3.11/dist-packages/torch/cuda/streams.py\", line 77, in wait_stream\n    self.wait_event(stream.record_event())\n                    ^^^^^^^^^^^^^^^^^^^^^\n  File \"/root/Recursive_RLHF_training_for_LLM/train/train.py\", line 686, in _dbg_record_event\n    dbg.log(\nTypeError: Debugger.log() got multiple values for argument 'event'\n", "ts": "2026-10-04 16:17:03"}
[DBG] {"category": "FSDP", "component": "train", "cuda_device": 1, "event": "module_exit", "host": "d6b2a058c4be", "is_fsdp": true, "max_mem_allocated": 1039477760, "mem_allocated": 494233088, "mem_reserved": 1159725056, "module": "<root>", "module_class": "FullyShardedDataParallel", "output_shape": null, "pid": 194534, "rank": 1, "ts": "2026-10-04 16:17:03"}
[DBG] {"category": "FSDP", "component": "train", "error": "Debugger.log() got multiple values for argument 'event'", "error_type": "TypeError", "event": "ERROR:forward", "host": "d6b2a058c4be", "pid": 194534, "rank": 1, "traceback": "Traceback (most recent call last):\n  File \"/root/Recursive_RLHF_training_for_LLM/debug.py\", line 154, in stage\n    yield\n  File \"/root/Recursive_RLHF_training_for_LLM/train/train.py\", line 1177, in _step\n    out = self.model(\n          ^^^^^^^^^^^\n  File \"/usr/local/lib/python3.11/dist-packages/torch/nn/modules/module.py\", line 1778, in _wrapped_call_impl\n    return self._call_impl(*args, **kwargs)\n           ^^^^^^^^^^^^^^^^^^^^^^^^^^^^^^^^\n  File \"/usr/local/lib/python3.11/dist-packages/torch/nn/modules/module.py\", line 1884, in _call_impl\n    return inner()\n           ^^^^^^^\n  File \"/usr/local/lib/python3.11/dist-packages/torch/nn/modules/module.py\", line 1832, in inner\n    result = forward_call(*args, **kwargs)\n             ^^^^^^^^^^^^^^^^^^^^^^^^^^^^^\n  File \"/usr/local/lib/python3.11/dist-packages/torch/distributed/fsdp/fully_sharded_data_parallel.py\", line 841, in forward\n    args, kwargs = _root_pre_forward(self, self, args, kwargs)\n                   ^^^^^^^^^^^^^^^^^^^^^^^^^^^^^^^^^^^^^^^^^^^\n  File \"/root/Recursive_RLHF_training_for_LLM/train/train.py\", line 469, in wrapped\n    result = original(*args, **kwargs)\n             ^^^^^^^^^^^^^^^^^^^^^^^^^\n  File \"/usr/local/lib/python3.11/dist-packages/torch/distributed/fsdp/_runtime_utils.py\", line 589, in _root_pre_forward\n    _wait_for_computation_stream(\n  File \"/root/Recursive_RLHF_training_for_LLM/train/train.py\", line 408, in wrapped\n    result = original(*args, **kwargs)\n             ^^^^^^^^^^^^^^^^^^^^^^^^^\n  File \"/usr/local/lib/python3.11/dist-packages/torch/distributed/fsdp/_runtime_utils.py\", line 1556, in _wait_for_computation_stream\n    unshard_stream.wait_stream(computation_stream)  # type: ignore[attr-defined]\n    ^^^^^^^^^^^^^^^^^^^^^^^^^^^^^^^^^^^^^^^^^^^^^^\n  File \"/root/Recursive_RLHF_training_for_LLM/train/train.py\", line 672, in _dbg_wait_stream\n    result = _orig_wait_stream(stream, other_stream)\n             ^^^^^^^^^^^^^^^^^^^^^^^^^^^^^^^^^^^^^^^\n  File \"/usr/local/lib/python3.11/dist-packages/torch/cuda/streams.py\", line 77, in wait_stream\n    self.wait_event(stream.record_event())\n                    ^^^^^^^^^^^^^^^^^^^^^\n  File \"/root/Recursive_RLHF_training_for_LLM/train/train.py\", line 686, in _dbg_record_event\n    dbg.log(\nTypeError: Debugger.log() got multiple values for argument 'event'\n", "ts": "2026-10-04 16:17:03"}
[DBG] {"category": "FSDP", "component": "train", "elapsed_sec": 0.039487, "event": "END:forward", "host": "d6b2a058c4be", "pid": 194534, "rank": 1, "ts": "2026-10-04 16:17:03"}
[DBG] {"category": "TRAIN", "component": "train", "event": "watchdog_armed", "host": "d6b2a058c4be", "pid": 194534, "rank": 1, "stage": "optimizer_step", "timeout_sec": 30.0, "ts": "2026-10-04 16:17:03"}
[DBG] {"category": "TRAIN", "component": "train", "error": "Debugger.log() got multiple values for argument 'event'", "error_type": "TypeError", "event": "ERROR:optimizer_step", "host": "d6b2a058c4be", "pid": 194534, "rank": 1, "traceback": "Traceback (most recent call last):\n  File \"/root/Recursive_RLHF_training_for_LLM/debug.py\", line 154, in stage\n    yield\n  File \"/root/Recursive_RLHF_training_for_LLM/train/train.py\", line 112, in run\n    loss = self._step(microbatches)\n           ^^^^^^^^^^^^^^^^^^^^^^^^\n  File \"/root/Recursive_RLHF_training_for_LLM/train/train.py\", line 1177, in _step\n    out = self.model(\n          ^^^^^^^^^^^\n  File \"/usr/local/lib/python3.11/dist-packages/torch/nn/modules/module.py\", line 1778, in _wrapped_call_impl\n    return self._call_impl(*args, **kwargs)\n           ^^^^^^^^^^^^^^^^^^^^^^^^^^^^^^^^\n  File \"/usr/local/lib/python3.11/dist-packages/torch/nn/modules/module.py\", line 1884, in _call_impl\n    return inner()\n           ^^^^^^^\n  File \"/usr/local/lib/python3.11/dist-packages/torch/nn/modules/module.py\", line 1832, in inner\n    result = forward_call(*args, **kwargs)\n             ^^^^^^^^^^^^^^^^^^^^^^^^^^^^^\n  File \"/usr/local/lib/python3.11/dist-packages/torch/distributed/fsdp/fully_sharded_data_parallel.py\", line 841, in forward\n    args, kwargs = _root_pre_forward(self, self, args, kwargs)\n                   ^^^^^^^^^^^^^^^^^^^^^^^^^^^^^^^^^^^^^^^^^^^\n  File \"/root/Recursive_RLHF_training_for_LLM/train/train.py\", line 469, in wrapped\n    result = original(*args, **kwargs)\n             ^^^^^^^^^^^^^^^^^^^^^^^^^\n  File \"/usr/local/lib/python3.11/dist-packages/torch/distributed/fsdp/_runtime_utils.py\", line 589, in _root_pre_forward\n    _wait_for_computation_stream(\n  File \"/root/Recursive_RLHF_training_for_LLM/train/train.py\", line 408, in wrapped\n    result = original(*args, **kwargs)\n             ^^^^^^^^^^^^^^^^^^^^^^^^^\n  File \"/usr/local/lib/python3.11/dist-packages/torch/distributed/fsdp/_runtime_utils.py\", line 1556, in _wait_for_computation_stream\n    unshard_stream.wait_stream(computation_stream)  # type: ignore[attr-defined]\n    ^^^^^^^^^^^^^^^^^^^^^^^^^^^^^^^^^^^^^^^^^^^^^^\n  File \"/root/Recursive_RLHF_training_for_LLM/train/train.py\", line 672, in _dbg_wait_stream\n    result = _orig_wait_stream(stream, other_stream)\n             ^^^^^^^^^^^^^^^^^^^^^^^^^^^^^^^^^^^^^^^\n  File \"/usr/local/lib/python3.11/dist-packages/torch/cuda/streams.py\", line 77, in wait_stream\n    self.wait_event(stream.record_event())\n                    ^^^^^^^^^^^^^^^^^^^^^\n  File \"/root/Recursive_RLHF_training_for_LLM/train/train.py\", line 686, in _dbg_record_event\n    dbg.log(\nTypeError: Debugger.log() got multiple values for argument 'event'\n", "ts": "2026-10-04 16:17:03"}
[DBG] {"category": "TRAIN", "component": "train", "elapsed_sec": 0.1262, "event": "END:optimizer_step", "host": "d6b2a058c4be", "pid": 194534, "rank": 1, "ts": "2026-10-04 16:17:03"}
[DBG] {"category": "TRAIN", "component": "train", "error": "Debugger.log() got multiple values for argument 'event'", "error_type": "TypeError", "event": "worker_crashed", "host": "d6b2a058c4be", "pid": 194534, "rank": 1, "traceback": "Traceback (most recent call last):\n  File \"/root/Recursive_RLHF_training_for_LLM/train/train.py\", line 36, in __call__\n    FSDPDPOTrainer(loop_config, dbg).run()\n  File \"/root/Recursive_RLHF_training_for_LLM/train/train.py\", line 112, in run\n    loss = self._step(microbatches)\n           ^^^^^^^^^^^^^^^^^^^^^^^^\n  File \"/root/Recursive_RLHF_training_for_LLM/train/train.py\", line 1177, in _step\n    out = self.model(\n          ^^^^^^^^^^^\n  File \"/usr/local/lib/python3.11/dist-packages/torch/nn/modules/module.py\", line 1778, in _wrapped_call_impl\n    return self._call_impl(*args, **kwargs)\n           ^^^^^^^^^^^^^^^^^^^^^^^^^^^^^^^^\n  File \"/usr/local/lib/python3.11/dist-packages/torch/nn/modules/module.py\", line 1884, in _call_impl\n    return inner()\n           ^^^^^^^\n  File \"/usr/local/lib/python3.11/dist-packages/torch/nn/modules/module.py\", line 1832, in inner\n    result = forward_call(*args, **kwargs)\n             ^^^^^^^^^^^^^^^^^^^^^^^^^^^^^\n  File \"/usr/local/lib/python3.11/dist-packages/torch/distributed/fsdp/fully_sharded_data_parallel.py\", line 841, in forward\n    args, kwargs = _root_pre_forward(self, self, args, kwargs)\n                   ^^^^^^^^^^^^^^^^^^^^^^^^^^^^^^^^^^^^^^^^^^^\n  File \"/root/Recursive_RLHF_training_for_LLM/train/train.py\", line 469, in wrapped\n    result = original(*args, **kwargs)\n             ^^^^^^^^^^^^^^^^^^^^^^^^^\n  File \"/usr/local/lib/python3.11/dist-packages/torch/distributed/fsdp/_runtime_utils.py\", line 589, in _root_pre_forward\n    _wait_for_computation_stream(\n  File \"/root/Recursive_RLHF_training_for_LLM/train/train.py\", line 408, in wrapped\n    result = original(*args, **kwargs)\n             ^^^^^^^^^^^^^^^^^^^^^^^^^\n  File \"/usr/local/lib/python3.11/dist-packages/torch/distributed/fsdp/_runtime_utils.py\", line 1556, in _wait_for_computation_stream\n    unshard_stream.wait_stream(computation_stream)  # type: ignore[attr-defined]\n    ^^^^^^^^^^^^^^^^^^^^^^^^^^^^^^^^^^^^^^^^^^^^^^\n  File \"/root/Recursive_RLHF_training_for_LLM/train/train.py\", line 672, in _dbg_wait_stream\n    result = _orig_wait_stream(stream, other_stream)\n             ^^^^^^^^^^^^^^^^^^^^^^^^^^^^^^^^^^^^^^^\n  File \"/usr/local/lib/python3.11/dist-packages/torch/cuda/streams.py\", line 77, in wait_stream\n    self.wait_event(stream.record_event())\n                    ^^^^^^^^^^^^^^^^^^^^^\n  File \"/root/Recursive_RLHF_training_for_LLM/train/train.py\", line 686, in _dbg_record_event\n    dbg.log(\nTypeError: Debugger.log() got multiple values for argument 'event'\n", "ts": "2026-10-04 16:17:03"}
