[DBG] {"category": "TRAIN", "component": "train", "event": "worker_entry", "host": "d6b2a058c4be", "pid": 210661, "rank": 1, "ts": "2026-10-04 16:29:37"}
[DBG] {"CUDA_VISIBLE_DEVICES": "1,2", "LOCAL_RANK": "1", "MASTER_ADDR": "172.20.0.2", "MASTER_PORT": "51183", "RANK": "1", "WORLD_SIZE": "2", "category": "TRAIN", "component": "train", "cuda_available": true, "cuda_device_count": 2, "current_device": 1, "device": "cuda:1", "event": "environment", "host": "d6b2a058c4be", "local_rank": 1, "local_world": 2, "node_rank": 0, "pid": 210661, "rank": 1, "torch": "2.13.0+cu130", "ts": "2026-10-04 16:29:37", "world": 2}
[DBG] {"category": "TRAIN", "component": "train", "event": "trainer_init", "global_batch_size": 4, "gradient_accumulation_steps": 1, "host": "d6b2a058c4be", "per_rank_batch_size": 2, "pid": 210661, "rank": 1, "sharding_strategy": "hybrid_shard", "ts": "2026-10-04 16:29:37"}
[DBG] {"category": "TRAIN", "component": "train", "event": "BEGIN:setup", "host": "d6b2a058c4be", "pid": 210661, "rank": 1, "ts": "2026-10-04 16:29:37"}
[DBG] {"category": "TRAIN", "component": "train", "event": "watchdog_armed", "host": "d6b2a058c4be", "pid": 210661, "rank": 1, "stage": "setup", "timeout_sec": 30.0, "ts": "2026-10-04 16:29:37"}
[DBG] {"category": "FSDP", "component": "train", "event": "BEGIN:hybrid_topology_check", "host": "d6b2a058c4be", "local_world": 2, "node_rank": 0, "pid": 210661, "rank": 1, "ts": "2026-10-04 16:29:37", "world": 2}
[DBG] {"category": "FSDP", "component": "train", "event": "watchdog_armed", "host": "d6b2a058c4be", "pid": 210661, "rank": 1, "stage": "hybrid_topology_check", "timeout_sec": 30.0, "ts": "2026-10-04 16:29:37"}
[DBG] {"category": "FSDP", "component": "train", "current_cuda_device": 1, "event": "topology_local_check", "host": "d6b2a058c4be", "local_world": 2, "node_rank": 0, "note": "collective topology probe intentionally skipped; FSDP owns group setup", "pid": 210661, "rank": 1, "ts": "2026-10-04 16:29:37", "world": 2}
[DBG] {"category": "FSDP", "component": "train", "elapsed_sec": 0.000254, "event": "END:hybrid_topology_check", "host": "d6b2a058c4be", "pid": 210661, "rank": 1, "ts": "2026-10-04 16:29:37"}
[DBG] {"category": "TRAIN", "component": "train", "event": "watchdog_armed", "host": "d6b2a058c4be", "pid": 210661, "rank": 1, "stage": "setup", "timeout_sec": 30.0, "ts": "2026-10-04 16:29:37"}
[DBG] {"backend": "gloo", "category": "TRAIN", "component": "train", "event": "BEGIN:control_group_create", "host": "d6b2a058c4be", "pid": 210661, "rank": 1, "ts": "2026-10-04 16:29:37"}
[DBG] {"category": "TRAIN", "component": "train", "event": "watchdog_armed", "host": "d6b2a058c4be", "pid": 210661, "rank": 1, "stage": "control_group_create", "timeout_sec": 30.0, "ts": "2026-10-04 16:29:37"}
[DBG] {"category": "TRAIN", "component": "train", "elapsed_sec": 0.007471, "event": "END:control_group_create", "host": "d6b2a058c4be", "pid": 210661, "rank": 1, "ts": "2026-10-04 16:29:37"}
[DBG] {"category": "TRAIN", "component": "train", "event": "watchdog_armed", "host": "d6b2a058c4be", "pid": 210661, "rank": 1, "stage": "setup", "timeout_sec": 30.0, "ts": "2026-10-04 16:29:37"}
[DBG] {"category": "TRAIN", "component": "train", "event": "BEGIN:tokenizer_load", "host": "d6b2a058c4be", "model": "Qwen/Qwen2.5-0.5B-Instruct", "pid": 210661, "rank": 1, "ts": "2026-10-04 16:29:37"}
[DBG] {"category": "TRAIN", "component": "train", "event": "watchdog_armed", "host": "d6b2a058c4be", "pid": 210661, "rank": 1, "stage": "tokenizer_load", "timeout_sec": 30.0, "ts": "2026-10-04 16:29:37"}
[DBG] {"category": "TRAIN", "component": "train", "elapsed_sec": 1.108456, "event": "END:tokenizer_load", "host": "d6b2a058c4be", "pid": 210661, "rank": 1, "ts": "2026-10-04 16:29:38"}
[DBG] {"category": "TRAIN", "component": "train", "event": "watchdog_armed", "host": "d6b2a058c4be", "pid": 210661, "rank": 1, "stage": "setup", "timeout_sec": 30.0, "ts": "2026-10-04 16:29:38"}
[DBG] {"category": "TRAIN", "component": "train", "dtype": "torch.bfloat16", "event": "BEGIN:model_load_cpu", "host": "d6b2a058c4be", "model": "Qwen/Qwen2.5-0.5B-Instruct", "pid": 210661, "rank": 1, "ts": "2026-10-04 16:29:38"}
[DBG] {"category": "TRAIN", "component": "train", "event": "watchdog_armed", "host": "d6b2a058c4be", "pid": 210661, "rank": 1, "stage": "model_load_cpu", "timeout_sec": 30.0, "ts": "2026-10-04 16:29:38"}
[DBG] {"category": "TRAIN", "component": "train", "elapsed_sec": 0.538548, "event": "END:model_load_cpu", "host": "d6b2a058c4be", "pid": 210661, "rank": 1, "ts": "2026-10-04 16:29:39"}
[DBG] {"category": "TRAIN", "component": "train", "event": "watchdog_armed", "host": "d6b2a058c4be", "pid": 210661, "rank": 1, "stage": "setup", "timeout_sec": 30.0, "ts": "2026-10-04 16:29:39"}
[DBG] {"category": "TRAIN", "component": "train", "event": "BEGIN:gradient_checkpointing_enable", "host": "d6b2a058c4be", "pid": 210661, "rank": 1, "ts": "2026-10-04 16:29:39"}
[DBG] {"category": "TRAIN", "component": "train", "event": "watchdog_armed", "host": "d6b2a058c4be", "pid": 210661, "rank": 1, "stage": "gradient_checkpointing_enable", "timeout_sec": 30.0, "ts": "2026-10-04 16:29:39"}
[DBG] {"category": "TRAIN", "component": "train", "elapsed_sec": 0.004151, "event": "END:gradient_checkpointing_enable", "host": "d6b2a058c4be", "pid": 210661, "rank": 1, "ts": "2026-10-04 16:29:39"}
[DBG] {"category": "TRAIN", "component": "train", "event": "watchdog_armed", "host": "d6b2a058c4be", "pid": 210661, "rank": 1, "stage": "setup", "timeout_sec": 30.0, "ts": "2026-10-04 16:29:39"}
[DBG] {"category": "FSDP", "component": "train", "event": "BEGIN:install_internal_runtime_debug", "host": "d6b2a058c4be", "pid": 210661, "rank": 1, "ts": "2026-10-04 16:29:39"}
[DBG] {"category": "FSDP", "component": "train", "event": "watchdog_armed", "host": "d6b2a058c4be", "pid": 210661, "rank": 1, "stage": "install_internal_runtime_debug", "timeout_sec": 30.0, "ts": "2026-10-04 16:29:39"}
[DBG] {"category": "FSDP", "component": "train", "event": "cuda_stream_event_debug_ready", "host": "d6b2a058c4be", "pid": 210661, "rank": 1, "ts": "2026-10-04 16:29:39"}
[DBG] {"category": "FSDP", "collectives": ["all_gather_into_tensor", "all_gather"], "component": "train", "event": "fsdp_internal_debug_ready", "fsdp_forward_aliases": ["_root_pre_forward", "_pre_forward", "_pre_forward_unshard", "_post_forward", "_post_forward_reshard"], "handle_methods": ["pre_unshard", "_alloc_padded_unsharded_flat_param", "unshard", "_all_gather_flat_param", "_use_unsharded_flat_param", "post_unshard"], "host": "d6b2a058c4be", "pid": 210661, "post_unshard_helpers": ["_prefetch_handle", "_register_post_backward_hook", "_register_post_backward_reshard_only_hook", "_cast_forward_inputs", "_root_cast_forward_input", "_to_kwargs", "_reset_flat_param_grad_info_if_needed"], "rank": 1, "runtime_functions": ["_root_pre_forward", "_lazy_init", "_init_streams", "_share_state_and_init_handle_attrs", "_wait_for_computation_stream", "_pre_forward", "_pre_forward_unshard", "_unshard"], "ts": "2026-10-04 16:29:39"}
[DBG] {"category": "FSDP", "component": "train", "elapsed_sec": 0.001367, "event": "END:install_internal_runtime_debug", "host": "d6b2a058c4be", "pid": 210661, "rank": 1, "ts": "2026-10-04 16:29:39"}
[DBG] {"category": "TRAIN", "component": "train", "event": "watchdog_armed", "host": "d6b2a058c4be", "pid": 210661, "rank": 1, "stage": "setup", "timeout_sec": 30.0, "ts": "2026-10-04 16:29:39"}
[DBG] {"category": "FSDP", "component": "train", "event": "BEGIN:find_transformer_layers", "host": "d6b2a058c4be", "pid": 210661, "rank": 1, "ts": "2026-10-04 16:29:39"}
[DBG] {"category": "FSDP", "component": "train", "event": "watchdog_armed", "host": "d6b2a058c4be", "pid": 210661, "rank": 1, "stage": "find_transformer_layers", "timeout_sec": 30.0, "ts": "2026-10-04 16:29:39"}
[DBG] {"category": "FSDP", "component": "train", "elapsed_sec": 0.001573, "event": "END:find_transformer_layers", "host": "d6b2a058c4be", "pid": 210661, "rank": 1, "ts": "2026-10-04 16:29:39"}
[DBG] {"category": "TRAIN", "component": "train", "event": "watchdog_armed", "host": "d6b2a058c4be", "pid": 210661, "rank": 1, "stage": "setup", "timeout_sec": 30.0, "ts": "2026-10-04 16:29:39"}
[DBG] {"category": "FSDP", "component": "train", "event": "sharding_strategy_resolved", "host": "d6b2a058c4be", "local_world": 2, "pid": 210661, "rank": 1, "reason": "single_node_world_equals_local_world", "requested": "hybrid_shard", "resolved": "full_shard", "ts": "2026-10-04 16:29:39", "world": 2}
[DBG] {"category": "FSDP", "component": "train", "device": "cuda:1", "event": "wrap_config", "host": "d6b2a058c4be", "pid": 210661, "rank": 1, "strategy": "ShardingStrategy.FULL_SHARD", "transformer_layers": ["Qwen2DecoderLayer"], "ts": "2026-10-04 16:29:39"}
[DBG] {"category": "FSDP", "component": "train", "device": "cuda:1", "event": "BEGIN:fsdp_wrap", "host": "d6b2a058c4be", "pid": 210661, "rank": 1, "strategy": "hybrid_shard", "ts": "2026-10-04 16:29:39"}
[DBG] {"category": "FSDP", "component": "train", "event": "watchdog_armed", "host": "d6b2a058c4be", "pid": 210661, "rank": 1, "stage": "fsdp_wrap", "timeout_sec": 30.0, "ts": "2026-10-04 16:29:39"}
[DBG] {"category": "FSDP", "component": "train", "elapsed_sec": 0.300024, "event": "END:fsdp_wrap", "host": "d6b2a058c4be", "pid": 210661, "rank": 1, "ts": "2026-10-04 16:29:39"}
[DBG] {"category": "TRAIN", "component": "train", "event": "watchdog_armed", "host": "d6b2a058c4be", "pid": 210661, "rank": 1, "stage": "setup", "timeout_sec": 30.0, "ts": "2026-10-04 16:29:39"}
[DBG] {"category": "FSDP", "component": "train", "event": "BEGIN:install_forward_debug_hooks", "host": "d6b2a058c4be", "pid": 210661, "rank": 1, "ts": "2026-10-04 16:29:39"}
[DBG] {"category": "FSDP", "component": "train", "event": "watchdog_armed", "host": "d6b2a058c4be", "pid": 210661, "rank": 1, "stage": "install_forward_debug_hooks", "timeout_sec": 30.0, "ts": "2026-10-04 16:29:39"}
[DBG] {"category": "FSDP", "component": "train", "event": "forward_debug_hooks_ready", "host": "d6b2a058c4be", "pid": 210661, "rank": 1, "traced_modules": 49, "transformer_classes": ["Qwen2DecoderLayer"], "ts": "2026-10-04 16:29:39"}
[DBG] {"category": "FSDP", "component": "train", "elapsed_sec": 0.001329, "event": "END:install_forward_debug_hooks", "host": "d6b2a058c4be", "pid": 210661, "rank": 1, "ts": "2026-10-04 16:29:39"}
[DBG] {"category": "TRAIN", "component": "train", "event": "watchdog_armed", "host": "d6b2a058c4be", "pid": 210661, "rank": 1, "stage": "setup", "timeout_sec": 30.0, "ts": "2026-10-04 16:29:39"}
[DBG] {"category": "TRAIN", "component": "train", "event": "BEGIN:bf16_parameter_check", "host": "d6b2a058c4be", "pid": 210661, "rank": 1, "ts": "2026-10-04 16:29:39"}
[DBG] {"category": "TRAIN", "component": "train", "event": "watchdog_armed", "host": "d6b2a058c4be", "pid": 210661, "rank": 1, "stage": "bf16_parameter_check", "timeout_sec": 30.0, "ts": "2026-10-04 16:29:39"}
[DBG] {"category": "TRAIN", "component": "train", "elapsed_sec": 0.001036, "event": "END:bf16_parameter_check", "host": "d6b2a058c4be", "pid": 210661, "rank": 1, "ts": "2026-10-04 16:29:39"}
[DBG] {"category": "TRAIN", "component": "train", "event": "watchdog_armed", "host": "d6b2a058c4be", "pid": 210661, "rank": 1, "stage": "setup", "timeout_sec": 30.0, "ts": "2026-10-04 16:29:39"}
[DBG] {"category": "TRAIN", "component": "train", "event": "BEGIN:optimizer_create", "host": "d6b2a058c4be", "pid": 210661, "rank": 1, "ts": "2026-10-04 16:29:39"}
[DBG] {"category": "TRAIN", "component": "train", "event": "watchdog_armed", "host": "d6b2a058c4be", "pid": 210661, "rank": 1, "stage": "optimizer_create", "timeout_sec": 30.0, "ts": "2026-10-04 16:29:39"}
[DBG] {"category": "TRAIN", "component": "train", "elapsed_sec": 0.001106, "event": "END:optimizer_create", "host": "d6b2a058c4be", "pid": 210661, "rank": 1, "ts": "2026-10-04 16:29:39"}
[DBG] {"category": "TRAIN", "component": "train", "event": "watchdog_armed", "host": "d6b2a058c4be", "pid": 210661, "rank": 1, "stage": "setup", "timeout_sec": 30.0, "ts": "2026-10-04 16:29:39"}
[DBG] {"category": "TRAIN", "component": "train", "event": "setup_done", "host": "d6b2a058c4be", "model_type": "FullyShardedDataParallel", "pid": 210661, "rank": 1, "ts": "2026-10-04 16:29:39"}
[DBG] {"category": "TRAIN", "component": "train", "elapsed_sec": 1.969784, "event": "END:setup", "host": "d6b2a058c4be", "pid": 210661, "rank": 1, "ts": "2026-10-04 16:29:39"}
[DBG] {"category": "TRAIN", "component": "train", "event": "train_loop_ready", "host": "d6b2a058c4be", "pid": 210661, "rank": 1, "ts": "2026-10-04 16:29:39"}
[DBG] {"category": "TRAIN", "component": "train", "event": "BEGIN:broadcast_stop_flag", "host": "d6b2a058c4be", "pid": 210661, "rank": 1, "transport": "gloo_cpu", "ts": "2026-10-04 16:29:39", "value": null}
[DBG] {"category": "TRAIN", "component": "train", "event": "watchdog_armed", "host": "d6b2a058c4be", "pid": 210661, "rank": 1, "stage": "broadcast_stop_flag", "timeout_sec": 30.0, "ts": "2026-10-04 16:29:39"}
[DBG] {"category": "TRAIN", "component": "train", "elapsed_sec": 0.054202, "event": "END:broadcast_stop_flag", "host": "d6b2a058c4be", "pid": 210661, "rank": 1, "ts": "2026-10-04 16:29:39"}
[DBG] {"category": "TRAIN", "component": "train", "event": "BEGIN:broadcast_preference_payload", "has_payload": null, "host": "d6b2a058c4be", "pid": 210661, "rank": 1, "transport": "json_uint8_gloo", "ts": "2026-10-04 16:29:39"}
[DBG] {"category": "TRAIN", "component": "train", "event": "watchdog_armed", "host": "d6b2a058c4be", "pid": 210661, "rank": 1, "stage": "broadcast_preference_payload", "timeout_sec": 30.0, "ts": "2026-10-04 16:29:39"}
[DBG] {"bytes": null, "category": "TRAIN", "component": "train", "event": "BEGIN:broadcast_preference_length", "host": "d6b2a058c4be", "pid": 210661, "rank": 1, "transport": "gloo_cpu", "ts": "2026-10-04 16:29:39"}
[DBG] {"category": "TRAIN", "component": "train", "event": "watchdog_armed", "host": "d6b2a058c4be", "pid": 210661, "rank": 1, "stage": "broadcast_preference_length", "timeout_sec": 30.0, "ts": "2026-10-04 16:29:39"}
[DBG] {"category": "TRAIN", "component": "train", "elapsed_sec": 0.01317, "event": "END:broadcast_preference_length", "host": "d6b2a058c4be", "pid": 210661, "rank": 1, "ts": "2026-10-04 16:29:39"}
[DBG] {"category": "TRAIN", "component": "train", "event": "watchdog_armed", "host": "d6b2a058c4be", "pid": 210661, "rank": 1, "stage": "broadcast_preference_payload", "timeout_sec": 30.0, "ts": "2026-10-04 16:29:39"}
[DBG] {"category": "TRAIN", "component": "train", "elapsed_sec": 0.013763, "event": "END:broadcast_preference_payload", "host": "d6b2a058c4be", "pid": 210661, "rank": 1, "ts": "2026-10-04 16:29:39"}
[DBG] {"category": "TRAIN", "component": "train", "event": "BEGIN:broadcast_stop_flag", "host": "d6b2a058c4be", "pid": 210661, "rank": 1, "transport": "gloo_cpu", "ts": "2026-10-04 16:29:39", "value": null}
[DBG] {"category": "TRAIN", "component": "train", "event": "watchdog_armed", "host": "d6b2a058c4be", "pid": 210661, "rank": 1, "stage": "broadcast_stop_flag", "timeout_sec": 30.0, "ts": "2026-10-04 16:29:39"}
[DBG] {"category": "TRAIN", "component": "train", "elapsed_sec": 0.004845, "event": "END:broadcast_stop_flag", "host": "d6b2a058c4be", "pid": 210661, "rank": 1, "ts": "2026-10-04 16:29:39"}
[DBG] {"category": "TRAIN", "component": "train", "event": "BEGIN:broadcast_preference_payload", "has_payload": null, "host": "d6b2a058c4be", "pid": 210661, "rank": 1, "transport": "json_uint8_gloo", "ts": "2026-10-04 16:29:39"}
[DBG] {"category": "TRAIN", "component": "train", "event": "watchdog_armed", "host": "d6b2a058c4be", "pid": 210661, "rank": 1, "stage": "broadcast_preference_payload", "timeout_sec": 30.0, "ts": "2026-10-04 16:29:39"}
[DBG] {"bytes": null, "category": "TRAIN", "component": "train", "event": "BEGIN:broadcast_preference_length", "host": "d6b2a058c4be", "pid": 210661, "rank": 1, "transport": "gloo_cpu", "ts": "2026-10-04 16:29:39"}
[DBG] {"category": "TRAIN", "component": "train", "event": "watchdog_armed", "host": "d6b2a058c4be", "pid": 210661, "rank": 1, "stage": "broadcast_preference_length", "timeout_sec": 30.0, "ts": "2026-10-04 16:29:39"}
[DBG] {"category": "TRAIN", "component": "train", "elapsed_sec": 0.011276, "event": "END:broadcast_preference_length", "host": "d6b2a058c4be", "pid": 210661, "rank": 1, "ts": "2026-10-04 16:29:39"}
[DBG] {"category": "TRAIN", "component": "train", "event": "watchdog_armed", "host": "d6b2a058c4be", "pid": 210661, "rank": 1, "stage": "broadcast_preference_payload", "timeout_sec": 30.0, "ts": "2026-10-04 16:29:39"}
[DBG] {"category": "TRAIN", "component": "train", "elapsed_sec": 0.01249, "event": "END:broadcast_preference_payload", "host": "d6b2a058c4be", "pid": 210661, "rank": 1, "ts": "2026-10-04 16:29:39"}
[DBG] {"category": "TRAIN", "component": "train", "event": "BEGIN:broadcast_stop_flag", "host": "d6b2a058c4be", "pid": 210661, "rank": 1, "transport": "gloo_cpu", "ts": "2026-10-04 16:29:40", "value": null}
[DBG] {"category": "TRAIN", "component": "train", "event": "watchdog_armed", "host": "d6b2a058c4be", "pid": 210661, "rank": 1, "stage": "broadcast_stop_flag", "timeout_sec": 30.0, "ts": "2026-10-04 16:29:40"}
[DBG] {"category": "TRAIN", "component": "train", "elapsed_sec": 0.006008, "event": "END:broadcast_stop_flag", "host": "d6b2a058c4be", "pid": 210661, "rank": 1, "ts": "2026-10-04 16:29:40"}
[DBG] {"category": "TRAIN", "component": "train", "event": "BEGIN:broadcast_preference_payload", "has_payload": null, "host": "d6b2a058c4be", "pid": 210661, "rank": 1, "transport": "json_uint8_gloo", "ts": "2026-10-04 16:29:40"}
[DBG] {"category": "TRAIN", "component": "train", "event": "watchdog_armed", "host": "d6b2a058c4be", "pid": 210661, "rank": 1, "stage": "broadcast_preference_payload", "timeout_sec": 30.0, "ts": "2026-10-04 16:29:40"}
[DBG] {"bytes": null, "category": "TRAIN", "component": "train", "event": "BEGIN:broadcast_preference_length", "host": "d6b2a058c4be", "pid": 210661, "rank": 1, "transport": "gloo_cpu", "ts": "2026-10-04 16:29:40"}
[DBG] {"category": "TRAIN", "component": "train", "event": "watchdog_armed", "host": "d6b2a058c4be", "pid": 210661, "rank": 1, "stage": "broadcast_preference_length", "timeout_sec": 30.0, "ts": "2026-10-04 16:29:40"}
[DBG] {"category": "TRAIN", "component": "train", "elapsed_sec": 0.012903, "event": "END:broadcast_preference_length", "host": "d6b2a058c4be", "pid": 210661, "rank": 1, "ts": "2026-10-04 16:29:40"}
[DBG] {"category": "TRAIN", "component": "train", "event": "watchdog_armed", "host": "d6b2a058c4be", "pid": 210661, "rank": 1, "stage": "broadcast_preference_payload", "timeout_sec": 30.0, "ts": "2026-10-04 16:29:40"}
[DBG] {"category": "TRAIN", "component": "train", "elapsed_sec": 0.014257, "event": "END:broadcast_preference_payload", "host": "d6b2a058c4be", "pid": 210661, "rank": 1, "ts": "2026-10-04 16:29:40"}
[DBG] {"category": "TRAIN", "component": "train", "event": "BEGIN:broadcast_stop_flag", "host": "d6b2a058c4be", "pid": 210661, "rank": 1, "transport": "gloo_cpu", "ts": "2026-10-04 16:29:40", "value": null}
[DBG] {"category": "TRAIN", "component": "train", "event": "watchdog_armed", "host": "d6b2a058c4be", "pid": 210661, "rank": 1, "stage": "broadcast_stop_flag", "timeout_sec": 30.0, "ts": "2026-10-04 16:29:40"}
[DBG] {"category": "TRAIN", "component": "train", "elapsed_sec": 0.002889, "event": "END:broadcast_stop_flag", "host": "d6b2a058c4be", "pid": 210661, "rank": 1, "ts": "2026-10-04 16:29:40"}
[DBG] {"category": "TRAIN", "component": "train", "event": "BEGIN:broadcast_preference_payload", "has_payload": null, "host": "d6b2a058c4be", "pid": 210661, "rank": 1, "transport": "json_uint8_gloo", "ts": "2026-10-04 16:29:40"}
[DBG] {"category": "TRAIN", "component": "train", "event": "watchdog_armed", "host": "d6b2a058c4be", "pid": 210661, "rank": 1, "stage": "broadcast_preference_payload", "timeout_sec": 30.0, "ts": "2026-10-04 16:29:40"}
[DBG] {"bytes": null, "category": "TRAIN", "component": "train", "event": "BEGIN:broadcast_preference_length", "host": "d6b2a058c4be", "pid": 210661, "rank": 1, "transport": "gloo_cpu", "ts": "2026-10-04 16:29:40"}
[DBG] {"category": "TRAIN", "component": "train", "event": "watchdog_armed", "host": "d6b2a058c4be", "pid": 210661, "rank": 1, "stage": "broadcast_preference_length", "timeout_sec": 30.0, "ts": "2026-10-04 16:29:40"}
[DBG] {"category": "TRAIN", "component": "train", "elapsed_sec": 0.005682, "event": "END:broadcast_preference_length", "host": "d6b2a058c4be", "pid": 210661, "rank": 1, "ts": "2026-10-04 16:29:40"}
[DBG] {"category": "TRAIN", "component": "train", "event": "watchdog_armed", "host": "d6b2a058c4be", "pid": 210661, "rank": 1, "stage": "broadcast_preference_payload", "timeout_sec": 30.0, "ts": "2026-10-04 16:29:40"}
[DBG] {"category": "TRAIN", "component": "train", "elapsed_sec": 0.006179, "event": "END:broadcast_preference_payload", "host": "d6b2a058c4be", "pid": 210661, "rank": 1, "ts": "2026-10-04 16:29:40"}
[DBG] {"category": "TRAIN", "component": "train", "event": "BEGIN:broadcast_stop_flag", "host": "d6b2a058c4be", "pid": 210661, "rank": 1, "transport": "gloo_cpu", "ts": "2026-10-04 16:29:41", "value": null}
[DBG] {"category": "TRAIN", "component": "train", "event": "watchdog_armed", "host": "d6b2a058c4be", "pid": 210661, "rank": 1, "stage": "broadcast_stop_flag", "timeout_sec": 30.0, "ts": "2026-10-04 16:29:41"}
[DBG] {"category": "TRAIN", "component": "train", "elapsed_sec": 0.005685, "event": "END:broadcast_stop_flag", "host": "d6b2a058c4be", "pid": 210661, "rank": 1, "ts": "2026-10-04 16:29:41"}
[DBG] {"category": "TRAIN", "component": "train", "event": "BEGIN:broadcast_preference_payload", "has_payload": null, "host": "d6b2a058c4be", "pid": 210661, "rank": 1, "transport": "json_uint8_gloo", "ts": "2026-10-04 16:29:41"}
[DBG] {"category": "TRAIN", "component": "train", "event": "watchdog_armed", "host": "d6b2a058c4be", "pid": 210661, "rank": 1, "stage": "broadcast_preference_payload", "timeout_sec": 30.0, "ts": "2026-10-04 16:29:41"}
[DBG] {"bytes": null, "category": "TRAIN", "component": "train", "event": "BEGIN:broadcast_preference_length", "host": "d6b2a058c4be", "pid": 210661, "rank": 1, "transport": "gloo_cpu", "ts": "2026-10-04 16:29:41"}
[DBG] {"category": "TRAIN", "component": "train", "event": "watchdog_armed", "host": "d6b2a058c4be", "pid": 210661, "rank": 1, "stage": "broadcast_preference_length", "timeout_sec": 30.0, "ts": "2026-10-04 16:29:41"}
[DBG] {"category": "TRAIN", "component": "train", "elapsed_sec": 0.009926, "event": "END:broadcast_preference_length", "host": "d6b2a058c4be", "pid": 210661, "rank": 1, "ts": "2026-10-04 16:29:41"}
[DBG] {"category": "TRAIN", "component": "train", "event": "watchdog_armed", "host": "d6b2a058c4be", "pid": 210661, "rank": 1, "stage": "broadcast_preference_payload", "timeout_sec": 30.0, "ts": "2026-10-04 16:29:41"}
[DBG] {"category": "TRAIN", "component": "train", "elapsed_sec": 0.011153, "event": "END:broadcast_preference_payload", "host": "d6b2a058c4be", "pid": 210661, "rank": 1, "ts": "2026-10-04 16:29:41"}
[DBG] {"category": "TRAIN", "component": "train", "event": "BEGIN:broadcast_stop_flag", "host": "d6b2a058c4be", "pid": 210661, "rank": 1, "transport": "gloo_cpu", "ts": "2026-10-04 16:29:41", "value": null}
[DBG] {"category": "TRAIN", "component": "train", "event": "watchdog_armed", "host": "d6b2a058c4be", "pid": 210661, "rank": 1, "stage": "broadcast_stop_flag", "timeout_sec": 30.0, "ts": "2026-10-04 16:29:41"}
[DBG] {"category": "TRAIN", "component": "train", "elapsed_sec": 0.004833, "event": "END:broadcast_stop_flag", "host": "d6b2a058c4be", "pid": 210661, "rank": 1, "ts": "2026-10-04 16:29:41"}
[DBG] {"category": "TRAIN", "component": "train", "event": "BEGIN:broadcast_preference_payload", "has_payload": null, "host": "d6b2a058c4be", "pid": 210661, "rank": 1, "transport": "json_uint8_gloo", "ts": "2026-10-04 16:29:41"}
[DBG] {"category": "TRAIN", "component": "train", "event": "watchdog_armed", "host": "d6b2a058c4be", "pid": 210661, "rank": 1, "stage": "broadcast_preference_payload", "timeout_sec": 30.0, "ts": "2026-10-04 16:29:41"}
[DBG] {"bytes": null, "category": "TRAIN", "component": "train", "event": "BEGIN:broadcast_preference_length", "host": "d6b2a058c4be", "pid": 210661, "rank": 1, "transport": "gloo_cpu", "ts": "2026-10-04 16:29:41"}
[DBG] {"category": "TRAIN", "component": "train", "event": "watchdog_armed", "host": "d6b2a058c4be", "pid": 210661, "rank": 1, "stage": "broadcast_preference_length", "timeout_sec": 30.0, "ts": "2026-10-04 16:29:41"}
[DBG] {"category": "TRAIN", "component": "train", "elapsed_sec": 0.011574, "event": "END:broadcast_preference_length", "host": "d6b2a058c4be", "pid": 210661, "rank": 1, "ts": "2026-10-04 16:29:42"}
[DBG] {"category": "TRAIN", "component": "train", "event": "watchdog_armed", "host": "d6b2a058c4be", "pid": 210661, "rank": 1, "stage": "broadcast_preference_payload", "timeout_sec": 30.0, "ts": "2026-10-04 16:29:42"}
[DBG] {"category": "TRAIN", "component": "train", "elapsed_sec": 0.012752, "event": "END:broadcast_preference_payload", "host": "d6b2a058c4be", "pid": 210661, "rank": 1, "ts": "2026-10-04 16:29:42"}
[DBG] {"category": "TRAIN", "component": "train", "event": "BEGIN:broadcast_stop_flag", "host": "d6b2a058c4be", "pid": 210661, "rank": 1, "transport": "gloo_cpu", "ts": "2026-10-04 16:29:42", "value": null}
[DBG] {"category": "TRAIN", "component": "train", "event": "watchdog_armed", "host": "d6b2a058c4be", "pid": 210661, "rank": 1, "stage": "broadcast_stop_flag", "timeout_sec": 30.0, "ts": "2026-10-04 16:29:42"}
[DBG] {"category": "TRAIN", "component": "train", "elapsed_sec": 0.00579, "event": "END:broadcast_stop_flag", "host": "d6b2a058c4be", "pid": 210661, "rank": 1, "ts": "2026-10-04 16:29:42"}
[DBG] {"category": "TRAIN", "component": "train", "event": "BEGIN:broadcast_preference_payload", "has_payload": null, "host": "d6b2a058c4be", "pid": 210661, "rank": 1, "transport": "json_uint8_gloo", "ts": "2026-10-04 16:29:42"}
[DBG] {"category": "TRAIN", "component": "train", "event": "watchdog_armed", "host": "d6b2a058c4be", "pid": 210661, "rank": 1, "stage": "broadcast_preference_payload", "timeout_sec": 30.0, "ts": "2026-10-04 16:29:42"}
[DBG] {"bytes": null, "category": "TRAIN", "component": "train", "event": "BEGIN:broadcast_preference_length", "host": "d6b2a058c4be", "pid": 210661, "rank": 1, "transport": "gloo_cpu", "ts": "2026-10-04 16:29:42"}
[DBG] {"category": "TRAIN", "component": "train", "event": "watchdog_armed", "host": "d6b2a058c4be", "pid": 210661, "rank": 1, "stage": "broadcast_preference_length", "timeout_sec": 30.0, "ts": "2026-10-04 16:29:42"}
[DBG] {"category": "TRAIN", "component": "train", "elapsed_sec": 0.013199, "event": "END:broadcast_preference_length", "host": "d6b2a058c4be", "pid": 210661, "rank": 1, "ts": "2026-10-04 16:29:42"}
[DBG] {"category": "TRAIN", "component": "train", "event": "watchdog_armed", "host": "d6b2a058c4be", "pid": 210661, "rank": 1, "stage": "broadcast_preference_payload", "timeout_sec": 30.0, "ts": "2026-10-04 16:29:42"}
[DBG] {"category": "TRAIN", "component": "train", "elapsed_sec": 0.014393, "event": "END:broadcast_preference_payload", "host": "d6b2a058c4be", "pid": 210661, "rank": 1, "ts": "2026-10-04 16:29:42"}
[DBG] {"category": "TRAIN", "component": "train", "event": "BEGIN:broadcast_stop_flag", "host": "d6b2a058c4be", "pid": 210661, "rank": 1, "transport": "gloo_cpu", "ts": "2026-10-04 16:29:43", "value": null}
[DBG] {"category": "TRAIN", "component": "train", "event": "watchdog_armed", "host": "d6b2a058c4be", "pid": 210661, "rank": 1, "stage": "broadcast_stop_flag", "timeout_sec": 30.0, "ts": "2026-10-04 16:29:43"}
[DBG] {"category": "TRAIN", "component": "train", "elapsed_sec": 0.005564, "event": "END:broadcast_stop_flag", "host": "d6b2a058c4be", "pid": 210661, "rank": 1, "ts": "2026-10-04 16:29:43"}
[DBG] {"category": "TRAIN", "component": "train", "event": "BEGIN:broadcast_preference_payload", "has_payload": null, "host": "d6b2a058c4be", "pid": 210661, "rank": 1, "transport": "json_uint8_gloo", "ts": "2026-10-04 16:29:43"}
[DBG] {"category": "TRAIN", "component": "train", "event": "watchdog_armed", "host": "d6b2a058c4be", "pid": 210661, "rank": 1, "stage": "broadcast_preference_payload", "timeout_sec": 30.0, "ts": "2026-10-04 16:29:43"}
[DBG] {"bytes": null, "category": "TRAIN", "component": "train", "event": "BEGIN:broadcast_preference_length", "host": "d6b2a058c4be", "pid": 210661, "rank": 1, "transport": "gloo_cpu", "ts": "2026-10-04 16:29:43"}
[DBG] {"category": "TRAIN", "component": "train", "event": "watchdog_armed", "host": "d6b2a058c4be", "pid": 210661, "rank": 1, "stage": "broadcast_preference_length", "timeout_sec": 30.0, "ts": "2026-10-04 16:29:43"}
[DBG] {"category": "TRAIN", "component": "train", "elapsed_sec": 0.012737, "event": "END:broadcast_preference_length", "host": "d6b2a058c4be", "pid": 210661, "rank": 1, "ts": "2026-10-04 16:29:43"}
[DBG] {"category": "TRAIN", "component": "train", "event": "watchdog_armed", "host": "d6b2a058c4be", "pid": 210661, "rank": 1, "stage": "broadcast_preference_payload", "timeout_sec": 30.0, "ts": "2026-10-04 16:29:43"}
[DBG] {"category": "TRAIN", "component": "train", "elapsed_sec": 0.013978, "event": "END:broadcast_preference_payload", "host": "d6b2a058c4be", "pid": 210661, "rank": 1, "ts": "2026-10-04 16:29:43"}
[DBG] {"category": "TRAIN", "component": "train", "event": "BEGIN:broadcast_stop_flag", "host": "d6b2a058c4be", "pid": 210661, "rank": 1, "transport": "gloo_cpu", "ts": "2026-10-04 16:29:43", "value": null}
[DBG] {"category": "TRAIN", "component": "train", "event": "watchdog_armed", "host": "d6b2a058c4be", "pid": 210661, "rank": 1, "stage": "broadcast_stop_flag", "timeout_sec": 30.0, "ts": "2026-10-04 16:29:43"}
[DBG] {"category": "TRAIN", "component": "train", "elapsed_sec": 0.004628, "event": "END:broadcast_stop_flag", "host": "d6b2a058c4be", "pid": 210661, "rank": 1, "ts": "2026-10-04 16:29:43"}
[DBG] {"category": "TRAIN", "component": "train", "event": "BEGIN:broadcast_preference_payload", "has_payload": null, "host": "d6b2a058c4be", "pid": 210661, "rank": 1, "transport": "json_uint8_gloo", "ts": "2026-10-04 16:29:43"}
[DBG] {"category": "TRAIN", "component": "train", "event": "watchdog_armed", "host": "d6b2a058c4be", "pid": 210661, "rank": 1, "stage": "broadcast_preference_payload", "timeout_sec": 30.0, "ts": "2026-10-04 16:29:43"}
[DBG] {"bytes": null, "category": "TRAIN", "component": "train", "event": "BEGIN:broadcast_preference_length", "host": "d6b2a058c4be", "pid": 210661, "rank": 1, "transport": "gloo_cpu", "ts": "2026-10-04 16:29:43"}
[DBG] {"category": "TRAIN", "component": "train", "event": "watchdog_armed", "host": "d6b2a058c4be", "pid": 210661, "rank": 1, "stage": "broadcast_preference_length", "timeout_sec": 30.0, "ts": "2026-10-04 16:29:43"}
[DBG] {"category": "TRAIN", "component": "train", "elapsed_sec": 0.010532, "event": "END:broadcast_preference_length", "host": "d6b2a058c4be", "pid": 210661, "rank": 1, "ts": "2026-10-04 16:29:43"}
[DBG] {"category": "TRAIN", "component": "train", "event": "watchdog_armed", "host": "d6b2a058c4be", "pid": 210661, "rank": 1, "stage": "broadcast_preference_payload", "timeout_sec": 30.0, "ts": "2026-10-04 16:29:43"}
[DBG] {"category": "TRAIN", "component": "train", "elapsed_sec": 0.011653, "event": "END:broadcast_preference_payload", "host": "d6b2a058c4be", "pid": 210661, "rank": 1, "ts": "2026-10-04 16:29:43"}
[DBG] {"category": "TRAIN", "component": "train", "event": "BEGIN:broadcast_stop_flag", "host": "d6b2a058c4be", "pid": 210661, "rank": 1, "transport": "gloo_cpu", "ts": "2026-10-04 16:29:44", "value": null}
[DBG] {"category": "TRAIN", "component": "train", "event": "watchdog_armed", "host": "d6b2a058c4be", "pid": 210661, "rank": 1, "stage": "broadcast_stop_flag", "timeout_sec": 30.0, "ts": "2026-10-04 16:29:44"}
[DBG] {"category": "TRAIN", "component": "train", "elapsed_sec": 0.007605, "event": "END:broadcast_stop_flag", "host": "d6b2a058c4be", "pid": 210661, "rank": 1, "ts": "2026-10-04 16:29:44"}
[DBG] {"category": "TRAIN", "component": "train", "event": "BEGIN:broadcast_preference_payload", "has_payload": null, "host": "d6b2a058c4be", "pid": 210661, "rank": 1, "transport": "json_uint8_gloo", "ts": "2026-10-04 16:29:44"}
[DBG] {"category": "TRAIN", "component": "train", "event": "watchdog_armed", "host": "d6b2a058c4be", "pid": 210661, "rank": 1, "stage": "broadcast_preference_payload", "timeout_sec": 30.0, "ts": "2026-10-04 16:29:44"}
[DBG] {"bytes": null, "category": "TRAIN", "component": "train", "event": "BEGIN:broadcast_preference_length", "host": "d6b2a058c4be", "pid": 210661, "rank": 1, "transport": "gloo_cpu", "ts": "2026-10-04 16:29:44"}
[DBG] {"category": "TRAIN", "component": "train", "event": "watchdog_armed", "host": "d6b2a058c4be", "pid": 210661, "rank": 1, "stage": "broadcast_preference_length", "timeout_sec": 30.0, "ts": "2026-10-04 16:29:44"}
[DBG] {"category": "TRAIN", "component": "train", "elapsed_sec": 0.018077, "event": "END:broadcast_preference_length", "host": "d6b2a058c4be", "pid": 210661, "rank": 1, "ts": "2026-10-04 16:29:44"}
[DBG] {"category": "TRAIN", "component": "train", "event": "watchdog_armed", "host": "d6b2a058c4be", "pid": 210661, "rank": 1, "stage": "broadcast_preference_payload", "timeout_sec": 30.0, "ts": "2026-10-04 16:29:44"}
[DBG] {"category": "TRAIN", "component": "train", "elapsed_sec": 0.01903, "event": "END:broadcast_preference_payload", "host": "d6b2a058c4be", "pid": 210661, "rank": 1, "ts": "2026-10-04 16:29:44"}
[DBG] {"category": "TRAIN", "component": "train", "event": "BEGIN:broadcast_stop_flag", "host": "d6b2a058c4be", "pid": 210661, "rank": 1, "transport": "gloo_cpu", "ts": "2026-10-04 16:29:44", "value": null}
[DBG] {"category": "TRAIN", "component": "train", "event": "watchdog_armed", "host": "d6b2a058c4be", "pid": 210661, "rank": 1, "stage": "broadcast_stop_flag", "timeout_sec": 30.0, "ts": "2026-10-04 16:29:44"}
[DBG] {"category": "TRAIN", "component": "train", "elapsed_sec": 0.005979, "event": "END:broadcast_stop_flag", "host": "d6b2a058c4be", "pid": 210661, "rank": 1, "ts": "2026-10-04 16:29:44"}
[DBG] {"category": "TRAIN", "component": "train", "event": "BEGIN:broadcast_preference_payload", "has_payload": null, "host": "d6b2a058c4be", "pid": 210661, "rank": 1, "transport": "json_uint8_gloo", "ts": "2026-10-04 16:29:44"}
[DBG] {"category": "TRAIN", "component": "train", "event": "watchdog_armed", "host": "d6b2a058c4be", "pid": 210661, "rank": 1, "stage": "broadcast_preference_payload", "timeout_sec": 30.0, "ts": "2026-10-04 16:29:44"}
[DBG] {"bytes": null, "category": "TRAIN", "component": "train", "event": "BEGIN:broadcast_preference_length", "host": "d6b2a058c4be", "pid": 210661, "rank": 1, "transport": "gloo_cpu", "ts": "2026-10-04 16:29:44"}
[DBG] {"category": "TRAIN", "component": "train", "event": "watchdog_armed", "host": "d6b2a058c4be", "pid": 210661, "rank": 1, "stage": "broadcast_preference_length", "timeout_sec": 30.0, "ts": "2026-10-04 16:29:44"}
[DBG] {"category": "TRAIN", "component": "train", "elapsed_sec": 0.012031, "event": "END:broadcast_preference_length", "host": "d6b2a058c4be", "pid": 210661, "rank": 1, "ts": "2026-10-04 16:29:44"}
[DBG] {"category": "TRAIN", "component": "train", "event": "watchdog_armed", "host": "d6b2a058c4be", "pid": 210661, "rank": 1, "stage": "broadcast_preference_payload", "timeout_sec": 30.0, "ts": "2026-10-04 16:29:44"}
[DBG] {"category": "TRAIN", "component": "train", "elapsed_sec": 0.013193, "event": "END:broadcast_preference_payload", "host": "d6b2a058c4be", "pid": 210661, "rank": 1, "ts": "2026-10-04 16:29:44"}
[DBG] {"category": "TRAIN", "component": "train", "event": "BEGIN:broadcast_stop_flag", "host": "d6b2a058c4be", "pid": 210661, "rank": 1, "transport": "gloo_cpu", "ts": "2026-10-04 16:29:45", "value": null}
[DBG] {"category": "TRAIN", "component": "train", "event": "watchdog_armed", "host": "d6b2a058c4be", "pid": 210661, "rank": 1, "stage": "broadcast_stop_flag", "timeout_sec": 30.0, "ts": "2026-10-04 16:29:45"}
[DBG] {"category": "TRAIN", "component": "train", "elapsed_sec": 0.005469, "event": "END:broadcast_stop_flag", "host": "d6b2a058c4be", "pid": 210661, "rank": 1, "ts": "2026-10-04 16:29:45"}
[DBG] {"category": "TRAIN", "component": "train", "event": "BEGIN:broadcast_preference_payload", "has_payload": null, "host": "d6b2a058c4be", "pid": 210661, "rank": 1, "transport": "json_uint8_gloo", "ts": "2026-10-04 16:29:45"}
[DBG] {"category": "TRAIN", "component": "train", "event": "watchdog_armed", "host": "d6b2a058c4be", "pid": 210661, "rank": 1, "stage": "broadcast_preference_payload", "timeout_sec": 30.0, "ts": "2026-10-04 16:29:45"}
[DBG] {"bytes": null, "category": "TRAIN", "component": "train", "event": "BEGIN:broadcast_preference_length", "host": "d6b2a058c4be", "pid": 210661, "rank": 1, "transport": "gloo_cpu", "ts": "2026-10-04 16:29:45"}
[DBG] {"category": "TRAIN", "component": "train", "event": "watchdog_armed", "host": "d6b2a058c4be", "pid": 210661, "rank": 1, "stage": "broadcast_preference_length", "timeout_sec": 30.0, "ts": "2026-10-04 16:29:45"}
[DBG] {"category": "TRAIN", "component": "train", "elapsed_sec": 0.012222, "event": "END:broadcast_preference_length", "host": "d6b2a058c4be", "pid": 210661, "rank": 1, "ts": "2026-10-04 16:29:45"}
[DBG] {"category": "TRAIN", "component": "train", "event": "watchdog_armed", "host": "d6b2a058c4be", "pid": 210661, "rank": 1, "stage": "broadcast_preference_payload", "timeout_sec": 30.0, "ts": "2026-10-04 16:29:45"}
[DBG] {"category": "TRAIN", "component": "train", "elapsed_sec": 0.013386, "event": "END:broadcast_preference_payload", "host": "d6b2a058c4be", "pid": 210661, "rank": 1, "ts": "2026-10-04 16:29:45"}
[DBG] {"category": "TRAIN", "component": "train", "event": "BEGIN:broadcast_stop_flag", "host": "d6b2a058c4be", "pid": 210661, "rank": 1, "transport": "gloo_cpu", "ts": "2026-10-04 16:29:45", "value": null}
[DBG] {"category": "TRAIN", "component": "train", "event": "watchdog_armed", "host": "d6b2a058c4be", "pid": 210661, "rank": 1, "stage": "broadcast_stop_flag", "timeout_sec": 30.0, "ts": "2026-10-04 16:29:45"}
[DBG] {"category": "TRAIN", "component": "train", "elapsed_sec": 0.005875, "event": "END:broadcast_stop_flag", "host": "d6b2a058c4be", "pid": 210661, "rank": 1, "ts": "2026-10-04 16:29:45"}
[DBG] {"category": "TRAIN", "component": "train", "event": "BEGIN:broadcast_preference_payload", "has_payload": null, "host": "d6b2a058c4be", "pid": 210661, "rank": 1, "transport": "json_uint8_gloo", "ts": "2026-10-04 16:29:45"}
[DBG] {"category": "TRAIN", "component": "train", "event": "watchdog_armed", "host": "d6b2a058c4be", "pid": 210661, "rank": 1, "stage": "broadcast_preference_payload", "timeout_sec": 30.0, "ts": "2026-10-04 16:29:45"}
[DBG] {"bytes": null, "category": "TRAIN", "component": "train", "event": "BEGIN:broadcast_preference_length", "host": "d6b2a058c4be", "pid": 210661, "rank": 1, "transport": "gloo_cpu", "ts": "2026-10-04 16:29:45"}
[DBG] {"category": "TRAIN", "component": "train", "event": "watchdog_armed", "host": "d6b2a058c4be", "pid": 210661, "rank": 1, "stage": "broadcast_preference_length", "timeout_sec": 30.0, "ts": "2026-10-04 16:29:45"}
[DBG] {"category": "TRAIN", "component": "train", "elapsed_sec": 0.012303, "event": "END:broadcast_preference_length", "host": "d6b2a058c4be", "pid": 210661, "rank": 1, "ts": "2026-10-04 16:29:45"}
[DBG] {"category": "TRAIN", "component": "train", "event": "watchdog_armed", "host": "d6b2a058c4be", "pid": 210661, "rank": 1, "stage": "broadcast_preference_payload", "timeout_sec": 30.0, "ts": "2026-10-04 16:29:45"}
[DBG] {"category": "TRAIN", "component": "train", "elapsed_sec": 0.01348, "event": "END:broadcast_preference_payload", "host": "d6b2a058c4be", "pid": 210661, "rank": 1, "ts": "2026-10-04 16:29:45"}
[DBG] {"category": "TRAIN", "component": "train", "event": "BEGIN:broadcast_stop_flag", "host": "d6b2a058c4be", "pid": 210661, "rank": 1, "transport": "gloo_cpu", "ts": "2026-10-04 16:29:46", "value": null}
[DBG] {"category": "TRAIN", "component": "train", "event": "watchdog_armed", "host": "d6b2a058c4be", "pid": 210661, "rank": 1, "stage": "broadcast_stop_flag", "timeout_sec": 30.0, "ts": "2026-10-04 16:29:46"}
[DBG] {"category": "TRAIN", "component": "train", "elapsed_sec": 0.005585, "event": "END:broadcast_stop_flag", "host": "d6b2a058c4be", "pid": 210661, "rank": 1, "ts": "2026-10-04 16:29:46"}
[DBG] {"category": "TRAIN", "component": "train", "event": "BEGIN:broadcast_preference_payload", "has_payload": null, "host": "d6b2a058c4be", "pid": 210661, "rank": 1, "transport": "json_uint8_gloo", "ts": "2026-10-04 16:29:46"}
[DBG] {"category": "TRAIN", "component": "train", "event": "watchdog_armed", "host": "d6b2a058c4be", "pid": 210661, "rank": 1, "stage": "broadcast_preference_payload", "timeout_sec": 30.0, "ts": "2026-10-04 16:29:46"}
[DBG] {"bytes": null, "category": "TRAIN", "component": "train", "event": "BEGIN:broadcast_preference_length", "host": "d6b2a058c4be", "pid": 210661, "rank": 1, "transport": "gloo_cpu", "ts": "2026-10-04 16:29:46"}
[DBG] {"category": "TRAIN", "component": "train", "event": "watchdog_armed", "host": "d6b2a058c4be", "pid": 210661, "rank": 1, "stage": "broadcast_preference_length", "timeout_sec": 30.0, "ts": "2026-10-04 16:29:46"}
[DBG] {"category": "TRAIN", "component": "train", "elapsed_sec": 0.012152, "event": "END:broadcast_preference_length", "host": "d6b2a058c4be", "pid": 210661, "rank": 1, "ts": "2026-10-04 16:29:46"}
[DBG] {"category": "TRAIN", "component": "train", "event": "watchdog_armed", "host": "d6b2a058c4be", "pid": 210661, "rank": 1, "stage": "broadcast_preference_payload", "timeout_sec": 30.0, "ts": "2026-10-04 16:29:46"}
[DBG] {"category": "TRAIN", "component": "train", "elapsed_sec": 0.013336, "event": "END:broadcast_preference_payload", "host": "d6b2a058c4be", "pid": 210661, "rank": 1, "ts": "2026-10-04 16:29:46"}
[DBG] {"category": "TRAIN", "component": "train", "event": "BEGIN:broadcast_stop_flag", "host": "d6b2a058c4be", "pid": 210661, "rank": 1, "transport": "gloo_cpu", "ts": "2026-10-04 16:29:46", "value": null}
[DBG] {"category": "TRAIN", "component": "train", "event": "watchdog_armed", "host": "d6b2a058c4be", "pid": 210661, "rank": 1, "stage": "broadcast_stop_flag", "timeout_sec": 30.0, "ts": "2026-10-04 16:29:46"}
[DBG] {"category": "TRAIN", "component": "train", "elapsed_sec": 0.005807, "event": "END:broadcast_stop_flag", "host": "d6b2a058c4be", "pid": 210661, "rank": 1, "ts": "2026-10-04 16:29:46"}
[DBG] {"category": "TRAIN", "component": "train", "event": "BEGIN:broadcast_preference_payload", "has_payload": null, "host": "d6b2a058c4be", "pid": 210661, "rank": 1, "transport": "json_uint8_gloo", "ts": "2026-10-04 16:29:46"}
[DBG] {"category": "TRAIN", "component": "train", "event": "watchdog_armed", "host": "d6b2a058c4be", "pid": 210661, "rank": 1, "stage": "broadcast_preference_payload", "timeout_sec": 30.0, "ts": "2026-10-04 16:29:46"}
[DBG] {"bytes": null, "category": "TRAIN", "component": "train", "event": "BEGIN:broadcast_preference_length", "host": "d6b2a058c4be", "pid": 210661, "rank": 1, "transport": "gloo_cpu", "ts": "2026-10-04 16:29:46"}
[DBG] {"category": "TRAIN", "component": "train", "event": "watchdog_armed", "host": "d6b2a058c4be", "pid": 210661, "rank": 1, "stage": "broadcast_preference_length", "timeout_sec": 30.0, "ts": "2026-10-04 16:29:46"}
[DBG] {"category": "TRAIN", "component": "train", "elapsed_sec": 0.013618, "event": "END:broadcast_preference_length", "host": "d6b2a058c4be", "pid": 210661, "rank": 1, "ts": "2026-10-04 16:29:46"}
[DBG] {"category": "TRAIN", "component": "train", "event": "watchdog_armed", "host": "d6b2a058c4be", "pid": 210661, "rank": 1, "stage": "broadcast_preference_payload", "timeout_sec": 30.0, "ts": "2026-10-04 16:29:46"}
[DBG] {"category": "TRAIN", "component": "train", "elapsed_sec": 0.014525, "event": "END:broadcast_preference_payload", "host": "d6b2a058c4be", "pid": 210661, "rank": 1, "ts": "2026-10-04 16:29:46"}
[DBG] {"category": "TRAIN", "component": "train", "event": "BEGIN:broadcast_stop_flag", "host": "d6b2a058c4be", "pid": 210661, "rank": 1, "transport": "gloo_cpu", "ts": "2026-10-04 16:29:47", "value": null}
[DBG] {"category": "TRAIN", "component": "train", "event": "watchdog_armed", "host": "d6b2a058c4be", "pid": 210661, "rank": 1, "stage": "broadcast_stop_flag", "timeout_sec": 30.0, "ts": "2026-10-04 16:29:47"}
[DBG] {"category": "TRAIN", "component": "train", "elapsed_sec": 0.006088, "event": "END:broadcast_stop_flag", "host": "d6b2a058c4be", "pid": 210661, "rank": 1, "ts": "2026-10-04 16:29:47"}
[DBG] {"category": "TRAIN", "component": "train", "event": "BEGIN:broadcast_preference_payload", "has_payload": null, "host": "d6b2a058c4be", "pid": 210661, "rank": 1, "transport": "json_uint8_gloo", "ts": "2026-10-04 16:29:47"}
[DBG] {"category": "TRAIN", "component": "train", "event": "watchdog_armed", "host": "d6b2a058c4be", "pid": 210661, "rank": 1, "stage": "broadcast_preference_payload", "timeout_sec": 30.0, "ts": "2026-10-04 16:29:47"}
[DBG] {"bytes": null, "category": "TRAIN", "component": "train", "event": "BEGIN:broadcast_preference_length", "host": "d6b2a058c4be", "pid": 210661, "rank": 1, "transport": "gloo_cpu", "ts": "2026-10-04 16:29:47"}
[DBG] {"category": "TRAIN", "component": "train", "event": "watchdog_armed", "host": "d6b2a058c4be", "pid": 210661, "rank": 1, "stage": "broadcast_preference_length", "timeout_sec": 30.0, "ts": "2026-10-04 16:29:47"}
[DBG] {"category": "TRAIN", "component": "train", "elapsed_sec": 0.011623, "event": "END:broadcast_preference_length", "host": "d6b2a058c4be", "pid": 210661, "rank": 1, "ts": "2026-10-04 16:29:47"}
[DBG] {"category": "TRAIN", "component": "train", "event": "watchdog_armed", "host": "d6b2a058c4be", "pid": 210661, "rank": 1, "stage": "broadcast_preference_payload", "timeout_sec": 30.0, "ts": "2026-10-04 16:29:47"}
[DBG] {"category": "TRAIN", "component": "train", "elapsed_sec": 0.012854, "event": "END:broadcast_preference_payload", "host": "d6b2a058c4be", "pid": 210661, "rank": 1, "ts": "2026-10-04 16:29:47"}
[DBG] {"category": "TRAIN", "component": "train", "event": "BEGIN:broadcast_stop_flag", "host": "d6b2a058c4be", "pid": 210661, "rank": 1, "transport": "gloo_cpu", "ts": "2026-10-04 16:29:47", "value": null}
[DBG] {"category": "TRAIN", "component": "train", "event": "watchdog_armed", "host": "d6b2a058c4be", "pid": 210661, "rank": 1, "stage": "broadcast_stop_flag", "timeout_sec": 30.0, "ts": "2026-10-04 16:29:47"}
[DBG] {"category": "TRAIN", "component": "train", "elapsed_sec": 0.005521, "event": "END:broadcast_stop_flag", "host": "d6b2a058c4be", "pid": 210661, "rank": 1, "ts": "2026-10-04 16:29:47"}
[DBG] {"category": "TRAIN", "component": "train", "event": "BEGIN:broadcast_preference_payload", "has_payload": null, "host": "d6b2a058c4be", "pid": 210661, "rank": 1, "transport": "json_uint8_gloo", "ts": "2026-10-04 16:29:47"}
[DBG] {"category": "TRAIN", "component": "train", "event": "watchdog_armed", "host": "d6b2a058c4be", "pid": 210661, "rank": 1, "stage": "broadcast_preference_payload", "timeout_sec": 30.0, "ts": "2026-10-04 16:29:47"}
[DBG] {"bytes": null, "category": "TRAIN", "component": "train", "event": "BEGIN:broadcast_preference_length", "host": "d6b2a058c4be", "pid": 210661, "rank": 1, "transport": "gloo_cpu", "ts": "2026-10-04 16:29:47"}
[DBG] {"category": "TRAIN", "component": "train", "event": "watchdog_armed", "host": "d6b2a058c4be", "pid": 210661, "rank": 1, "stage": "broadcast_preference_length", "timeout_sec": 30.0, "ts": "2026-10-04 16:29:47"}
[DBG] {"category": "TRAIN", "component": "train", "elapsed_sec": 0.012807, "event": "END:broadcast_preference_length", "host": "d6b2a058c4be", "pid": 210661, "rank": 1, "ts": "2026-10-04 16:29:47"}
[DBG] {"category": "TRAIN", "component": "train", "event": "watchdog_armed", "host": "d6b2a058c4be", "pid": 210661, "rank": 1, "stage": "broadcast_preference_payload", "timeout_sec": 30.0, "ts": "2026-10-04 16:29:47"}
[DBG] {"category": "TRAIN", "component": "train", "elapsed_sec": 0.014007, "event": "END:broadcast_preference_payload", "host": "d6b2a058c4be", "pid": 210661, "rank": 1, "ts": "2026-10-04 16:29:47"}
[DBG] {"category": "TRAIN", "component": "train", "event": "BEGIN:broadcast_stop_flag", "host": "d6b2a058c4be", "pid": 210661, "rank": 1, "transport": "gloo_cpu", "ts": "2026-10-04 16:29:48", "value": null}
[DBG] {"category": "TRAIN", "component": "train", "event": "watchdog_armed", "host": "d6b2a058c4be", "pid": 210661, "rank": 1, "stage": "broadcast_stop_flag", "timeout_sec": 30.0, "ts": "2026-10-04 16:29:48"}
[DBG] {"category": "TRAIN", "component": "train", "elapsed_sec": 0.006173, "event": "END:broadcast_stop_flag", "host": "d6b2a058c4be", "pid": 210661, "rank": 1, "ts": "2026-10-04 16:29:48"}
[DBG] {"category": "TRAIN", "component": "train", "event": "BEGIN:broadcast_preference_payload", "has_payload": null, "host": "d6b2a058c4be", "pid": 210661, "rank": 1, "transport": "json_uint8_gloo", "ts": "2026-10-04 16:29:48"}
[DBG] {"category": "TRAIN", "component": "train", "event": "watchdog_armed", "host": "d6b2a058c4be", "pid": 210661, "rank": 1, "stage": "broadcast_preference_payload", "timeout_sec": 30.0, "ts": "2026-10-04 16:29:48"}
[DBG] {"bytes": null, "category": "TRAIN", "component": "train", "event": "BEGIN:broadcast_preference_length", "host": "d6b2a058c4be", "pid": 210661, "rank": 1, "transport": "gloo_cpu", "ts": "2026-10-04 16:29:48"}
[DBG] {"category": "TRAIN", "component": "train", "event": "watchdog_armed", "host": "d6b2a058c4be", "pid": 210661, "rank": 1, "stage": "broadcast_preference_length", "timeout_sec": 30.0, "ts": "2026-10-04 16:29:48"}
[DBG] {"category": "TRAIN", "component": "train", "elapsed_sec": 0.012916, "event": "END:broadcast_preference_length", "host": "d6b2a058c4be", "pid": 210661, "rank": 1, "ts": "2026-10-04 16:29:48"}
[DBG] {"category": "TRAIN", "component": "train", "event": "watchdog_armed", "host": "d6b2a058c4be", "pid": 210661, "rank": 1, "stage": "broadcast_preference_payload", "timeout_sec": 30.0, "ts": "2026-10-04 16:29:48"}
[DBG] {"category": "TRAIN", "component": "train", "elapsed_sec": 0.014273, "event": "END:broadcast_preference_payload", "host": "d6b2a058c4be", "pid": 210661, "rank": 1, "ts": "2026-10-04 16:29:48"}
[DBG] {"category": "TRAIN", "component": "train", "event": "BEGIN:broadcast_stop_flag", "host": "d6b2a058c4be", "pid": 210661, "rank": 1, "transport": "gloo_cpu", "ts": "2026-10-04 16:29:48", "value": null}
[DBG] {"category": "TRAIN", "component": "train", "event": "watchdog_armed", "host": "d6b2a058c4be", "pid": 210661, "rank": 1, "stage": "broadcast_stop_flag", "timeout_sec": 30.0, "ts": "2026-10-04 16:29:48"}
[DBG] {"category": "TRAIN", "component": "train", "elapsed_sec": 0.005236, "event": "END:broadcast_stop_flag", "host": "d6b2a058c4be", "pid": 210661, "rank": 1, "ts": "2026-10-04 16:29:48"}
[DBG] {"category": "TRAIN", "component": "train", "event": "BEGIN:broadcast_preference_payload", "has_payload": null, "host": "d6b2a058c4be", "pid": 210661, "rank": 1, "transport": "json_uint8_gloo", "ts": "2026-10-04 16:29:48"}
[DBG] {"category": "TRAIN", "component": "train", "event": "watchdog_armed", "host": "d6b2a058c4be", "pid": 210661, "rank": 1, "stage": "broadcast_preference_payload", "timeout_sec": 30.0, "ts": "2026-10-04 16:29:48"}
[DBG] {"bytes": null, "category": "TRAIN", "component": "train", "event": "BEGIN:broadcast_preference_length", "host": "d6b2a058c4be", "pid": 210661, "rank": 1, "transport": "gloo_cpu", "ts": "2026-10-04 16:29:48"}
[DBG] {"category": "TRAIN", "component": "train", "event": "watchdog_armed", "host": "d6b2a058c4be", "pid": 210661, "rank": 1, "stage": "broadcast_preference_length", "timeout_sec": 30.0, "ts": "2026-10-04 16:29:48"}
[DBG] {"category": "TRAIN", "component": "train", "elapsed_sec": 0.012814, "event": "END:broadcast_preference_length", "host": "d6b2a058c4be", "pid": 210661, "rank": 1, "ts": "2026-10-04 16:29:48"}
[DBG] {"category": "TRAIN", "component": "train", "event": "watchdog_armed", "host": "d6b2a058c4be", "pid": 210661, "rank": 1, "stage": "broadcast_preference_payload", "timeout_sec": 30.0, "ts": "2026-10-04 16:29:48"}
[DBG] {"category": "TRAIN", "component": "train", "elapsed_sec": 0.014193, "event": "END:broadcast_preference_payload", "host": "d6b2a058c4be", "pid": 210661, "rank": 1, "ts": "2026-10-04 16:29:48"}
[DBG] {"category": "TRAIN", "component": "train", "event": "BEGIN:broadcast_stop_flag", "host": "d6b2a058c4be", "pid": 210661, "rank": 1, "transport": "gloo_cpu", "ts": "2026-10-04 16:29:49", "value": null}
[DBG] {"category": "TRAIN", "component": "train", "event": "watchdog_armed", "host": "d6b2a058c4be", "pid": 210661, "rank": 1, "stage": "broadcast_stop_flag", "timeout_sec": 30.0, "ts": "2026-10-04 16:29:49"}
[DBG] {"category": "TRAIN", "component": "train", "elapsed_sec": 0.005922, "event": "END:broadcast_stop_flag", "host": "d6b2a058c4be", "pid": 210661, "rank": 1, "ts": "2026-10-04 16:29:49"}
[DBG] {"category": "TRAIN", "component": "train", "event": "BEGIN:broadcast_preference_payload", "has_payload": null, "host": "d6b2a058c4be", "pid": 210661, "rank": 1, "transport": "json_uint8_gloo", "ts": "2026-10-04 16:29:49"}
[DBG] {"category": "TRAIN", "component": "train", "event": "watchdog_armed", "host": "d6b2a058c4be", "pid": 210661, "rank": 1, "stage": "broadcast_preference_payload", "timeout_sec": 30.0, "ts": "2026-10-04 16:29:49"}
[DBG] {"bytes": null, "category": "TRAIN", "component": "train", "event": "BEGIN:broadcast_preference_length", "host": "d6b2a058c4be", "pid": 210661, "rank": 1, "transport": "gloo_cpu", "ts": "2026-10-04 16:29:49"}
[DBG] {"category": "TRAIN", "component": "train", "event": "watchdog_armed", "host": "d6b2a058c4be", "pid": 210661, "rank": 1, "stage": "broadcast_preference_length", "timeout_sec": 30.0, "ts": "2026-10-04 16:29:49"}
[DBG] {"category": "TRAIN", "component": "train", "elapsed_sec": 0.011034, "event": "END:broadcast_preference_length", "host": "d6b2a058c4be", "pid": 210661, "rank": 1, "ts": "2026-10-04 16:29:49"}
[DBG] {"category": "TRAIN", "component": "train", "event": "watchdog_armed", "host": "d6b2a058c4be", "pid": 210661, "rank": 1, "stage": "broadcast_preference_payload", "timeout_sec": 30.0, "ts": "2026-10-04 16:29:49"}
[DBG] {"category": "TRAIN", "component": "train", "elapsed_sec": 0.012687, "event": "END:broadcast_preference_payload", "host": "d6b2a058c4be", "pid": 210661, "rank": 1, "ts": "2026-10-04 16:29:49"}
[DBG] {"category": "TRAIN", "component": "train", "event": "BEGIN:broadcast_stop_flag", "host": "d6b2a058c4be", "pid": 210661, "rank": 1, "transport": "gloo_cpu", "ts": "2026-10-04 16:29:49", "value": null}
[DBG] {"category": "TRAIN", "component": "train", "event": "watchdog_armed", "host": "d6b2a058c4be", "pid": 210661, "rank": 1, "stage": "broadcast_stop_flag", "timeout_sec": 30.0, "ts": "2026-10-04 16:29:49"}
[DBG] {"category": "TRAIN", "component": "train", "elapsed_sec": 0.006494, "event": "END:broadcast_stop_flag", "host": "d6b2a058c4be", "pid": 210661, "rank": 1, "ts": "2026-10-04 16:29:49"}
[DBG] {"category": "TRAIN", "component": "train", "event": "BEGIN:broadcast_preference_payload", "has_payload": null, "host": "d6b2a058c4be", "pid": 210661, "rank": 1, "transport": "json_uint8_gloo", "ts": "2026-10-04 16:29:49"}
[DBG] {"category": "TRAIN", "component": "train", "event": "watchdog_armed", "host": "d6b2a058c4be", "pid": 210661, "rank": 1, "stage": "broadcast_preference_payload", "timeout_sec": 30.0, "ts": "2026-10-04 16:29:49"}
[DBG] {"bytes": null, "category": "TRAIN", "component": "train", "event": "BEGIN:broadcast_preference_length", "host": "d6b2a058c4be", "pid": 210661, "rank": 1, "transport": "gloo_cpu", "ts": "2026-10-04 16:29:49"}
[DBG] {"category": "TRAIN", "component": "train", "event": "watchdog_armed", "host": "d6b2a058c4be", "pid": 210661, "rank": 1, "stage": "broadcast_preference_length", "timeout_sec": 30.0, "ts": "2026-10-04 16:29:49"}
[DBG] {"category": "TRAIN", "component": "train", "elapsed_sec": 0.010732, "event": "END:broadcast_preference_length", "host": "d6b2a058c4be", "pid": 210661, "rank": 1, "ts": "2026-10-04 16:29:49"}
[DBG] {"category": "TRAIN", "component": "train", "event": "watchdog_armed", "host": "d6b2a058c4be", "pid": 210661, "rank": 1, "stage": "broadcast_preference_payload", "timeout_sec": 30.0, "ts": "2026-10-04 16:29:49"}
[DBG] {"category": "TRAIN", "component": "train", "elapsed_sec": 0.011262, "event": "END:broadcast_preference_payload", "host": "d6b2a058c4be", "pid": 210661, "rank": 1, "ts": "2026-10-04 16:29:49"}
[DBG] {"category": "TRAIN", "component": "train", "event": "BEGIN:broadcast_stop_flag", "host": "d6b2a058c4be", "pid": 210661, "rank": 1, "transport": "gloo_cpu", "ts": "2026-10-04 16:29:50", "value": null}
[DBG] {"category": "TRAIN", "component": "train", "event": "watchdog_armed", "host": "d6b2a058c4be", "pid": 210661, "rank": 1, "stage": "broadcast_stop_flag", "timeout_sec": 30.0, "ts": "2026-10-04 16:29:50"}
[DBG] {"category": "TRAIN", "component": "train", "elapsed_sec": 0.00651, "event": "END:broadcast_stop_flag", "host": "d6b2a058c4be", "pid": 210661, "rank": 1, "ts": "2026-10-04 16:29:50"}
[DBG] {"category": "TRAIN", "component": "train", "event": "BEGIN:broadcast_preference_payload", "has_payload": null, "host": "d6b2a058c4be", "pid": 210661, "rank": 1, "transport": "json_uint8_gloo", "ts": "2026-10-04 16:29:50"}
[DBG] {"category": "TRAIN", "component": "train", "event": "watchdog_armed", "host": "d6b2a058c4be", "pid": 210661, "rank": 1, "stage": "broadcast_preference_payload", "timeout_sec": 30.0, "ts": "2026-10-04 16:29:50"}
[DBG] {"bytes": null, "category": "TRAIN", "component": "train", "event": "BEGIN:broadcast_preference_length", "host": "d6b2a058c4be", "pid": 210661, "rank": 1, "transport": "gloo_cpu", "ts": "2026-10-04 16:29:50"}
[DBG] {"category": "TRAIN", "component": "train", "event": "watchdog_armed", "host": "d6b2a058c4be", "pid": 210661, "rank": 1, "stage": "broadcast_preference_length", "timeout_sec": 30.0, "ts": "2026-10-04 16:29:50"}
[DBG] {"category": "TRAIN", "component": "train", "elapsed_sec": 0.010935, "event": "END:broadcast_preference_length", "host": "d6b2a058c4be", "pid": 210661, "rank": 1, "ts": "2026-10-04 16:29:50"}
[DBG] {"category": "TRAIN", "component": "train", "event": "watchdog_armed", "host": "d6b2a058c4be", "pid": 210661, "rank": 1, "stage": "broadcast_preference_payload", "timeout_sec": 30.0, "ts": "2026-10-04 16:29:50"}
[DBG] {"category": "TRAIN", "component": "train", "elapsed_sec": 0.012267, "event": "END:broadcast_preference_payload", "host": "d6b2a058c4be", "pid": 210661, "rank": 1, "ts": "2026-10-04 16:29:50"}
[DBG] {"category": "TRAIN", "component": "train", "event": "BEGIN:broadcast_stop_flag", "host": "d6b2a058c4be", "pid": 210661, "rank": 1, "transport": "gloo_cpu", "ts": "2026-10-04 16:29:50", "value": null}
[DBG] {"category": "TRAIN", "component": "train", "event": "watchdog_armed", "host": "d6b2a058c4be", "pid": 210661, "rank": 1, "stage": "broadcast_stop_flag", "timeout_sec": 30.0, "ts": "2026-10-04 16:29:50"}
[DBG] {"category": "TRAIN", "component": "train", "elapsed_sec": 0.006326, "event": "END:broadcast_stop_flag", "host": "d6b2a058c4be", "pid": 210661, "rank": 1, "ts": "2026-10-04 16:29:50"}
[DBG] {"category": "TRAIN", "component": "train", "event": "BEGIN:broadcast_preference_payload", "has_payload": null, "host": "d6b2a058c4be", "pid": 210661, "rank": 1, "transport": "json_uint8_gloo", "ts": "2026-10-04 16:29:50"}
[DBG] {"category": "TRAIN", "component": "train", "event": "watchdog_armed", "host": "d6b2a058c4be", "pid": 210661, "rank": 1, "stage": "broadcast_preference_payload", "timeout_sec": 30.0, "ts": "2026-10-04 16:29:50"}
[DBG] {"bytes": null, "category": "TRAIN", "component": "train", "event": "BEGIN:broadcast_preference_length", "host": "d6b2a058c4be", "pid": 210661, "rank": 1, "transport": "gloo_cpu", "ts": "2026-10-04 16:29:50"}
[DBG] {"category": "TRAIN", "component": "train", "event": "watchdog_armed", "host": "d6b2a058c4be", "pid": 210661, "rank": 1, "stage": "broadcast_preference_length", "timeout_sec": 30.0, "ts": "2026-10-04 16:29:50"}
[DBG] {"category": "TRAIN", "component": "train", "elapsed_sec": 0.013212, "event": "END:broadcast_preference_length", "host": "d6b2a058c4be", "pid": 210661, "rank": 1, "ts": "2026-10-04 16:29:50"}
[DBG] {"category": "TRAIN", "component": "train", "event": "watchdog_armed", "host": "d6b2a058c4be", "pid": 210661, "rank": 1, "stage": "broadcast_preference_payload", "timeout_sec": 30.0, "ts": "2026-10-04 16:29:50"}
[DBG] {"category": "TRAIN", "component": "train", "elapsed_sec": 0.014091, "event": "END:broadcast_preference_payload", "host": "d6b2a058c4be", "pid": 210661, "rank": 1, "ts": "2026-10-04 16:29:50"}
[DBG] {"category": "TRAIN", "component": "train", "event": "BEGIN:broadcast_stop_flag", "host": "d6b2a058c4be", "pid": 210661, "rank": 1, "transport": "gloo_cpu", "ts": "2026-10-04 16:29:51", "value": null}
[DBG] {"category": "TRAIN", "component": "train", "event": "watchdog_armed", "host": "d6b2a058c4be", "pid": 210661, "rank": 1, "stage": "broadcast_stop_flag", "timeout_sec": 30.0, "ts": "2026-10-04 16:29:51"}
[DBG] {"category": "TRAIN", "component": "train", "elapsed_sec": 0.006536, "event": "END:broadcast_stop_flag", "host": "d6b2a058c4be", "pid": 210661, "rank": 1, "ts": "2026-10-04 16:29:51"}
[DBG] {"category": "TRAIN", "component": "train", "event": "BEGIN:broadcast_preference_payload", "has_payload": null, "host": "d6b2a058c4be", "pid": 210661, "rank": 1, "transport": "json_uint8_gloo", "ts": "2026-10-04 16:29:51"}
[DBG] {"category": "TRAIN", "component": "train", "event": "watchdog_armed", "host": "d6b2a058c4be", "pid": 210661, "rank": 1, "stage": "broadcast_preference_payload", "timeout_sec": 30.0, "ts": "2026-10-04 16:29:51"}
[DBG] {"bytes": null, "category": "TRAIN", "component": "train", "event": "BEGIN:broadcast_preference_length", "host": "d6b2a058c4be", "pid": 210661, "rank": 1, "transport": "gloo_cpu", "ts": "2026-10-04 16:29:51"}
[DBG] {"category": "TRAIN", "component": "train", "event": "watchdog_armed", "host": "d6b2a058c4be", "pid": 210661, "rank": 1, "stage": "broadcast_preference_length", "timeout_sec": 30.0, "ts": "2026-10-04 16:29:51"}
[DBG] {"category": "TRAIN", "component": "train", "elapsed_sec": 0.010068, "event": "END:broadcast_preference_length", "host": "d6b2a058c4be", "pid": 210661, "rank": 1, "ts": "2026-10-04 16:29:51"}
[DBG] {"category": "TRAIN", "component": "train", "event": "watchdog_armed", "host": "d6b2a058c4be", "pid": 210661, "rank": 1, "stage": "broadcast_preference_payload", "timeout_sec": 30.0, "ts": "2026-10-04 16:29:51"}
[DBG] {"category": "TRAIN", "component": "train", "elapsed_sec": 0.01137, "event": "END:broadcast_preference_payload", "host": "d6b2a058c4be", "pid": 210661, "rank": 1, "ts": "2026-10-04 16:29:51"}
[DBG] {"category": "TRAIN", "component": "train", "event": "BEGIN:broadcast_stop_flag", "host": "d6b2a058c4be", "pid": 210661, "rank": 1, "transport": "gloo_cpu", "ts": "2026-10-04 16:29:51", "value": null}
[DBG] {"category": "TRAIN", "component": "train", "event": "watchdog_armed", "host": "d6b2a058c4be", "pid": 210661, "rank": 1, "stage": "broadcast_stop_flag", "timeout_sec": 30.0, "ts": "2026-10-04 16:29:51"}
[DBG] {"category": "TRAIN", "component": "train", "elapsed_sec": 0.006513, "event": "END:broadcast_stop_flag", "host": "d6b2a058c4be", "pid": 210661, "rank": 1, "ts": "2026-10-04 16:29:51"}
[DBG] {"category": "TRAIN", "component": "train", "event": "BEGIN:broadcast_preference_payload", "has_payload": null, "host": "d6b2a058c4be", "pid": 210661, "rank": 1, "transport": "json_uint8_gloo", "ts": "2026-10-04 16:29:51"}
[DBG] {"category": "TRAIN", "component": "train", "event": "watchdog_armed", "host": "d6b2a058c4be", "pid": 210661, "rank": 1, "stage": "broadcast_preference_payload", "timeout_sec": 30.0, "ts": "2026-10-04 16:29:51"}
[DBG] {"bytes": null, "category": "TRAIN", "component": "train", "event": "BEGIN:broadcast_preference_length", "host": "d6b2a058c4be", "pid": 210661, "rank": 1, "transport": "gloo_cpu", "ts": "2026-10-04 16:29:51"}
[DBG] {"category": "TRAIN", "component": "train", "event": "watchdog_armed", "host": "d6b2a058c4be", "pid": 210661, "rank": 1, "stage": "broadcast_preference_length", "timeout_sec": 30.0, "ts": "2026-10-04 16:29:51"}
[DBG] {"category": "TRAIN", "component": "train", "elapsed_sec": 0.012409, "event": "END:broadcast_preference_length", "host": "d6b2a058c4be", "pid": 210661, "rank": 1, "ts": "2026-10-04 16:29:51"}
[DBG] {"category": "TRAIN", "component": "train", "event": "watchdog_armed", "host": "d6b2a058c4be", "pid": 210661, "rank": 1, "stage": "broadcast_preference_payload", "timeout_sec": 30.0, "ts": "2026-10-04 16:29:51"}
[DBG] {"category": "TRAIN", "component": "train", "elapsed_sec": 0.012983, "event": "END:broadcast_preference_payload", "host": "d6b2a058c4be", "pid": 210661, "rank": 1, "ts": "2026-10-04 16:29:51"}
[DBG] {"category": "TRAIN", "component": "train", "event": "BEGIN:broadcast_stop_flag", "host": "d6b2a058c4be", "pid": 210661, "rank": 1, "transport": "gloo_cpu", "ts": "2026-10-04 16:29:52", "value": null}
[DBG] {"category": "TRAIN", "component": "train", "event": "watchdog_armed", "host": "d6b2a058c4be", "pid": 210661, "rank": 1, "stage": "broadcast_stop_flag", "timeout_sec": 30.0, "ts": "2026-10-04 16:29:52"}
[DBG] {"category": "TRAIN", "component": "train", "elapsed_sec": 0.006417, "event": "END:broadcast_stop_flag", "host": "d6b2a058c4be", "pid": 210661, "rank": 1, "ts": "2026-10-04 16:29:52"}
[DBG] {"category": "TRAIN", "component": "train", "event": "BEGIN:broadcast_preference_payload", "has_payload": null, "host": "d6b2a058c4be", "pid": 210661, "rank": 1, "transport": "json_uint8_gloo", "ts": "2026-10-04 16:29:52"}
[DBG] {"category": "TRAIN", "component": "train", "event": "watchdog_armed", "host": "d6b2a058c4be", "pid": 210661, "rank": 1, "stage": "broadcast_preference_payload", "timeout_sec": 30.0, "ts": "2026-10-04 16:29:52"}
[DBG] {"bytes": null, "category": "TRAIN", "component": "train", "event": "BEGIN:broadcast_preference_length", "host": "d6b2a058c4be", "pid": 210661, "rank": 1, "transport": "gloo_cpu", "ts": "2026-10-04 16:29:52"}
[DBG] {"category": "TRAIN", "component": "train", "event": "watchdog_armed", "host": "d6b2a058c4be", "pid": 210661, "rank": 1, "stage": "broadcast_preference_length", "timeout_sec": 30.0, "ts": "2026-10-04 16:29:52"}
[DBG] {"category": "TRAIN", "component": "train", "elapsed_sec": 0.012788, "event": "END:broadcast_preference_length", "host": "d6b2a058c4be", "pid": 210661, "rank": 1, "ts": "2026-10-04 16:29:52"}
[DBG] {"category": "TRAIN", "component": "train", "event": "watchdog_armed", "host": "d6b2a058c4be", "pid": 210661, "rank": 1, "stage": "broadcast_preference_payload", "timeout_sec": 30.0, "ts": "2026-10-04 16:29:52"}
[DBG] {"category": "TRAIN", "component": "train", "elapsed_sec": 0.013388, "event": "END:broadcast_preference_payload", "host": "d6b2a058c4be", "pid": 210661, "rank": 1, "ts": "2026-10-04 16:29:52"}
[DBG] {"category": "TRAIN", "component": "train", "event": "BEGIN:broadcast_stop_flag", "host": "d6b2a058c4be", "pid": 210661, "rank": 1, "transport": "gloo_cpu", "ts": "2026-10-04 16:29:52", "value": null}
[DBG] {"category": "TRAIN", "component": "train", "event": "watchdog_armed", "host": "d6b2a058c4be", "pid": 210661, "rank": 1, "stage": "broadcast_stop_flag", "timeout_sec": 30.0, "ts": "2026-10-04 16:29:52"}
[DBG] {"category": "TRAIN", "component": "train", "elapsed_sec": 0.005453, "event": "END:broadcast_stop_flag", "host": "d6b2a058c4be", "pid": 210661, "rank": 1, "ts": "2026-10-04 16:29:52"}
[DBG] {"category": "TRAIN", "component": "train", "event": "BEGIN:broadcast_preference_payload", "has_payload": null, "host": "d6b2a058c4be", "pid": 210661, "rank": 1, "transport": "json_uint8_gloo", "ts": "2026-10-04 16:29:52"}
[DBG] {"category": "TRAIN", "component": "train", "event": "watchdog_armed", "host": "d6b2a058c4be", "pid": 210661, "rank": 1, "stage": "broadcast_preference_payload", "timeout_sec": 30.0, "ts": "2026-10-04 16:29:52"}
[DBG] {"bytes": null, "category": "TRAIN", "component": "train", "event": "BEGIN:broadcast_preference_length", "host": "d6b2a058c4be", "pid": 210661, "rank": 1, "transport": "gloo_cpu", "ts": "2026-10-04 16:29:52"}
[DBG] {"category": "TRAIN", "component": "train", "event": "watchdog_armed", "host": "d6b2a058c4be", "pid": 210661, "rank": 1, "stage": "broadcast_preference_length", "timeout_sec": 30.0, "ts": "2026-10-04 16:29:52"}
[DBG] {"category": "TRAIN", "component": "train", "elapsed_sec": 0.00997, "event": "END:broadcast_preference_length", "host": "d6b2a058c4be", "pid": 210661, "rank": 1, "ts": "2026-10-04 16:29:52"}
[DBG] {"category": "TRAIN", "component": "train", "event": "watchdog_armed", "host": "d6b2a058c4be", "pid": 210661, "rank": 1, "stage": "broadcast_preference_payload", "timeout_sec": 30.0, "ts": "2026-10-04 16:29:52"}
[DBG] {"category": "TRAIN", "component": "train", "elapsed_sec": 0.010746, "event": "END:broadcast_preference_payload", "host": "d6b2a058c4be", "pid": 210661, "rank": 1, "ts": "2026-10-04 16:29:52"}
[DBG] {"category": "TRAIN", "component": "train", "event": "BEGIN:broadcast_stop_flag", "host": "d6b2a058c4be", "pid": 210661, "rank": 1, "transport": "gloo_cpu", "ts": "2026-10-04 16:29:53", "value": null}
[DBG] {"category": "TRAIN", "component": "train", "event": "watchdog_armed", "host": "d6b2a058c4be", "pid": 210661, "rank": 1, "stage": "broadcast_stop_flag", "timeout_sec": 30.0, "ts": "2026-10-04 16:29:53"}
[DBG] {"category": "TRAIN", "component": "train", "elapsed_sec": 0.007143, "event": "END:broadcast_stop_flag", "host": "d6b2a058c4be", "pid": 210661, "rank": 1, "ts": "2026-10-04 16:29:53"}
[DBG] {"category": "TRAIN", "component": "train", "event": "BEGIN:broadcast_preference_payload", "has_payload": null, "host": "d6b2a058c4be", "pid": 210661, "rank": 1, "transport": "json_uint8_gloo", "ts": "2026-10-04 16:29:53"}
[DBG] {"category": "TRAIN", "component": "train", "event": "watchdog_armed", "host": "d6b2a058c4be", "pid": 210661, "rank": 1, "stage": "broadcast_preference_payload", "timeout_sec": 30.0, "ts": "2026-10-04 16:29:53"}
[DBG] {"bytes": null, "category": "TRAIN", "component": "train", "event": "BEGIN:broadcast_preference_length", "host": "d6b2a058c4be", "pid": 210661, "rank": 1, "transport": "gloo_cpu", "ts": "2026-10-04 16:29:53"}
[DBG] {"category": "TRAIN", "component": "train", "event": "watchdog_armed", "host": "d6b2a058c4be", "pid": 210661, "rank": 1, "stage": "broadcast_preference_length", "timeout_sec": 30.0, "ts": "2026-10-04 16:29:53"}
[DBG] {"category": "TRAIN", "component": "train", "elapsed_sec": 0.01599, "event": "END:broadcast_preference_length", "host": "d6b2a058c4be", "pid": 210661, "rank": 1, "ts": "2026-10-04 16:29:53"}
[DBG] {"category": "TRAIN", "component": "train", "event": "watchdog_armed", "host": "d6b2a058c4be", "pid": 210661, "rank": 1, "stage": "broadcast_preference_payload", "timeout_sec": 30.0, "ts": "2026-10-04 16:29:53"}
[DBG] {"category": "TRAIN", "component": "train", "elapsed_sec": 0.017214, "event": "END:broadcast_preference_payload", "host": "d6b2a058c4be", "pid": 210661, "rank": 1, "ts": "2026-10-04 16:29:53"}
[DBG] {"category": "TRAIN", "component": "train", "event": "BEGIN:broadcast_stop_flag", "host": "d6b2a058c4be", "pid": 210661, "rank": 1, "transport": "gloo_cpu", "ts": "2026-10-04 16:29:53", "value": null}
[DBG] {"category": "TRAIN", "component": "train", "event": "watchdog_armed", "host": "d6b2a058c4be", "pid": 210661, "rank": 1, "stage": "broadcast_stop_flag", "timeout_sec": 30.0, "ts": "2026-10-04 16:29:53"}
[DBG] {"category": "TRAIN", "component": "train", "elapsed_sec": 0.008052, "event": "END:broadcast_stop_flag", "host": "d6b2a058c4be", "pid": 210661, "rank": 1, "ts": "2026-10-04 16:29:53"}
[DBG] {"category": "TRAIN", "component": "train", "event": "BEGIN:broadcast_preference_payload", "has_payload": null, "host": "d6b2a058c4be", "pid": 210661, "rank": 1, "transport": "json_uint8_gloo", "ts": "2026-10-04 16:29:53"}
[DBG] {"category": "TRAIN", "component": "train", "event": "watchdog_armed", "host": "d6b2a058c4be", "pid": 210661, "rank": 1, "stage": "broadcast_preference_payload", "timeout_sec": 30.0, "ts": "2026-10-04 16:29:53"}
[DBG] {"bytes": null, "category": "TRAIN", "component": "train", "event": "BEGIN:broadcast_preference_length", "host": "d6b2a058c4be", "pid": 210661, "rank": 1, "transport": "gloo_cpu", "ts": "2026-10-04 16:29:53"}
[DBG] {"category": "TRAIN", "component": "train", "event": "watchdog_armed", "host": "d6b2a058c4be", "pid": 210661, "rank": 1, "stage": "broadcast_preference_length", "timeout_sec": 30.0, "ts": "2026-10-04 16:29:53"}
[DBG] {"category": "TRAIN", "component": "train", "elapsed_sec": 0.017543, "event": "END:broadcast_preference_length", "host": "d6b2a058c4be", "pid": 210661, "rank": 1, "ts": "2026-10-04 16:29:53"}
[DBG] {"category": "TRAIN", "component": "train", "event": "watchdog_armed", "host": "d6b2a058c4be", "pid": 210661, "rank": 1, "stage": "broadcast_preference_payload", "timeout_sec": 30.0, "ts": "2026-10-04 16:29:53"}
[DBG] {"category": "TRAIN", "component": "train", "elapsed_sec": 0.019039, "event": "END:broadcast_preference_payload", "host": "d6b2a058c4be", "pid": 210661, "rank": 1, "ts": "2026-10-04 16:29:53"}
[DBG] {"category": "TRAIN", "component": "train", "event": "BEGIN:broadcast_stop_flag", "host": "d6b2a058c4be", "pid": 210661, "rank": 1, "transport": "gloo_cpu", "ts": "2026-10-04 16:29:54", "value": null}
[DBG] {"category": "TRAIN", "component": "train", "event": "watchdog_armed", "host": "d6b2a058c4be", "pid": 210661, "rank": 1, "stage": "broadcast_stop_flag", "timeout_sec": 30.0, "ts": "2026-10-04 16:29:54"}
[DBG] {"category": "TRAIN", "component": "train", "elapsed_sec": 0.006308, "event": "END:broadcast_stop_flag", "host": "d6b2a058c4be", "pid": 210661, "rank": 1, "ts": "2026-10-04 16:29:54"}
[DBG] {"category": "TRAIN", "component": "train", "event": "BEGIN:broadcast_preference_payload", "has_payload": null, "host": "d6b2a058c4be", "pid": 210661, "rank": 1, "transport": "json_uint8_gloo", "ts": "2026-10-04 16:29:54"}
[DBG] {"category": "TRAIN", "component": "train", "event": "watchdog_armed", "host": "d6b2a058c4be", "pid": 210661, "rank": 1, "stage": "broadcast_preference_payload", "timeout_sec": 30.0, "ts": "2026-10-04 16:29:54"}
[DBG] {"bytes": null, "category": "TRAIN", "component": "train", "event": "BEGIN:broadcast_preference_length", "host": "d6b2a058c4be", "pid": 210661, "rank": 1, "transport": "gloo_cpu", "ts": "2026-10-04 16:29:54"}
[DBG] {"category": "TRAIN", "component": "train", "event": "watchdog_armed", "host": "d6b2a058c4be", "pid": 210661, "rank": 1, "stage": "broadcast_preference_length", "timeout_sec": 30.0, "ts": "2026-10-04 16:29:54"}
[DBG] {"category": "TRAIN", "component": "train", "elapsed_sec": 0.012909, "event": "END:broadcast_preference_length", "host": "d6b2a058c4be", "pid": 210661, "rank": 1, "ts": "2026-10-04 16:29:54"}
[DBG] {"category": "TRAIN", "component": "train", "event": "watchdog_armed", "host": "d6b2a058c4be", "pid": 210661, "rank": 1, "stage": "broadcast_preference_payload", "timeout_sec": 30.0, "ts": "2026-10-04 16:29:54"}
[DBG] {"category": "TRAIN", "component": "train", "elapsed_sec": 0.013502, "event": "END:broadcast_preference_payload", "host": "d6b2a058c4be", "pid": 210661, "rank": 1, "ts": "2026-10-04 16:29:54"}
[DBG] {"category": "TRAIN", "component": "train", "event": "BEGIN:broadcast_stop_flag", "host": "d6b2a058c4be", "pid": 210661, "rank": 1, "transport": "gloo_cpu", "ts": "2026-10-04 16:29:55", "value": null}
[DBG] {"category": "TRAIN", "component": "train", "event": "watchdog_armed", "host": "d6b2a058c4be", "pid": 210661, "rank": 1, "stage": "broadcast_stop_flag", "timeout_sec": 30.0, "ts": "2026-10-04 16:29:55"}
[DBG] {"category": "TRAIN", "component": "train", "elapsed_sec": 0.00621, "event": "END:broadcast_stop_flag", "host": "d6b2a058c4be", "pid": 210661, "rank": 1, "ts": "2026-10-04 16:29:55"}
[DBG] {"category": "TRAIN", "component": "train", "event": "BEGIN:broadcast_preference_payload", "has_payload": null, "host": "d6b2a058c4be", "pid": 210661, "rank": 1, "transport": "json_uint8_gloo", "ts": "2026-10-04 16:29:55"}
[DBG] {"category": "TRAIN", "component": "train", "event": "watchdog_armed", "host": "d6b2a058c4be", "pid": 210661, "rank": 1, "stage": "broadcast_preference_payload", "timeout_sec": 30.0, "ts": "2026-10-04 16:29:55"}
[DBG] {"bytes": null, "category": "TRAIN", "component": "train", "event": "BEGIN:broadcast_preference_length", "host": "d6b2a058c4be", "pid": 210661, "rank": 1, "transport": "gloo_cpu", "ts": "2026-10-04 16:29:55"}
[DBG] {"category": "TRAIN", "component": "train", "event": "watchdog_armed", "host": "d6b2a058c4be", "pid": 210661, "rank": 1, "stage": "broadcast_preference_length", "timeout_sec": 30.0, "ts": "2026-10-04 16:29:55"}
[DBG] {"category": "TRAIN", "component": "train", "elapsed_sec": 0.0137, "event": "END:broadcast_preference_length", "host": "d6b2a058c4be", "pid": 210661, "rank": 1, "ts": "2026-10-04 16:29:55"}
[DBG] {"category": "TRAIN", "component": "train", "event": "watchdog_armed", "host": "d6b2a058c4be", "pid": 210661, "rank": 1, "stage": "broadcast_preference_payload", "timeout_sec": 30.0, "ts": "2026-10-04 16:29:55"}
[DBG] {"category": "TRAIN", "component": "train", "elapsed_sec": 0.014453, "event": "END:broadcast_preference_payload", "host": "d6b2a058c4be", "pid": 210661, "rank": 1, "ts": "2026-10-04 16:29:55"}
[DBG] {"category": "TRAIN", "component": "train", "event": "BEGIN:broadcast_stop_flag", "host": "d6b2a058c4be", "pid": 210661, "rank": 1, "transport": "gloo_cpu", "ts": "2026-10-04 16:29:55", "value": null}
[DBG] {"category": "TRAIN", "component": "train", "event": "watchdog_armed", "host": "d6b2a058c4be", "pid": 210661, "rank": 1, "stage": "broadcast_stop_flag", "timeout_sec": 30.0, "ts": "2026-10-04 16:29:55"}
[DBG] {"category": "TRAIN", "component": "train", "elapsed_sec": 0.00623, "event": "END:broadcast_stop_flag", "host": "d6b2a058c4be", "pid": 210661, "rank": 1, "ts": "2026-10-04 16:29:55"}
[DBG] {"category": "TRAIN", "component": "train", "event": "BEGIN:broadcast_preference_payload", "has_payload": null, "host": "d6b2a058c4be", "pid": 210661, "rank": 1, "transport": "json_uint8_gloo", "ts": "2026-10-04 16:29:55"}
[DBG] {"category": "TRAIN", "component": "train", "event": "watchdog_armed", "host": "d6b2a058c4be", "pid": 210661, "rank": 1, "stage": "broadcast_preference_payload", "timeout_sec": 30.0, "ts": "2026-10-04 16:29:55"}
[DBG] {"bytes": null, "category": "TRAIN", "component": "train", "event": "BEGIN:broadcast_preference_length", "host": "d6b2a058c4be", "pid": 210661, "rank": 1, "transport": "gloo_cpu", "ts": "2026-10-04 16:29:55"}
[DBG] {"category": "TRAIN", "component": "train", "event": "watchdog_armed", "host": "d6b2a058c4be", "pid": 210661, "rank": 1, "stage": "broadcast_preference_length", "timeout_sec": 30.0, "ts": "2026-10-04 16:29:55"}
[DBG] {"category": "TRAIN", "component": "train", "elapsed_sec": 0.012253, "event": "END:broadcast_preference_length", "host": "d6b2a058c4be", "pid": 210661, "rank": 1, "ts": "2026-10-04 16:29:55"}
[DBG] {"category": "TRAIN", "component": "train", "event": "watchdog_armed", "host": "d6b2a058c4be", "pid": 210661, "rank": 1, "stage": "broadcast_preference_payload", "timeout_sec": 30.0, "ts": "2026-10-04 16:29:55"}
[DBG] {"category": "TRAIN", "component": "train", "elapsed_sec": 0.01347, "event": "END:broadcast_preference_payload", "host": "d6b2a058c4be", "pid": 210661, "rank": 1, "ts": "2026-10-04 16:29:55"}
[DBG] {"category": "TRAIN", "component": "train", "event": "BEGIN:broadcast_stop_flag", "host": "d6b2a058c4be", "pid": 210661, "rank": 1, "transport": "gloo_cpu", "ts": "2026-10-04 16:29:56", "value": null}
[DBG] {"category": "TRAIN", "component": "train", "event": "watchdog_armed", "host": "d6b2a058c4be", "pid": 210661, "rank": 1, "stage": "broadcast_stop_flag", "timeout_sec": 30.0, "ts": "2026-10-04 16:29:56"}
[DBG] {"category": "TRAIN", "component": "train", "elapsed_sec": 0.006381, "event": "END:broadcast_stop_flag", "host": "d6b2a058c4be", "pid": 210661, "rank": 1, "ts": "2026-10-04 16:29:56"}
[DBG] {"category": "TRAIN", "component": "train", "event": "BEGIN:broadcast_preference_payload", "has_payload": null, "host": "d6b2a058c4be", "pid": 210661, "rank": 1, "transport": "json_uint8_gloo", "ts": "2026-10-04 16:29:56"}
[DBG] {"category": "TRAIN", "component": "train", "event": "watchdog_armed", "host": "d6b2a058c4be", "pid": 210661, "rank": 1, "stage": "broadcast_preference_payload", "timeout_sec": 30.0, "ts": "2026-10-04 16:29:56"}
[DBG] {"bytes": null, "category": "TRAIN", "component": "train", "event": "BEGIN:broadcast_preference_length", "host": "d6b2a058c4be", "pid": 210661, "rank": 1, "transport": "gloo_cpu", "ts": "2026-10-04 16:29:56"}
[DBG] {"category": "TRAIN", "component": "train", "event": "watchdog_armed", "host": "d6b2a058c4be", "pid": 210661, "rank": 1, "stage": "broadcast_preference_length", "timeout_sec": 30.0, "ts": "2026-10-04 16:29:56"}
[DBG] {"category": "TRAIN", "component": "train", "elapsed_sec": 0.012907, "event": "END:broadcast_preference_length", "host": "d6b2a058c4be", "pid": 210661, "rank": 1, "ts": "2026-10-04 16:29:56"}
[DBG] {"category": "TRAIN", "component": "train", "event": "watchdog_armed", "host": "d6b2a058c4be", "pid": 210661, "rank": 1, "stage": "broadcast_preference_payload", "timeout_sec": 30.0, "ts": "2026-10-04 16:29:56"}
[DBG] {"category": "TRAIN", "component": "train", "elapsed_sec": 0.014296, "event": "END:broadcast_preference_payload", "host": "d6b2a058c4be", "pid": 210661, "rank": 1, "ts": "2026-10-04 16:29:56"}
[DBG] {"category": "TRAIN", "component": "train", "event": "BEGIN:broadcast_stop_flag", "host": "d6b2a058c4be", "pid": 210661, "rank": 1, "transport": "gloo_cpu", "ts": "2026-10-04 16:29:56", "value": null}
[DBG] {"category": "TRAIN", "component": "train", "event": "watchdog_armed", "host": "d6b2a058c4be", "pid": 210661, "rank": 1, "stage": "broadcast_stop_flag", "timeout_sec": 30.0, "ts": "2026-10-04 16:29:56"}
[DBG] {"category": "TRAIN", "component": "train", "elapsed_sec": 0.006428, "event": "END:broadcast_stop_flag", "host": "d6b2a058c4be", "pid": 210661, "rank": 1, "ts": "2026-10-04 16:29:56"}
[DBG] {"category": "TRAIN", "component": "train", "event": "BEGIN:broadcast_preference_payload", "has_payload": null, "host": "d6b2a058c4be", "pid": 210661, "rank": 1, "transport": "json_uint8_gloo", "ts": "2026-10-04 16:29:56"}
[DBG] {"category": "TRAIN", "component": "train", "event": "watchdog_armed", "host": "d6b2a058c4be", "pid": 210661, "rank": 1, "stage": "broadcast_preference_payload", "timeout_sec": 30.0, "ts": "2026-10-04 16:29:56"}
[DBG] {"bytes": null, "category": "TRAIN", "component": "train", "event": "BEGIN:broadcast_preference_length", "host": "d6b2a058c4be", "pid": 210661, "rank": 1, "transport": "gloo_cpu", "ts": "2026-10-04 16:29:56"}
[DBG] {"category": "TRAIN", "component": "train", "event": "watchdog_armed", "host": "d6b2a058c4be", "pid": 210661, "rank": 1, "stage": "broadcast_preference_length", "timeout_sec": 30.0, "ts": "2026-10-04 16:29:56"}
[DBG] {"category": "TRAIN", "component": "train", "elapsed_sec": 0.01044, "event": "END:broadcast_preference_length", "host": "d6b2a058c4be", "pid": 210661, "rank": 1, "ts": "2026-10-04 16:29:56"}
[DBG] {"category": "TRAIN", "component": "train", "event": "watchdog_armed", "host": "d6b2a058c4be", "pid": 210661, "rank": 1, "stage": "broadcast_preference_payload", "timeout_sec": 30.0, "ts": "2026-10-04 16:29:56"}
[DBG] {"category": "TRAIN", "component": "train", "elapsed_sec": 0.011698, "event": "END:broadcast_preference_payload", "host": "d6b2a058c4be", "pid": 210661, "rank": 1, "ts": "2026-10-04 16:29:56"}
[DBG] {"category": "TRAIN", "component": "train", "event": "BEGIN:broadcast_stop_flag", "host": "d6b2a058c4be", "pid": 210661, "rank": 1, "transport": "gloo_cpu", "ts": "2026-10-04 16:29:57", "value": null}
[DBG] {"category": "TRAIN", "component": "train", "event": "watchdog_armed", "host": "d6b2a058c4be", "pid": 210661, "rank": 1, "stage": "broadcast_stop_flag", "timeout_sec": 30.0, "ts": "2026-10-04 16:29:57"}
[DBG] {"category": "TRAIN", "component": "train", "elapsed_sec": 0.00442, "event": "END:broadcast_stop_flag", "host": "d6b2a058c4be", "pid": 210661, "rank": 1, "ts": "2026-10-04 16:29:57"}
[DBG] {"category": "TRAIN", "component": "train", "event": "BEGIN:broadcast_preference_payload", "has_payload": null, "host": "d6b2a058c4be", "pid": 210661, "rank": 1, "transport": "json_uint8_gloo", "ts": "2026-10-04 16:29:57"}
[DBG] {"category": "TRAIN", "component": "train", "event": "watchdog_armed", "host": "d6b2a058c4be", "pid": 210661, "rank": 1, "stage": "broadcast_preference_payload", "timeout_sec": 30.0, "ts": "2026-10-04 16:29:57"}
[DBG] {"bytes": null, "category": "TRAIN", "component": "train", "event": "BEGIN:broadcast_preference_length", "host": "d6b2a058c4be", "pid": 210661, "rank": 1, "transport": "gloo_cpu", "ts": "2026-10-04 16:29:57"}
[DBG] {"category": "TRAIN", "component": "train", "event": "watchdog_armed", "host": "d6b2a058c4be", "pid": 210661, "rank": 1, "stage": "broadcast_preference_length", "timeout_sec": 30.0, "ts": "2026-10-04 16:29:57"}
[DBG] {"category": "TRAIN", "component": "train", "elapsed_sec": 0.010745, "event": "END:broadcast_preference_length", "host": "d6b2a058c4be", "pid": 210661, "rank": 1, "ts": "2026-10-04 16:29:57"}
[DBG] {"category": "TRAIN", "component": "train", "event": "watchdog_armed", "host": "d6b2a058c4be", "pid": 210661, "rank": 1, "stage": "broadcast_preference_payload", "timeout_sec": 30.0, "ts": "2026-10-04 16:29:57"}
[DBG] {"category": "TRAIN", "component": "train", "elapsed_sec": 0.011976, "event": "END:broadcast_preference_payload", "host": "d6b2a058c4be", "pid": 210661, "rank": 1, "ts": "2026-10-04 16:29:57"}
[DBG] {"category": "TRAIN", "component": "train", "event": "BEGIN:broadcast_stop_flag", "host": "d6b2a058c4be", "pid": 210661, "rank": 1, "transport": "gloo_cpu", "ts": "2026-10-04 16:29:57", "value": null}
[DBG] {"category": "TRAIN", "component": "train", "event": "watchdog_armed", "host": "d6b2a058c4be", "pid": 210661, "rank": 1, "stage": "broadcast_stop_flag", "timeout_sec": 30.0, "ts": "2026-10-04 16:29:57"}
[DBG] {"category": "TRAIN", "component": "train", "elapsed_sec": 0.005698, "event": "END:broadcast_stop_flag", "host": "d6b2a058c4be", "pid": 210661, "rank": 1, "ts": "2026-10-04 16:29:57"}
[DBG] {"category": "TRAIN", "component": "train", "event": "BEGIN:broadcast_preference_payload", "has_payload": null, "host": "d6b2a058c4be", "pid": 210661, "rank": 1, "transport": "json_uint8_gloo", "ts": "2026-10-04 16:29:57"}
[DBG] {"category": "TRAIN", "component": "train", "event": "watchdog_armed", "host": "d6b2a058c4be", "pid": 210661, "rank": 1, "stage": "broadcast_preference_payload", "timeout_sec": 30.0, "ts": "2026-10-04 16:29:57"}
[DBG] {"bytes": null, "category": "TRAIN", "component": "train", "event": "BEGIN:broadcast_preference_length", "host": "d6b2a058c4be", "pid": 210661, "rank": 1, "transport": "gloo_cpu", "ts": "2026-10-04 16:29:57"}
[DBG] {"category": "TRAIN", "component": "train", "event": "watchdog_armed", "host": "d6b2a058c4be", "pid": 210661, "rank": 1, "stage": "broadcast_preference_length", "timeout_sec": 30.0, "ts": "2026-10-04 16:29:57"}
[DBG] {"category": "TRAIN", "component": "train", "elapsed_sec": 0.13365, "event": "END:broadcast_preference_length", "host": "d6b2a058c4be", "pid": 210661, "rank": 1, "ts": "2026-10-04 16:29:57"}
[DBG] {"category": "TRAIN", "component": "train", "event": "watchdog_armed", "host": "d6b2a058c4be", "pid": 210661, "rank": 1, "stage": "broadcast_preference_payload", "timeout_sec": 30.0, "ts": "2026-10-04 16:29:57"}
[DBG] {"bytes": 5858, "category": "TRAIN", "component": "train", "event": "BEGIN:broadcast_preference_bytes", "host": "d6b2a058c4be", "pid": 210661, "rank": 1, "transport": "gloo_cpu", "ts": "2026-10-04 16:29:57"}
[DBG] {"category": "TRAIN", "component": "train", "event": "watchdog_armed", "host": "d6b2a058c4be", "pid": 210661, "rank": 1, "stage": "broadcast_preference_bytes", "timeout_sec": 30.0, "ts": "2026-10-04 16:29:57"}
[DBG] {"category": "TRAIN", "component": "train", "elapsed_sec": 0.002943, "event": "END:broadcast_preference_bytes", "host": "d6b2a058c4be", "pid": 210661, "rank": 1, "ts": "2026-10-04 16:29:57"}
[DBG] {"category": "TRAIN", "component": "train", "event": "watchdog_armed", "host": "d6b2a058c4be", "pid": 210661, "rank": 1, "stage": "broadcast_preference_payload", "timeout_sec": 30.0, "ts": "2026-10-04 16:29:57"}
[DBG] {"category": "TRAIN", "component": "train", "elapsed_sec": 0.139205, "event": "END:broadcast_preference_payload", "host": "d6b2a058c4be", "pid": 210661, "rank": 1, "ts": "2026-10-04 16:29:57"}
[DBG] {"category": "TRAIN", "component": "train", "event": "local_batch_ready", "group_ids": ["380d6320eea4441da9a247017cf0b6aa", "bf4d71d3f4774e499d7f1cddf7391eb7"], "host": "d6b2a058c4be", "local_total": 2, "microbatch_size": 2, "microbatches": 1, "pid": 210661, "rank": 1, "slice_end": 4, "slice_start": 2, "ts": "2026-10-04 16:29:57"}
[DBG] {"category": "TRAIN", "component": "train", "event": "BEGIN:optimizer_step", "host": "d6b2a058c4be", "next_step": 1, "pid": 210661, "rank": 1, "ts": "2026-10-04 16:29:57"}
[DBG] {"category": "TRAIN", "component": "train", "event": "watchdog_armed", "host": "d6b2a058c4be", "pid": 210661, "rank": 1, "stage": "optimizer_step", "timeout_sec": 30.0, "ts": "2026-10-04 16:29:57"}
[DBG] {"category": "TRAIN", "component": "train", "cuda_device": 1, "event": "step_pipeline_begin", "group_ids": ["380d6320eea4441da9a247017cf0b6aa", "bf4d71d3f4774e499d7f1cddf7391eb7"], "host": "d6b2a058c4be", "max_mem_allocated": 1039477760, "mem_allocated": 494216192, "mem_reserved": 1159725056, "microbatches": 1, "next_step": 1, "pid": 210661, "rank": 1, "ts": "2026-10-04 16:29:57"}
[DBG] {"category": "TRAIN", "component": "train", "event": "BEGIN:zero_grad", "host": "d6b2a058c4be", "next_step": 1, "pid": 210661, "rank": 1, "ts": "2026-10-04 16:29:57"}
[DBG] {"category": "TRAIN", "component": "train", "event": "watchdog_armed", "host": "d6b2a058c4be", "pid": 210661, "rank": 1, "stage": "zero_grad", "timeout_sec": 30.0, "ts": "2026-10-04 16:29:57"}
[DBG] {"category": "TRAIN", "component": "train", "elapsed_sec": 0.002748, "event": "END:zero_grad", "host": "d6b2a058c4be", "pid": 210661, "rank": 1, "ts": "2026-10-04 16:29:57"}
[DBG] {"category": "TRAIN", "component": "train", "event": "watchdog_armed", "host": "d6b2a058c4be", "pid": 210661, "rank": 1, "stage": "optimizer_step", "timeout_sec": 30.0, "ts": "2026-10-04 16:29:57"}
[DBG] {"category": "TRAIN", "component": "train", "event": "microbatch_begin", "group_ids": ["380d6320eea4441da9a247017cf0b6aa", "bf4d71d3f4774e499d7f1cddf7391eb7"], "host": "d6b2a058c4be", "micro_idx": 0, "pairs": 2, "pid": 210661, "rank": 1, "ts": "2026-10-04 16:29:57"}
[DBG] {"category": "TRAIN", "component": "train", "event": "BEGIN:collate", "group_ids": ["380d6320eea4441da9a247017cf0b6aa", "bf4d71d3f4774e499d7f1cddf7391eb7"], "host": "d6b2a058c4be", "micro_idx": 0, "pairs": 2, "pid": 210661, "rank": 1, "ts": "2026-10-04 16:29:57"}
[DBG] {"category": "TRAIN", "component": "train", "event": "watchdog_armed", "host": "d6b2a058c4be", "pid": 210661, "rank": 1, "stage": "collate", "timeout_sec": 30.0, "ts": "2026-10-04 16:29:57"}
[DBG] {"category": "TRAIN", "component": "train", "elapsed_sec": 0.048496, "event": "END:collate", "host": "d6b2a058c4be", "pid": 210661, "rank": 1, "ts": "2026-10-04 16:29:57"}
[DBG] {"category": "TRAIN", "component": "train", "event": "watchdog_armed", "host": "d6b2a058c4be", "pid": 210661, "rank": 1, "stage": "optimizer_step", "timeout_sec": 30.0, "ts": "2026-10-04 16:29:57"}
[DBG] {"category": "TRAIN", "component": "train", "cpu_shapes": {"attention_mask": [4, 209], "input_ids": [4, 209], "ref_logps": [4], "response_mask": [4, 209]}, "event": "collate_done", "group_ids": ["380d6320eea4441da9a247017cf0b6aa", "bf4d71d3f4774e499d7f1cddf7391eb7"], "host": "d6b2a058c4be", "micro_idx": 0, "pairs": 2, "pid": 210661, "rank": 1, "ts": "2026-10-04 16:29:57"}
[DBG] {"category": "TRAIN", "component": "train", "device": "cuda:1", "event": "BEGIN:batch_to_device", "group_ids": ["380d6320eea4441da9a247017cf0b6aa", "bf4d71d3f4774e499d7f1cddf7391eb7"], "host": "d6b2a058c4be", "micro_idx": 0, "pid": 210661, "rank": 1, "ts": "2026-10-04 16:29:57"}
[DBG] {"category": "TRAIN", "component": "train", "event": "watchdog_armed", "host": "d6b2a058c4be", "pid": 210661, "rank": 1, "stage": "batch_to_device", "timeout_sec": 30.0, "ts": "2026-10-04 16:29:57"}
[DBG] {"category": "TRAIN", "component": "train", "elapsed_sec": 0.009212, "event": "END:batch_to_device", "host": "d6b2a058c4be", "pid": 210661, "rank": 1, "ts": "2026-10-04 16:29:57"}
[DBG] {"category": "TRAIN", "component": "train", "event": "watchdog_armed", "host": "d6b2a058c4be", "pid": 210661, "rank": 1, "stage": "optimizer_step", "timeout_sec": 30.0, "ts": "2026-10-04 16:29:57"}
[DBG] {"category": "TRAIN", "component": "train", "cuda_device": 1, "event": "batch_on_device", "group_ids": ["380d6320eea4441da9a247017cf0b6aa", "bf4d71d3f4774e499d7f1cddf7391eb7"], "host": "d6b2a058c4be", "max_mem_allocated": 1039477760, "mem_allocated": 494233088, "mem_reserved": 1159725056, "micro_idx": 0, "pid": 210661, "rank": 1, "tensors": {"attention_mask": {"device": "cuda:1", "dtype": "torch.int64", "shape": [4, 209]}, "input_ids": {"device": "cuda:1", "dtype": "torch.int64", "shape": [4, 209]}, "ref_logps": {"device": "cuda:1", "dtype": "torch.bfloat16", "shape": [4]}, "response_mask": {"device": "cuda:1", "dtype": "torch.bfloat16", "shape": [4, 209]}}, "ts": "2026-10-04 16:29:57"}
[DBG] {"category": "FSDP", "component": "train", "cuda_device": 1, "event": "BEGIN:cuda_sync:before_forward", "group_ids": ["380d6320eea4441da9a247017cf0b6aa", "bf4d71d3f4774e499d7f1cddf7391eb7"], "host": "d6b2a058c4be", "max_mem_allocated": 1039477760, "mem_allocated": 494233088, "mem_reserved": 1159725056, "micro_idx": 0, "pid": 210661, "rank": 1, "ts": "2026-10-04 16:29:57"}
[DBG] {"category": "FSDP", "component": "train", "event": "watchdog_armed", "host": "d6b2a058c4be", "pid": 210661, "rank": 1, "stage": "cuda_sync:before_forward", "timeout_sec": 30.0, "ts": "2026-10-04 16:29:57"}
[DBG] {"category": "FSDP", "component": "train", "elapsed_sec": 0.000609, "event": "END:cuda_sync:before_forward", "host": "d6b2a058c4be", "pid": 210661, "rank": 1, "ts": "2026-10-04 16:29:57"}
[DBG] {"category": "TRAIN", "component": "train", "event": "watchdog_armed", "host": "d6b2a058c4be", "pid": 210661, "rank": 1, "stage": "optimizer_step", "timeout_sec": 30.0, "ts": "2026-10-04 16:29:57"}
[DBG] {"category": "FSDP", "component": "train", "cuda_device": 1, "event": "forward_call_about_to_enter", "group_ids": ["380d6320eea4441da9a247017cf0b6aa", "bf4d71d3f4774e499d7f1cddf7391eb7"], "host": "d6b2a058c4be", "max_mem_allocated": 1039477760, "mem_allocated": 494233088, "mem_reserved": 1159725056, "micro_idx": 0, "model_class": "FullyShardedDataParallel", "pid": 210661, "rank": 1, "ts": "2026-10-04 16:29:57"}
[DBG] {"category": "FSDP", "component": "train", "event": "BEGIN:forward", "group_ids": ["380d6320eea4441da9a247017cf0b6aa", "bf4d71d3f4774e499d7f1cddf7391eb7"], "host": "d6b2a058c4be", "micro_idx": 0, "pid": 210661, "rank": 1, "ts": "2026-10-04 16:29:57"}
[DBG] {"category": "FSDP", "component": "train", "event": "watchdog_armed", "host": "d6b2a058c4be", "pid": 210661, "rank": 1, "stage": "forward", "timeout_sec": 30.0, "ts": "2026-10-04 16:29:57"}
[DBG] {"category": "FSDP", "component": "train", "cuda_device": 1, "event": "module_enter", "host": "d6b2a058c4be", "is_fsdp": true, "max_mem_allocated": 1039477760, "mem_allocated": 494233088, "mem_reserved": 1159725056, "module": "<root>", "module_class": "FullyShardedDataParallel", "pid": 210661, "rank": 1, "ts": "2026-10-04 16:29:57"}
[DBG] {"category": "FSDP", "component": "train", "compute_device": "cuda:1", "event": "fsdp_alias_root_pre_forward_enter", "host": "d6b2a058c4be", "is_root": null, "limit_all_gathers": true, "pg_backend": "nccl", "pg_rank": 1, "pg_world_size": 2, "pid": 210661, "rank": 1, "training_state": "TrainingState.IDLE", "ts": "2026-10-04 16:29:57"}
[DBG] {"category": "FSDP", "component": "train", "compute_device": "cuda:1", "event": "fsdp_lazy_init_enter", "host": "d6b2a058c4be", "is_root": null, "limit_all_gathers": true, "pg_backend": "nccl", "pg_rank": 1, "pg_world_size": 2, "pid": 210661, "rank": 1, "training_state": "TrainingState.IDLE", "ts": "2026-10-04 16:29:57"}
[DBG] {"category": "FSDP", "component": "train", "compute_device": "cuda:1", "event": "fsdp_init_streams_enter", "host": "d6b2a058c4be", "is_root": true, "limit_all_gathers": true, "pg_backend": "nccl", "pg_rank": 1, "pg_world_size": 2, "pid": 210661, "rank": 1, "training_state": "TrainingState.IDLE", "ts": "2026-10-04 16:29:57"}
[DBG] {"category": "FSDP", "component": "train", "compute_device": "cuda:1", "event": "fsdp_init_streams_exit", "host": "d6b2a058c4be", "is_root": true, "limit_all_gathers": true, "pg_backend": "nccl", "pg_rank": 1, "pg_world_size": 2, "pid": 210661, "rank": 1, "training_state": "TrainingState.IDLE", "ts": "2026-10-04 16:29:57"}
[DBG] {"category": "FSDP", "component": "train", "compute_device": "cuda:1", "event": "fsdp_share_state_enter", "host": "d6b2a058c4be", "is_root": true, "limit_all_gathers": true, "pg_backend": "nccl", "pg_rank": 1, "pg_world_size": 2, "pid": 210661, "rank": 1, "training_state": "TrainingState.IDLE", "ts": "2026-10-04 16:29:57"}
[DBG] {"category": "FSDP", "component": "train", "compute_device": "cuda:1", "event": "fsdp_share_state_exit", "host": "d6b2a058c4be", "is_root": true, "limit_all_gathers": true, "pg_backend": "nccl", "pg_rank": 1, "pg_world_size": 2, "pid": 210661, "rank": 1, "training_state": "TrainingState.IDLE", "ts": "2026-10-04 16:29:57"}
[DBG] {"category": "FSDP", "component": "train", "compute_device": "cuda:1", "event": "fsdp_lazy_init_exit", "host": "d6b2a058c4be", "is_root": true, "limit_all_gathers": true, "pg_backend": "nccl", "pg_rank": 1, "pg_world_size": 2, "pid": 210661, "rank": 1, "training_state": "TrainingState.IDLE", "ts": "2026-10-04 16:29:57"}
[DBG] {"category": "FSDP", "component": "train", "event": "fsdp_wait_for_computation_stream_enter", "host": "d6b2a058c4be", "pid": 210661, "rank": 1, "ts": "2026-10-04 16:29:57"}
[DBG] {"category": "FSDP", "component": "train", "current_stream": {"cuda_stream": 124686504333200, "device": "cuda:1", "priority": 0, "repr": "<torch.cuda.Stream device=cuda:1 cuda_stream=0x7166d6cc8f90>"}, "event": "cuda_stream_wait_stream_enter", "host": "d6b2a058c4be", "pid": 210661, "rank": 1, "ts": "2026-10-04 16:29:57", "wait_for_stream": {"cuda_stream": 0, "device": "cuda:1", "priority": 0, "repr": "<torch.cuda.Stream device=cuda:1 cuda_stream=0x0>"}}
[DBG] {"category": "FSDP", "component": "train", "cuda_event": null, "event": "cuda_stream_record_event_enter", "host": "d6b2a058c4be", "pid": 210661, "rank": 1, "stream": {"cuda_stream": 0, "device": "cuda:1", "priority": 0, "repr": "<torch.cuda.Stream device=cuda:1 cuda_stream=0x0>"}, "ts": "2026-10-04 16:29:57"}
[DBG] {"category": "FSDP", "component": "train", "cuda_event": {"cuda_event": 0, "device": "None", "repr": "<torch.cuda.Event uninitialized>"}, "event": "cuda_event_record_enter", "host": "d6b2a058c4be", "pid": 210661, "rank": 1, "stream": {"cuda_stream": 0, "device": "cuda:1", "priority": 0, "repr": "<torch.cuda.Stream device=cuda:1 cuda_stream=0x0>"}, "ts": "2026-10-04 16:29:57"}
[DBG] {"category": "FSDP", "component": "train", "cuda_event": {"cuda_event": 124686504203792, "device": "cuda:1", "repr": "<torch.cuda.Event 0x7166d6ca9610>"}, "event": "cuda_event_record_exit", "host": "d6b2a058c4be", "pid": 210661, "rank": 1, "stream": {"cuda_stream": 0, "device": "cuda:1", "priority": 0, "repr": "<torch.cuda.Stream device=cuda:1 cuda_stream=0x0>"}, "ts": "2026-10-04 16:29:57"}
[DBG] {"category": "FSDP", "component": "train", "cuda_event": {"cuda_event": 124686504203792, "device": "cuda:1", "repr": "<torch.cuda.Event 0x7166d6ca9610>"}, "event": "cuda_stream_record_event_exit", "host": "d6b2a058c4be", "pid": 210661, "rank": 1, "stream": {"cuda_stream": 0, "device": "cuda:1", "priority": 0, "repr": "<torch.cuda.Stream device=cuda:1 cuda_stream=0x0>"}, "ts": "2026-10-04 16:29:57"}
[DBG] {"category": "FSDP", "component": "train", "cuda_event": {"cuda_event": 124686504203792, "device": "cuda:1", "repr": "<torch.cuda.Event 0x7166d6ca9610>"}, "event": "cuda_stream_wait_event_enter", "host": "d6b2a058c4be", "pid": 210661, "rank": 1, "stream": {"cuda_stream": 124686504333200, "device": "cuda:1", "priority": 0, "repr": "<torch.cuda.Stream device=cuda:1 cuda_stream=0x7166d6cc8f90>"}, "ts": "2026-10-04 16:29:57"}
[DBG] {"category": "FSDP", "component": "train", "cuda_event": {"cuda_event": 124686504203792, "device": "cuda:1", "repr": "<torch.cuda.Event 0x7166d6ca9610>"}, "event": "cuda_event_wait_enter", "host": "d6b2a058c4be", "pid": 210661, "rank": 1, "stream": {"cuda_stream": 124686504333200, "device": "cuda:1", "priority": 0, "repr": "<torch.cuda.Stream device=cuda:1 cuda_stream=0x7166d6cc8f90>"}, "ts": "2026-10-04 16:29:57"}
[DBG] {"category": "FSDP", "component": "train", "cuda_event": {"cuda_event": 124686504203792, "device": "cuda:1", "repr": "<torch.cuda.Event 0x7166d6ca9610>"}, "event": "cuda_event_wait_exit", "host": "d6b2a058c4be", "pid": 210661, "rank": 1, "stream": {"cuda_stream": 124686504333200, "device": "cuda:1", "priority": 0, "repr": "<torch.cuda.Stream device=cuda:1 cuda_stream=0x7166d6cc8f90>"}, "ts": "2026-10-04 16:29:57"}
[DBG] {"category": "FSDP", "component": "train", "cuda_event": {"cuda_event": 124686504203792, "device": "cuda:1", "repr": "<torch.cuda.Event 0x7166d6ca9610>"}, "event": "cuda_stream_wait_event_exit", "host": "d6b2a058c4be", "pid": 210661, "rank": 1, "stream": {"cuda_stream": 124686504333200, "device": "cuda:1", "priority": 0, "repr": "<torch.cuda.Stream device=cuda:1 cuda_stream=0x7166d6cc8f90>"}, "ts": "2026-10-04 16:29:57"}
[DBG] {"category": "FSDP", "component": "train", "current_stream": {"cuda_stream": 124686504333200, "device": "cuda:1", "priority": 0, "repr": "<torch.cuda.Stream device=cuda:1 cuda_stream=0x7166d6cc8f90>"}, "event": "cuda_stream_wait_stream_exit", "host": "d6b2a058c4be", "pid": 210661, "rank": 1, "ts": "2026-10-04 16:29:57", "wait_for_stream": {"cuda_stream": 0, "device": "cuda:1", "priority": 0, "repr": "<torch.cuda.Stream device=cuda:1 cuda_stream=0x0>"}}
[DBG] {"category": "FSDP", "component": "train", "current_stream": {"cuda_stream": 124686504044480, "device": "cuda:1", "priority": 0, "repr": "<torch.cuda.Stream device=cuda:1 cuda_stream=0x7166d6c827c0>"}, "event": "cuda_stream_wait_stream_enter", "host": "d6b2a058c4be", "pid": 210661, "rank": 1, "ts": "2026-10-04 16:29:57", "wait_for_stream": {"cuda_stream": 0, "device": "cuda:1", "priority": 0, "repr": "<torch.cuda.Stream device=cuda:1 cuda_stream=0x0>"}}
[DBG] {"category": "FSDP", "component": "train", "cuda_event": null, "event": "cuda_stream_record_event_enter", "host": "d6b2a058c4be", "pid": 210661, "rank": 1, "stream": {"cuda_stream": 0, "device": "cuda:1", "priority": 0, "repr": "<torch.cuda.Stream device=cuda:1 cuda_stream=0x0>"}, "ts": "2026-10-04 16:29:57"}
[DBG] {"category": "FSDP", "component": "train", "cuda_event": {"cuda_event": 0, "device": "None", "repr": "<torch.cuda.Event uninitialized>"}, "event": "cuda_event_record_enter", "host": "d6b2a058c4be", "pid": 210661, "rank": 1, "stream": {"cuda_stream": 0, "device": "cuda:1", "priority": 0, "repr": "<torch.cuda.Stream device=cuda:1 cuda_stream=0x0>"}, "ts": "2026-10-04 16:29:57"}
[DBG] {"category": "FSDP", "component": "train", "cuda_event": {"cuda_event": 124686504203792, "device": "cuda:1", "repr": "<torch.cuda.Event 0x7166d6ca9610>"}, "event": "cuda_event_record_exit", "host": "d6b2a058c4be", "pid": 210661, "rank": 1, "stream": {"cuda_stream": 0, "device": "cuda:1", "priority": 0, "repr": "<torch.cuda.Stream device=cuda:1 cuda_stream=0x0>"}, "ts": "2026-10-04 16:29:57"}
[DBG] {"category": "FSDP", "component": "train", "cuda_event": {"cuda_event": 124686504203792, "device": "cuda:1", "repr": "<torch.cuda.Event 0x7166d6ca9610>"}, "event": "cuda_stream_record_event_exit", "host": "d6b2a058c4be", "pid": 210661, "rank": 1, "stream": {"cuda_stream": 0, "device": "cuda:1", "priority": 0, "repr": "<torch.cuda.Stream device=cuda:1 cuda_stream=0x0>"}, "ts": "2026-10-04 16:29:57"}
[DBG] {"category": "FSDP", "component": "train", "cuda_event": {"cuda_event": 124686504203792, "device": "cuda:1", "repr": "<torch.cuda.Event 0x7166d6ca9610>"}, "event": "cuda_stream_wait_event_enter", "host": "d6b2a058c4be", "pid": 210661, "rank": 1, "stream": {"cuda_stream": 124686504044480, "device": "cuda:1", "priority": 0, "repr": "<torch.cuda.Stream device=cuda:1 cuda_stream=0x7166d6c827c0>"}, "ts": "2026-10-04 16:29:57"}
[DBG] {"category": "FSDP", "component": "train", "cuda_event": {"cuda_event": 124686504203792, "device": "cuda:1", "repr": "<torch.cuda.Event 0x7166d6ca9610>"}, "event": "cuda_event_wait_enter", "host": "d6b2a058c4be", "pid": 210661, "rank": 1, "stream": {"cuda_stream": 124686504044480, "device": "cuda:1", "priority": 0, "repr": "<torch.cuda.Stream device=cuda:1 cuda_stream=0x7166d6c827c0>"}, "ts": "2026-10-04 16:29:57"}
[DBG] {"category": "FSDP", "component": "train", "cuda_event": {"cuda_event": 124686504203792, "device": "cuda:1", "repr": "<torch.cuda.Event 0x7166d6ca9610>"}, "event": "cuda_event_wait_exit", "host": "d6b2a058c4be", "pid": 210661, "rank": 1, "stream": {"cuda_stream": 124686504044480, "device": "cuda:1", "priority": 0, "repr": "<torch.cuda.Stream device=cuda:1 cuda_stream=0x7166d6c827c0>"}, "ts": "2026-10-04 16:29:57"}
[DBG] {"category": "FSDP", "component": "train", "cuda_event": {"cuda_event": 124686504203792, "device": "cuda:1", "repr": "<torch.cuda.Event 0x7166d6ca9610>"}, "event": "cuda_stream_wait_event_exit", "host": "d6b2a058c4be", "pid": 210661, "rank": 1, "stream": {"cuda_stream": 124686504044480, "device": "cuda:1", "priority": 0, "repr": "<torch.cuda.Stream device=cuda:1 cuda_stream=0x7166d6c827c0>"}, "ts": "2026-10-04 16:29:57"}
[DBG] {"category": "FSDP", "component": "train", "current_stream": {"cuda_stream": 124686504044480, "device": "cuda:1", "priority": 0, "repr": "<torch.cuda.Stream device=cuda:1 cuda_stream=0x7166d6c827c0>"}, "event": "cuda_stream_wait_stream_exit", "host": "d6b2a058c4be", "pid": 210661, "rank": 1, "ts": "2026-10-04 16:29:57", "wait_for_stream": {"cuda_stream": 0, "device": "cuda:1", "priority": 0, "repr": "<torch.cuda.Stream device=cuda:1 cuda_stream=0x0>"}}
[DBG] {"category": "FSDP", "component": "train", "event": "fsdp_wait_for_computation_stream_exit", "host": "d6b2a058c4be", "pid": 210661, "rank": 1, "ts": "2026-10-04 16:29:57"}
[DBG] {"category": "FSDP", "component": "train", "event": "fsdp_reset_grad_info_enter", "host": "d6b2a058c4be", "pid": 210661, "rank": 1, "ts": "2026-10-04 16:29:57"}
[DBG] {"category": "FSDP", "component": "train", "event": "fsdp_reset_grad_info_exit", "host": "d6b2a058c4be", "pid": 210661, "rank": 1, "ts": "2026-10-04 16:29:57"}
[DBG] {"category": "FSDP", "component": "train", "event": "fsdp_to_kwargs_enter", "host": "d6b2a058c4be", "pid": 210661, "rank": 1, "ts": "2026-10-04 16:29:57"}
[DBG] {"category": "FSDP", "component": "train", "event": "fsdp_to_kwargs_exit", "host": "d6b2a058c4be", "pid": 210661, "rank": 1, "ts": "2026-10-04 16:29:57"}
[DBG] {"category": "FSDP", "component": "train", "compute_device": "cuda:1", "event": "fsdp_root_cast_forward_input_enter", "host": "d6b2a058c4be", "is_root": true, "limit_all_gathers": true, "pg_backend": "nccl", "pg_rank": 1, "pg_world_size": 2, "pid": 210661, "rank": 1, "training_state": "TrainingState.IDLE", "ts": "2026-10-04 16:29:57"}
[DBG] {"category": "FSDP", "component": "train", "event": "fsdp_cast_forward_inputs_enter", "host": "d6b2a058c4be", "pid": 210661, "rank": 1, "ts": "2026-10-04 16:29:57"}
[DBG] {"category": "FSDP", "component": "train", "event": "fsdp_cast_forward_inputs_exit", "host": "d6b2a058c4be", "pid": 210661, "rank": 1, "ts": "2026-10-04 16:29:57"}
[DBG] {"category": "FSDP", "component": "train", "compute_device": "cuda:1", "event": "fsdp_root_cast_forward_input_exit", "host": "d6b2a058c4be", "is_root": true, "limit_all_gathers": true, "pg_backend": "nccl", "pg_rank": 1, "pg_world_size": 2, "pid": 210661, "rank": 1, "training_state": "TrainingState.IDLE", "ts": "2026-10-04 16:29:57"}
[DBG] {"category": "FSDP", "component": "train", "compute_device": "cuda:1", "event": "fsdp_alias_root_pre_forward_exit", "host": "d6b2a058c4be", "is_root": true, "limit_all_gathers": true, "pg_backend": "nccl", "pg_rank": 1, "pg_world_size": 2, "pid": 210661, "rank": 1, "training_state": "TrainingState.IDLE", "ts": "2026-10-04 16:29:57"}
[DBG] {"category": "FSDP", "component": "train", "compute_device": "cuda:1", "event": "fsdp_alias_pre_forward_enter", "handle_flat_param": {"device": "cuda:1", "dtype": "torch.bfloat16", "numel": 68067776, "shape": [68067776]}, "handle_needs_pre_forward_unshard": false, "handle_pg_backend": "nccl", "handle_pg_rank": 1, "handle_pg_world_size": 2, "handle_prefetched": false, "handle_rank": 1, "handle_uses_sharded_strategy": true, "handle_world_size": 2, "host": "d6b2a058c4be", "is_root": true, "limit_all_gathers": true, "pg_backend": "nccl", "pg_rank": 1, "pg_world_size": 2, "pid": 210661, "rank": 1, "training_state": "TrainingState.IDLE", "ts": "2026-10-04 16:29:57"}
[DBG] {"category": "FSDP", "component": "train", "compute_device": "cuda:1", "event": "fsdp_alias_pre_forward_unshard_enter", "handle_flat_param": {"device": "cuda:1", "dtype": "torch.bfloat16", "numel": 68067776, "shape": [68067776]}, "handle_needs_pre_forward_unshard": false, "handle_pg_backend": "nccl", "handle_pg_rank": 1, "handle_pg_world_size": 2, "handle_prefetched": false, "handle_rank": 1, "handle_uses_sharded_strategy": true, "handle_world_size": 2, "host": "d6b2a058c4be", "is_root": true, "limit_all_gathers": true, "pg_backend": "nccl", "pg_rank": 1, "pg_world_size": 2, "pid": 210661, "rank": 1, "training_state": "TrainingState.FORWARD_BACKWARD", "ts": "2026-10-04 16:29:57"}
[DBG] {"category": "FSDP", "component": "train", "compute_device": "cuda:1", "event": "fsdp_unshard_enter", "handle_flat_param": {"device": "cuda:1", "dtype": "torch.bfloat16", "numel": 68067776, "shape": [68067776]}, "handle_needs_pre_forward_unshard": false, "handle_pg_backend": "nccl", "handle_pg_rank": 1, "handle_pg_world_size": 2, "handle_prefetched": false, "handle_rank": 1, "handle_uses_sharded_strategy": true, "handle_world_size": 2, "host": "d6b2a058c4be", "is_root": true, "limit_all_gathers": true, "pg_backend": "nccl", "pg_rank": 1, "pg_world_size": 2, "pid": 210661, "rank": 1, "training_state": "TrainingState.FORWARD_BACKWARD", "ts": "2026-10-04 16:29:57"}
[DBG] {"category": "FSDP", "component": "train", "event": "flat_handle_pre_unshard_enter", "handle_flat_param": {"device": "cuda:1", "dtype": "torch.bfloat16", "numel": 68067776, "shape": [68067776]}, "handle_needs_pre_forward_unshard": false, "handle_pg_backend": "nccl", "handle_pg_rank": 1, "handle_pg_world_size": 2, "handle_prefetched": false, "handle_rank": 1, "handle_uses_sharded_strategy": true, "handle_world_size": 2, "host": "d6b2a058c4be", "pid": 210661, "rank": 1, "ts": "2026-10-04 16:29:57"}
[DBG] {"category": "FSDP", "component": "train", "event": "flat_handle_pre_unshard_exit", "handle_flat_param": {"device": "cuda:1", "dtype": "torch.bfloat16", "numel": 68067776, "shape": [68067776]}, "handle_needs_pre_forward_unshard": false, "handle_pg_backend": "nccl", "handle_pg_rank": 1, "handle_pg_world_size": 2, "handle_prefetched": false, "handle_rank": 1, "handle_uses_sharded_strategy": true, "handle_world_size": 2, "host": "d6b2a058c4be", "pid": 210661, "rank": 1, "ts": "2026-10-04 16:29:57"}
[DBG] {"category": "FSDP", "component": "train", "event": "flat_handle_unshard_enter", "handle_flat_param": {"device": "cuda:1", "dtype": "torch.bfloat16", "numel": 68067776, "shape": [68067776]}, "handle_needs_pre_forward_unshard": false, "handle_pg_backend": "nccl", "handle_pg_rank": 1, "handle_pg_world_size": 2, "handle_prefetched": false, "handle_rank": 1, "handle_uses_sharded_strategy": true, "handle_world_size": 2, "host": "d6b2a058c4be", "pid": 210661, "rank": 1, "ts": "2026-10-04 16:29:57"}
[DBG] {"category": "FSDP", "component": "train", "event": "flat_handle_alloc_unsharded_enter", "handle_flat_param": {"device": "cuda:1", "dtype": "torch.bfloat16", "numel": 68067776, "shape": [68067776]}, "handle_needs_pre_forward_unshard": false, "handle_pg_backend": "nccl", "handle_pg_rank": 1, "handle_pg_world_size": 2, "handle_prefetched": false, "handle_rank": 1, "handle_uses_sharded_strategy": true, "handle_world_size": 2, "host": "d6b2a058c4be", "pid": 210661, "rank": 1, "ts": "2026-10-04 16:29:57"}
[DBG] {"category": "FSDP", "component": "train", "event": "flat_handle_alloc_unsharded_exit", "handle_flat_param": {"device": "cuda:1", "dtype": "torch.bfloat16", "numel": 68067776, "shape": [68067776]}, "handle_needs_pre_forward_unshard": false, "handle_pg_backend": "nccl", "handle_pg_rank": 1, "handle_pg_world_size": 2, "handle_prefetched": false, "handle_rank": 1, "handle_uses_sharded_strategy": true, "handle_world_size": 2, "host": "d6b2a058c4be", "pid": 210661, "rank": 1, "ts": "2026-10-04 16:29:57"}
[DBG] {"all_gather_output": {"device": "cuda:1", "dtype": "torch.bfloat16", "numel": 136135552, "shape": [136135552]}, "category": "FSDP", "component": "train", "event": "flat_handle_all_gather_enter", "handle_flat_param": {"device": "cuda:1", "dtype": "torch.bfloat16", "numel": 68067776, "shape": [68067776]}, "handle_needs_pre_forward_unshard": false, "handle_pg_backend": "nccl", "handle_pg_rank": 1, "handle_pg_world_size": 2, "handle_prefetched": false, "handle_rank": 1, "handle_uses_sharded_strategy": true, "handle_world_size": 2, "host": "d6b2a058c4be", "pid": 210661, "rank": 1, "ts": "2026-10-04 16:29:57"}
[DBG] {"all_gather_output": {"device": "cuda:1", "dtype": "torch.bfloat16", "numel": 136135552, "shape": [136135552]}, "category": "FSDP", "component": "train", "event": "flat_handle_all_gather_exit", "handle_flat_param": {"device": "cuda:1", "dtype": "torch.bfloat16", "numel": 68067776, "shape": [68067776]}, "handle_needs_pre_forward_unshard": false, "handle_pg_backend": "nccl", "handle_pg_rank": 1, "handle_pg_world_size": 2, "handle_prefetched": false, "handle_rank": 1, "handle_uses_sharded_strategy": true, "handle_world_size": 2, "host": "d6b2a058c4be", "pid": 210661, "rank": 1, "ts": "2026-10-04 16:29:58"}
[DBG] {"category": "FSDP", "component": "train", "event": "flat_handle_use_unsharded_enter", "handle_flat_param": {"device": "cuda:1", "dtype": "torch.bfloat16", "numel": 68067776, "shape": [68067776]}, "handle_needs_pre_forward_unshard": false, "handle_pg_backend": "nccl", "handle_pg_rank": 1, "handle_pg_world_size": 2, "handle_prefetched": false, "handle_rank": 1, "handle_uses_sharded_strategy": true, "handle_world_size": 2, "host": "d6b2a058c4be", "pid": 210661, "rank": 1, "ts": "2026-10-04 16:29:58"}
[DBG] {"category": "FSDP", "component": "train", "event": "flat_handle_use_unsharded_exit", "handle_flat_param": {"device": "cuda:1", "dtype": "torch.bfloat16", "numel": 136135552, "shape": [136135552]}, "handle_needs_pre_forward_unshard": false, "handle_pg_backend": "nccl", "handle_pg_rank": 1, "handle_pg_world_size": 2, "handle_prefetched": false, "handle_rank": 1, "handle_uses_sharded_strategy": true, "handle_world_size": 2, "host": "d6b2a058c4be", "pid": 210661, "rank": 1, "ts": "2026-10-04 16:29:58"}
[DBG] {"category": "FSDP", "component": "train", "event": "flat_handle_unshard_exit", "handle_flat_param": {"device": "cuda:1", "dtype": "torch.bfloat16", "numel": 136135552, "shape": [136135552]}, "handle_needs_pre_forward_unshard": false, "handle_pg_backend": "nccl", "handle_pg_rank": 1, "handle_pg_world_size": 2, "handle_prefetched": false, "handle_rank": 1, "handle_uses_sharded_strategy": true, "handle_world_size": 2, "host": "d6b2a058c4be", "pid": 210661, "rank": 1, "ts": "2026-10-04 16:29:58"}
[DBG] {"category": "FSDP", "component": "train", "event": "flat_handle_post_unshard_enter", "handle_flat_param": {"device": "cuda:1", "dtype": "torch.bfloat16", "numel": 136135552, "shape": [136135552]}, "handle_needs_pre_forward_unshard": false, "handle_pg_backend": "nccl", "handle_pg_rank": 1, "handle_pg_world_size": 2, "handle_prefetched": false, "handle_rank": 1, "handle_uses_sharded_strategy": true, "handle_world_size": 2, "host": "d6b2a058c4be", "pid": 210661, "rank": 1, "ts": "2026-10-04 16:29:58"}
[DBG] {"category": "FSDP", "component": "train", "event": "flat_handle_post_unshard_exit", "handle_flat_param": {"device": "cuda:1", "dtype": "torch.bfloat16", "numel": 136135552, "shape": [136135552]}, "handle_needs_pre_forward_unshard": false, "handle_pg_backend": "nccl", "handle_pg_rank": 1, "handle_pg_world_size": 2, "handle_prefetched": false, "handle_rank": 1, "handle_uses_sharded_strategy": true, "handle_world_size": 2, "host": "d6b2a058c4be", "pid": 210661, "rank": 1, "ts": "2026-10-04 16:29:58"}
[DBG] {"category": "FSDP", "component": "train", "compute_device": "cuda:1", "event": "fsdp_unshard_exit", "handle_flat_param": {"device": "cuda:1", "dtype": "torch.bfloat16", "numel": 136135552, "shape": [136135552]}, "handle_needs_pre_forward_unshard": false, "handle_pg_backend": "nccl", "handle_pg_rank": 1, "handle_pg_world_size": 2, "handle_prefetched": false, "handle_rank": 1, "handle_uses_sharded_strategy": true, "handle_world_size": 2, "host": "d6b2a058c4be", "is_root": true, "limit_all_gathers": true, "pg_backend": "nccl", "pg_rank": 1, "pg_world_size": 2, "pid": 210661, "rank": 1, "training_state": "TrainingState.FORWARD_BACKWARD", "ts": "2026-10-04 16:29:58"}
[DBG] {"category": "FSDP", "component": "train", "current_stream": {"cuda_stream": 0, "device": "cuda:1", "priority": 0, "repr": "<torch.cuda.Stream device=cuda:1 cuda_stream=0x0>"}, "event": "cuda_stream_wait_stream_enter", "host": "d6b2a058c4be", "pid": 210661, "rank": 1, "ts": "2026-10-04 16:29:58", "wait_for_stream": {"cuda_stream": 124686504333200, "device": "cuda:1", "priority": 0, "repr": "<torch.cuda.Stream device=cuda:1 cuda_stream=0x7166d6cc8f90>"}}
[DBG] {"category": "FSDP", "component": "train", "cuda_event": null, "event": "cuda_stream_record_event_enter", "host": "d6b2a058c4be", "pid": 210661, "rank": 1, "stream": {"cuda_stream": 124686504333200, "device": "cuda:1", "priority": 0, "repr": "<torch.cuda.Stream device=cuda:1 cuda_stream=0x7166d6cc8f90>"}, "ts": "2026-10-04 16:29:58"}
[DBG] {"category": "FSDP", "component": "train", "cuda_event": {"cuda_event": 0, "device": "None", "repr": "<torch.cuda.Event uninitialized>"}, "event": "cuda_event_record_enter", "host": "d6b2a058c4be", "pid": 210661, "rank": 1, "stream": {"cuda_stream": 124686504333200, "device": "cuda:1", "priority": 0, "repr": "<torch.cuda.Stream device=cuda:1 cuda_stream=0x7166d6cc8f90>"}, "ts": "2026-10-04 16:29:58"}
[DBG] {"category": "FSDP", "component": "train", "cuda_event": {"cuda_event": 124681703218736, "device": "cuda:1", "repr": "<torch.cuda.Event 0x7165b8a15e30>"}, "event": "cuda_event_record_exit", "host": "d6b2a058c4be", "pid": 210661, "rank": 1, "stream": {"cuda_stream": 124686504333200, "device": "cuda:1", "priority": 0, "repr": "<torch.cuda.Stream device=cuda:1 cuda_stream=0x7166d6cc8f90>"}, "ts": "2026-10-04 16:29:58"}
[DBG] {"category": "FSDP", "component": "train", "cuda_event": {"cuda_event": 124681703218736, "device": "cuda:1", "repr": "<torch.cuda.Event 0x7165b8a15e30>"}, "event": "cuda_stream_record_event_exit", "host": "d6b2a058c4be", "pid": 210661, "rank": 1, "stream": {"cuda_stream": 124686504333200, "device": "cuda:1", "priority": 0, "repr": "<torch.cuda.Stream device=cuda:1 cuda_stream=0x7166d6cc8f90>"}, "ts": "2026-10-04 16:29:58"}
[DBG] {"category": "FSDP", "component": "train", "cuda_event": {"cuda_event": 124681703218736, "device": "cuda:1", "repr": "<torch.cuda.Event 0x7165b8a15e30>"}, "event": "cuda_stream_wait_event_enter", "host": "d6b2a058c4be", "pid": 210661, "rank": 1, "stream": {"cuda_stream": 0, "device": "cuda:1", "priority": 0, "repr": "<torch.cuda.Stream device=cuda:1 cuda_stream=0x0>"}, "ts": "2026-10-04 16:29:58"}
[DBG] {"category": "FSDP", "component": "train", "cuda_event": {"cuda_event": 124681703218736, "device": "cuda:1", "repr": "<torch.cuda.Event 0x7165b8a15e30>"}, "event": "cuda_event_wait_enter", "host": "d6b2a058c4be", "pid": 210661, "rank": 1, "stream": {"cuda_stream": 0, "device": "cuda:1", "priority": 0, "repr": "<torch.cuda.Stream device=cuda:1 cuda_stream=0x0>"}, "ts": "2026-10-04 16:29:58"}
[DBG] {"category": "FSDP", "component": "train", "cuda_event": {"cuda_event": 124681703218736, "device": "cuda:1", "repr": "<torch.cuda.Event 0x7165b8a15e30>"}, "event": "cuda_event_wait_exit", "host": "d6b2a058c4be", "pid": 210661, "rank": 1, "stream": {"cuda_stream": 0, "device": "cuda:1", "priority": 0, "repr": "<torch.cuda.Stream device=cuda:1 cuda_stream=0x0>"}, "ts": "2026-10-04 16:29:58"}
[DBG] {"category": "FSDP", "component": "train", "cuda_event": {"cuda_event": 124681703218736, "device": "cuda:1", "repr": "<torch.cuda.Event 0x7165b8a15e30>"}, "event": "cuda_stream_wait_event_exit", "host": "d6b2a058c4be", "pid": 210661, "rank": 1, "stream": {"cuda_stream": 0, "device": "cuda:1", "priority": 0, "repr": "<torch.cuda.Stream device=cuda:1 cuda_stream=0x0>"}, "ts": "2026-10-04 16:29:58"}
[DBG] {"category": "FSDP", "component": "train", "current_stream": {"cuda_stream": 0, "device": "cuda:1", "priority": 0, "repr": "<torch.cuda.Stream device=cuda:1 cuda_stream=0x0>"}, "event": "cuda_stream_wait_stream_exit", "host": "d6b2a058c4be", "pid": 210661, "rank": 1, "ts": "2026-10-04 16:29:58", "wait_for_stream": {"cuda_stream": 124686504333200, "device": "cuda:1", "priority": 0, "repr": "<torch.cuda.Stream device=cuda:1 cuda_stream=0x7166d6cc8f90>"}}
[DBG] {"category": "FSDP", "component": "train", "compute_device": "cuda:1", "event": "fsdp_prefetch_handle_enter", "handle_flat_param": {"device": "cuda:1", "dtype": "torch.bfloat16", "numel": 136135552, "shape": [136135552]}, "handle_needs_pre_forward_unshard": false, "handle_pg_backend": "nccl", "handle_pg_rank": 1, "handle_pg_world_size": 2, "handle_prefetched": false, "handle_rank": 1, "handle_uses_sharded_strategy": true, "handle_world_size": 2, "host": "d6b2a058c4be", "is_root": true, "limit_all_gathers": true, "pg_backend": "nccl", "pg_rank": 1, "pg_world_size": 2, "pid": 210661, "rank": 1, "training_state": "TrainingState.FORWARD_BACKWARD", "ts": "2026-10-04 16:29:58"}
[DBG] {"category": "FSDP", "component": "train", "compute_device": "cuda:1", "event": "fsdp_prefetch_handle_exit", "handle_flat_param": {"device": "cuda:1", "dtype": "torch.bfloat16", "numel": 136135552, "shape": [136135552]}, "handle_needs_pre_forward_unshard": false, "handle_pg_backend": "nccl", "handle_pg_rank": 1, "handle_pg_world_size": 2, "handle_prefetched": false, "handle_rank": 1, "handle_uses_sharded_strategy": true, "handle_world_size": 2, "host": "d6b2a058c4be", "is_root": true, "limit_all_gathers": true, "pg_backend": "nccl", "pg_rank": 1, "pg_world_size": 2, "pid": 210661, "rank": 1, "training_state": "TrainingState.FORWARD_BACKWARD", "ts": "2026-10-04 16:29:58"}
[DBG] {"category": "FSDP", "component": "train", "compute_device": "cuda:1", "event": "fsdp_alias_pre_forward_unshard_exit", "handle_flat_param": {"device": "cuda:1", "dtype": "torch.bfloat16", "numel": 136135552, "shape": [136135552]}, "handle_needs_pre_forward_unshard": false, "handle_pg_backend": "nccl", "handle_pg_rank": 1, "handle_pg_world_size": 2, "handle_prefetched": false, "handle_rank": 1, "handle_uses_sharded_strategy": true, "handle_world_size": 2, "host": "d6b2a058c4be", "is_root": true, "limit_all_gathers": true, "pg_backend": "nccl", "pg_rank": 1, "pg_world_size": 2, "pid": 210661, "rank": 1, "training_state": "TrainingState.FORWARD_BACKWARD", "ts": "2026-10-04 16:29:58"}
[DBG] {"category": "FSDP", "component": "train", "compute_device": "cuda:1", "event": "fsdp_register_post_backward_hook_enter", "handle_flat_param": {"device": "cuda:1", "dtype": "torch.bfloat16", "numel": 136135552, "shape": [136135552]}, "handle_needs_pre_forward_unshard": false, "handle_pg_backend": "nccl", "handle_pg_rank": 1, "handle_pg_world_size": 2, "handle_prefetched": false, "handle_rank": 1, "handle_uses_sharded_strategy": true, "handle_world_size": 2, "host": "d6b2a058c4be", "is_root": true, "limit_all_gathers": true, "pg_backend": "nccl", "pg_rank": 1, "pg_world_size": 2, "pid": 210661, "rank": 1, "training_state": "TrainingState.FORWARD_BACKWARD", "ts": "2026-10-04 16:29:58"}
[DBG] {"category": "FSDP", "component": "train", "compute_device": "cuda:1", "event": "fsdp_register_post_backward_hook_exit", "handle_flat_param": {"device": "cuda:1", "dtype": "torch.bfloat16", "numel": 136135552, "shape": [136135552]}, "handle_needs_pre_forward_unshard": false, "handle_pg_backend": "nccl", "handle_pg_rank": 1, "handle_pg_world_size": 2, "handle_prefetched": false, "handle_rank": 1, "handle_uses_sharded_strategy": true, "handle_world_size": 2, "host": "d6b2a058c4be", "is_root": true, "limit_all_gathers": true, "pg_backend": "nccl", "pg_rank": 1, "pg_world_size": 2, "pid": 210661, "rank": 1, "training_state": "TrainingState.FORWARD_BACKWARD", "ts": "2026-10-04 16:29:58"}
[DBG] {"category": "FSDP", "component": "train", "compute_device": "cuda:1", "event": "fsdp_register_reshard_hook_enter", "handle_flat_param": {"device": "cuda:1", "dtype": "torch.bfloat16", "numel": 136135552, "shape": [136135552]}, "handle_needs_pre_forward_unshard": false, "handle_pg_backend": "nccl", "handle_pg_rank": 1, "handle_pg_world_size": 2, "handle_prefetched": false, "handle_rank": 1, "handle_uses_sharded_strategy": true, "handle_world_size": 2, "host": "d6b2a058c4be", "is_root": true, "limit_all_gathers": true, "pg_backend": "nccl", "pg_rank": 1, "pg_world_size": 2, "pid": 210661, "rank": 1, "training_state": "TrainingState.FORWARD_BACKWARD", "ts": "2026-10-04 16:29:58"}
[DBG] {"category": "FSDP", "component": "train", "compute_device": "cuda:1", "event": "fsdp_register_reshard_hook_exit", "handle_flat_param": {"device": "cuda:1", "dtype": "torch.bfloat16", "numel": 136135552, "shape": [136135552]}, "handle_needs_pre_forward_unshard": false, "handle_pg_backend": "nccl", "handle_pg_rank": 1, "handle_pg_world_size": 2, "handle_prefetched": false, "handle_rank": 1, "handle_uses_sharded_strategy": true, "handle_world_size": 2, "host": "d6b2a058c4be", "is_root": true, "limit_all_gathers": true, "pg_backend": "nccl", "pg_rank": 1, "pg_world_size": 2, "pid": 210661, "rank": 1, "training_state": "TrainingState.FORWARD_BACKWARD", "ts": "2026-10-04 16:29:58"}
[DBG] {"category": "FSDP", "component": "train", "compute_device": "cuda:1", "event": "fsdp_alias_pre_forward_exit", "handle_flat_param": {"device": "cuda:1", "dtype": "torch.bfloat16", "numel": 136135552, "shape": [136135552]}, "handle_needs_pre_forward_unshard": false, "handle_pg_backend": "nccl", "handle_pg_rank": 1, "handle_pg_world_size": 2, "handle_prefetched": false, "handle_rank": 1, "handle_uses_sharded_strategy": true, "handle_world_size": 2, "host": "d6b2a058c4be", "is_root": true, "limit_all_gathers": true, "pg_backend": "nccl", "pg_rank": 1, "pg_world_size": 2, "pid": 210661, "rank": 1, "training_state": "TrainingState.FORWARD_BACKWARD", "ts": "2026-10-04 16:29:58"}
