[DBG] {"category": "TRAIN", "component": "train", "event": "worker_entry", "host": "d6b2a058c4be", "pid": 185325, "rank": 0, "ts": "2026-10-04 16:01:48"}
[DBG] {"CUDA_VISIBLE_DEVICES": "1,2", "LOCAL_RANK": "0", "MASTER_ADDR": "172.20.0.2", "MASTER_PORT": "55009", "RANK": "0", "WORLD_SIZE": "2", "category": "TRAIN", "component": "train", "cuda_available": true, "cuda_device_count": 2, "current_device": 0, "device": "cuda:0", "event": "environment", "host": "d6b2a058c4be", "local_rank": 0, "local_world": 2, "node_rank": 0, "pid": 185325, "rank": 0, "torch": "2.13.0+cu130", "ts": "2026-10-04 16:01:48", "world": 2}
[DBG] {"category": "TRAIN", "component": "train", "event": "trainer_init", "global_batch_size": 4, "gradient_accumulation_steps": 1, "host": "d6b2a058c4be", "per_rank_batch_size": 2, "pid": 185325, "rank": 0, "sharding_strategy": "hybrid_shard", "ts": "2026-10-04 16:01:48"}
[DBG] {"category": "TRAIN", "component": "train", "event": "BEGIN:setup", "host": "d6b2a058c4be", "pid": 185325, "rank": 0, "ts": "2026-10-04 16:01:48"}
[DBG] {"category": "TRAIN", "component": "train", "event": "watchdog_armed", "host": "d6b2a058c4be", "pid": 185325, "rank": 0, "stage": "setup", "timeout_sec": 30.0, "ts": "2026-10-04 16:01:48"}
[DBG] {"category": "FSDP", "component": "train", "event": "BEGIN:hybrid_topology_check", "host": "d6b2a058c4be", "local_world": 2, "node_rank": 0, "pid": 185325, "rank": 0, "ts": "2026-10-04 16:01:48", "world": 2}
[DBG] {"category": "FSDP", "component": "train", "event": "watchdog_armed", "host": "d6b2a058c4be", "pid": 185325, "rank": 0, "stage": "hybrid_topology_check", "timeout_sec": 30.0, "ts": "2026-10-04 16:01:48"}
[DBG] {"category": "FSDP", "component": "train", "current_cuda_device": 0, "event": "topology_local_check", "host": "d6b2a058c4be", "local_world": 2, "node_rank": 0, "note": "collective topology probe intentionally skipped; FSDP owns group setup", "pid": 185325, "rank": 0, "ts": "2026-10-04 16:01:48", "world": 2}
[DBG] {"category": "FSDP", "component": "train", "elapsed_sec": 0.000285, "event": "END:hybrid_topology_check", "host": "d6b2a058c4be", "pid": 185325, "rank": 0, "ts": "2026-10-04 16:01:48"}
[DBG] {"category": "TRAIN", "component": "train", "event": "watchdog_armed", "host": "d6b2a058c4be", "pid": 185325, "rank": 0, "stage": "setup", "timeout_sec": 30.0, "ts": "2026-10-04 16:01:48"}
[DBG] {"backend": "gloo", "category": "TRAIN", "component": "train", "event": "BEGIN:control_group_create", "host": "d6b2a058c4be", "pid": 185325, "rank": 0, "ts": "2026-10-04 16:01:48"}
[DBG] {"category": "TRAIN", "component": "train", "event": "watchdog_armed", "host": "d6b2a058c4be", "pid": 185325, "rank": 0, "stage": "control_group_create", "timeout_sec": 30.0, "ts": "2026-10-04 16:01:48"}
[DBG] {"category": "TRAIN", "component": "train", "elapsed_sec": 0.001898, "event": "END:control_group_create", "host": "d6b2a058c4be", "pid": 185325, "rank": 0, "ts": "2026-10-04 16:01:48"}
[DBG] {"category": "TRAIN", "component": "train", "event": "watchdog_armed", "host": "d6b2a058c4be", "pid": 185325, "rank": 0, "stage": "setup", "timeout_sec": 30.0, "ts": "2026-10-04 16:01:48"}
[DBG] {"category": "TRAIN", "component": "train", "event": "BEGIN:tokenizer_load", "host": "d6b2a058c4be", "model": "Qwen/Qwen2.5-0.5B-Instruct", "pid": 185325, "rank": 0, "ts": "2026-10-04 16:01:48"}
[DBG] {"category": "TRAIN", "component": "train", "event": "watchdog_armed", "host": "d6b2a058c4be", "pid": 185325, "rank": 0, "stage": "tokenizer_load", "timeout_sec": 30.0, "ts": "2026-10-04 16:01:48"}
[DBG] {"category": "TRAIN", "component": "train", "elapsed_sec": 1.115409, "event": "END:tokenizer_load", "host": "d6b2a058c4be", "pid": 185325, "rank": 0, "ts": "2026-10-04 16:01:49"}
[DBG] {"category": "TRAIN", "component": "train", "event": "watchdog_armed", "host": "d6b2a058c4be", "pid": 185325, "rank": 0, "stage": "setup", "timeout_sec": 30.0, "ts": "2026-10-04 16:01:49"}
[DBG] {"category": "TRAIN", "component": "train", "dtype": "torch.bfloat16", "event": "BEGIN:model_load_cpu", "host": "d6b2a058c4be", "model": "Qwen/Qwen2.5-0.5B-Instruct", "pid": 185325, "rank": 0, "ts": "2026-10-04 16:01:49"}
[DBG] {"category": "TRAIN", "component": "train", "event": "watchdog_armed", "host": "d6b2a058c4be", "pid": 185325, "rank": 0, "stage": "model_load_cpu", "timeout_sec": 30.0, "ts": "2026-10-04 16:01:49"}
[DBG] {"category": "TRAIN", "component": "train", "elapsed_sec": 0.490918, "event": "END:model_load_cpu", "host": "d6b2a058c4be", "pid": 185325, "rank": 0, "ts": "2026-10-04 16:01:50"}
[DBG] {"category": "TRAIN", "component": "train", "event": "watchdog_armed", "host": "d6b2a058c4be", "pid": 185325, "rank": 0, "stage": "setup", "timeout_sec": 30.0, "ts": "2026-10-04 16:01:50"}
[DBG] {"category": "TRAIN", "component": "train", "event": "BEGIN:gradient_checkpointing_enable", "host": "d6b2a058c4be", "pid": 185325, "rank": 0, "ts": "2026-10-04 16:01:50"}
[DBG] {"category": "TRAIN", "component": "train", "event": "watchdog_armed", "host": "d6b2a058c4be", "pid": 185325, "rank": 0, "stage": "gradient_checkpointing_enable", "timeout_sec": 30.0, "ts": "2026-10-04 16:01:50"}
[DBG] {"category": "TRAIN", "component": "train", "elapsed_sec": 0.003143, "event": "END:gradient_checkpointing_enable", "host": "d6b2a058c4be", "pid": 185325, "rank": 0, "ts": "2026-10-04 16:01:50"}
[DBG] {"category": "TRAIN", "component": "train", "event": "watchdog_armed", "host": "d6b2a058c4be", "pid": 185325, "rank": 0, "stage": "setup", "timeout_sec": 30.0, "ts": "2026-10-04 16:01:50"}
[DBG] {"category": "FSDP", "component": "train", "event": "BEGIN:install_internal_runtime_debug", "host": "d6b2a058c4be", "pid": 185325, "rank": 0, "ts": "2026-10-04 16:01:50"}
[DBG] {"category": "FSDP", "component": "train", "event": "watchdog_armed", "host": "d6b2a058c4be", "pid": 185325, "rank": 0, "stage": "install_internal_runtime_debug", "timeout_sec": 30.0, "ts": "2026-10-04 16:01:50"}
[DBG] {"category": "FSDP", "collectives": ["all_gather_into_tensor", "all_gather"], "component": "train", "event": "fsdp_internal_debug_ready", "fsdp_forward_aliases": ["_root_pre_forward", "_pre_forward", "_pre_forward_unshard", "_post_forward", "_post_forward_reshard"], "handle_methods": ["pre_unshard", "_alloc_padded_unsharded_flat_param", "unshard", "_all_gather_flat_param", "_use_unsharded_flat_param", "post_unshard"], "host": "d6b2a058c4be", "pid": 185325, "post_unshard_helpers": ["_prefetch_handle", "_register_post_backward_hook", "_register_post_backward_reshard_only_hook", "_cast_forward_inputs", "_root_cast_forward_input", "_to_kwargs", "_reset_flat_param_grad_info_if_needed"], "rank": 0, "runtime_functions": ["_root_pre_forward", "_lazy_init", "_init_streams", "_share_state_and_init_handle_attrs", "_wait_for_computation_stream", "_pre_forward", "_pre_forward_unshard", "_unshard"], "ts": "2026-10-04 16:01:50"}
[DBG] {"category": "FSDP", "component": "train", "elapsed_sec": 0.00093, "event": "END:install_internal_runtime_debug", "host": "d6b2a058c4be", "pid": 185325, "rank": 0, "ts": "2026-10-04 16:01:50"}
[DBG] {"category": "TRAIN", "component": "train", "event": "watchdog_armed", "host": "d6b2a058c4be", "pid": 185325, "rank": 0, "stage": "setup", "timeout_sec": 30.0, "ts": "2026-10-04 16:01:50"}
[DBG] {"category": "FSDP", "component": "train", "event": "BEGIN:find_transformer_layers", "host": "d6b2a058c4be", "pid": 185325, "rank": 0, "ts": "2026-10-04 16:01:50"}
[DBG] {"category": "FSDP", "component": "train", "event": "watchdog_armed", "host": "d6b2a058c4be", "pid": 185325, "rank": 0, "stage": "find_transformer_layers", "timeout_sec": 30.0, "ts": "2026-10-04 16:01:50"}
[DBG] {"category": "FSDP", "component": "train", "elapsed_sec": 0.001199, "event": "END:find_transformer_layers", "host": "d6b2a058c4be", "pid": 185325, "rank": 0, "ts": "2026-10-04 16:01:50"}
[DBG] {"category": "TRAIN", "component": "train", "event": "watchdog_armed", "host": "d6b2a058c4be", "pid": 185325, "rank": 0, "stage": "setup", "timeout_sec": 30.0, "ts": "2026-10-04 16:01:50"}
[DBG] {"category": "FSDP", "component": "train", "event": "sharding_strategy_resolved", "host": "d6b2a058c4be", "local_world": 2, "pid": 185325, "rank": 0, "reason": "single_node_world_equals_local_world", "requested": "hybrid_shard", "resolved": "full_shard", "ts": "2026-10-04 16:01:50", "world": 2}
[DBG] {"category": "FSDP", "component": "train", "device": "cuda:0", "event": "wrap_config", "host": "d6b2a058c4be", "pid": 185325, "rank": 0, "strategy": "ShardingStrategy.FULL_SHARD", "transformer_layers": ["Qwen2DecoderLayer"], "ts": "2026-10-04 16:01:50"}
[DBG] {"category": "FSDP", "component": "train", "device": "cuda:0", "event": "BEGIN:fsdp_wrap", "host": "d6b2a058c4be", "pid": 185325, "rank": 0, "strategy": "hybrid_shard", "ts": "2026-10-04 16:01:50"}
[DBG] {"category": "FSDP", "component": "train", "event": "watchdog_armed", "host": "d6b2a058c4be", "pid": 185325, "rank": 0, "stage": "fsdp_wrap", "timeout_sec": 30.0, "ts": "2026-10-04 16:01:50"}
[DBG] {"category": "FSDP", "component": "train", "elapsed_sec": 0.250063, "event": "END:fsdp_wrap", "host": "d6b2a058c4be", "pid": 185325, "rank": 0, "ts": "2026-10-04 16:01:50"}
[DBG] {"category": "TRAIN", "component": "train", "event": "watchdog_armed", "host": "d6b2a058c4be", "pid": 185325, "rank": 0, "stage": "setup", "timeout_sec": 30.0, "ts": "2026-10-04 16:01:50"}
[DBG] {"category": "FSDP", "component": "train", "event": "BEGIN:install_forward_debug_hooks", "host": "d6b2a058c4be", "pid": 185325, "rank": 0, "ts": "2026-10-04 16:01:50"}
[DBG] {"category": "FSDP", "component": "train", "event": "watchdog_armed", "host": "d6b2a058c4be", "pid": 185325, "rank": 0, "stage": "install_forward_debug_hooks", "timeout_sec": 30.0, "ts": "2026-10-04 16:01:50"}
[DBG] {"category": "FSDP", "component": "train", "event": "forward_debug_hooks_ready", "host": "d6b2a058c4be", "pid": 185325, "rank": 0, "traced_modules": 49, "transformer_classes": ["Qwen2DecoderLayer"], "ts": "2026-10-04 16:01:50"}
[DBG] {"category": "FSDP", "component": "train", "elapsed_sec": 0.001085, "event": "END:install_forward_debug_hooks", "host": "d6b2a058c4be", "pid": 185325, "rank": 0, "ts": "2026-10-04 16:01:50"}
[DBG] {"category": "TRAIN", "component": "train", "event": "watchdog_armed", "host": "d6b2a058c4be", "pid": 185325, "rank": 0, "stage": "setup", "timeout_sec": 30.0, "ts": "2026-10-04 16:01:50"}
[DBG] {"category": "TRAIN", "component": "train", "event": "BEGIN:bf16_parameter_check", "host": "d6b2a058c4be", "pid": 185325, "rank": 0, "ts": "2026-10-04 16:01:50"}
[DBG] {"category": "TRAIN", "component": "train", "event": "watchdog_armed", "host": "d6b2a058c4be", "pid": 185325, "rank": 0, "stage": "bf16_parameter_check", "timeout_sec": 30.0, "ts": "2026-10-04 16:01:50"}
[DBG] {"category": "TRAIN", "component": "train", "elapsed_sec": 0.000843, "event": "END:bf16_parameter_check", "host": "d6b2a058c4be", "pid": 185325, "rank": 0, "ts": "2026-10-04 16:01:50"}
[DBG] {"category": "TRAIN", "component": "train", "event": "watchdog_armed", "host": "d6b2a058c4be", "pid": 185325, "rank": 0, "stage": "setup", "timeout_sec": 30.0, "ts": "2026-10-04 16:01:50"}
[DBG] {"category": "TRAIN", "component": "train", "event": "BEGIN:optimizer_create", "host": "d6b2a058c4be", "pid": 185325, "rank": 0, "ts": "2026-10-04 16:01:50"}
[DBG] {"category": "TRAIN", "component": "train", "event": "watchdog_armed", "host": "d6b2a058c4be", "pid": 185325, "rank": 0, "stage": "optimizer_create", "timeout_sec": 30.0, "ts": "2026-10-04 16:01:50"}
[DBG] {"category": "TRAIN", "component": "train", "elapsed_sec": 0.000891, "event": "END:optimizer_create", "host": "d6b2a058c4be", "pid": 185325, "rank": 0, "ts": "2026-10-04 16:01:50"}
[DBG] {"category": "TRAIN", "component": "train", "event": "watchdog_armed", "host": "d6b2a058c4be", "pid": 185325, "rank": 0, "stage": "setup", "timeout_sec": 30.0, "ts": "2026-10-04 16:01:50"}
[DBG] {"category": "TRAIN", "component": "train", "event": "setup_done", "host": "d6b2a058c4be", "model_type": "FullyShardedDataParallel", "pid": 185325, "rank": 0, "ts": "2026-10-04 16:01:50"}
[DBG] {"category": "TRAIN", "component": "train", "elapsed_sec": 1.870511, "event": "END:setup", "host": "d6b2a058c4be", "pid": 185325, "rank": 0, "ts": "2026-10-04 16:01:50"}
[DBG] {"category": "TRAIN", "component": "train", "event": "train_loop_ready", "host": "d6b2a058c4be", "pid": 185325, "rank": 0, "ts": "2026-10-04 16:01:50"}
[DBG] {"category": "RAY", "component": "train", "event": "BEGIN:control_should_stop", "host": "d6b2a058c4be", "pid": 185325, "rank": 0, "ts": "2026-10-04 16:01:50"}
[DBG] {"category": "RAY", "component": "train", "event": "watchdog_armed", "host": "d6b2a058c4be", "pid": 185325, "rank": 0, "stage": "control_should_stop", "timeout_sec": 30.0, "ts": "2026-10-04 16:01:50"}
[DBG] {"category": "RAY", "component": "train", "elapsed_sec": 0.006129, "event": "END:control_should_stop", "host": "d6b2a058c4be", "pid": 185325, "rank": 0, "ts": "2026-10-04 16:01:50"}
[DBG] {"category": "TRAIN", "component": "train", "event": "BEGIN:broadcast_stop_flag", "host": "d6b2a058c4be", "pid": 185325, "rank": 0, "transport": "gloo_cpu", "ts": "2026-10-04 16:01:50", "value": false}
[DBG] {"category": "TRAIN", "component": "train", "event": "watchdog_armed", "host": "d6b2a058c4be", "pid": 185325, "rank": 0, "stage": "broadcast_stop_flag", "timeout_sec": 30.0, "ts": "2026-10-04 16:01:50"}
[DBG] {"category": "TRAIN", "component": "train", "elapsed_sec": 0.002168, "event": "END:broadcast_stop_flag", "host": "d6b2a058c4be", "pid": 185325, "rank": 0, "ts": "2026-10-04 16:01:50"}
[DBG] {"category": "QUEUE", "component": "train", "event": "BEGIN:preference_size_before_pop", "host": "d6b2a058c4be", "pid": 185325, "rank": 0, "ts": "2026-10-04 16:01:50"}
[DBG] {"category": "QUEUE", "component": "train", "event": "watchdog_armed", "host": "d6b2a058c4be", "pid": 185325, "rank": 0, "stage": "preference_size_before_pop", "timeout_sec": 30.0, "ts": "2026-10-04 16:01:50"}
[DBG] {"category": "QUEUE", "component": "train", "elapsed_sec": 0.005837, "event": "END:preference_size_before_pop", "host": "d6b2a058c4be", "pid": 185325, "rank": 0, "ts": "2026-10-04 16:01:50"}
[DBG] {"category": "QUEUE", "component": "train", "event": "trainer_queue_state", "host": "d6b2a058c4be", "pending": 0, "pid": 185325, "policy_version": 0, "rank": 0, "required": 4, "ts": "2026-10-04 16:01:50"}
[DBG] {"category": "QUEUE", "component": "train", "current_version": 0, "event": "BEGIN:preference_pop", "host": "d6b2a058c4be", "pid": 185325, "rank": 0, "requested": 4, "ts": "2026-10-04 16:01:50"}
[DBG] {"category": "QUEUE", "component": "train", "event": "watchdog_armed", "host": "d6b2a058c4be", "pid": 185325, "rank": 0, "stage": "preference_pop", "timeout_sec": 30.0, "ts": "2026-10-04 16:01:50"}
[DBG] {"category": "QUEUE", "component": "train", "elapsed_sec": 0.004728, "event": "END:preference_pop", "host": "d6b2a058c4be", "pid": 185325, "rank": 0, "ts": "2026-10-04 16:01:50"}
[DBG] {"category": "TRAIN", "component": "train", "empty_polls": 1, "event": "waiting_for_preference_batch", "host": "d6b2a058c4be", "pending": 0, "pid": 185325, "rank": 0, "required": 4, "ts": "2026-10-04 16:01:50"}
[DBG] {"category": "TRAIN", "component": "train", "event": "BEGIN:broadcast_preference_payload", "has_payload": false, "host": "d6b2a058c4be", "pid": 185325, "rank": 0, "transport": "json_uint8_gloo", "ts": "2026-10-04 16:01:50"}
[DBG] {"category": "TRAIN", "component": "train", "event": "watchdog_armed", "host": "d6b2a058c4be", "pid": 185325, "rank": 0, "stage": "broadcast_preference_payload", "timeout_sec": 30.0, "ts": "2026-10-04 16:01:50"}
[DBG] {"bytes": 0, "category": "TRAIN", "component": "train", "event": "BEGIN:broadcast_preference_length", "host": "d6b2a058c4be", "pid": 185325, "rank": 0, "transport": "gloo_cpu", "ts": "2026-10-04 16:01:50"}
[DBG] {"category": "TRAIN", "component": "train", "event": "watchdog_armed", "host": "d6b2a058c4be", "pid": 185325, "rank": 0, "stage": "broadcast_preference_length", "timeout_sec": 30.0, "ts": "2026-10-04 16:01:50"}
[DBG] {"category": "TRAIN", "component": "train", "elapsed_sec": 0.001291, "event": "END:broadcast_preference_length", "host": "d6b2a058c4be", "pid": 185325, "rank": 0, "ts": "2026-10-04 16:01:50"}
[DBG] {"category": "TRAIN", "component": "train", "event": "watchdog_armed", "host": "d6b2a058c4be", "pid": 185325, "rank": 0, "stage": "broadcast_preference_payload", "timeout_sec": 30.0, "ts": "2026-10-04 16:01:50"}
[DBG] {"category": "TRAIN", "component": "train", "elapsed_sec": 0.001671, "event": "END:broadcast_preference_payload", "host": "d6b2a058c4be", "pid": 185325, "rank": 0, "ts": "2026-10-04 16:01:50"}
[DBG] {"category": "RAY", "component": "train", "event": "BEGIN:control_should_stop", "host": "d6b2a058c4be", "pid": 185325, "rank": 0, "ts": "2026-10-04 16:01:51"}
[DBG] {"category": "RAY", "component": "train", "event": "watchdog_armed", "host": "d6b2a058c4be", "pid": 185325, "rank": 0, "stage": "control_should_stop", "timeout_sec": 30.0, "ts": "2026-10-04 16:01:51"}
[DBG] {"category": "RAY", "component": "train", "elapsed_sec": 0.001972, "event": "END:control_should_stop", "host": "d6b2a058c4be", "pid": 185325, "rank": 0, "ts": "2026-10-04 16:01:51"}
[DBG] {"category": "TRAIN", "component": "train", "event": "BEGIN:broadcast_stop_flag", "host": "d6b2a058c4be", "pid": 185325, "rank": 0, "transport": "gloo_cpu", "ts": "2026-10-04 16:01:51", "value": false}
[DBG] {"category": "TRAIN", "component": "train", "event": "watchdog_armed", "host": "d6b2a058c4be", "pid": 185325, "rank": 0, "stage": "broadcast_stop_flag", "timeout_sec": 30.0, "ts": "2026-10-04 16:01:51"}
[DBG] {"category": "TRAIN", "component": "train", "elapsed_sec": 0.001628, "event": "END:broadcast_stop_flag", "host": "d6b2a058c4be", "pid": 185325, "rank": 0, "ts": "2026-10-04 16:01:51"}
[DBG] {"category": "QUEUE", "component": "train", "event": "BEGIN:preference_size_before_pop", "host": "d6b2a058c4be", "pid": 185325, "rank": 0, "ts": "2026-10-04 16:01:51"}
[DBG] {"category": "QUEUE", "component": "train", "event": "watchdog_armed", "host": "d6b2a058c4be", "pid": 185325, "rank": 0, "stage": "preference_size_before_pop", "timeout_sec": 30.0, "ts": "2026-10-04 16:01:51"}
[DBG] {"category": "QUEUE", "component": "train", "elapsed_sec": 0.003039, "event": "END:preference_size_before_pop", "host": "d6b2a058c4be", "pid": 185325, "rank": 0, "ts": "2026-10-04 16:01:51"}
[DBG] {"category": "QUEUE", "component": "train", "event": "trainer_queue_state", "host": "d6b2a058c4be", "pending": 0, "pid": 185325, "policy_version": 0, "rank": 0, "required": 4, "ts": "2026-10-04 16:01:51"}
[DBG] {"category": "QUEUE", "component": "train", "current_version": 0, "event": "BEGIN:preference_pop", "host": "d6b2a058c4be", "pid": 185325, "rank": 0, "requested": 4, "ts": "2026-10-04 16:01:51"}
[DBG] {"category": "QUEUE", "component": "train", "event": "watchdog_armed", "host": "d6b2a058c4be", "pid": 185325, "rank": 0, "stage": "preference_pop", "timeout_sec": 30.0, "ts": "2026-10-04 16:01:51"}
[DBG] {"category": "QUEUE", "component": "train", "elapsed_sec": 0.004877, "event": "END:preference_pop", "host": "d6b2a058c4be", "pid": 185325, "rank": 0, "ts": "2026-10-04 16:01:51"}
[DBG] {"category": "TRAIN", "component": "train", "event": "BEGIN:broadcast_preference_payload", "has_payload": false, "host": "d6b2a058c4be", "pid": 185325, "rank": 0, "transport": "json_uint8_gloo", "ts": "2026-10-04 16:01:51"}
[DBG] {"category": "TRAIN", "component": "train", "event": "watchdog_armed", "host": "d6b2a058c4be", "pid": 185325, "rank": 0, "stage": "broadcast_preference_payload", "timeout_sec": 30.0, "ts": "2026-10-04 16:01:51"}
[DBG] {"bytes": 0, "category": "TRAIN", "component": "train", "event": "BEGIN:broadcast_preference_length", "host": "d6b2a058c4be", "pid": 185325, "rank": 0, "transport": "gloo_cpu", "ts": "2026-10-04 16:01:51"}
[DBG] {"category": "TRAIN", "component": "train", "event": "watchdog_armed", "host": "d6b2a058c4be", "pid": 185325, "rank": 0, "stage": "broadcast_preference_length", "timeout_sec": 30.0, "ts": "2026-10-04 16:01:51"}
[DBG] {"category": "TRAIN", "component": "train", "elapsed_sec": 0.001923, "event": "END:broadcast_preference_length", "host": "d6b2a058c4be", "pid": 185325, "rank": 0, "ts": "2026-10-04 16:01:51"}
[DBG] {"category": "TRAIN", "component": "train", "event": "watchdog_armed", "host": "d6b2a058c4be", "pid": 185325, "rank": 0, "stage": "broadcast_preference_payload", "timeout_sec": 30.0, "ts": "2026-10-04 16:01:51"}
[DBG] {"category": "TRAIN", "component": "train", "elapsed_sec": 0.002785, "event": "END:broadcast_preference_payload", "host": "d6b2a058c4be", "pid": 185325, "rank": 0, "ts": "2026-10-04 16:01:51"}
[DBG] {"category": "RAY", "component": "train", "event": "BEGIN:control_should_stop", "host": "d6b2a058c4be", "pid": 185325, "rank": 0, "ts": "2026-10-04 16:01:51"}
[DBG] {"category": "RAY", "component": "train", "event": "watchdog_armed", "host": "d6b2a058c4be", "pid": 185325, "rank": 0, "stage": "control_should_stop", "timeout_sec": 30.0, "ts": "2026-10-04 16:01:51"}
[DBG] {"category": "RAY", "component": "train", "elapsed_sec": 0.002708, "event": "END:control_should_stop", "host": "d6b2a058c4be", "pid": 185325, "rank": 0, "ts": "2026-10-04 16:01:51"}
[DBG] {"category": "TRAIN", "component": "train", "event": "BEGIN:broadcast_stop_flag", "host": "d6b2a058c4be", "pid": 185325, "rank": 0, "transport": "gloo_cpu", "ts": "2026-10-04 16:01:51", "value": false}
[DBG] {"category": "TRAIN", "component": "train", "event": "watchdog_armed", "host": "d6b2a058c4be", "pid": 185325, "rank": 0, "stage": "broadcast_stop_flag", "timeout_sec": 30.0, "ts": "2026-10-04 16:01:51"}
[DBG] {"category": "TRAIN", "component": "train", "elapsed_sec": 0.001663, "event": "END:broadcast_stop_flag", "host": "d6b2a058c4be", "pid": 185325, "rank": 0, "ts": "2026-10-04 16:01:51"}
[DBG] {"category": "QUEUE", "component": "train", "event": "BEGIN:preference_size_before_pop", "host": "d6b2a058c4be", "pid": 185325, "rank": 0, "ts": "2026-10-04 16:01:51"}
[DBG] {"category": "QUEUE", "component": "train", "event": "watchdog_armed", "host": "d6b2a058c4be", "pid": 185325, "rank": 0, "stage": "preference_size_before_pop", "timeout_sec": 30.0, "ts": "2026-10-04 16:01:51"}
[DBG] {"category": "QUEUE", "component": "train", "elapsed_sec": 0.003632, "event": "END:preference_size_before_pop", "host": "d6b2a058c4be", "pid": 185325, "rank": 0, "ts": "2026-10-04 16:01:51"}
[DBG] {"category": "QUEUE", "component": "train", "event": "trainer_queue_state", "host": "d6b2a058c4be", "pending": 0, "pid": 185325, "policy_version": 0, "rank": 0, "required": 4, "ts": "2026-10-04 16:01:51"}
[DBG] {"category": "QUEUE", "component": "train", "current_version": 0, "event": "BEGIN:preference_pop", "host": "d6b2a058c4be", "pid": 185325, "rank": 0, "requested": 4, "ts": "2026-10-04 16:01:51"}
[DBG] {"category": "QUEUE", "component": "train", "event": "watchdog_armed", "host": "d6b2a058c4be", "pid": 185325, "rank": 0, "stage": "preference_pop", "timeout_sec": 30.0, "ts": "2026-10-04 16:01:51"}
[DBG] {"category": "QUEUE", "component": "train", "elapsed_sec": 0.005266, "event": "END:preference_pop", "host": "d6b2a058c4be", "pid": 185325, "rank": 0, "ts": "2026-10-04 16:01:51"}
[DBG] {"category": "TRAIN", "component": "train", "event": "BEGIN:broadcast_preference_payload", "has_payload": false, "host": "d6b2a058c4be", "pid": 185325, "rank": 0, "transport": "json_uint8_gloo", "ts": "2026-10-04 16:01:51"}
[DBG] {"category": "TRAIN", "component": "train", "event": "watchdog_armed", "host": "d6b2a058c4be", "pid": 185325, "rank": 0, "stage": "broadcast_preference_payload", "timeout_sec": 30.0, "ts": "2026-10-04 16:01:51"}
[DBG] {"bytes": 0, "category": "TRAIN", "component": "train", "event": "BEGIN:broadcast_preference_length", "host": "d6b2a058c4be", "pid": 185325, "rank": 0, "transport": "gloo_cpu", "ts": "2026-10-04 16:01:51"}
[DBG] {"category": "TRAIN", "component": "train", "event": "watchdog_armed", "host": "d6b2a058c4be", "pid": 185325, "rank": 0, "stage": "broadcast_preference_length", "timeout_sec": 30.0, "ts": "2026-10-04 16:01:51"}
[DBG] {"category": "TRAIN", "component": "train", "elapsed_sec": 0.001844, "event": "END:broadcast_preference_length", "host": "d6b2a058c4be", "pid": 185325, "rank": 0, "ts": "2026-10-04 16:01:51"}
[DBG] {"category": "TRAIN", "component": "train", "event": "watchdog_armed", "host": "d6b2a058c4be", "pid": 185325, "rank": 0, "stage": "broadcast_preference_payload", "timeout_sec": 30.0, "ts": "2026-10-04 16:01:51"}
[DBG] {"category": "TRAIN", "component": "train", "elapsed_sec": 0.002987, "event": "END:broadcast_preference_payload", "host": "d6b2a058c4be", "pid": 185325, "rank": 0, "ts": "2026-10-04 16:01:51"}
[DBG] {"category": "RAY", "component": "train", "event": "BEGIN:control_should_stop", "host": "d6b2a058c4be", "pid": 185325, "rank": 0, "ts": "2026-10-04 16:01:52"}
[DBG] {"category": "RAY", "component": "train", "event": "watchdog_armed", "host": "d6b2a058c4be", "pid": 185325, "rank": 0, "stage": "control_should_stop", "timeout_sec": 30.0, "ts": "2026-10-04 16:01:52"}
[DBG] {"category": "RAY", "component": "train", "elapsed_sec": 0.003191, "event": "END:control_should_stop", "host": "d6b2a058c4be", "pid": 185325, "rank": 0, "ts": "2026-10-04 16:01:52"}
[DBG] {"category": "TRAIN", "component": "train", "event": "BEGIN:broadcast_stop_flag", "host": "d6b2a058c4be", "pid": 185325, "rank": 0, "transport": "gloo_cpu", "ts": "2026-10-04 16:01:52", "value": false}
[DBG] {"category": "TRAIN", "component": "train", "event": "watchdog_armed", "host": "d6b2a058c4be", "pid": 185325, "rank": 0, "stage": "broadcast_stop_flag", "timeout_sec": 30.0, "ts": "2026-10-04 16:01:52"}
[DBG] {"category": "TRAIN", "component": "train", "elapsed_sec": 0.001088, "event": "END:broadcast_stop_flag", "host": "d6b2a058c4be", "pid": 185325, "rank": 0, "ts": "2026-10-04 16:01:52"}
[DBG] {"category": "QUEUE", "component": "train", "event": "BEGIN:preference_size_before_pop", "host": "d6b2a058c4be", "pid": 185325, "rank": 0, "ts": "2026-10-04 16:01:52"}
[DBG] {"category": "QUEUE", "component": "train", "event": "watchdog_armed", "host": "d6b2a058c4be", "pid": 185325, "rank": 0, "stage": "preference_size_before_pop", "timeout_sec": 30.0, "ts": "2026-10-04 16:01:52"}
[DBG] {"category": "QUEUE", "component": "train", "elapsed_sec": 0.002555, "event": "END:preference_size_before_pop", "host": "d6b2a058c4be", "pid": 185325, "rank": 0, "ts": "2026-10-04 16:01:52"}
[DBG] {"category": "QUEUE", "component": "train", "event": "trainer_queue_state", "host": "d6b2a058c4be", "pending": 0, "pid": 185325, "policy_version": 0, "rank": 0, "required": 4, "ts": "2026-10-04 16:01:52"}
[DBG] {"category": "QUEUE", "component": "train", "current_version": 0, "event": "BEGIN:preference_pop", "host": "d6b2a058c4be", "pid": 185325, "rank": 0, "requested": 4, "ts": "2026-10-04 16:01:52"}
[DBG] {"category": "QUEUE", "component": "train", "event": "watchdog_armed", "host": "d6b2a058c4be", "pid": 185325, "rank": 0, "stage": "preference_pop", "timeout_sec": 30.0, "ts": "2026-10-04 16:01:52"}
[DBG] {"category": "QUEUE", "component": "train", "elapsed_sec": 0.002813, "event": "END:preference_pop", "host": "d6b2a058c4be", "pid": 185325, "rank": 0, "ts": "2026-10-04 16:01:52"}
[DBG] {"category": "TRAIN", "component": "train", "event": "BEGIN:broadcast_preference_payload", "has_payload": false, "host": "d6b2a058c4be", "pid": 185325, "rank": 0, "transport": "json_uint8_gloo", "ts": "2026-10-04 16:01:52"}
[DBG] {"category": "TRAIN", "component": "train", "event": "watchdog_armed", "host": "d6b2a058c4be", "pid": 185325, "rank": 0, "stage": "broadcast_preference_payload", "timeout_sec": 30.0, "ts": "2026-10-04 16:01:52"}
[DBG] {"bytes": 0, "category": "TRAIN", "component": "train", "event": "BEGIN:broadcast_preference_length", "host": "d6b2a058c4be", "pid": 185325, "rank": 0, "transport": "gloo_cpu", "ts": "2026-10-04 16:01:52"}
[DBG] {"category": "TRAIN", "component": "train", "event": "watchdog_armed", "host": "d6b2a058c4be", "pid": 185325, "rank": 0, "stage": "broadcast_preference_length", "timeout_sec": 30.0, "ts": "2026-10-04 16:01:52"}
[DBG] {"category": "TRAIN", "component": "train", "elapsed_sec": 0.001003, "event": "END:broadcast_preference_length", "host": "d6b2a058c4be", "pid": 185325, "rank": 0, "ts": "2026-10-04 16:01:52"}
[DBG] {"category": "TRAIN", "component": "train", "event": "watchdog_armed", "host": "d6b2a058c4be", "pid": 185325, "rank": 0, "stage": "broadcast_preference_payload", "timeout_sec": 30.0, "ts": "2026-10-04 16:01:52"}
[DBG] {"category": "TRAIN", "component": "train", "elapsed_sec": 0.001472, "event": "END:broadcast_preference_payload", "host": "d6b2a058c4be", "pid": 185325, "rank": 0, "ts": "2026-10-04 16:01:52"}
[DBG] {"category": "RAY", "component": "train", "event": "BEGIN:control_should_stop", "host": "d6b2a058c4be", "pid": 185325, "rank": 0, "ts": "2026-10-04 16:01:52"}
[DBG] {"category": "RAY", "component": "train", "event": "watchdog_armed", "host": "d6b2a058c4be", "pid": 185325, "rank": 0, "stage": "control_should_stop", "timeout_sec": 30.0, "ts": "2026-10-04 16:01:52"}
[DBG] {"category": "RAY", "component": "train", "elapsed_sec": 0.002823, "event": "END:control_should_stop", "host": "d6b2a058c4be", "pid": 185325, "rank": 0, "ts": "2026-10-04 16:01:52"}
[DBG] {"category": "TRAIN", "component": "train", "event": "BEGIN:broadcast_stop_flag", "host": "d6b2a058c4be", "pid": 185325, "rank": 0, "transport": "gloo_cpu", "ts": "2026-10-04 16:01:52", "value": false}
[DBG] {"category": "TRAIN", "component": "train", "event": "watchdog_armed", "host": "d6b2a058c4be", "pid": 185325, "rank": 0, "stage": "broadcast_stop_flag", "timeout_sec": 30.0, "ts": "2026-10-04 16:01:52"}
[DBG] {"category": "TRAIN", "component": "train", "elapsed_sec": 0.002176, "event": "END:broadcast_stop_flag", "host": "d6b2a058c4be", "pid": 185325, "rank": 0, "ts": "2026-10-04 16:01:52"}
[DBG] {"category": "QUEUE", "component": "train", "event": "BEGIN:preference_size_before_pop", "host": "d6b2a058c4be", "pid": 185325, "rank": 0, "ts": "2026-10-04 16:01:52"}
[DBG] {"category": "QUEUE", "component": "train", "event": "watchdog_armed", "host": "d6b2a058c4be", "pid": 185325, "rank": 0, "stage": "preference_size_before_pop", "timeout_sec": 30.0, "ts": "2026-10-04 16:01:52"}
[DBG] {"category": "QUEUE", "component": "train", "elapsed_sec": 0.004013, "event": "END:preference_size_before_pop", "host": "d6b2a058c4be", "pid": 185325, "rank": 0, "ts": "2026-10-04 16:01:52"}
[DBG] {"category": "QUEUE", "component": "train", "event": "trainer_queue_state", "host": "d6b2a058c4be", "pending": 0, "pid": 185325, "policy_version": 0, "rank": 0, "required": 4, "ts": "2026-10-04 16:01:52"}
[DBG] {"category": "QUEUE", "component": "train", "current_version": 0, "event": "BEGIN:preference_pop", "host": "d6b2a058c4be", "pid": 185325, "rank": 0, "requested": 4, "ts": "2026-10-04 16:01:52"}
[DBG] {"category": "QUEUE", "component": "train", "event": "watchdog_armed", "host": "d6b2a058c4be", "pid": 185325, "rank": 0, "stage": "preference_pop", "timeout_sec": 30.0, "ts": "2026-10-04 16:01:52"}
[DBG] {"category": "QUEUE", "component": "train", "elapsed_sec": 0.005615, "event": "END:preference_pop", "host": "d6b2a058c4be", "pid": 185325, "rank": 0, "ts": "2026-10-04 16:01:52"}
[DBG] {"category": "TRAIN", "component": "train", "event": "BEGIN:broadcast_preference_payload", "has_payload": false, "host": "d6b2a058c4be", "pid": 185325, "rank": 0, "transport": "json_uint8_gloo", "ts": "2026-10-04 16:01:52"}
[DBG] {"category": "TRAIN", "component": "train", "event": "watchdog_armed", "host": "d6b2a058c4be", "pid": 185325, "rank": 0, "stage": "broadcast_preference_payload", "timeout_sec": 30.0, "ts": "2026-10-04 16:01:52"}
[DBG] {"bytes": 0, "category": "TRAIN", "component": "train", "event": "BEGIN:broadcast_preference_length", "host": "d6b2a058c4be", "pid": 185325, "rank": 0, "transport": "gloo_cpu", "ts": "2026-10-04 16:01:52"}
[DBG] {"category": "TRAIN", "component": "train", "event": "watchdog_armed", "host": "d6b2a058c4be", "pid": 185325, "rank": 0, "stage": "broadcast_preference_length", "timeout_sec": 30.0, "ts": "2026-10-04 16:01:52"}
[DBG] {"category": "TRAIN", "component": "train", "elapsed_sec": 0.001404, "event": "END:broadcast_preference_length", "host": "d6b2a058c4be", "pid": 185325, "rank": 0, "ts": "2026-10-04 16:01:52"}
[DBG] {"category": "TRAIN", "component": "train", "event": "watchdog_armed", "host": "d6b2a058c4be", "pid": 185325, "rank": 0, "stage": "broadcast_preference_payload", "timeout_sec": 30.0, "ts": "2026-10-04 16:01:52"}
[DBG] {"category": "TRAIN", "component": "train", "elapsed_sec": 0.002372, "event": "END:broadcast_preference_payload", "host": "d6b2a058c4be", "pid": 185325, "rank": 0, "ts": "2026-10-04 16:01:52"}
[DBG] {"category": "RAY", "component": "train", "event": "BEGIN:control_should_stop", "host": "d6b2a058c4be", "pid": 185325, "rank": 0, "ts": "2026-10-04 16:01:53"}
[DBG] {"category": "RAY", "component": "train", "event": "watchdog_armed", "host": "d6b2a058c4be", "pid": 185325, "rank": 0, "stage": "control_should_stop", "timeout_sec": 30.0, "ts": "2026-10-04 16:01:53"}
[DBG] {"category": "RAY", "component": "train", "elapsed_sec": 0.003008, "event": "END:control_should_stop", "host": "d6b2a058c4be", "pid": 185325, "rank": 0, "ts": "2026-10-04 16:01:53"}
[DBG] {"category": "TRAIN", "component": "train", "event": "BEGIN:broadcast_stop_flag", "host": "d6b2a058c4be", "pid": 185325, "rank": 0, "transport": "gloo_cpu", "ts": "2026-10-04 16:01:53", "value": false}
[DBG] {"category": "TRAIN", "component": "train", "event": "watchdog_armed", "host": "d6b2a058c4be", "pid": 185325, "rank": 0, "stage": "broadcast_stop_flag", "timeout_sec": 30.0, "ts": "2026-10-04 16:01:53"}
[DBG] {"category": "TRAIN", "component": "train", "elapsed_sec": 0.001517, "event": "END:broadcast_stop_flag", "host": "d6b2a058c4be", "pid": 185325, "rank": 0, "ts": "2026-10-04 16:01:53"}
[DBG] {"category": "QUEUE", "component": "train", "event": "BEGIN:preference_size_before_pop", "host": "d6b2a058c4be", "pid": 185325, "rank": 0, "ts": "2026-10-04 16:01:53"}
[DBG] {"category": "QUEUE", "component": "train", "event": "watchdog_armed", "host": "d6b2a058c4be", "pid": 185325, "rank": 0, "stage": "preference_size_before_pop", "timeout_sec": 30.0, "ts": "2026-10-04 16:01:53"}
[DBG] {"category": "QUEUE", "component": "train", "elapsed_sec": 0.003876, "event": "END:preference_size_before_pop", "host": "d6b2a058c4be", "pid": 185325, "rank": 0, "ts": "2026-10-04 16:01:53"}
[DBG] {"category": "QUEUE", "component": "train", "event": "trainer_queue_state", "host": "d6b2a058c4be", "pending": 0, "pid": 185325, "policy_version": 0, "rank": 0, "required": 4, "ts": "2026-10-04 16:01:53"}
[DBG] {"category": "QUEUE", "component": "train", "current_version": 0, "event": "BEGIN:preference_pop", "host": "d6b2a058c4be", "pid": 185325, "rank": 0, "requested": 4, "ts": "2026-10-04 16:01:53"}
[DBG] {"category": "QUEUE", "component": "train", "event": "watchdog_armed", "host": "d6b2a058c4be", "pid": 185325, "rank": 0, "stage": "preference_pop", "timeout_sec": 30.0, "ts": "2026-10-04 16:01:53"}
[DBG] {"category": "QUEUE", "component": "train", "elapsed_sec": 0.004898, "event": "END:preference_pop", "host": "d6b2a058c4be", "pid": 185325, "rank": 0, "ts": "2026-10-04 16:01:53"}
[DBG] {"category": "TRAIN", "component": "train", "event": "BEGIN:broadcast_preference_payload", "has_payload": false, "host": "d6b2a058c4be", "pid": 185325, "rank": 0, "transport": "json_uint8_gloo", "ts": "2026-10-04 16:01:53"}
[DBG] {"category": "TRAIN", "component": "train", "event": "watchdog_armed", "host": "d6b2a058c4be", "pid": 185325, "rank": 0, "stage": "broadcast_preference_payload", "timeout_sec": 30.0, "ts": "2026-10-04 16:01:53"}
[DBG] {"bytes": 0, "category": "TRAIN", "component": "train", "event": "BEGIN:broadcast_preference_length", "host": "d6b2a058c4be", "pid": 185325, "rank": 0, "transport": "gloo_cpu", "ts": "2026-10-04 16:01:53"}
[DBG] {"category": "TRAIN", "component": "train", "event": "watchdog_armed", "host": "d6b2a058c4be", "pid": 185325, "rank": 0, "stage": "broadcast_preference_length", "timeout_sec": 30.0, "ts": "2026-10-04 16:01:53"}
[DBG] {"category": "TRAIN", "component": "train", "elapsed_sec": 0.002001, "event": "END:broadcast_preference_length", "host": "d6b2a058c4be", "pid": 185325, "rank": 0, "ts": "2026-10-04 16:01:53"}
[DBG] {"category": "TRAIN", "component": "train", "event": "watchdog_armed", "host": "d6b2a058c4be", "pid": 185325, "rank": 0, "stage": "broadcast_preference_payload", "timeout_sec": 30.0, "ts": "2026-10-04 16:01:53"}
[DBG] {"category": "TRAIN", "component": "train", "elapsed_sec": 0.003092, "event": "END:broadcast_preference_payload", "host": "d6b2a058c4be", "pid": 185325, "rank": 0, "ts": "2026-10-04 16:01:53"}
[DBG] {"category": "RAY", "component": "train", "event": "BEGIN:control_should_stop", "host": "d6b2a058c4be", "pid": 185325, "rank": 0, "ts": "2026-10-04 16:01:53"}
[DBG] {"category": "RAY", "component": "train", "event": "watchdog_armed", "host": "d6b2a058c4be", "pid": 185325, "rank": 0, "stage": "control_should_stop", "timeout_sec": 30.0, "ts": "2026-10-04 16:01:53"}
[DBG] {"category": "RAY", "component": "train", "elapsed_sec": 0.003063, "event": "END:control_should_stop", "host": "d6b2a058c4be", "pid": 185325, "rank": 0, "ts": "2026-10-04 16:01:53"}
[DBG] {"category": "TRAIN", "component": "train", "event": "BEGIN:broadcast_stop_flag", "host": "d6b2a058c4be", "pid": 185325, "rank": 0, "transport": "gloo_cpu", "ts": "2026-10-04 16:01:53", "value": false}
[DBG] {"category": "TRAIN", "component": "train", "event": "watchdog_armed", "host": "d6b2a058c4be", "pid": 185325, "rank": 0, "stage": "broadcast_stop_flag", "timeout_sec": 30.0, "ts": "2026-10-04 16:01:53"}
[DBG] {"category": "TRAIN", "component": "train", "elapsed_sec": 0.002326, "event": "END:broadcast_stop_flag", "host": "d6b2a058c4be", "pid": 185325, "rank": 0, "ts": "2026-10-04 16:01:53"}
[DBG] {"category": "QUEUE", "component": "train", "event": "BEGIN:preference_size_before_pop", "host": "d6b2a058c4be", "pid": 185325, "rank": 0, "ts": "2026-10-04 16:01:53"}
[DBG] {"category": "QUEUE", "component": "train", "event": "watchdog_armed", "host": "d6b2a058c4be", "pid": 185325, "rank": 0, "stage": "preference_size_before_pop", "timeout_sec": 30.0, "ts": "2026-10-04 16:01:53"}
[DBG] {"category": "QUEUE", "component": "train", "elapsed_sec": 0.003997, "event": "END:preference_size_before_pop", "host": "d6b2a058c4be", "pid": 185325, "rank": 0, "ts": "2026-10-04 16:01:53"}
[DBG] {"category": "QUEUE", "component": "train", "event": "trainer_queue_state", "host": "d6b2a058c4be", "pending": 0, "pid": 185325, "policy_version": 0, "rank": 0, "required": 4, "ts": "2026-10-04 16:01:53"}
[DBG] {"category": "QUEUE", "component": "train", "current_version": 0, "event": "BEGIN:preference_pop", "host": "d6b2a058c4be", "pid": 185325, "rank": 0, "requested": 4, "ts": "2026-10-04 16:01:53"}
[DBG] {"category": "QUEUE", "component": "train", "event": "watchdog_armed", "host": "d6b2a058c4be", "pid": 185325, "rank": 0, "stage": "preference_pop", "timeout_sec": 30.0, "ts": "2026-10-04 16:01:53"}
[DBG] {"category": "QUEUE", "component": "train", "elapsed_sec": 0.004312, "event": "END:preference_pop", "host": "d6b2a058c4be", "pid": 185325, "rank": 0, "ts": "2026-10-04 16:01:53"}
[DBG] {"category": "TRAIN", "component": "train", "event": "BEGIN:broadcast_preference_payload", "has_payload": false, "host": "d6b2a058c4be", "pid": 185325, "rank": 0, "transport": "json_uint8_gloo", "ts": "2026-10-04 16:01:53"}
[DBG] {"category": "TRAIN", "component": "train", "event": "watchdog_armed", "host": "d6b2a058c4be", "pid": 185325, "rank": 0, "stage": "broadcast_preference_payload", "timeout_sec": 30.0, "ts": "2026-10-04 16:01:53"}
[DBG] {"bytes": 0, "category": "TRAIN", "component": "train", "event": "BEGIN:broadcast_preference_length", "host": "d6b2a058c4be", "pid": 185325, "rank": 0, "transport": "gloo_cpu", "ts": "2026-10-04 16:01:53"}
[DBG] {"category": "TRAIN", "component": "train", "event": "watchdog_armed", "host": "d6b2a058c4be", "pid": 185325, "rank": 0, "stage": "broadcast_preference_length", "timeout_sec": 30.0, "ts": "2026-10-04 16:01:53"}
[DBG] {"category": "TRAIN", "component": "train", "elapsed_sec": 0.00133, "event": "END:broadcast_preference_length", "host": "d6b2a058c4be", "pid": 185325, "rank": 0, "ts": "2026-10-04 16:01:53"}
[DBG] {"category": "TRAIN", "component": "train", "event": "watchdog_armed", "host": "d6b2a058c4be", "pid": 185325, "rank": 0, "stage": "broadcast_preference_payload", "timeout_sec": 30.0, "ts": "2026-10-04 16:01:53"}
[DBG] {"category": "TRAIN", "component": "train", "elapsed_sec": 0.001678, "event": "END:broadcast_preference_payload", "host": "d6b2a058c4be", "pid": 185325, "rank": 0, "ts": "2026-10-04 16:01:53"}
[DBG] {"category": "RAY", "component": "train", "event": "BEGIN:control_should_stop", "host": "d6b2a058c4be", "pid": 185325, "rank": 0, "ts": "2026-10-04 16:01:54"}
[DBG] {"category": "RAY", "component": "train", "event": "watchdog_armed", "host": "d6b2a058c4be", "pid": 185325, "rank": 0, "stage": "control_should_stop", "timeout_sec": 30.0, "ts": "2026-10-04 16:01:54"}
[DBG] {"category": "RAY", "component": "train", "elapsed_sec": 0.003176, "event": "END:control_should_stop", "host": "d6b2a058c4be", "pid": 185325, "rank": 0, "ts": "2026-10-04 16:01:54"}
[DBG] {"category": "TRAIN", "component": "train", "event": "BEGIN:broadcast_stop_flag", "host": "d6b2a058c4be", "pid": 185325, "rank": 0, "transport": "gloo_cpu", "ts": "2026-10-04 16:01:54", "value": false}
[DBG] {"category": "TRAIN", "component": "train", "event": "watchdog_armed", "host": "d6b2a058c4be", "pid": 185325, "rank": 0, "stage": "broadcast_stop_flag", "timeout_sec": 30.0, "ts": "2026-10-04 16:01:54"}
[DBG] {"category": "TRAIN", "component": "train", "elapsed_sec": 0.002105, "event": "END:broadcast_stop_flag", "host": "d6b2a058c4be", "pid": 185325, "rank": 0, "ts": "2026-10-04 16:01:54"}
[DBG] {"category": "QUEUE", "component": "train", "event": "BEGIN:preference_size_before_pop", "host": "d6b2a058c4be", "pid": 185325, "rank": 0, "ts": "2026-10-04 16:01:54"}
[DBG] {"category": "QUEUE", "component": "train", "event": "watchdog_armed", "host": "d6b2a058c4be", "pid": 185325, "rank": 0, "stage": "preference_size_before_pop", "timeout_sec": 30.0, "ts": "2026-10-04 16:01:54"}
[DBG] {"category": "QUEUE", "component": "train", "elapsed_sec": 0.004334, "event": "END:preference_size_before_pop", "host": "d6b2a058c4be", "pid": 185325, "rank": 0, "ts": "2026-10-04 16:01:54"}
[DBG] {"category": "QUEUE", "component": "train", "event": "trainer_queue_state", "host": "d6b2a058c4be", "pending": 0, "pid": 185325, "policy_version": 0, "rank": 0, "required": 4, "ts": "2026-10-04 16:01:54"}
[DBG] {"category": "QUEUE", "component": "train", "current_version": 0, "event": "BEGIN:preference_pop", "host": "d6b2a058c4be", "pid": 185325, "rank": 0, "requested": 4, "ts": "2026-10-04 16:01:54"}
[DBG] {"category": "QUEUE", "component": "train", "event": "watchdog_armed", "host": "d6b2a058c4be", "pid": 185325, "rank": 0, "stage": "preference_pop", "timeout_sec": 30.0, "ts": "2026-10-04 16:01:54"}
[DBG] {"category": "QUEUE", "component": "train", "elapsed_sec": 0.005203, "event": "END:preference_pop", "host": "d6b2a058c4be", "pid": 185325, "rank": 0, "ts": "2026-10-04 16:01:54"}
[DBG] {"category": "TRAIN", "component": "train", "event": "BEGIN:broadcast_preference_payload", "has_payload": false, "host": "d6b2a058c4be", "pid": 185325, "rank": 0, "transport": "json_uint8_gloo", "ts": "2026-10-04 16:01:54"}
[DBG] {"category": "TRAIN", "component": "train", "event": "watchdog_armed", "host": "d6b2a058c4be", "pid": 185325, "rank": 0, "stage": "broadcast_preference_payload", "timeout_sec": 30.0, "ts": "2026-10-04 16:01:54"}
[DBG] {"bytes": 0, "category": "TRAIN", "component": "train", "event": "BEGIN:broadcast_preference_length", "host": "d6b2a058c4be", "pid": 185325, "rank": 0, "transport": "gloo_cpu", "ts": "2026-10-04 16:01:54"}
[DBG] {"category": "TRAIN", "component": "train", "event": "watchdog_armed", "host": "d6b2a058c4be", "pid": 185325, "rank": 0, "stage": "broadcast_preference_length", "timeout_sec": 30.0, "ts": "2026-10-04 16:01:54"}
[DBG] {"category": "TRAIN", "component": "train", "elapsed_sec": 0.001818, "event": "END:broadcast_preference_length", "host": "d6b2a058c4be", "pid": 185325, "rank": 0, "ts": "2026-10-04 16:01:54"}
[DBG] {"category": "TRAIN", "component": "train", "event": "watchdog_armed", "host": "d6b2a058c4be", "pid": 185325, "rank": 0, "stage": "broadcast_preference_payload", "timeout_sec": 30.0, "ts": "2026-10-04 16:01:54"}
[DBG] {"category": "TRAIN", "component": "train", "elapsed_sec": 0.002916, "event": "END:broadcast_preference_payload", "host": "d6b2a058c4be", "pid": 185325, "rank": 0, "ts": "2026-10-04 16:01:54"}
[DBG] {"category": "RAY", "component": "train", "event": "BEGIN:control_should_stop", "host": "d6b2a058c4be", "pid": 185325, "rank": 0, "ts": "2026-10-04 16:01:54"}
[DBG] {"category": "RAY", "component": "train", "event": "watchdog_armed", "host": "d6b2a058c4be", "pid": 185325, "rank": 0, "stage": "control_should_stop", "timeout_sec": 30.0, "ts": "2026-10-04 16:01:54"}
[DBG] {"category": "RAY", "component": "train", "elapsed_sec": 0.003066, "event": "END:control_should_stop", "host": "d6b2a058c4be", "pid": 185325, "rank": 0, "ts": "2026-10-04 16:01:54"}
[DBG] {"category": "TRAIN", "component": "train", "event": "BEGIN:broadcast_stop_flag", "host": "d6b2a058c4be", "pid": 185325, "rank": 0, "transport": "gloo_cpu", "ts": "2026-10-04 16:01:54", "value": false}
[DBG] {"category": "TRAIN", "component": "train", "event": "watchdog_armed", "host": "d6b2a058c4be", "pid": 185325, "rank": 0, "stage": "broadcast_stop_flag", "timeout_sec": 30.0, "ts": "2026-10-04 16:01:54"}
[DBG] {"category": "TRAIN", "component": "train", "elapsed_sec": 0.00238, "event": "END:broadcast_stop_flag", "host": "d6b2a058c4be", "pid": 185325, "rank": 0, "ts": "2026-10-04 16:01:54"}
[DBG] {"category": "QUEUE", "component": "train", "event": "BEGIN:preference_size_before_pop", "host": "d6b2a058c4be", "pid": 185325, "rank": 0, "ts": "2026-10-04 16:01:54"}
[DBG] {"category": "QUEUE", "component": "train", "event": "watchdog_armed", "host": "d6b2a058c4be", "pid": 185325, "rank": 0, "stage": "preference_size_before_pop", "timeout_sec": 30.0, "ts": "2026-10-04 16:01:54"}
[DBG] {"category": "QUEUE", "component": "train", "elapsed_sec": 0.004079, "event": "END:preference_size_before_pop", "host": "d6b2a058c4be", "pid": 185325, "rank": 0, "ts": "2026-10-04 16:01:54"}
[DBG] {"category": "QUEUE", "component": "train", "event": "trainer_queue_state", "host": "d6b2a058c4be", "pending": 0, "pid": 185325, "policy_version": 0, "rank": 0, "required": 4, "ts": "2026-10-04 16:01:54"}
[DBG] {"category": "QUEUE", "component": "train", "current_version": 0, "event": "BEGIN:preference_pop", "host": "d6b2a058c4be", "pid": 185325, "rank": 0, "requested": 4, "ts": "2026-10-04 16:01:54"}
[DBG] {"category": "QUEUE", "component": "train", "event": "watchdog_armed", "host": "d6b2a058c4be", "pid": 185325, "rank": 0, "stage": "preference_pop", "timeout_sec": 30.0, "ts": "2026-10-04 16:01:54"}
[DBG] {"category": "QUEUE", "component": "train", "elapsed_sec": 0.005244, "event": "END:preference_pop", "host": "d6b2a058c4be", "pid": 185325, "rank": 0, "ts": "2026-10-04 16:01:54"}
[DBG] {"category": "TRAIN", "component": "train", "event": "BEGIN:broadcast_preference_payload", "has_payload": false, "host": "d6b2a058c4be", "pid": 185325, "rank": 0, "transport": "json_uint8_gloo", "ts": "2026-10-04 16:01:54"}
[DBG] {"category": "TRAIN", "component": "train", "event": "watchdog_armed", "host": "d6b2a058c4be", "pid": 185325, "rank": 0, "stage": "broadcast_preference_payload", "timeout_sec": 30.0, "ts": "2026-10-04 16:01:54"}
[DBG] {"bytes": 0, "category": "TRAIN", "component": "train", "event": "BEGIN:broadcast_preference_length", "host": "d6b2a058c4be", "pid": 185325, "rank": 0, "transport": "gloo_cpu", "ts": "2026-10-04 16:01:54"}
[DBG] {"category": "TRAIN", "component": "train", "event": "watchdog_armed", "host": "d6b2a058c4be", "pid": 185325, "rank": 0, "stage": "broadcast_preference_length", "timeout_sec": 30.0, "ts": "2026-10-04 16:01:54"}
[DBG] {"category": "TRAIN", "component": "train", "elapsed_sec": 0.001861, "event": "END:broadcast_preference_length", "host": "d6b2a058c4be", "pid": 185325, "rank": 0, "ts": "2026-10-04 16:01:54"}
[DBG] {"category": "TRAIN", "component": "train", "event": "watchdog_armed", "host": "d6b2a058c4be", "pid": 185325, "rank": 0, "stage": "broadcast_preference_payload", "timeout_sec": 30.0, "ts": "2026-10-04 16:01:54"}
[DBG] {"category": "TRAIN", "component": "train", "elapsed_sec": 0.00278, "event": "END:broadcast_preference_payload", "host": "d6b2a058c4be", "pid": 185325, "rank": 0, "ts": "2026-10-04 16:01:54"}
[DBG] {"category": "RAY", "component": "train", "event": "BEGIN:control_should_stop", "host": "d6b2a058c4be", "pid": 185325, "rank": 0, "ts": "2026-10-04 16:01:55"}
[DBG] {"category": "RAY", "component": "train", "event": "watchdog_armed", "host": "d6b2a058c4be", "pid": 185325, "rank": 0, "stage": "control_should_stop", "timeout_sec": 30.0, "ts": "2026-10-04 16:01:55"}
[DBG] {"category": "RAY", "component": "train", "elapsed_sec": 0.002468, "event": "END:control_should_stop", "host": "d6b2a058c4be", "pid": 185325, "rank": 0, "ts": "2026-10-04 16:01:55"}
[DBG] {"category": "TRAIN", "component": "train", "event": "BEGIN:broadcast_stop_flag", "host": "d6b2a058c4be", "pid": 185325, "rank": 0, "transport": "gloo_cpu", "ts": "2026-10-04 16:01:55", "value": false}
[DBG] {"category": "TRAIN", "component": "train", "event": "watchdog_armed", "host": "d6b2a058c4be", "pid": 185325, "rank": 0, "stage": "broadcast_stop_flag", "timeout_sec": 30.0, "ts": "2026-10-04 16:01:55"}
[DBG] {"category": "TRAIN", "component": "train", "elapsed_sec": 0.001203, "event": "END:broadcast_stop_flag", "host": "d6b2a058c4be", "pid": 185325, "rank": 0, "ts": "2026-10-04 16:01:55"}
[DBG] {"category": "QUEUE", "component": "train", "event": "BEGIN:preference_size_before_pop", "host": "d6b2a058c4be", "pid": 185325, "rank": 0, "ts": "2026-10-04 16:01:55"}
[DBG] {"category": "QUEUE", "component": "train", "event": "watchdog_armed", "host": "d6b2a058c4be", "pid": 185325, "rank": 0, "stage": "preference_size_before_pop", "timeout_sec": 30.0, "ts": "2026-10-04 16:01:55"}
[DBG] {"category": "QUEUE", "component": "train", "elapsed_sec": 0.002547, "event": "END:preference_size_before_pop", "host": "d6b2a058c4be", "pid": 185325, "rank": 0, "ts": "2026-10-04 16:01:55"}
[DBG] {"category": "QUEUE", "component": "train", "event": "trainer_queue_state", "host": "d6b2a058c4be", "pending": 0, "pid": 185325, "policy_version": 0, "rank": 0, "required": 4, "ts": "2026-10-04 16:01:55"}
[DBG] {"category": "QUEUE", "component": "train", "current_version": 0, "event": "BEGIN:preference_pop", "host": "d6b2a058c4be", "pid": 185325, "rank": 0, "requested": 4, "ts": "2026-10-04 16:01:55"}
[DBG] {"category": "QUEUE", "component": "train", "event": "watchdog_armed", "host": "d6b2a058c4be", "pid": 185325, "rank": 0, "stage": "preference_pop", "timeout_sec": 30.0, "ts": "2026-10-04 16:01:55"}
[DBG] {"category": "QUEUE", "component": "train", "elapsed_sec": 0.00287, "event": "END:preference_pop", "host": "d6b2a058c4be", "pid": 185325, "rank": 0, "ts": "2026-10-04 16:01:55"}
[DBG] {"category": "TRAIN", "component": "train", "event": "BEGIN:broadcast_preference_payload", "has_payload": false, "host": "d6b2a058c4be", "pid": 185325, "rank": 0, "transport": "json_uint8_gloo", "ts": "2026-10-04 16:01:55"}
[DBG] {"category": "TRAIN", "component": "train", "event": "watchdog_armed", "host": "d6b2a058c4be", "pid": 185325, "rank": 0, "stage": "broadcast_preference_payload", "timeout_sec": 30.0, "ts": "2026-10-04 16:01:55"}
[DBG] {"bytes": 0, "category": "TRAIN", "component": "train", "event": "BEGIN:broadcast_preference_length", "host": "d6b2a058c4be", "pid": 185325, "rank": 0, "transport": "gloo_cpu", "ts": "2026-10-04 16:01:55"}
[DBG] {"category": "TRAIN", "component": "train", "event": "watchdog_armed", "host": "d6b2a058c4be", "pid": 185325, "rank": 0, "stage": "broadcast_preference_length", "timeout_sec": 30.0, "ts": "2026-10-04 16:01:55"}
[DBG] {"category": "TRAIN", "component": "train", "elapsed_sec": 0.001188, "event": "END:broadcast_preference_length", "host": "d6b2a058c4be", "pid": 185325, "rank": 0, "ts": "2026-10-04 16:01:55"}
[DBG] {"category": "TRAIN", "component": "train", "event": "watchdog_armed", "host": "d6b2a058c4be", "pid": 185325, "rank": 0, "stage": "broadcast_preference_payload", "timeout_sec": 30.0, "ts": "2026-10-04 16:01:55"}
[DBG] {"category": "TRAIN", "component": "train", "elapsed_sec": 0.001726, "event": "END:broadcast_preference_payload", "host": "d6b2a058c4be", "pid": 185325, "rank": 0, "ts": "2026-10-04 16:01:55"}
[DBG] {"category": "RAY", "component": "train", "event": "BEGIN:control_should_stop", "host": "d6b2a058c4be", "pid": 185325, "rank": 0, "ts": "2026-10-04 16:01:55"}
[DBG] {"category": "RAY", "component": "train", "event": "watchdog_armed", "host": "d6b2a058c4be", "pid": 185325, "rank": 0, "stage": "control_should_stop", "timeout_sec": 30.0, "ts": "2026-10-04 16:01:55"}
[DBG] {"category": "RAY", "component": "train", "elapsed_sec": 0.001848, "event": "END:control_should_stop", "host": "d6b2a058c4be", "pid": 185325, "rank": 0, "ts": "2026-10-04 16:01:55"}
[DBG] {"category": "TRAIN", "component": "train", "event": "BEGIN:broadcast_stop_flag", "host": "d6b2a058c4be", "pid": 185325, "rank": 0, "transport": "gloo_cpu", "ts": "2026-10-04 16:01:55", "value": false}
[DBG] {"category": "TRAIN", "component": "train", "event": "watchdog_armed", "host": "d6b2a058c4be", "pid": 185325, "rank": 0, "stage": "broadcast_stop_flag", "timeout_sec": 30.0, "ts": "2026-10-04 16:01:55"}
[DBG] {"category": "TRAIN", "component": "train", "elapsed_sec": 0.001507, "event": "END:broadcast_stop_flag", "host": "d6b2a058c4be", "pid": 185325, "rank": 0, "ts": "2026-10-04 16:01:55"}
[DBG] {"category": "QUEUE", "component": "train", "event": "BEGIN:preference_size_before_pop", "host": "d6b2a058c4be", "pid": 185325, "rank": 0, "ts": "2026-10-04 16:01:55"}
[DBG] {"category": "QUEUE", "component": "train", "event": "watchdog_armed", "host": "d6b2a058c4be", "pid": 185325, "rank": 0, "stage": "preference_size_before_pop", "timeout_sec": 30.0, "ts": "2026-10-04 16:01:55"}
[DBG] {"category": "QUEUE", "component": "train", "elapsed_sec": 0.003333, "event": "END:preference_size_before_pop", "host": "d6b2a058c4be", "pid": 185325, "rank": 0, "ts": "2026-10-04 16:01:55"}
[DBG] {"category": "QUEUE", "component": "train", "event": "trainer_queue_state", "host": "d6b2a058c4be", "pending": 0, "pid": 185325, "policy_version": 0, "rank": 0, "required": 4, "ts": "2026-10-04 16:01:55"}
[DBG] {"category": "QUEUE", "component": "train", "current_version": 0, "event": "BEGIN:preference_pop", "host": "d6b2a058c4be", "pid": 185325, "rank": 0, "requested": 4, "ts": "2026-10-04 16:01:55"}
[DBG] {"category": "QUEUE", "component": "train", "event": "watchdog_armed", "host": "d6b2a058c4be", "pid": 185325, "rank": 0, "stage": "preference_pop", "timeout_sec": 30.0, "ts": "2026-10-04 16:01:55"}
[DBG] {"category": "QUEUE", "component": "train", "elapsed_sec": 0.004407, "event": "END:preference_pop", "host": "d6b2a058c4be", "pid": 185325, "rank": 0, "ts": "2026-10-04 16:01:55"}
[DBG] {"category": "TRAIN", "component": "train", "event": "BEGIN:broadcast_preference_payload", "has_payload": false, "host": "d6b2a058c4be", "pid": 185325, "rank": 0, "transport": "json_uint8_gloo", "ts": "2026-10-04 16:01:55"}
[DBG] {"category": "TRAIN", "component": "train", "event": "watchdog_armed", "host": "d6b2a058c4be", "pid": 185325, "rank": 0, "stage": "broadcast_preference_payload", "timeout_sec": 30.0, "ts": "2026-10-04 16:01:55"}
[DBG] {"bytes": 0, "category": "TRAIN", "component": "train", "event": "BEGIN:broadcast_preference_length", "host": "d6b2a058c4be", "pid": 185325, "rank": 0, "transport": "gloo_cpu", "ts": "2026-10-04 16:01:55"}
[DBG] {"category": "TRAIN", "component": "train", "event": "watchdog_armed", "host": "d6b2a058c4be", "pid": 185325, "rank": 0, "stage": "broadcast_preference_length", "timeout_sec": 30.0, "ts": "2026-10-04 16:01:55"}
[DBG] {"category": "TRAIN", "component": "train", "elapsed_sec": 0.002016, "event": "END:broadcast_preference_length", "host": "d6b2a058c4be", "pid": 185325, "rank": 0, "ts": "2026-10-04 16:01:55"}
[DBG] {"category": "TRAIN", "component": "train", "event": "watchdog_armed", "host": "d6b2a058c4be", "pid": 185325, "rank": 0, "stage": "broadcast_preference_payload", "timeout_sec": 30.0, "ts": "2026-10-04 16:01:55"}
[DBG] {"category": "TRAIN", "component": "train", "elapsed_sec": 0.003155, "event": "END:broadcast_preference_payload", "host": "d6b2a058c4be", "pid": 185325, "rank": 0, "ts": "2026-10-04 16:01:55"}
[DBG] {"category": "RAY", "component": "train", "event": "BEGIN:control_should_stop", "host": "d6b2a058c4be", "pid": 185325, "rank": 0, "ts": "2026-10-04 16:01:56"}
[DBG] {"category": "RAY", "component": "train", "event": "watchdog_armed", "host": "d6b2a058c4be", "pid": 185325, "rank": 0, "stage": "control_should_stop", "timeout_sec": 30.0, "ts": "2026-10-04 16:01:56"}
[DBG] {"category": "RAY", "component": "train", "elapsed_sec": 0.002328, "event": "END:control_should_stop", "host": "d6b2a058c4be", "pid": 185325, "rank": 0, "ts": "2026-10-04 16:01:56"}
[DBG] {"category": "TRAIN", "component": "train", "event": "BEGIN:broadcast_stop_flag", "host": "d6b2a058c4be", "pid": 185325, "rank": 0, "transport": "gloo_cpu", "ts": "2026-10-04 16:01:56", "value": false}
[DBG] {"category": "TRAIN", "component": "train", "event": "watchdog_armed", "host": "d6b2a058c4be", "pid": 185325, "rank": 0, "stage": "broadcast_stop_flag", "timeout_sec": 30.0, "ts": "2026-10-04 16:01:56"}
[DBG] {"category": "TRAIN", "component": "train", "elapsed_sec": 0.001749, "event": "END:broadcast_stop_flag", "host": "d6b2a058c4be", "pid": 185325, "rank": 0, "ts": "2026-10-04 16:01:56"}
[DBG] {"category": "QUEUE", "component": "train", "event": "BEGIN:preference_size_before_pop", "host": "d6b2a058c4be", "pid": 185325, "rank": 0, "ts": "2026-10-04 16:01:56"}
[DBG] {"category": "QUEUE", "component": "train", "event": "watchdog_armed", "host": "d6b2a058c4be", "pid": 185325, "rank": 0, "stage": "preference_size_before_pop", "timeout_sec": 30.0, "ts": "2026-10-04 16:01:56"}
[DBG] {"category": "QUEUE", "component": "train", "elapsed_sec": 0.003727, "event": "END:preference_size_before_pop", "host": "d6b2a058c4be", "pid": 185325, "rank": 0, "ts": "2026-10-04 16:01:56"}
[DBG] {"category": "QUEUE", "component": "train", "event": "trainer_queue_state", "host": "d6b2a058c4be", "pending": 0, "pid": 185325, "policy_version": 0, "rank": 0, "required": 4, "ts": "2026-10-04 16:01:56"}
[DBG] {"category": "QUEUE", "component": "train", "current_version": 0, "event": "BEGIN:preference_pop", "host": "d6b2a058c4be", "pid": 185325, "rank": 0, "requested": 4, "ts": "2026-10-04 16:01:56"}
[DBG] {"category": "QUEUE", "component": "train", "event": "watchdog_armed", "host": "d6b2a058c4be", "pid": 185325, "rank": 0, "stage": "preference_pop", "timeout_sec": 30.0, "ts": "2026-10-04 16:01:56"}
[DBG] {"category": "QUEUE", "component": "train", "elapsed_sec": 0.00434, "event": "END:preference_pop", "host": "d6b2a058c4be", "pid": 185325, "rank": 0, "ts": "2026-10-04 16:01:56"}
[DBG] {"category": "TRAIN", "component": "train", "event": "BEGIN:broadcast_preference_payload", "has_payload": false, "host": "d6b2a058c4be", "pid": 185325, "rank": 0, "transport": "json_uint8_gloo", "ts": "2026-10-04 16:01:56"}
[DBG] {"category": "TRAIN", "component": "train", "event": "watchdog_armed", "host": "d6b2a058c4be", "pid": 185325, "rank": 0, "stage": "broadcast_preference_payload", "timeout_sec": 30.0, "ts": "2026-10-04 16:01:56"}
[DBG] {"bytes": 0, "category": "TRAIN", "component": "train", "event": "BEGIN:broadcast_preference_length", "host": "d6b2a058c4be", "pid": 185325, "rank": 0, "transport": "gloo_cpu", "ts": "2026-10-04 16:01:56"}
[DBG] {"category": "TRAIN", "component": "train", "event": "watchdog_armed", "host": "d6b2a058c4be", "pid": 185325, "rank": 0, "stage": "broadcast_preference_length", "timeout_sec": 30.0, "ts": "2026-10-04 16:01:56"}
[DBG] {"category": "TRAIN", "component": "train", "elapsed_sec": 0.001507, "event": "END:broadcast_preference_length", "host": "d6b2a058c4be", "pid": 185325, "rank": 0, "ts": "2026-10-04 16:01:56"}
[DBG] {"category": "TRAIN", "component": "train", "event": "watchdog_armed", "host": "d6b2a058c4be", "pid": 185325, "rank": 0, "stage": "broadcast_preference_payload", "timeout_sec": 30.0, "ts": "2026-10-04 16:01:56"}
[DBG] {"category": "TRAIN", "component": "train", "elapsed_sec": 0.002303, "event": "END:broadcast_preference_payload", "host": "d6b2a058c4be", "pid": 185325, "rank": 0, "ts": "2026-10-04 16:01:56"}
[DBG] {"category": "RAY", "component": "train", "event": "BEGIN:control_should_stop", "host": "d6b2a058c4be", "pid": 185325, "rank": 0, "ts": "2026-10-04 16:01:56"}
[DBG] {"category": "RAY", "component": "train", "event": "watchdog_armed", "host": "d6b2a058c4be", "pid": 185325, "rank": 0, "stage": "control_should_stop", "timeout_sec": 30.0, "ts": "2026-10-04 16:01:56"}
[DBG] {"category": "RAY", "component": "train", "elapsed_sec": 0.002362, "event": "END:control_should_stop", "host": "d6b2a058c4be", "pid": 185325, "rank": 0, "ts": "2026-10-04 16:01:56"}
[DBG] {"category": "TRAIN", "component": "train", "event": "BEGIN:broadcast_stop_flag", "host": "d6b2a058c4be", "pid": 185325, "rank": 0, "transport": "gloo_cpu", "ts": "2026-10-04 16:01:56", "value": false}
[DBG] {"category": "TRAIN", "component": "train", "event": "watchdog_armed", "host": "d6b2a058c4be", "pid": 185325, "rank": 0, "stage": "broadcast_stop_flag", "timeout_sec": 30.0, "ts": "2026-10-04 16:01:56"}
[DBG] {"category": "TRAIN", "component": "train", "elapsed_sec": 0.002206, "event": "END:broadcast_stop_flag", "host": "d6b2a058c4be", "pid": 185325, "rank": 0, "ts": "2026-10-04 16:01:56"}
[DBG] {"category": "QUEUE", "component": "train", "event": "BEGIN:preference_size_before_pop", "host": "d6b2a058c4be", "pid": 185325, "rank": 0, "ts": "2026-10-04 16:01:56"}
[DBG] {"category": "QUEUE", "component": "train", "event": "watchdog_armed", "host": "d6b2a058c4be", "pid": 185325, "rank": 0, "stage": "preference_size_before_pop", "timeout_sec": 30.0, "ts": "2026-10-04 16:01:56"}
[DBG] {"category": "QUEUE", "component": "train", "elapsed_sec": 0.003603, "event": "END:preference_size_before_pop", "host": "d6b2a058c4be", "pid": 185325, "rank": 0, "ts": "2026-10-04 16:01:56"}
[DBG] {"category": "QUEUE", "component": "train", "event": "trainer_queue_state", "host": "d6b2a058c4be", "pending": 0, "pid": 185325, "policy_version": 0, "rank": 0, "required": 4, "ts": "2026-10-04 16:01:56"}
[DBG] {"category": "QUEUE", "component": "train", "current_version": 0, "event": "BEGIN:preference_pop", "host": "d6b2a058c4be", "pid": 185325, "rank": 0, "requested": 4, "ts": "2026-10-04 16:01:56"}
[DBG] {"category": "QUEUE", "component": "train", "event": "watchdog_armed", "host": "d6b2a058c4be", "pid": 185325, "rank": 0, "stage": "preference_pop", "timeout_sec": 30.0, "ts": "2026-10-04 16:01:56"}
[DBG] {"category": "QUEUE", "component": "train", "elapsed_sec": 0.004298, "event": "END:preference_pop", "host": "d6b2a058c4be", "pid": 185325, "rank": 0, "ts": "2026-10-04 16:01:56"}
[DBG] {"category": "TRAIN", "component": "train", "event": "BEGIN:broadcast_preference_payload", "has_payload": false, "host": "d6b2a058c4be", "pid": 185325, "rank": 0, "transport": "json_uint8_gloo", "ts": "2026-10-04 16:01:56"}
[DBG] {"category": "TRAIN", "component": "train", "event": "watchdog_armed", "host": "d6b2a058c4be", "pid": 185325, "rank": 0, "stage": "broadcast_preference_payload", "timeout_sec": 30.0, "ts": "2026-10-04 16:01:56"}
[DBG] {"bytes": 0, "category": "TRAIN", "component": "train", "event": "BEGIN:broadcast_preference_length", "host": "d6b2a058c4be", "pid": 185325, "rank": 0, "transport": "gloo_cpu", "ts": "2026-10-04 16:01:56"}
[DBG] {"category": "TRAIN", "component": "train", "event": "watchdog_armed", "host": "d6b2a058c4be", "pid": 185325, "rank": 0, "stage": "broadcast_preference_length", "timeout_sec": 30.0, "ts": "2026-10-04 16:01:56"}
[DBG] {"category": "TRAIN", "component": "train", "elapsed_sec": 0.001494, "event": "END:broadcast_preference_length", "host": "d6b2a058c4be", "pid": 185325, "rank": 0, "ts": "2026-10-04 16:01:56"}
[DBG] {"category": "TRAIN", "component": "train", "event": "watchdog_armed", "host": "d6b2a058c4be", "pid": 185325, "rank": 0, "stage": "broadcast_preference_payload", "timeout_sec": 30.0, "ts": "2026-10-04 16:01:56"}
[DBG] {"category": "TRAIN", "component": "train", "elapsed_sec": 0.002423, "event": "END:broadcast_preference_payload", "host": "d6b2a058c4be", "pid": 185325, "rank": 0, "ts": "2026-10-04 16:01:56"}
[DBG] {"category": "RAY", "component": "train", "event": "BEGIN:control_should_stop", "host": "d6b2a058c4be", "pid": 185325, "rank": 0, "ts": "2026-10-04 16:01:57"}
[DBG] {"category": "RAY", "component": "train", "event": "watchdog_armed", "host": "d6b2a058c4be", "pid": 185325, "rank": 0, "stage": "control_should_stop", "timeout_sec": 30.0, "ts": "2026-10-04 16:01:57"}
[DBG] {"category": "RAY", "component": "train", "elapsed_sec": 0.002352, "event": "END:control_should_stop", "host": "d6b2a058c4be", "pid": 185325, "rank": 0, "ts": "2026-10-04 16:01:57"}
[DBG] {"category": "TRAIN", "component": "train", "event": "BEGIN:broadcast_stop_flag", "host": "d6b2a058c4be", "pid": 185325, "rank": 0, "transport": "gloo_cpu", "ts": "2026-10-04 16:01:57", "value": false}
[DBG] {"category": "TRAIN", "component": "train", "event": "watchdog_armed", "host": "d6b2a058c4be", "pid": 185325, "rank": 0, "stage": "broadcast_stop_flag", "timeout_sec": 30.0, "ts": "2026-10-04 16:01:57"}
[DBG] {"category": "TRAIN", "component": "train", "elapsed_sec": 0.00178, "event": "END:broadcast_stop_flag", "host": "d6b2a058c4be", "pid": 185325, "rank": 0, "ts": "2026-10-04 16:01:57"}
[DBG] {"category": "QUEUE", "component": "train", "event": "BEGIN:preference_size_before_pop", "host": "d6b2a058c4be", "pid": 185325, "rank": 0, "ts": "2026-10-04 16:01:57"}
[DBG] {"category": "QUEUE", "component": "train", "event": "watchdog_armed", "host": "d6b2a058c4be", "pid": 185325, "rank": 0, "stage": "preference_size_before_pop", "timeout_sec": 30.0, "ts": "2026-10-04 16:01:57"}
[DBG] {"category": "QUEUE", "component": "train", "elapsed_sec": 0.003709, "event": "END:preference_size_before_pop", "host": "d6b2a058c4be", "pid": 185325, "rank": 0, "ts": "2026-10-04 16:01:57"}
[DBG] {"category": "QUEUE", "component": "train", "event": "trainer_queue_state", "host": "d6b2a058c4be", "pending": 0, "pid": 185325, "policy_version": 0, "rank": 0, "required": 4, "ts": "2026-10-04 16:01:57"}
[DBG] {"category": "QUEUE", "component": "train", "current_version": 0, "event": "BEGIN:preference_pop", "host": "d6b2a058c4be", "pid": 185325, "rank": 0, "requested": 4, "ts": "2026-10-04 16:01:57"}
[DBG] {"category": "QUEUE", "component": "train", "event": "watchdog_armed", "host": "d6b2a058c4be", "pid": 185325, "rank": 0, "stage": "preference_pop", "timeout_sec": 30.0, "ts": "2026-10-04 16:01:57"}
[DBG] {"category": "QUEUE", "component": "train", "elapsed_sec": 0.005021, "event": "END:preference_pop", "host": "d6b2a058c4be", "pid": 185325, "rank": 0, "ts": "2026-10-04 16:01:57"}
[DBG] {"category": "TRAIN", "component": "train", "event": "BEGIN:broadcast_preference_payload", "has_payload": false, "host": "d6b2a058c4be", "pid": 185325, "rank": 0, "transport": "json_uint8_gloo", "ts": "2026-10-04 16:01:57"}
[DBG] {"category": "TRAIN", "component": "train", "event": "watchdog_armed", "host": "d6b2a058c4be", "pid": 185325, "rank": 0, "stage": "broadcast_preference_payload", "timeout_sec": 30.0, "ts": "2026-10-04 16:01:57"}
[DBG] {"bytes": 0, "category": "TRAIN", "component": "train", "event": "BEGIN:broadcast_preference_length", "host": "d6b2a058c4be", "pid": 185325, "rank": 0, "transport": "gloo_cpu", "ts": "2026-10-04 16:01:57"}
[DBG] {"category": "TRAIN", "component": "train", "event": "watchdog_armed", "host": "d6b2a058c4be", "pid": 185325, "rank": 0, "stage": "broadcast_preference_length", "timeout_sec": 30.0, "ts": "2026-10-04 16:01:57"}
[DBG] {"category": "TRAIN", "component": "train", "elapsed_sec": 0.00189, "event": "END:broadcast_preference_length", "host": "d6b2a058c4be", "pid": 185325, "rank": 0, "ts": "2026-10-04 16:01:57"}
[DBG] {"category": "TRAIN", "component": "train", "event": "watchdog_armed", "host": "d6b2a058c4be", "pid": 185325, "rank": 0, "stage": "broadcast_preference_payload", "timeout_sec": 30.0, "ts": "2026-10-04 16:01:57"}
[DBG] {"category": "TRAIN", "component": "train", "elapsed_sec": 0.003107, "event": "END:broadcast_preference_payload", "host": "d6b2a058c4be", "pid": 185325, "rank": 0, "ts": "2026-10-04 16:01:57"}
[DBG] {"category": "RAY", "component": "train", "event": "BEGIN:control_should_stop", "host": "d6b2a058c4be", "pid": 185325, "rank": 0, "ts": "2026-10-04 16:01:57"}
[DBG] {"category": "RAY", "component": "train", "event": "watchdog_armed", "host": "d6b2a058c4be", "pid": 185325, "rank": 0, "stage": "control_should_stop", "timeout_sec": 30.0, "ts": "2026-10-04 16:01:57"}
[DBG] {"category": "RAY", "component": "train", "elapsed_sec": 0.002016, "event": "END:control_should_stop", "host": "d6b2a058c4be", "pid": 185325, "rank": 0, "ts": "2026-10-04 16:01:57"}
[DBG] {"category": "TRAIN", "component": "train", "event": "BEGIN:broadcast_stop_flag", "host": "d6b2a058c4be", "pid": 185325, "rank": 0, "transport": "gloo_cpu", "ts": "2026-10-04 16:01:57", "value": false}
[DBG] {"category": "TRAIN", "component": "train", "event": "watchdog_armed", "host": "d6b2a058c4be", "pid": 185325, "rank": 0, "stage": "broadcast_stop_flag", "timeout_sec": 30.0, "ts": "2026-10-04 16:01:57"}
[DBG] {"category": "TRAIN", "component": "train", "elapsed_sec": 0.001643, "event": "END:broadcast_stop_flag", "host": "d6b2a058c4be", "pid": 185325, "rank": 0, "ts": "2026-10-04 16:01:57"}
[DBG] {"category": "QUEUE", "component": "train", "event": "BEGIN:preference_size_before_pop", "host": "d6b2a058c4be", "pid": 185325, "rank": 0, "ts": "2026-10-04 16:01:57"}
[DBG] {"category": "QUEUE", "component": "train", "event": "watchdog_armed", "host": "d6b2a058c4be", "pid": 185325, "rank": 0, "stage": "preference_size_before_pop", "timeout_sec": 30.0, "ts": "2026-10-04 16:01:57"}
[DBG] {"category": "QUEUE", "component": "train", "elapsed_sec": 0.003372, "event": "END:preference_size_before_pop", "host": "d6b2a058c4be", "pid": 185325, "rank": 0, "ts": "2026-10-04 16:01:57"}
[DBG] {"category": "QUEUE", "component": "train", "event": "trainer_queue_state", "host": "d6b2a058c4be", "pending": 0, "pid": 185325, "policy_version": 0, "rank": 0, "required": 4, "ts": "2026-10-04 16:01:57"}
[DBG] {"category": "QUEUE", "component": "train", "current_version": 0, "event": "BEGIN:preference_pop", "host": "d6b2a058c4be", "pid": 185325, "rank": 0, "requested": 4, "ts": "2026-10-04 16:01:57"}
[DBG] {"category": "QUEUE", "component": "train", "event": "watchdog_armed", "host": "d6b2a058c4be", "pid": 185325, "rank": 0, "stage": "preference_pop", "timeout_sec": 30.0, "ts": "2026-10-04 16:01:57"}
[DBG] {"category": "QUEUE", "component": "train", "elapsed_sec": 0.004562, "event": "END:preference_pop", "host": "d6b2a058c4be", "pid": 185325, "rank": 0, "ts": "2026-10-04 16:01:57"}
[DBG] {"category": "TRAIN", "component": "train", "event": "BEGIN:broadcast_preference_payload", "has_payload": false, "host": "d6b2a058c4be", "pid": 185325, "rank": 0, "transport": "json_uint8_gloo", "ts": "2026-10-04 16:01:57"}
[DBG] {"category": "TRAIN", "component": "train", "event": "watchdog_armed", "host": "d6b2a058c4be", "pid": 185325, "rank": 0, "stage": "broadcast_preference_payload", "timeout_sec": 30.0, "ts": "2026-10-04 16:01:57"}
[DBG] {"bytes": 0, "category": "TRAIN", "component": "train", "event": "BEGIN:broadcast_preference_length", "host": "d6b2a058c4be", "pid": 185325, "rank": 0, "transport": "gloo_cpu", "ts": "2026-10-04 16:01:57"}
[DBG] {"category": "TRAIN", "component": "train", "event": "watchdog_armed", "host": "d6b2a058c4be", "pid": 185325, "rank": 0, "stage": "broadcast_preference_length", "timeout_sec": 30.0, "ts": "2026-10-04 16:01:57"}
[DBG] {"category": "TRAIN", "component": "train", "elapsed_sec": 0.001244, "event": "END:broadcast_preference_length", "host": "d6b2a058c4be", "pid": 185325, "rank": 0, "ts": "2026-10-04 16:01:57"}
[DBG] {"category": "TRAIN", "component": "train", "event": "watchdog_armed", "host": "d6b2a058c4be", "pid": 185325, "rank": 0, "stage": "broadcast_preference_payload", "timeout_sec": 30.0, "ts": "2026-10-04 16:01:57"}
[DBG] {"category": "TRAIN", "component": "train", "elapsed_sec": 0.001611, "event": "END:broadcast_preference_payload", "host": "d6b2a058c4be", "pid": 185325, "rank": 0, "ts": "2026-10-04 16:01:57"}
[DBG] {"category": "RAY", "component": "train", "event": "BEGIN:control_should_stop", "host": "d6b2a058c4be", "pid": 185325, "rank": 0, "ts": "2026-10-04 16:01:58"}
[DBG] {"category": "RAY", "component": "train", "event": "watchdog_armed", "host": "d6b2a058c4be", "pid": 185325, "rank": 0, "stage": "control_should_stop", "timeout_sec": 30.0, "ts": "2026-10-04 16:01:58"}
[DBG] {"category": "RAY", "component": "train", "elapsed_sec": 0.002517, "event": "END:control_should_stop", "host": "d6b2a058c4be", "pid": 185325, "rank": 0, "ts": "2026-10-04 16:01:58"}
[DBG] {"category": "TRAIN", "component": "train", "event": "BEGIN:broadcast_stop_flag", "host": "d6b2a058c4be", "pid": 185325, "rank": 0, "transport": "gloo_cpu", "ts": "2026-10-04 16:01:58", "value": false}
[DBG] {"category": "TRAIN", "component": "train", "event": "watchdog_armed", "host": "d6b2a058c4be", "pid": 185325, "rank": 0, "stage": "broadcast_stop_flag", "timeout_sec": 30.0, "ts": "2026-10-04 16:01:58"}
[DBG] {"category": "TRAIN", "component": "train", "elapsed_sec": 0.001514, "event": "END:broadcast_stop_flag", "host": "d6b2a058c4be", "pid": 185325, "rank": 0, "ts": "2026-10-04 16:01:58"}
[DBG] {"category": "QUEUE", "component": "train", "event": "BEGIN:preference_size_before_pop", "host": "d6b2a058c4be", "pid": 185325, "rank": 0, "ts": "2026-10-04 16:01:58"}
[DBG] {"category": "QUEUE", "component": "train", "event": "watchdog_armed", "host": "d6b2a058c4be", "pid": 185325, "rank": 0, "stage": "preference_size_before_pop", "timeout_sec": 30.0, "ts": "2026-10-04 16:01:58"}
[DBG] {"category": "QUEUE", "component": "train", "elapsed_sec": 0.00417, "event": "END:preference_size_before_pop", "host": "d6b2a058c4be", "pid": 185325, "rank": 0, "ts": "2026-10-04 16:01:58"}
[DBG] {"category": "QUEUE", "component": "train", "event": "trainer_queue_state", "host": "d6b2a058c4be", "pending": 0, "pid": 185325, "policy_version": 0, "rank": 0, "required": 4, "ts": "2026-10-04 16:01:58"}
[DBG] {"category": "QUEUE", "component": "train", "current_version": 0, "event": "BEGIN:preference_pop", "host": "d6b2a058c4be", "pid": 185325, "rank": 0, "requested": 4, "ts": "2026-10-04 16:01:58"}
[DBG] {"category": "QUEUE", "component": "train", "event": "watchdog_armed", "host": "d6b2a058c4be", "pid": 185325, "rank": 0, "stage": "preference_pop", "timeout_sec": 30.0, "ts": "2026-10-04 16:01:58"}
[DBG] {"category": "QUEUE", "component": "train", "elapsed_sec": 0.004575, "event": "END:preference_pop", "host": "d6b2a058c4be", "pid": 185325, "rank": 0, "ts": "2026-10-04 16:01:58"}
[DBG] {"category": "TRAIN", "component": "train", "event": "BEGIN:broadcast_preference_payload", "has_payload": false, "host": "d6b2a058c4be", "pid": 185325, "rank": 0, "transport": "json_uint8_gloo", "ts": "2026-10-04 16:01:58"}
[DBG] {"category": "TRAIN", "component": "train", "event": "watchdog_armed", "host": "d6b2a058c4be", "pid": 185325, "rank": 0, "stage": "broadcast_preference_payload", "timeout_sec": 30.0, "ts": "2026-10-04 16:01:58"}
[DBG] {"bytes": 0, "category": "TRAIN", "component": "train", "event": "BEGIN:broadcast_preference_length", "host": "d6b2a058c4be", "pid": 185325, "rank": 0, "transport": "gloo_cpu", "ts": "2026-10-04 16:01:58"}
[DBG] {"category": "TRAIN", "component": "train", "event": "watchdog_armed", "host": "d6b2a058c4be", "pid": 185325, "rank": 0, "stage": "broadcast_preference_length", "timeout_sec": 30.0, "ts": "2026-10-04 16:01:58"}
[DBG] {"category": "TRAIN", "component": "train", "elapsed_sec": 0.001043, "event": "END:broadcast_preference_length", "host": "d6b2a058c4be", "pid": 185325, "rank": 0, "ts": "2026-10-04 16:01:58"}
[DBG] {"category": "TRAIN", "component": "train", "event": "watchdog_armed", "host": "d6b2a058c4be", "pid": 185325, "rank": 0, "stage": "broadcast_preference_payload", "timeout_sec": 30.0, "ts": "2026-10-04 16:01:58"}
[DBG] {"category": "TRAIN", "component": "train", "elapsed_sec": 0.001549, "event": "END:broadcast_preference_payload", "host": "d6b2a058c4be", "pid": 185325, "rank": 0, "ts": "2026-10-04 16:01:58"}
[DBG] {"category": "RAY", "component": "train", "event": "BEGIN:control_should_stop", "host": "d6b2a058c4be", "pid": 185325, "rank": 0, "ts": "2026-10-04 16:01:58"}
[DBG] {"category": "RAY", "component": "train", "event": "watchdog_armed", "host": "d6b2a058c4be", "pid": 185325, "rank": 0, "stage": "control_should_stop", "timeout_sec": 30.0, "ts": "2026-10-04 16:01:58"}
[DBG] {"category": "RAY", "component": "train", "elapsed_sec": 0.001509, "event": "END:control_should_stop", "host": "d6b2a058c4be", "pid": 185325, "rank": 0, "ts": "2026-10-04 16:01:58"}
[DBG] {"category": "TRAIN", "component": "train", "event": "BEGIN:broadcast_stop_flag", "host": "d6b2a058c4be", "pid": 185325, "rank": 0, "transport": "gloo_cpu", "ts": "2026-10-04 16:01:58", "value": false}
[DBG] {"category": "TRAIN", "component": "train", "event": "watchdog_armed", "host": "d6b2a058c4be", "pid": 185325, "rank": 0, "stage": "broadcast_stop_flag", "timeout_sec": 30.0, "ts": "2026-10-04 16:01:58"}
[DBG] {"category": "TRAIN", "component": "train", "elapsed_sec": 0.000987, "event": "END:broadcast_stop_flag", "host": "d6b2a058c4be", "pid": 185325, "rank": 0, "ts": "2026-10-04 16:01:58"}
[DBG] {"category": "QUEUE", "component": "train", "event": "BEGIN:preference_size_before_pop", "host": "d6b2a058c4be", "pid": 185325, "rank": 0, "ts": "2026-10-04 16:01:58"}
[DBG] {"category": "QUEUE", "component": "train", "event": "watchdog_armed", "host": "d6b2a058c4be", "pid": 185325, "rank": 0, "stage": "preference_size_before_pop", "timeout_sec": 30.0, "ts": "2026-10-04 16:01:58"}
[DBG] {"category": "QUEUE", "component": "train", "elapsed_sec": 0.004087, "event": "END:preference_size_before_pop", "host": "d6b2a058c4be", "pid": 185325, "rank": 0, "ts": "2026-10-04 16:01:58"}
[DBG] {"category": "QUEUE", "component": "train", "event": "trainer_queue_state", "host": "d6b2a058c4be", "pending": 0, "pid": 185325, "policy_version": 0, "rank": 0, "required": 4, "ts": "2026-10-04 16:01:58"}
[DBG] {"category": "QUEUE", "component": "train", "current_version": 0, "event": "BEGIN:preference_pop", "host": "d6b2a058c4be", "pid": 185325, "rank": 0, "requested": 4, "ts": "2026-10-04 16:01:58"}
[DBG] {"category": "QUEUE", "component": "train", "event": "watchdog_armed", "host": "d6b2a058c4be", "pid": 185325, "rank": 0, "stage": "preference_pop", "timeout_sec": 30.0, "ts": "2026-10-04 16:01:58"}
[DBG] {"category": "QUEUE", "component": "train", "elapsed_sec": 0.002759, "event": "END:preference_pop", "host": "d6b2a058c4be", "pid": 185325, "rank": 0, "ts": "2026-10-04 16:01:58"}
[DBG] {"category": "TRAIN", "component": "train", "event": "BEGIN:broadcast_preference_payload", "has_payload": false, "host": "d6b2a058c4be", "pid": 185325, "rank": 0, "transport": "json_uint8_gloo", "ts": "2026-10-04 16:01:58"}
[DBG] {"category": "TRAIN", "component": "train", "event": "watchdog_armed", "host": "d6b2a058c4be", "pid": 185325, "rank": 0, "stage": "broadcast_preference_payload", "timeout_sec": 30.0, "ts": "2026-10-04 16:01:58"}
[DBG] {"bytes": 0, "category": "TRAIN", "component": "train", "event": "BEGIN:broadcast_preference_length", "host": "d6b2a058c4be", "pid": 185325, "rank": 0, "transport": "gloo_cpu", "ts": "2026-10-04 16:01:58"}
[DBG] {"category": "TRAIN", "component": "train", "event": "watchdog_armed", "host": "d6b2a058c4be", "pid": 185325, "rank": 0, "stage": "broadcast_preference_length", "timeout_sec": 30.0, "ts": "2026-10-04 16:01:58"}
[DBG] {"category": "TRAIN", "component": "train", "elapsed_sec": 0.001779, "event": "END:broadcast_preference_length", "host": "d6b2a058c4be", "pid": 185325, "rank": 0, "ts": "2026-10-04 16:01:58"}
[DBG] {"category": "TRAIN", "component": "train", "event": "watchdog_armed", "host": "d6b2a058c4be", "pid": 185325, "rank": 0, "stage": "broadcast_preference_payload", "timeout_sec": 30.0, "ts": "2026-10-04 16:01:58"}
[DBG] {"category": "TRAIN", "component": "train", "elapsed_sec": 0.002816, "event": "END:broadcast_preference_payload", "host": "d6b2a058c4be", "pid": 185325, "rank": 0, "ts": "2026-10-04 16:01:58"}
[DBG] {"category": "RAY", "component": "train", "event": "BEGIN:control_should_stop", "host": "d6b2a058c4be", "pid": 185325, "rank": 0, "ts": "2026-10-04 16:01:59"}
[DBG] {"category": "RAY", "component": "train", "event": "watchdog_armed", "host": "d6b2a058c4be", "pid": 185325, "rank": 0, "stage": "control_should_stop", "timeout_sec": 30.0, "ts": "2026-10-04 16:01:59"}
[DBG] {"category": "RAY", "component": "train", "elapsed_sec": 0.00228, "event": "END:control_should_stop", "host": "d6b2a058c4be", "pid": 185325, "rank": 0, "ts": "2026-10-04 16:01:59"}
[DBG] {"category": "TRAIN", "component": "train", "event": "BEGIN:broadcast_stop_flag", "host": "d6b2a058c4be", "pid": 185325, "rank": 0, "transport": "gloo_cpu", "ts": "2026-10-04 16:01:59", "value": false}
[DBG] {"category": "TRAIN", "component": "train", "event": "watchdog_armed", "host": "d6b2a058c4be", "pid": 185325, "rank": 0, "stage": "broadcast_stop_flag", "timeout_sec": 30.0, "ts": "2026-10-04 16:01:59"}
[DBG] {"category": "TRAIN", "component": "train", "elapsed_sec": 0.001876, "event": "END:broadcast_stop_flag", "host": "d6b2a058c4be", "pid": 185325, "rank": 0, "ts": "2026-10-04 16:01:59"}
[DBG] {"category": "QUEUE", "component": "train", "event": "BEGIN:preference_size_before_pop", "host": "d6b2a058c4be", "pid": 185325, "rank": 0, "ts": "2026-10-04 16:01:59"}
[DBG] {"category": "QUEUE", "component": "train", "event": "watchdog_armed", "host": "d6b2a058c4be", "pid": 185325, "rank": 0, "stage": "preference_size_before_pop", "timeout_sec": 30.0, "ts": "2026-10-04 16:01:59"}
[DBG] {"category": "QUEUE", "component": "train", "elapsed_sec": 0.00431, "event": "END:preference_size_before_pop", "host": "d6b2a058c4be", "pid": 185325, "rank": 0, "ts": "2026-10-04 16:01:59"}
[DBG] {"category": "QUEUE", "component": "train", "event": "trainer_queue_state", "host": "d6b2a058c4be", "pending": 0, "pid": 185325, "policy_version": 0, "rank": 0, "required": 4, "ts": "2026-10-04 16:01:59"}
[DBG] {"category": "QUEUE", "component": "train", "current_version": 0, "event": "BEGIN:preference_pop", "host": "d6b2a058c4be", "pid": 185325, "rank": 0, "requested": 4, "ts": "2026-10-04 16:01:59"}
[DBG] {"category": "QUEUE", "component": "train", "event": "watchdog_armed", "host": "d6b2a058c4be", "pid": 185325, "rank": 0, "stage": "preference_pop", "timeout_sec": 30.0, "ts": "2026-10-04 16:01:59"}
[DBG] {"category": "QUEUE", "component": "train", "elapsed_sec": 0.004754, "event": "END:preference_pop", "host": "d6b2a058c4be", "pid": 185325, "rank": 0, "ts": "2026-10-04 16:01:59"}
[DBG] {"category": "TRAIN", "component": "train", "event": "BEGIN:broadcast_preference_payload", "has_payload": false, "host": "d6b2a058c4be", "pid": 185325, "rank": 0, "transport": "json_uint8_gloo", "ts": "2026-10-04 16:01:59"}
[DBG] {"category": "TRAIN", "component": "train", "event": "watchdog_armed", "host": "d6b2a058c4be", "pid": 185325, "rank": 0, "stage": "broadcast_preference_payload", "timeout_sec": 30.0, "ts": "2026-10-04 16:01:59"}
[DBG] {"bytes": 0, "category": "TRAIN", "component": "train", "event": "BEGIN:broadcast_preference_length", "host": "d6b2a058c4be", "pid": 185325, "rank": 0, "transport": "gloo_cpu", "ts": "2026-10-04 16:01:59"}
[DBG] {"category": "TRAIN", "component": "train", "event": "watchdog_armed", "host": "d6b2a058c4be", "pid": 185325, "rank": 0, "stage": "broadcast_preference_length", "timeout_sec": 30.0, "ts": "2026-10-04 16:01:59"}
[DBG] {"category": "TRAIN", "component": "train", "elapsed_sec": 0.001264, "event": "END:broadcast_preference_length", "host": "d6b2a058c4be", "pid": 185325, "rank": 0, "ts": "2026-10-04 16:01:59"}
[DBG] {"category": "TRAIN", "component": "train", "event": "watchdog_armed", "host": "d6b2a058c4be", "pid": 185325, "rank": 0, "stage": "broadcast_preference_payload", "timeout_sec": 30.0, "ts": "2026-10-04 16:01:59"}
[DBG] {"category": "TRAIN", "component": "train", "elapsed_sec": 0.00168, "event": "END:broadcast_preference_payload", "host": "d6b2a058c4be", "pid": 185325, "rank": 0, "ts": "2026-10-04 16:01:59"}
[DBG] {"category": "RAY", "component": "train", "event": "BEGIN:control_should_stop", "host": "d6b2a058c4be", "pid": 185325, "rank": 0, "ts": "2026-10-04 16:01:59"}
[DBG] {"category": "RAY", "component": "train", "event": "watchdog_armed", "host": "d6b2a058c4be", "pid": 185325, "rank": 0, "stage": "control_should_stop", "timeout_sec": 30.0, "ts": "2026-10-04 16:01:59"}
[DBG] {"category": "RAY", "component": "train", "elapsed_sec": 0.002643, "event": "END:control_should_stop", "host": "d6b2a058c4be", "pid": 185325, "rank": 0, "ts": "2026-10-04 16:01:59"}
[DBG] {"category": "TRAIN", "component": "train", "event": "BEGIN:broadcast_stop_flag", "host": "d6b2a058c4be", "pid": 185325, "rank": 0, "transport": "gloo_cpu", "ts": "2026-10-04 16:01:59", "value": false}
[DBG] {"category": "TRAIN", "component": "train", "event": "watchdog_armed", "host": "d6b2a058c4be", "pid": 185325, "rank": 0, "stage": "broadcast_stop_flag", "timeout_sec": 30.0, "ts": "2026-10-04 16:01:59"}
[DBG] {"category": "TRAIN", "component": "train", "elapsed_sec": 0.001775, "event": "END:broadcast_stop_flag", "host": "d6b2a058c4be", "pid": 185325, "rank": 0, "ts": "2026-10-04 16:01:59"}
[DBG] {"category": "QUEUE", "component": "train", "event": "BEGIN:preference_size_before_pop", "host": "d6b2a058c4be", "pid": 185325, "rank": 0, "ts": "2026-10-04 16:01:59"}
[DBG] {"category": "QUEUE", "component": "train", "event": "watchdog_armed", "host": "d6b2a058c4be", "pid": 185325, "rank": 0, "stage": "preference_size_before_pop", "timeout_sec": 30.0, "ts": "2026-10-04 16:01:59"}
[DBG] {"category": "QUEUE", "component": "train", "elapsed_sec": 0.003586, "event": "END:preference_size_before_pop", "host": "d6b2a058c4be", "pid": 185325, "rank": 0, "ts": "2026-10-04 16:01:59"}
[DBG] {"category": "QUEUE", "component": "train", "event": "trainer_queue_state", "host": "d6b2a058c4be", "pending": 0, "pid": 185325, "policy_version": 0, "rank": 0, "required": 4, "ts": "2026-10-04 16:01:59"}
[DBG] {"category": "QUEUE", "component": "train", "current_version": 0, "event": "BEGIN:preference_pop", "host": "d6b2a058c4be", "pid": 185325, "rank": 0, "requested": 4, "ts": "2026-10-04 16:01:59"}
[DBG] {"category": "QUEUE", "component": "train", "event": "watchdog_armed", "host": "d6b2a058c4be", "pid": 185325, "rank": 0, "stage": "preference_pop", "timeout_sec": 30.0, "ts": "2026-10-04 16:01:59"}
[DBG] {"category": "QUEUE", "component": "train", "elapsed_sec": 0.005195, "event": "END:preference_pop", "host": "d6b2a058c4be", "pid": 185325, "rank": 0, "ts": "2026-10-04 16:01:59"}
[DBG] {"category": "TRAIN", "component": "train", "event": "BEGIN:broadcast_preference_payload", "has_payload": false, "host": "d6b2a058c4be", "pid": 185325, "rank": 0, "transport": "json_uint8_gloo", "ts": "2026-10-04 16:01:59"}
[DBG] {"category": "TRAIN", "component": "train", "event": "watchdog_armed", "host": "d6b2a058c4be", "pid": 185325, "rank": 0, "stage": "broadcast_preference_payload", "timeout_sec": 30.0, "ts": "2026-10-04 16:01:59"}
[DBG] {"bytes": 0, "category": "TRAIN", "component": "train", "event": "BEGIN:broadcast_preference_length", "host": "d6b2a058c4be", "pid": 185325, "rank": 0, "transport": "gloo_cpu", "ts": "2026-10-04 16:01:59"}
[DBG] {"category": "TRAIN", "component": "train", "event": "watchdog_armed", "host": "d6b2a058c4be", "pid": 185325, "rank": 0, "stage": "broadcast_preference_length", "timeout_sec": 30.0, "ts": "2026-10-04 16:01:59"}
[DBG] {"category": "TRAIN", "component": "train", "elapsed_sec": 0.001893, "event": "END:broadcast_preference_length", "host": "d6b2a058c4be", "pid": 185325, "rank": 0, "ts": "2026-10-04 16:01:59"}
[DBG] {"category": "TRAIN", "component": "train", "event": "watchdog_armed", "host": "d6b2a058c4be", "pid": 185325, "rank": 0, "stage": "broadcast_preference_payload", "timeout_sec": 30.0, "ts": "2026-10-04 16:01:59"}
[DBG] {"category": "TRAIN", "component": "train", "elapsed_sec": 0.003293, "event": "END:broadcast_preference_payload", "host": "d6b2a058c4be", "pid": 185325, "rank": 0, "ts": "2026-10-04 16:01:59"}
[DBG] {"category": "RAY", "component": "train", "event": "BEGIN:control_should_stop", "host": "d6b2a058c4be", "pid": 185325, "rank": 0, "ts": "2026-10-04 16:02:00"}
[DBG] {"category": "RAY", "component": "train", "event": "watchdog_armed", "host": "d6b2a058c4be", "pid": 185325, "rank": 0, "stage": "control_should_stop", "timeout_sec": 30.0, "ts": "2026-10-04 16:02:00"}
[DBG] {"category": "RAY", "component": "train", "elapsed_sec": 0.003192, "event": "END:control_should_stop", "host": "d6b2a058c4be", "pid": 185325, "rank": 0, "ts": "2026-10-04 16:02:00"}
[DBG] {"category": "TRAIN", "component": "train", "event": "BEGIN:broadcast_stop_flag", "host": "d6b2a058c4be", "pid": 185325, "rank": 0, "transport": "gloo_cpu", "ts": "2026-10-04 16:02:00", "value": false}
[DBG] {"category": "TRAIN", "component": "train", "event": "watchdog_armed", "host": "d6b2a058c4be", "pid": 185325, "rank": 0, "stage": "broadcast_stop_flag", "timeout_sec": 30.0, "ts": "2026-10-04 16:02:00"}
[DBG] {"category": "TRAIN", "component": "train", "elapsed_sec": 0.002161, "event": "END:broadcast_stop_flag", "host": "d6b2a058c4be", "pid": 185325, "rank": 0, "ts": "2026-10-04 16:02:00"}
[DBG] {"category": "QUEUE", "component": "train", "event": "BEGIN:preference_size_before_pop", "host": "d6b2a058c4be", "pid": 185325, "rank": 0, "ts": "2026-10-04 16:02:00"}
[DBG] {"category": "QUEUE", "component": "train", "event": "watchdog_armed", "host": "d6b2a058c4be", "pid": 185325, "rank": 0, "stage": "preference_size_before_pop", "timeout_sec": 30.0, "ts": "2026-10-04 16:02:00"}
[DBG] {"category": "QUEUE", "component": "train", "elapsed_sec": 0.003863, "event": "END:preference_size_before_pop", "host": "d6b2a058c4be", "pid": 185325, "rank": 0, "ts": "2026-10-04 16:02:00"}
[DBG] {"category": "QUEUE", "component": "train", "event": "trainer_queue_state", "host": "d6b2a058c4be", "pending": 0, "pid": 185325, "policy_version": 0, "rank": 0, "required": 4, "ts": "2026-10-04 16:02:00"}
[DBG] {"category": "QUEUE", "component": "train", "current_version": 0, "event": "BEGIN:preference_pop", "host": "d6b2a058c4be", "pid": 185325, "rank": 0, "requested": 4, "ts": "2026-10-04 16:02:00"}
[DBG] {"category": "QUEUE", "component": "train", "event": "watchdog_armed", "host": "d6b2a058c4be", "pid": 185325, "rank": 0, "stage": "preference_pop", "timeout_sec": 30.0, "ts": "2026-10-04 16:02:00"}
[DBG] {"category": "QUEUE", "component": "train", "elapsed_sec": 0.0045, "event": "END:preference_pop", "host": "d6b2a058c4be", "pid": 185325, "rank": 0, "ts": "2026-10-04 16:02:00"}
[DBG] {"category": "TRAIN", "component": "train", "empty_polls": 20, "event": "waiting_for_preference_batch", "host": "d6b2a058c4be", "pending": 0, "pid": 185325, "rank": 0, "required": 4, "ts": "2026-10-04 16:02:00"}
[DBG] {"category": "TRAIN", "component": "train", "event": "BEGIN:broadcast_preference_payload", "has_payload": false, "host": "d6b2a058c4be", "pid": 185325, "rank": 0, "transport": "json_uint8_gloo", "ts": "2026-10-04 16:02:00"}
[DBG] {"category": "TRAIN", "component": "train", "event": "watchdog_armed", "host": "d6b2a058c4be", "pid": 185325, "rank": 0, "stage": "broadcast_preference_payload", "timeout_sec": 30.0, "ts": "2026-10-04 16:02:00"}
[DBG] {"bytes": 0, "category": "TRAIN", "component": "train", "event": "BEGIN:broadcast_preference_length", "host": "d6b2a058c4be", "pid": 185325, "rank": 0, "transport": "gloo_cpu", "ts": "2026-10-04 16:02:00"}
[DBG] {"category": "TRAIN", "component": "train", "event": "watchdog_armed", "host": "d6b2a058c4be", "pid": 185325, "rank": 0, "stage": "broadcast_preference_length", "timeout_sec": 30.0, "ts": "2026-10-04 16:02:00"}
[DBG] {"category": "TRAIN", "component": "train", "elapsed_sec": 0.001702, "event": "END:broadcast_preference_length", "host": "d6b2a058c4be", "pid": 185325, "rank": 0, "ts": "2026-10-04 16:02:00"}
[DBG] {"category": "TRAIN", "component": "train", "event": "watchdog_armed", "host": "d6b2a058c4be", "pid": 185325, "rank": 0, "stage": "broadcast_preference_payload", "timeout_sec": 30.0, "ts": "2026-10-04 16:02:00"}
[DBG] {"category": "TRAIN", "component": "train", "elapsed_sec": 0.002777, "event": "END:broadcast_preference_payload", "host": "d6b2a058c4be", "pid": 185325, "rank": 0, "ts": "2026-10-04 16:02:00"}
[DBG] {"category": "RAY", "component": "train", "event": "BEGIN:control_should_stop", "host": "d6b2a058c4be", "pid": 185325, "rank": 0, "ts": "2026-10-04 16:02:00"}
[DBG] {"category": "RAY", "component": "train", "event": "watchdog_armed", "host": "d6b2a058c4be", "pid": 185325, "rank": 0, "stage": "control_should_stop", "timeout_sec": 30.0, "ts": "2026-10-04 16:02:00"}
[DBG] {"category": "RAY", "component": "train", "elapsed_sec": 0.003374, "event": "END:control_should_stop", "host": "d6b2a058c4be", "pid": 185325, "rank": 0, "ts": "2026-10-04 16:02:00"}
[DBG] {"category": "TRAIN", "component": "train", "event": "BEGIN:broadcast_stop_flag", "host": "d6b2a058c4be", "pid": 185325, "rank": 0, "transport": "gloo_cpu", "ts": "2026-10-04 16:02:00", "value": false}
[DBG] {"category": "TRAIN", "component": "train", "event": "watchdog_armed", "host": "d6b2a058c4be", "pid": 185325, "rank": 0, "stage": "broadcast_stop_flag", "timeout_sec": 30.0, "ts": "2026-10-04 16:02:00"}
[DBG] {"category": "TRAIN", "component": "train", "elapsed_sec": 0.002244, "event": "END:broadcast_stop_flag", "host": "d6b2a058c4be", "pid": 185325, "rank": 0, "ts": "2026-10-04 16:02:00"}
[DBG] {"category": "QUEUE", "component": "train", "event": "BEGIN:preference_size_before_pop", "host": "d6b2a058c4be", "pid": 185325, "rank": 0, "ts": "2026-10-04 16:02:00"}
[DBG] {"category": "QUEUE", "component": "train", "event": "watchdog_armed", "host": "d6b2a058c4be", "pid": 185325, "rank": 0, "stage": "preference_size_before_pop", "timeout_sec": 30.0, "ts": "2026-10-04 16:02:00"}
[DBG] {"category": "QUEUE", "component": "train", "elapsed_sec": 0.004525, "event": "END:preference_size_before_pop", "host": "d6b2a058c4be", "pid": 185325, "rank": 0, "ts": "2026-10-04 16:02:00"}
[DBG] {"category": "QUEUE", "component": "train", "event": "trainer_queue_state", "host": "d6b2a058c4be", "pending": 0, "pid": 185325, "policy_version": 0, "rank": 0, "required": 4, "ts": "2026-10-04 16:02:00"}
[DBG] {"category": "QUEUE", "component": "train", "current_version": 0, "event": "BEGIN:preference_pop", "host": "d6b2a058c4be", "pid": 185325, "rank": 0, "requested": 4, "ts": "2026-10-04 16:02:00"}
[DBG] {"category": "QUEUE", "component": "train", "event": "watchdog_armed", "host": "d6b2a058c4be", "pid": 185325, "rank": 0, "stage": "preference_pop", "timeout_sec": 30.0, "ts": "2026-10-04 16:02:00"}
[DBG] {"category": "QUEUE", "component": "train", "elapsed_sec": 0.005022, "event": "END:preference_pop", "host": "d6b2a058c4be", "pid": 185325, "rank": 0, "ts": "2026-10-04 16:02:01"}
[DBG] {"category": "TRAIN", "component": "train", "event": "BEGIN:broadcast_preference_payload", "has_payload": false, "host": "d6b2a058c4be", "pid": 185325, "rank": 0, "transport": "json_uint8_gloo", "ts": "2026-10-04 16:02:01"}
[DBG] {"category": "TRAIN", "component": "train", "event": "watchdog_armed", "host": "d6b2a058c4be", "pid": 185325, "rank": 0, "stage": "broadcast_preference_payload", "timeout_sec": 30.0, "ts": "2026-10-04 16:02:01"}
[DBG] {"bytes": 0, "category": "TRAIN", "component": "train", "event": "BEGIN:broadcast_preference_length", "host": "d6b2a058c4be", "pid": 185325, "rank": 0, "transport": "gloo_cpu", "ts": "2026-10-04 16:02:01"}
[DBG] {"category": "TRAIN", "component": "train", "event": "watchdog_armed", "host": "d6b2a058c4be", "pid": 185325, "rank": 0, "stage": "broadcast_preference_length", "timeout_sec": 30.0, "ts": "2026-10-04 16:02:01"}
[DBG] {"category": "TRAIN", "component": "train", "elapsed_sec": 0.001643, "event": "END:broadcast_preference_length", "host": "d6b2a058c4be", "pid": 185325, "rank": 0, "ts": "2026-10-04 16:02:01"}
[DBG] {"category": "TRAIN", "component": "train", "event": "watchdog_armed", "host": "d6b2a058c4be", "pid": 185325, "rank": 0, "stage": "broadcast_preference_payload", "timeout_sec": 30.0, "ts": "2026-10-04 16:02:01"}
[DBG] {"category": "TRAIN", "component": "train", "elapsed_sec": 0.002344, "event": "END:broadcast_preference_payload", "host": "d6b2a058c4be", "pid": 185325, "rank": 0, "ts": "2026-10-04 16:02:01"}
[DBG] {"category": "RAY", "component": "train", "event": "BEGIN:control_should_stop", "host": "d6b2a058c4be", "pid": 185325, "rank": 0, "ts": "2026-10-04 16:02:01"}
[DBG] {"category": "RAY", "component": "train", "event": "watchdog_armed", "host": "d6b2a058c4be", "pid": 185325, "rank": 0, "stage": "control_should_stop", "timeout_sec": 30.0, "ts": "2026-10-04 16:02:01"}
[DBG] {"category": "RAY", "component": "train", "elapsed_sec": 0.003048, "event": "END:control_should_stop", "host": "d6b2a058c4be", "pid": 185325, "rank": 0, "ts": "2026-10-04 16:02:01"}
[DBG] {"category": "TRAIN", "component": "train", "event": "BEGIN:broadcast_stop_flag", "host": "d6b2a058c4be", "pid": 185325, "rank": 0, "transport": "gloo_cpu", "ts": "2026-10-04 16:02:01", "value": false}
[DBG] {"category": "TRAIN", "component": "train", "event": "watchdog_armed", "host": "d6b2a058c4be", "pid": 185325, "rank": 0, "stage": "broadcast_stop_flag", "timeout_sec": 30.0, "ts": "2026-10-04 16:02:01"}
[DBG] {"category": "TRAIN", "component": "train", "elapsed_sec": 0.00235, "event": "END:broadcast_stop_flag", "host": "d6b2a058c4be", "pid": 185325, "rank": 0, "ts": "2026-10-04 16:02:01"}
[DBG] {"category": "QUEUE", "component": "train", "event": "BEGIN:preference_size_before_pop", "host": "d6b2a058c4be", "pid": 185325, "rank": 0, "ts": "2026-10-04 16:02:01"}
[DBG] {"category": "QUEUE", "component": "train", "event": "watchdog_armed", "host": "d6b2a058c4be", "pid": 185325, "rank": 0, "stage": "preference_size_before_pop", "timeout_sec": 30.0, "ts": "2026-10-04 16:02:01"}
[DBG] {"category": "QUEUE", "component": "train", "elapsed_sec": 0.004991, "event": "END:preference_size_before_pop", "host": "d6b2a058c4be", "pid": 185325, "rank": 0, "ts": "2026-10-04 16:02:01"}
[DBG] {"category": "QUEUE", "component": "train", "event": "trainer_queue_state", "host": "d6b2a058c4be", "pending": 0, "pid": 185325, "policy_version": 0, "rank": 0, "required": 4, "ts": "2026-10-04 16:02:01"}
[DBG] {"category": "QUEUE", "component": "train", "current_version": 0, "event": "BEGIN:preference_pop", "host": "d6b2a058c4be", "pid": 185325, "rank": 0, "requested": 4, "ts": "2026-10-04 16:02:01"}
[DBG] {"category": "QUEUE", "component": "train", "event": "watchdog_armed", "host": "d6b2a058c4be", "pid": 185325, "rank": 0, "stage": "preference_pop", "timeout_sec": 30.0, "ts": "2026-10-04 16:02:01"}
[DBG] {"category": "QUEUE", "component": "train", "elapsed_sec": 0.004149, "event": "END:preference_pop", "host": "d6b2a058c4be", "pid": 185325, "rank": 0, "ts": "2026-10-04 16:02:01"}
[DBG] {"category": "TRAIN", "component": "train", "event": "BEGIN:broadcast_preference_payload", "has_payload": false, "host": "d6b2a058c4be", "pid": 185325, "rank": 0, "transport": "json_uint8_gloo", "ts": "2026-10-04 16:02:01"}
[DBG] {"category": "TRAIN", "component": "train", "event": "watchdog_armed", "host": "d6b2a058c4be", "pid": 185325, "rank": 0, "stage": "broadcast_preference_payload", "timeout_sec": 30.0, "ts": "2026-10-04 16:02:01"}
[DBG] {"bytes": 0, "category": "TRAIN", "component": "train", "event": "BEGIN:broadcast_preference_length", "host": "d6b2a058c4be", "pid": 185325, "rank": 0, "transport": "gloo_cpu", "ts": "2026-10-04 16:02:01"}
[DBG] {"category": "TRAIN", "component": "train", "event": "watchdog_armed", "host": "d6b2a058c4be", "pid": 185325, "rank": 0, "stage": "broadcast_preference_length", "timeout_sec": 30.0, "ts": "2026-10-04 16:02:01"}
[DBG] {"category": "TRAIN", "component": "train", "elapsed_sec": 0.000791, "event": "END:broadcast_preference_length", "host": "d6b2a058c4be", "pid": 185325, "rank": 0, "ts": "2026-10-04 16:02:01"}
[DBG] {"category": "TRAIN", "component": "train", "event": "watchdog_armed", "host": "d6b2a058c4be", "pid": 185325, "rank": 0, "stage": "broadcast_preference_payload", "timeout_sec": 30.0, "ts": "2026-10-04 16:02:01"}
[DBG] {"category": "TRAIN", "component": "train", "elapsed_sec": 0.001169, "event": "END:broadcast_preference_payload", "host": "d6b2a058c4be", "pid": 185325, "rank": 0, "ts": "2026-10-04 16:02:01"}
[DBG] {"category": "RAY", "component": "train", "event": "BEGIN:control_should_stop", "host": "d6b2a058c4be", "pid": 185325, "rank": 0, "ts": "2026-10-04 16:02:02"}
[DBG] {"category": "RAY", "component": "train", "event": "watchdog_armed", "host": "d6b2a058c4be", "pid": 185325, "rank": 0, "stage": "control_should_stop", "timeout_sec": 30.0, "ts": "2026-10-04 16:02:02"}
[DBG] {"category": "RAY", "component": "train", "elapsed_sec": 0.001926, "event": "END:control_should_stop", "host": "d6b2a058c4be", "pid": 185325, "rank": 0, "ts": "2026-10-04 16:02:02"}
[DBG] {"category": "TRAIN", "component": "train", "event": "BEGIN:broadcast_stop_flag", "host": "d6b2a058c4be", "pid": 185325, "rank": 0, "transport": "gloo_cpu", "ts": "2026-10-04 16:02:02", "value": false}
[DBG] {"category": "TRAIN", "component": "train", "event": "watchdog_armed", "host": "d6b2a058c4be", "pid": 185325, "rank": 0, "stage": "broadcast_stop_flag", "timeout_sec": 30.0, "ts": "2026-10-04 16:02:02"}
[DBG] {"category": "TRAIN", "component": "train", "elapsed_sec": 0.000956, "event": "END:broadcast_stop_flag", "host": "d6b2a058c4be", "pid": 185325, "rank": 0, "ts": "2026-10-04 16:02:02"}
[DBG] {"category": "QUEUE", "component": "train", "event": "BEGIN:preference_size_before_pop", "host": "d6b2a058c4be", "pid": 185325, "rank": 0, "ts": "2026-10-04 16:02:02"}
[DBG] {"category": "QUEUE", "component": "train", "event": "watchdog_armed", "host": "d6b2a058c4be", "pid": 185325, "rank": 0, "stage": "preference_size_before_pop", "timeout_sec": 30.0, "ts": "2026-10-04 16:02:02"}
[DBG] {"category": "QUEUE", "component": "train", "elapsed_sec": 0.002181, "event": "END:preference_size_before_pop", "host": "d6b2a058c4be", "pid": 185325, "rank": 0, "ts": "2026-10-04 16:02:02"}
[DBG] {"category": "QUEUE", "component": "train", "event": "trainer_queue_state", "host": "d6b2a058c4be", "pending": 0, "pid": 185325, "policy_version": 0, "rank": 0, "required": 4, "ts": "2026-10-04 16:02:02"}
[DBG] {"category": "QUEUE", "component": "train", "current_version": 0, "event": "BEGIN:preference_pop", "host": "d6b2a058c4be", "pid": 185325, "rank": 0, "requested": 4, "ts": "2026-10-04 16:02:02"}
[DBG] {"category": "QUEUE", "component": "train", "event": "watchdog_armed", "host": "d6b2a058c4be", "pid": 185325, "rank": 0, "stage": "preference_pop", "timeout_sec": 30.0, "ts": "2026-10-04 16:02:02"}
[DBG] {"category": "QUEUE", "component": "train", "elapsed_sec": 0.002186, "event": "END:preference_pop", "host": "d6b2a058c4be", "pid": 185325, "rank": 0, "ts": "2026-10-04 16:02:02"}
[DBG] {"category": "TRAIN", "component": "train", "event": "BEGIN:broadcast_preference_payload", "has_payload": false, "host": "d6b2a058c4be", "pid": 185325, "rank": 0, "transport": "json_uint8_gloo", "ts": "2026-10-04 16:02:02"}
[DBG] {"category": "TRAIN", "component": "train", "event": "watchdog_armed", "host": "d6b2a058c4be", "pid": 185325, "rank": 0, "stage": "broadcast_preference_payload", "timeout_sec": 30.0, "ts": "2026-10-04 16:02:02"}
[DBG] {"bytes": 0, "category": "TRAIN", "component": "train", "event": "BEGIN:broadcast_preference_length", "host": "d6b2a058c4be", "pid": 185325, "rank": 0, "transport": "gloo_cpu", "ts": "2026-10-04 16:02:02"}
[DBG] {"category": "TRAIN", "component": "train", "event": "watchdog_armed", "host": "d6b2a058c4be", "pid": 185325, "rank": 0, "stage": "broadcast_preference_length", "timeout_sec": 30.0, "ts": "2026-10-04 16:02:02"}
[DBG] {"category": "TRAIN", "component": "train", "elapsed_sec": 0.000786, "event": "END:broadcast_preference_length", "host": "d6b2a058c4be", "pid": 185325, "rank": 0, "ts": "2026-10-04 16:02:02"}
[DBG] {"category": "TRAIN", "component": "train", "event": "watchdog_armed", "host": "d6b2a058c4be", "pid": 185325, "rank": 0, "stage": "broadcast_preference_payload", "timeout_sec": 30.0, "ts": "2026-10-04 16:02:02"}
[DBG] {"category": "TRAIN", "component": "train", "elapsed_sec": 0.001181, "event": "END:broadcast_preference_payload", "host": "d6b2a058c4be", "pid": 185325, "rank": 0, "ts": "2026-10-04 16:02:02"}
[DBG] {"category": "RAY", "component": "train", "event": "BEGIN:control_should_stop", "host": "d6b2a058c4be", "pid": 185325, "rank": 0, "ts": "2026-10-04 16:02:02"}
[DBG] {"category": "RAY", "component": "train", "event": "watchdog_armed", "host": "d6b2a058c4be", "pid": 185325, "rank": 0, "stage": "control_should_stop", "timeout_sec": 30.0, "ts": "2026-10-04 16:02:02"}
[DBG] {"category": "RAY", "component": "train", "elapsed_sec": 0.002041, "event": "END:control_should_stop", "host": "d6b2a058c4be", "pid": 185325, "rank": 0, "ts": "2026-10-04 16:02:02"}
[DBG] {"category": "TRAIN", "component": "train", "event": "BEGIN:broadcast_stop_flag", "host": "d6b2a058c4be", "pid": 185325, "rank": 0, "transport": "gloo_cpu", "ts": "2026-10-04 16:02:02", "value": false}
[DBG] {"category": "TRAIN", "component": "train", "event": "watchdog_armed", "host": "d6b2a058c4be", "pid": 185325, "rank": 0, "stage": "broadcast_stop_flag", "timeout_sec": 30.0, "ts": "2026-10-04 16:02:02"}
[DBG] {"category": "TRAIN", "component": "train", "elapsed_sec": 0.002317, "event": "END:broadcast_stop_flag", "host": "d6b2a058c4be", "pid": 185325, "rank": 0, "ts": "2026-10-04 16:02:02"}
[DBG] {"category": "QUEUE", "component": "train", "event": "BEGIN:preference_size_before_pop", "host": "d6b2a058c4be", "pid": 185325, "rank": 0, "ts": "2026-10-04 16:02:02"}
[DBG] {"category": "QUEUE", "component": "train", "event": "watchdog_armed", "host": "d6b2a058c4be", "pid": 185325, "rank": 0, "stage": "preference_size_before_pop", "timeout_sec": 30.0, "ts": "2026-10-04 16:02:02"}
[DBG] {"category": "QUEUE", "component": "train", "elapsed_sec": 0.004401, "event": "END:preference_size_before_pop", "host": "d6b2a058c4be", "pid": 185325, "rank": 0, "ts": "2026-10-04 16:02:02"}
[DBG] {"category": "QUEUE", "component": "train", "event": "trainer_queue_state", "host": "d6b2a058c4be", "pending": 0, "pid": 185325, "policy_version": 0, "rank": 0, "required": 4, "ts": "2026-10-04 16:02:02"}
[DBG] {"category": "QUEUE", "component": "train", "current_version": 0, "event": "BEGIN:preference_pop", "host": "d6b2a058c4be", "pid": 185325, "rank": 0, "requested": 4, "ts": "2026-10-04 16:02:02"}
[DBG] {"category": "QUEUE", "component": "train", "event": "watchdog_armed", "host": "d6b2a058c4be", "pid": 185325, "rank": 0, "stage": "preference_pop", "timeout_sec": 30.0, "ts": "2026-10-04 16:02:02"}
[DBG] {"category": "QUEUE", "component": "train", "elapsed_sec": 0.003835, "event": "END:preference_pop", "host": "d6b2a058c4be", "pid": 185325, "rank": 0, "ts": "2026-10-04 16:02:02"}
[DBG] {"category": "TRAIN", "component": "train", "event": "BEGIN:broadcast_preference_payload", "has_payload": false, "host": "d6b2a058c4be", "pid": 185325, "rank": 0, "transport": "json_uint8_gloo", "ts": "2026-10-04 16:02:02"}
[DBG] {"category": "TRAIN", "component": "train", "event": "watchdog_armed", "host": "d6b2a058c4be", "pid": 185325, "rank": 0, "stage": "broadcast_preference_payload", "timeout_sec": 30.0, "ts": "2026-10-04 16:02:02"}
[DBG] {"bytes": 0, "category": "TRAIN", "component": "train", "event": "BEGIN:broadcast_preference_length", "host": "d6b2a058c4be", "pid": 185325, "rank": 0, "transport": "gloo_cpu", "ts": "2026-10-04 16:02:02"}
[DBG] {"category": "TRAIN", "component": "train", "event": "watchdog_armed", "host": "d6b2a058c4be", "pid": 185325, "rank": 0, "stage": "broadcast_preference_length", "timeout_sec": 30.0, "ts": "2026-10-04 16:02:02"}
[DBG] {"category": "TRAIN", "component": "train", "elapsed_sec": 0.001779, "event": "END:broadcast_preference_length", "host": "d6b2a058c4be", "pid": 185325, "rank": 0, "ts": "2026-10-04 16:02:02"}
[DBG] {"category": "TRAIN", "component": "train", "event": "watchdog_armed", "host": "d6b2a058c4be", "pid": 185325, "rank": 0, "stage": "broadcast_preference_payload", "timeout_sec": 30.0, "ts": "2026-10-04 16:02:02"}
[DBG] {"category": "TRAIN", "component": "train", "elapsed_sec": 0.002747, "event": "END:broadcast_preference_payload", "host": "d6b2a058c4be", "pid": 185325, "rank": 0, "ts": "2026-10-04 16:02:02"}
[DBG] {"category": "RAY", "component": "train", "event": "BEGIN:control_should_stop", "host": "d6b2a058c4be", "pid": 185325, "rank": 0, "ts": "2026-10-04 16:02:03"}
[DBG] {"category": "RAY", "component": "train", "event": "watchdog_armed", "host": "d6b2a058c4be", "pid": 185325, "rank": 0, "stage": "control_should_stop", "timeout_sec": 30.0, "ts": "2026-10-04 16:02:03"}
[DBG] {"category": "RAY", "component": "train", "elapsed_sec": 0.002698, "event": "END:control_should_stop", "host": "d6b2a058c4be", "pid": 185325, "rank": 0, "ts": "2026-10-04 16:02:03"}
[DBG] {"category": "TRAIN", "component": "train", "event": "BEGIN:broadcast_stop_flag", "host": "d6b2a058c4be", "pid": 185325, "rank": 0, "transport": "gloo_cpu", "ts": "2026-10-04 16:02:03", "value": false}
[DBG] {"category": "TRAIN", "component": "train", "event": "watchdog_armed", "host": "d6b2a058c4be", "pid": 185325, "rank": 0, "stage": "broadcast_stop_flag", "timeout_sec": 30.0, "ts": "2026-10-04 16:02:03"}
[DBG] {"category": "TRAIN", "component": "train", "elapsed_sec": 0.00183, "event": "END:broadcast_stop_flag", "host": "d6b2a058c4be", "pid": 185325, "rank": 0, "ts": "2026-10-04 16:02:03"}
[DBG] {"category": "QUEUE", "component": "train", "event": "BEGIN:preference_size_before_pop", "host": "d6b2a058c4be", "pid": 185325, "rank": 0, "ts": "2026-10-04 16:02:03"}
[DBG] {"category": "QUEUE", "component": "train", "event": "watchdog_armed", "host": "d6b2a058c4be", "pid": 185325, "rank": 0, "stage": "preference_size_before_pop", "timeout_sec": 30.0, "ts": "2026-10-04 16:02:03"}
[DBG] {"category": "QUEUE", "component": "train", "elapsed_sec": 0.003568, "event": "END:preference_size_before_pop", "host": "d6b2a058c4be", "pid": 185325, "rank": 0, "ts": "2026-10-04 16:02:03"}
[DBG] {"category": "QUEUE", "component": "train", "event": "trainer_queue_state", "host": "d6b2a058c4be", "pending": 0, "pid": 185325, "policy_version": 0, "rank": 0, "required": 4, "ts": "2026-10-04 16:02:03"}
[DBG] {"category": "QUEUE", "component": "train", "current_version": 0, "event": "BEGIN:preference_pop", "host": "d6b2a058c4be", "pid": 185325, "rank": 0, "requested": 4, "ts": "2026-10-04 16:02:03"}
[DBG] {"category": "QUEUE", "component": "train", "event": "watchdog_armed", "host": "d6b2a058c4be", "pid": 185325, "rank": 0, "stage": "preference_pop", "timeout_sec": 30.0, "ts": "2026-10-04 16:02:03"}
[DBG] {"category": "QUEUE", "component": "train", "elapsed_sec": 0.002967, "event": "END:preference_pop", "host": "d6b2a058c4be", "pid": 185325, "rank": 0, "ts": "2026-10-04 16:02:03"}
[DBG] {"category": "TRAIN", "component": "train", "event": "BEGIN:broadcast_preference_payload", "has_payload": false, "host": "d6b2a058c4be", "pid": 185325, "rank": 0, "transport": "json_uint8_gloo", "ts": "2026-10-04 16:02:03"}
[DBG] {"category": "TRAIN", "component": "train", "event": "watchdog_armed", "host": "d6b2a058c4be", "pid": 185325, "rank": 0, "stage": "broadcast_preference_payload", "timeout_sec": 30.0, "ts": "2026-10-04 16:02:03"}
[DBG] {"bytes": 0, "category": "TRAIN", "component": "train", "event": "BEGIN:broadcast_preference_length", "host": "d6b2a058c4be", "pid": 185325, "rank": 0, "transport": "gloo_cpu", "ts": "2026-10-04 16:02:03"}
[DBG] {"category": "TRAIN", "component": "train", "event": "watchdog_armed", "host": "d6b2a058c4be", "pid": 185325, "rank": 0, "stage": "broadcast_preference_length", "timeout_sec": 30.0, "ts": "2026-10-04 16:02:03"}
[DBG] {"category": "TRAIN", "component": "train", "elapsed_sec": 0.001526, "event": "END:broadcast_preference_length", "host": "d6b2a058c4be", "pid": 185325, "rank": 0, "ts": "2026-10-04 16:02:03"}
[DBG] {"category": "TRAIN", "component": "train", "event": "watchdog_armed", "host": "d6b2a058c4be", "pid": 185325, "rank": 0, "stage": "broadcast_preference_payload", "timeout_sec": 30.0, "ts": "2026-10-04 16:02:03"}
[DBG] {"category": "TRAIN", "component": "train", "elapsed_sec": 0.001948, "event": "END:broadcast_preference_payload", "host": "d6b2a058c4be", "pid": 185325, "rank": 0, "ts": "2026-10-04 16:02:03"}
[DBG] {"category": "RAY", "component": "train", "event": "BEGIN:control_should_stop", "host": "d6b2a058c4be", "pid": 185325, "rank": 0, "ts": "2026-10-04 16:02:03"}
[DBG] {"category": "RAY", "component": "train", "event": "watchdog_armed", "host": "d6b2a058c4be", "pid": 185325, "rank": 0, "stage": "control_should_stop", "timeout_sec": 30.0, "ts": "2026-10-04 16:02:03"}
[DBG] {"category": "RAY", "component": "train", "elapsed_sec": 0.003107, "event": "END:control_should_stop", "host": "d6b2a058c4be", "pid": 185325, "rank": 0, "ts": "2026-10-04 16:02:03"}
[DBG] {"category": "TRAIN", "component": "train", "event": "BEGIN:broadcast_stop_flag", "host": "d6b2a058c4be", "pid": 185325, "rank": 0, "transport": "gloo_cpu", "ts": "2026-10-04 16:02:03", "value": false}
[DBG] {"category": "TRAIN", "component": "train", "event": "watchdog_armed", "host": "d6b2a058c4be", "pid": 185325, "rank": 0, "stage": "broadcast_stop_flag", "timeout_sec": 30.0, "ts": "2026-10-04 16:02:03"}
[DBG] {"category": "TRAIN", "component": "train", "elapsed_sec": 0.0016, "event": "END:broadcast_stop_flag", "host": "d6b2a058c4be", "pid": 185325, "rank": 0, "ts": "2026-10-04 16:02:03"}
[DBG] {"category": "QUEUE", "component": "train", "event": "BEGIN:preference_size_before_pop", "host": "d6b2a058c4be", "pid": 185325, "rank": 0, "ts": "2026-10-04 16:02:03"}
[DBG] {"category": "QUEUE", "component": "train", "event": "watchdog_armed", "host": "d6b2a058c4be", "pid": 185325, "rank": 0, "stage": "preference_size_before_pop", "timeout_sec": 30.0, "ts": "2026-10-04 16:02:03"}
[DBG] {"category": "QUEUE", "component": "train", "elapsed_sec": 0.003835, "event": "END:preference_size_before_pop", "host": "d6b2a058c4be", "pid": 185325, "rank": 0, "ts": "2026-10-04 16:02:03"}
[DBG] {"category": "QUEUE", "component": "train", "event": "trainer_queue_state", "host": "d6b2a058c4be", "pending": 0, "pid": 185325, "policy_version": 0, "rank": 0, "required": 4, "ts": "2026-10-04 16:02:03"}
[DBG] {"category": "QUEUE", "component": "train", "current_version": 0, "event": "BEGIN:preference_pop", "host": "d6b2a058c4be", "pid": 185325, "rank": 0, "requested": 4, "ts": "2026-10-04 16:02:03"}
[DBG] {"category": "QUEUE", "component": "train", "event": "watchdog_armed", "host": "d6b2a058c4be", "pid": 185325, "rank": 0, "stage": "preference_pop", "timeout_sec": 30.0, "ts": "2026-10-04 16:02:03"}
[DBG] {"category": "QUEUE", "component": "train", "elapsed_sec": 0.003308, "event": "END:preference_pop", "host": "d6b2a058c4be", "pid": 185325, "rank": 0, "ts": "2026-10-04 16:02:03"}
[DBG] {"category": "TRAIN", "component": "train", "event": "BEGIN:broadcast_preference_payload", "has_payload": false, "host": "d6b2a058c4be", "pid": 185325, "rank": 0, "transport": "json_uint8_gloo", "ts": "2026-10-04 16:02:03"}
[DBG] {"category": "TRAIN", "component": "train", "event": "watchdog_armed", "host": "d6b2a058c4be", "pid": 185325, "rank": 0, "stage": "broadcast_preference_payload", "timeout_sec": 30.0, "ts": "2026-10-04 16:02:03"}
[DBG] {"bytes": 0, "category": "TRAIN", "component": "train", "event": "BEGIN:broadcast_preference_length", "host": "d6b2a058c4be", "pid": 185325, "rank": 0, "transport": "gloo_cpu", "ts": "2026-10-04 16:02:03"}
[DBG] {"category": "TRAIN", "component": "train", "event": "watchdog_armed", "host": "d6b2a058c4be", "pid": 185325, "rank": 0, "stage": "broadcast_preference_length", "timeout_sec": 30.0, "ts": "2026-10-04 16:02:03"}
[DBG] {"category": "TRAIN", "component": "train", "elapsed_sec": 0.001109, "event": "END:broadcast_preference_length", "host": "d6b2a058c4be", "pid": 185325, "rank": 0, "ts": "2026-10-04 16:02:03"}
[DBG] {"category": "TRAIN", "component": "train", "event": "watchdog_armed", "host": "d6b2a058c4be", "pid": 185325, "rank": 0, "stage": "broadcast_preference_payload", "timeout_sec": 30.0, "ts": "2026-10-04 16:02:03"}
[DBG] {"category": "TRAIN", "component": "train", "elapsed_sec": 0.002077, "event": "END:broadcast_preference_payload", "host": "d6b2a058c4be", "pid": 185325, "rank": 0, "ts": "2026-10-04 16:02:03"}
[DBG] {"category": "RAY", "component": "train", "event": "BEGIN:control_should_stop", "host": "d6b2a058c4be", "pid": 185325, "rank": 0, "ts": "2026-10-04 16:02:04"}
[DBG] {"category": "RAY", "component": "train", "event": "watchdog_armed", "host": "d6b2a058c4be", "pid": 185325, "rank": 0, "stage": "control_should_stop", "timeout_sec": 30.0, "ts": "2026-10-04 16:02:04"}
[DBG] {"category": "RAY", "component": "train", "elapsed_sec": 0.003131, "event": "END:control_should_stop", "host": "d6b2a058c4be", "pid": 185325, "rank": 0, "ts": "2026-10-04 16:02:04"}
[DBG] {"category": "TRAIN", "component": "train", "event": "BEGIN:broadcast_stop_flag", "host": "d6b2a058c4be", "pid": 185325, "rank": 0, "transport": "gloo_cpu", "ts": "2026-10-04 16:02:04", "value": false}
[DBG] {"category": "TRAIN", "component": "train", "event": "watchdog_armed", "host": "d6b2a058c4be", "pid": 185325, "rank": 0, "stage": "broadcast_stop_flag", "timeout_sec": 30.0, "ts": "2026-10-04 16:02:04"}
[DBG] {"category": "TRAIN", "component": "train", "elapsed_sec": 0.002057, "event": "END:broadcast_stop_flag", "host": "d6b2a058c4be", "pid": 185325, "rank": 0, "ts": "2026-10-04 16:02:04"}
[DBG] {"category": "QUEUE", "component": "train", "event": "BEGIN:preference_size_before_pop", "host": "d6b2a058c4be", "pid": 185325, "rank": 0, "ts": "2026-10-04 16:02:04"}
[DBG] {"category": "QUEUE", "component": "train", "event": "watchdog_armed", "host": "d6b2a058c4be", "pid": 185325, "rank": 0, "stage": "preference_size_before_pop", "timeout_sec": 30.0, "ts": "2026-10-04 16:02:04"}
[DBG] {"category": "QUEUE", "component": "train", "elapsed_sec": 0.003633, "event": "END:preference_size_before_pop", "host": "d6b2a058c4be", "pid": 185325, "rank": 0, "ts": "2026-10-04 16:02:04"}
[DBG] {"category": "QUEUE", "component": "train", "event": "trainer_queue_state", "host": "d6b2a058c4be", "pending": 0, "pid": 185325, "policy_version": 0, "rank": 0, "required": 4, "ts": "2026-10-04 16:02:04"}
[DBG] {"category": "QUEUE", "component": "train", "current_version": 0, "event": "BEGIN:preference_pop", "host": "d6b2a058c4be", "pid": 185325, "rank": 0, "requested": 4, "ts": "2026-10-04 16:02:04"}
[DBG] {"category": "QUEUE", "component": "train", "event": "watchdog_armed", "host": "d6b2a058c4be", "pid": 185325, "rank": 0, "stage": "preference_pop", "timeout_sec": 30.0, "ts": "2026-10-04 16:02:04"}
[DBG] {"category": "QUEUE", "component": "train", "elapsed_sec": 0.003714, "event": "END:preference_pop", "host": "d6b2a058c4be", "pid": 185325, "rank": 0, "ts": "2026-10-04 16:02:04"}
[DBG] {"category": "TRAIN", "component": "train", "event": "BEGIN:broadcast_preference_payload", "has_payload": false, "host": "d6b2a058c4be", "pid": 185325, "rank": 0, "transport": "json_uint8_gloo", "ts": "2026-10-04 16:02:04"}
[DBG] {"category": "TRAIN", "component": "train", "event": "watchdog_armed", "host": "d6b2a058c4be", "pid": 185325, "rank": 0, "stage": "broadcast_preference_payload", "timeout_sec": 30.0, "ts": "2026-10-04 16:02:04"}
[DBG] {"bytes": 0, "category": "TRAIN", "component": "train", "event": "BEGIN:broadcast_preference_length", "host": "d6b2a058c4be", "pid": 185325, "rank": 0, "transport": "gloo_cpu", "ts": "2026-10-04 16:02:04"}
[DBG] {"category": "TRAIN", "component": "train", "event": "watchdog_armed", "host": "d6b2a058c4be", "pid": 185325, "rank": 0, "stage": "broadcast_preference_length", "timeout_sec": 30.0, "ts": "2026-10-04 16:02:04"}
[DBG] {"category": "TRAIN", "component": "train", "elapsed_sec": 0.001242, "event": "END:broadcast_preference_length", "host": "d6b2a058c4be", "pid": 185325, "rank": 0, "ts": "2026-10-04 16:02:04"}
[DBG] {"category": "TRAIN", "component": "train", "event": "watchdog_armed", "host": "d6b2a058c4be", "pid": 185325, "rank": 0, "stage": "broadcast_preference_payload", "timeout_sec": 30.0, "ts": "2026-10-04 16:02:04"}
[DBG] {"category": "TRAIN", "component": "train", "elapsed_sec": 0.001981, "event": "END:broadcast_preference_payload", "host": "d6b2a058c4be", "pid": 185325, "rank": 0, "ts": "2026-10-04 16:02:04"}
[DBG] {"category": "RAY", "component": "train", "event": "BEGIN:control_should_stop", "host": "d6b2a058c4be", "pid": 185325, "rank": 0, "ts": "2026-10-04 16:02:04"}
[DBG] {"category": "RAY", "component": "train", "event": "watchdog_armed", "host": "d6b2a058c4be", "pid": 185325, "rank": 0, "stage": "control_should_stop", "timeout_sec": 30.0, "ts": "2026-10-04 16:02:04"}
[DBG] {"category": "RAY", "component": "train", "elapsed_sec": 0.003084, "event": "END:control_should_stop", "host": "d6b2a058c4be", "pid": 185325, "rank": 0, "ts": "2026-10-04 16:02:04"}
[DBG] {"category": "TRAIN", "component": "train", "event": "BEGIN:broadcast_stop_flag", "host": "d6b2a058c4be", "pid": 185325, "rank": 0, "transport": "gloo_cpu", "ts": "2026-10-04 16:02:04", "value": false}
[DBG] {"category": "TRAIN", "component": "train", "event": "watchdog_armed", "host": "d6b2a058c4be", "pid": 185325, "rank": 0, "stage": "broadcast_stop_flag", "timeout_sec": 30.0, "ts": "2026-10-04 16:02:04"}
[DBG] {"category": "TRAIN", "component": "train", "elapsed_sec": 0.002058, "event": "END:broadcast_stop_flag", "host": "d6b2a058c4be", "pid": 185325, "rank": 0, "ts": "2026-10-04 16:02:04"}
[DBG] {"category": "QUEUE", "component": "train", "event": "BEGIN:preference_size_before_pop", "host": "d6b2a058c4be", "pid": 185325, "rank": 0, "ts": "2026-10-04 16:02:04"}
[DBG] {"category": "QUEUE", "component": "train", "event": "watchdog_armed", "host": "d6b2a058c4be", "pid": 185325, "rank": 0, "stage": "preference_size_before_pop", "timeout_sec": 30.0, "ts": "2026-10-04 16:02:04"}
[DBG] {"category": "QUEUE", "component": "train", "elapsed_sec": 0.003503, "event": "END:preference_size_before_pop", "host": "d6b2a058c4be", "pid": 185325, "rank": 0, "ts": "2026-10-04 16:02:04"}
[DBG] {"category": "QUEUE", "component": "train", "event": "trainer_queue_state", "host": "d6b2a058c4be", "pending": 0, "pid": 185325, "policy_version": 0, "rank": 0, "required": 4, "ts": "2026-10-04 16:02:04"}
[DBG] {"category": "QUEUE", "component": "train", "current_version": 0, "event": "BEGIN:preference_pop", "host": "d6b2a058c4be", "pid": 185325, "rank": 0, "requested": 4, "ts": "2026-10-04 16:02:04"}
[DBG] {"category": "QUEUE", "component": "train", "event": "watchdog_armed", "host": "d6b2a058c4be", "pid": 185325, "rank": 0, "stage": "preference_pop", "timeout_sec": 30.0, "ts": "2026-10-04 16:02:04"}
[DBG] {"category": "QUEUE", "component": "train", "elapsed_sec": 0.002753, "event": "END:preference_pop", "host": "d6b2a058c4be", "pid": 185325, "rank": 0, "ts": "2026-10-04 16:02:04"}
[DBG] {"category": "TRAIN", "component": "train", "event": "BEGIN:broadcast_preference_payload", "has_payload": false, "host": "d6b2a058c4be", "pid": 185325, "rank": 0, "transport": "json_uint8_gloo", "ts": "2026-10-04 16:02:04"}
[DBG] {"category": "TRAIN", "component": "train", "event": "watchdog_armed", "host": "d6b2a058c4be", "pid": 185325, "rank": 0, "stage": "broadcast_preference_payload", "timeout_sec": 30.0, "ts": "2026-10-04 16:02:04"}
[DBG] {"bytes": 0, "category": "TRAIN", "component": "train", "event": "BEGIN:broadcast_preference_length", "host": "d6b2a058c4be", "pid": 185325, "rank": 0, "transport": "gloo_cpu", "ts": "2026-10-04 16:02:04"}
[DBG] {"category": "TRAIN", "component": "train", "event": "watchdog_armed", "host": "d6b2a058c4be", "pid": 185325, "rank": 0, "stage": "broadcast_preference_length", "timeout_sec": 30.0, "ts": "2026-10-04 16:02:04"}
[DBG] {"category": "TRAIN", "component": "train", "elapsed_sec": 0.001764, "event": "END:broadcast_preference_length", "host": "d6b2a058c4be", "pid": 185325, "rank": 0, "ts": "2026-10-04 16:02:04"}
[DBG] {"category": "TRAIN", "component": "train", "event": "watchdog_armed", "host": "d6b2a058c4be", "pid": 185325, "rank": 0, "stage": "broadcast_preference_payload", "timeout_sec": 30.0, "ts": "2026-10-04 16:02:04"}
[DBG] {"category": "TRAIN", "component": "train", "elapsed_sec": 0.002899, "event": "END:broadcast_preference_payload", "host": "d6b2a058c4be", "pid": 185325, "rank": 0, "ts": "2026-10-04 16:02:04"}
[DBG] {"category": "RAY", "component": "train", "event": "BEGIN:control_should_stop", "host": "d6b2a058c4be", "pid": 185325, "rank": 0, "ts": "2026-10-04 16:02:05"}
[DBG] {"category": "RAY", "component": "train", "event": "watchdog_armed", "host": "d6b2a058c4be", "pid": 185325, "rank": 0, "stage": "control_should_stop", "timeout_sec": 30.0, "ts": "2026-10-04 16:02:05"}
[DBG] {"category": "RAY", "component": "train", "elapsed_sec": 0.003115, "event": "END:control_should_stop", "host": "d6b2a058c4be", "pid": 185325, "rank": 0, "ts": "2026-10-04 16:02:05"}
[DBG] {"category": "TRAIN", "component": "train", "event": "BEGIN:broadcast_stop_flag", "host": "d6b2a058c4be", "pid": 185325, "rank": 0, "transport": "gloo_cpu", "ts": "2026-10-04 16:02:05", "value": false}
[DBG] {"category": "TRAIN", "component": "train", "event": "watchdog_armed", "host": "d6b2a058c4be", "pid": 185325, "rank": 0, "stage": "broadcast_stop_flag", "timeout_sec": 30.0, "ts": "2026-10-04 16:02:05"}
[DBG] {"category": "TRAIN", "component": "train", "elapsed_sec": 0.001788, "event": "END:broadcast_stop_flag", "host": "d6b2a058c4be", "pid": 185325, "rank": 0, "ts": "2026-10-04 16:02:05"}
[DBG] {"category": "QUEUE", "component": "train", "event": "BEGIN:preference_size_before_pop", "host": "d6b2a058c4be", "pid": 185325, "rank": 0, "ts": "2026-10-04 16:02:05"}
[DBG] {"category": "QUEUE", "component": "train", "event": "watchdog_armed", "host": "d6b2a058c4be", "pid": 185325, "rank": 0, "stage": "preference_size_before_pop", "timeout_sec": 30.0, "ts": "2026-10-04 16:02:05"}
[DBG] {"category": "QUEUE", "component": "train", "elapsed_sec": 0.002992, "event": "END:preference_size_before_pop", "host": "d6b2a058c4be", "pid": 185325, "rank": 0, "ts": "2026-10-04 16:02:05"}
[DBG] {"category": "QUEUE", "component": "train", "event": "trainer_queue_state", "host": "d6b2a058c4be", "pending": 0, "pid": 185325, "policy_version": 0, "rank": 0, "required": 4, "ts": "2026-10-04 16:02:05"}
[DBG] {"category": "QUEUE", "component": "train", "current_version": 0, "event": "BEGIN:preference_pop", "host": "d6b2a058c4be", "pid": 185325, "rank": 0, "requested": 4, "ts": "2026-10-04 16:02:05"}
[DBG] {"category": "QUEUE", "component": "train", "event": "watchdog_armed", "host": "d6b2a058c4be", "pid": 185325, "rank": 0, "stage": "preference_pop", "timeout_sec": 30.0, "ts": "2026-10-04 16:02:05"}
[DBG] {"category": "QUEUE", "component": "train", "elapsed_sec": 0.002486, "event": "END:preference_pop", "host": "d6b2a058c4be", "pid": 185325, "rank": 0, "ts": "2026-10-04 16:02:05"}
[DBG] {"category": "TRAIN", "component": "train", "event": "BEGIN:broadcast_preference_payload", "has_payload": false, "host": "d6b2a058c4be", "pid": 185325, "rank": 0, "transport": "json_uint8_gloo", "ts": "2026-10-04 16:02:05"}
[DBG] {"category": "TRAIN", "component": "train", "event": "watchdog_armed", "host": "d6b2a058c4be", "pid": 185325, "rank": 0, "stage": "broadcast_preference_payload", "timeout_sec": 30.0, "ts": "2026-10-04 16:02:05"}
[DBG] {"bytes": 0, "category": "TRAIN", "component": "train", "event": "BEGIN:broadcast_preference_length", "host": "d6b2a058c4be", "pid": 185325, "rank": 0, "transport": "gloo_cpu", "ts": "2026-10-04 16:02:05"}
[DBG] {"category": "TRAIN", "component": "train", "event": "watchdog_armed", "host": "d6b2a058c4be", "pid": 185325, "rank": 0, "stage": "broadcast_preference_length", "timeout_sec": 30.0, "ts": "2026-10-04 16:02:05"}
[DBG] {"category": "TRAIN", "component": "train", "elapsed_sec": 0.00128, "event": "END:broadcast_preference_length", "host": "d6b2a058c4be", "pid": 185325, "rank": 0, "ts": "2026-10-04 16:02:05"}
[DBG] {"category": "TRAIN", "component": "train", "event": "watchdog_armed", "host": "d6b2a058c4be", "pid": 185325, "rank": 0, "stage": "broadcast_preference_payload", "timeout_sec": 30.0, "ts": "2026-10-04 16:02:05"}
[DBG] {"category": "TRAIN", "component": "train", "elapsed_sec": 0.001931, "event": "END:broadcast_preference_payload", "host": "d6b2a058c4be", "pid": 185325, "rank": 0, "ts": "2026-10-04 16:02:05"}
[DBG] {"category": "RAY", "component": "train", "event": "BEGIN:control_should_stop", "host": "d6b2a058c4be", "pid": 185325, "rank": 0, "ts": "2026-10-04 16:02:05"}
[DBG] {"category": "RAY", "component": "train", "event": "watchdog_armed", "host": "d6b2a058c4be", "pid": 185325, "rank": 0, "stage": "control_should_stop", "timeout_sec": 30.0, "ts": "2026-10-04 16:02:05"}
[DBG] {"category": "RAY", "component": "train", "elapsed_sec": 0.001906, "event": "END:control_should_stop", "host": "d6b2a058c4be", "pid": 185325, "rank": 0, "ts": "2026-10-04 16:02:05"}
[DBG] {"category": "TRAIN", "component": "train", "event": "BEGIN:broadcast_stop_flag", "host": "d6b2a058c4be", "pid": 185325, "rank": 0, "transport": "gloo_cpu", "ts": "2026-10-04 16:02:05", "value": false}
[DBG] {"category": "TRAIN", "component": "train", "event": "watchdog_armed", "host": "d6b2a058c4be", "pid": 185325, "rank": 0, "stage": "broadcast_stop_flag", "timeout_sec": 30.0, "ts": "2026-10-04 16:02:05"}
[DBG] {"category": "TRAIN", "component": "train", "elapsed_sec": 0.000962, "event": "END:broadcast_stop_flag", "host": "d6b2a058c4be", "pid": 185325, "rank": 0, "ts": "2026-10-04 16:02:05"}
[DBG] {"category": "QUEUE", "component": "train", "event": "BEGIN:preference_size_before_pop", "host": "d6b2a058c4be", "pid": 185325, "rank": 0, "ts": "2026-10-04 16:02:05"}
[DBG] {"category": "QUEUE", "component": "train", "event": "watchdog_armed", "host": "d6b2a058c4be", "pid": 185325, "rank": 0, "stage": "preference_size_before_pop", "timeout_sec": 30.0, "ts": "2026-10-04 16:02:05"}
[DBG] {"category": "QUEUE", "component": "train", "elapsed_sec": 0.001584, "event": "END:preference_size_before_pop", "host": "d6b2a058c4be", "pid": 185325, "rank": 0, "ts": "2026-10-04 16:02:05"}
[DBG] {"category": "QUEUE", "component": "train", "event": "trainer_queue_state", "host": "d6b2a058c4be", "pending": 0, "pid": 185325, "policy_version": 0, "rank": 0, "required": 4, "ts": "2026-10-04 16:02:05"}
[DBG] {"category": "QUEUE", "component": "train", "current_version": 0, "event": "BEGIN:preference_pop", "host": "d6b2a058c4be", "pid": 185325, "rank": 0, "requested": 4, "ts": "2026-10-04 16:02:05"}
[DBG] {"category": "QUEUE", "component": "train", "event": "watchdog_armed", "host": "d6b2a058c4be", "pid": 185325, "rank": 0, "stage": "preference_pop", "timeout_sec": 30.0, "ts": "2026-10-04 16:02:05"}
[DBG] {"category": "QUEUE", "component": "train", "elapsed_sec": 0.001961, "event": "END:preference_pop", "host": "d6b2a058c4be", "pid": 185325, "rank": 0, "ts": "2026-10-04 16:02:05"}
[DBG] {"category": "TRAIN", "component": "train", "event": "BEGIN:broadcast_preference_payload", "has_payload": false, "host": "d6b2a058c4be", "pid": 185325, "rank": 0, "transport": "json_uint8_gloo", "ts": "2026-10-04 16:02:05"}
[DBG] {"category": "TRAIN", "component": "train", "event": "watchdog_armed", "host": "d6b2a058c4be", "pid": 185325, "rank": 0, "stage": "broadcast_preference_payload", "timeout_sec": 30.0, "ts": "2026-10-04 16:02:05"}
[DBG] {"bytes": 0, "category": "TRAIN", "component": "train", "event": "BEGIN:broadcast_preference_length", "host": "d6b2a058c4be", "pid": 185325, "rank": 0, "transport": "gloo_cpu", "ts": "2026-10-04 16:02:05"}
[DBG] {"category": "TRAIN", "component": "train", "event": "watchdog_armed", "host": "d6b2a058c4be", "pid": 185325, "rank": 0, "stage": "broadcast_preference_length", "timeout_sec": 30.0, "ts": "2026-10-04 16:02:05"}
[DBG] {"category": "TRAIN", "component": "train", "elapsed_sec": 0.000738, "event": "END:broadcast_preference_length", "host": "d6b2a058c4be", "pid": 185325, "rank": 0, "ts": "2026-10-04 16:02:05"}
[DBG] {"category": "TRAIN", "component": "train", "event": "watchdog_armed", "host": "d6b2a058c4be", "pid": 185325, "rank": 0, "stage": "broadcast_preference_payload", "timeout_sec": 30.0, "ts": "2026-10-04 16:02:05"}
[DBG] {"category": "TRAIN", "component": "train", "elapsed_sec": 0.001117, "event": "END:broadcast_preference_payload", "host": "d6b2a058c4be", "pid": 185325, "rank": 0, "ts": "2026-10-04 16:02:05"}
[DBG] {"category": "RAY", "component": "train", "event": "BEGIN:control_should_stop", "host": "d6b2a058c4be", "pid": 185325, "rank": 0, "ts": "2026-10-04 16:02:06"}
[DBG] {"category": "RAY", "component": "train", "event": "watchdog_armed", "host": "d6b2a058c4be", "pid": 185325, "rank": 0, "stage": "control_should_stop", "timeout_sec": 30.0, "ts": "2026-10-04 16:02:06"}
[DBG] {"category": "RAY", "component": "train", "elapsed_sec": 0.002544, "event": "END:control_should_stop", "host": "d6b2a058c4be", "pid": 185325, "rank": 0, "ts": "2026-10-04 16:02:06"}
[DBG] {"category": "TRAIN", "component": "train", "event": "BEGIN:broadcast_stop_flag", "host": "d6b2a058c4be", "pid": 185325, "rank": 0, "transport": "gloo_cpu", "ts": "2026-10-04 16:02:06", "value": false}
[DBG] {"category": "TRAIN", "component": "train", "event": "watchdog_armed", "host": "d6b2a058c4be", "pid": 185325, "rank": 0, "stage": "broadcast_stop_flag", "timeout_sec": 30.0, "ts": "2026-10-04 16:02:06"}
[DBG] {"category": "TRAIN", "component": "train", "elapsed_sec": 0.001061, "event": "END:broadcast_stop_flag", "host": "d6b2a058c4be", "pid": 185325, "rank": 0, "ts": "2026-10-04 16:02:06"}
[DBG] {"category": "QUEUE", "component": "train", "event": "BEGIN:preference_size_before_pop", "host": "d6b2a058c4be", "pid": 185325, "rank": 0, "ts": "2026-10-04 16:02:06"}
[DBG] {"category": "QUEUE", "component": "train", "event": "watchdog_armed", "host": "d6b2a058c4be", "pid": 185325, "rank": 0, "stage": "preference_size_before_pop", "timeout_sec": 30.0, "ts": "2026-10-04 16:02:06"}
[DBG] {"category": "QUEUE", "component": "train", "elapsed_sec": 0.002045, "event": "END:preference_size_before_pop", "host": "d6b2a058c4be", "pid": 185325, "rank": 0, "ts": "2026-10-04 16:02:06"}
[DBG] {"category": "QUEUE", "component": "train", "event": "trainer_queue_state", "host": "d6b2a058c4be", "pending": 0, "pid": 185325, "policy_version": 0, "rank": 0, "required": 4, "ts": "2026-10-04 16:02:06"}
[DBG] {"category": "QUEUE", "component": "train", "current_version": 0, "event": "BEGIN:preference_pop", "host": "d6b2a058c4be", "pid": 185325, "rank": 0, "requested": 4, "ts": "2026-10-04 16:02:06"}
[DBG] {"category": "QUEUE", "component": "train", "event": "watchdog_armed", "host": "d6b2a058c4be", "pid": 185325, "rank": 0, "stage": "preference_pop", "timeout_sec": 30.0, "ts": "2026-10-04 16:02:06"}
[DBG] {"category": "QUEUE", "component": "train", "elapsed_sec": 0.002998, "event": "END:preference_pop", "host": "d6b2a058c4be", "pid": 185325, "rank": 0, "ts": "2026-10-04 16:02:06"}
[DBG] {"category": "TRAIN", "component": "train", "event": "BEGIN:broadcast_preference_payload", "has_payload": false, "host": "d6b2a058c4be", "pid": 185325, "rank": 0, "transport": "json_uint8_gloo", "ts": "2026-10-04 16:02:06"}
[DBG] {"category": "TRAIN", "component": "train", "event": "watchdog_armed", "host": "d6b2a058c4be", "pid": 185325, "rank": 0, "stage": "broadcast_preference_payload", "timeout_sec": 30.0, "ts": "2026-10-04 16:02:06"}
[DBG] {"bytes": 0, "category": "TRAIN", "component": "train", "event": "BEGIN:broadcast_preference_length", "host": "d6b2a058c4be", "pid": 185325, "rank": 0, "transport": "gloo_cpu", "ts": "2026-10-04 16:02:06"}
[DBG] {"category": "TRAIN", "component": "train", "event": "watchdog_armed", "host": "d6b2a058c4be", "pid": 185325, "rank": 0, "stage": "broadcast_preference_length", "timeout_sec": 30.0, "ts": "2026-10-04 16:02:06"}
[DBG] {"category": "TRAIN", "component": "train", "elapsed_sec": 0.002043, "event": "END:broadcast_preference_length", "host": "d6b2a058c4be", "pid": 185325, "rank": 0, "ts": "2026-10-04 16:02:06"}
[DBG] {"category": "TRAIN", "component": "train", "event": "watchdog_armed", "host": "d6b2a058c4be", "pid": 185325, "rank": 0, "stage": "broadcast_preference_payload", "timeout_sec": 30.0, "ts": "2026-10-04 16:02:06"}
[DBG] {"category": "TRAIN", "component": "train", "elapsed_sec": 0.002789, "event": "END:broadcast_preference_payload", "host": "d6b2a058c4be", "pid": 185325, "rank": 0, "ts": "2026-10-04 16:02:06"}
[DBG] {"category": "RAY", "component": "train", "event": "BEGIN:control_should_stop", "host": "d6b2a058c4be", "pid": 185325, "rank": 0, "ts": "2026-10-04 16:02:06"}
[DBG] {"category": "RAY", "component": "train", "event": "watchdog_armed", "host": "d6b2a058c4be", "pid": 185325, "rank": 0, "stage": "control_should_stop", "timeout_sec": 30.0, "ts": "2026-10-04 16:02:06"}
[DBG] {"category": "RAY", "component": "train", "elapsed_sec": 0.003379, "event": "END:control_should_stop", "host": "d6b2a058c4be", "pid": 185325, "rank": 0, "ts": "2026-10-04 16:02:06"}
[DBG] {"category": "TRAIN", "component": "train", "event": "BEGIN:broadcast_stop_flag", "host": "d6b2a058c4be", "pid": 185325, "rank": 0, "transport": "gloo_cpu", "ts": "2026-10-04 16:02:06", "value": false}
[DBG] {"category": "TRAIN", "component": "train", "event": "watchdog_armed", "host": "d6b2a058c4be", "pid": 185325, "rank": 0, "stage": "broadcast_stop_flag", "timeout_sec": 30.0, "ts": "2026-10-04 16:02:06"}
[DBG] {"category": "TRAIN", "component": "train", "elapsed_sec": 0.002453, "event": "END:broadcast_stop_flag", "host": "d6b2a058c4be", "pid": 185325, "rank": 0, "ts": "2026-10-04 16:02:06"}
[DBG] {"category": "QUEUE", "component": "train", "event": "BEGIN:preference_size_before_pop", "host": "d6b2a058c4be", "pid": 185325, "rank": 0, "ts": "2026-10-04 16:02:06"}
[DBG] {"category": "QUEUE", "component": "train", "event": "watchdog_armed", "host": "d6b2a058c4be", "pid": 185325, "rank": 0, "stage": "preference_size_before_pop", "timeout_sec": 30.0, "ts": "2026-10-04 16:02:06"}
[DBG] {"category": "QUEUE", "component": "train", "elapsed_sec": 0.00299, "event": "END:preference_size_before_pop", "host": "d6b2a058c4be", "pid": 185325, "rank": 0, "ts": "2026-10-04 16:02:06"}
[DBG] {"category": "QUEUE", "component": "train", "event": "trainer_queue_state", "host": "d6b2a058c4be", "pending": 0, "pid": 185325, "policy_version": 0, "rank": 0, "required": 4, "ts": "2026-10-04 16:02:06"}
[DBG] {"category": "QUEUE", "component": "train", "current_version": 0, "event": "BEGIN:preference_pop", "host": "d6b2a058c4be", "pid": 185325, "rank": 0, "requested": 4, "ts": "2026-10-04 16:02:06"}
[DBG] {"category": "QUEUE", "component": "train", "event": "watchdog_armed", "host": "d6b2a058c4be", "pid": 185325, "rank": 0, "stage": "preference_pop", "timeout_sec": 30.0, "ts": "2026-10-04 16:02:06"}
[DBG] {"category": "QUEUE", "component": "train", "elapsed_sec": 0.00414, "event": "END:preference_pop", "host": "d6b2a058c4be", "pid": 185325, "rank": 0, "ts": "2026-10-04 16:02:06"}
[DBG] {"category": "TRAIN", "component": "train", "event": "BEGIN:broadcast_preference_payload", "has_payload": false, "host": "d6b2a058c4be", "pid": 185325, "rank": 0, "transport": "json_uint8_gloo", "ts": "2026-10-04 16:02:06"}
[DBG] {"category": "TRAIN", "component": "train", "event": "watchdog_armed", "host": "d6b2a058c4be", "pid": 185325, "rank": 0, "stage": "broadcast_preference_payload", "timeout_sec": 30.0, "ts": "2026-10-04 16:02:06"}
[DBG] {"bytes": 0, "category": "TRAIN", "component": "train", "event": "BEGIN:broadcast_preference_length", "host": "d6b2a058c4be", "pid": 185325, "rank": 0, "transport": "gloo_cpu", "ts": "2026-10-04 16:02:06"}
[DBG] {"category": "TRAIN", "component": "train", "event": "watchdog_armed", "host": "d6b2a058c4be", "pid": 185325, "rank": 0, "stage": "broadcast_preference_length", "timeout_sec": 30.0, "ts": "2026-10-04 16:02:06"}
[DBG] {"category": "TRAIN", "component": "train", "elapsed_sec": 0.001832, "event": "END:broadcast_preference_length", "host": "d6b2a058c4be", "pid": 185325, "rank": 0, "ts": "2026-10-04 16:02:06"}
[DBG] {"category": "TRAIN", "component": "train", "event": "watchdog_armed", "host": "d6b2a058c4be", "pid": 185325, "rank": 0, "stage": "broadcast_preference_payload", "timeout_sec": 30.0, "ts": "2026-10-04 16:02:06"}
[DBG] {"category": "TRAIN", "component": "train", "elapsed_sec": 0.002925, "event": "END:broadcast_preference_payload", "host": "d6b2a058c4be", "pid": 185325, "rank": 0, "ts": "2026-10-04 16:02:06"}
[DBG] {"category": "RAY", "component": "train", "event": "BEGIN:control_should_stop", "host": "d6b2a058c4be", "pid": 185325, "rank": 0, "ts": "2026-10-04 16:02:07"}
[DBG] {"category": "RAY", "component": "train", "event": "watchdog_armed", "host": "d6b2a058c4be", "pid": 185325, "rank": 0, "stage": "control_should_stop", "timeout_sec": 30.0, "ts": "2026-10-04 16:02:07"}
[DBG] {"category": "RAY", "component": "train", "elapsed_sec": 0.003071, "event": "END:control_should_stop", "host": "d6b2a058c4be", "pid": 185325, "rank": 0, "ts": "2026-10-04 16:02:07"}
[DBG] {"category": "TRAIN", "component": "train", "event": "BEGIN:broadcast_stop_flag", "host": "d6b2a058c4be", "pid": 185325, "rank": 0, "transport": "gloo_cpu", "ts": "2026-10-04 16:02:07", "value": false}
[DBG] {"category": "TRAIN", "component": "train", "event": "watchdog_armed", "host": "d6b2a058c4be", "pid": 185325, "rank": 0, "stage": "broadcast_stop_flag", "timeout_sec": 30.0, "ts": "2026-10-04 16:02:07"}
[DBG] {"category": "TRAIN", "component": "train", "elapsed_sec": 0.0024, "event": "END:broadcast_stop_flag", "host": "d6b2a058c4be", "pid": 185325, "rank": 0, "ts": "2026-10-04 16:02:07"}
[DBG] {"category": "QUEUE", "component": "train", "event": "BEGIN:preference_size_before_pop", "host": "d6b2a058c4be", "pid": 185325, "rank": 0, "ts": "2026-10-04 16:02:07"}
[DBG] {"category": "QUEUE", "component": "train", "event": "watchdog_armed", "host": "d6b2a058c4be", "pid": 185325, "rank": 0, "stage": "preference_size_before_pop", "timeout_sec": 30.0, "ts": "2026-10-04 16:02:07"}
[DBG] {"category": "QUEUE", "component": "train", "elapsed_sec": 0.004319, "event": "END:preference_size_before_pop", "host": "d6b2a058c4be", "pid": 185325, "rank": 0, "ts": "2026-10-04 16:02:07"}
[DBG] {"category": "QUEUE", "component": "train", "event": "trainer_queue_state", "host": "d6b2a058c4be", "pending": 0, "pid": 185325, "policy_version": 0, "rank": 0, "required": 4, "ts": "2026-10-04 16:02:07"}
[DBG] {"category": "QUEUE", "component": "train", "current_version": 0, "event": "BEGIN:preference_pop", "host": "d6b2a058c4be", "pid": 185325, "rank": 0, "requested": 4, "ts": "2026-10-04 16:02:07"}
[DBG] {"category": "QUEUE", "component": "train", "event": "watchdog_armed", "host": "d6b2a058c4be", "pid": 185325, "rank": 0, "stage": "preference_pop", "timeout_sec": 30.0, "ts": "2026-10-04 16:02:07"}
[DBG] {"category": "QUEUE", "component": "train", "elapsed_sec": 0.005112, "event": "END:preference_pop", "host": "d6b2a058c4be", "pid": 185325, "rank": 0, "ts": "2026-10-04 16:02:07"}
[DBG] {"category": "TRAIN", "component": "train", "event": "BEGIN:broadcast_preference_payload", "has_payload": false, "host": "d6b2a058c4be", "pid": 185325, "rank": 0, "transport": "json_uint8_gloo", "ts": "2026-10-04 16:02:07"}
[DBG] {"category": "TRAIN", "component": "train", "event": "watchdog_armed", "host": "d6b2a058c4be", "pid": 185325, "rank": 0, "stage": "broadcast_preference_payload", "timeout_sec": 30.0, "ts": "2026-10-04 16:02:07"}
[DBG] {"bytes": 0, "category": "TRAIN", "component": "train", "event": "BEGIN:broadcast_preference_length", "host": "d6b2a058c4be", "pid": 185325, "rank": 0, "transport": "gloo_cpu", "ts": "2026-10-04 16:02:07"}
[DBG] {"category": "TRAIN", "component": "train", "event": "watchdog_armed", "host": "d6b2a058c4be", "pid": 185325, "rank": 0, "stage": "broadcast_preference_length", "timeout_sec": 30.0, "ts": "2026-10-04 16:02:07"}
[DBG] {"category": "TRAIN", "component": "train", "elapsed_sec": 0.001531, "event": "END:broadcast_preference_length", "host": "d6b2a058c4be", "pid": 185325, "rank": 0, "ts": "2026-10-04 16:02:07"}
[DBG] {"category": "TRAIN", "component": "train", "event": "watchdog_armed", "host": "d6b2a058c4be", "pid": 185325, "rank": 0, "stage": "broadcast_preference_payload", "timeout_sec": 30.0, "ts": "2026-10-04 16:02:07"}
[DBG] {"category": "TRAIN", "component": "train", "elapsed_sec": 0.002295, "event": "END:broadcast_preference_payload", "host": "d6b2a058c4be", "pid": 185325, "rank": 0, "ts": "2026-10-04 16:02:07"}
[DBG] {"category": "RAY", "component": "train", "event": "BEGIN:control_should_stop", "host": "d6b2a058c4be", "pid": 185325, "rank": 0, "ts": "2026-10-04 16:02:07"}
[DBG] {"category": "RAY", "component": "train", "event": "watchdog_armed", "host": "d6b2a058c4be", "pid": 185325, "rank": 0, "stage": "control_should_stop", "timeout_sec": 30.0, "ts": "2026-10-04 16:02:07"}
[DBG] {"category": "RAY", "component": "train", "elapsed_sec": 0.002796, "event": "END:control_should_stop", "host": "d6b2a058c4be", "pid": 185325, "rank": 0, "ts": "2026-10-04 16:02:07"}
[DBG] {"category": "TRAIN", "component": "train", "event": "BEGIN:broadcast_stop_flag", "host": "d6b2a058c4be", "pid": 185325, "rank": 0, "transport": "gloo_cpu", "ts": "2026-10-04 16:02:07", "value": false}
[DBG] {"category": "TRAIN", "component": "train", "event": "watchdog_armed", "host": "d6b2a058c4be", "pid": 185325, "rank": 0, "stage": "broadcast_stop_flag", "timeout_sec": 30.0, "ts": "2026-10-04 16:02:07"}
[DBG] {"category": "TRAIN", "component": "train", "elapsed_sec": 0.002177, "event": "END:broadcast_stop_flag", "host": "d6b2a058c4be", "pid": 185325, "rank": 0, "ts": "2026-10-04 16:02:07"}
[DBG] {"category": "QUEUE", "component": "train", "event": "BEGIN:preference_size_before_pop", "host": "d6b2a058c4be", "pid": 185325, "rank": 0, "ts": "2026-10-04 16:02:07"}
[DBG] {"category": "QUEUE", "component": "train", "event": "watchdog_armed", "host": "d6b2a058c4be", "pid": 185325, "rank": 0, "stage": "preference_size_before_pop", "timeout_sec": 30.0, "ts": "2026-10-04 16:02:07"}
[DBG] {"category": "QUEUE", "component": "train", "elapsed_sec": 0.003652, "event": "END:preference_size_before_pop", "host": "d6b2a058c4be", "pid": 185325, "rank": 0, "ts": "2026-10-04 16:02:07"}
[DBG] {"category": "QUEUE", "component": "train", "event": "trainer_queue_state", "host": "d6b2a058c4be", "pending": 0, "pid": 185325, "policy_version": 0, "rank": 0, "required": 4, "ts": "2026-10-04 16:02:07"}
[DBG] {"category": "QUEUE", "component": "train", "current_version": 0, "event": "BEGIN:preference_pop", "host": "d6b2a058c4be", "pid": 185325, "rank": 0, "requested": 4, "ts": "2026-10-04 16:02:07"}
[DBG] {"category": "QUEUE", "component": "train", "event": "watchdog_armed", "host": "d6b2a058c4be", "pid": 185325, "rank": 0, "stage": "preference_pop", "timeout_sec": 30.0, "ts": "2026-10-04 16:02:07"}
[DBG] {"category": "QUEUE", "component": "train", "elapsed_sec": 0.004625, "event": "END:preference_pop", "host": "d6b2a058c4be", "pid": 185325, "rank": 0, "ts": "2026-10-04 16:02:07"}
[DBG] {"category": "TRAIN", "component": "train", "event": "BEGIN:broadcast_preference_payload", "has_payload": false, "host": "d6b2a058c4be", "pid": 185325, "rank": 0, "transport": "json_uint8_gloo", "ts": "2026-10-04 16:02:07"}
[DBG] {"category": "TRAIN", "component": "train", "event": "watchdog_armed", "host": "d6b2a058c4be", "pid": 185325, "rank": 0, "stage": "broadcast_preference_payload", "timeout_sec": 30.0, "ts": "2026-10-04 16:02:07"}
[DBG] {"bytes": 0, "category": "TRAIN", "component": "train", "event": "BEGIN:broadcast_preference_length", "host": "d6b2a058c4be", "pid": 185325, "rank": 0, "transport": "gloo_cpu", "ts": "2026-10-04 16:02:07"}
[DBG] {"category": "TRAIN", "component": "train", "event": "watchdog_armed", "host": "d6b2a058c4be", "pid": 185325, "rank": 0, "stage": "broadcast_preference_length", "timeout_sec": 30.0, "ts": "2026-10-04 16:02:07"}
[DBG] {"category": "TRAIN", "component": "train", "elapsed_sec": 0.001851, "event": "END:broadcast_preference_length", "host": "d6b2a058c4be", "pid": 185325, "rank": 0, "ts": "2026-10-04 16:02:07"}
[DBG] {"category": "TRAIN", "component": "train", "event": "watchdog_armed", "host": "d6b2a058c4be", "pid": 185325, "rank": 0, "stage": "broadcast_preference_payload", "timeout_sec": 30.0, "ts": "2026-10-04 16:02:07"}
[DBG] {"category": "TRAIN", "component": "train", "elapsed_sec": 0.002954, "event": "END:broadcast_preference_payload", "host": "d6b2a058c4be", "pid": 185325, "rank": 0, "ts": "2026-10-04 16:02:07"}
[DBG] {"category": "RAY", "component": "train", "event": "BEGIN:control_should_stop", "host": "d6b2a058c4be", "pid": 185325, "rank": 0, "ts": "2026-10-04 16:02:08"}
[DBG] {"category": "RAY", "component": "train", "event": "watchdog_armed", "host": "d6b2a058c4be", "pid": 185325, "rank": 0, "stage": "control_should_stop", "timeout_sec": 30.0, "ts": "2026-10-04 16:02:08"}
[DBG] {"category": "RAY", "component": "train", "elapsed_sec": 0.003194, "event": "END:control_should_stop", "host": "d6b2a058c4be", "pid": 185325, "rank": 0, "ts": "2026-10-04 16:02:08"}
[DBG] {"category": "TRAIN", "component": "train", "event": "BEGIN:broadcast_stop_flag", "host": "d6b2a058c4be", "pid": 185325, "rank": 0, "transport": "gloo_cpu", "ts": "2026-10-04 16:02:08", "value": false}
[DBG] {"category": "TRAIN", "component": "train", "event": "watchdog_armed", "host": "d6b2a058c4be", "pid": 185325, "rank": 0, "stage": "broadcast_stop_flag", "timeout_sec": 30.0, "ts": "2026-10-04 16:02:08"}
[DBG] {"category": "TRAIN", "component": "train", "elapsed_sec": 0.002269, "event": "END:broadcast_stop_flag", "host": "d6b2a058c4be", "pid": 185325, "rank": 0, "ts": "2026-10-04 16:02:08"}
[DBG] {"category": "QUEUE", "component": "train", "event": "BEGIN:preference_size_before_pop", "host": "d6b2a058c4be", "pid": 185325, "rank": 0, "ts": "2026-10-04 16:02:08"}
[DBG] {"category": "QUEUE", "component": "train", "event": "watchdog_armed", "host": "d6b2a058c4be", "pid": 185325, "rank": 0, "stage": "preference_size_before_pop", "timeout_sec": 30.0, "ts": "2026-10-04 16:02:08"}
[DBG] {"category": "QUEUE", "component": "train", "elapsed_sec": 0.003685, "event": "END:preference_size_before_pop", "host": "d6b2a058c4be", "pid": 185325, "rank": 0, "ts": "2026-10-04 16:02:08"}
[DBG] {"category": "QUEUE", "component": "train", "event": "trainer_queue_state", "host": "d6b2a058c4be", "pending": 0, "pid": 185325, "policy_version": 0, "rank": 0, "required": 4, "ts": "2026-10-04 16:02:08"}
[DBG] {"category": "QUEUE", "component": "train", "current_version": 0, "event": "BEGIN:preference_pop", "host": "d6b2a058c4be", "pid": 185325, "rank": 0, "requested": 4, "ts": "2026-10-04 16:02:08"}
[DBG] {"category": "QUEUE", "component": "train", "event": "watchdog_armed", "host": "d6b2a058c4be", "pid": 185325, "rank": 0, "stage": "preference_pop", "timeout_sec": 30.0, "ts": "2026-10-04 16:02:08"}
[DBG] {"category": "QUEUE", "component": "train", "elapsed_sec": 0.004746, "event": "END:preference_pop", "host": "d6b2a058c4be", "pid": 185325, "rank": 0, "ts": "2026-10-04 16:02:08"}
[DBG] {"category": "TRAIN", "component": "train", "event": "BEGIN:broadcast_preference_payload", "has_payload": false, "host": "d6b2a058c4be", "pid": 185325, "rank": 0, "transport": "json_uint8_gloo", "ts": "2026-10-04 16:02:08"}
[DBG] {"category": "TRAIN", "component": "train", "event": "watchdog_armed", "host": "d6b2a058c4be", "pid": 185325, "rank": 0, "stage": "broadcast_preference_payload", "timeout_sec": 30.0, "ts": "2026-10-04 16:02:08"}
[DBG] {"bytes": 0, "category": "TRAIN", "component": "train", "event": "BEGIN:broadcast_preference_length", "host": "d6b2a058c4be", "pid": 185325, "rank": 0, "transport": "gloo_cpu", "ts": "2026-10-04 16:02:08"}
[DBG] {"category": "TRAIN", "component": "train", "event": "watchdog_armed", "host": "d6b2a058c4be", "pid": 185325, "rank": 0, "stage": "broadcast_preference_length", "timeout_sec": 30.0, "ts": "2026-10-04 16:02:08"}
[DBG] {"category": "TRAIN", "component": "train", "elapsed_sec": 0.001766, "event": "END:broadcast_preference_length", "host": "d6b2a058c4be", "pid": 185325, "rank": 0, "ts": "2026-10-04 16:02:08"}
[DBG] {"category": "TRAIN", "component": "train", "event": "watchdog_armed", "host": "d6b2a058c4be", "pid": 185325, "rank": 0, "stage": "broadcast_preference_payload", "timeout_sec": 30.0, "ts": "2026-10-04 16:02:08"}
[DBG] {"category": "TRAIN", "component": "train", "elapsed_sec": 0.002613, "event": "END:broadcast_preference_payload", "host": "d6b2a058c4be", "pid": 185325, "rank": 0, "ts": "2026-10-04 16:02:08"}
[DBG] {"category": "RAY", "component": "train", "event": "BEGIN:control_should_stop", "host": "d6b2a058c4be", "pid": 185325, "rank": 0, "ts": "2026-10-04 16:02:08"}
[DBG] {"category": "RAY", "component": "train", "event": "watchdog_armed", "host": "d6b2a058c4be", "pid": 185325, "rank": 0, "stage": "control_should_stop", "timeout_sec": 30.0, "ts": "2026-10-04 16:02:08"}
[DBG] {"category": "RAY", "component": "train", "elapsed_sec": 0.002676, "event": "END:control_should_stop", "host": "d6b2a058c4be", "pid": 185325, "rank": 0, "ts": "2026-10-04 16:02:08"}
[DBG] {"category": "TRAIN", "component": "train", "event": "BEGIN:broadcast_stop_flag", "host": "d6b2a058c4be", "pid": 185325, "rank": 0, "transport": "gloo_cpu", "ts": "2026-10-04 16:02:08", "value": false}
[DBG] {"category": "TRAIN", "component": "train", "event": "watchdog_armed", "host": "d6b2a058c4be", "pid": 185325, "rank": 0, "stage": "broadcast_stop_flag", "timeout_sec": 30.0, "ts": "2026-10-04 16:02:08"}
[DBG] {"category": "TRAIN", "component": "train", "elapsed_sec": 0.002272, "event": "END:broadcast_stop_flag", "host": "d6b2a058c4be", "pid": 185325, "rank": 0, "ts": "2026-10-04 16:02:08"}
[DBG] {"category": "QUEUE", "component": "train", "event": "BEGIN:preference_size_before_pop", "host": "d6b2a058c4be", "pid": 185325, "rank": 0, "ts": "2026-10-04 16:02:08"}
[DBG] {"category": "QUEUE", "component": "train", "event": "watchdog_armed", "host": "d6b2a058c4be", "pid": 185325, "rank": 0, "stage": "preference_size_before_pop", "timeout_sec": 30.0, "ts": "2026-10-04 16:02:08"}
[DBG] {"category": "QUEUE", "component": "train", "elapsed_sec": 0.002595, "event": "END:preference_size_before_pop", "host": "d6b2a058c4be", "pid": 185325, "rank": 0, "ts": "2026-10-04 16:02:08"}
[DBG] {"category": "QUEUE", "component": "train", "event": "trainer_queue_state", "host": "d6b2a058c4be", "pending": 0, "pid": 185325, "policy_version": 0, "rank": 0, "required": 4, "ts": "2026-10-04 16:02:08"}
[DBG] {"category": "QUEUE", "component": "train", "current_version": 0, "event": "BEGIN:preference_pop", "host": "d6b2a058c4be", "pid": 185325, "rank": 0, "requested": 4, "ts": "2026-10-04 16:02:08"}
[DBG] {"category": "QUEUE", "component": "train", "event": "watchdog_armed", "host": "d6b2a058c4be", "pid": 185325, "rank": 0, "stage": "preference_pop", "timeout_sec": 30.0, "ts": "2026-10-04 16:02:08"}
[DBG] {"category": "QUEUE", "component": "train", "elapsed_sec": 0.001994, "event": "END:preference_pop", "host": "d6b2a058c4be", "pid": 185325, "rank": 0, "ts": "2026-10-04 16:02:08"}
[DBG] {"category": "TRAIN", "component": "train", "event": "BEGIN:broadcast_preference_payload", "has_payload": false, "host": "d6b2a058c4be", "pid": 185325, "rank": 0, "transport": "json_uint8_gloo", "ts": "2026-10-04 16:02:08"}
[DBG] {"category": "TRAIN", "component": "train", "event": "watchdog_armed", "host": "d6b2a058c4be", "pid": 185325, "rank": 0, "stage": "broadcast_preference_payload", "timeout_sec": 30.0, "ts": "2026-10-04 16:02:08"}
[DBG] {"bytes": 0, "category": "TRAIN", "component": "train", "event": "BEGIN:broadcast_preference_length", "host": "d6b2a058c4be", "pid": 185325, "rank": 0, "transport": "gloo_cpu", "ts": "2026-10-04 16:02:08"}
[DBG] {"category": "TRAIN", "component": "train", "event": "watchdog_armed", "host": "d6b2a058c4be", "pid": 185325, "rank": 0, "stage": "broadcast_preference_length", "timeout_sec": 30.0, "ts": "2026-10-04 16:02:08"}
[DBG] {"category": "TRAIN", "component": "train", "elapsed_sec": 0.000832, "event": "END:broadcast_preference_length", "host": "d6b2a058c4be", "pid": 185325, "rank": 0, "ts": "2026-10-04 16:02:08"}
[DBG] {"category": "TRAIN", "component": "train", "event": "watchdog_armed", "host": "d6b2a058c4be", "pid": 185325, "rank": 0, "stage": "broadcast_preference_payload", "timeout_sec": 30.0, "ts": "2026-10-04 16:02:08"}
[DBG] {"category": "TRAIN", "component": "train", "elapsed_sec": 0.001213, "event": "END:broadcast_preference_payload", "host": "d6b2a058c4be", "pid": 185325, "rank": 0, "ts": "2026-10-04 16:02:08"}
[DBG] {"category": "RAY", "component": "train", "event": "BEGIN:control_should_stop", "host": "d6b2a058c4be", "pid": 185325, "rank": 0, "ts": "2026-10-04 16:02:09"}
[DBG] {"category": "RAY", "component": "train", "event": "watchdog_armed", "host": "d6b2a058c4be", "pid": 185325, "rank": 0, "stage": "control_should_stop", "timeout_sec": 30.0, "ts": "2026-10-04 16:02:09"}
[DBG] {"category": "RAY", "component": "train", "elapsed_sec": 0.006284, "event": "END:control_should_stop", "host": "d6b2a058c4be", "pid": 185325, "rank": 0, "ts": "2026-10-04 16:02:09"}
[DBG] {"category": "TRAIN", "component": "train", "event": "BEGIN:broadcast_stop_flag", "host": "d6b2a058c4be", "pid": 185325, "rank": 0, "transport": "gloo_cpu", "ts": "2026-10-04 16:02:09", "value": false}
[DBG] {"category": "TRAIN", "component": "train", "event": "watchdog_armed", "host": "d6b2a058c4be", "pid": 185325, "rank": 0, "stage": "broadcast_stop_flag", "timeout_sec": 30.0, "ts": "2026-10-04 16:02:09"}
[DBG] {"category": "TRAIN", "component": "train", "elapsed_sec": 0.002549, "event": "END:broadcast_stop_flag", "host": "d6b2a058c4be", "pid": 185325, "rank": 0, "ts": "2026-10-04 16:02:09"}
[DBG] {"category": "QUEUE", "component": "train", "event": "BEGIN:preference_size_before_pop", "host": "d6b2a058c4be", "pid": 185325, "rank": 0, "ts": "2026-10-04 16:02:09"}
[DBG] {"category": "QUEUE", "component": "train", "event": "watchdog_armed", "host": "d6b2a058c4be", "pid": 185325, "rank": 0, "stage": "preference_size_before_pop", "timeout_sec": 30.0, "ts": "2026-10-04 16:02:09"}
[DBG] {"category": "QUEUE", "component": "train", "elapsed_sec": 0.003342, "event": "END:preference_size_before_pop", "host": "d6b2a058c4be", "pid": 185325, "rank": 0, "ts": "2026-10-04 16:02:09"}
[DBG] {"category": "QUEUE", "component": "train", "event": "trainer_queue_state", "host": "d6b2a058c4be", "pending": 0, "pid": 185325, "policy_version": 0, "rank": 0, "required": 4, "ts": "2026-10-04 16:02:09"}
[DBG] {"category": "QUEUE", "component": "train", "current_version": 0, "event": "BEGIN:preference_pop", "host": "d6b2a058c4be", "pid": 185325, "rank": 0, "requested": 4, "ts": "2026-10-04 16:02:09"}
[DBG] {"category": "QUEUE", "component": "train", "event": "watchdog_armed", "host": "d6b2a058c4be", "pid": 185325, "rank": 0, "stage": "preference_pop", "timeout_sec": 30.0, "ts": "2026-10-04 16:02:09"}
[DBG] {"category": "QUEUE", "component": "train", "elapsed_sec": 0.005672, "event": "END:preference_pop", "host": "d6b2a058c4be", "pid": 185325, "rank": 0, "ts": "2026-10-04 16:02:09"}
[DBG] {"category": "TRAIN", "component": "train", "event": "BEGIN:broadcast_preference_payload", "has_payload": false, "host": "d6b2a058c4be", "pid": 185325, "rank": 0, "transport": "json_uint8_gloo", "ts": "2026-10-04 16:02:09"}
[DBG] {"category": "TRAIN", "component": "train", "event": "watchdog_armed", "host": "d6b2a058c4be", "pid": 185325, "rank": 0, "stage": "broadcast_preference_payload", "timeout_sec": 30.0, "ts": "2026-10-04 16:02:09"}
[DBG] {"bytes": 0, "category": "TRAIN", "component": "train", "event": "BEGIN:broadcast_preference_length", "host": "d6b2a058c4be", "pid": 185325, "rank": 0, "transport": "gloo_cpu", "ts": "2026-10-04 16:02:09"}
[DBG] {"category": "TRAIN", "component": "train", "event": "watchdog_armed", "host": "d6b2a058c4be", "pid": 185325, "rank": 0, "stage": "broadcast_preference_length", "timeout_sec": 30.0, "ts": "2026-10-04 16:02:09"}
[DBG] {"category": "TRAIN", "component": "train", "elapsed_sec": 0.001998, "event": "END:broadcast_preference_length", "host": "d6b2a058c4be", "pid": 185325, "rank": 0, "ts": "2026-10-04 16:02:09"}
[DBG] {"category": "TRAIN", "component": "train", "event": "watchdog_armed", "host": "d6b2a058c4be", "pid": 185325, "rank": 0, "stage": "broadcast_preference_payload", "timeout_sec": 30.0, "ts": "2026-10-04 16:02:09"}
[DBG] {"category": "TRAIN", "component": "train", "elapsed_sec": 0.002749, "event": "END:broadcast_preference_payload", "host": "d6b2a058c4be", "pid": 185325, "rank": 0, "ts": "2026-10-04 16:02:09"}
[DBG] {"category": "RAY", "component": "train", "event": "BEGIN:control_should_stop", "host": "d6b2a058c4be", "pid": 185325, "rank": 0, "ts": "2026-10-04 16:02:09"}
[DBG] {"category": "RAY", "component": "train", "event": "watchdog_armed", "host": "d6b2a058c4be", "pid": 185325, "rank": 0, "stage": "control_should_stop", "timeout_sec": 30.0, "ts": "2026-10-04 16:02:09"}
[DBG] {"category": "RAY", "component": "train", "elapsed_sec": 0.002382, "event": "END:control_should_stop", "host": "d6b2a058c4be", "pid": 185325, "rank": 0, "ts": "2026-10-04 16:02:09"}
[DBG] {"category": "TRAIN", "component": "train", "event": "BEGIN:broadcast_stop_flag", "host": "d6b2a058c4be", "pid": 185325, "rank": 0, "transport": "gloo_cpu", "ts": "2026-10-04 16:02:09", "value": false}
[DBG] {"category": "TRAIN", "component": "train", "event": "watchdog_armed", "host": "d6b2a058c4be", "pid": 185325, "rank": 0, "stage": "broadcast_stop_flag", "timeout_sec": 30.0, "ts": "2026-10-04 16:02:09"}
[DBG] {"category": "TRAIN", "component": "train", "elapsed_sec": 0.001814, "event": "END:broadcast_stop_flag", "host": "d6b2a058c4be", "pid": 185325, "rank": 0, "ts": "2026-10-04 16:02:09"}
[DBG] {"category": "QUEUE", "component": "train", "event": "BEGIN:preference_size_before_pop", "host": "d6b2a058c4be", "pid": 185325, "rank": 0, "ts": "2026-10-04 16:02:09"}
[DBG] {"category": "QUEUE", "component": "train", "event": "watchdog_armed", "host": "d6b2a058c4be", "pid": 185325, "rank": 0, "stage": "preference_size_before_pop", "timeout_sec": 30.0, "ts": "2026-10-04 16:02:09"}
[DBG] {"category": "QUEUE", "component": "train", "elapsed_sec": 0.003002, "event": "END:preference_size_before_pop", "host": "d6b2a058c4be", "pid": 185325, "rank": 0, "ts": "2026-10-04 16:02:09"}
[DBG] {"category": "QUEUE", "component": "train", "event": "trainer_queue_state", "host": "d6b2a058c4be", "pending": 0, "pid": 185325, "policy_version": 0, "rank": 0, "required": 4, "ts": "2026-10-04 16:02:09"}
[DBG] {"category": "QUEUE", "component": "train", "current_version": 0, "event": "BEGIN:preference_pop", "host": "d6b2a058c4be", "pid": 185325, "rank": 0, "requested": 4, "ts": "2026-10-04 16:02:09"}
[DBG] {"category": "QUEUE", "component": "train", "event": "watchdog_armed", "host": "d6b2a058c4be", "pid": 185325, "rank": 0, "stage": "preference_pop", "timeout_sec": 30.0, "ts": "2026-10-04 16:02:09"}
[DBG] {"category": "QUEUE", "component": "train", "elapsed_sec": 0.004179, "event": "END:preference_pop", "host": "d6b2a058c4be", "pid": 185325, "rank": 0, "ts": "2026-10-04 16:02:09"}
[DBG] {"category": "TRAIN", "component": "train", "event": "BEGIN:broadcast_preference_payload", "has_payload": false, "host": "d6b2a058c4be", "pid": 185325, "rank": 0, "transport": "json_uint8_gloo", "ts": "2026-10-04 16:02:09"}
[DBG] {"category": "TRAIN", "component": "train", "event": "watchdog_armed", "host": "d6b2a058c4be", "pid": 185325, "rank": 0, "stage": "broadcast_preference_payload", "timeout_sec": 30.0, "ts": "2026-10-04 16:02:09"}
[DBG] {"bytes": 0, "category": "TRAIN", "component": "train", "event": "BEGIN:broadcast_preference_length", "host": "d6b2a058c4be", "pid": 185325, "rank": 0, "transport": "gloo_cpu", "ts": "2026-10-04 16:02:09"}
[DBG] {"category": "TRAIN", "component": "train", "event": "watchdog_armed", "host": "d6b2a058c4be", "pid": 185325, "rank": 0, "stage": "broadcast_preference_length", "timeout_sec": 30.0, "ts": "2026-10-04 16:02:09"}
[DBG] {"category": "TRAIN", "component": "train", "elapsed_sec": 0.001371, "event": "END:broadcast_preference_length", "host": "d6b2a058c4be", "pid": 185325, "rank": 0, "ts": "2026-10-04 16:02:09"}
[DBG] {"category": "TRAIN", "component": "train", "event": "watchdog_armed", "host": "d6b2a058c4be", "pid": 185325, "rank": 0, "stage": "broadcast_preference_payload", "timeout_sec": 30.0, "ts": "2026-10-04 16:02:09"}
[DBG] {"category": "TRAIN", "component": "train", "elapsed_sec": 0.001692, "event": "END:broadcast_preference_payload", "host": "d6b2a058c4be", "pid": 185325, "rank": 0, "ts": "2026-10-04 16:02:09"}
[DBG] {"category": "RAY", "component": "train", "event": "BEGIN:control_should_stop", "host": "d6b2a058c4be", "pid": 185325, "rank": 0, "ts": "2026-10-04 16:02:10"}
[DBG] {"category": "RAY", "component": "train", "event": "watchdog_armed", "host": "d6b2a058c4be", "pid": 185325, "rank": 0, "stage": "control_should_stop", "timeout_sec": 30.0, "ts": "2026-10-04 16:02:10"}
[DBG] {"category": "RAY", "component": "train", "elapsed_sec": 0.002459, "event": "END:control_should_stop", "host": "d6b2a058c4be", "pid": 185325, "rank": 0, "ts": "2026-10-04 16:02:10"}
[DBG] {"category": "TRAIN", "component": "train", "event": "BEGIN:broadcast_stop_flag", "host": "d6b2a058c4be", "pid": 185325, "rank": 0, "transport": "gloo_cpu", "ts": "2026-10-04 16:02:10", "value": false}
[DBG] {"category": "TRAIN", "component": "train", "event": "watchdog_armed", "host": "d6b2a058c4be", "pid": 185325, "rank": 0, "stage": "broadcast_stop_flag", "timeout_sec": 30.0, "ts": "2026-10-04 16:02:10"}
[DBG] {"category": "TRAIN", "component": "train", "elapsed_sec": 0.001849, "event": "END:broadcast_stop_flag", "host": "d6b2a058c4be", "pid": 185325, "rank": 0, "ts": "2026-10-04 16:02:10"}
[DBG] {"category": "QUEUE", "component": "train", "event": "BEGIN:preference_size_before_pop", "host": "d6b2a058c4be", "pid": 185325, "rank": 0, "ts": "2026-10-04 16:02:10"}
[DBG] {"category": "QUEUE", "component": "train", "event": "watchdog_armed", "host": "d6b2a058c4be", "pid": 185325, "rank": 0, "stage": "preference_size_before_pop", "timeout_sec": 30.0, "ts": "2026-10-04 16:02:10"}
[DBG] {"category": "QUEUE", "component": "train", "elapsed_sec": 0.003601, "event": "END:preference_size_before_pop", "host": "d6b2a058c4be", "pid": 185325, "rank": 0, "ts": "2026-10-04 16:02:10"}
[DBG] {"category": "QUEUE", "component": "train", "event": "trainer_queue_state", "host": "d6b2a058c4be", "pending": 0, "pid": 185325, "policy_version": 0, "rank": 0, "required": 4, "ts": "2026-10-04 16:02:10"}
[DBG] {"category": "QUEUE", "component": "train", "current_version": 0, "event": "BEGIN:preference_pop", "host": "d6b2a058c4be", "pid": 185325, "rank": 0, "requested": 4, "ts": "2026-10-04 16:02:10"}
[DBG] {"category": "QUEUE", "component": "train", "event": "watchdog_armed", "host": "d6b2a058c4be", "pid": 185325, "rank": 0, "stage": "preference_pop", "timeout_sec": 30.0, "ts": "2026-10-04 16:02:10"}
[DBG] {"category": "QUEUE", "component": "train", "elapsed_sec": 0.004524, "event": "END:preference_pop", "host": "d6b2a058c4be", "pid": 185325, "rank": 0, "ts": "2026-10-04 16:02:10"}
[DBG] {"category": "TRAIN", "component": "train", "event": "BEGIN:broadcast_preference_payload", "has_payload": false, "host": "d6b2a058c4be", "pid": 185325, "rank": 0, "transport": "json_uint8_gloo", "ts": "2026-10-04 16:02:10"}
[DBG] {"category": "TRAIN", "component": "train", "event": "watchdog_armed", "host": "d6b2a058c4be", "pid": 185325, "rank": 0, "stage": "broadcast_preference_payload", "timeout_sec": 30.0, "ts": "2026-10-04 16:02:10"}
[DBG] {"bytes": 0, "category": "TRAIN", "component": "train", "event": "BEGIN:broadcast_preference_length", "host": "d6b2a058c4be", "pid": 185325, "rank": 0, "transport": "gloo_cpu", "ts": "2026-10-04 16:02:10"}
[DBG] {"category": "TRAIN", "component": "train", "event": "watchdog_armed", "host": "d6b2a058c4be", "pid": 185325, "rank": 0, "stage": "broadcast_preference_length", "timeout_sec": 30.0, "ts": "2026-10-04 16:02:10"}
[DBG] {"category": "TRAIN", "component": "train", "elapsed_sec": 0.001576, "event": "END:broadcast_preference_length", "host": "d6b2a058c4be", "pid": 185325, "rank": 0, "ts": "2026-10-04 16:02:10"}
[DBG] {"category": "TRAIN", "component": "train", "event": "watchdog_armed", "host": "d6b2a058c4be", "pid": 185325, "rank": 0, "stage": "broadcast_preference_payload", "timeout_sec": 30.0, "ts": "2026-10-04 16:02:10"}
[DBG] {"category": "TRAIN", "component": "train", "elapsed_sec": 0.002018, "event": "END:broadcast_preference_payload", "host": "d6b2a058c4be", "pid": 185325, "rank": 0, "ts": "2026-10-04 16:02:10"}
[DBG] {"category": "RAY", "component": "train", "event": "BEGIN:control_should_stop", "host": "d6b2a058c4be", "pid": 185325, "rank": 0, "ts": "2026-10-04 16:02:10"}
[DBG] {"category": "RAY", "component": "train", "event": "watchdog_armed", "host": "d6b2a058c4be", "pid": 185325, "rank": 0, "stage": "control_should_stop", "timeout_sec": 30.0, "ts": "2026-10-04 16:02:10"}
[DBG] {"category": "RAY", "component": "train", "elapsed_sec": 0.002751, "event": "END:control_should_stop", "host": "d6b2a058c4be", "pid": 185325, "rank": 0, "ts": "2026-10-04 16:02:10"}
[DBG] {"category": "TRAIN", "component": "train", "event": "BEGIN:broadcast_stop_flag", "host": "d6b2a058c4be", "pid": 185325, "rank": 0, "transport": "gloo_cpu", "ts": "2026-10-04 16:02:10", "value": false}
[DBG] {"category": "TRAIN", "component": "train", "event": "watchdog_armed", "host": "d6b2a058c4be", "pid": 185325, "rank": 0, "stage": "broadcast_stop_flag", "timeout_sec": 30.0, "ts": "2026-10-04 16:02:10"}
[DBG] {"category": "TRAIN", "component": "train", "elapsed_sec": 0.002483, "event": "END:broadcast_stop_flag", "host": "d6b2a058c4be", "pid": 185325, "rank": 0, "ts": "2026-10-04 16:02:10"}
[DBG] {"category": "QUEUE", "component": "train", "event": "BEGIN:preference_size_before_pop", "host": "d6b2a058c4be", "pid": 185325, "rank": 0, "ts": "2026-10-04 16:02:10"}
[DBG] {"category": "QUEUE", "component": "train", "event": "watchdog_armed", "host": "d6b2a058c4be", "pid": 185325, "rank": 0, "stage": "preference_size_before_pop", "timeout_sec": 30.0, "ts": "2026-10-04 16:02:10"}
[DBG] {"category": "QUEUE", "component": "train", "elapsed_sec": 0.003829, "event": "END:preference_size_before_pop", "host": "d6b2a058c4be", "pid": 185325, "rank": 0, "ts": "2026-10-04 16:02:10"}
[DBG] {"category": "QUEUE", "component": "train", "event": "trainer_queue_state", "host": "d6b2a058c4be", "pending": 0, "pid": 185325, "policy_version": 0, "rank": 0, "required": 4, "ts": "2026-10-04 16:02:10"}
[DBG] {"category": "QUEUE", "component": "train", "current_version": 0, "event": "BEGIN:preference_pop", "host": "d6b2a058c4be", "pid": 185325, "rank": 0, "requested": 4, "ts": "2026-10-04 16:02:10"}
[DBG] {"category": "QUEUE", "component": "train", "event": "watchdog_armed", "host": "d6b2a058c4be", "pid": 185325, "rank": 0, "stage": "preference_pop", "timeout_sec": 30.0, "ts": "2026-10-04 16:02:10"}
[DBG] {"category": "QUEUE", "component": "train", "elapsed_sec": 0.004871, "event": "END:preference_pop", "host": "d6b2a058c4be", "pid": 185325, "rank": 0, "ts": "2026-10-04 16:02:10"}
[DBG] {"category": "TRAIN", "component": "train", "empty_polls": 40, "event": "waiting_for_preference_batch", "host": "d6b2a058c4be", "pending": 0, "pid": 185325, "rank": 0, "required": 4, "ts": "2026-10-04 16:02:10"}
[DBG] {"category": "TRAIN", "component": "train", "event": "BEGIN:broadcast_preference_payload", "has_payload": false, "host": "d6b2a058c4be", "pid": 185325, "rank": 0, "transport": "json_uint8_gloo", "ts": "2026-10-04 16:02:10"}
[DBG] {"category": "TRAIN", "component": "train", "event": "watchdog_armed", "host": "d6b2a058c4be", "pid": 185325, "rank": 0, "stage": "broadcast_preference_payload", "timeout_sec": 30.0, "ts": "2026-10-04 16:02:10"}
[DBG] {"bytes": 0, "category": "TRAIN", "component": "train", "event": "BEGIN:broadcast_preference_length", "host": "d6b2a058c4be", "pid": 185325, "rank": 0, "transport": "gloo_cpu", "ts": "2026-10-04 16:02:10"}
[DBG] {"category": "TRAIN", "component": "train", "event": "watchdog_armed", "host": "d6b2a058c4be", "pid": 185325, "rank": 0, "stage": "broadcast_preference_length", "timeout_sec": 30.0, "ts": "2026-10-04 16:02:10"}
[DBG] {"category": "TRAIN", "component": "train", "elapsed_sec": 0.002005, "event": "END:broadcast_preference_length", "host": "d6b2a058c4be", "pid": 185325, "rank": 0, "ts": "2026-10-04 16:02:10"}
[DBG] {"category": "TRAIN", "component": "train", "event": "watchdog_armed", "host": "d6b2a058c4be", "pid": 185325, "rank": 0, "stage": "broadcast_preference_payload", "timeout_sec": 30.0, "ts": "2026-10-04 16:02:10"}
[DBG] {"category": "TRAIN", "component": "train", "elapsed_sec": 0.00322, "event": "END:broadcast_preference_payload", "host": "d6b2a058c4be", "pid": 185325, "rank": 0, "ts": "2026-10-04 16:02:10"}
[DBG] {"category": "RAY", "component": "train", "event": "BEGIN:control_should_stop", "host": "d6b2a058c4be", "pid": 185325, "rank": 0, "ts": "2026-10-04 16:02:11"}
[DBG] {"category": "RAY", "component": "train", "event": "watchdog_armed", "host": "d6b2a058c4be", "pid": 185325, "rank": 0, "stage": "control_should_stop", "timeout_sec": 30.0, "ts": "2026-10-04 16:02:11"}
[DBG] {"category": "RAY", "component": "train", "elapsed_sec": 0.00267, "event": "END:control_should_stop", "host": "d6b2a058c4be", "pid": 185325, "rank": 0, "ts": "2026-10-04 16:02:11"}
[DBG] {"category": "TRAIN", "component": "train", "event": "BEGIN:broadcast_stop_flag", "host": "d6b2a058c4be", "pid": 185325, "rank": 0, "transport": "gloo_cpu", "ts": "2026-10-04 16:02:11", "value": false}
[DBG] {"category": "TRAIN", "component": "train", "event": "watchdog_armed", "host": "d6b2a058c4be", "pid": 185325, "rank": 0, "stage": "broadcast_stop_flag", "timeout_sec": 30.0, "ts": "2026-10-04 16:02:11"}
[DBG] {"category": "TRAIN", "component": "train", "elapsed_sec": 0.001581, "event": "END:broadcast_stop_flag", "host": "d6b2a058c4be", "pid": 185325, "rank": 0, "ts": "2026-10-04 16:02:11"}
[DBG] {"category": "QUEUE", "component": "train", "event": "BEGIN:preference_size_before_pop", "host": "d6b2a058c4be", "pid": 185325, "rank": 0, "ts": "2026-10-04 16:02:11"}
[DBG] {"category": "QUEUE", "component": "train", "event": "watchdog_armed", "host": "d6b2a058c4be", "pid": 185325, "rank": 0, "stage": "preference_size_before_pop", "timeout_sec": 30.0, "ts": "2026-10-04 16:02:11"}
[DBG] {"category": "QUEUE", "component": "train", "elapsed_sec": 0.003381, "event": "END:preference_size_before_pop", "host": "d6b2a058c4be", "pid": 185325, "rank": 0, "ts": "2026-10-04 16:02:11"}
[DBG] {"category": "QUEUE", "component": "train", "event": "trainer_queue_state", "host": "d6b2a058c4be", "pending": 0, "pid": 185325, "policy_version": 0, "rank": 0, "required": 4, "ts": "2026-10-04 16:02:11"}
[DBG] {"category": "QUEUE", "component": "train", "current_version": 0, "event": "BEGIN:preference_pop", "host": "d6b2a058c4be", "pid": 185325, "rank": 0, "requested": 4, "ts": "2026-10-04 16:02:11"}
[DBG] {"category": "QUEUE", "component": "train", "event": "watchdog_armed", "host": "d6b2a058c4be", "pid": 185325, "rank": 0, "stage": "preference_pop", "timeout_sec": 30.0, "ts": "2026-10-04 16:02:11"}
[DBG] {"category": "QUEUE", "component": "train", "elapsed_sec": 0.002789, "event": "END:preference_pop", "host": "d6b2a058c4be", "pid": 185325, "rank": 0, "ts": "2026-10-04 16:02:11"}
[DBG] {"category": "TRAIN", "component": "train", "event": "BEGIN:broadcast_preference_payload", "has_payload": false, "host": "d6b2a058c4be", "pid": 185325, "rank": 0, "transport": "json_uint8_gloo", "ts": "2026-10-04 16:02:11"}
[DBG] {"category": "TRAIN", "component": "train", "event": "watchdog_armed", "host": "d6b2a058c4be", "pid": 185325, "rank": 0, "stage": "broadcast_preference_payload", "timeout_sec": 30.0, "ts": "2026-10-04 16:02:11"}
[DBG] {"bytes": 0, "category": "TRAIN", "component": "train", "event": "BEGIN:broadcast_preference_length", "host": "d6b2a058c4be", "pid": 185325, "rank": 0, "transport": "gloo_cpu", "ts": "2026-10-04 16:02:11"}
[DBG] {"category": "TRAIN", "component": "train", "event": "watchdog_armed", "host": "d6b2a058c4be", "pid": 185325, "rank": 0, "stage": "broadcast_preference_length", "timeout_sec": 30.0, "ts": "2026-10-04 16:02:11"}
[DBG] {"category": "TRAIN", "component": "train", "elapsed_sec": 0.001548, "event": "END:broadcast_preference_length", "host": "d6b2a058c4be", "pid": 185325, "rank": 0, "ts": "2026-10-04 16:02:11"}
[DBG] {"category": "TRAIN", "component": "train", "event": "watchdog_armed", "host": "d6b2a058c4be", "pid": 185325, "rank": 0, "stage": "broadcast_preference_payload", "timeout_sec": 30.0, "ts": "2026-10-04 16:02:11"}
[DBG] {"category": "TRAIN", "component": "train", "elapsed_sec": 0.002094, "event": "END:broadcast_preference_payload", "host": "d6b2a058c4be", "pid": 185325, "rank": 0, "ts": "2026-10-04 16:02:11"}
[DBG] {"category": "RAY", "component": "train", "event": "BEGIN:control_should_stop", "host": "d6b2a058c4be", "pid": 185325, "rank": 0, "ts": "2026-10-04 16:02:11"}
[DBG] {"category": "RAY", "component": "train", "event": "watchdog_armed", "host": "d6b2a058c4be", "pid": 185325, "rank": 0, "stage": "control_should_stop", "timeout_sec": 30.0, "ts": "2026-10-04 16:02:11"}
[DBG] {"category": "RAY", "component": "train", "elapsed_sec": 0.002382, "event": "END:control_should_stop", "host": "d6b2a058c4be", "pid": 185325, "rank": 0, "ts": "2026-10-04 16:02:11"}
[DBG] {"category": "TRAIN", "component": "train", "event": "BEGIN:broadcast_stop_flag", "host": "d6b2a058c4be", "pid": 185325, "rank": 0, "transport": "gloo_cpu", "ts": "2026-10-04 16:02:11", "value": false}
[DBG] {"category": "TRAIN", "component": "train", "event": "watchdog_armed", "host": "d6b2a058c4be", "pid": 185325, "rank": 0, "stage": "broadcast_stop_flag", "timeout_sec": 30.0, "ts": "2026-10-04 16:02:11"}
[DBG] {"category": "TRAIN", "component": "train", "elapsed_sec": 0.001506, "event": "END:broadcast_stop_flag", "host": "d6b2a058c4be", "pid": 185325, "rank": 0, "ts": "2026-10-04 16:02:11"}
[DBG] {"category": "QUEUE", "component": "train", "event": "BEGIN:preference_size_before_pop", "host": "d6b2a058c4be", "pid": 185325, "rank": 0, "ts": "2026-10-04 16:02:11"}
[DBG] {"category": "QUEUE", "component": "train", "event": "watchdog_armed", "host": "d6b2a058c4be", "pid": 185325, "rank": 0, "stage": "preference_size_before_pop", "timeout_sec": 30.0, "ts": "2026-10-04 16:02:11"}
[DBG] {"category": "QUEUE", "component": "train", "elapsed_sec": 0.003418, "event": "END:preference_size_before_pop", "host": "d6b2a058c4be", "pid": 185325, "rank": 0, "ts": "2026-10-04 16:02:11"}
[DBG] {"category": "QUEUE", "component": "train", "event": "trainer_queue_state", "host": "d6b2a058c4be", "pending": 0, "pid": 185325, "policy_version": 0, "rank": 0, "required": 4, "ts": "2026-10-04 16:02:11"}
[DBG] {"category": "QUEUE", "component": "train", "current_version": 0, "event": "BEGIN:preference_pop", "host": "d6b2a058c4be", "pid": 185325, "rank": 0, "requested": 4, "ts": "2026-10-04 16:02:11"}
[DBG] {"category": "QUEUE", "component": "train", "event": "watchdog_armed", "host": "d6b2a058c4be", "pid": 185325, "rank": 0, "stage": "preference_pop", "timeout_sec": 30.0, "ts": "2026-10-04 16:02:11"}
[DBG] {"category": "QUEUE", "component": "train", "elapsed_sec": 0.00483, "event": "END:preference_pop", "host": "d6b2a058c4be", "pid": 185325, "rank": 0, "ts": "2026-10-04 16:02:11"}
[DBG] {"category": "TRAIN", "component": "train", "event": "BEGIN:broadcast_preference_payload", "has_payload": false, "host": "d6b2a058c4be", "pid": 185325, "rank": 0, "transport": "json_uint8_gloo", "ts": "2026-10-04 16:02:11"}
[DBG] {"category": "TRAIN", "component": "train", "event": "watchdog_armed", "host": "d6b2a058c4be", "pid": 185325, "rank": 0, "stage": "broadcast_preference_payload", "timeout_sec": 30.0, "ts": "2026-10-04 16:02:11"}
[DBG] {"bytes": 0, "category": "TRAIN", "component": "train", "event": "BEGIN:broadcast_preference_length", "host": "d6b2a058c4be", "pid": 185325, "rank": 0, "transport": "gloo_cpu", "ts": "2026-10-04 16:02:11"}
[DBG] {"category": "TRAIN", "component": "train", "event": "watchdog_armed", "host": "d6b2a058c4be", "pid": 185325, "rank": 0, "stage": "broadcast_preference_length", "timeout_sec": 30.0, "ts": "2026-10-04 16:02:11"}
[DBG] {"category": "TRAIN", "component": "train", "elapsed_sec": 0.001919, "event": "END:broadcast_preference_length", "host": "d6b2a058c4be", "pid": 185325, "rank": 0, "ts": "2026-10-04 16:02:11"}
[DBG] {"category": "TRAIN", "component": "train", "event": "watchdog_armed", "host": "d6b2a058c4be", "pid": 185325, "rank": 0, "stage": "broadcast_preference_payload", "timeout_sec": 30.0, "ts": "2026-10-04 16:02:11"}
[DBG] {"category": "TRAIN", "component": "train", "elapsed_sec": 0.002707, "event": "END:broadcast_preference_payload", "host": "d6b2a058c4be", "pid": 185325, "rank": 0, "ts": "2026-10-04 16:02:11"}
[DBG] {"category": "RAY", "component": "train", "event": "BEGIN:control_should_stop", "host": "d6b2a058c4be", "pid": 185325, "rank": 0, "ts": "2026-10-04 16:02:12"}
[DBG] {"category": "RAY", "component": "train", "event": "watchdog_armed", "host": "d6b2a058c4be", "pid": 185325, "rank": 0, "stage": "control_should_stop", "timeout_sec": 30.0, "ts": "2026-10-04 16:02:12"}
[DBG] {"category": "RAY", "component": "train", "elapsed_sec": 0.001544, "event": "END:control_should_stop", "host": "d6b2a058c4be", "pid": 185325, "rank": 0, "ts": "2026-10-04 16:02:12"}
[DBG] {"category": "TRAIN", "component": "train", "event": "BEGIN:broadcast_stop_flag", "host": "d6b2a058c4be", "pid": 185325, "rank": 0, "transport": "gloo_cpu", "ts": "2026-10-04 16:02:12", "value": false}
[DBG] {"category": "TRAIN", "component": "train", "event": "watchdog_armed", "host": "d6b2a058c4be", "pid": 185325, "rank": 0, "stage": "broadcast_stop_flag", "timeout_sec": 30.0, "ts": "2026-10-04 16:02:12"}
[DBG] {"category": "TRAIN", "component": "train", "elapsed_sec": 0.001013, "event": "END:broadcast_stop_flag", "host": "d6b2a058c4be", "pid": 185325, "rank": 0, "ts": "2026-10-04 16:02:12"}
[DBG] {"category": "QUEUE", "component": "train", "event": "BEGIN:preference_size_before_pop", "host": "d6b2a058c4be", "pid": 185325, "rank": 0, "ts": "2026-10-04 16:02:12"}
[DBG] {"category": "QUEUE", "component": "train", "event": "watchdog_armed", "host": "d6b2a058c4be", "pid": 185325, "rank": 0, "stage": "preference_size_before_pop", "timeout_sec": 30.0, "ts": "2026-10-04 16:02:12"}
[DBG] {"category": "QUEUE", "component": "train", "elapsed_sec": 0.002449, "event": "END:preference_size_before_pop", "host": "d6b2a058c4be", "pid": 185325, "rank": 0, "ts": "2026-10-04 16:02:12"}
[DBG] {"category": "QUEUE", "component": "train", "event": "trainer_queue_state", "host": "d6b2a058c4be", "pending": 0, "pid": 185325, "policy_version": 0, "rank": 0, "required": 4, "ts": "2026-10-04 16:02:12"}
[DBG] {"category": "QUEUE", "component": "train", "current_version": 0, "event": "BEGIN:preference_pop", "host": "d6b2a058c4be", "pid": 185325, "rank": 0, "requested": 4, "ts": "2026-10-04 16:02:12"}
[DBG] {"category": "QUEUE", "component": "train", "event": "watchdog_armed", "host": "d6b2a058c4be", "pid": 185325, "rank": 0, "stage": "preference_pop", "timeout_sec": 30.0, "ts": "2026-10-04 16:02:12"}
[DBG] {"category": "QUEUE", "component": "train", "elapsed_sec": 0.002567, "event": "END:preference_pop", "host": "d6b2a058c4be", "pid": 185325, "rank": 0, "ts": "2026-10-04 16:02:12"}
[DBG] {"category": "TRAIN", "component": "train", "event": "BEGIN:broadcast_preference_payload", "has_payload": false, "host": "d6b2a058c4be", "pid": 185325, "rank": 0, "transport": "json_uint8_gloo", "ts": "2026-10-04 16:02:12"}
[DBG] {"category": "TRAIN", "component": "train", "event": "watchdog_armed", "host": "d6b2a058c4be", "pid": 185325, "rank": 0, "stage": "broadcast_preference_payload", "timeout_sec": 30.0, "ts": "2026-10-04 16:02:12"}
[DBG] {"bytes": 0, "category": "TRAIN", "component": "train", "event": "BEGIN:broadcast_preference_length", "host": "d6b2a058c4be", "pid": 185325, "rank": 0, "transport": "gloo_cpu", "ts": "2026-10-04 16:02:12"}
[DBG] {"category": "TRAIN", "component": "train", "event": "watchdog_armed", "host": "d6b2a058c4be", "pid": 185325, "rank": 0, "stage": "broadcast_preference_length", "timeout_sec": 30.0, "ts": "2026-10-04 16:02:12"}
[DBG] {"category": "TRAIN", "component": "train", "elapsed_sec": 0.001014, "event": "END:broadcast_preference_length", "host": "d6b2a058c4be", "pid": 185325, "rank": 0, "ts": "2026-10-04 16:02:12"}
[DBG] {"category": "TRAIN", "component": "train", "event": "watchdog_armed", "host": "d6b2a058c4be", "pid": 185325, "rank": 0, "stage": "broadcast_preference_payload", "timeout_sec": 30.0, "ts": "2026-10-04 16:02:12"}
[DBG] {"category": "TRAIN", "component": "train", "elapsed_sec": 0.001531, "event": "END:broadcast_preference_payload", "host": "d6b2a058c4be", "pid": 185325, "rank": 0, "ts": "2026-10-04 16:02:12"}
[DBG] {"category": "RAY", "component": "train", "event": "BEGIN:control_should_stop", "host": "d6b2a058c4be", "pid": 185325, "rank": 0, "ts": "2026-10-04 16:02:12"}
[DBG] {"category": "RAY", "component": "train", "event": "watchdog_armed", "host": "d6b2a058c4be", "pid": 185325, "rank": 0, "stage": "control_should_stop", "timeout_sec": 30.0, "ts": "2026-10-04 16:02:12"}
[DBG] {"category": "RAY", "component": "train", "elapsed_sec": 0.001633, "event": "END:control_should_stop", "host": "d6b2a058c4be", "pid": 185325, "rank": 0, "ts": "2026-10-04 16:02:12"}
[DBG] {"category": "TRAIN", "component": "train", "event": "BEGIN:broadcast_stop_flag", "host": "d6b2a058c4be", "pid": 185325, "rank": 0, "transport": "gloo_cpu", "ts": "2026-10-04 16:02:12", "value": false}
[DBG] {"category": "TRAIN", "component": "train", "event": "watchdog_armed", "host": "d6b2a058c4be", "pid": 185325, "rank": 0, "stage": "broadcast_stop_flag", "timeout_sec": 30.0, "ts": "2026-10-04 16:02:12"}
[DBG] {"category": "TRAIN", "component": "train", "elapsed_sec": 0.001519, "event": "END:broadcast_stop_flag", "host": "d6b2a058c4be", "pid": 185325, "rank": 0, "ts": "2026-10-04 16:02:12"}
[DBG] {"category": "QUEUE", "component": "train", "event": "BEGIN:preference_size_before_pop", "host": "d6b2a058c4be", "pid": 185325, "rank": 0, "ts": "2026-10-04 16:02:12"}
[DBG] {"category": "QUEUE", "component": "train", "event": "watchdog_armed", "host": "d6b2a058c4be", "pid": 185325, "rank": 0, "stage": "preference_size_before_pop", "timeout_sec": 30.0, "ts": "2026-10-04 16:02:12"}
[DBG] {"category": "QUEUE", "component": "train", "elapsed_sec": 0.003786, "event": "END:preference_size_before_pop", "host": "d6b2a058c4be", "pid": 185325, "rank": 0, "ts": "2026-10-04 16:02:12"}
[DBG] {"category": "QUEUE", "component": "train", "event": "trainer_queue_state", "host": "d6b2a058c4be", "pending": 0, "pid": 185325, "policy_version": 0, "rank": 0, "required": 4, "ts": "2026-10-04 16:02:12"}
[DBG] {"category": "QUEUE", "component": "train", "current_version": 0, "event": "BEGIN:preference_pop", "host": "d6b2a058c4be", "pid": 185325, "rank": 0, "requested": 4, "ts": "2026-10-04 16:02:12"}
[DBG] {"category": "QUEUE", "component": "train", "event": "watchdog_armed", "host": "d6b2a058c4be", "pid": 185325, "rank": 0, "stage": "preference_pop", "timeout_sec": 30.0, "ts": "2026-10-04 16:02:12"}
[DBG] {"category": "QUEUE", "component": "train", "elapsed_sec": 0.005895, "event": "END:preference_pop", "host": "d6b2a058c4be", "pid": 185325, "rank": 0, "ts": "2026-10-04 16:02:12"}
[DBG] {"category": "TRAIN", "component": "train", "event": "BEGIN:broadcast_preference_payload", "has_payload": false, "host": "d6b2a058c4be", "pid": 185325, "rank": 0, "transport": "json_uint8_gloo", "ts": "2026-10-04 16:02:12"}
[DBG] {"category": "TRAIN", "component": "train", "event": "watchdog_armed", "host": "d6b2a058c4be", "pid": 185325, "rank": 0, "stage": "broadcast_preference_payload", "timeout_sec": 30.0, "ts": "2026-10-04 16:02:12"}
[DBG] {"bytes": 0, "category": "TRAIN", "component": "train", "event": "BEGIN:broadcast_preference_length", "host": "d6b2a058c4be", "pid": 185325, "rank": 0, "transport": "gloo_cpu", "ts": "2026-10-04 16:02:12"}
[DBG] {"category": "TRAIN", "component": "train", "event": "watchdog_armed", "host": "d6b2a058c4be", "pid": 185325, "rank": 0, "stage": "broadcast_preference_length", "timeout_sec": 30.0, "ts": "2026-10-04 16:02:12"}
[DBG] {"category": "TRAIN", "component": "train", "elapsed_sec": 0.001439, "event": "END:broadcast_preference_length", "host": "d6b2a058c4be", "pid": 185325, "rank": 0, "ts": "2026-10-04 16:02:12"}
[DBG] {"category": "TRAIN", "component": "train", "event": "watchdog_armed", "host": "d6b2a058c4be", "pid": 185325, "rank": 0, "stage": "broadcast_preference_payload", "timeout_sec": 30.0, "ts": "2026-10-04 16:02:12"}
[DBG] {"category": "TRAIN", "component": "train", "elapsed_sec": 0.001867, "event": "END:broadcast_preference_payload", "host": "d6b2a058c4be", "pid": 185325, "rank": 0, "ts": "2026-10-04 16:02:12"}
[DBG] {"category": "RAY", "component": "train", "event": "BEGIN:control_should_stop", "host": "d6b2a058c4be", "pid": 185325, "rank": 0, "ts": "2026-10-04 16:02:13"}
[DBG] {"category": "RAY", "component": "train", "event": "watchdog_armed", "host": "d6b2a058c4be", "pid": 185325, "rank": 0, "stage": "control_should_stop", "timeout_sec": 30.0, "ts": "2026-10-04 16:02:13"}
[DBG] {"category": "RAY", "component": "train", "elapsed_sec": 0.003545, "event": "END:control_should_stop", "host": "d6b2a058c4be", "pid": 185325, "rank": 0, "ts": "2026-10-04 16:02:13"}
[DBG] {"category": "TRAIN", "component": "train", "event": "BEGIN:broadcast_stop_flag", "host": "d6b2a058c4be", "pid": 185325, "rank": 0, "transport": "gloo_cpu", "ts": "2026-10-04 16:02:13", "value": false}
[DBG] {"category": "TRAIN", "component": "train", "event": "watchdog_armed", "host": "d6b2a058c4be", "pid": 185325, "rank": 0, "stage": "broadcast_stop_flag", "timeout_sec": 30.0, "ts": "2026-10-04 16:02:13"}
[DBG] {"category": "TRAIN", "component": "train", "elapsed_sec": 0.002206, "event": "END:broadcast_stop_flag", "host": "d6b2a058c4be", "pid": 185325, "rank": 0, "ts": "2026-10-04 16:02:13"}
[DBG] {"category": "QUEUE", "component": "train", "event": "BEGIN:preference_size_before_pop", "host": "d6b2a058c4be", "pid": 185325, "rank": 0, "ts": "2026-10-04 16:02:13"}
[DBG] {"category": "QUEUE", "component": "train", "event": "watchdog_armed", "host": "d6b2a058c4be", "pid": 185325, "rank": 0, "stage": "preference_size_before_pop", "timeout_sec": 30.0, "ts": "2026-10-04 16:02:13"}
[DBG] {"category": "QUEUE", "component": "train", "elapsed_sec": 0.004232, "event": "END:preference_size_before_pop", "host": "d6b2a058c4be", "pid": 185325, "rank": 0, "ts": "2026-10-04 16:02:13"}
[DBG] {"category": "QUEUE", "component": "train", "event": "trainer_queue_state", "host": "d6b2a058c4be", "pending": 0, "pid": 185325, "policy_version": 0, "rank": 0, "required": 4, "ts": "2026-10-04 16:02:13"}
[DBG] {"category": "QUEUE", "component": "train", "current_version": 0, "event": "BEGIN:preference_pop", "host": "d6b2a058c4be", "pid": 185325, "rank": 0, "requested": 4, "ts": "2026-10-04 16:02:13"}
[DBG] {"category": "QUEUE", "component": "train", "event": "watchdog_armed", "host": "d6b2a058c4be", "pid": 185325, "rank": 0, "stage": "preference_pop", "timeout_sec": 30.0, "ts": "2026-10-04 16:02:13"}
[DBG] {"category": "QUEUE", "component": "train", "elapsed_sec": 0.005284, "event": "END:preference_pop", "host": "d6b2a058c4be", "pid": 185325, "rank": 0, "ts": "2026-10-04 16:02:13"}
[DBG] {"category": "TRAIN", "component": "train", "event": "BEGIN:broadcast_preference_payload", "has_payload": false, "host": "d6b2a058c4be", "pid": 185325, "rank": 0, "transport": "json_uint8_gloo", "ts": "2026-10-04 16:02:13"}
[DBG] {"category": "TRAIN", "component": "train", "event": "watchdog_armed", "host": "d6b2a058c4be", "pid": 185325, "rank": 0, "stage": "broadcast_preference_payload", "timeout_sec": 30.0, "ts": "2026-10-04 16:02:13"}
[DBG] {"bytes": 0, "category": "TRAIN", "component": "train", "event": "BEGIN:broadcast_preference_length", "host": "d6b2a058c4be", "pid": 185325, "rank": 0, "transport": "gloo_cpu", "ts": "2026-10-04 16:02:13"}
[DBG] {"category": "TRAIN", "component": "train", "event": "watchdog_armed", "host": "d6b2a058c4be", "pid": 185325, "rank": 0, "stage": "broadcast_preference_length", "timeout_sec": 30.0, "ts": "2026-10-04 16:02:13"}
[DBG] {"category": "TRAIN", "component": "train", "elapsed_sec": 0.0022, "event": "END:broadcast_preference_length", "host": "d6b2a058c4be", "pid": 185325, "rank": 0, "ts": "2026-10-04 16:02:13"}
[DBG] {"category": "TRAIN", "component": "train", "event": "watchdog_armed", "host": "d6b2a058c4be", "pid": 185325, "rank": 0, "stage": "broadcast_preference_payload", "timeout_sec": 30.0, "ts": "2026-10-04 16:02:13"}
[DBG] {"category": "TRAIN", "component": "train", "elapsed_sec": 0.003043, "event": "END:broadcast_preference_payload", "host": "d6b2a058c4be", "pid": 185325, "rank": 0, "ts": "2026-10-04 16:02:13"}
[DBG] {"category": "RAY", "component": "train", "event": "BEGIN:control_should_stop", "host": "d6b2a058c4be", "pid": 185325, "rank": 0, "ts": "2026-10-04 16:02:13"}
[DBG] {"category": "RAY", "component": "train", "event": "watchdog_armed", "host": "d6b2a058c4be", "pid": 185325, "rank": 0, "stage": "control_should_stop", "timeout_sec": 30.0, "ts": "2026-10-04 16:02:13"}
[DBG] {"category": "RAY", "component": "train", "elapsed_sec": 0.003396, "event": "END:control_should_stop", "host": "d6b2a058c4be", "pid": 185325, "rank": 0, "ts": "2026-10-04 16:02:13"}
[DBG] {"category": "TRAIN", "component": "train", "event": "BEGIN:broadcast_stop_flag", "host": "d6b2a058c4be", "pid": 185325, "rank": 0, "transport": "gloo_cpu", "ts": "2026-10-04 16:02:13", "value": false}
[DBG] {"category": "TRAIN", "component": "train", "event": "watchdog_armed", "host": "d6b2a058c4be", "pid": 185325, "rank": 0, "stage": "broadcast_stop_flag", "timeout_sec": 30.0, "ts": "2026-10-04 16:02:13"}
[DBG] {"category": "TRAIN", "component": "train", "elapsed_sec": 0.002661, "event": "END:broadcast_stop_flag", "host": "d6b2a058c4be", "pid": 185325, "rank": 0, "ts": "2026-10-04 16:02:13"}
[DBG] {"category": "QUEUE", "component": "train", "event": "BEGIN:preference_size_before_pop", "host": "d6b2a058c4be", "pid": 185325, "rank": 0, "ts": "2026-10-04 16:02:13"}
[DBG] {"category": "QUEUE", "component": "train", "event": "watchdog_armed", "host": "d6b2a058c4be", "pid": 185325, "rank": 0, "stage": "preference_size_before_pop", "timeout_sec": 30.0, "ts": "2026-10-04 16:02:13"}
[DBG] {"category": "QUEUE", "component": "train", "elapsed_sec": 0.004418, "event": "END:preference_size_before_pop", "host": "d6b2a058c4be", "pid": 185325, "rank": 0, "ts": "2026-10-04 16:02:13"}
[DBG] {"category": "QUEUE", "component": "train", "event": "trainer_queue_state", "host": "d6b2a058c4be", "pending": 0, "pid": 185325, "policy_version": 0, "rank": 0, "required": 4, "ts": "2026-10-04 16:02:13"}
[DBG] {"category": "QUEUE", "component": "train", "current_version": 0, "event": "BEGIN:preference_pop", "host": "d6b2a058c4be", "pid": 185325, "rank": 0, "requested": 4, "ts": "2026-10-04 16:02:13"}
[DBG] {"category": "QUEUE", "component": "train", "event": "watchdog_armed", "host": "d6b2a058c4be", "pid": 185325, "rank": 0, "stage": "preference_pop", "timeout_sec": 30.0, "ts": "2026-10-04 16:02:13"}
[DBG] {"category": "QUEUE", "component": "train", "elapsed_sec": 0.005822, "event": "END:preference_pop", "host": "d6b2a058c4be", "pid": 185325, "rank": 0, "ts": "2026-10-04 16:02:13"}
[DBG] {"category": "TRAIN", "component": "train", "event": "BEGIN:broadcast_preference_payload", "has_payload": false, "host": "d6b2a058c4be", "pid": 185325, "rank": 0, "transport": "json_uint8_gloo", "ts": "2026-10-04 16:02:13"}
[DBG] {"category": "TRAIN", "component": "train", "event": "watchdog_armed", "host": "d6b2a058c4be", "pid": 185325, "rank": 0, "stage": "broadcast_preference_payload", "timeout_sec": 30.0, "ts": "2026-10-04 16:02:13"}
[DBG] {"bytes": 0, "category": "TRAIN", "component": "train", "event": "BEGIN:broadcast_preference_length", "host": "d6b2a058c4be", "pid": 185325, "rank": 0, "transport": "gloo_cpu", "ts": "2026-10-04 16:02:13"}
[DBG] {"category": "TRAIN", "component": "train", "event": "watchdog_armed", "host": "d6b2a058c4be", "pid": 185325, "rank": 0, "stage": "broadcast_preference_length", "timeout_sec": 30.0, "ts": "2026-10-04 16:02:13"}
[DBG] {"category": "TRAIN", "component": "train", "elapsed_sec": 0.002065, "event": "END:broadcast_preference_length", "host": "d6b2a058c4be", "pid": 185325, "rank": 0, "ts": "2026-10-04 16:02:13"}
[DBG] {"category": "TRAIN", "component": "train", "event": "watchdog_armed", "host": "d6b2a058c4be", "pid": 185325, "rank": 0, "stage": "broadcast_preference_payload", "timeout_sec": 30.0, "ts": "2026-10-04 16:02:13"}
[DBG] {"category": "TRAIN", "component": "train", "elapsed_sec": 0.003185, "event": "END:broadcast_preference_payload", "host": "d6b2a058c4be", "pid": 185325, "rank": 0, "ts": "2026-10-04 16:02:13"}
[DBG] {"category": "RAY", "component": "train", "event": "BEGIN:control_should_stop", "host": "d6b2a058c4be", "pid": 185325, "rank": 0, "ts": "2026-10-04 16:02:14"}
[DBG] {"category": "RAY", "component": "train", "event": "watchdog_armed", "host": "d6b2a058c4be", "pid": 185325, "rank": 0, "stage": "control_should_stop", "timeout_sec": 30.0, "ts": "2026-10-04 16:02:14"}
[DBG] {"category": "RAY", "component": "train", "elapsed_sec": 0.002476, "event": "END:control_should_stop", "host": "d6b2a058c4be", "pid": 185325, "rank": 0, "ts": "2026-10-04 16:02:14"}
[DBG] {"category": "TRAIN", "component": "train", "event": "BEGIN:broadcast_stop_flag", "host": "d6b2a058c4be", "pid": 185325, "rank": 0, "transport": "gloo_cpu", "ts": "2026-10-04 16:02:14", "value": false}
[DBG] {"category": "TRAIN", "component": "train", "event": "watchdog_armed", "host": "d6b2a058c4be", "pid": 185325, "rank": 0, "stage": "broadcast_stop_flag", "timeout_sec": 30.0, "ts": "2026-10-04 16:02:14"}
[DBG] {"category": "TRAIN", "component": "train", "elapsed_sec": 0.001979, "event": "END:broadcast_stop_flag", "host": "d6b2a058c4be", "pid": 185325, "rank": 0, "ts": "2026-10-04 16:02:14"}
[DBG] {"category": "QUEUE", "component": "train", "event": "BEGIN:preference_size_before_pop", "host": "d6b2a058c4be", "pid": 185325, "rank": 0, "ts": "2026-10-04 16:02:14"}
[DBG] {"category": "QUEUE", "component": "train", "event": "watchdog_armed", "host": "d6b2a058c4be", "pid": 185325, "rank": 0, "stage": "preference_size_before_pop", "timeout_sec": 30.0, "ts": "2026-10-04 16:02:14"}
[DBG] {"category": "QUEUE", "component": "train", "elapsed_sec": 0.004197, "event": "END:preference_size_before_pop", "host": "d6b2a058c4be", "pid": 185325, "rank": 0, "ts": "2026-10-04 16:02:14"}
[DBG] {"category": "QUEUE", "component": "train", "event": "trainer_queue_state", "host": "d6b2a058c4be", "pending": 0, "pid": 185325, "policy_version": 0, "rank": 0, "required": 4, "ts": "2026-10-04 16:02:14"}
[DBG] {"category": "QUEUE", "component": "train", "current_version": 0, "event": "BEGIN:preference_pop", "host": "d6b2a058c4be", "pid": 185325, "rank": 0, "requested": 4, "ts": "2026-10-04 16:02:14"}
[DBG] {"category": "QUEUE", "component": "train", "event": "watchdog_armed", "host": "d6b2a058c4be", "pid": 185325, "rank": 0, "stage": "preference_pop", "timeout_sec": 30.0, "ts": "2026-10-04 16:02:14"}
[DBG] {"category": "QUEUE", "component": "train", "elapsed_sec": 0.004811, "event": "END:preference_pop", "host": "d6b2a058c4be", "pid": 185325, "rank": 0, "ts": "2026-10-04 16:02:14"}
[DBG] {"category": "TRAIN", "component": "train", "event": "BEGIN:broadcast_preference_payload", "has_payload": false, "host": "d6b2a058c4be", "pid": 185325, "rank": 0, "transport": "json_uint8_gloo", "ts": "2026-10-04 16:02:14"}
[DBG] {"category": "TRAIN", "component": "train", "event": "watchdog_armed", "host": "d6b2a058c4be", "pid": 185325, "rank": 0, "stage": "broadcast_preference_payload", "timeout_sec": 30.0, "ts": "2026-10-04 16:02:14"}
[DBG] {"bytes": 0, "category": "TRAIN", "component": "train", "event": "BEGIN:broadcast_preference_length", "host": "d6b2a058c4be", "pid": 185325, "rank": 0, "transport": "gloo_cpu", "ts": "2026-10-04 16:02:14"}
[DBG] {"category": "TRAIN", "component": "train", "event": "watchdog_armed", "host": "d6b2a058c4be", "pid": 185325, "rank": 0, "stage": "broadcast_preference_length", "timeout_sec": 30.0, "ts": "2026-10-04 16:02:14"}
[DBG] {"category": "TRAIN", "component": "train", "elapsed_sec": 0.001707, "event": "END:broadcast_preference_length", "host": "d6b2a058c4be", "pid": 185325, "rank": 0, "ts": "2026-10-04 16:02:14"}
[DBG] {"category": "TRAIN", "component": "train", "event": "watchdog_armed", "host": "d6b2a058c4be", "pid": 185325, "rank": 0, "stage": "broadcast_preference_payload", "timeout_sec": 30.0, "ts": "2026-10-04 16:02:14"}
[DBG] {"category": "TRAIN", "component": "train", "elapsed_sec": 0.002386, "event": "END:broadcast_preference_payload", "host": "d6b2a058c4be", "pid": 185325, "rank": 0, "ts": "2026-10-04 16:02:14"}
[DBG] {"category": "RAY", "component": "train", "event": "BEGIN:control_should_stop", "host": "d6b2a058c4be", "pid": 185325, "rank": 0, "ts": "2026-10-04 16:02:14"}
[DBG] {"category": "RAY", "component": "train", "event": "watchdog_armed", "host": "d6b2a058c4be", "pid": 185325, "rank": 0, "stage": "control_should_stop", "timeout_sec": 30.0, "ts": "2026-10-04 16:02:14"}
[DBG] {"category": "RAY", "component": "train", "elapsed_sec": 0.002215, "event": "END:control_should_stop", "host": "d6b2a058c4be", "pid": 185325, "rank": 0, "ts": "2026-10-04 16:02:14"}
[DBG] {"category": "TRAIN", "component": "train", "event": "BEGIN:broadcast_stop_flag", "host": "d6b2a058c4be", "pid": 185325, "rank": 0, "transport": "gloo_cpu", "ts": "2026-10-04 16:02:14", "value": false}
[DBG] {"category": "TRAIN", "component": "train", "event": "watchdog_armed", "host": "d6b2a058c4be", "pid": 185325, "rank": 0, "stage": "broadcast_stop_flag", "timeout_sec": 30.0, "ts": "2026-10-04 16:02:14"}
[DBG] {"category": "TRAIN", "component": "train", "elapsed_sec": 0.001606, "event": "END:broadcast_stop_flag", "host": "d6b2a058c4be", "pid": 185325, "rank": 0, "ts": "2026-10-04 16:02:14"}
[DBG] {"category": "QUEUE", "component": "train", "event": "BEGIN:preference_size_before_pop", "host": "d6b2a058c4be", "pid": 185325, "rank": 0, "ts": "2026-10-04 16:02:14"}
[DBG] {"category": "QUEUE", "component": "train", "event": "watchdog_armed", "host": "d6b2a058c4be", "pid": 185325, "rank": 0, "stage": "preference_size_before_pop", "timeout_sec": 30.0, "ts": "2026-10-04 16:02:14"}
[DBG] {"category": "QUEUE", "component": "train", "elapsed_sec": 0.00372, "event": "END:preference_size_before_pop", "host": "d6b2a058c4be", "pid": 185325, "rank": 0, "ts": "2026-10-04 16:02:14"}
[DBG] {"category": "QUEUE", "component": "train", "event": "trainer_queue_state", "host": "d6b2a058c4be", "pending": 0, "pid": 185325, "policy_version": 0, "rank": 0, "required": 4, "ts": "2026-10-04 16:02:14"}
[DBG] {"category": "QUEUE", "component": "train", "current_version": 0, "event": "BEGIN:preference_pop", "host": "d6b2a058c4be", "pid": 185325, "rank": 0, "requested": 4, "ts": "2026-10-04 16:02:14"}
[DBG] {"category": "QUEUE", "component": "train", "event": "watchdog_armed", "host": "d6b2a058c4be", "pid": 185325, "rank": 0, "stage": "preference_pop", "timeout_sec": 30.0, "ts": "2026-10-04 16:02:14"}
[DBG] {"category": "QUEUE", "component": "train", "elapsed_sec": 0.004842, "event": "END:preference_pop", "host": "d6b2a058c4be", "pid": 185325, "rank": 0, "ts": "2026-10-04 16:02:14"}
[DBG] {"category": "TRAIN", "component": "train", "event": "BEGIN:broadcast_preference_payload", "has_payload": false, "host": "d6b2a058c4be", "pid": 185325, "rank": 0, "transport": "json_uint8_gloo", "ts": "2026-10-04 16:02:14"}
[DBG] {"category": "TRAIN", "component": "train", "event": "watchdog_armed", "host": "d6b2a058c4be", "pid": 185325, "rank": 0, "stage": "broadcast_preference_payload", "timeout_sec": 30.0, "ts": "2026-10-04 16:02:14"}
[DBG] {"bytes": 0, "category": "TRAIN", "component": "train", "event": "BEGIN:broadcast_preference_length", "host": "d6b2a058c4be", "pid": 185325, "rank": 0, "transport": "gloo_cpu", "ts": "2026-10-04 16:02:14"}
[DBG] {"category": "TRAIN", "component": "train", "event": "watchdog_armed", "host": "d6b2a058c4be", "pid": 185325, "rank": 0, "stage": "broadcast_preference_length", "timeout_sec": 30.0, "ts": "2026-10-04 16:02:14"}
[DBG] {"category": "TRAIN", "component": "train", "elapsed_sec": 0.000854, "event": "END:broadcast_preference_length", "host": "d6b2a058c4be", "pid": 185325, "rank": 0, "ts": "2026-10-04 16:02:14"}
[DBG] {"category": "TRAIN", "component": "train", "event": "watchdog_armed", "host": "d6b2a058c4be", "pid": 185325, "rank": 0, "stage": "broadcast_preference_payload", "timeout_sec": 30.0, "ts": "2026-10-04 16:02:14"}
[DBG] {"category": "TRAIN", "component": "train", "elapsed_sec": 0.001331, "event": "END:broadcast_preference_payload", "host": "d6b2a058c4be", "pid": 185325, "rank": 0, "ts": "2026-10-04 16:02:14"}
[DBG] {"category": "RAY", "component": "train", "event": "BEGIN:control_should_stop", "host": "d6b2a058c4be", "pid": 185325, "rank": 0, "ts": "2026-10-04 16:02:15"}
[DBG] {"category": "RAY", "component": "train", "event": "watchdog_armed", "host": "d6b2a058c4be", "pid": 185325, "rank": 0, "stage": "control_should_stop", "timeout_sec": 30.0, "ts": "2026-10-04 16:02:15"}
[DBG] {"category": "RAY", "component": "train", "elapsed_sec": 0.001569, "event": "END:control_should_stop", "host": "d6b2a058c4be", "pid": 185325, "rank": 0, "ts": "2026-10-04 16:02:15"}
[DBG] {"category": "TRAIN", "component": "train", "event": "BEGIN:broadcast_stop_flag", "host": "d6b2a058c4be", "pid": 185325, "rank": 0, "transport": "gloo_cpu", "ts": "2026-10-04 16:02:15", "value": false}
[DBG] {"category": "TRAIN", "component": "train", "event": "watchdog_armed", "host": "d6b2a058c4be", "pid": 185325, "rank": 0, "stage": "broadcast_stop_flag", "timeout_sec": 30.0, "ts": "2026-10-04 16:02:15"}
[DBG] {"category": "TRAIN", "component": "train", "elapsed_sec": 0.001095, "event": "END:broadcast_stop_flag", "host": "d6b2a058c4be", "pid": 185325, "rank": 0, "ts": "2026-10-04 16:02:15"}
[DBG] {"category": "QUEUE", "component": "train", "event": "BEGIN:preference_size_before_pop", "host": "d6b2a058c4be", "pid": 185325, "rank": 0, "ts": "2026-10-04 16:02:15"}
[DBG] {"category": "QUEUE", "component": "train", "event": "watchdog_armed", "host": "d6b2a058c4be", "pid": 185325, "rank": 0, "stage": "preference_size_before_pop", "timeout_sec": 30.0, "ts": "2026-10-04 16:02:15"}
[DBG] {"category": "QUEUE", "component": "train", "elapsed_sec": 0.0085, "event": "END:preference_size_before_pop", "host": "d6b2a058c4be", "pid": 185325, "rank": 0, "ts": "2026-10-04 16:02:15"}
[DBG] {"category": "QUEUE", "component": "train", "event": "trainer_queue_state", "host": "d6b2a058c4be", "pending": 0, "pid": 185325, "policy_version": 0, "rank": 0, "required": 4, "ts": "2026-10-04 16:02:15"}
[DBG] {"category": "QUEUE", "component": "train", "current_version": 0, "event": "BEGIN:preference_pop", "host": "d6b2a058c4be", "pid": 185325, "rank": 0, "requested": 4, "ts": "2026-10-04 16:02:15"}
[DBG] {"category": "QUEUE", "component": "train", "event": "watchdog_armed", "host": "d6b2a058c4be", "pid": 185325, "rank": 0, "stage": "preference_pop", "timeout_sec": 30.0, "ts": "2026-10-04 16:02:15"}
[DBG] {"category": "QUEUE", "component": "train", "elapsed_sec": 0.003493, "event": "END:preference_pop", "host": "d6b2a058c4be", "pid": 185325, "rank": 0, "ts": "2026-10-04 16:02:15"}
[DBG] {"category": "TRAIN", "component": "train", "event": "BEGIN:broadcast_preference_payload", "has_payload": false, "host": "d6b2a058c4be", "pid": 185325, "rank": 0, "transport": "json_uint8_gloo", "ts": "2026-10-04 16:02:15"}
[DBG] {"category": "TRAIN", "component": "train", "event": "watchdog_armed", "host": "d6b2a058c4be", "pid": 185325, "rank": 0, "stage": "broadcast_preference_payload", "timeout_sec": 30.0, "ts": "2026-10-04 16:02:15"}
[DBG] {"bytes": 0, "category": "TRAIN", "component": "train", "event": "BEGIN:broadcast_preference_length", "host": "d6b2a058c4be", "pid": 185325, "rank": 0, "transport": "gloo_cpu", "ts": "2026-10-04 16:02:15"}
[DBG] {"category": "TRAIN", "component": "train", "event": "watchdog_armed", "host": "d6b2a058c4be", "pid": 185325, "rank": 0, "stage": "broadcast_preference_length", "timeout_sec": 30.0, "ts": "2026-10-04 16:02:15"}
[DBG] {"category": "TRAIN", "component": "train", "elapsed_sec": 0.002531, "event": "END:broadcast_preference_length", "host": "d6b2a058c4be", "pid": 185325, "rank": 0, "ts": "2026-10-04 16:02:15"}
[DBG] {"category": "TRAIN", "component": "train", "event": "watchdog_armed", "host": "d6b2a058c4be", "pid": 185325, "rank": 0, "stage": "broadcast_preference_payload", "timeout_sec": 30.0, "ts": "2026-10-04 16:02:15"}
[DBG] {"category": "TRAIN", "component": "train", "elapsed_sec": 0.003394, "event": "END:broadcast_preference_payload", "host": "d6b2a058c4be", "pid": 185325, "rank": 0, "ts": "2026-10-04 16:02:15"}
[DBG] {"category": "RAY", "component": "train", "event": "BEGIN:control_should_stop", "host": "d6b2a058c4be", "pid": 185325, "rank": 0, "ts": "2026-10-04 16:02:15"}
[DBG] {"category": "RAY", "component": "train", "event": "watchdog_armed", "host": "d6b2a058c4be", "pid": 185325, "rank": 0, "stage": "control_should_stop", "timeout_sec": 30.0, "ts": "2026-10-04 16:02:15"}
[DBG] {"category": "RAY", "component": "train", "elapsed_sec": 0.003346, "event": "END:control_should_stop", "host": "d6b2a058c4be", "pid": 185325, "rank": 0, "ts": "2026-10-04 16:02:15"}
[DBG] {"category": "TRAIN", "component": "train", "event": "BEGIN:broadcast_stop_flag", "host": "d6b2a058c4be", "pid": 185325, "rank": 0, "transport": "gloo_cpu", "ts": "2026-10-04 16:02:15", "value": false}
[DBG] {"category": "TRAIN", "component": "train", "event": "watchdog_armed", "host": "d6b2a058c4be", "pid": 185325, "rank": 0, "stage": "broadcast_stop_flag", "timeout_sec": 30.0, "ts": "2026-10-04 16:02:15"}
[DBG] {"category": "TRAIN", "component": "train", "elapsed_sec": 0.002408, "event": "END:broadcast_stop_flag", "host": "d6b2a058c4be", "pid": 185325, "rank": 0, "ts": "2026-10-04 16:02:15"}
[DBG] {"category": "QUEUE", "component": "train", "event": "BEGIN:preference_size_before_pop", "host": "d6b2a058c4be", "pid": 185325, "rank": 0, "ts": "2026-10-04 16:02:15"}
[DBG] {"category": "QUEUE", "component": "train", "event": "watchdog_armed", "host": "d6b2a058c4be", "pid": 185325, "rank": 0, "stage": "preference_size_before_pop", "timeout_sec": 30.0, "ts": "2026-10-04 16:02:15"}
[DBG] {"category": "QUEUE", "component": "train", "elapsed_sec": 0.004958, "event": "END:preference_size_before_pop", "host": "d6b2a058c4be", "pid": 185325, "rank": 0, "ts": "2026-10-04 16:02:15"}
[DBG] {"category": "QUEUE", "component": "train", "event": "trainer_queue_state", "host": "d6b2a058c4be", "pending": 0, "pid": 185325, "policy_version": 0, "rank": 0, "required": 4, "ts": "2026-10-04 16:02:15"}
[DBG] {"category": "QUEUE", "component": "train", "current_version": 0, "event": "BEGIN:preference_pop", "host": "d6b2a058c4be", "pid": 185325, "rank": 0, "requested": 4, "ts": "2026-10-04 16:02:15"}
[DBG] {"category": "QUEUE", "component": "train", "event": "watchdog_armed", "host": "d6b2a058c4be", "pid": 185325, "rank": 0, "stage": "preference_pop", "timeout_sec": 30.0, "ts": "2026-10-04 16:02:15"}
[DBG] {"category": "QUEUE", "component": "train", "elapsed_sec": 0.005853, "event": "END:preference_pop", "host": "d6b2a058c4be", "pid": 185325, "rank": 0, "ts": "2026-10-04 16:02:15"}
[DBG] {"category": "TRAIN", "component": "train", "event": "BEGIN:broadcast_preference_payload", "has_payload": false, "host": "d6b2a058c4be", "pid": 185325, "rank": 0, "transport": "json_uint8_gloo", "ts": "2026-10-04 16:02:15"}
[DBG] {"category": "TRAIN", "component": "train", "event": "watchdog_armed", "host": "d6b2a058c4be", "pid": 185325, "rank": 0, "stage": "broadcast_preference_payload", "timeout_sec": 30.0, "ts": "2026-10-04 16:02:15"}
[DBG] {"bytes": 0, "category": "TRAIN", "component": "train", "event": "BEGIN:broadcast_preference_length", "host": "d6b2a058c4be", "pid": 185325, "rank": 0, "transport": "gloo_cpu", "ts": "2026-10-04 16:02:15"}
[DBG] {"category": "TRAIN", "component": "train", "event": "watchdog_armed", "host": "d6b2a058c4be", "pid": 185325, "rank": 0, "stage": "broadcast_preference_length", "timeout_sec": 30.0, "ts": "2026-10-04 16:02:15"}
[DBG] {"category": "TRAIN", "component": "train", "elapsed_sec": 0.001793, "event": "END:broadcast_preference_length", "host": "d6b2a058c4be", "pid": 185325, "rank": 0, "ts": "2026-10-04 16:02:15"}
[DBG] {"category": "TRAIN", "component": "train", "event": "watchdog_armed", "host": "d6b2a058c4be", "pid": 185325, "rank": 0, "stage": "broadcast_preference_payload", "timeout_sec": 30.0, "ts": "2026-10-04 16:02:15"}
[DBG] {"category": "TRAIN", "component": "train", "elapsed_sec": 0.002942, "event": "END:broadcast_preference_payload", "host": "d6b2a058c4be", "pid": 185325, "rank": 0, "ts": "2026-10-04 16:02:15"}
[DBG] {"category": "RAY", "component": "train", "event": "BEGIN:control_should_stop", "host": "d6b2a058c4be", "pid": 185325, "rank": 0, "ts": "2026-10-04 16:02:16"}
[DBG] {"category": "RAY", "component": "train", "event": "watchdog_armed", "host": "d6b2a058c4be", "pid": 185325, "rank": 0, "stage": "control_should_stop", "timeout_sec": 30.0, "ts": "2026-10-04 16:02:16"}
[DBG] {"category": "RAY", "component": "train", "elapsed_sec": 0.003282, "event": "END:control_should_stop", "host": "d6b2a058c4be", "pid": 185325, "rank": 0, "ts": "2026-10-04 16:02:16"}
[DBG] {"category": "TRAIN", "component": "train", "event": "BEGIN:broadcast_stop_flag", "host": "d6b2a058c4be", "pid": 185325, "rank": 0, "transport": "gloo_cpu", "ts": "2026-10-04 16:02:16", "value": false}
[DBG] {"category": "TRAIN", "component": "train", "event": "watchdog_armed", "host": "d6b2a058c4be", "pid": 185325, "rank": 0, "stage": "broadcast_stop_flag", "timeout_sec": 30.0, "ts": "2026-10-04 16:02:16"}
[DBG] {"category": "TRAIN", "component": "train", "elapsed_sec": 0.002557, "event": "END:broadcast_stop_flag", "host": "d6b2a058c4be", "pid": 185325, "rank": 0, "ts": "2026-10-04 16:02:16"}
[DBG] {"category": "QUEUE", "component": "train", "event": "BEGIN:preference_size_before_pop", "host": "d6b2a058c4be", "pid": 185325, "rank": 0, "ts": "2026-10-04 16:02:16"}
[DBG] {"category": "QUEUE", "component": "train", "event": "watchdog_armed", "host": "d6b2a058c4be", "pid": 185325, "rank": 0, "stage": "preference_size_before_pop", "timeout_sec": 30.0, "ts": "2026-10-04 16:02:16"}
[DBG] {"category": "QUEUE", "component": "train", "elapsed_sec": 0.0041, "event": "END:preference_size_before_pop", "host": "d6b2a058c4be", "pid": 185325, "rank": 0, "ts": "2026-10-04 16:02:16"}
[DBG] {"category": "QUEUE", "component": "train", "event": "trainer_queue_state", "host": "d6b2a058c4be", "pending": 0, "pid": 185325, "policy_version": 0, "rank": 0, "required": 4, "ts": "2026-10-04 16:02:16"}
[DBG] {"category": "QUEUE", "component": "train", "current_version": 0, "event": "BEGIN:preference_pop", "host": "d6b2a058c4be", "pid": 185325, "rank": 0, "requested": 4, "ts": "2026-10-04 16:02:16"}
[DBG] {"category": "QUEUE", "component": "train", "event": "watchdog_armed", "host": "d6b2a058c4be", "pid": 185325, "rank": 0, "stage": "preference_pop", "timeout_sec": 30.0, "ts": "2026-10-04 16:02:16"}
[DBG] {"category": "QUEUE", "component": "train", "elapsed_sec": 0.005223, "event": "END:preference_pop", "host": "d6b2a058c4be", "pid": 185325, "rank": 0, "ts": "2026-10-04 16:02:16"}
[DBG] {"category": "TRAIN", "component": "train", "event": "BEGIN:broadcast_preference_payload", "has_payload": false, "host": "d6b2a058c4be", "pid": 185325, "rank": 0, "transport": "json_uint8_gloo", "ts": "2026-10-04 16:02:16"}
[DBG] {"category": "TRAIN", "component": "train", "event": "watchdog_armed", "host": "d6b2a058c4be", "pid": 185325, "rank": 0, "stage": "broadcast_preference_payload", "timeout_sec": 30.0, "ts": "2026-10-04 16:02:16"}
[DBG] {"bytes": 0, "category": "TRAIN", "component": "train", "event": "BEGIN:broadcast_preference_length", "host": "d6b2a058c4be", "pid": 185325, "rank": 0, "transport": "gloo_cpu", "ts": "2026-10-04 16:02:16"}
[DBG] {"category": "TRAIN", "component": "train", "event": "watchdog_armed", "host": "d6b2a058c4be", "pid": 185325, "rank": 0, "stage": "broadcast_preference_length", "timeout_sec": 30.0, "ts": "2026-10-04 16:02:16"}
[DBG] {"category": "TRAIN", "component": "train", "elapsed_sec": 0.001567, "event": "END:broadcast_preference_length", "host": "d6b2a058c4be", "pid": 185325, "rank": 0, "ts": "2026-10-04 16:02:16"}
[DBG] {"category": "TRAIN", "component": "train", "event": "watchdog_armed", "host": "d6b2a058c4be", "pid": 185325, "rank": 0, "stage": "broadcast_preference_payload", "timeout_sec": 30.0, "ts": "2026-10-04 16:02:16"}
[DBG] {"category": "TRAIN", "component": "train", "elapsed_sec": 0.002517, "event": "END:broadcast_preference_payload", "host": "d6b2a058c4be", "pid": 185325, "rank": 0, "ts": "2026-10-04 16:02:16"}
[DBG] {"category": "RAY", "component": "train", "event": "BEGIN:control_should_stop", "host": "d6b2a058c4be", "pid": 185325, "rank": 0, "ts": "2026-10-04 16:02:16"}
[DBG] {"category": "RAY", "component": "train", "event": "watchdog_armed", "host": "d6b2a058c4be", "pid": 185325, "rank": 0, "stage": "control_should_stop", "timeout_sec": 30.0, "ts": "2026-10-04 16:02:16"}
[DBG] {"category": "RAY", "component": "train", "elapsed_sec": 0.003024, "event": "END:control_should_stop", "host": "d6b2a058c4be", "pid": 185325, "rank": 0, "ts": "2026-10-04 16:02:16"}
[DBG] {"category": "TRAIN", "component": "train", "event": "BEGIN:broadcast_stop_flag", "host": "d6b2a058c4be", "pid": 185325, "rank": 0, "transport": "gloo_cpu", "ts": "2026-10-04 16:02:16", "value": false}
[DBG] {"category": "TRAIN", "component": "train", "event": "watchdog_armed", "host": "d6b2a058c4be", "pid": 185325, "rank": 0, "stage": "broadcast_stop_flag", "timeout_sec": 30.0, "ts": "2026-10-04 16:02:16"}
[DBG] {"category": "TRAIN", "component": "train", "elapsed_sec": 0.002539, "event": "END:broadcast_stop_flag", "host": "d6b2a058c4be", "pid": 185325, "rank": 0, "ts": "2026-10-04 16:02:16"}
[DBG] {"category": "QUEUE", "component": "train", "event": "BEGIN:preference_size_before_pop", "host": "d6b2a058c4be", "pid": 185325, "rank": 0, "ts": "2026-10-04 16:02:16"}
[DBG] {"category": "QUEUE", "component": "train", "event": "watchdog_armed", "host": "d6b2a058c4be", "pid": 185325, "rank": 0, "stage": "preference_size_before_pop", "timeout_sec": 30.0, "ts": "2026-10-04 16:02:16"}
[DBG] {"category": "QUEUE", "component": "train", "elapsed_sec": 0.003969, "event": "END:preference_size_before_pop", "host": "d6b2a058c4be", "pid": 185325, "rank": 0, "ts": "2026-10-04 16:02:16"}
[DBG] {"category": "QUEUE", "component": "train", "event": "trainer_queue_state", "host": "d6b2a058c4be", "pending": 0, "pid": 185325, "policy_version": 0, "rank": 0, "required": 4, "ts": "2026-10-04 16:02:16"}
[DBG] {"category": "QUEUE", "component": "train", "current_version": 0, "event": "BEGIN:preference_pop", "host": "d6b2a058c4be", "pid": 185325, "rank": 0, "requested": 4, "ts": "2026-10-04 16:02:16"}
[DBG] {"category": "QUEUE", "component": "train", "event": "watchdog_armed", "host": "d6b2a058c4be", "pid": 185325, "rank": 0, "stage": "preference_pop", "timeout_sec": 30.0, "ts": "2026-10-04 16:02:16"}
[DBG] {"category": "QUEUE", "component": "train", "elapsed_sec": 0.00519, "event": "END:preference_pop", "host": "d6b2a058c4be", "pid": 185325, "rank": 0, "ts": "2026-10-04 16:02:16"}
[DBG] {"category": "TRAIN", "component": "train", "event": "BEGIN:broadcast_preference_payload", "has_payload": false, "host": "d6b2a058c4be", "pid": 185325, "rank": 0, "transport": "json_uint8_gloo", "ts": "2026-10-04 16:02:16"}
[DBG] {"category": "TRAIN", "component": "train", "event": "watchdog_armed", "host": "d6b2a058c4be", "pid": 185325, "rank": 0, "stage": "broadcast_preference_payload", "timeout_sec": 30.0, "ts": "2026-10-04 16:02:16"}
[DBG] {"bytes": 0, "category": "TRAIN", "component": "train", "event": "BEGIN:broadcast_preference_length", "host": "d6b2a058c4be", "pid": 185325, "rank": 0, "transport": "gloo_cpu", "ts": "2026-10-04 16:02:16"}
[DBG] {"category": "TRAIN", "component": "train", "event": "watchdog_armed", "host": "d6b2a058c4be", "pid": 185325, "rank": 0, "stage": "broadcast_preference_length", "timeout_sec": 30.0, "ts": "2026-10-04 16:02:16"}
[DBG] {"category": "TRAIN", "component": "train", "elapsed_sec": 0.001596, "event": "END:broadcast_preference_length", "host": "d6b2a058c4be", "pid": 185325, "rank": 0, "ts": "2026-10-04 16:02:17"}
[DBG] {"category": "TRAIN", "component": "train", "event": "watchdog_armed", "host": "d6b2a058c4be", "pid": 185325, "rank": 0, "stage": "broadcast_preference_payload", "timeout_sec": 30.0, "ts": "2026-10-04 16:02:17"}
[DBG] {"category": "TRAIN", "component": "train", "elapsed_sec": 0.002695, "event": "END:broadcast_preference_payload", "host": "d6b2a058c4be", "pid": 185325, "rank": 0, "ts": "2026-10-04 16:02:17"}
[DBG] {"category": "RAY", "component": "train", "event": "BEGIN:control_should_stop", "host": "d6b2a058c4be", "pid": 185325, "rank": 0, "ts": "2026-10-04 16:02:17"}
[DBG] {"category": "RAY", "component": "train", "event": "watchdog_armed", "host": "d6b2a058c4be", "pid": 185325, "rank": 0, "stage": "control_should_stop", "timeout_sec": 30.0, "ts": "2026-10-04 16:02:17"}
[DBG] {"category": "RAY", "component": "train", "elapsed_sec": 0.003069, "event": "END:control_should_stop", "host": "d6b2a058c4be", "pid": 185325, "rank": 0, "ts": "2026-10-04 16:02:17"}
[DBG] {"category": "TRAIN", "component": "train", "event": "BEGIN:broadcast_stop_flag", "host": "d6b2a058c4be", "pid": 185325, "rank": 0, "transport": "gloo_cpu", "ts": "2026-10-04 16:02:17", "value": false}
[DBG] {"category": "TRAIN", "component": "train", "event": "watchdog_armed", "host": "d6b2a058c4be", "pid": 185325, "rank": 0, "stage": "broadcast_stop_flag", "timeout_sec": 30.0, "ts": "2026-10-04 16:02:17"}
[DBG] {"category": "TRAIN", "component": "train", "elapsed_sec": 0.002361, "event": "END:broadcast_stop_flag", "host": "d6b2a058c4be", "pid": 185325, "rank": 0, "ts": "2026-10-04 16:02:17"}
[DBG] {"category": "QUEUE", "component": "train", "event": "BEGIN:preference_size_before_pop", "host": "d6b2a058c4be", "pid": 185325, "rank": 0, "ts": "2026-10-04 16:02:17"}
[DBG] {"category": "QUEUE", "component": "train", "event": "watchdog_armed", "host": "d6b2a058c4be", "pid": 185325, "rank": 0, "stage": "preference_size_before_pop", "timeout_sec": 30.0, "ts": "2026-10-04 16:02:17"}
[DBG] {"category": "QUEUE", "component": "train", "elapsed_sec": 0.00356, "event": "END:preference_size_before_pop", "host": "d6b2a058c4be", "pid": 185325, "rank": 0, "ts": "2026-10-04 16:02:17"}
[DBG] {"category": "QUEUE", "component": "train", "event": "trainer_queue_state", "host": "d6b2a058c4be", "pending": 0, "pid": 185325, "policy_version": 0, "rank": 0, "required": 4, "ts": "2026-10-04 16:02:17"}
[DBG] {"category": "QUEUE", "component": "train", "current_version": 0, "event": "BEGIN:preference_pop", "host": "d6b2a058c4be", "pid": 185325, "rank": 0, "requested": 4, "ts": "2026-10-04 16:02:17"}
[DBG] {"category": "QUEUE", "component": "train", "event": "watchdog_armed", "host": "d6b2a058c4be", "pid": 185325, "rank": 0, "stage": "preference_pop", "timeout_sec": 30.0, "ts": "2026-10-04 16:02:17"}
[DBG] {"category": "QUEUE", "component": "train", "elapsed_sec": 0.004138, "event": "END:preference_pop", "host": "d6b2a058c4be", "pid": 185325, "rank": 0, "ts": "2026-10-04 16:02:17"}
[DBG] {"category": "TRAIN", "component": "train", "event": "BEGIN:broadcast_preference_payload", "has_payload": false, "host": "d6b2a058c4be", "pid": 185325, "rank": 0, "transport": "json_uint8_gloo", "ts": "2026-10-04 16:02:17"}
[DBG] {"category": "TRAIN", "component": "train", "event": "watchdog_armed", "host": "d6b2a058c4be", "pid": 185325, "rank": 0, "stage": "broadcast_preference_payload", "timeout_sec": 30.0, "ts": "2026-10-04 16:02:17"}
[DBG] {"bytes": 0, "category": "TRAIN", "component": "train", "event": "BEGIN:broadcast_preference_length", "host": "d6b2a058c4be", "pid": 185325, "rank": 0, "transport": "gloo_cpu", "ts": "2026-10-04 16:02:17"}
[DBG] {"category": "TRAIN", "component": "train", "event": "watchdog_armed", "host": "d6b2a058c4be", "pid": 185325, "rank": 0, "stage": "broadcast_preference_length", "timeout_sec": 30.0, "ts": "2026-10-04 16:02:17"}
[DBG] {"category": "TRAIN", "component": "train", "elapsed_sec": 0.001165, "event": "END:broadcast_preference_length", "host": "d6b2a058c4be", "pid": 185325, "rank": 0, "ts": "2026-10-04 16:02:17"}
[DBG] {"category": "TRAIN", "component": "train", "event": "watchdog_armed", "host": "d6b2a058c4be", "pid": 185325, "rank": 0, "stage": "broadcast_preference_payload", "timeout_sec": 30.0, "ts": "2026-10-04 16:02:17"}
[DBG] {"category": "TRAIN", "component": "train", "elapsed_sec": 0.001602, "event": "END:broadcast_preference_payload", "host": "d6b2a058c4be", "pid": 185325, "rank": 0, "ts": "2026-10-04 16:02:17"}
[DBG] {"category": "RAY", "component": "train", "event": "BEGIN:control_should_stop", "host": "d6b2a058c4be", "pid": 185325, "rank": 0, "ts": "2026-10-04 16:02:18"}
[DBG] {"category": "RAY", "component": "train", "event": "watchdog_armed", "host": "d6b2a058c4be", "pid": 185325, "rank": 0, "stage": "control_should_stop", "timeout_sec": 30.0, "ts": "2026-10-04 16:02:18"}
[DBG] {"category": "RAY", "component": "train", "elapsed_sec": 0.002624, "event": "END:control_should_stop", "host": "d6b2a058c4be", "pid": 185325, "rank": 0, "ts": "2026-10-04 16:02:18"}
[DBG] {"category": "TRAIN", "component": "train", "event": "BEGIN:broadcast_stop_flag", "host": "d6b2a058c4be", "pid": 185325, "rank": 0, "transport": "gloo_cpu", "ts": "2026-10-04 16:02:18", "value": false}
[DBG] {"category": "TRAIN", "component": "train", "event": "watchdog_armed", "host": "d6b2a058c4be", "pid": 185325, "rank": 0, "stage": "broadcast_stop_flag", "timeout_sec": 30.0, "ts": "2026-10-04 16:02:18"}
[DBG] {"category": "TRAIN", "component": "train", "elapsed_sec": 0.002081, "event": "END:broadcast_stop_flag", "host": "d6b2a058c4be", "pid": 185325, "rank": 0, "ts": "2026-10-04 16:02:18"}
[DBG] {"category": "QUEUE", "component": "train", "event": "BEGIN:preference_size_before_pop", "host": "d6b2a058c4be", "pid": 185325, "rank": 0, "ts": "2026-10-04 16:02:18"}
[DBG] {"category": "QUEUE", "component": "train", "event": "watchdog_armed", "host": "d6b2a058c4be", "pid": 185325, "rank": 0, "stage": "preference_size_before_pop", "timeout_sec": 30.0, "ts": "2026-10-04 16:02:18"}
[DBG] {"category": "QUEUE", "component": "train", "elapsed_sec": 0.002512, "event": "END:preference_size_before_pop", "host": "d6b2a058c4be", "pid": 185325, "rank": 0, "ts": "2026-10-04 16:02:18"}
[DBG] {"category": "QUEUE", "component": "train", "event": "trainer_queue_state", "host": "d6b2a058c4be", "pending": 0, "pid": 185325, "policy_version": 0, "rank": 0, "required": 4, "ts": "2026-10-04 16:02:18"}
[DBG] {"category": "QUEUE", "component": "train", "current_version": 0, "event": "BEGIN:preference_pop", "host": "d6b2a058c4be", "pid": 185325, "rank": 0, "requested": 4, "ts": "2026-10-04 16:02:18"}
[DBG] {"category": "QUEUE", "component": "train", "event": "watchdog_armed", "host": "d6b2a058c4be", "pid": 185325, "rank": 0, "stage": "preference_pop", "timeout_sec": 30.0, "ts": "2026-10-04 16:02:18"}
[DBG] {"category": "QUEUE", "component": "train", "elapsed_sec": 0.002758, "event": "END:preference_pop", "host": "d6b2a058c4be", "pid": 185325, "rank": 0, "ts": "2026-10-04 16:02:18"}
[DBG] {"category": "TRAIN", "component": "train", "event": "BEGIN:broadcast_preference_payload", "has_payload": false, "host": "d6b2a058c4be", "pid": 185325, "rank": 0, "transport": "json_uint8_gloo", "ts": "2026-10-04 16:02:18"}
[DBG] {"category": "TRAIN", "component": "train", "event": "watchdog_armed", "host": "d6b2a058c4be", "pid": 185325, "rank": 0, "stage": "broadcast_preference_payload", "timeout_sec": 30.0, "ts": "2026-10-04 16:02:18"}
[DBG] {"bytes": 0, "category": "TRAIN", "component": "train", "event": "BEGIN:broadcast_preference_length", "host": "d6b2a058c4be", "pid": 185325, "rank": 0, "transport": "gloo_cpu", "ts": "2026-10-04 16:02:18"}
[DBG] {"category": "TRAIN", "component": "train", "event": "watchdog_armed", "host": "d6b2a058c4be", "pid": 185325, "rank": 0, "stage": "broadcast_preference_length", "timeout_sec": 30.0, "ts": "2026-10-04 16:02:18"}
[DBG] {"category": "TRAIN", "component": "train", "elapsed_sec": 0.00097, "event": "END:broadcast_preference_length", "host": "d6b2a058c4be", "pid": 185325, "rank": 0, "ts": "2026-10-04 16:02:18"}
[DBG] {"category": "TRAIN", "component": "train", "event": "watchdog_armed", "host": "d6b2a058c4be", "pid": 185325, "rank": 0, "stage": "broadcast_preference_payload", "timeout_sec": 30.0, "ts": "2026-10-04 16:02:18"}
[DBG] {"category": "TRAIN", "component": "train", "elapsed_sec": 0.001415, "event": "END:broadcast_preference_payload", "host": "d6b2a058c4be", "pid": 185325, "rank": 0, "ts": "2026-10-04 16:02:18"}
[DBG] {"category": "RAY", "component": "train", "event": "BEGIN:control_should_stop", "host": "d6b2a058c4be", "pid": 185325, "rank": 0, "ts": "2026-10-04 16:02:18"}
[DBG] {"category": "RAY", "component": "train", "event": "watchdog_armed", "host": "d6b2a058c4be", "pid": 185325, "rank": 0, "stage": "control_should_stop", "timeout_sec": 30.0, "ts": "2026-10-04 16:02:18"}
[DBG] {"category": "RAY", "component": "train", "elapsed_sec": 0.002987, "event": "END:control_should_stop", "host": "d6b2a058c4be", "pid": 185325, "rank": 0, "ts": "2026-10-04 16:02:18"}
[DBG] {"category": "TRAIN", "component": "train", "event": "BEGIN:broadcast_stop_flag", "host": "d6b2a058c4be", "pid": 185325, "rank": 0, "transport": "gloo_cpu", "ts": "2026-10-04 16:02:18", "value": false}
[DBG] {"category": "TRAIN", "component": "train", "event": "watchdog_armed", "host": "d6b2a058c4be", "pid": 185325, "rank": 0, "stage": "broadcast_stop_flag", "timeout_sec": 30.0, "ts": "2026-10-04 16:02:18"}
[DBG] {"category": "TRAIN", "component": "train", "elapsed_sec": 0.002411, "event": "END:broadcast_stop_flag", "host": "d6b2a058c4be", "pid": 185325, "rank": 0, "ts": "2026-10-04 16:02:18"}
[DBG] {"category": "QUEUE", "component": "train", "event": "BEGIN:preference_size_before_pop", "host": "d6b2a058c4be", "pid": 185325, "rank": 0, "ts": "2026-10-04 16:02:18"}
[DBG] {"category": "QUEUE", "component": "train", "event": "watchdog_armed", "host": "d6b2a058c4be", "pid": 185325, "rank": 0, "stage": "preference_size_before_pop", "timeout_sec": 30.0, "ts": "2026-10-04 16:02:18"}
[DBG] {"category": "QUEUE", "component": "train", "elapsed_sec": 0.004662, "event": "END:preference_size_before_pop", "host": "d6b2a058c4be", "pid": 185325, "rank": 0, "ts": "2026-10-04 16:02:18"}
[DBG] {"category": "QUEUE", "component": "train", "event": "trainer_queue_state", "host": "d6b2a058c4be", "pending": 0, "pid": 185325, "policy_version": 0, "rank": 0, "required": 4, "ts": "2026-10-04 16:02:18"}
[DBG] {"category": "QUEUE", "component": "train", "current_version": 0, "event": "BEGIN:preference_pop", "host": "d6b2a058c4be", "pid": 185325, "rank": 0, "requested": 4, "ts": "2026-10-04 16:02:18"}
[DBG] {"category": "QUEUE", "component": "train", "event": "watchdog_armed", "host": "d6b2a058c4be", "pid": 185325, "rank": 0, "stage": "preference_pop", "timeout_sec": 30.0, "ts": "2026-10-04 16:02:18"}
[DBG] {"category": "QUEUE", "component": "train", "elapsed_sec": 0.005309, "event": "END:preference_pop", "host": "d6b2a058c4be", "pid": 185325, "rank": 0, "ts": "2026-10-04 16:02:18"}
[DBG] {"category": "TRAIN", "component": "train", "event": "BEGIN:broadcast_preference_payload", "has_payload": false, "host": "d6b2a058c4be", "pid": 185325, "rank": 0, "transport": "json_uint8_gloo", "ts": "2026-10-04 16:02:18"}
[DBG] {"category": "TRAIN", "component": "train", "event": "watchdog_armed", "host": "d6b2a058c4be", "pid": 185325, "rank": 0, "stage": "broadcast_preference_payload", "timeout_sec": 30.0, "ts": "2026-10-04 16:02:18"}
[DBG] {"bytes": 0, "category": "TRAIN", "component": "train", "event": "BEGIN:broadcast_preference_length", "host": "d6b2a058c4be", "pid": 185325, "rank": 0, "transport": "gloo_cpu", "ts": "2026-10-04 16:02:18"}
[DBG] {"category": "TRAIN", "component": "train", "event": "watchdog_armed", "host": "d6b2a058c4be", "pid": 185325, "rank": 0, "stage": "broadcast_preference_length", "timeout_sec": 30.0, "ts": "2026-10-04 16:02:18"}
[DBG] {"category": "TRAIN", "component": "train", "elapsed_sec": 0.002268, "event": "END:broadcast_preference_length", "host": "d6b2a058c4be", "pid": 185325, "rank": 0, "ts": "2026-10-04 16:02:18"}
[DBG] {"category": "TRAIN", "component": "train", "event": "watchdog_armed", "host": "d6b2a058c4be", "pid": 185325, "rank": 0, "stage": "broadcast_preference_payload", "timeout_sec": 30.0, "ts": "2026-10-04 16:02:18"}
[DBG] {"category": "TRAIN", "component": "train", "elapsed_sec": 0.003642, "event": "END:broadcast_preference_payload", "host": "d6b2a058c4be", "pid": 185325, "rank": 0, "ts": "2026-10-04 16:02:18"}
[DBG] {"category": "RAY", "component": "train", "event": "BEGIN:control_should_stop", "host": "d6b2a058c4be", "pid": 185325, "rank": 0, "ts": "2026-10-04 16:02:19"}
[DBG] {"category": "RAY", "component": "train", "event": "watchdog_armed", "host": "d6b2a058c4be", "pid": 185325, "rank": 0, "stage": "control_should_stop", "timeout_sec": 30.0, "ts": "2026-10-04 16:02:19"}
[DBG] {"category": "RAY", "component": "train", "elapsed_sec": 0.003272, "event": "END:control_should_stop", "host": "d6b2a058c4be", "pid": 185325, "rank": 0, "ts": "2026-10-04 16:02:19"}
[DBG] {"category": "TRAIN", "component": "train", "event": "BEGIN:broadcast_stop_flag", "host": "d6b2a058c4be", "pid": 185325, "rank": 0, "transport": "gloo_cpu", "ts": "2026-10-04 16:02:19", "value": false}
[DBG] {"category": "TRAIN", "component": "train", "event": "watchdog_armed", "host": "d6b2a058c4be", "pid": 185325, "rank": 0, "stage": "broadcast_stop_flag", "timeout_sec": 30.0, "ts": "2026-10-04 16:02:19"}
[DBG] {"category": "TRAIN", "component": "train", "elapsed_sec": 0.002241, "event": "END:broadcast_stop_flag", "host": "d6b2a058c4be", "pid": 185325, "rank": 0, "ts": "2026-10-04 16:02:19"}
[DBG] {"category": "QUEUE", "component": "train", "event": "BEGIN:preference_size_before_pop", "host": "d6b2a058c4be", "pid": 185325, "rank": 0, "ts": "2026-10-04 16:02:19"}
[DBG] {"category": "QUEUE", "component": "train", "event": "watchdog_armed", "host": "d6b2a058c4be", "pid": 185325, "rank": 0, "stage": "preference_size_before_pop", "timeout_sec": 30.0, "ts": "2026-10-04 16:02:19"}
[DBG] {"category": "QUEUE", "component": "train", "elapsed_sec": 0.003369, "event": "END:preference_size_before_pop", "host": "d6b2a058c4be", "pid": 185325, "rank": 0, "ts": "2026-10-04 16:02:19"}
[DBG] {"category": "QUEUE", "component": "train", "event": "trainer_queue_state", "host": "d6b2a058c4be", "pending": 0, "pid": 185325, "policy_version": 0, "rank": 0, "required": 4, "ts": "2026-10-04 16:02:19"}
[DBG] {"category": "QUEUE", "component": "train", "current_version": 0, "event": "BEGIN:preference_pop", "host": "d6b2a058c4be", "pid": 185325, "rank": 0, "requested": 4, "ts": "2026-10-04 16:02:19"}
[DBG] {"category": "QUEUE", "component": "train", "event": "watchdog_armed", "host": "d6b2a058c4be", "pid": 185325, "rank": 0, "stage": "preference_pop", "timeout_sec": 30.0, "ts": "2026-10-04 16:02:19"}
[DBG] {"category": "QUEUE", "component": "train", "elapsed_sec": 0.003754, "event": "END:preference_pop", "host": "d6b2a058c4be", "pid": 185325, "rank": 0, "ts": "2026-10-04 16:02:19"}
[DBG] {"category": "TRAIN", "component": "train", "event": "BEGIN:broadcast_preference_payload", "has_payload": false, "host": "d6b2a058c4be", "pid": 185325, "rank": 0, "transport": "json_uint8_gloo", "ts": "2026-10-04 16:02:19"}
[DBG] {"category": "TRAIN", "component": "train", "event": "watchdog_armed", "host": "d6b2a058c4be", "pid": 185325, "rank": 0, "stage": "broadcast_preference_payload", "timeout_sec": 30.0, "ts": "2026-10-04 16:02:19"}
[DBG] {"bytes": 0, "category": "TRAIN", "component": "train", "event": "BEGIN:broadcast_preference_length", "host": "d6b2a058c4be", "pid": 185325, "rank": 0, "transport": "gloo_cpu", "ts": "2026-10-04 16:02:19"}
[DBG] {"category": "TRAIN", "component": "train", "event": "watchdog_armed", "host": "d6b2a058c4be", "pid": 185325, "rank": 0, "stage": "broadcast_preference_length", "timeout_sec": 30.0, "ts": "2026-10-04 16:02:19"}
[DBG] {"category": "TRAIN", "component": "train", "elapsed_sec": 0.002086, "event": "END:broadcast_preference_length", "host": "d6b2a058c4be", "pid": 185325, "rank": 0, "ts": "2026-10-04 16:02:19"}
[DBG] {"category": "TRAIN", "component": "train", "event": "watchdog_armed", "host": "d6b2a058c4be", "pid": 185325, "rank": 0, "stage": "broadcast_preference_payload", "timeout_sec": 30.0, "ts": "2026-10-04 16:02:19"}
[DBG] {"category": "TRAIN", "component": "train", "elapsed_sec": 0.00341, "event": "END:broadcast_preference_payload", "host": "d6b2a058c4be", "pid": 185325, "rank": 0, "ts": "2026-10-04 16:02:19"}
[DBG] {"category": "RAY", "component": "train", "event": "BEGIN:control_should_stop", "host": "d6b2a058c4be", "pid": 185325, "rank": 0, "ts": "2026-10-04 16:02:19"}
[DBG] {"category": "RAY", "component": "train", "event": "watchdog_armed", "host": "d6b2a058c4be", "pid": 185325, "rank": 0, "stage": "control_should_stop", "timeout_sec": 30.0, "ts": "2026-10-04 16:02:19"}
[DBG] {"category": "RAY", "component": "train", "elapsed_sec": 0.0033, "event": "END:control_should_stop", "host": "d6b2a058c4be", "pid": 185325, "rank": 0, "ts": "2026-10-04 16:02:19"}
[DBG] {"category": "TRAIN", "component": "train", "event": "BEGIN:broadcast_stop_flag", "host": "d6b2a058c4be", "pid": 185325, "rank": 0, "transport": "gloo_cpu", "ts": "2026-10-04 16:02:19", "value": false}
[DBG] {"category": "TRAIN", "component": "train", "event": "watchdog_armed", "host": "d6b2a058c4be", "pid": 185325, "rank": 0, "stage": "broadcast_stop_flag", "timeout_sec": 30.0, "ts": "2026-10-04 16:02:19"}
[DBG] {"category": "TRAIN", "component": "train", "elapsed_sec": 0.002233, "event": "END:broadcast_stop_flag", "host": "d6b2a058c4be", "pid": 185325, "rank": 0, "ts": "2026-10-04 16:02:19"}
[DBG] {"category": "QUEUE", "component": "train", "event": "BEGIN:preference_size_before_pop", "host": "d6b2a058c4be", "pid": 185325, "rank": 0, "ts": "2026-10-04 16:02:19"}
[DBG] {"category": "QUEUE", "component": "train", "event": "watchdog_armed", "host": "d6b2a058c4be", "pid": 185325, "rank": 0, "stage": "preference_size_before_pop", "timeout_sec": 30.0, "ts": "2026-10-04 16:02:19"}
[DBG] {"category": "QUEUE", "component": "train", "elapsed_sec": 0.004276, "event": "END:preference_size_before_pop", "host": "d6b2a058c4be", "pid": 185325, "rank": 0, "ts": "2026-10-04 16:02:19"}
[DBG] {"category": "QUEUE", "component": "train", "event": "trainer_queue_state", "host": "d6b2a058c4be", "pending": 0, "pid": 185325, "policy_version": 0, "rank": 0, "required": 4, "ts": "2026-10-04 16:02:19"}
[DBG] {"category": "QUEUE", "component": "train", "current_version": 0, "event": "BEGIN:preference_pop", "host": "d6b2a058c4be", "pid": 185325, "rank": 0, "requested": 4, "ts": "2026-10-04 16:02:19"}
[DBG] {"category": "QUEUE", "component": "train", "event": "watchdog_armed", "host": "d6b2a058c4be", "pid": 185325, "rank": 0, "stage": "preference_pop", "timeout_sec": 30.0, "ts": "2026-10-04 16:02:19"}
[DBG] {"category": "QUEUE", "component": "train", "elapsed_sec": 0.005552, "event": "END:preference_pop", "host": "d6b2a058c4be", "pid": 185325, "rank": 0, "ts": "2026-10-04 16:02:19"}
[DBG] {"category": "TRAIN", "component": "train", "event": "BEGIN:broadcast_preference_payload", "has_payload": false, "host": "d6b2a058c4be", "pid": 185325, "rank": 0, "transport": "json_uint8_gloo", "ts": "2026-10-04 16:02:19"}
[DBG] {"category": "TRAIN", "component": "train", "event": "watchdog_armed", "host": "d6b2a058c4be", "pid": 185325, "rank": 0, "stage": "broadcast_preference_payload", "timeout_sec": 30.0, "ts": "2026-10-04 16:02:19"}
[DBG] {"bytes": 0, "category": "TRAIN", "component": "train", "event": "BEGIN:broadcast_preference_length", "host": "d6b2a058c4be", "pid": 185325, "rank": 0, "transport": "gloo_cpu", "ts": "2026-10-04 16:02:19"}
[DBG] {"category": "TRAIN", "component": "train", "event": "watchdog_armed", "host": "d6b2a058c4be", "pid": 185325, "rank": 0, "stage": "broadcast_preference_length", "timeout_sec": 30.0, "ts": "2026-10-04 16:02:19"}
[DBG] {"category": "TRAIN", "component": "train", "elapsed_sec": 0.00179, "event": "END:broadcast_preference_length", "host": "d6b2a058c4be", "pid": 185325, "rank": 0, "ts": "2026-10-04 16:02:19"}
[DBG] {"category": "TRAIN", "component": "train", "event": "watchdog_armed", "host": "d6b2a058c4be", "pid": 185325, "rank": 0, "stage": "broadcast_preference_payload", "timeout_sec": 30.0, "ts": "2026-10-04 16:02:19"}
[DBG] {"category": "TRAIN", "component": "train", "elapsed_sec": 0.002998, "event": "END:broadcast_preference_payload", "host": "d6b2a058c4be", "pid": 185325, "rank": 0, "ts": "2026-10-04 16:02:19"}
[DBG] {"category": "RAY", "component": "train", "event": "BEGIN:control_should_stop", "host": "d6b2a058c4be", "pid": 185325, "rank": 0, "ts": "2026-10-04 16:02:20"}
[DBG] {"category": "RAY", "component": "train", "event": "watchdog_armed", "host": "d6b2a058c4be", "pid": 185325, "rank": 0, "stage": "control_should_stop", "timeout_sec": 30.0, "ts": "2026-10-04 16:02:20"}
[DBG] {"category": "RAY", "component": "train", "elapsed_sec": 0.003683, "event": "END:control_should_stop", "host": "d6b2a058c4be", "pid": 185325, "rank": 0, "ts": "2026-10-04 16:02:20"}
[DBG] {"category": "TRAIN", "component": "train", "event": "BEGIN:broadcast_stop_flag", "host": "d6b2a058c4be", "pid": 185325, "rank": 0, "transport": "gloo_cpu", "ts": "2026-10-04 16:02:20", "value": false}
[DBG] {"category": "TRAIN", "component": "train", "event": "watchdog_armed", "host": "d6b2a058c4be", "pid": 185325, "rank": 0, "stage": "broadcast_stop_flag", "timeout_sec": 30.0, "ts": "2026-10-04 16:02:20"}
[DBG] {"category": "TRAIN", "component": "train", "elapsed_sec": 0.002372, "event": "END:broadcast_stop_flag", "host": "d6b2a058c4be", "pid": 185325, "rank": 0, "ts": "2026-10-04 16:02:20"}
[DBG] {"category": "QUEUE", "component": "train", "event": "BEGIN:preference_size_before_pop", "host": "d6b2a058c4be", "pid": 185325, "rank": 0, "ts": "2026-10-04 16:02:20"}
[DBG] {"category": "QUEUE", "component": "train", "event": "watchdog_armed", "host": "d6b2a058c4be", "pid": 185325, "rank": 0, "stage": "preference_size_before_pop", "timeout_sec": 30.0, "ts": "2026-10-04 16:02:20"}
[DBG] {"category": "QUEUE", "component": "train", "elapsed_sec": 0.004945, "event": "END:preference_size_before_pop", "host": "d6b2a058c4be", "pid": 185325, "rank": 0, "ts": "2026-10-04 16:02:20"}
[DBG] {"category": "QUEUE", "component": "train", "event": "trainer_queue_state", "host": "d6b2a058c4be", "pending": 0, "pid": 185325, "policy_version": 0, "rank": 0, "required": 4, "ts": "2026-10-04 16:02:20"}
[DBG] {"category": "QUEUE", "component": "train", "current_version": 0, "event": "BEGIN:preference_pop", "host": "d6b2a058c4be", "pid": 185325, "rank": 0, "requested": 4, "ts": "2026-10-04 16:02:20"}
[DBG] {"category": "QUEUE", "component": "train", "event": "watchdog_armed", "host": "d6b2a058c4be", "pid": 185325, "rank": 0, "stage": "preference_pop", "timeout_sec": 30.0, "ts": "2026-10-04 16:02:20"}
[DBG] {"category": "QUEUE", "component": "train", "elapsed_sec": 0.004703, "event": "END:preference_pop", "host": "d6b2a058c4be", "pid": 185325, "rank": 0, "ts": "2026-10-04 16:02:20"}
[DBG] {"category": "TRAIN", "component": "train", "event": "BEGIN:broadcast_preference_payload", "has_payload": false, "host": "d6b2a058c4be", "pid": 185325, "rank": 0, "transport": "json_uint8_gloo", "ts": "2026-10-04 16:02:20"}
[DBG] {"category": "TRAIN", "component": "train", "event": "watchdog_armed", "host": "d6b2a058c4be", "pid": 185325, "rank": 0, "stage": "broadcast_preference_payload", "timeout_sec": 30.0, "ts": "2026-10-04 16:02:20"}
[DBG] {"bytes": 0, "category": "TRAIN", "component": "train", "event": "BEGIN:broadcast_preference_length", "host": "d6b2a058c4be", "pid": 185325, "rank": 0, "transport": "gloo_cpu", "ts": "2026-10-04 16:02:20"}
[DBG] {"category": "TRAIN", "component": "train", "event": "watchdog_armed", "host": "d6b2a058c4be", "pid": 185325, "rank": 0, "stage": "broadcast_preference_length", "timeout_sec": 30.0, "ts": "2026-10-04 16:02:20"}
[DBG] {"category": "TRAIN", "component": "train", "elapsed_sec": 0.002615, "event": "END:broadcast_preference_length", "host": "d6b2a058c4be", "pid": 185325, "rank": 0, "ts": "2026-10-04 16:02:20"}
[DBG] {"category": "TRAIN", "component": "train", "event": "watchdog_armed", "host": "d6b2a058c4be", "pid": 185325, "rank": 0, "stage": "broadcast_preference_payload", "timeout_sec": 30.0, "ts": "2026-10-04 16:02:20"}
[DBG] {"category": "TRAIN", "component": "train", "elapsed_sec": 0.003921, "event": "END:broadcast_preference_payload", "host": "d6b2a058c4be", "pid": 185325, "rank": 0, "ts": "2026-10-04 16:02:20"}
[DBG] {"category": "RAY", "component": "train", "event": "BEGIN:control_should_stop", "host": "d6b2a058c4be", "pid": 185325, "rank": 0, "ts": "2026-10-04 16:02:20"}
[DBG] {"category": "RAY", "component": "train", "event": "watchdog_armed", "host": "d6b2a058c4be", "pid": 185325, "rank": 0, "stage": "control_should_stop", "timeout_sec": 30.0, "ts": "2026-10-04 16:02:20"}
[DBG] {"category": "RAY", "component": "train", "elapsed_sec": 0.004187, "event": "END:control_should_stop", "host": "d6b2a058c4be", "pid": 185325, "rank": 0, "ts": "2026-10-04 16:02:20"}
[DBG] {"category": "TRAIN", "component": "train", "event": "BEGIN:broadcast_stop_flag", "host": "d6b2a058c4be", "pid": 185325, "rank": 0, "transport": "gloo_cpu", "ts": "2026-10-04 16:02:20", "value": false}
[DBG] {"category": "TRAIN", "component": "train", "event": "watchdog_armed", "host": "d6b2a058c4be", "pid": 185325, "rank": 0, "stage": "broadcast_stop_flag", "timeout_sec": 30.0, "ts": "2026-10-04 16:02:20"}
[DBG] {"category": "TRAIN", "component": "train", "elapsed_sec": 0.002948, "event": "END:broadcast_stop_flag", "host": "d6b2a058c4be", "pid": 185325, "rank": 0, "ts": "2026-10-04 16:02:20"}
[DBG] {"category": "QUEUE", "component": "train", "event": "BEGIN:preference_size_before_pop", "host": "d6b2a058c4be", "pid": 185325, "rank": 0, "ts": "2026-10-04 16:02:20"}
[DBG] {"category": "QUEUE", "component": "train", "event": "watchdog_armed", "host": "d6b2a058c4be", "pid": 185325, "rank": 0, "stage": "preference_size_before_pop", "timeout_sec": 30.0, "ts": "2026-10-04 16:02:20"}
[DBG] {"category": "QUEUE", "component": "train", "elapsed_sec": 0.006219, "event": "END:preference_size_before_pop", "host": "d6b2a058c4be", "pid": 185325, "rank": 0, "ts": "2026-10-04 16:02:20"}
[DBG] {"category": "QUEUE", "component": "train", "event": "trainer_queue_state", "host": "d6b2a058c4be", "pending": 0, "pid": 185325, "policy_version": 0, "rank": 0, "required": 4, "ts": "2026-10-04 16:02:20"}
[DBG] {"category": "QUEUE", "component": "train", "current_version": 0, "event": "BEGIN:preference_pop", "host": "d6b2a058c4be", "pid": 185325, "rank": 0, "requested": 4, "ts": "2026-10-04 16:02:20"}
[DBG] {"category": "QUEUE", "component": "train", "event": "watchdog_armed", "host": "d6b2a058c4be", "pid": 185325, "rank": 0, "stage": "preference_pop", "timeout_sec": 30.0, "ts": "2026-10-04 16:02:20"}
[DBG] {"category": "QUEUE", "component": "train", "elapsed_sec": 0.008145, "event": "END:preference_pop", "host": "d6b2a058c4be", "pid": 185325, "rank": 0, "ts": "2026-10-04 16:02:20"}
[DBG] {"category": "TRAIN", "component": "train", "event": "BEGIN:broadcast_preference_payload", "has_payload": false, "host": "d6b2a058c4be", "pid": 185325, "rank": 0, "transport": "json_uint8_gloo", "ts": "2026-10-04 16:02:20"}
[DBG] {"category": "TRAIN", "component": "train", "event": "watchdog_armed", "host": "d6b2a058c4be", "pid": 185325, "rank": 0, "stage": "broadcast_preference_payload", "timeout_sec": 30.0, "ts": "2026-10-04 16:02:20"}
[DBG] {"bytes": 0, "category": "TRAIN", "component": "train", "event": "BEGIN:broadcast_preference_length", "host": "d6b2a058c4be", "pid": 185325, "rank": 0, "transport": "gloo_cpu", "ts": "2026-10-04 16:02:20"}
[DBG] {"category": "TRAIN", "component": "train", "event": "watchdog_armed", "host": "d6b2a058c4be", "pid": 185325, "rank": 0, "stage": "broadcast_preference_length", "timeout_sec": 30.0, "ts": "2026-10-04 16:02:20"}
[DBG] {"category": "TRAIN", "component": "train", "elapsed_sec": 0.00389, "event": "END:broadcast_preference_length", "host": "d6b2a058c4be", "pid": 185325, "rank": 0, "ts": "2026-10-04 16:02:20"}
[DBG] {"category": "TRAIN", "component": "train", "event": "watchdog_armed", "host": "d6b2a058c4be", "pid": 185325, "rank": 0, "stage": "broadcast_preference_payload", "timeout_sec": 30.0, "ts": "2026-10-04 16:02:20"}
[DBG] {"category": "TRAIN", "component": "train", "elapsed_sec": 0.005243, "event": "END:broadcast_preference_payload", "host": "d6b2a058c4be", "pid": 185325, "rank": 0, "ts": "2026-10-04 16:02:20"}
[DBG] {"category": "RAY", "component": "train", "event": "BEGIN:control_should_stop", "host": "d6b2a058c4be", "pid": 185325, "rank": 0, "ts": "2026-10-04 16:02:21"}
[DBG] {"category": "RAY", "component": "train", "event": "watchdog_armed", "host": "d6b2a058c4be", "pid": 185325, "rank": 0, "stage": "control_should_stop", "timeout_sec": 30.0, "ts": "2026-10-04 16:02:21"}
[DBG] {"category": "RAY", "component": "train", "elapsed_sec": 0.003419, "event": "END:control_should_stop", "host": "d6b2a058c4be", "pid": 185325, "rank": 0, "ts": "2026-10-04 16:02:21"}
[DBG] {"category": "TRAIN", "component": "train", "event": "BEGIN:broadcast_stop_flag", "host": "d6b2a058c4be", "pid": 185325, "rank": 0, "transport": "gloo_cpu", "ts": "2026-10-04 16:02:21", "value": false}
[DBG] {"category": "TRAIN", "component": "train", "event": "watchdog_armed", "host": "d6b2a058c4be", "pid": 185325, "rank": 0, "stage": "broadcast_stop_flag", "timeout_sec": 30.0, "ts": "2026-10-04 16:02:21"}
[DBG] {"category": "TRAIN", "component": "train", "elapsed_sec": 0.002473, "event": "END:broadcast_stop_flag", "host": "d6b2a058c4be", "pid": 185325, "rank": 0, "ts": "2026-10-04 16:02:21"}
[DBG] {"category": "QUEUE", "component": "train", "event": "BEGIN:preference_size_before_pop", "host": "d6b2a058c4be", "pid": 185325, "rank": 0, "ts": "2026-10-04 16:02:21"}
[DBG] {"category": "QUEUE", "component": "train", "event": "watchdog_armed", "host": "d6b2a058c4be", "pid": 185325, "rank": 0, "stage": "preference_size_before_pop", "timeout_sec": 30.0, "ts": "2026-10-04 16:02:21"}
[DBG] {"category": "QUEUE", "component": "train", "elapsed_sec": 0.005703, "event": "END:preference_size_before_pop", "host": "d6b2a058c4be", "pid": 185325, "rank": 0, "ts": "2026-10-04 16:02:21"}
[DBG] {"category": "QUEUE", "component": "train", "event": "trainer_queue_state", "host": "d6b2a058c4be", "pending": 0, "pid": 185325, "policy_version": 0, "rank": 0, "required": 4, "ts": "2026-10-04 16:02:21"}
[DBG] {"category": "QUEUE", "component": "train", "current_version": 0, "event": "BEGIN:preference_pop", "host": "d6b2a058c4be", "pid": 185325, "rank": 0, "requested": 4, "ts": "2026-10-04 16:02:21"}
[DBG] {"category": "QUEUE", "component": "train", "event": "watchdog_armed", "host": "d6b2a058c4be", "pid": 185325, "rank": 0, "stage": "preference_pop", "timeout_sec": 30.0, "ts": "2026-10-04 16:02:21"}
[DBG] {"category": "QUEUE", "component": "train", "elapsed_sec": 0.008291, "event": "END:preference_pop", "host": "d6b2a058c4be", "pid": 185325, "rank": 0, "ts": "2026-10-04 16:02:21"}
[DBG] {"category": "TRAIN", "component": "train", "empty_polls": 60, "event": "waiting_for_preference_batch", "host": "d6b2a058c4be", "pending": 0, "pid": 185325, "rank": 0, "required": 4, "ts": "2026-10-04 16:02:21"}
[DBG] {"category": "TRAIN", "component": "train", "event": "BEGIN:broadcast_preference_payload", "has_payload": false, "host": "d6b2a058c4be", "pid": 185325, "rank": 0, "transport": "json_uint8_gloo", "ts": "2026-10-04 16:02:21"}
[DBG] {"category": "TRAIN", "component": "train", "event": "watchdog_armed", "host": "d6b2a058c4be", "pid": 185325, "rank": 0, "stage": "broadcast_preference_payload", "timeout_sec": 30.0, "ts": "2026-10-04 16:02:21"}
[DBG] {"bytes": 0, "category": "TRAIN", "component": "train", "event": "BEGIN:broadcast_preference_length", "host": "d6b2a058c4be", "pid": 185325, "rank": 0, "transport": "gloo_cpu", "ts": "2026-10-04 16:02:21"}
[DBG] {"category": "TRAIN", "component": "train", "event": "watchdog_armed", "host": "d6b2a058c4be", "pid": 185325, "rank": 0, "stage": "broadcast_preference_length", "timeout_sec": 30.0, "ts": "2026-10-04 16:02:21"}
[DBG] {"category": "TRAIN", "component": "train", "elapsed_sec": 0.004414, "event": "END:broadcast_preference_length", "host": "d6b2a058c4be", "pid": 185325, "rank": 0, "ts": "2026-10-04 16:02:21"}
[DBG] {"category": "TRAIN", "component": "train", "event": "watchdog_armed", "host": "d6b2a058c4be", "pid": 185325, "rank": 0, "stage": "broadcast_preference_payload", "timeout_sec": 30.0, "ts": "2026-10-04 16:02:21"}
[DBG] {"category": "TRAIN", "component": "train", "elapsed_sec": 0.005938, "event": "END:broadcast_preference_payload", "host": "d6b2a058c4be", "pid": 185325, "rank": 0, "ts": "2026-10-04 16:02:21"}
[DBG] {"category": "RAY", "component": "train", "event": "BEGIN:control_should_stop", "host": "d6b2a058c4be", "pid": 185325, "rank": 0, "ts": "2026-10-04 16:02:21"}
[DBG] {"category": "RAY", "component": "train", "event": "watchdog_armed", "host": "d6b2a058c4be", "pid": 185325, "rank": 0, "stage": "control_should_stop", "timeout_sec": 30.0, "ts": "2026-10-04 16:02:21"}
[DBG] {"category": "RAY", "component": "train", "elapsed_sec": 0.004235, "event": "END:control_should_stop", "host": "d6b2a058c4be", "pid": 185325, "rank": 0, "ts": "2026-10-04 16:02:21"}
[DBG] {"category": "TRAIN", "component": "train", "event": "BEGIN:broadcast_stop_flag", "host": "d6b2a058c4be", "pid": 185325, "rank": 0, "transport": "gloo_cpu", "ts": "2026-10-04 16:02:21", "value": false}
[DBG] {"category": "TRAIN", "component": "train", "event": "watchdog_armed", "host": "d6b2a058c4be", "pid": 185325, "rank": 0, "stage": "broadcast_stop_flag", "timeout_sec": 30.0, "ts": "2026-10-04 16:02:21"}
[DBG] {"category": "TRAIN", "component": "train", "elapsed_sec": 0.002949, "event": "END:broadcast_stop_flag", "host": "d6b2a058c4be", "pid": 185325, "rank": 0, "ts": "2026-10-04 16:02:21"}
[DBG] {"category": "QUEUE", "component": "train", "event": "BEGIN:preference_size_before_pop", "host": "d6b2a058c4be", "pid": 185325, "rank": 0, "ts": "2026-10-04 16:02:21"}
[DBG] {"category": "QUEUE", "component": "train", "event": "watchdog_armed", "host": "d6b2a058c4be", "pid": 185325, "rank": 0, "stage": "preference_size_before_pop", "timeout_sec": 30.0, "ts": "2026-10-04 16:02:21"}
[DBG] {"category": "QUEUE", "component": "train", "elapsed_sec": 0.00725, "event": "END:preference_size_before_pop", "host": "d6b2a058c4be", "pid": 185325, "rank": 0, "ts": "2026-10-04 16:02:21"}
[DBG] {"category": "QUEUE", "component": "train", "event": "trainer_queue_state", "host": "d6b2a058c4be", "pending": 0, "pid": 185325, "policy_version": 0, "rank": 0, "required": 4, "ts": "2026-10-04 16:02:21"}
[DBG] {"category": "QUEUE", "component": "train", "current_version": 0, "event": "BEGIN:preference_pop", "host": "d6b2a058c4be", "pid": 185325, "rank": 0, "requested": 4, "ts": "2026-10-04 16:02:21"}
[DBG] {"category": "QUEUE", "component": "train", "event": "watchdog_armed", "host": "d6b2a058c4be", "pid": 185325, "rank": 0, "stage": "preference_pop", "timeout_sec": 30.0, "ts": "2026-10-04 16:02:21"}
[DBG] {"category": "QUEUE", "component": "train", "elapsed_sec": 0.008013, "event": "END:preference_pop", "host": "d6b2a058c4be", "pid": 185325, "rank": 0, "ts": "2026-10-04 16:02:21"}
[DBG] {"category": "TRAIN", "component": "train", "event": "BEGIN:broadcast_preference_payload", "has_payload": false, "host": "d6b2a058c4be", "pid": 185325, "rank": 0, "transport": "json_uint8_gloo", "ts": "2026-10-04 16:02:21"}
[DBG] {"category": "TRAIN", "component": "train", "event": "watchdog_armed", "host": "d6b2a058c4be", "pid": 185325, "rank": 0, "stage": "broadcast_preference_payload", "timeout_sec": 30.0, "ts": "2026-10-04 16:02:21"}
[DBG] {"bytes": 0, "category": "TRAIN", "component": "train", "event": "BEGIN:broadcast_preference_length", "host": "d6b2a058c4be", "pid": 185325, "rank": 0, "transport": "gloo_cpu", "ts": "2026-10-04 16:02:21"}
[DBG] {"category": "TRAIN", "component": "train", "event": "watchdog_armed", "host": "d6b2a058c4be", "pid": 185325, "rank": 0, "stage": "broadcast_preference_length", "timeout_sec": 30.0, "ts": "2026-10-04 16:02:21"}
[DBG] {"category": "TRAIN", "component": "train", "elapsed_sec": 0.003257, "event": "END:broadcast_preference_length", "host": "d6b2a058c4be", "pid": 185325, "rank": 0, "ts": "2026-10-04 16:02:21"}
[DBG] {"category": "TRAIN", "component": "train", "event": "watchdog_armed", "host": "d6b2a058c4be", "pid": 185325, "rank": 0, "stage": "broadcast_preference_payload", "timeout_sec": 30.0, "ts": "2026-10-04 16:02:21"}
[DBG] {"category": "TRAIN", "component": "train", "elapsed_sec": 0.004806, "event": "END:broadcast_preference_payload", "host": "d6b2a058c4be", "pid": 185325, "rank": 0, "ts": "2026-10-04 16:02:21"}
[DBG] {"category": "RAY", "component": "train", "event": "BEGIN:control_should_stop", "host": "d6b2a058c4be", "pid": 185325, "rank": 0, "ts": "2026-10-04 16:02:22"}
[DBG] {"category": "RAY", "component": "train", "event": "watchdog_armed", "host": "d6b2a058c4be", "pid": 185325, "rank": 0, "stage": "control_should_stop", "timeout_sec": 30.0, "ts": "2026-10-04 16:02:22"}
[DBG] {"category": "RAY", "component": "train", "elapsed_sec": 0.004702, "event": "END:control_should_stop", "host": "d6b2a058c4be", "pid": 185325, "rank": 0, "ts": "2026-10-04 16:02:22"}
[DBG] {"category": "TRAIN", "component": "train", "event": "BEGIN:broadcast_stop_flag", "host": "d6b2a058c4be", "pid": 185325, "rank": 0, "transport": "gloo_cpu", "ts": "2026-10-04 16:02:22", "value": false}
[DBG] {"category": "TRAIN", "component": "train", "event": "watchdog_armed", "host": "d6b2a058c4be", "pid": 185325, "rank": 0, "stage": "broadcast_stop_flag", "timeout_sec": 30.0, "ts": "2026-10-04 16:02:22"}
[DBG] {"category": "TRAIN", "component": "train", "elapsed_sec": 0.003773, "event": "END:broadcast_stop_flag", "host": "d6b2a058c4be", "pid": 185325, "rank": 0, "ts": "2026-10-04 16:02:22"}
[DBG] {"category": "QUEUE", "component": "train", "event": "BEGIN:preference_size_before_pop", "host": "d6b2a058c4be", "pid": 185325, "rank": 0, "ts": "2026-10-04 16:02:22"}
[DBG] {"category": "QUEUE", "component": "train", "event": "watchdog_armed", "host": "d6b2a058c4be", "pid": 185325, "rank": 0, "stage": "preference_size_before_pop", "timeout_sec": 30.0, "ts": "2026-10-04 16:02:22"}
[DBG] {"category": "QUEUE", "component": "train", "elapsed_sec": 0.005535, "event": "END:preference_size_before_pop", "host": "d6b2a058c4be", "pid": 185325, "rank": 0, "ts": "2026-10-04 16:02:22"}
[DBG] {"category": "QUEUE", "component": "train", "event": "trainer_queue_state", "host": "d6b2a058c4be", "pending": 0, "pid": 185325, "policy_version": 0, "rank": 0, "required": 4, "ts": "2026-10-04 16:02:22"}
[DBG] {"category": "QUEUE", "component": "train", "current_version": 0, "event": "BEGIN:preference_pop", "host": "d6b2a058c4be", "pid": 185325, "rank": 0, "requested": 4, "ts": "2026-10-04 16:02:22"}
[DBG] {"category": "QUEUE", "component": "train", "event": "watchdog_armed", "host": "d6b2a058c4be", "pid": 185325, "rank": 0, "stage": "preference_pop", "timeout_sec": 30.0, "ts": "2026-10-04 16:02:22"}
[DBG] {"category": "QUEUE", "component": "train", "elapsed_sec": 0.008486, "event": "END:preference_pop", "host": "d6b2a058c4be", "pid": 185325, "rank": 0, "ts": "2026-10-04 16:02:22"}
[DBG] {"category": "TRAIN", "component": "train", "event": "BEGIN:broadcast_preference_payload", "has_payload": false, "host": "d6b2a058c4be", "pid": 185325, "rank": 0, "transport": "json_uint8_gloo", "ts": "2026-10-04 16:02:22"}
[DBG] {"category": "TRAIN", "component": "train", "event": "watchdog_armed", "host": "d6b2a058c4be", "pid": 185325, "rank": 0, "stage": "broadcast_preference_payload", "timeout_sec": 30.0, "ts": "2026-10-04 16:02:22"}
[DBG] {"bytes": 0, "category": "TRAIN", "component": "train", "event": "BEGIN:broadcast_preference_length", "host": "d6b2a058c4be", "pid": 185325, "rank": 0, "transport": "gloo_cpu", "ts": "2026-10-04 16:02:22"}
[DBG] {"category": "TRAIN", "component": "train", "event": "watchdog_armed", "host": "d6b2a058c4be", "pid": 185325, "rank": 0, "stage": "broadcast_preference_length", "timeout_sec": 30.0, "ts": "2026-10-04 16:02:22"}
[DBG] {"category": "TRAIN", "component": "train", "elapsed_sec": 0.003133, "event": "END:broadcast_preference_length", "host": "d6b2a058c4be", "pid": 185325, "rank": 0, "ts": "2026-10-04 16:02:22"}
[DBG] {"category": "TRAIN", "component": "train", "event": "watchdog_armed", "host": "d6b2a058c4be", "pid": 185325, "rank": 0, "stage": "broadcast_preference_payload", "timeout_sec": 30.0, "ts": "2026-10-04 16:02:22"}
[DBG] {"category": "TRAIN", "component": "train", "elapsed_sec": 0.004392, "event": "END:broadcast_preference_payload", "host": "d6b2a058c4be", "pid": 185325, "rank": 0, "ts": "2026-10-04 16:02:22"}
[DBG] {"category": "RAY", "component": "train", "event": "BEGIN:control_should_stop", "host": "d6b2a058c4be", "pid": 185325, "rank": 0, "ts": "2026-10-04 16:02:22"}
[DBG] {"category": "RAY", "component": "train", "event": "watchdog_armed", "host": "d6b2a058c4be", "pid": 185325, "rank": 0, "stage": "control_should_stop", "timeout_sec": 30.0, "ts": "2026-10-04 16:02:22"}
[DBG] {"category": "RAY", "component": "train", "elapsed_sec": 0.004677, "event": "END:control_should_stop", "host": "d6b2a058c4be", "pid": 185325, "rank": 0, "ts": "2026-10-04 16:02:22"}
[DBG] {"category": "TRAIN", "component": "train", "event": "BEGIN:broadcast_stop_flag", "host": "d6b2a058c4be", "pid": 185325, "rank": 0, "transport": "gloo_cpu", "ts": "2026-10-04 16:02:22", "value": false}
[DBG] {"category": "TRAIN", "component": "train", "event": "watchdog_armed", "host": "d6b2a058c4be", "pid": 185325, "rank": 0, "stage": "broadcast_stop_flag", "timeout_sec": 30.0, "ts": "2026-10-04 16:02:22"}
[DBG] {"category": "TRAIN", "component": "train", "elapsed_sec": 0.005041, "event": "END:broadcast_stop_flag", "host": "d6b2a058c4be", "pid": 185325, "rank": 0, "ts": "2026-10-04 16:02:22"}
[DBG] {"category": "QUEUE", "component": "train", "event": "BEGIN:preference_size_before_pop", "host": "d6b2a058c4be", "pid": 185325, "rank": 0, "ts": "2026-10-04 16:02:22"}
[DBG] {"category": "QUEUE", "component": "train", "event": "watchdog_armed", "host": "d6b2a058c4be", "pid": 185325, "rank": 0, "stage": "preference_size_before_pop", "timeout_sec": 30.0, "ts": "2026-10-04 16:02:22"}
[DBG] {"category": "QUEUE", "component": "train", "elapsed_sec": 0.007089, "event": "END:preference_size_before_pop", "host": "d6b2a058c4be", "pid": 185325, "rank": 0, "ts": "2026-10-04 16:02:22"}
[DBG] {"category": "QUEUE", "component": "train", "event": "trainer_queue_state", "host": "d6b2a058c4be", "pending": 0, "pid": 185325, "policy_version": 0, "rank": 0, "required": 4, "ts": "2026-10-04 16:02:22"}
[DBG] {"category": "QUEUE", "component": "train", "current_version": 0, "event": "BEGIN:preference_pop", "host": "d6b2a058c4be", "pid": 185325, "rank": 0, "requested": 4, "ts": "2026-10-04 16:02:22"}
[DBG] {"category": "QUEUE", "component": "train", "event": "watchdog_armed", "host": "d6b2a058c4be", "pid": 185325, "rank": 0, "stage": "preference_pop", "timeout_sec": 30.0, "ts": "2026-10-04 16:02:22"}
[DBG] {"category": "QUEUE", "component": "train", "elapsed_sec": 0.009174, "event": "END:preference_pop", "host": "d6b2a058c4be", "pid": 185325, "rank": 0, "ts": "2026-10-04 16:02:22"}
[DBG] {"category": "TRAIN", "component": "train", "event": "BEGIN:broadcast_preference_payload", "has_payload": false, "host": "d6b2a058c4be", "pid": 185325, "rank": 0, "transport": "json_uint8_gloo", "ts": "2026-10-04 16:02:22"}
[DBG] {"category": "TRAIN", "component": "train", "event": "watchdog_armed", "host": "d6b2a058c4be", "pid": 185325, "rank": 0, "stage": "broadcast_preference_payload", "timeout_sec": 30.0, "ts": "2026-10-04 16:02:22"}
[DBG] {"bytes": 0, "category": "TRAIN", "component": "train", "event": "BEGIN:broadcast_preference_length", "host": "d6b2a058c4be", "pid": 185325, "rank": 0, "transport": "gloo_cpu", "ts": "2026-10-04 16:02:22"}
[DBG] {"category": "TRAIN", "component": "train", "event": "watchdog_armed", "host": "d6b2a058c4be", "pid": 185325, "rank": 0, "stage": "broadcast_preference_length", "timeout_sec": 30.0, "ts": "2026-10-04 16:02:22"}
[DBG] {"category": "TRAIN", "component": "train", "elapsed_sec": 0.003057, "event": "END:broadcast_preference_length", "host": "d6b2a058c4be", "pid": 185325, "rank": 0, "ts": "2026-10-04 16:02:22"}
[DBG] {"category": "TRAIN", "component": "train", "event": "watchdog_armed", "host": "d6b2a058c4be", "pid": 185325, "rank": 0, "stage": "broadcast_preference_payload", "timeout_sec": 30.0, "ts": "2026-10-04 16:02:22"}
[DBG] {"category": "TRAIN", "component": "train", "elapsed_sec": 0.004552, "event": "END:broadcast_preference_payload", "host": "d6b2a058c4be", "pid": 185325, "rank": 0, "ts": "2026-10-04 16:02:22"}
[DBG] {"category": "RAY", "component": "train", "event": "BEGIN:control_should_stop", "host": "d6b2a058c4be", "pid": 185325, "rank": 0, "ts": "2026-10-04 16:02:23"}
[DBG] {"category": "RAY", "component": "train", "event": "watchdog_armed", "host": "d6b2a058c4be", "pid": 185325, "rank": 0, "stage": "control_should_stop", "timeout_sec": 30.0, "ts": "2026-10-04 16:02:23"}
[DBG] {"category": "RAY", "component": "train", "elapsed_sec": 0.004323, "event": "END:control_should_stop", "host": "d6b2a058c4be", "pid": 185325, "rank": 0, "ts": "2026-10-04 16:02:23"}
[DBG] {"category": "TRAIN", "component": "train", "event": "BEGIN:broadcast_stop_flag", "host": "d6b2a058c4be", "pid": 185325, "rank": 0, "transport": "gloo_cpu", "ts": "2026-10-04 16:02:23", "value": false}
[DBG] {"category": "TRAIN", "component": "train", "event": "watchdog_armed", "host": "d6b2a058c4be", "pid": 185325, "rank": 0, "stage": "broadcast_stop_flag", "timeout_sec": 30.0, "ts": "2026-10-04 16:02:23"}
[DBG] {"category": "TRAIN", "component": "train", "elapsed_sec": 0.004604, "event": "END:broadcast_stop_flag", "host": "d6b2a058c4be", "pid": 185325, "rank": 0, "ts": "2026-10-04 16:02:23"}
[DBG] {"category": "QUEUE", "component": "train", "event": "BEGIN:preference_size_before_pop", "host": "d6b2a058c4be", "pid": 185325, "rank": 0, "ts": "2026-10-04 16:02:23"}
[DBG] {"category": "QUEUE", "component": "train", "event": "watchdog_armed", "host": "d6b2a058c4be", "pid": 185325, "rank": 0, "stage": "preference_size_before_pop", "timeout_sec": 30.0, "ts": "2026-10-04 16:02:23"}
[DBG] {"category": "QUEUE", "component": "train", "elapsed_sec": 0.006479, "event": "END:preference_size_before_pop", "host": "d6b2a058c4be", "pid": 185325, "rank": 0, "ts": "2026-10-04 16:02:23"}
[DBG] {"category": "QUEUE", "component": "train", "event": "trainer_queue_state", "host": "d6b2a058c4be", "pending": 0, "pid": 185325, "policy_version": 0, "rank": 0, "required": 4, "ts": "2026-10-04 16:02:23"}
[DBG] {"category": "QUEUE", "component": "train", "current_version": 0, "event": "BEGIN:preference_pop", "host": "d6b2a058c4be", "pid": 185325, "rank": 0, "requested": 4, "ts": "2026-10-04 16:02:23"}
[DBG] {"category": "QUEUE", "component": "train", "event": "watchdog_armed", "host": "d6b2a058c4be", "pid": 185325, "rank": 0, "stage": "preference_pop", "timeout_sec": 30.0, "ts": "2026-10-04 16:02:23"}
[DBG] {"category": "QUEUE", "component": "train", "elapsed_sec": 0.008283, "event": "END:preference_pop", "host": "d6b2a058c4be", "pid": 185325, "rank": 0, "ts": "2026-10-04 16:02:23"}
[DBG] {"category": "TRAIN", "component": "train", "event": "BEGIN:broadcast_preference_payload", "has_payload": false, "host": "d6b2a058c4be", "pid": 185325, "rank": 0, "transport": "json_uint8_gloo", "ts": "2026-10-04 16:02:23"}
[DBG] {"category": "TRAIN", "component": "train", "event": "watchdog_armed", "host": "d6b2a058c4be", "pid": 185325, "rank": 0, "stage": "broadcast_preference_payload", "timeout_sec": 30.0, "ts": "2026-10-04 16:02:23"}
[DBG] {"bytes": 0, "category": "TRAIN", "component": "train", "event": "BEGIN:broadcast_preference_length", "host": "d6b2a058c4be", "pid": 185325, "rank": 0, "transport": "gloo_cpu", "ts": "2026-10-04 16:02:23"}
[DBG] {"category": "TRAIN", "component": "train", "event": "watchdog_armed", "host": "d6b2a058c4be", "pid": 185325, "rank": 0, "stage": "broadcast_preference_length", "timeout_sec": 30.0, "ts": "2026-10-04 16:02:23"}
[DBG] {"category": "TRAIN", "component": "train", "elapsed_sec": 0.005112, "event": "END:broadcast_preference_length", "host": "d6b2a058c4be", "pid": 185325, "rank": 0, "ts": "2026-10-04 16:02:23"}
[DBG] {"category": "TRAIN", "component": "train", "event": "watchdog_armed", "host": "d6b2a058c4be", "pid": 185325, "rank": 0, "stage": "broadcast_preference_payload", "timeout_sec": 30.0, "ts": "2026-10-04 16:02:23"}
[DBG] {"category": "TRAIN", "component": "train", "elapsed_sec": 0.006437, "event": "END:broadcast_preference_payload", "host": "d6b2a058c4be", "pid": 185325, "rank": 0, "ts": "2026-10-04 16:02:23"}
[DBG] {"category": "RAY", "component": "train", "event": "BEGIN:control_should_stop", "host": "d6b2a058c4be", "pid": 185325, "rank": 0, "ts": "2026-10-04 16:02:23"}
[DBG] {"category": "RAY", "component": "train", "event": "watchdog_armed", "host": "d6b2a058c4be", "pid": 185325, "rank": 0, "stage": "control_should_stop", "timeout_sec": 30.0, "ts": "2026-10-04 16:02:23"}
[DBG] {"category": "RAY", "component": "train", "elapsed_sec": 0.004708, "event": "END:control_should_stop", "host": "d6b2a058c4be", "pid": 185325, "rank": 0, "ts": "2026-10-04 16:02:23"}
[DBG] {"category": "TRAIN", "component": "train", "event": "BEGIN:broadcast_stop_flag", "host": "d6b2a058c4be", "pid": 185325, "rank": 0, "transport": "gloo_cpu", "ts": "2026-10-04 16:02:23", "value": false}
[DBG] {"category": "TRAIN", "component": "train", "event": "watchdog_armed", "host": "d6b2a058c4be", "pid": 185325, "rank": 0, "stage": "broadcast_stop_flag", "timeout_sec": 30.0, "ts": "2026-10-04 16:02:23"}
[DBG] {"category": "TRAIN", "component": "train", "elapsed_sec": 0.004594, "event": "END:broadcast_stop_flag", "host": "d6b2a058c4be", "pid": 185325, "rank": 0, "ts": "2026-10-04 16:02:23"}
[DBG] {"category": "QUEUE", "component": "train", "event": "BEGIN:preference_size_before_pop", "host": "d6b2a058c4be", "pid": 185325, "rank": 0, "ts": "2026-10-04 16:02:23"}
[DBG] {"category": "QUEUE", "component": "train", "event": "watchdog_armed", "host": "d6b2a058c4be", "pid": 185325, "rank": 0, "stage": "preference_size_before_pop", "timeout_sec": 30.0, "ts": "2026-10-04 16:02:23"}
[DBG] {"category": "QUEUE", "component": "train", "elapsed_sec": 0.006468, "event": "END:preference_size_before_pop", "host": "d6b2a058c4be", "pid": 185325, "rank": 0, "ts": "2026-10-04 16:02:23"}
[DBG] {"category": "QUEUE", "component": "train", "event": "trainer_queue_state", "host": "d6b2a058c4be", "pending": 0, "pid": 185325, "policy_version": 0, "rank": 0, "required": 4, "ts": "2026-10-04 16:02:23"}
[DBG] {"category": "QUEUE", "component": "train", "current_version": 0, "event": "BEGIN:preference_pop", "host": "d6b2a058c4be", "pid": 185325, "rank": 0, "requested": 4, "ts": "2026-10-04 16:02:23"}
[DBG] {"category": "QUEUE", "component": "train", "event": "watchdog_armed", "host": "d6b2a058c4be", "pid": 185325, "rank": 0, "stage": "preference_pop", "timeout_sec": 30.0, "ts": "2026-10-04 16:02:23"}
[DBG] {"category": "QUEUE", "component": "train", "elapsed_sec": 0.007758, "event": "END:preference_pop", "host": "d6b2a058c4be", "pid": 185325, "rank": 0, "ts": "2026-10-04 16:02:23"}
[DBG] {"category": "TRAIN", "component": "train", "event": "BEGIN:broadcast_preference_payload", "has_payload": false, "host": "d6b2a058c4be", "pid": 185325, "rank": 0, "transport": "json_uint8_gloo", "ts": "2026-10-04 16:02:23"}
[DBG] {"category": "TRAIN", "component": "train", "event": "watchdog_armed", "host": "d6b2a058c4be", "pid": 185325, "rank": 0, "stage": "broadcast_preference_payload", "timeout_sec": 30.0, "ts": "2026-10-04 16:02:23"}
[DBG] {"bytes": 0, "category": "TRAIN", "component": "train", "event": "BEGIN:broadcast_preference_length", "host": "d6b2a058c4be", "pid": 185325, "rank": 0, "transport": "gloo_cpu", "ts": "2026-10-04 16:02:23"}
[DBG] {"category": "TRAIN", "component": "train", "event": "watchdog_armed", "host": "d6b2a058c4be", "pid": 185325, "rank": 0, "stage": "broadcast_preference_length", "timeout_sec": 30.0, "ts": "2026-10-04 16:02:23"}
[DBG] {"category": "TRAIN", "component": "train", "elapsed_sec": 0.004761, "event": "END:broadcast_preference_length", "host": "d6b2a058c4be", "pid": 185325, "rank": 0, "ts": "2026-10-04 16:02:23"}
[DBG] {"category": "TRAIN", "component": "train", "event": "watchdog_armed", "host": "d6b2a058c4be", "pid": 185325, "rank": 0, "stage": "broadcast_preference_payload", "timeout_sec": 30.0, "ts": "2026-10-04 16:02:23"}
[DBG] {"category": "TRAIN", "component": "train", "elapsed_sec": 0.006143, "event": "END:broadcast_preference_payload", "host": "d6b2a058c4be", "pid": 185325, "rank": 0, "ts": "2026-10-04 16:02:23"}
[DBG] {"category": "RAY", "component": "train", "event": "BEGIN:control_should_stop", "host": "d6b2a058c4be", "pid": 185325, "rank": 0, "ts": "2026-10-04 16:02:24"}
[DBG] {"category": "RAY", "component": "train", "event": "watchdog_armed", "host": "d6b2a058c4be", "pid": 185325, "rank": 0, "stage": "control_should_stop", "timeout_sec": 30.0, "ts": "2026-10-04 16:02:24"}
[DBG] {"category": "RAY", "component": "train", "elapsed_sec": 0.00409, "event": "END:control_should_stop", "host": "d6b2a058c4be", "pid": 185325, "rank": 0, "ts": "2026-10-04 16:02:24"}
[DBG] {"category": "TRAIN", "component": "train", "event": "BEGIN:broadcast_stop_flag", "host": "d6b2a058c4be", "pid": 185325, "rank": 0, "transport": "gloo_cpu", "ts": "2026-10-04 16:02:24", "value": false}
[DBG] {"category": "TRAIN", "component": "train", "event": "watchdog_armed", "host": "d6b2a058c4be", "pid": 185325, "rank": 0, "stage": "broadcast_stop_flag", "timeout_sec": 30.0, "ts": "2026-10-04 16:02:24"}
[DBG] {"category": "TRAIN", "component": "train", "elapsed_sec": 0.004065, "event": "END:broadcast_stop_flag", "host": "d6b2a058c4be", "pid": 185325, "rank": 0, "ts": "2026-10-04 16:02:24"}
[DBG] {"category": "QUEUE", "component": "train", "event": "BEGIN:preference_size_before_pop", "host": "d6b2a058c4be", "pid": 185325, "rank": 0, "ts": "2026-10-04 16:02:24"}
[DBG] {"category": "QUEUE", "component": "train", "event": "watchdog_armed", "host": "d6b2a058c4be", "pid": 185325, "rank": 0, "stage": "preference_size_before_pop", "timeout_sec": 30.0, "ts": "2026-10-04 16:02:24"}
[DBG] {"category": "QUEUE", "component": "train", "elapsed_sec": 0.00551, "event": "END:preference_size_before_pop", "host": "d6b2a058c4be", "pid": 185325, "rank": 0, "ts": "2026-10-04 16:02:24"}
[DBG] {"category": "QUEUE", "component": "train", "event": "trainer_queue_state", "host": "d6b2a058c4be", "pending": 0, "pid": 185325, "policy_version": 0, "rank": 0, "required": 4, "ts": "2026-10-04 16:02:24"}
[DBG] {"category": "QUEUE", "component": "train", "current_version": 0, "event": "BEGIN:preference_pop", "host": "d6b2a058c4be", "pid": 185325, "rank": 0, "requested": 4, "ts": "2026-10-04 16:02:24"}
[DBG] {"category": "QUEUE", "component": "train", "event": "watchdog_armed", "host": "d6b2a058c4be", "pid": 185325, "rank": 0, "stage": "preference_pop", "timeout_sec": 30.0, "ts": "2026-10-04 16:02:24"}
[DBG] {"category": "QUEUE", "component": "train", "elapsed_sec": 0.007054, "event": "END:preference_pop", "host": "d6b2a058c4be", "pid": 185325, "rank": 0, "ts": "2026-10-04 16:02:24"}
[DBG] {"category": "TRAIN", "component": "train", "event": "BEGIN:broadcast_preference_payload", "has_payload": false, "host": "d6b2a058c4be", "pid": 185325, "rank": 0, "transport": "json_uint8_gloo", "ts": "2026-10-04 16:02:24"}
[DBG] {"category": "TRAIN", "component": "train", "event": "watchdog_armed", "host": "d6b2a058c4be", "pid": 185325, "rank": 0, "stage": "broadcast_preference_payload", "timeout_sec": 30.0, "ts": "2026-10-04 16:02:24"}
[DBG] {"bytes": 0, "category": "TRAIN", "component": "train", "event": "BEGIN:broadcast_preference_length", "host": "d6b2a058c4be", "pid": 185325, "rank": 0, "transport": "gloo_cpu", "ts": "2026-10-04 16:02:24"}
[DBG] {"category": "TRAIN", "component": "train", "event": "watchdog_armed", "host": "d6b2a058c4be", "pid": 185325, "rank": 0, "stage": "broadcast_preference_length", "timeout_sec": 30.0, "ts": "2026-10-04 16:02:24"}
[DBG] {"category": "TRAIN", "component": "train", "elapsed_sec": 0.004641, "event": "END:broadcast_preference_length", "host": "d6b2a058c4be", "pid": 185325, "rank": 0, "ts": "2026-10-04 16:02:24"}
[DBG] {"category": "TRAIN", "component": "train", "event": "watchdog_armed", "host": "d6b2a058c4be", "pid": 185325, "rank": 0, "stage": "broadcast_preference_payload", "timeout_sec": 30.0, "ts": "2026-10-04 16:02:24"}
[DBG] {"category": "TRAIN", "component": "train", "elapsed_sec": 0.006292, "event": "END:broadcast_preference_payload", "host": "d6b2a058c4be", "pid": 185325, "rank": 0, "ts": "2026-10-04 16:02:24"}
[DBG] {"category": "RAY", "component": "train", "event": "BEGIN:control_should_stop", "host": "d6b2a058c4be", "pid": 185325, "rank": 0, "ts": "2026-10-04 16:02:24"}
[DBG] {"category": "RAY", "component": "train", "event": "watchdog_armed", "host": "d6b2a058c4be", "pid": 185325, "rank": 0, "stage": "control_should_stop", "timeout_sec": 30.0, "ts": "2026-10-04 16:02:24"}
[DBG] {"category": "RAY", "component": "train", "elapsed_sec": 0.003196, "event": "END:control_should_stop", "host": "d6b2a058c4be", "pid": 185325, "rank": 0, "ts": "2026-10-04 16:02:24"}
[DBG] {"category": "TRAIN", "component": "train", "event": "BEGIN:broadcast_stop_flag", "host": "d6b2a058c4be", "pid": 185325, "rank": 0, "transport": "gloo_cpu", "ts": "2026-10-04 16:02:24", "value": false}
[DBG] {"category": "TRAIN", "component": "train", "event": "watchdog_armed", "host": "d6b2a058c4be", "pid": 185325, "rank": 0, "stage": "broadcast_stop_flag", "timeout_sec": 30.0, "ts": "2026-10-04 16:02:24"}
[DBG] {"category": "TRAIN", "component": "train", "elapsed_sec": 0.002532, "event": "END:broadcast_stop_flag", "host": "d6b2a058c4be", "pid": 185325, "rank": 0, "ts": "2026-10-04 16:02:24"}
[DBG] {"category": "QUEUE", "component": "train", "event": "BEGIN:preference_size_before_pop", "host": "d6b2a058c4be", "pid": 185325, "rank": 0, "ts": "2026-10-04 16:02:24"}
[DBG] {"category": "QUEUE", "component": "train", "event": "watchdog_armed", "host": "d6b2a058c4be", "pid": 185325, "rank": 0, "stage": "preference_size_before_pop", "timeout_sec": 30.0, "ts": "2026-10-04 16:02:24"}
[DBG] {"category": "QUEUE", "component": "train", "elapsed_sec": 0.003926, "event": "END:preference_size_before_pop", "host": "d6b2a058c4be", "pid": 185325, "rank": 0, "ts": "2026-10-04 16:02:24"}
[DBG] {"category": "QUEUE", "component": "train", "event": "trainer_queue_state", "host": "d6b2a058c4be", "pending": 0, "pid": 185325, "policy_version": 0, "rank": 0, "required": 4, "ts": "2026-10-04 16:02:24"}
[DBG] {"category": "QUEUE", "component": "train", "current_version": 0, "event": "BEGIN:preference_pop", "host": "d6b2a058c4be", "pid": 185325, "rank": 0, "requested": 4, "ts": "2026-10-04 16:02:24"}
[DBG] {"category": "QUEUE", "component": "train", "event": "watchdog_armed", "host": "d6b2a058c4be", "pid": 185325, "rank": 0, "stage": "preference_pop", "timeout_sec": 30.0, "ts": "2026-10-04 16:02:24"}
[DBG] {"category": "QUEUE", "component": "train", "elapsed_sec": 0.005705, "event": "END:preference_pop", "host": "d6b2a058c4be", "pid": 185325, "rank": 0, "ts": "2026-10-04 16:02:24"}
[DBG] {"category": "TRAIN", "component": "train", "event": "BEGIN:broadcast_preference_payload", "has_payload": false, "host": "d6b2a058c4be", "pid": 185325, "rank": 0, "transport": "json_uint8_gloo", "ts": "2026-10-04 16:02:24"}
[DBG] {"category": "TRAIN", "component": "train", "event": "watchdog_armed", "host": "d6b2a058c4be", "pid": 185325, "rank": 0, "stage": "broadcast_preference_payload", "timeout_sec": 30.0, "ts": "2026-10-04 16:02:24"}
[DBG] {"bytes": 0, "category": "TRAIN", "component": "train", "event": "BEGIN:broadcast_preference_length", "host": "d6b2a058c4be", "pid": 185325, "rank": 0, "transport": "gloo_cpu", "ts": "2026-10-04 16:02:24"}
[DBG] {"category": "TRAIN", "component": "train", "event": "watchdog_armed", "host": "d6b2a058c4be", "pid": 185325, "rank": 0, "stage": "broadcast_preference_length", "timeout_sec": 30.0, "ts": "2026-10-04 16:02:24"}
[DBG] {"category": "TRAIN", "component": "train", "elapsed_sec": 0.002053, "event": "END:broadcast_preference_length", "host": "d6b2a058c4be", "pid": 185325, "rank": 0, "ts": "2026-10-04 16:02:24"}
[DBG] {"category": "TRAIN", "component": "train", "event": "watchdog_armed", "host": "d6b2a058c4be", "pid": 185325, "rank": 0, "stage": "broadcast_preference_payload", "timeout_sec": 30.0, "ts": "2026-10-04 16:02:24"}
[DBG] {"category": "TRAIN", "component": "train", "elapsed_sec": 0.003403, "event": "END:broadcast_preference_payload", "host": "d6b2a058c4be", "pid": 185325, "rank": 0, "ts": "2026-10-04 16:02:24"}
[DBG] {"category": "RAY", "component": "train", "event": "BEGIN:control_should_stop", "host": "d6b2a058c4be", "pid": 185325, "rank": 0, "ts": "2026-10-04 16:02:25"}
[DBG] {"category": "RAY", "component": "train", "event": "watchdog_armed", "host": "d6b2a058c4be", "pid": 185325, "rank": 0, "stage": "control_should_stop", "timeout_sec": 30.0, "ts": "2026-10-04 16:02:25"}
[DBG] {"category": "RAY", "component": "train", "elapsed_sec": 0.003133, "event": "END:control_should_stop", "host": "d6b2a058c4be", "pid": 185325, "rank": 0, "ts": "2026-10-04 16:02:25"}
[DBG] {"category": "TRAIN", "component": "train", "event": "BEGIN:broadcast_stop_flag", "host": "d6b2a058c4be", "pid": 185325, "rank": 0, "transport": "gloo_cpu", "ts": "2026-10-04 16:02:25", "value": false}
[DBG] {"category": "TRAIN", "component": "train", "event": "watchdog_armed", "host": "d6b2a058c4be", "pid": 185325, "rank": 0, "stage": "broadcast_stop_flag", "timeout_sec": 30.0, "ts": "2026-10-04 16:02:25"}
[DBG] {"category": "TRAIN", "component": "train", "elapsed_sec": 0.002441, "event": "END:broadcast_stop_flag", "host": "d6b2a058c4be", "pid": 185325, "rank": 0, "ts": "2026-10-04 16:02:25"}
[DBG] {"category": "QUEUE", "component": "train", "event": "BEGIN:preference_size_before_pop", "host": "d6b2a058c4be", "pid": 185325, "rank": 0, "ts": "2026-10-04 16:02:25"}
[DBG] {"category": "QUEUE", "component": "train", "event": "watchdog_armed", "host": "d6b2a058c4be", "pid": 185325, "rank": 0, "stage": "preference_size_before_pop", "timeout_sec": 30.0, "ts": "2026-10-04 16:02:25"}
[DBG] {"category": "QUEUE", "component": "train", "elapsed_sec": 0.004172, "event": "END:preference_size_before_pop", "host": "d6b2a058c4be", "pid": 185325, "rank": 0, "ts": "2026-10-04 16:02:25"}
[DBG] {"category": "QUEUE", "component": "train", "event": "trainer_queue_state", "host": "d6b2a058c4be", "pending": 0, "pid": 185325, "policy_version": 0, "rank": 0, "required": 4, "ts": "2026-10-04 16:02:25"}
[DBG] {"category": "QUEUE", "component": "train", "current_version": 0, "event": "BEGIN:preference_pop", "host": "d6b2a058c4be", "pid": 185325, "rank": 0, "requested": 4, "ts": "2026-10-04 16:02:25"}
[DBG] {"category": "QUEUE", "component": "train", "event": "watchdog_armed", "host": "d6b2a058c4be", "pid": 185325, "rank": 0, "stage": "preference_pop", "timeout_sec": 30.0, "ts": "2026-10-04 16:02:25"}
[DBG] {"category": "QUEUE", "component": "train", "elapsed_sec": 0.005807, "event": "END:preference_pop", "host": "d6b2a058c4be", "pid": 185325, "rank": 0, "ts": "2026-10-04 16:02:25"}
[DBG] {"category": "TRAIN", "component": "train", "event": "BEGIN:broadcast_preference_payload", "has_payload": false, "host": "d6b2a058c4be", "pid": 185325, "rank": 0, "transport": "json_uint8_gloo", "ts": "2026-10-04 16:02:25"}
[DBG] {"category": "TRAIN", "component": "train", "event": "watchdog_armed", "host": "d6b2a058c4be", "pid": 185325, "rank": 0, "stage": "broadcast_preference_payload", "timeout_sec": 30.0, "ts": "2026-10-04 16:02:25"}
[DBG] {"bytes": 0, "category": "TRAIN", "component": "train", "event": "BEGIN:broadcast_preference_length", "host": "d6b2a058c4be", "pid": 185325, "rank": 0, "transport": "gloo_cpu", "ts": "2026-10-04 16:02:25"}
[DBG] {"category": "TRAIN", "component": "train", "event": "watchdog_armed", "host": "d6b2a058c4be", "pid": 185325, "rank": 0, "stage": "broadcast_preference_length", "timeout_sec": 30.0, "ts": "2026-10-04 16:02:25"}
[DBG] {"category": "TRAIN", "component": "train", "elapsed_sec": 0.002065, "event": "END:broadcast_preference_length", "host": "d6b2a058c4be", "pid": 185325, "rank": 0, "ts": "2026-10-04 16:02:25"}
[DBG] {"category": "TRAIN", "component": "train", "event": "watchdog_armed", "host": "d6b2a058c4be", "pid": 185325, "rank": 0, "stage": "broadcast_preference_payload", "timeout_sec": 30.0, "ts": "2026-10-04 16:02:25"}
[DBG] {"category": "TRAIN", "component": "train", "elapsed_sec": 0.003222, "event": "END:broadcast_preference_payload", "host": "d6b2a058c4be", "pid": 185325, "rank": 0, "ts": "2026-10-04 16:02:25"}
[DBG] {"category": "RAY", "component": "train", "event": "BEGIN:control_should_stop", "host": "d6b2a058c4be", "pid": 185325, "rank": 0, "ts": "2026-10-04 16:02:25"}
[DBG] {"category": "RAY", "component": "train", "event": "watchdog_armed", "host": "d6b2a058c4be", "pid": 185325, "rank": 0, "stage": "control_should_stop", "timeout_sec": 30.0, "ts": "2026-10-04 16:02:25"}
[DBG] {"category": "RAY", "component": "train", "elapsed_sec": 0.002799, "event": "END:control_should_stop", "host": "d6b2a058c4be", "pid": 185325, "rank": 0, "ts": "2026-10-04 16:02:25"}
[DBG] {"category": "TRAIN", "component": "train", "event": "BEGIN:broadcast_stop_flag", "host": "d6b2a058c4be", "pid": 185325, "rank": 0, "transport": "gloo_cpu", "ts": "2026-10-04 16:02:25", "value": false}
[DBG] {"category": "TRAIN", "component": "train", "event": "watchdog_armed", "host": "d6b2a058c4be", "pid": 185325, "rank": 0, "stage": "broadcast_stop_flag", "timeout_sec": 30.0, "ts": "2026-10-04 16:02:25"}
[DBG] {"category": "TRAIN", "component": "train", "elapsed_sec": 0.002441, "event": "END:broadcast_stop_flag", "host": "d6b2a058c4be", "pid": 185325, "rank": 0, "ts": "2026-10-04 16:02:25"}
[DBG] {"category": "QUEUE", "component": "train", "event": "BEGIN:preference_size_before_pop", "host": "d6b2a058c4be", "pid": 185325, "rank": 0, "ts": "2026-10-04 16:02:25"}
[DBG] {"category": "QUEUE", "component": "train", "event": "watchdog_armed", "host": "d6b2a058c4be", "pid": 185325, "rank": 0, "stage": "preference_size_before_pop", "timeout_sec": 30.0, "ts": "2026-10-04 16:02:25"}
[DBG] {"category": "QUEUE", "component": "train", "elapsed_sec": 0.004015, "event": "END:preference_size_before_pop", "host": "d6b2a058c4be", "pid": 185325, "rank": 0, "ts": "2026-10-04 16:02:25"}
[DBG] {"category": "QUEUE", "component": "train", "event": "trainer_queue_state", "host": "d6b2a058c4be", "pending": 0, "pid": 185325, "policy_version": 0, "rank": 0, "required": 4, "ts": "2026-10-04 16:02:25"}
[DBG] {"category": "QUEUE", "component": "train", "current_version": 0, "event": "BEGIN:preference_pop", "host": "d6b2a058c4be", "pid": 185325, "rank": 0, "requested": 4, "ts": "2026-10-04 16:02:25"}
[DBG] {"category": "QUEUE", "component": "train", "event": "watchdog_armed", "host": "d6b2a058c4be", "pid": 185325, "rank": 0, "stage": "preference_pop", "timeout_sec": 30.0, "ts": "2026-10-04 16:02:25"}
[DBG] {"category": "QUEUE", "component": "train", "elapsed_sec": 0.005282, "event": "END:preference_pop", "host": "d6b2a058c4be", "pid": 185325, "rank": 0, "ts": "2026-10-04 16:02:25"}
[DBG] {"category": "TRAIN", "component": "train", "event": "BEGIN:broadcast_preference_payload", "has_payload": false, "host": "d6b2a058c4be", "pid": 185325, "rank": 0, "transport": "json_uint8_gloo", "ts": "2026-10-04 16:02:25"}
[DBG] {"category": "TRAIN", "component": "train", "event": "watchdog_armed", "host": "d6b2a058c4be", "pid": 185325, "rank": 0, "stage": "broadcast_preference_payload", "timeout_sec": 30.0, "ts": "2026-10-04 16:02:25"}
[DBG] {"bytes": 0, "category": "TRAIN", "component": "train", "event": "BEGIN:broadcast_preference_length", "host": "d6b2a058c4be", "pid": 185325, "rank": 0, "transport": "gloo_cpu", "ts": "2026-10-04 16:02:25"}
[DBG] {"category": "TRAIN", "component": "train", "event": "watchdog_armed", "host": "d6b2a058c4be", "pid": 185325, "rank": 0, "stage": "broadcast_preference_length", "timeout_sec": 30.0, "ts": "2026-10-04 16:02:25"}
[DBG] {"category": "TRAIN", "component": "train", "elapsed_sec": 0.002079, "event": "END:broadcast_preference_length", "host": "d6b2a058c4be", "pid": 185325, "rank": 0, "ts": "2026-10-04 16:02:25"}
[DBG] {"category": "TRAIN", "component": "train", "event": "watchdog_armed", "host": "d6b2a058c4be", "pid": 185325, "rank": 0, "stage": "broadcast_preference_payload", "timeout_sec": 30.0, "ts": "2026-10-04 16:02:25"}
[DBG] {"category": "TRAIN", "component": "train", "elapsed_sec": 0.00343, "event": "END:broadcast_preference_payload", "host": "d6b2a058c4be", "pid": 185325, "rank": 0, "ts": "2026-10-04 16:02:25"}
[DBG] {"category": "RAY", "component": "train", "event": "BEGIN:control_should_stop", "host": "d6b2a058c4be", "pid": 185325, "rank": 0, "ts": "2026-10-04 16:02:26"}
[DBG] {"category": "RAY", "component": "train", "event": "watchdog_armed", "host": "d6b2a058c4be", "pid": 185325, "rank": 0, "stage": "control_should_stop", "timeout_sec": 30.0, "ts": "2026-10-04 16:02:26"}
[DBG] {"category": "RAY", "component": "train", "elapsed_sec": 0.003163, "event": "END:control_should_stop", "host": "d6b2a058c4be", "pid": 185325, "rank": 0, "ts": "2026-10-04 16:02:26"}
[DBG] {"category": "TRAIN", "component": "train", "event": "BEGIN:broadcast_stop_flag", "host": "d6b2a058c4be", "pid": 185325, "rank": 0, "transport": "gloo_cpu", "ts": "2026-10-04 16:02:26", "value": false}
[DBG] {"category": "TRAIN", "component": "train", "event": "watchdog_armed", "host": "d6b2a058c4be", "pid": 185325, "rank": 0, "stage": "broadcast_stop_flag", "timeout_sec": 30.0, "ts": "2026-10-04 16:02:26"}
[DBG] {"category": "TRAIN", "component": "train", "elapsed_sec": 0.002264, "event": "END:broadcast_stop_flag", "host": "d6b2a058c4be", "pid": 185325, "rank": 0, "ts": "2026-10-04 16:02:26"}
[DBG] {"category": "QUEUE", "component": "train", "event": "BEGIN:preference_size_before_pop", "host": "d6b2a058c4be", "pid": 185325, "rank": 0, "ts": "2026-10-04 16:02:26"}
[DBG] {"category": "QUEUE", "component": "train", "event": "watchdog_armed", "host": "d6b2a058c4be", "pid": 185325, "rank": 0, "stage": "preference_size_before_pop", "timeout_sec": 30.0, "ts": "2026-10-04 16:02:26"}
[DBG] {"category": "QUEUE", "component": "train", "elapsed_sec": 0.004316, "event": "END:preference_size_before_pop", "host": "d6b2a058c4be", "pid": 185325, "rank": 0, "ts": "2026-10-04 16:02:26"}
[DBG] {"category": "QUEUE", "component": "train", "event": "trainer_queue_state", "host": "d6b2a058c4be", "pending": 0, "pid": 185325, "policy_version": 0, "rank": 0, "required": 4, "ts": "2026-10-04 16:02:26"}
[DBG] {"category": "QUEUE", "component": "train", "current_version": 0, "event": "BEGIN:preference_pop", "host": "d6b2a058c4be", "pid": 185325, "rank": 0, "requested": 4, "ts": "2026-10-04 16:02:26"}
[DBG] {"category": "QUEUE", "component": "train", "event": "watchdog_armed", "host": "d6b2a058c4be", "pid": 185325, "rank": 0, "stage": "preference_pop", "timeout_sec": 30.0, "ts": "2026-10-04 16:02:26"}
[DBG] {"category": "QUEUE", "component": "train", "elapsed_sec": 0.005702, "event": "END:preference_pop", "host": "d6b2a058c4be", "pid": 185325, "rank": 0, "ts": "2026-10-04 16:02:26"}
[DBG] {"category": "TRAIN", "component": "train", "event": "BEGIN:broadcast_preference_payload", "has_payload": false, "host": "d6b2a058c4be", "pid": 185325, "rank": 0, "transport": "json_uint8_gloo", "ts": "2026-10-04 16:02:26"}
[DBG] {"category": "TRAIN", "component": "train", "event": "watchdog_armed", "host": "d6b2a058c4be", "pid": 185325, "rank": 0, "stage": "broadcast_preference_payload", "timeout_sec": 30.0, "ts": "2026-10-04 16:02:26"}
[DBG] {"bytes": 0, "category": "TRAIN", "component": "train", "event": "BEGIN:broadcast_preference_length", "host": "d6b2a058c4be", "pid": 185325, "rank": 0, "transport": "gloo_cpu", "ts": "2026-10-04 16:02:26"}
[DBG] {"category": "TRAIN", "component": "train", "event": "watchdog_armed", "host": "d6b2a058c4be", "pid": 185325, "rank": 0, "stage": "broadcast_preference_length", "timeout_sec": 30.0, "ts": "2026-10-04 16:02:26"}
[DBG] {"category": "TRAIN", "component": "train", "elapsed_sec": 0.002016, "event": "END:broadcast_preference_length", "host": "d6b2a058c4be", "pid": 185325, "rank": 0, "ts": "2026-10-04 16:02:26"}
[DBG] {"category": "TRAIN", "component": "train", "event": "watchdog_armed", "host": "d6b2a058c4be", "pid": 185325, "rank": 0, "stage": "broadcast_preference_payload", "timeout_sec": 30.0, "ts": "2026-10-04 16:02:26"}
[DBG] {"category": "TRAIN", "component": "train", "elapsed_sec": 0.003167, "event": "END:broadcast_preference_payload", "host": "d6b2a058c4be", "pid": 185325, "rank": 0, "ts": "2026-10-04 16:02:26"}
[DBG] {"category": "RAY", "component": "train", "event": "BEGIN:control_should_stop", "host": "d6b2a058c4be", "pid": 185325, "rank": 0, "ts": "2026-10-04 16:02:26"}
[DBG] {"category": "RAY", "component": "train", "event": "watchdog_armed", "host": "d6b2a058c4be", "pid": 185325, "rank": 0, "stage": "control_should_stop", "timeout_sec": 30.0, "ts": "2026-10-04 16:02:26"}
[DBG] {"category": "RAY", "component": "train", "elapsed_sec": 0.002997, "event": "END:control_should_stop", "host": "d6b2a058c4be", "pid": 185325, "rank": 0, "ts": "2026-10-04 16:02:26"}
[DBG] {"category": "TRAIN", "component": "train", "event": "BEGIN:broadcast_stop_flag", "host": "d6b2a058c4be", "pid": 185325, "rank": 0, "transport": "gloo_cpu", "ts": "2026-10-04 16:02:26", "value": false}
[DBG] {"category": "TRAIN", "component": "train", "event": "watchdog_armed", "host": "d6b2a058c4be", "pid": 185325, "rank": 0, "stage": "broadcast_stop_flag", "timeout_sec": 30.0, "ts": "2026-10-04 16:02:26"}
[DBG] {"category": "TRAIN", "component": "train", "elapsed_sec": 0.002458, "event": "END:broadcast_stop_flag", "host": "d6b2a058c4be", "pid": 185325, "rank": 0, "ts": "2026-10-04 16:02:26"}
[DBG] {"category": "QUEUE", "component": "train", "event": "BEGIN:preference_size_before_pop", "host": "d6b2a058c4be", "pid": 185325, "rank": 0, "ts": "2026-10-04 16:02:26"}
[DBG] {"category": "QUEUE", "component": "train", "event": "watchdog_armed", "host": "d6b2a058c4be", "pid": 185325, "rank": 0, "stage": "preference_size_before_pop", "timeout_sec": 30.0, "ts": "2026-10-04 16:02:26"}
[DBG] {"category": "QUEUE", "component": "train", "elapsed_sec": 0.004007, "event": "END:preference_size_before_pop", "host": "d6b2a058c4be", "pid": 185325, "rank": 0, "ts": "2026-10-04 16:02:26"}
[DBG] {"category": "QUEUE", "component": "train", "event": "trainer_queue_state", "host": "d6b2a058c4be", "pending": 0, "pid": 185325, "policy_version": 0, "rank": 0, "required": 4, "ts": "2026-10-04 16:02:26"}
[DBG] {"category": "QUEUE", "component": "train", "current_version": 0, "event": "BEGIN:preference_pop", "host": "d6b2a058c4be", "pid": 185325, "rank": 0, "requested": 4, "ts": "2026-10-04 16:02:26"}
[DBG] {"category": "QUEUE", "component": "train", "event": "watchdog_armed", "host": "d6b2a058c4be", "pid": 185325, "rank": 0, "stage": "preference_pop", "timeout_sec": 30.0, "ts": "2026-10-04 16:02:26"}
[DBG] {"category": "QUEUE", "component": "train", "elapsed_sec": 0.005673, "event": "END:preference_pop", "host": "d6b2a058c4be", "pid": 185325, "rank": 0, "ts": "2026-10-04 16:02:26"}
[DBG] {"category": "TRAIN", "component": "train", "event": "BEGIN:broadcast_preference_payload", "has_payload": false, "host": "d6b2a058c4be", "pid": 185325, "rank": 0, "transport": "json_uint8_gloo", "ts": "2026-10-04 16:02:26"}
[DBG] {"category": "TRAIN", "component": "train", "event": "watchdog_armed", "host": "d6b2a058c4be", "pid": 185325, "rank": 0, "stage": "broadcast_preference_payload", "timeout_sec": 30.0, "ts": "2026-10-04 16:02:26"}
[DBG] {"bytes": 0, "category": "TRAIN", "component": "train", "event": "BEGIN:broadcast_preference_length", "host": "d6b2a058c4be", "pid": 185325, "rank": 0, "transport": "gloo_cpu", "ts": "2026-10-04 16:02:26"}
[DBG] {"category": "TRAIN", "component": "train", "event": "watchdog_armed", "host": "d6b2a058c4be", "pid": 185325, "rank": 0, "stage": "broadcast_preference_length", "timeout_sec": 30.0, "ts": "2026-10-04 16:02:26"}
[DBG] {"category": "TRAIN", "component": "train", "elapsed_sec": 0.002168, "event": "END:broadcast_preference_length", "host": "d6b2a058c4be", "pid": 185325, "rank": 0, "ts": "2026-10-04 16:02:26"}
[DBG] {"category": "TRAIN", "component": "train", "event": "watchdog_armed", "host": "d6b2a058c4be", "pid": 185325, "rank": 0, "stage": "broadcast_preference_payload", "timeout_sec": 30.0, "ts": "2026-10-04 16:02:26"}
[DBG] {"category": "TRAIN", "component": "train", "elapsed_sec": 0.003353, "event": "END:broadcast_preference_payload", "host": "d6b2a058c4be", "pid": 185325, "rank": 0, "ts": "2026-10-04 16:02:26"}
[DBG] {"category": "RAY", "component": "train", "event": "BEGIN:control_should_stop", "host": "d6b2a058c4be", "pid": 185325, "rank": 0, "ts": "2026-10-04 16:02:27"}
[DBG] {"category": "RAY", "component": "train", "event": "watchdog_armed", "host": "d6b2a058c4be", "pid": 185325, "rank": 0, "stage": "control_should_stop", "timeout_sec": 30.0, "ts": "2026-10-04 16:02:27"}
[DBG] {"category": "RAY", "component": "train", "elapsed_sec": 0.003137, "event": "END:control_should_stop", "host": "d6b2a058c4be", "pid": 185325, "rank": 0, "ts": "2026-10-04 16:02:27"}
[DBG] {"category": "TRAIN", "component": "train", "event": "BEGIN:broadcast_stop_flag", "host": "d6b2a058c4be", "pid": 185325, "rank": 0, "transport": "gloo_cpu", "ts": "2026-10-04 16:02:27", "value": false}
[DBG] {"category": "TRAIN", "component": "train", "event": "watchdog_armed", "host": "d6b2a058c4be", "pid": 185325, "rank": 0, "stage": "broadcast_stop_flag", "timeout_sec": 30.0, "ts": "2026-10-04 16:02:27"}
[DBG] {"category": "TRAIN", "component": "train", "elapsed_sec": 0.00239, "event": "END:broadcast_stop_flag", "host": "d6b2a058c4be", "pid": 185325, "rank": 0, "ts": "2026-10-04 16:02:27"}
[DBG] {"category": "QUEUE", "component": "train", "event": "BEGIN:preference_size_before_pop", "host": "d6b2a058c4be", "pid": 185325, "rank": 0, "ts": "2026-10-04 16:02:27"}
[DBG] {"category": "QUEUE", "component": "train", "event": "watchdog_armed", "host": "d6b2a058c4be", "pid": 185325, "rank": 0, "stage": "preference_size_before_pop", "timeout_sec": 30.0, "ts": "2026-10-04 16:02:27"}
[DBG] {"category": "QUEUE", "component": "train", "elapsed_sec": 0.00454, "event": "END:preference_size_before_pop", "host": "d6b2a058c4be", "pid": 185325, "rank": 0, "ts": "2026-10-04 16:02:27"}
[DBG] {"category": "QUEUE", "component": "train", "event": "trainer_queue_state", "host": "d6b2a058c4be", "pending": 0, "pid": 185325, "policy_version": 0, "rank": 0, "required": 4, "ts": "2026-10-04 16:02:27"}
[DBG] {"category": "QUEUE", "component": "train", "current_version": 0, "event": "BEGIN:preference_pop", "host": "d6b2a058c4be", "pid": 185325, "rank": 0, "requested": 4, "ts": "2026-10-04 16:02:27"}
[DBG] {"category": "QUEUE", "component": "train", "event": "watchdog_armed", "host": "d6b2a058c4be", "pid": 185325, "rank": 0, "stage": "preference_pop", "timeout_sec": 30.0, "ts": "2026-10-04 16:02:27"}
[DBG] {"category": "QUEUE", "component": "train", "elapsed_sec": 0.00574, "event": "END:preference_pop", "host": "d6b2a058c4be", "pid": 185325, "rank": 0, "ts": "2026-10-04 16:02:27"}
[DBG] {"category": "TRAIN", "component": "train", "event": "BEGIN:broadcast_preference_payload", "has_payload": false, "host": "d6b2a058c4be", "pid": 185325, "rank": 0, "transport": "json_uint8_gloo", "ts": "2026-10-04 16:02:27"}
[DBG] {"category": "TRAIN", "component": "train", "event": "watchdog_armed", "host": "d6b2a058c4be", "pid": 185325, "rank": 0, "stage": "broadcast_preference_payload", "timeout_sec": 30.0, "ts": "2026-10-04 16:02:27"}
[DBG] {"bytes": 0, "category": "TRAIN", "component": "train", "event": "BEGIN:broadcast_preference_length", "host": "d6b2a058c4be", "pid": 185325, "rank": 0, "transport": "gloo_cpu", "ts": "2026-10-04 16:02:27"}
[DBG] {"category": "TRAIN", "component": "train", "event": "watchdog_armed", "host": "d6b2a058c4be", "pid": 185325, "rank": 0, "stage": "broadcast_preference_length", "timeout_sec": 30.0, "ts": "2026-10-04 16:02:27"}
[DBG] {"category": "TRAIN", "component": "train", "elapsed_sec": 0.00228, "event": "END:broadcast_preference_length", "host": "d6b2a058c4be", "pid": 185325, "rank": 0, "ts": "2026-10-04 16:02:27"}
[DBG] {"category": "TRAIN", "component": "train", "event": "watchdog_armed", "host": "d6b2a058c4be", "pid": 185325, "rank": 0, "stage": "broadcast_preference_payload", "timeout_sec": 30.0, "ts": "2026-10-04 16:02:27"}
[DBG] {"category": "TRAIN", "component": "train", "elapsed_sec": 0.003637, "event": "END:broadcast_preference_payload", "host": "d6b2a058c4be", "pid": 185325, "rank": 0, "ts": "2026-10-04 16:02:27"}
[DBG] {"category": "RAY", "component": "train", "event": "BEGIN:control_should_stop", "host": "d6b2a058c4be", "pid": 185325, "rank": 0, "ts": "2026-10-04 16:02:27"}
[DBG] {"category": "RAY", "component": "train", "event": "watchdog_armed", "host": "d6b2a058c4be", "pid": 185325, "rank": 0, "stage": "control_should_stop", "timeout_sec": 30.0, "ts": "2026-10-04 16:02:27"}
[DBG] {"category": "RAY", "component": "train", "elapsed_sec": 0.00298, "event": "END:control_should_stop", "host": "d6b2a058c4be", "pid": 185325, "rank": 0, "ts": "2026-10-04 16:02:27"}
[DBG] {"category": "TRAIN", "component": "train", "event": "BEGIN:broadcast_stop_flag", "host": "d6b2a058c4be", "pid": 185325, "rank": 0, "transport": "gloo_cpu", "ts": "2026-10-04 16:02:27", "value": false}
[DBG] {"category": "TRAIN", "component": "train", "event": "watchdog_armed", "host": "d6b2a058c4be", "pid": 185325, "rank": 0, "stage": "broadcast_stop_flag", "timeout_sec": 30.0, "ts": "2026-10-04 16:02:27"}
[DBG] {"category": "TRAIN", "component": "train", "elapsed_sec": 0.002488, "event": "END:broadcast_stop_flag", "host": "d6b2a058c4be", "pid": 185325, "rank": 0, "ts": "2026-10-04 16:02:27"}
[DBG] {"category": "QUEUE", "component": "train", "event": "BEGIN:preference_size_before_pop", "host": "d6b2a058c4be", "pid": 185325, "rank": 0, "ts": "2026-10-04 16:02:27"}
[DBG] {"category": "QUEUE", "component": "train", "event": "watchdog_armed", "host": "d6b2a058c4be", "pid": 185325, "rank": 0, "stage": "preference_size_before_pop", "timeout_sec": 30.0, "ts": "2026-10-04 16:02:27"}
[DBG] {"category": "QUEUE", "component": "train", "elapsed_sec": 0.00434, "event": "END:preference_size_before_pop", "host": "d6b2a058c4be", "pid": 185325, "rank": 0, "ts": "2026-10-04 16:02:27"}
[DBG] {"category": "QUEUE", "component": "train", "event": "trainer_queue_state", "host": "d6b2a058c4be", "pending": 0, "pid": 185325, "policy_version": 0, "rank": 0, "required": 4, "ts": "2026-10-04 16:02:27"}
[DBG] {"category": "QUEUE", "component": "train", "current_version": 0, "event": "BEGIN:preference_pop", "host": "d6b2a058c4be", "pid": 185325, "rank": 0, "requested": 4, "ts": "2026-10-04 16:02:27"}
[DBG] {"category": "QUEUE", "component": "train", "event": "watchdog_armed", "host": "d6b2a058c4be", "pid": 185325, "rank": 0, "stage": "preference_pop", "timeout_sec": 30.0, "ts": "2026-10-04 16:02:27"}
[DBG] {"category": "QUEUE", "component": "train", "elapsed_sec": 0.005631, "event": "END:preference_pop", "host": "d6b2a058c4be", "pid": 185325, "rank": 0, "ts": "2026-10-04 16:02:27"}
[DBG] {"category": "TRAIN", "component": "train", "event": "BEGIN:broadcast_preference_payload", "has_payload": false, "host": "d6b2a058c4be", "pid": 185325, "rank": 0, "transport": "json_uint8_gloo", "ts": "2026-10-04 16:02:27"}
[DBG] {"category": "TRAIN", "component": "train", "event": "watchdog_armed", "host": "d6b2a058c4be", "pid": 185325, "rank": 0, "stage": "broadcast_preference_payload", "timeout_sec": 30.0, "ts": "2026-10-04 16:02:27"}
[DBG] {"bytes": 0, "category": "TRAIN", "component": "train", "event": "BEGIN:broadcast_preference_length", "host": "d6b2a058c4be", "pid": 185325, "rank": 0, "transport": "gloo_cpu", "ts": "2026-10-04 16:02:27"}
[DBG] {"category": "TRAIN", "component": "train", "event": "watchdog_armed", "host": "d6b2a058c4be", "pid": 185325, "rank": 0, "stage": "broadcast_preference_length", "timeout_sec": 30.0, "ts": "2026-10-04 16:02:27"}
[DBG] {"category": "TRAIN", "component": "train", "elapsed_sec": 0.002016, "event": "END:broadcast_preference_length", "host": "d6b2a058c4be", "pid": 185325, "rank": 0, "ts": "2026-10-04 16:02:27"}
[DBG] {"category": "TRAIN", "component": "train", "event": "watchdog_armed", "host": "d6b2a058c4be", "pid": 185325, "rank": 0, "stage": "broadcast_preference_payload", "timeout_sec": 30.0, "ts": "2026-10-04 16:02:27"}
[DBG] {"category": "TRAIN", "component": "train", "elapsed_sec": 0.003258, "event": "END:broadcast_preference_payload", "host": "d6b2a058c4be", "pid": 185325, "rank": 0, "ts": "2026-10-04 16:02:27"}
[DBG] {"category": "RAY", "component": "train", "event": "BEGIN:control_should_stop", "host": "d6b2a058c4be", "pid": 185325, "rank": 0, "ts": "2026-10-04 16:02:28"}
[DBG] {"category": "RAY", "component": "train", "event": "watchdog_armed", "host": "d6b2a058c4be", "pid": 185325, "rank": 0, "stage": "control_should_stop", "timeout_sec": 30.0, "ts": "2026-10-04 16:02:28"}
[DBG] {"category": "RAY", "component": "train", "elapsed_sec": 0.00386, "event": "END:control_should_stop", "host": "d6b2a058c4be", "pid": 185325, "rank": 0, "ts": "2026-10-04 16:02:28"}
[DBG] {"category": "TRAIN", "component": "train", "event": "BEGIN:broadcast_stop_flag", "host": "d6b2a058c4be", "pid": 185325, "rank": 0, "transport": "gloo_cpu", "ts": "2026-10-04 16:02:28", "value": false}
[DBG] {"category": "TRAIN", "component": "train", "event": "watchdog_armed", "host": "d6b2a058c4be", "pid": 185325, "rank": 0, "stage": "broadcast_stop_flag", "timeout_sec": 30.0, "ts": "2026-10-04 16:02:28"}
[DBG] {"category": "TRAIN", "component": "train", "elapsed_sec": 0.00394, "event": "END:broadcast_stop_flag", "host": "d6b2a058c4be", "pid": 185325, "rank": 0, "ts": "2026-10-04 16:02:28"}
[DBG] {"category": "QUEUE", "component": "train", "event": "BEGIN:preference_size_before_pop", "host": "d6b2a058c4be", "pid": 185325, "rank": 0, "ts": "2026-10-04 16:02:28"}
[DBG] {"category": "QUEUE", "component": "train", "event": "watchdog_armed", "host": "d6b2a058c4be", "pid": 185325, "rank": 0, "stage": "preference_size_before_pop", "timeout_sec": 30.0, "ts": "2026-10-04 16:02:28"}
[DBG] {"category": "QUEUE", "component": "train", "elapsed_sec": 0.006206, "event": "END:preference_size_before_pop", "host": "d6b2a058c4be", "pid": 185325, "rank": 0, "ts": "2026-10-04 16:02:28"}
[DBG] {"category": "QUEUE", "component": "train", "event": "trainer_queue_state", "host": "d6b2a058c4be", "pending": 0, "pid": 185325, "policy_version": 0, "rank": 0, "required": 4, "ts": "2026-10-04 16:02:28"}
[DBG] {"category": "QUEUE", "component": "train", "current_version": 0, "event": "BEGIN:preference_pop", "host": "d6b2a058c4be", "pid": 185325, "rank": 0, "requested": 4, "ts": "2026-10-04 16:02:28"}
[DBG] {"category": "QUEUE", "component": "train", "event": "watchdog_armed", "host": "d6b2a058c4be", "pid": 185325, "rank": 0, "stage": "preference_pop", "timeout_sec": 30.0, "ts": "2026-10-04 16:02:28"}
[DBG] {"category": "QUEUE", "component": "train", "elapsed_sec": 0.008062, "event": "END:preference_pop", "host": "d6b2a058c4be", "pid": 185325, "rank": 0, "ts": "2026-10-04 16:02:28"}
[DBG] {"category": "TRAIN", "component": "train", "event": "BEGIN:broadcast_preference_payload", "has_payload": false, "host": "d6b2a058c4be", "pid": 185325, "rank": 0, "transport": "json_uint8_gloo", "ts": "2026-10-04 16:02:28"}
[DBG] {"category": "TRAIN", "component": "train", "event": "watchdog_armed", "host": "d6b2a058c4be", "pid": 185325, "rank": 0, "stage": "broadcast_preference_payload", "timeout_sec": 30.0, "ts": "2026-10-04 16:02:28"}
[DBG] {"bytes": 0, "category": "TRAIN", "component": "train", "event": "BEGIN:broadcast_preference_length", "host": "d6b2a058c4be", "pid": 185325, "rank": 0, "transport": "gloo_cpu", "ts": "2026-10-04 16:02:28"}
[DBG] {"category": "TRAIN", "component": "train", "event": "watchdog_armed", "host": "d6b2a058c4be", "pid": 185325, "rank": 0, "stage": "broadcast_preference_length", "timeout_sec": 30.0, "ts": "2026-10-04 16:02:28"}
[DBG] {"category": "TRAIN", "component": "train", "elapsed_sec": 0.003957, "event": "END:broadcast_preference_length", "host": "d6b2a058c4be", "pid": 185325, "rank": 0, "ts": "2026-10-04 16:02:28"}
[DBG] {"category": "TRAIN", "component": "train", "event": "watchdog_armed", "host": "d6b2a058c4be", "pid": 185325, "rank": 0, "stage": "broadcast_preference_payload", "timeout_sec": 30.0, "ts": "2026-10-04 16:02:28"}
[DBG] {"category": "TRAIN", "component": "train", "elapsed_sec": 0.005293, "event": "END:broadcast_preference_payload", "host": "d6b2a058c4be", "pid": 185325, "rank": 0, "ts": "2026-10-04 16:02:28"}
[DBG] {"category": "RAY", "component": "train", "event": "BEGIN:control_should_stop", "host": "d6b2a058c4be", "pid": 185325, "rank": 0, "ts": "2026-10-04 16:02:29"}
[DBG] {"category": "RAY", "component": "train", "event": "watchdog_armed", "host": "d6b2a058c4be", "pid": 185325, "rank": 0, "stage": "control_should_stop", "timeout_sec": 30.0, "ts": "2026-10-04 16:02:29"}
[DBG] {"category": "RAY", "component": "train", "elapsed_sec": 0.003802, "event": "END:control_should_stop", "host": "d6b2a058c4be", "pid": 185325, "rank": 0, "ts": "2026-10-04 16:02:29"}
[DBG] {"category": "TRAIN", "component": "train", "event": "BEGIN:broadcast_stop_flag", "host": "d6b2a058c4be", "pid": 185325, "rank": 0, "transport": "gloo_cpu", "ts": "2026-10-04 16:02:29", "value": false}
[DBG] {"category": "TRAIN", "component": "train", "event": "watchdog_armed", "host": "d6b2a058c4be", "pid": 185325, "rank": 0, "stage": "broadcast_stop_flag", "timeout_sec": 30.0, "ts": "2026-10-04 16:02:29"}
[DBG] {"category": "TRAIN", "component": "train", "elapsed_sec": 0.004532, "event": "END:broadcast_stop_flag", "host": "d6b2a058c4be", "pid": 185325, "rank": 0, "ts": "2026-10-04 16:02:29"}
[DBG] {"category": "QUEUE", "component": "train", "event": "BEGIN:preference_size_before_pop", "host": "d6b2a058c4be", "pid": 185325, "rank": 0, "ts": "2026-10-04 16:02:29"}
[DBG] {"category": "QUEUE", "component": "train", "event": "watchdog_armed", "host": "d6b2a058c4be", "pid": 185325, "rank": 0, "stage": "preference_size_before_pop", "timeout_sec": 30.0, "ts": "2026-10-04 16:02:29"}
[DBG] {"category": "QUEUE", "component": "train", "elapsed_sec": 0.00632, "event": "END:preference_size_before_pop", "host": "d6b2a058c4be", "pid": 185325, "rank": 0, "ts": "2026-10-04 16:02:29"}
[DBG] {"category": "QUEUE", "component": "train", "event": "trainer_queue_state", "host": "d6b2a058c4be", "pending": 0, "pid": 185325, "policy_version": 0, "rank": 0, "required": 4, "ts": "2026-10-04 16:02:29"}
[DBG] {"category": "QUEUE", "component": "train", "current_version": 0, "event": "BEGIN:preference_pop", "host": "d6b2a058c4be", "pid": 185325, "rank": 0, "requested": 4, "ts": "2026-10-04 16:02:29"}
[DBG] {"category": "QUEUE", "component": "train", "event": "watchdog_armed", "host": "d6b2a058c4be", "pid": 185325, "rank": 0, "stage": "preference_pop", "timeout_sec": 30.0, "ts": "2026-10-04 16:02:29"}
[DBG] {"category": "QUEUE", "component": "train", "elapsed_sec": 0.008642, "event": "END:preference_pop", "host": "d6b2a058c4be", "pid": 185325, "rank": 0, "ts": "2026-10-04 16:02:29"}
[DBG] {"category": "TRAIN", "component": "train", "event": "BEGIN:broadcast_preference_payload", "has_payload": false, "host": "d6b2a058c4be", "pid": 185325, "rank": 0, "transport": "json_uint8_gloo", "ts": "2026-10-04 16:02:29"}
[DBG] {"category": "TRAIN", "component": "train", "event": "watchdog_armed", "host": "d6b2a058c4be", "pid": 185325, "rank": 0, "stage": "broadcast_preference_payload", "timeout_sec": 30.0, "ts": "2026-10-04 16:02:29"}
[DBG] {"bytes": 0, "category": "TRAIN", "component": "train", "event": "BEGIN:broadcast_preference_length", "host": "d6b2a058c4be", "pid": 185325, "rank": 0, "transport": "gloo_cpu", "ts": "2026-10-04 16:02:29"}
[DBG] {"category": "TRAIN", "component": "train", "event": "watchdog_armed", "host": "d6b2a058c4be", "pid": 185325, "rank": 0, "stage": "broadcast_preference_length", "timeout_sec": 30.0, "ts": "2026-10-04 16:02:29"}
[DBG] {"category": "TRAIN", "component": "train", "elapsed_sec": 0.003576, "event": "END:broadcast_preference_length", "host": "d6b2a058c4be", "pid": 185325, "rank": 0, "ts": "2026-10-04 16:02:29"}
[DBG] {"category": "TRAIN", "component": "train", "event": "watchdog_armed", "host": "d6b2a058c4be", "pid": 185325, "rank": 0, "stage": "broadcast_preference_payload", "timeout_sec": 30.0, "ts": "2026-10-04 16:02:29"}
[DBG] {"category": "TRAIN", "component": "train", "elapsed_sec": 0.004945, "event": "END:broadcast_preference_payload", "host": "d6b2a058c4be", "pid": 185325, "rank": 0, "ts": "2026-10-04 16:02:29"}
[DBG] {"category": "RAY", "component": "train", "event": "BEGIN:control_should_stop", "host": "d6b2a058c4be", "pid": 185325, "rank": 0, "ts": "2026-10-04 16:02:29"}
[DBG] {"category": "RAY", "component": "train", "event": "watchdog_armed", "host": "d6b2a058c4be", "pid": 185325, "rank": 0, "stage": "control_should_stop", "timeout_sec": 30.0, "ts": "2026-10-04 16:02:29"}
[DBG] {"category": "RAY", "component": "train", "elapsed_sec": 0.003817, "event": "END:control_should_stop", "host": "d6b2a058c4be", "pid": 185325, "rank": 0, "ts": "2026-10-04 16:02:29"}
[DBG] {"category": "TRAIN", "component": "train", "event": "BEGIN:broadcast_stop_flag", "host": "d6b2a058c4be", "pid": 185325, "rank": 0, "transport": "gloo_cpu", "ts": "2026-10-04 16:02:29", "value": false}
[DBG] {"category": "TRAIN", "component": "train", "event": "watchdog_armed", "host": "d6b2a058c4be", "pid": 185325, "rank": 0, "stage": "broadcast_stop_flag", "timeout_sec": 30.0, "ts": "2026-10-04 16:02:29"}
[DBG] {"category": "TRAIN", "component": "train", "elapsed_sec": 0.004019, "event": "END:broadcast_stop_flag", "host": "d6b2a058c4be", "pid": 185325, "rank": 0, "ts": "2026-10-04 16:02:29"}
[DBG] {"category": "QUEUE", "component": "train", "event": "BEGIN:preference_size_before_pop", "host": "d6b2a058c4be", "pid": 185325, "rank": 0, "ts": "2026-10-04 16:02:29"}
[DBG] {"category": "QUEUE", "component": "train", "event": "watchdog_armed", "host": "d6b2a058c4be", "pid": 185325, "rank": 0, "stage": "preference_size_before_pop", "timeout_sec": 30.0, "ts": "2026-10-04 16:02:29"}
[DBG] {"category": "QUEUE", "component": "train", "elapsed_sec": 0.006918, "event": "END:preference_size_before_pop", "host": "d6b2a058c4be", "pid": 185325, "rank": 0, "ts": "2026-10-04 16:02:29"}
[DBG] {"category": "QUEUE", "component": "train", "event": "trainer_queue_state", "host": "d6b2a058c4be", "pending": 0, "pid": 185325, "policy_version": 0, "rank": 0, "required": 4, "ts": "2026-10-04 16:02:29"}
[DBG] {"category": "QUEUE", "component": "train", "current_version": 0, "event": "BEGIN:preference_pop", "host": "d6b2a058c4be", "pid": 185325, "rank": 0, "requested": 4, "ts": "2026-10-04 16:02:29"}
[DBG] {"category": "QUEUE", "component": "train", "event": "watchdog_armed", "host": "d6b2a058c4be", "pid": 185325, "rank": 0, "stage": "preference_pop", "timeout_sec": 30.0, "ts": "2026-10-04 16:02:29"}
[DBG] {"category": "QUEUE", "component": "train", "elapsed_sec": 0.00781, "event": "END:preference_pop", "host": "d6b2a058c4be", "pid": 185325, "rank": 0, "ts": "2026-10-04 16:02:29"}
[DBG] {"category": "TRAIN", "component": "train", "event": "BEGIN:broadcast_preference_payload", "has_payload": false, "host": "d6b2a058c4be", "pid": 185325, "rank": 0, "transport": "json_uint8_gloo", "ts": "2026-10-04 16:02:29"}
[DBG] {"category": "TRAIN", "component": "train", "event": "watchdog_armed", "host": "d6b2a058c4be", "pid": 185325, "rank": 0, "stage": "broadcast_preference_payload", "timeout_sec": 30.0, "ts": "2026-10-04 16:02:29"}
[DBG] {"bytes": 0, "category": "TRAIN", "component": "train", "event": "BEGIN:broadcast_preference_length", "host": "d6b2a058c4be", "pid": 185325, "rank": 0, "transport": "gloo_cpu", "ts": "2026-10-04 16:02:29"}
[DBG] {"category": "TRAIN", "component": "train", "event": "watchdog_armed", "host": "d6b2a058c4be", "pid": 185325, "rank": 0, "stage": "broadcast_preference_length", "timeout_sec": 30.0, "ts": "2026-10-04 16:02:29"}
[DBG] {"category": "TRAIN", "component": "train", "elapsed_sec": 0.002304, "event": "END:broadcast_preference_length", "host": "d6b2a058c4be", "pid": 185325, "rank": 0, "ts": "2026-10-04 16:02:29"}
[DBG] {"category": "TRAIN", "component": "train", "event": "watchdog_armed", "host": "d6b2a058c4be", "pid": 185325, "rank": 0, "stage": "broadcast_preference_payload", "timeout_sec": 30.0, "ts": "2026-10-04 16:02:29"}
[DBG] {"category": "TRAIN", "component": "train", "elapsed_sec": 0.003493, "event": "END:broadcast_preference_payload", "host": "d6b2a058c4be", "pid": 185325, "rank": 0, "ts": "2026-10-04 16:02:29"}
[DBG] {"category": "RAY", "component": "train", "event": "BEGIN:control_should_stop", "host": "d6b2a058c4be", "pid": 185325, "rank": 0, "ts": "2026-10-04 16:02:30"}
[DBG] {"category": "RAY", "component": "train", "event": "watchdog_armed", "host": "d6b2a058c4be", "pid": 185325, "rank": 0, "stage": "control_should_stop", "timeout_sec": 30.0, "ts": "2026-10-04 16:02:30"}
[DBG] {"category": "RAY", "component": "train", "elapsed_sec": 0.011918, "event": "END:control_should_stop", "host": "d6b2a058c4be", "pid": 185325, "rank": 0, "ts": "2026-10-04 16:02:30"}
[DBG] {"category": "TRAIN", "component": "train", "event": "BEGIN:broadcast_stop_flag", "host": "d6b2a058c4be", "pid": 185325, "rank": 0, "transport": "gloo_cpu", "ts": "2026-10-04 16:02:30", "value": false}
[DBG] {"category": "TRAIN", "component": "train", "event": "watchdog_armed", "host": "d6b2a058c4be", "pid": 185325, "rank": 0, "stage": "broadcast_stop_flag", "timeout_sec": 30.0, "ts": "2026-10-04 16:02:30"}
[DBG] {"category": "TRAIN", "component": "train", "elapsed_sec": 0.004009, "event": "END:broadcast_stop_flag", "host": "d6b2a058c4be", "pid": 185325, "rank": 0, "ts": "2026-10-04 16:02:30"}
[DBG] {"category": "QUEUE", "component": "train", "event": "BEGIN:preference_size_before_pop", "host": "d6b2a058c4be", "pid": 185325, "rank": 0, "ts": "2026-10-04 16:02:30"}
[DBG] {"category": "QUEUE", "component": "train", "event": "watchdog_armed", "host": "d6b2a058c4be", "pid": 185325, "rank": 0, "stage": "preference_size_before_pop", "timeout_sec": 30.0, "ts": "2026-10-04 16:02:30"}
[DBG] {"category": "QUEUE", "component": "train", "elapsed_sec": 0.005376, "event": "END:preference_size_before_pop", "host": "d6b2a058c4be", "pid": 185325, "rank": 0, "ts": "2026-10-04 16:02:30"}
[DBG] {"category": "QUEUE", "component": "train", "event": "trainer_queue_state", "host": "d6b2a058c4be", "pending": 0, "pid": 185325, "policy_version": 0, "rank": 0, "required": 4, "ts": "2026-10-04 16:02:30"}
[DBG] {"category": "QUEUE", "component": "train", "current_version": 0, "event": "BEGIN:preference_pop", "host": "d6b2a058c4be", "pid": 185325, "rank": 0, "requested": 4, "ts": "2026-10-04 16:02:30"}
[DBG] {"category": "QUEUE", "component": "train", "event": "watchdog_armed", "host": "d6b2a058c4be", "pid": 185325, "rank": 0, "stage": "preference_pop", "timeout_sec": 30.0, "ts": "2026-10-04 16:02:30"}
[DBG] {"category": "QUEUE", "component": "train", "elapsed_sec": 0.007674, "event": "END:preference_pop", "host": "d6b2a058c4be", "pid": 185325, "rank": 0, "ts": "2026-10-04 16:02:30"}
[DBG] {"category": "TRAIN", "component": "train", "event": "BEGIN:broadcast_preference_payload", "has_payload": false, "host": "d6b2a058c4be", "pid": 185325, "rank": 0, "transport": "json_uint8_gloo", "ts": "2026-10-04 16:02:30"}
[DBG] {"category": "TRAIN", "component": "train", "event": "watchdog_armed", "host": "d6b2a058c4be", "pid": 185325, "rank": 0, "stage": "broadcast_preference_payload", "timeout_sec": 30.0, "ts": "2026-10-04 16:02:30"}
[DBG] {"bytes": 0, "category": "TRAIN", "component": "train", "event": "BEGIN:broadcast_preference_length", "host": "d6b2a058c4be", "pid": 185325, "rank": 0, "transport": "gloo_cpu", "ts": "2026-10-04 16:02:30"}
[DBG] {"category": "TRAIN", "component": "train", "event": "watchdog_armed", "host": "d6b2a058c4be", "pid": 185325, "rank": 0, "stage": "broadcast_preference_length", "timeout_sec": 30.0, "ts": "2026-10-04 16:02:30"}
[DBG] {"category": "TRAIN", "component": "train", "elapsed_sec": 0.004807, "event": "END:broadcast_preference_length", "host": "d6b2a058c4be", "pid": 185325, "rank": 0, "ts": "2026-10-04 16:02:30"}
[DBG] {"category": "TRAIN", "component": "train", "event": "watchdog_armed", "host": "d6b2a058c4be", "pid": 185325, "rank": 0, "stage": "broadcast_preference_payload", "timeout_sec": 30.0, "ts": "2026-10-04 16:02:30"}
[DBG] {"category": "TRAIN", "component": "train", "elapsed_sec": 0.006561, "event": "END:broadcast_preference_payload", "host": "d6b2a058c4be", "pid": 185325, "rank": 0, "ts": "2026-10-04 16:02:30"}
[DBG] {"category": "RAY", "component": "train", "event": "BEGIN:control_should_stop", "host": "d6b2a058c4be", "pid": 185325, "rank": 0, "ts": "2026-10-04 16:02:30"}
[DBG] {"category": "RAY", "component": "train", "event": "watchdog_armed", "host": "d6b2a058c4be", "pid": 185325, "rank": 0, "stage": "control_should_stop", "timeout_sec": 30.0, "ts": "2026-10-04 16:02:30"}
[DBG] {"category": "RAY", "component": "train", "elapsed_sec": 0.00319, "event": "END:control_should_stop", "host": "d6b2a058c4be", "pid": 185325, "rank": 0, "ts": "2026-10-04 16:02:30"}
[DBG] {"category": "TRAIN", "component": "train", "event": "BEGIN:broadcast_stop_flag", "host": "d6b2a058c4be", "pid": 185325, "rank": 0, "transport": "gloo_cpu", "ts": "2026-10-04 16:02:30", "value": false}
[DBG] {"category": "TRAIN", "component": "train", "event": "watchdog_armed", "host": "d6b2a058c4be", "pid": 185325, "rank": 0, "stage": "broadcast_stop_flag", "timeout_sec": 30.0, "ts": "2026-10-04 16:02:30"}
[DBG] {"category": "TRAIN", "component": "train", "elapsed_sec": 0.002492, "event": "END:broadcast_stop_flag", "host": "d6b2a058c4be", "pid": 185325, "rank": 0, "ts": "2026-10-04 16:02:30"}
[DBG] {"category": "QUEUE", "component": "train", "event": "BEGIN:preference_size_before_pop", "host": "d6b2a058c4be", "pid": 185325, "rank": 0, "ts": "2026-10-04 16:02:30"}
[DBG] {"category": "QUEUE", "component": "train", "event": "watchdog_armed", "host": "d6b2a058c4be", "pid": 185325, "rank": 0, "stage": "preference_size_before_pop", "timeout_sec": 30.0, "ts": "2026-10-04 16:02:30"}
[DBG] {"category": "QUEUE", "component": "train", "elapsed_sec": 0.004082, "event": "END:preference_size_before_pop", "host": "d6b2a058c4be", "pid": 185325, "rank": 0, "ts": "2026-10-04 16:02:30"}
[DBG] {"category": "QUEUE", "component": "train", "event": "trainer_queue_state", "host": "d6b2a058c4be", "pending": 0, "pid": 185325, "policy_version": 0, "rank": 0, "required": 4, "ts": "2026-10-04 16:02:30"}
[DBG] {"category": "QUEUE", "component": "train", "current_version": 0, "event": "BEGIN:preference_pop", "host": "d6b2a058c4be", "pid": 185325, "rank": 0, "requested": 4, "ts": "2026-10-04 16:02:30"}
[DBG] {"category": "QUEUE", "component": "train", "event": "watchdog_armed", "host": "d6b2a058c4be", "pid": 185325, "rank": 0, "stage": "preference_pop", "timeout_sec": 30.0, "ts": "2026-10-04 16:02:30"}
[DBG] {"category": "QUEUE", "component": "train", "elapsed_sec": 0.005099, "event": "END:preference_pop", "host": "d6b2a058c4be", "pid": 185325, "rank": 0, "ts": "2026-10-04 16:02:30"}
[DBG] {"category": "TRAIN", "component": "train", "event": "BEGIN:broadcast_preference_payload", "has_payload": false, "host": "d6b2a058c4be", "pid": 185325, "rank": 0, "transport": "json_uint8_gloo", "ts": "2026-10-04 16:02:30"}
[DBG] {"category": "TRAIN", "component": "train", "event": "watchdog_armed", "host": "d6b2a058c4be", "pid": 185325, "rank": 0, "stage": "broadcast_preference_payload", "timeout_sec": 30.0, "ts": "2026-10-04 16:02:30"}
[DBG] {"bytes": 0, "category": "TRAIN", "component": "train", "event": "BEGIN:broadcast_preference_length", "host": "d6b2a058c4be", "pid": 185325, "rank": 0, "transport": "gloo_cpu", "ts": "2026-10-04 16:02:30"}
[DBG] {"category": "TRAIN", "component": "train", "event": "watchdog_armed", "host": "d6b2a058c4be", "pid": 185325, "rank": 0, "stage": "broadcast_preference_length", "timeout_sec": 30.0, "ts": "2026-10-04 16:02:30"}
[DBG] {"category": "TRAIN", "component": "train", "elapsed_sec": 0.00225, "event": "END:broadcast_preference_length", "host": "d6b2a058c4be", "pid": 185325, "rank": 0, "ts": "2026-10-04 16:02:30"}
[DBG] {"category": "TRAIN", "component": "train", "event": "watchdog_armed", "host": "d6b2a058c4be", "pid": 185325, "rank": 0, "stage": "broadcast_preference_payload", "timeout_sec": 30.0, "ts": "2026-10-04 16:02:30"}
[DBG] {"category": "TRAIN", "component": "train", "elapsed_sec": 0.003449, "event": "END:broadcast_preference_payload", "host": "d6b2a058c4be", "pid": 185325, "rank": 0, "ts": "2026-10-04 16:02:30"}
[DBG] {"category": "RAY", "component": "train", "event": "BEGIN:control_should_stop", "host": "d6b2a058c4be", "pid": 185325, "rank": 0, "ts": "2026-10-04 16:02:31"}
[DBG] {"category": "RAY", "component": "train", "event": "watchdog_armed", "host": "d6b2a058c4be", "pid": 185325, "rank": 0, "stage": "control_should_stop", "timeout_sec": 30.0, "ts": "2026-10-04 16:02:31"}
[DBG] {"category": "RAY", "component": "train", "elapsed_sec": 0.003072, "event": "END:control_should_stop", "host": "d6b2a058c4be", "pid": 185325, "rank": 0, "ts": "2026-10-04 16:02:31"}
[DBG] {"category": "TRAIN", "component": "train", "event": "BEGIN:broadcast_stop_flag", "host": "d6b2a058c4be", "pid": 185325, "rank": 0, "transport": "gloo_cpu", "ts": "2026-10-04 16:02:31", "value": false}
[DBG] {"category": "TRAIN", "component": "train", "event": "watchdog_armed", "host": "d6b2a058c4be", "pid": 185325, "rank": 0, "stage": "broadcast_stop_flag", "timeout_sec": 30.0, "ts": "2026-10-04 16:02:31"}
[DBG] {"category": "TRAIN", "component": "train", "elapsed_sec": 0.002564, "event": "END:broadcast_stop_flag", "host": "d6b2a058c4be", "pid": 185325, "rank": 0, "ts": "2026-10-04 16:02:31"}
[DBG] {"category": "QUEUE", "component": "train", "event": "BEGIN:preference_size_before_pop", "host": "d6b2a058c4be", "pid": 185325, "rank": 0, "ts": "2026-10-04 16:02:31"}
[DBG] {"category": "QUEUE", "component": "train", "event": "watchdog_armed", "host": "d6b2a058c4be", "pid": 185325, "rank": 0, "stage": "preference_size_before_pop", "timeout_sec": 30.0, "ts": "2026-10-04 16:02:31"}
[DBG] {"category": "QUEUE", "component": "train", "elapsed_sec": 0.004437, "event": "END:preference_size_before_pop", "host": "d6b2a058c4be", "pid": 185325, "rank": 0, "ts": "2026-10-04 16:02:31"}
[DBG] {"category": "QUEUE", "component": "train", "event": "trainer_queue_state", "host": "d6b2a058c4be", "pending": 0, "pid": 185325, "policy_version": 0, "rank": 0, "required": 4, "ts": "2026-10-04 16:02:31"}
[DBG] {"category": "QUEUE", "component": "train", "current_version": 0, "event": "BEGIN:preference_pop", "host": "d6b2a058c4be", "pid": 185325, "rank": 0, "requested": 4, "ts": "2026-10-04 16:02:31"}
[DBG] {"category": "QUEUE", "component": "train", "event": "watchdog_armed", "host": "d6b2a058c4be", "pid": 185325, "rank": 0, "stage": "preference_pop", "timeout_sec": 30.0, "ts": "2026-10-04 16:02:31"}
[DBG] {"category": "QUEUE", "component": "train", "elapsed_sec": 0.006104, "event": "END:preference_pop", "host": "d6b2a058c4be", "pid": 185325, "rank": 0, "ts": "2026-10-04 16:02:31"}
[DBG] {"category": "TRAIN", "component": "train", "event": "BEGIN:broadcast_preference_payload", "has_payload": false, "host": "d6b2a058c4be", "pid": 185325, "rank": 0, "transport": "json_uint8_gloo", "ts": "2026-10-04 16:02:31"}
[DBG] {"category": "TRAIN", "component": "train", "event": "watchdog_armed", "host": "d6b2a058c4be", "pid": 185325, "rank": 0, "stage": "broadcast_preference_payload", "timeout_sec": 30.0, "ts": "2026-10-04 16:02:31"}
[DBG] {"bytes": 0, "category": "TRAIN", "component": "train", "event": "BEGIN:broadcast_preference_length", "host": "d6b2a058c4be", "pid": 185325, "rank": 0, "transport": "gloo_cpu", "ts": "2026-10-04 16:02:31"}
[DBG] {"category": "TRAIN", "component": "train", "event": "watchdog_armed", "host": "d6b2a058c4be", "pid": 185325, "rank": 0, "stage": "broadcast_preference_length", "timeout_sec": 30.0, "ts": "2026-10-04 16:02:31"}
[DBG] {"category": "TRAIN", "component": "train", "elapsed_sec": 0.002205, "event": "END:broadcast_preference_length", "host": "d6b2a058c4be", "pid": 185325, "rank": 0, "ts": "2026-10-04 16:02:31"}
[DBG] {"category": "TRAIN", "component": "train", "event": "watchdog_armed", "host": "d6b2a058c4be", "pid": 185325, "rank": 0, "stage": "broadcast_preference_payload", "timeout_sec": 30.0, "ts": "2026-10-04 16:02:31"}
[DBG] {"category": "TRAIN", "component": "train", "elapsed_sec": 0.00342, "event": "END:broadcast_preference_payload", "host": "d6b2a058c4be", "pid": 185325, "rank": 0, "ts": "2026-10-04 16:02:31"}
[DBG] {"category": "RAY", "component": "train", "event": "BEGIN:control_should_stop", "host": "d6b2a058c4be", "pid": 185325, "rank": 0, "ts": "2026-10-04 16:02:31"}
[DBG] {"category": "RAY", "component": "train", "event": "watchdog_armed", "host": "d6b2a058c4be", "pid": 185325, "rank": 0, "stage": "control_should_stop", "timeout_sec": 30.0, "ts": "2026-10-04 16:02:31"}
[DBG] {"category": "RAY", "component": "train", "elapsed_sec": 0.003083, "event": "END:control_should_stop", "host": "d6b2a058c4be", "pid": 185325, "rank": 0, "ts": "2026-10-04 16:02:31"}
[DBG] {"category": "TRAIN", "component": "train", "event": "BEGIN:broadcast_stop_flag", "host": "d6b2a058c4be", "pid": 185325, "rank": 0, "transport": "gloo_cpu", "ts": "2026-10-04 16:02:31", "value": false}
[DBG] {"category": "TRAIN", "component": "train", "event": "watchdog_armed", "host": "d6b2a058c4be", "pid": 185325, "rank": 0, "stage": "broadcast_stop_flag", "timeout_sec": 30.0, "ts": "2026-10-04 16:02:31"}
[DBG] {"category": "TRAIN", "component": "train", "elapsed_sec": 0.002352, "event": "END:broadcast_stop_flag", "host": "d6b2a058c4be", "pid": 185325, "rank": 0, "ts": "2026-10-04 16:02:31"}
[DBG] {"category": "QUEUE", "component": "train", "event": "BEGIN:preference_size_before_pop", "host": "d6b2a058c4be", "pid": 185325, "rank": 0, "ts": "2026-10-04 16:02:31"}
[DBG] {"category": "QUEUE", "component": "train", "event": "watchdog_armed", "host": "d6b2a058c4be", "pid": 185325, "rank": 0, "stage": "preference_size_before_pop", "timeout_sec": 30.0, "ts": "2026-10-04 16:02:31"}
[DBG] {"category": "QUEUE", "component": "train", "elapsed_sec": 0.00473, "event": "END:preference_size_before_pop", "host": "d6b2a058c4be", "pid": 185325, "rank": 0, "ts": "2026-10-04 16:02:31"}
[DBG] {"category": "QUEUE", "component": "train", "event": "trainer_queue_state", "host": "d6b2a058c4be", "pending": 0, "pid": 185325, "policy_version": 0, "rank": 0, "required": 4, "ts": "2026-10-04 16:02:31"}
[DBG] {"category": "QUEUE", "component": "train", "current_version": 0, "event": "BEGIN:preference_pop", "host": "d6b2a058c4be", "pid": 185325, "rank": 0, "requested": 4, "ts": "2026-10-04 16:02:31"}
[DBG] {"category": "QUEUE", "component": "train", "event": "watchdog_armed", "host": "d6b2a058c4be", "pid": 185325, "rank": 0, "stage": "preference_pop", "timeout_sec": 30.0, "ts": "2026-10-04 16:02:31"}
[DBG] {"category": "QUEUE", "component": "train", "elapsed_sec": 0.00548, "event": "END:preference_pop", "host": "d6b2a058c4be", "pid": 185325, "rank": 0, "ts": "2026-10-04 16:02:31"}
[DBG] {"category": "TRAIN", "component": "train", "empty_polls": 80, "event": "waiting_for_preference_batch", "host": "d6b2a058c4be", "pending": 0, "pid": 185325, "rank": 0, "required": 4, "ts": "2026-10-04 16:02:31"}
[DBG] {"category": "TRAIN", "component": "train", "event": "BEGIN:broadcast_preference_payload", "has_payload": false, "host": "d6b2a058c4be", "pid": 185325, "rank": 0, "transport": "json_uint8_gloo", "ts": "2026-10-04 16:02:31"}
[DBG] {"category": "TRAIN", "component": "train", "event": "watchdog_armed", "host": "d6b2a058c4be", "pid": 185325, "rank": 0, "stage": "broadcast_preference_payload", "timeout_sec": 30.0, "ts": "2026-10-04 16:02:31"}
[DBG] {"bytes": 0, "category": "TRAIN", "component": "train", "event": "BEGIN:broadcast_preference_length", "host": "d6b2a058c4be", "pid": 185325, "rank": 0, "transport": "gloo_cpu", "ts": "2026-10-04 16:02:31"}
[DBG] {"category": "TRAIN", "component": "train", "event": "watchdog_armed", "host": "d6b2a058c4be", "pid": 185325, "rank": 0, "stage": "broadcast_preference_length", "timeout_sec": 30.0, "ts": "2026-10-04 16:02:31"}
[DBG] {"category": "TRAIN", "component": "train", "elapsed_sec": 0.001973, "event": "END:broadcast_preference_length", "host": "d6b2a058c4be", "pid": 185325, "rank": 0, "ts": "2026-10-04 16:02:31"}
[DBG] {"category": "TRAIN", "component": "train", "event": "watchdog_armed", "host": "d6b2a058c4be", "pid": 185325, "rank": 0, "stage": "broadcast_preference_payload", "timeout_sec": 30.0, "ts": "2026-10-04 16:02:31"}
[DBG] {"category": "TRAIN", "component": "train", "elapsed_sec": 0.003232, "event": "END:broadcast_preference_payload", "host": "d6b2a058c4be", "pid": 185325, "rank": 0, "ts": "2026-10-04 16:02:31"}
[DBG] {"category": "RAY", "component": "train", "event": "BEGIN:control_should_stop", "host": "d6b2a058c4be", "pid": 185325, "rank": 0, "ts": "2026-10-04 16:02:32"}
[DBG] {"category": "RAY", "component": "train", "event": "watchdog_armed", "host": "d6b2a058c4be", "pid": 185325, "rank": 0, "stage": "control_should_stop", "timeout_sec": 30.0, "ts": "2026-10-04 16:02:32"}
[DBG] {"category": "RAY", "component": "train", "elapsed_sec": 0.003109, "event": "END:control_should_stop", "host": "d6b2a058c4be", "pid": 185325, "rank": 0, "ts": "2026-10-04 16:02:32"}
[DBG] {"category": "TRAIN", "component": "train", "event": "BEGIN:broadcast_stop_flag", "host": "d6b2a058c4be", "pid": 185325, "rank": 0, "transport": "gloo_cpu", "ts": "2026-10-04 16:02:32", "value": false}
[DBG] {"category": "TRAIN", "component": "train", "event": "watchdog_armed", "host": "d6b2a058c4be", "pid": 185325, "rank": 0, "stage": "broadcast_stop_flag", "timeout_sec": 30.0, "ts": "2026-10-04 16:02:32"}
[DBG] {"category": "TRAIN", "component": "train", "elapsed_sec": 0.0024, "event": "END:broadcast_stop_flag", "host": "d6b2a058c4be", "pid": 185325, "rank": 0, "ts": "2026-10-04 16:02:32"}
[DBG] {"category": "QUEUE", "component": "train", "event": "BEGIN:preference_size_before_pop", "host": "d6b2a058c4be", "pid": 185325, "rank": 0, "ts": "2026-10-04 16:02:32"}
[DBG] {"category": "QUEUE", "component": "train", "event": "watchdog_armed", "host": "d6b2a058c4be", "pid": 185325, "rank": 0, "stage": "preference_size_before_pop", "timeout_sec": 30.0, "ts": "2026-10-04 16:02:32"}
[DBG] {"category": "QUEUE", "component": "train", "elapsed_sec": 0.004391, "event": "END:preference_size_before_pop", "host": "d6b2a058c4be", "pid": 185325, "rank": 0, "ts": "2026-10-04 16:02:32"}
[DBG] {"category": "QUEUE", "component": "train", "event": "trainer_queue_state", "host": "d6b2a058c4be", "pending": 0, "pid": 185325, "policy_version": 0, "rank": 0, "required": 4, "ts": "2026-10-04 16:02:32"}
[DBG] {"category": "QUEUE", "component": "train", "current_version": 0, "event": "BEGIN:preference_pop", "host": "d6b2a058c4be", "pid": 185325, "rank": 0, "requested": 4, "ts": "2026-10-04 16:02:32"}
[DBG] {"category": "QUEUE", "component": "train", "event": "watchdog_armed", "host": "d6b2a058c4be", "pid": 185325, "rank": 0, "stage": "preference_pop", "timeout_sec": 30.0, "ts": "2026-10-04 16:02:32"}
[DBG] {"category": "QUEUE", "component": "train", "elapsed_sec": 0.005483, "event": "END:preference_pop", "host": "d6b2a058c4be", "pid": 185325, "rank": 0, "ts": "2026-10-04 16:02:32"}
[DBG] {"category": "TRAIN", "component": "train", "event": "BEGIN:broadcast_preference_payload", "has_payload": false, "host": "d6b2a058c4be", "pid": 185325, "rank": 0, "transport": "json_uint8_gloo", "ts": "2026-10-04 16:02:32"}
[DBG] {"category": "TRAIN", "component": "train", "event": "watchdog_armed", "host": "d6b2a058c4be", "pid": 185325, "rank": 0, "stage": "broadcast_preference_payload", "timeout_sec": 30.0, "ts": "2026-10-04 16:02:32"}
[DBG] {"bytes": 0, "category": "TRAIN", "component": "train", "event": "BEGIN:broadcast_preference_length", "host": "d6b2a058c4be", "pid": 185325, "rank": 0, "transport": "gloo_cpu", "ts": "2026-10-04 16:02:32"}
[DBG] {"category": "TRAIN", "component": "train", "event": "watchdog_armed", "host": "d6b2a058c4be", "pid": 185325, "rank": 0, "stage": "broadcast_preference_length", "timeout_sec": 30.0, "ts": "2026-10-04 16:02:32"}
[DBG] {"category": "TRAIN", "component": "train", "elapsed_sec": 0.002081, "event": "END:broadcast_preference_length", "host": "d6b2a058c4be", "pid": 185325, "rank": 0, "ts": "2026-10-04 16:02:32"}
[DBG] {"category": "TRAIN", "component": "train", "event": "watchdog_armed", "host": "d6b2a058c4be", "pid": 185325, "rank": 0, "stage": "broadcast_preference_payload", "timeout_sec": 30.0, "ts": "2026-10-04 16:02:32"}
[DBG] {"category": "TRAIN", "component": "train", "elapsed_sec": 0.00328, "event": "END:broadcast_preference_payload", "host": "d6b2a058c4be", "pid": 185325, "rank": 0, "ts": "2026-10-04 16:02:32"}
[DBG] {"category": "RAY", "component": "train", "event": "BEGIN:control_should_stop", "host": "d6b2a058c4be", "pid": 185325, "rank": 0, "ts": "2026-10-04 16:02:32"}
[DBG] {"category": "RAY", "component": "train", "event": "watchdog_armed", "host": "d6b2a058c4be", "pid": 185325, "rank": 0, "stage": "control_should_stop", "timeout_sec": 30.0, "ts": "2026-10-04 16:02:32"}
[DBG] {"category": "RAY", "component": "train", "elapsed_sec": 0.003035, "event": "END:control_should_stop", "host": "d6b2a058c4be", "pid": 185325, "rank": 0, "ts": "2026-10-04 16:02:32"}
[DBG] {"category": "TRAIN", "component": "train", "event": "BEGIN:broadcast_stop_flag", "host": "d6b2a058c4be", "pid": 185325, "rank": 0, "transport": "gloo_cpu", "ts": "2026-10-04 16:02:32", "value": false}
[DBG] {"category": "TRAIN", "component": "train", "event": "watchdog_armed", "host": "d6b2a058c4be", "pid": 185325, "rank": 0, "stage": "broadcast_stop_flag", "timeout_sec": 30.0, "ts": "2026-10-04 16:02:32"}
[DBG] {"category": "TRAIN", "component": "train", "elapsed_sec": 0.002413, "event": "END:broadcast_stop_flag", "host": "d6b2a058c4be", "pid": 185325, "rank": 0, "ts": "2026-10-04 16:02:32"}
[DBG] {"category": "QUEUE", "component": "train", "event": "BEGIN:preference_size_before_pop", "host": "d6b2a058c4be", "pid": 185325, "rank": 0, "ts": "2026-10-04 16:02:32"}
[DBG] {"category": "QUEUE", "component": "train", "event": "watchdog_armed", "host": "d6b2a058c4be", "pid": 185325, "rank": 0, "stage": "preference_size_before_pop", "timeout_sec": 30.0, "ts": "2026-10-04 16:02:32"}
[DBG] {"category": "QUEUE", "component": "train", "elapsed_sec": 0.006342, "event": "END:preference_size_before_pop", "host": "d6b2a058c4be", "pid": 185325, "rank": 0, "ts": "2026-10-04 16:02:32"}
[DBG] {"category": "QUEUE", "component": "train", "event": "trainer_queue_state", "host": "d6b2a058c4be", "pending": 0, "pid": 185325, "policy_version": 0, "rank": 0, "required": 4, "ts": "2026-10-04 16:02:32"}
[DBG] {"category": "QUEUE", "component": "train", "current_version": 0, "event": "BEGIN:preference_pop", "host": "d6b2a058c4be", "pid": 185325, "rank": 0, "requested": 4, "ts": "2026-10-04 16:02:32"}
[DBG] {"category": "QUEUE", "component": "train", "event": "watchdog_armed", "host": "d6b2a058c4be", "pid": 185325, "rank": 0, "stage": "preference_pop", "timeout_sec": 30.0, "ts": "2026-10-04 16:02:32"}
[DBG] {"category": "QUEUE", "component": "train", "elapsed_sec": 0.005378, "event": "END:preference_pop", "host": "d6b2a058c4be", "pid": 185325, "rank": 0, "ts": "2026-10-04 16:02:32"}
[DBG] {"category": "TRAIN", "component": "train", "event": "BEGIN:broadcast_preference_payload", "has_payload": false, "host": "d6b2a058c4be", "pid": 185325, "rank": 0, "transport": "json_uint8_gloo", "ts": "2026-10-04 16:02:32"}
[DBG] {"category": "TRAIN", "component": "train", "event": "watchdog_armed", "host": "d6b2a058c4be", "pid": 185325, "rank": 0, "stage": "broadcast_preference_payload", "timeout_sec": 30.0, "ts": "2026-10-04 16:02:32"}
[DBG] {"bytes": 0, "category": "TRAIN", "component": "train", "event": "BEGIN:broadcast_preference_length", "host": "d6b2a058c4be", "pid": 185325, "rank": 0, "transport": "gloo_cpu", "ts": "2026-10-04 16:02:32"}
[DBG] {"category": "TRAIN", "component": "train", "event": "watchdog_armed", "host": "d6b2a058c4be", "pid": 185325, "rank": 0, "stage": "broadcast_preference_length", "timeout_sec": 30.0, "ts": "2026-10-04 16:02:32"}
[DBG] {"category": "TRAIN", "component": "train", "elapsed_sec": 0.002122, "event": "END:broadcast_preference_length", "host": "d6b2a058c4be", "pid": 185325, "rank": 0, "ts": "2026-10-04 16:02:32"}
[DBG] {"category": "TRAIN", "component": "train", "event": "watchdog_armed", "host": "d6b2a058c4be", "pid": 185325, "rank": 0, "stage": "broadcast_preference_payload", "timeout_sec": 30.0, "ts": "2026-10-04 16:02:32"}
[DBG] {"category": "TRAIN", "component": "train", "elapsed_sec": 0.003345, "event": "END:broadcast_preference_payload", "host": "d6b2a058c4be", "pid": 185325, "rank": 0, "ts": "2026-10-04 16:02:32"}
[DBG] {"category": "RAY", "component": "train", "event": "BEGIN:control_should_stop", "host": "d6b2a058c4be", "pid": 185325, "rank": 0, "ts": "2026-10-04 16:02:33"}
[DBG] {"category": "RAY", "component": "train", "event": "watchdog_armed", "host": "d6b2a058c4be", "pid": 185325, "rank": 0, "stage": "control_should_stop", "timeout_sec": 30.0, "ts": "2026-10-04 16:02:33"}
[DBG] {"category": "RAY", "component": "train", "elapsed_sec": 0.003024, "event": "END:control_should_stop", "host": "d6b2a058c4be", "pid": 185325, "rank": 0, "ts": "2026-10-04 16:02:33"}
[DBG] {"category": "TRAIN", "component": "train", "event": "BEGIN:broadcast_stop_flag", "host": "d6b2a058c4be", "pid": 185325, "rank": 0, "transport": "gloo_cpu", "ts": "2026-10-04 16:02:33", "value": false}
[DBG] {"category": "TRAIN", "component": "train", "event": "watchdog_armed", "host": "d6b2a058c4be", "pid": 185325, "rank": 0, "stage": "broadcast_stop_flag", "timeout_sec": 30.0, "ts": "2026-10-04 16:02:33"}
[DBG] {"category": "TRAIN", "component": "train", "elapsed_sec": 0.002353, "event": "END:broadcast_stop_flag", "host": "d6b2a058c4be", "pid": 185325, "rank": 0, "ts": "2026-10-04 16:02:33"}
[DBG] {"category": "QUEUE", "component": "train", "event": "BEGIN:preference_size_before_pop", "host": "d6b2a058c4be", "pid": 185325, "rank": 0, "ts": "2026-10-04 16:02:33"}
[DBG] {"category": "QUEUE", "component": "train", "event": "watchdog_armed", "host": "d6b2a058c4be", "pid": 185325, "rank": 0, "stage": "preference_size_before_pop", "timeout_sec": 30.0, "ts": "2026-10-04 16:02:33"}
[DBG] {"category": "QUEUE", "component": "train", "elapsed_sec": 0.004552, "event": "END:preference_size_before_pop", "host": "d6b2a058c4be", "pid": 185325, "rank": 0, "ts": "2026-10-04 16:02:33"}
[DBG] {"category": "QUEUE", "component": "train", "event": "trainer_queue_state", "host": "d6b2a058c4be", "pending": 0, "pid": 185325, "policy_version": 0, "rank": 0, "required": 4, "ts": "2026-10-04 16:02:33"}
[DBG] {"category": "QUEUE", "component": "train", "current_version": 0, "event": "BEGIN:preference_pop", "host": "d6b2a058c4be", "pid": 185325, "rank": 0, "requested": 4, "ts": "2026-10-04 16:02:33"}
[DBG] {"category": "QUEUE", "component": "train", "event": "watchdog_armed", "host": "d6b2a058c4be", "pid": 185325, "rank": 0, "stage": "preference_pop", "timeout_sec": 30.0, "ts": "2026-10-04 16:02:33"}
[DBG] {"category": "QUEUE", "component": "train", "elapsed_sec": 0.005801, "event": "END:preference_pop", "host": "d6b2a058c4be", "pid": 185325, "rank": 0, "ts": "2026-10-04 16:02:33"}
[DBG] {"category": "TRAIN", "component": "train", "event": "BEGIN:broadcast_preference_payload", "has_payload": false, "host": "d6b2a058c4be", "pid": 185325, "rank": 0, "transport": "json_uint8_gloo", "ts": "2026-10-04 16:02:33"}
[DBG] {"category": "TRAIN", "component": "train", "event": "watchdog_armed", "host": "d6b2a058c4be", "pid": 185325, "rank": 0, "stage": "broadcast_preference_payload", "timeout_sec": 30.0, "ts": "2026-10-04 16:02:33"}
[DBG] {"bytes": 0, "category": "TRAIN", "component": "train", "event": "BEGIN:broadcast_preference_length", "host": "d6b2a058c4be", "pid": 185325, "rank": 0, "transport": "gloo_cpu", "ts": "2026-10-04 16:02:33"}
[DBG] {"category": "TRAIN", "component": "train", "event": "watchdog_armed", "host": "d6b2a058c4be", "pid": 185325, "rank": 0, "stage": "broadcast_preference_length", "timeout_sec": 30.0, "ts": "2026-10-04 16:02:33"}
[DBG] {"category": "TRAIN", "component": "train", "elapsed_sec": 0.002038, "event": "END:broadcast_preference_length", "host": "d6b2a058c4be", "pid": 185325, "rank": 0, "ts": "2026-10-04 16:02:33"}
[DBG] {"category": "TRAIN", "component": "train", "event": "watchdog_armed", "host": "d6b2a058c4be", "pid": 185325, "rank": 0, "stage": "broadcast_preference_payload", "timeout_sec": 30.0, "ts": "2026-10-04 16:02:33"}
[DBG] {"category": "TRAIN", "component": "train", "elapsed_sec": 0.003425, "event": "END:broadcast_preference_payload", "host": "d6b2a058c4be", "pid": 185325, "rank": 0, "ts": "2026-10-04 16:02:33"}
[DBG] {"category": "RAY", "component": "train", "event": "BEGIN:control_should_stop", "host": "d6b2a058c4be", "pid": 185325, "rank": 0, "ts": "2026-10-04 16:02:33"}
[DBG] {"category": "RAY", "component": "train", "event": "watchdog_armed", "host": "d6b2a058c4be", "pid": 185325, "rank": 0, "stage": "control_should_stop", "timeout_sec": 30.0, "ts": "2026-10-04 16:02:33"}
[DBG] {"category": "RAY", "component": "train", "elapsed_sec": 0.003198, "event": "END:control_should_stop", "host": "d6b2a058c4be", "pid": 185325, "rank": 0, "ts": "2026-10-04 16:02:33"}
[DBG] {"category": "TRAIN", "component": "train", "event": "BEGIN:broadcast_stop_flag", "host": "d6b2a058c4be", "pid": 185325, "rank": 0, "transport": "gloo_cpu", "ts": "2026-10-04 16:02:33", "value": false}
[DBG] {"category": "TRAIN", "component": "train", "event": "watchdog_armed", "host": "d6b2a058c4be", "pid": 185325, "rank": 0, "stage": "broadcast_stop_flag", "timeout_sec": 30.0, "ts": "2026-10-04 16:02:33"}
[DBG] {"category": "TRAIN", "component": "train", "elapsed_sec": 0.00245, "event": "END:broadcast_stop_flag", "host": "d6b2a058c4be", "pid": 185325, "rank": 0, "ts": "2026-10-04 16:02:33"}
[DBG] {"category": "QUEUE", "component": "train", "event": "BEGIN:preference_size_before_pop", "host": "d6b2a058c4be", "pid": 185325, "rank": 0, "ts": "2026-10-04 16:02:33"}
[DBG] {"category": "QUEUE", "component": "train", "event": "watchdog_armed", "host": "d6b2a058c4be", "pid": 185325, "rank": 0, "stage": "preference_size_before_pop", "timeout_sec": 30.0, "ts": "2026-10-04 16:02:33"}
[DBG] {"category": "QUEUE", "component": "train", "elapsed_sec": 0.004964, "event": "END:preference_size_before_pop", "host": "d6b2a058c4be", "pid": 185325, "rank": 0, "ts": "2026-10-04 16:02:33"}
[DBG] {"category": "QUEUE", "component": "train", "event": "trainer_queue_state", "host": "d6b2a058c4be", "pending": 0, "pid": 185325, "policy_version": 0, "rank": 0, "required": 4, "ts": "2026-10-04 16:02:33"}
[DBG] {"category": "QUEUE", "component": "train", "current_version": 0, "event": "BEGIN:preference_pop", "host": "d6b2a058c4be", "pid": 185325, "rank": 0, "requested": 4, "ts": "2026-10-04 16:02:33"}
[DBG] {"category": "QUEUE", "component": "train", "event": "watchdog_armed", "host": "d6b2a058c4be", "pid": 185325, "rank": 0, "stage": "preference_pop", "timeout_sec": 30.0, "ts": "2026-10-04 16:02:33"}
[DBG] {"category": "QUEUE", "component": "train", "elapsed_sec": 0.005419, "event": "END:preference_pop", "host": "d6b2a058c4be", "pid": 185325, "rank": 0, "ts": "2026-10-04 16:02:33"}
[DBG] {"category": "TRAIN", "component": "train", "event": "BEGIN:broadcast_preference_payload", "has_payload": false, "host": "d6b2a058c4be", "pid": 185325, "rank": 0, "transport": "json_uint8_gloo", "ts": "2026-10-04 16:02:33"}
[DBG] {"category": "TRAIN", "component": "train", "event": "watchdog_armed", "host": "d6b2a058c4be", "pid": 185325, "rank": 0, "stage": "broadcast_preference_payload", "timeout_sec": 30.0, "ts": "2026-10-04 16:02:33"}
[DBG] {"bytes": 0, "category": "TRAIN", "component": "train", "event": "BEGIN:broadcast_preference_length", "host": "d6b2a058c4be", "pid": 185325, "rank": 0, "transport": "gloo_cpu", "ts": "2026-10-04 16:02:33"}
[DBG] {"category": "TRAIN", "component": "train", "event": "watchdog_armed", "host": "d6b2a058c4be", "pid": 185325, "rank": 0, "stage": "broadcast_preference_length", "timeout_sec": 30.0, "ts": "2026-10-04 16:02:33"}
[DBG] {"category": "TRAIN", "component": "train", "elapsed_sec": 0.002197, "event": "END:broadcast_preference_length", "host": "d6b2a058c4be", "pid": 185325, "rank": 0, "ts": "2026-10-04 16:02:33"}
[DBG] {"category": "TRAIN", "component": "train", "event": "watchdog_armed", "host": "d6b2a058c4be", "pid": 185325, "rank": 0, "stage": "broadcast_preference_payload", "timeout_sec": 30.0, "ts": "2026-10-04 16:02:33"}
[DBG] {"category": "TRAIN", "component": "train", "elapsed_sec": 0.003607, "event": "END:broadcast_preference_payload", "host": "d6b2a058c4be", "pid": 185325, "rank": 0, "ts": "2026-10-04 16:02:33"}
[DBG] {"category": "RAY", "component": "train", "event": "BEGIN:control_should_stop", "host": "d6b2a058c4be", "pid": 185325, "rank": 0, "ts": "2026-10-04 16:02:34"}
[DBG] {"category": "RAY", "component": "train", "event": "watchdog_armed", "host": "d6b2a058c4be", "pid": 185325, "rank": 0, "stage": "control_should_stop", "timeout_sec": 30.0, "ts": "2026-10-04 16:02:34"}
[DBG] {"category": "RAY", "component": "train", "elapsed_sec": 0.003178, "event": "END:control_should_stop", "host": "d6b2a058c4be", "pid": 185325, "rank": 0, "ts": "2026-10-04 16:02:34"}
[DBG] {"category": "TRAIN", "component": "train", "event": "BEGIN:broadcast_stop_flag", "host": "d6b2a058c4be", "pid": 185325, "rank": 0, "transport": "gloo_cpu", "ts": "2026-10-04 16:02:34", "value": false}
[DBG] {"category": "TRAIN", "component": "train", "event": "watchdog_armed", "host": "d6b2a058c4be", "pid": 185325, "rank": 0, "stage": "broadcast_stop_flag", "timeout_sec": 30.0, "ts": "2026-10-04 16:02:34"}
[DBG] {"category": "TRAIN", "component": "train", "elapsed_sec": 0.002278, "event": "END:broadcast_stop_flag", "host": "d6b2a058c4be", "pid": 185325, "rank": 0, "ts": "2026-10-04 16:02:34"}
[DBG] {"category": "QUEUE", "component": "train", "event": "BEGIN:preference_size_before_pop", "host": "d6b2a058c4be", "pid": 185325, "rank": 0, "ts": "2026-10-04 16:02:34"}
[DBG] {"category": "QUEUE", "component": "train", "event": "watchdog_armed", "host": "d6b2a058c4be", "pid": 185325, "rank": 0, "stage": "preference_size_before_pop", "timeout_sec": 30.0, "ts": "2026-10-04 16:02:34"}
[DBG] {"category": "QUEUE", "component": "train", "elapsed_sec": 0.004834, "event": "END:preference_size_before_pop", "host": "d6b2a058c4be", "pid": 185325, "rank": 0, "ts": "2026-10-04 16:02:34"}
[DBG] {"category": "QUEUE", "component": "train", "event": "trainer_queue_state", "host": "d6b2a058c4be", "pending": 0, "pid": 185325, "policy_version": 0, "rank": 0, "required": 4, "ts": "2026-10-04 16:02:34"}
[DBG] {"category": "QUEUE", "component": "train", "current_version": 0, "event": "BEGIN:preference_pop", "host": "d6b2a058c4be", "pid": 185325, "rank": 0, "requested": 4, "ts": "2026-10-04 16:02:34"}
[DBG] {"category": "QUEUE", "component": "train", "event": "watchdog_armed", "host": "d6b2a058c4be", "pid": 185325, "rank": 0, "stage": "preference_pop", "timeout_sec": 30.0, "ts": "2026-10-04 16:02:34"}
[DBG] {"category": "QUEUE", "component": "train", "elapsed_sec": 0.004733, "event": "END:preference_pop", "host": "d6b2a058c4be", "pid": 185325, "rank": 0, "ts": "2026-10-04 16:02:34"}
[DBG] {"category": "TRAIN", "component": "train", "event": "BEGIN:broadcast_preference_payload", "has_payload": false, "host": "d6b2a058c4be", "pid": 185325, "rank": 0, "transport": "json_uint8_gloo", "ts": "2026-10-04 16:02:34"}
[DBG] {"category": "TRAIN", "component": "train", "event": "watchdog_armed", "host": "d6b2a058c4be", "pid": 185325, "rank": 0, "stage": "broadcast_preference_payload", "timeout_sec": 30.0, "ts": "2026-10-04 16:02:34"}
[DBG] {"bytes": 0, "category": "TRAIN", "component": "train", "event": "BEGIN:broadcast_preference_length", "host": "d6b2a058c4be", "pid": 185325, "rank": 0, "transport": "gloo_cpu", "ts": "2026-10-04 16:02:34"}
[DBG] {"category": "TRAIN", "component": "train", "event": "watchdog_armed", "host": "d6b2a058c4be", "pid": 185325, "rank": 0, "stage": "broadcast_preference_length", "timeout_sec": 30.0, "ts": "2026-10-04 16:02:34"}
[DBG] {"category": "TRAIN", "component": "train", "elapsed_sec": 0.001994, "event": "END:broadcast_preference_length", "host": "d6b2a058c4be", "pid": 185325, "rank": 0, "ts": "2026-10-04 16:02:34"}
[DBG] {"category": "TRAIN", "component": "train", "event": "watchdog_armed", "host": "d6b2a058c4be", "pid": 185325, "rank": 0, "stage": "broadcast_preference_payload", "timeout_sec": 30.0, "ts": "2026-10-04 16:02:34"}
[DBG] {"category": "TRAIN", "component": "train", "elapsed_sec": 0.003195, "event": "END:broadcast_preference_payload", "host": "d6b2a058c4be", "pid": 185325, "rank": 0, "ts": "2026-10-04 16:02:34"}
[DBG] {"category": "RAY", "component": "train", "event": "BEGIN:control_should_stop", "host": "d6b2a058c4be", "pid": 185325, "rank": 0, "ts": "2026-10-04 16:02:34"}
[DBG] {"category": "RAY", "component": "train", "event": "watchdog_armed", "host": "d6b2a058c4be", "pid": 185325, "rank": 0, "stage": "control_should_stop", "timeout_sec": 30.0, "ts": "2026-10-04 16:02:34"}
[DBG] {"category": "RAY", "component": "train", "elapsed_sec": 0.002982, "event": "END:control_should_stop", "host": "d6b2a058c4be", "pid": 185325, "rank": 0, "ts": "2026-10-04 16:02:34"}
[DBG] {"category": "TRAIN", "component": "train", "event": "BEGIN:broadcast_stop_flag", "host": "d6b2a058c4be", "pid": 185325, "rank": 0, "transport": "gloo_cpu", "ts": "2026-10-04 16:02:34", "value": false}
[DBG] {"category": "TRAIN", "component": "train", "event": "watchdog_armed", "host": "d6b2a058c4be", "pid": 185325, "rank": 0, "stage": "broadcast_stop_flag", "timeout_sec": 30.0, "ts": "2026-10-04 16:02:34"}
[DBG] {"category": "TRAIN", "component": "train", "elapsed_sec": 0.002446, "event": "END:broadcast_stop_flag", "host": "d6b2a058c4be", "pid": 185325, "rank": 0, "ts": "2026-10-04 16:02:34"}
[DBG] {"category": "QUEUE", "component": "train", "event": "BEGIN:preference_size_before_pop", "host": "d6b2a058c4be", "pid": 185325, "rank": 0, "ts": "2026-10-04 16:02:34"}
[DBG] {"category": "QUEUE", "component": "train", "event": "watchdog_armed", "host": "d6b2a058c4be", "pid": 185325, "rank": 0, "stage": "preference_size_before_pop", "timeout_sec": 30.0, "ts": "2026-10-04 16:02:34"}
[DBG] {"category": "QUEUE", "component": "train", "elapsed_sec": 0.003382, "event": "END:preference_size_before_pop", "host": "d6b2a058c4be", "pid": 185325, "rank": 0, "ts": "2026-10-04 16:02:34"}
[DBG] {"category": "QUEUE", "component": "train", "event": "trainer_queue_state", "host": "d6b2a058c4be", "pending": 0, "pid": 185325, "policy_version": 0, "rank": 0, "required": 4, "ts": "2026-10-04 16:02:34"}
[DBG] {"category": "QUEUE", "component": "train", "current_version": 0, "event": "BEGIN:preference_pop", "host": "d6b2a058c4be", "pid": 185325, "rank": 0, "requested": 4, "ts": "2026-10-04 16:02:34"}
[DBG] {"category": "QUEUE", "component": "train", "event": "watchdog_armed", "host": "d6b2a058c4be", "pid": 185325, "rank": 0, "stage": "preference_pop", "timeout_sec": 30.0, "ts": "2026-10-04 16:02:34"}
[DBG] {"category": "QUEUE", "component": "train", "elapsed_sec": 0.003784, "event": "END:preference_pop", "host": "d6b2a058c4be", "pid": 185325, "rank": 0, "ts": "2026-10-04 16:02:34"}
[DBG] {"category": "TRAIN", "component": "train", "event": "BEGIN:broadcast_preference_payload", "has_payload": false, "host": "d6b2a058c4be", "pid": 185325, "rank": 0, "transport": "json_uint8_gloo", "ts": "2026-10-04 16:02:34"}
[DBG] {"category": "TRAIN", "component": "train", "event": "watchdog_armed", "host": "d6b2a058c4be", "pid": 185325, "rank": 0, "stage": "broadcast_preference_payload", "timeout_sec": 30.0, "ts": "2026-10-04 16:02:34"}
[DBG] {"bytes": 0, "category": "TRAIN", "component": "train", "event": "BEGIN:broadcast_preference_length", "host": "d6b2a058c4be", "pid": 185325, "rank": 0, "transport": "gloo_cpu", "ts": "2026-10-04 16:02:34"}
[DBG] {"category": "TRAIN", "component": "train", "event": "watchdog_armed", "host": "d6b2a058c4be", "pid": 185325, "rank": 0, "stage": "broadcast_preference_length", "timeout_sec": 30.0, "ts": "2026-10-04 16:02:34"}
[DBG] {"category": "TRAIN", "component": "train", "elapsed_sec": 0.001968, "event": "END:broadcast_preference_length", "host": "d6b2a058c4be", "pid": 185325, "rank": 0, "ts": "2026-10-04 16:02:34"}
[DBG] {"category": "TRAIN", "component": "train", "event": "watchdog_armed", "host": "d6b2a058c4be", "pid": 185325, "rank": 0, "stage": "broadcast_preference_payload", "timeout_sec": 30.0, "ts": "2026-10-04 16:02:34"}
[DBG] {"category": "TRAIN", "component": "train", "elapsed_sec": 0.003146, "event": "END:broadcast_preference_payload", "host": "d6b2a058c4be", "pid": 185325, "rank": 0, "ts": "2026-10-04 16:02:34"}
[DBG] {"category": "RAY", "component": "train", "event": "BEGIN:control_should_stop", "host": "d6b2a058c4be", "pid": 185325, "rank": 0, "ts": "2026-10-04 16:02:35"}
[DBG] {"category": "RAY", "component": "train", "event": "watchdog_armed", "host": "d6b2a058c4be", "pid": 185325, "rank": 0, "stage": "control_should_stop", "timeout_sec": 30.0, "ts": "2026-10-04 16:02:35"}
[DBG] {"category": "RAY", "component": "train", "elapsed_sec": 0.003135, "event": "END:control_should_stop", "host": "d6b2a058c4be", "pid": 185325, "rank": 0, "ts": "2026-10-04 16:02:35"}
[DBG] {"category": "TRAIN", "component": "train", "event": "BEGIN:broadcast_stop_flag", "host": "d6b2a058c4be", "pid": 185325, "rank": 0, "transport": "gloo_cpu", "ts": "2026-10-04 16:02:35", "value": false}
[DBG] {"category": "TRAIN", "component": "train", "event": "watchdog_armed", "host": "d6b2a058c4be", "pid": 185325, "rank": 0, "stage": "broadcast_stop_flag", "timeout_sec": 30.0, "ts": "2026-10-04 16:02:35"}
[DBG] {"category": "TRAIN", "component": "train", "elapsed_sec": 0.002397, "event": "END:broadcast_stop_flag", "host": "d6b2a058c4be", "pid": 185325, "rank": 0, "ts": "2026-10-04 16:02:35"}
[DBG] {"category": "QUEUE", "component": "train", "event": "BEGIN:preference_size_before_pop", "host": "d6b2a058c4be", "pid": 185325, "rank": 0, "ts": "2026-10-04 16:02:35"}
[DBG] {"category": "QUEUE", "component": "train", "event": "watchdog_armed", "host": "d6b2a058c4be", "pid": 185325, "rank": 0, "stage": "preference_size_before_pop", "timeout_sec": 30.0, "ts": "2026-10-04 16:02:35"}
[DBG] {"category": "QUEUE", "component": "train", "elapsed_sec": 0.004531, "event": "END:preference_size_before_pop", "host": "d6b2a058c4be", "pid": 185325, "rank": 0, "ts": "2026-10-04 16:02:35"}
[DBG] {"category": "QUEUE", "component": "train", "event": "trainer_queue_state", "host": "d6b2a058c4be", "pending": 0, "pid": 185325, "policy_version": 0, "rank": 0, "required": 4, "ts": "2026-10-04 16:02:35"}
[DBG] {"category": "QUEUE", "component": "train", "current_version": 0, "event": "BEGIN:preference_pop", "host": "d6b2a058c4be", "pid": 185325, "rank": 0, "requested": 4, "ts": "2026-10-04 16:02:35"}
[DBG] {"category": "QUEUE", "component": "train", "event": "watchdog_armed", "host": "d6b2a058c4be", "pid": 185325, "rank": 0, "stage": "preference_pop", "timeout_sec": 30.0, "ts": "2026-10-04 16:02:35"}
[DBG] {"category": "QUEUE", "component": "train", "elapsed_sec": 0.004198, "event": "END:preference_pop", "host": "d6b2a058c4be", "pid": 185325, "rank": 0, "ts": "2026-10-04 16:02:35"}
[DBG] {"category": "TRAIN", "component": "train", "event": "BEGIN:broadcast_preference_payload", "has_payload": false, "host": "d6b2a058c4be", "pid": 185325, "rank": 0, "transport": "json_uint8_gloo", "ts": "2026-10-04 16:02:35"}
[DBG] {"category": "TRAIN", "component": "train", "event": "watchdog_armed", "host": "d6b2a058c4be", "pid": 185325, "rank": 0, "stage": "broadcast_preference_payload", "timeout_sec": 30.0, "ts": "2026-10-04 16:02:35"}
[DBG] {"bytes": 0, "category": "TRAIN", "component": "train", "event": "BEGIN:broadcast_preference_length", "host": "d6b2a058c4be", "pid": 185325, "rank": 0, "transport": "gloo_cpu", "ts": "2026-10-04 16:02:35"}
[DBG] {"category": "TRAIN", "component": "train", "event": "watchdog_armed", "host": "d6b2a058c4be", "pid": 185325, "rank": 0, "stage": "broadcast_preference_length", "timeout_sec": 30.0, "ts": "2026-10-04 16:02:35"}
[DBG] {"category": "TRAIN", "component": "train", "elapsed_sec": 0.002062, "event": "END:broadcast_preference_length", "host": "d6b2a058c4be", "pid": 185325, "rank": 0, "ts": "2026-10-04 16:02:35"}
[DBG] {"category": "TRAIN", "component": "train", "event": "watchdog_armed", "host": "d6b2a058c4be", "pid": 185325, "rank": 0, "stage": "broadcast_preference_payload", "timeout_sec": 30.0, "ts": "2026-10-04 16:02:35"}
[DBG] {"category": "TRAIN", "component": "train", "elapsed_sec": 0.0034, "event": "END:broadcast_preference_payload", "host": "d6b2a058c4be", "pid": 185325, "rank": 0, "ts": "2026-10-04 16:02:35"}
[DBG] {"category": "RAY", "component": "train", "event": "BEGIN:control_should_stop", "host": "d6b2a058c4be", "pid": 185325, "rank": 0, "ts": "2026-10-04 16:02:35"}
[DBG] {"category": "RAY", "component": "train", "event": "watchdog_armed", "host": "d6b2a058c4be", "pid": 185325, "rank": 0, "stage": "control_should_stop", "timeout_sec": 30.0, "ts": "2026-10-04 16:02:35"}
[DBG] {"category": "RAY", "component": "train", "elapsed_sec": 0.003001, "event": "END:control_should_stop", "host": "d6b2a058c4be", "pid": 185325, "rank": 0, "ts": "2026-10-04 16:02:35"}
[DBG] {"category": "TRAIN", "component": "train", "event": "BEGIN:broadcast_stop_flag", "host": "d6b2a058c4be", "pid": 185325, "rank": 0, "transport": "gloo_cpu", "ts": "2026-10-04 16:02:35", "value": false}
[DBG] {"category": "TRAIN", "component": "train", "event": "watchdog_armed", "host": "d6b2a058c4be", "pid": 185325, "rank": 0, "stage": "broadcast_stop_flag", "timeout_sec": 30.0, "ts": "2026-10-04 16:02:35"}
[DBG] {"category": "TRAIN", "component": "train", "elapsed_sec": 0.002551, "event": "END:broadcast_stop_flag", "host": "d6b2a058c4be", "pid": 185325, "rank": 0, "ts": "2026-10-04 16:02:35"}
[DBG] {"category": "QUEUE", "component": "train", "event": "BEGIN:preference_size_before_pop", "host": "d6b2a058c4be", "pid": 185325, "rank": 0, "ts": "2026-10-04 16:02:35"}
[DBG] {"category": "QUEUE", "component": "train", "event": "watchdog_armed", "host": "d6b2a058c4be", "pid": 185325, "rank": 0, "stage": "preference_size_before_pop", "timeout_sec": 30.0, "ts": "2026-10-04 16:02:35"}
[DBG] {"category": "QUEUE", "component": "train", "elapsed_sec": 0.003975, "event": "END:preference_size_before_pop", "host": "d6b2a058c4be", "pid": 185325, "rank": 0, "ts": "2026-10-04 16:02:35"}
[DBG] {"category": "QUEUE", "component": "train", "event": "trainer_queue_state", "host": "d6b2a058c4be", "pending": 0, "pid": 185325, "policy_version": 0, "rank": 0, "required": 4, "ts": "2026-10-04 16:02:35"}
[DBG] {"category": "QUEUE", "component": "train", "current_version": 0, "event": "BEGIN:preference_pop", "host": "d6b2a058c4be", "pid": 185325, "rank": 0, "requested": 4, "ts": "2026-10-04 16:02:35"}
[DBG] {"category": "QUEUE", "component": "train", "event": "watchdog_armed", "host": "d6b2a058c4be", "pid": 185325, "rank": 0, "stage": "preference_pop", "timeout_sec": 30.0, "ts": "2026-10-04 16:02:35"}
[DBG] {"category": "QUEUE", "component": "train", "elapsed_sec": 0.003877, "event": "END:preference_pop", "host": "d6b2a058c4be", "pid": 185325, "rank": 0, "ts": "2026-10-04 16:02:35"}
[DBG] {"category": "TRAIN", "component": "train", "event": "BEGIN:broadcast_preference_payload", "has_payload": false, "host": "d6b2a058c4be", "pid": 185325, "rank": 0, "transport": "json_uint8_gloo", "ts": "2026-10-04 16:02:35"}
[DBG] {"category": "TRAIN", "component": "train", "event": "watchdog_armed", "host": "d6b2a058c4be", "pid": 185325, "rank": 0, "stage": "broadcast_preference_payload", "timeout_sec": 30.0, "ts": "2026-10-04 16:02:35"}
[DBG] {"bytes": 0, "category": "TRAIN", "component": "train", "event": "BEGIN:broadcast_preference_length", "host": "d6b2a058c4be", "pid": 185325, "rank": 0, "transport": "gloo_cpu", "ts": "2026-10-04 16:02:35"}
[DBG] {"category": "TRAIN", "component": "train", "event": "watchdog_armed", "host": "d6b2a058c4be", "pid": 185325, "rank": 0, "stage": "broadcast_preference_length", "timeout_sec": 30.0, "ts": "2026-10-04 16:02:35"}
[DBG] {"category": "TRAIN", "component": "train", "elapsed_sec": 0.002201, "event": "END:broadcast_preference_length", "host": "d6b2a058c4be", "pid": 185325, "rank": 0, "ts": "2026-10-04 16:02:35"}
[DBG] {"category": "TRAIN", "component": "train", "event": "watchdog_armed", "host": "d6b2a058c4be", "pid": 185325, "rank": 0, "stage": "broadcast_preference_payload", "timeout_sec": 30.0, "ts": "2026-10-04 16:02:35"}
[DBG] {"category": "TRAIN", "component": "train", "elapsed_sec": 0.003317, "event": "END:broadcast_preference_payload", "host": "d6b2a058c4be", "pid": 185325, "rank": 0, "ts": "2026-10-04 16:02:35"}
[DBG] {"category": "RAY", "component": "train", "event": "BEGIN:control_should_stop", "host": "d6b2a058c4be", "pid": 185325, "rank": 0, "ts": "2026-10-04 16:02:36"}
[DBG] {"category": "RAY", "component": "train", "event": "watchdog_armed", "host": "d6b2a058c4be", "pid": 185325, "rank": 0, "stage": "control_should_stop", "timeout_sec": 30.0, "ts": "2026-10-04 16:02:36"}
[DBG] {"category": "RAY", "component": "train", "elapsed_sec": 0.002949, "event": "END:control_should_stop", "host": "d6b2a058c4be", "pid": 185325, "rank": 0, "ts": "2026-10-04 16:02:36"}
[DBG] {"category": "TRAIN", "component": "train", "event": "BEGIN:broadcast_stop_flag", "host": "d6b2a058c4be", "pid": 185325, "rank": 0, "transport": "gloo_cpu", "ts": "2026-10-04 16:02:36", "value": false}
[DBG] {"category": "TRAIN", "component": "train", "event": "watchdog_armed", "host": "d6b2a058c4be", "pid": 185325, "rank": 0, "stage": "broadcast_stop_flag", "timeout_sec": 30.0, "ts": "2026-10-04 16:02:36"}
[DBG] {"category": "TRAIN", "component": "train", "elapsed_sec": 0.002538, "event": "END:broadcast_stop_flag", "host": "d6b2a058c4be", "pid": 185325, "rank": 0, "ts": "2026-10-04 16:02:36"}
[DBG] {"category": "QUEUE", "component": "train", "event": "BEGIN:preference_size_before_pop", "host": "d6b2a058c4be", "pid": 185325, "rank": 0, "ts": "2026-10-04 16:02:36"}
[DBG] {"category": "QUEUE", "component": "train", "event": "watchdog_armed", "host": "d6b2a058c4be", "pid": 185325, "rank": 0, "stage": "preference_size_before_pop", "timeout_sec": 30.0, "ts": "2026-10-04 16:02:36"}
[DBG] {"category": "QUEUE", "component": "train", "elapsed_sec": 0.003917, "event": "END:preference_size_before_pop", "host": "d6b2a058c4be", "pid": 185325, "rank": 0, "ts": "2026-10-04 16:02:36"}
[DBG] {"category": "QUEUE", "component": "train", "event": "trainer_queue_state", "host": "d6b2a058c4be", "pending": 0, "pid": 185325, "policy_version": 0, "rank": 0, "required": 4, "ts": "2026-10-04 16:02:36"}
[DBG] {"category": "QUEUE", "component": "train", "current_version": 0, "event": "BEGIN:preference_pop", "host": "d6b2a058c4be", "pid": 185325, "rank": 0, "requested": 4, "ts": "2026-10-04 16:02:36"}
[DBG] {"category": "QUEUE", "component": "train", "event": "watchdog_armed", "host": "d6b2a058c4be", "pid": 185325, "rank": 0, "stage": "preference_pop", "timeout_sec": 30.0, "ts": "2026-10-04 16:02:36"}
[DBG] {"category": "QUEUE", "component": "train", "elapsed_sec": 0.003978, "event": "END:preference_pop", "host": "d6b2a058c4be", "pid": 185325, "rank": 0, "ts": "2026-10-04 16:02:36"}
[DBG] {"category": "TRAIN", "component": "train", "event": "BEGIN:broadcast_preference_payload", "has_payload": false, "host": "d6b2a058c4be", "pid": 185325, "rank": 0, "transport": "json_uint8_gloo", "ts": "2026-10-04 16:02:36"}
[DBG] {"category": "TRAIN", "component": "train", "event": "watchdog_armed", "host": "d6b2a058c4be", "pid": 185325, "rank": 0, "stage": "broadcast_preference_payload", "timeout_sec": 30.0, "ts": "2026-10-04 16:02:36"}
[DBG] {"bytes": 0, "category": "TRAIN", "component": "train", "event": "BEGIN:broadcast_preference_length", "host": "d6b2a058c4be", "pid": 185325, "rank": 0, "transport": "gloo_cpu", "ts": "2026-10-04 16:02:36"}
[DBG] {"category": "TRAIN", "component": "train", "event": "watchdog_armed", "host": "d6b2a058c4be", "pid": 185325, "rank": 0, "stage": "broadcast_preference_length", "timeout_sec": 30.0, "ts": "2026-10-04 16:02:36"}
[DBG] {"category": "TRAIN", "component": "train", "elapsed_sec": 0.002013, "event": "END:broadcast_preference_length", "host": "d6b2a058c4be", "pid": 185325, "rank": 0, "ts": "2026-10-04 16:02:36"}
[DBG] {"category": "TRAIN", "component": "train", "event": "watchdog_armed", "host": "d6b2a058c4be", "pid": 185325, "rank": 0, "stage": "broadcast_preference_payload", "timeout_sec": 30.0, "ts": "2026-10-04 16:02:36"}
[DBG] {"category": "TRAIN", "component": "train", "elapsed_sec": 0.00312, "event": "END:broadcast_preference_payload", "host": "d6b2a058c4be", "pid": 185325, "rank": 0, "ts": "2026-10-04 16:02:36"}
[DBG] {"category": "RAY", "component": "train", "event": "BEGIN:control_should_stop", "host": "d6b2a058c4be", "pid": 185325, "rank": 0, "ts": "2026-10-04 16:02:36"}
[DBG] {"category": "RAY", "component": "train", "event": "watchdog_armed", "host": "d6b2a058c4be", "pid": 185325, "rank": 0, "stage": "control_should_stop", "timeout_sec": 30.0, "ts": "2026-10-04 16:02:36"}
[DBG] {"category": "RAY", "component": "train", "elapsed_sec": 0.002993, "event": "END:control_should_stop", "host": "d6b2a058c4be", "pid": 185325, "rank": 0, "ts": "2026-10-04 16:02:36"}
[DBG] {"category": "TRAIN", "component": "train", "event": "BEGIN:broadcast_stop_flag", "host": "d6b2a058c4be", "pid": 185325, "rank": 0, "transport": "gloo_cpu", "ts": "2026-10-04 16:02:36", "value": false}
[DBG] {"category": "TRAIN", "component": "train", "event": "watchdog_armed", "host": "d6b2a058c4be", "pid": 185325, "rank": 0, "stage": "broadcast_stop_flag", "timeout_sec": 30.0, "ts": "2026-10-04 16:02:36"}
[DBG] {"category": "TRAIN", "component": "train", "elapsed_sec": 0.002624, "event": "END:broadcast_stop_flag", "host": "d6b2a058c4be", "pid": 185325, "rank": 0, "ts": "2026-10-04 16:02:36"}
[DBG] {"category": "QUEUE", "component": "train", "event": "BEGIN:preference_size_before_pop", "host": "d6b2a058c4be", "pid": 185325, "rank": 0, "ts": "2026-10-04 16:02:36"}
[DBG] {"category": "QUEUE", "component": "train", "event": "watchdog_armed", "host": "d6b2a058c4be", "pid": 185325, "rank": 0, "stage": "preference_size_before_pop", "timeout_sec": 30.0, "ts": "2026-10-04 16:02:36"}
[DBG] {"category": "QUEUE", "component": "train", "elapsed_sec": 0.004236, "event": "END:preference_size_before_pop", "host": "d6b2a058c4be", "pid": 185325, "rank": 0, "ts": "2026-10-04 16:02:36"}
[DBG] {"category": "QUEUE", "component": "train", "event": "trainer_queue_state", "host": "d6b2a058c4be", "pending": 0, "pid": 185325, "policy_version": 0, "rank": 0, "required": 4, "ts": "2026-10-04 16:02:36"}
[DBG] {"category": "QUEUE", "component": "train", "current_version": 0, "event": "BEGIN:preference_pop", "host": "d6b2a058c4be", "pid": 185325, "rank": 0, "requested": 4, "ts": "2026-10-04 16:02:36"}
[DBG] {"category": "QUEUE", "component": "train", "event": "watchdog_armed", "host": "d6b2a058c4be", "pid": 185325, "rank": 0, "stage": "preference_pop", "timeout_sec": 30.0, "ts": "2026-10-04 16:02:36"}
[DBG] {"category": "QUEUE", "component": "train", "elapsed_sec": 0.003987, "event": "END:preference_pop", "host": "d6b2a058c4be", "pid": 185325, "rank": 0, "ts": "2026-10-04 16:02:36"}
[DBG] {"category": "TRAIN", "component": "train", "event": "BEGIN:broadcast_preference_payload", "has_payload": false, "host": "d6b2a058c4be", "pid": 185325, "rank": 0, "transport": "json_uint8_gloo", "ts": "2026-10-04 16:02:36"}
[DBG] {"category": "TRAIN", "component": "train", "event": "watchdog_armed", "host": "d6b2a058c4be", "pid": 185325, "rank": 0, "stage": "broadcast_preference_payload", "timeout_sec": 30.0, "ts": "2026-10-04 16:02:36"}
[DBG] {"bytes": 0, "category": "TRAIN", "component": "train", "event": "BEGIN:broadcast_preference_length", "host": "d6b2a058c4be", "pid": 185325, "rank": 0, "transport": "gloo_cpu", "ts": "2026-10-04 16:02:36"}
[DBG] {"category": "TRAIN", "component": "train", "event": "watchdog_armed", "host": "d6b2a058c4be", "pid": 185325, "rank": 0, "stage": "broadcast_preference_length", "timeout_sec": 30.0, "ts": "2026-10-04 16:02:36"}
[DBG] {"category": "TRAIN", "component": "train", "elapsed_sec": 0.002099, "event": "END:broadcast_preference_length", "host": "d6b2a058c4be", "pid": 185325, "rank": 0, "ts": "2026-10-04 16:02:36"}
[DBG] {"category": "TRAIN", "component": "train", "event": "watchdog_armed", "host": "d6b2a058c4be", "pid": 185325, "rank": 0, "stage": "broadcast_preference_payload", "timeout_sec": 30.0, "ts": "2026-10-04 16:02:36"}
[DBG] {"category": "TRAIN", "component": "train", "elapsed_sec": 0.003321, "event": "END:broadcast_preference_payload", "host": "d6b2a058c4be", "pid": 185325, "rank": 0, "ts": "2026-10-04 16:02:36"}
[DBG] {"category": "RAY", "component": "train", "event": "BEGIN:control_should_stop", "host": "d6b2a058c4be", "pid": 185325, "rank": 0, "ts": "2026-10-04 16:02:37"}
[DBG] {"category": "RAY", "component": "train", "event": "watchdog_armed", "host": "d6b2a058c4be", "pid": 185325, "rank": 0, "stage": "control_should_stop", "timeout_sec": 30.0, "ts": "2026-10-04 16:02:37"}
[DBG] {"category": "RAY", "component": "train", "elapsed_sec": 0.003041, "event": "END:control_should_stop", "host": "d6b2a058c4be", "pid": 185325, "rank": 0, "ts": "2026-10-04 16:02:37"}
[DBG] {"category": "TRAIN", "component": "train", "event": "BEGIN:broadcast_stop_flag", "host": "d6b2a058c4be", "pid": 185325, "rank": 0, "transport": "gloo_cpu", "ts": "2026-10-04 16:02:37", "value": false}
[DBG] {"category": "TRAIN", "component": "train", "event": "watchdog_armed", "host": "d6b2a058c4be", "pid": 185325, "rank": 0, "stage": "broadcast_stop_flag", "timeout_sec": 30.0, "ts": "2026-10-04 16:02:37"}
[DBG] {"category": "TRAIN", "component": "train", "elapsed_sec": 0.002427, "event": "END:broadcast_stop_flag", "host": "d6b2a058c4be", "pid": 185325, "rank": 0, "ts": "2026-10-04 16:02:37"}
[DBG] {"category": "QUEUE", "component": "train", "event": "BEGIN:preference_size_before_pop", "host": "d6b2a058c4be", "pid": 185325, "rank": 0, "ts": "2026-10-04 16:02:37"}
[DBG] {"category": "QUEUE", "component": "train", "event": "watchdog_armed", "host": "d6b2a058c4be", "pid": 185325, "rank": 0, "stage": "preference_size_before_pop", "timeout_sec": 30.0, "ts": "2026-10-04 16:02:37"}
[DBG] {"category": "QUEUE", "component": "train", "elapsed_sec": 0.003871, "event": "END:preference_size_before_pop", "host": "d6b2a058c4be", "pid": 185325, "rank": 0, "ts": "2026-10-04 16:02:37"}
[DBG] {"category": "QUEUE", "component": "train", "event": "trainer_queue_state", "host": "d6b2a058c4be", "pending": 0, "pid": 185325, "policy_version": 0, "rank": 0, "required": 4, "ts": "2026-10-04 16:02:37"}
[DBG] {"category": "QUEUE", "component": "train", "current_version": 0, "event": "BEGIN:preference_pop", "host": "d6b2a058c4be", "pid": 185325, "rank": 0, "requested": 4, "ts": "2026-10-04 16:02:37"}
[DBG] {"category": "QUEUE", "component": "train", "event": "watchdog_armed", "host": "d6b2a058c4be", "pid": 185325, "rank": 0, "stage": "preference_pop", "timeout_sec": 30.0, "ts": "2026-10-04 16:02:37"}
[DBG] {"category": "QUEUE", "component": "train", "elapsed_sec": 0.003901, "event": "END:preference_pop", "host": "d6b2a058c4be", "pid": 185325, "rank": 0, "ts": "2026-10-04 16:02:37"}
[DBG] {"category": "TRAIN", "component": "train", "event": "BEGIN:broadcast_preference_payload", "has_payload": false, "host": "d6b2a058c4be", "pid": 185325, "rank": 0, "transport": "json_uint8_gloo", "ts": "2026-10-04 16:02:37"}
[DBG] {"category": "TRAIN", "component": "train", "event": "watchdog_armed", "host": "d6b2a058c4be", "pid": 185325, "rank": 0, "stage": "broadcast_preference_payload", "timeout_sec": 30.0, "ts": "2026-10-04 16:02:37"}
[DBG] {"bytes": 0, "category": "TRAIN", "component": "train", "event": "BEGIN:broadcast_preference_length", "host": "d6b2a058c4be", "pid": 185325, "rank": 0, "transport": "gloo_cpu", "ts": "2026-10-04 16:02:37"}
[DBG] {"category": "TRAIN", "component": "train", "event": "watchdog_armed", "host": "d6b2a058c4be", "pid": 185325, "rank": 0, "stage": "broadcast_preference_length", "timeout_sec": 30.0, "ts": "2026-10-04 16:02:37"}
[DBG] {"category": "TRAIN", "component": "train", "elapsed_sec": 0.002119, "event": "END:broadcast_preference_length", "host": "d6b2a058c4be", "pid": 185325, "rank": 0, "ts": "2026-10-04 16:02:37"}
[DBG] {"category": "TRAIN", "component": "train", "event": "watchdog_armed", "host": "d6b2a058c4be", "pid": 185325, "rank": 0, "stage": "broadcast_preference_payload", "timeout_sec": 30.0, "ts": "2026-10-04 16:02:37"}
[DBG] {"category": "TRAIN", "component": "train", "elapsed_sec": 0.003222, "event": "END:broadcast_preference_payload", "host": "d6b2a058c4be", "pid": 185325, "rank": 0, "ts": "2026-10-04 16:02:37"}
[DBG] {"category": "RAY", "component": "train", "event": "BEGIN:control_should_stop", "host": "d6b2a058c4be", "pid": 185325, "rank": 0, "ts": "2026-10-04 16:02:37"}
[DBG] {"category": "RAY", "component": "train", "event": "watchdog_armed", "host": "d6b2a058c4be", "pid": 185325, "rank": 0, "stage": "control_should_stop", "timeout_sec": 30.0, "ts": "2026-10-04 16:02:37"}
[DBG] {"category": "RAY", "component": "train", "elapsed_sec": 0.002783, "event": "END:control_should_stop", "host": "d6b2a058c4be", "pid": 185325, "rank": 0, "ts": "2026-10-04 16:02:37"}
[DBG] {"category": "TRAIN", "component": "train", "event": "BEGIN:broadcast_stop_flag", "host": "d6b2a058c4be", "pid": 185325, "rank": 0, "transport": "gloo_cpu", "ts": "2026-10-04 16:02:37", "value": false}
[DBG] {"category": "TRAIN", "component": "train", "event": "watchdog_armed", "host": "d6b2a058c4be", "pid": 185325, "rank": 0, "stage": "broadcast_stop_flag", "timeout_sec": 30.0, "ts": "2026-10-04 16:02:37"}
[DBG] {"category": "TRAIN", "component": "train", "elapsed_sec": 0.002337, "event": "END:broadcast_stop_flag", "host": "d6b2a058c4be", "pid": 185325, "rank": 0, "ts": "2026-10-04 16:02:37"}
[DBG] {"category": "QUEUE", "component": "train", "event": "BEGIN:preference_size_before_pop", "host": "d6b2a058c4be", "pid": 185325, "rank": 0, "ts": "2026-10-04 16:02:37"}
[DBG] {"category": "QUEUE", "component": "train", "event": "watchdog_armed", "host": "d6b2a058c4be", "pid": 185325, "rank": 0, "stage": "preference_size_before_pop", "timeout_sec": 30.0, "ts": "2026-10-04 16:02:37"}
[DBG] {"category": "QUEUE", "component": "train", "elapsed_sec": 0.003324, "event": "END:preference_size_before_pop", "host": "d6b2a058c4be", "pid": 185325, "rank": 0, "ts": "2026-10-04 16:02:37"}
[DBG] {"category": "QUEUE", "component": "train", "event": "trainer_queue_state", "host": "d6b2a058c4be", "pending": 0, "pid": 185325, "policy_version": 0, "rank": 0, "required": 4, "ts": "2026-10-04 16:02:37"}
[DBG] {"category": "QUEUE", "component": "train", "current_version": 0, "event": "BEGIN:preference_pop", "host": "d6b2a058c4be", "pid": 185325, "rank": 0, "requested": 4, "ts": "2026-10-04 16:02:37"}
[DBG] {"category": "QUEUE", "component": "train", "event": "watchdog_armed", "host": "d6b2a058c4be", "pid": 185325, "rank": 0, "stage": "preference_pop", "timeout_sec": 30.0, "ts": "2026-10-04 16:02:37"}
[DBG] {"category": "QUEUE", "component": "train", "elapsed_sec": 0.003903, "event": "END:preference_pop", "host": "d6b2a058c4be", "pid": 185325, "rank": 0, "ts": "2026-10-04 16:02:37"}
[DBG] {"category": "TRAIN", "component": "train", "event": "BEGIN:broadcast_preference_payload", "has_payload": false, "host": "d6b2a058c4be", "pid": 185325, "rank": 0, "transport": "json_uint8_gloo", "ts": "2026-10-04 16:02:37"}
[DBG] {"category": "TRAIN", "component": "train", "event": "watchdog_armed", "host": "d6b2a058c4be", "pid": 185325, "rank": 0, "stage": "broadcast_preference_payload", "timeout_sec": 30.0, "ts": "2026-10-04 16:02:37"}
[DBG] {"bytes": 0, "category": "TRAIN", "component": "train", "event": "BEGIN:broadcast_preference_length", "host": "d6b2a058c4be", "pid": 185325, "rank": 0, "transport": "gloo_cpu", "ts": "2026-10-04 16:02:37"}
[DBG] {"category": "TRAIN", "component": "train", "event": "watchdog_armed", "host": "d6b2a058c4be", "pid": 185325, "rank": 0, "stage": "broadcast_preference_length", "timeout_sec": 30.0, "ts": "2026-10-04 16:02:37"}
[DBG] {"category": "TRAIN", "component": "train", "elapsed_sec": 0.001954, "event": "END:broadcast_preference_length", "host": "d6b2a058c4be", "pid": 185325, "rank": 0, "ts": "2026-10-04 16:02:37"}
[DBG] {"category": "TRAIN", "component": "train", "event": "watchdog_armed", "host": "d6b2a058c4be", "pid": 185325, "rank": 0, "stage": "broadcast_preference_payload", "timeout_sec": 30.0, "ts": "2026-10-04 16:02:37"}
[DBG] {"category": "TRAIN", "component": "train", "elapsed_sec": 0.003103, "event": "END:broadcast_preference_payload", "host": "d6b2a058c4be", "pid": 185325, "rank": 0, "ts": "2026-10-04 16:02:37"}
[DBG] {"category": "RAY", "component": "train", "event": "BEGIN:control_should_stop", "host": "d6b2a058c4be", "pid": 185325, "rank": 0, "ts": "2026-10-04 16:02:38"}
[DBG] {"category": "RAY", "component": "train", "event": "watchdog_armed", "host": "d6b2a058c4be", "pid": 185325, "rank": 0, "stage": "control_should_stop", "timeout_sec": 30.0, "ts": "2026-10-04 16:02:38"}
[DBG] {"category": "RAY", "component": "train", "elapsed_sec": 0.002891, "event": "END:control_should_stop", "host": "d6b2a058c4be", "pid": 185325, "rank": 0, "ts": "2026-10-04 16:02:38"}
[DBG] {"category": "TRAIN", "component": "train", "event": "BEGIN:broadcast_stop_flag", "host": "d6b2a058c4be", "pid": 185325, "rank": 0, "transport": "gloo_cpu", "ts": "2026-10-04 16:02:38", "value": false}
[DBG] {"category": "TRAIN", "component": "train", "event": "watchdog_armed", "host": "d6b2a058c4be", "pid": 185325, "rank": 0, "stage": "broadcast_stop_flag", "timeout_sec": 30.0, "ts": "2026-10-04 16:02:38"}
[DBG] {"category": "TRAIN", "component": "train", "elapsed_sec": 0.002488, "event": "END:broadcast_stop_flag", "host": "d6b2a058c4be", "pid": 185325, "rank": 0, "ts": "2026-10-04 16:02:38"}
[DBG] {"category": "QUEUE", "component": "train", "event": "BEGIN:preference_size_before_pop", "host": "d6b2a058c4be", "pid": 185325, "rank": 0, "ts": "2026-10-04 16:02:38"}
[DBG] {"category": "QUEUE", "component": "train", "event": "watchdog_armed", "host": "d6b2a058c4be", "pid": 185325, "rank": 0, "stage": "preference_size_before_pop", "timeout_sec": 30.0, "ts": "2026-10-04 16:02:38"}
[DBG] {"category": "QUEUE", "component": "train", "elapsed_sec": 0.004033, "event": "END:preference_size_before_pop", "host": "d6b2a058c4be", "pid": 185325, "rank": 0, "ts": "2026-10-04 16:02:38"}
[DBG] {"category": "QUEUE", "component": "train", "event": "trainer_queue_state", "host": "d6b2a058c4be", "pending": 0, "pid": 185325, "policy_version": 0, "rank": 0, "required": 4, "ts": "2026-10-04 16:02:38"}
[DBG] {"category": "QUEUE", "component": "train", "current_version": 0, "event": "BEGIN:preference_pop", "host": "d6b2a058c4be", "pid": 185325, "rank": 0, "requested": 4, "ts": "2026-10-04 16:02:38"}
[DBG] {"category": "QUEUE", "component": "train", "event": "watchdog_armed", "host": "d6b2a058c4be", "pid": 185325, "rank": 0, "stage": "preference_pop", "timeout_sec": 30.0, "ts": "2026-10-04 16:02:38"}
[DBG] {"category": "QUEUE", "component": "train", "elapsed_sec": 0.004177, "event": "END:preference_pop", "host": "d6b2a058c4be", "pid": 185325, "rank": 0, "ts": "2026-10-04 16:02:38"}
[DBG] {"category": "TRAIN", "component": "train", "event": "BEGIN:broadcast_preference_payload", "has_payload": false, "host": "d6b2a058c4be", "pid": 185325, "rank": 0, "transport": "json_uint8_gloo", "ts": "2026-10-04 16:02:38"}
[DBG] {"category": "TRAIN", "component": "train", "event": "watchdog_armed", "host": "d6b2a058c4be", "pid": 185325, "rank": 0, "stage": "broadcast_preference_payload", "timeout_sec": 30.0, "ts": "2026-10-04 16:02:38"}
[DBG] {"bytes": 0, "category": "TRAIN", "component": "train", "event": "BEGIN:broadcast_preference_length", "host": "d6b2a058c4be", "pid": 185325, "rank": 0, "transport": "gloo_cpu", "ts": "2026-10-04 16:02:38"}
[DBG] {"category": "TRAIN", "component": "train", "event": "watchdog_armed", "host": "d6b2a058c4be", "pid": 185325, "rank": 0, "stage": "broadcast_preference_length", "timeout_sec": 30.0, "ts": "2026-10-04 16:02:38"}
[DBG] {"category": "TRAIN", "component": "train", "elapsed_sec": 0.002075, "event": "END:broadcast_preference_length", "host": "d6b2a058c4be", "pid": 185325, "rank": 0, "ts": "2026-10-04 16:02:38"}
[DBG] {"category": "TRAIN", "component": "train", "event": "watchdog_armed", "host": "d6b2a058c4be", "pid": 185325, "rank": 0, "stage": "broadcast_preference_payload", "timeout_sec": 30.0, "ts": "2026-10-04 16:02:38"}
[DBG] {"category": "TRAIN", "component": "train", "elapsed_sec": 0.003227, "event": "END:broadcast_preference_payload", "host": "d6b2a058c4be", "pid": 185325, "rank": 0, "ts": "2026-10-04 16:02:38"}
[DBG] {"category": "RAY", "component": "train", "event": "BEGIN:control_should_stop", "host": "d6b2a058c4be", "pid": 185325, "rank": 0, "ts": "2026-10-04 16:02:38"}
[DBG] {"category": "RAY", "component": "train", "event": "watchdog_armed", "host": "d6b2a058c4be", "pid": 185325, "rank": 0, "stage": "control_should_stop", "timeout_sec": 30.0, "ts": "2026-10-04 16:02:38"}
[DBG] {"category": "RAY", "component": "train", "elapsed_sec": 0.002787, "event": "END:control_should_stop", "host": "d6b2a058c4be", "pid": 185325, "rank": 0, "ts": "2026-10-04 16:02:38"}
[DBG] {"category": "TRAIN", "component": "train", "event": "BEGIN:broadcast_stop_flag", "host": "d6b2a058c4be", "pid": 185325, "rank": 0, "transport": "gloo_cpu", "ts": "2026-10-04 16:02:38", "value": false}
[DBG] {"category": "TRAIN", "component": "train", "event": "watchdog_armed", "host": "d6b2a058c4be", "pid": 185325, "rank": 0, "stage": "broadcast_stop_flag", "timeout_sec": 30.0, "ts": "2026-10-04 16:02:38"}
[DBG] {"category": "TRAIN", "component": "train", "elapsed_sec": 0.002523, "event": "END:broadcast_stop_flag", "host": "d6b2a058c4be", "pid": 185325, "rank": 0, "ts": "2026-10-04 16:02:38"}
[DBG] {"category": "QUEUE", "component": "train", "event": "BEGIN:preference_size_before_pop", "host": "d6b2a058c4be", "pid": 185325, "rank": 0, "ts": "2026-10-04 16:02:38"}
[DBG] {"category": "QUEUE", "component": "train", "event": "watchdog_armed", "host": "d6b2a058c4be", "pid": 185325, "rank": 0, "stage": "preference_size_before_pop", "timeout_sec": 30.0, "ts": "2026-10-04 16:02:38"}
[DBG] {"category": "QUEUE", "component": "train", "elapsed_sec": 0.004324, "event": "END:preference_size_before_pop", "host": "d6b2a058c4be", "pid": 185325, "rank": 0, "ts": "2026-10-04 16:02:38"}
[DBG] {"category": "QUEUE", "component": "train", "event": "trainer_queue_state", "host": "d6b2a058c4be", "pending": 0, "pid": 185325, "policy_version": 0, "rank": 0, "required": 4, "ts": "2026-10-04 16:02:38"}
[DBG] {"category": "QUEUE", "component": "train", "current_version": 0, "event": "BEGIN:preference_pop", "host": "d6b2a058c4be", "pid": 185325, "rank": 0, "requested": 4, "ts": "2026-10-04 16:02:38"}
[DBG] {"category": "QUEUE", "component": "train", "event": "watchdog_armed", "host": "d6b2a058c4be", "pid": 185325, "rank": 0, "stage": "preference_pop", "timeout_sec": 30.0, "ts": "2026-10-04 16:02:38"}
[DBG] {"category": "QUEUE", "component": "train", "elapsed_sec": 0.005496, "event": "END:preference_pop", "host": "d6b2a058c4be", "pid": 185325, "rank": 0, "ts": "2026-10-04 16:02:38"}
[DBG] {"category": "TRAIN", "component": "train", "event": "BEGIN:broadcast_preference_payload", "has_payload": false, "host": "d6b2a058c4be", "pid": 185325, "rank": 0, "transport": "json_uint8_gloo", "ts": "2026-10-04 16:02:38"}
[DBG] {"category": "TRAIN", "component": "train", "event": "watchdog_armed", "host": "d6b2a058c4be", "pid": 185325, "rank": 0, "stage": "broadcast_preference_payload", "timeout_sec": 30.0, "ts": "2026-10-04 16:02:38"}
[DBG] {"bytes": 0, "category": "TRAIN", "component": "train", "event": "BEGIN:broadcast_preference_length", "host": "d6b2a058c4be", "pid": 185325, "rank": 0, "transport": "gloo_cpu", "ts": "2026-10-04 16:02:38"}
[DBG] {"category": "TRAIN", "component": "train", "event": "watchdog_armed", "host": "d6b2a058c4be", "pid": 185325, "rank": 0, "stage": "broadcast_preference_length", "timeout_sec": 30.0, "ts": "2026-10-04 16:02:38"}
[DBG] {"category": "TRAIN", "component": "train", "elapsed_sec": 0.002131, "event": "END:broadcast_preference_length", "host": "d6b2a058c4be", "pid": 185325, "rank": 0, "ts": "2026-10-04 16:02:38"}
[DBG] {"category": "TRAIN", "component": "train", "event": "watchdog_armed", "host": "d6b2a058c4be", "pid": 185325, "rank": 0, "stage": "broadcast_preference_payload", "timeout_sec": 30.0, "ts": "2026-10-04 16:02:38"}
[DBG] {"category": "TRAIN", "component": "train", "elapsed_sec": 0.003258, "event": "END:broadcast_preference_payload", "host": "d6b2a058c4be", "pid": 185325, "rank": 0, "ts": "2026-10-04 16:02:38"}
[DBG] {"category": "RAY", "component": "train", "event": "BEGIN:control_should_stop", "host": "d6b2a058c4be", "pid": 185325, "rank": 0, "ts": "2026-10-04 16:02:39"}
[DBG] {"category": "RAY", "component": "train", "event": "watchdog_armed", "host": "d6b2a058c4be", "pid": 185325, "rank": 0, "stage": "control_should_stop", "timeout_sec": 30.0, "ts": "2026-10-04 16:02:39"}
[DBG] {"category": "RAY", "component": "train", "elapsed_sec": 0.002961, "event": "END:control_should_stop", "host": "d6b2a058c4be", "pid": 185325, "rank": 0, "ts": "2026-10-04 16:02:39"}
[DBG] {"category": "TRAIN", "component": "train", "event": "BEGIN:broadcast_stop_flag", "host": "d6b2a058c4be", "pid": 185325, "rank": 0, "transport": "gloo_cpu", "ts": "2026-10-04 16:02:39", "value": false}
[DBG] {"category": "TRAIN", "component": "train", "event": "watchdog_armed", "host": "d6b2a058c4be", "pid": 185325, "rank": 0, "stage": "broadcast_stop_flag", "timeout_sec": 30.0, "ts": "2026-10-04 16:02:39"}
[DBG] {"category": "TRAIN", "component": "train", "elapsed_sec": 0.002638, "event": "END:broadcast_stop_flag", "host": "d6b2a058c4be", "pid": 185325, "rank": 0, "ts": "2026-10-04 16:02:39"}
[DBG] {"category": "QUEUE", "component": "train", "event": "BEGIN:preference_size_before_pop", "host": "d6b2a058c4be", "pid": 185325, "rank": 0, "ts": "2026-10-04 16:02:39"}
[DBG] {"category": "QUEUE", "component": "train", "event": "watchdog_armed", "host": "d6b2a058c4be", "pid": 185325, "rank": 0, "stage": "preference_size_before_pop", "timeout_sec": 30.0, "ts": "2026-10-04 16:02:39"}
[DBG] {"category": "QUEUE", "component": "train", "elapsed_sec": 0.004488, "event": "END:preference_size_before_pop", "host": "d6b2a058c4be", "pid": 185325, "rank": 0, "ts": "2026-10-04 16:02:39"}
[DBG] {"category": "QUEUE", "component": "train", "event": "trainer_queue_state", "host": "d6b2a058c4be", "pending": 0, "pid": 185325, "policy_version": 0, "rank": 0, "required": 4, "ts": "2026-10-04 16:02:39"}
[DBG] {"category": "QUEUE", "component": "train", "current_version": 0, "event": "BEGIN:preference_pop", "host": "d6b2a058c4be", "pid": 185325, "rank": 0, "requested": 4, "ts": "2026-10-04 16:02:39"}
[DBG] {"category": "QUEUE", "component": "train", "event": "watchdog_armed", "host": "d6b2a058c4be", "pid": 185325, "rank": 0, "stage": "preference_pop", "timeout_sec": 30.0, "ts": "2026-10-04 16:02:39"}
[DBG] {"category": "QUEUE", "component": "train", "elapsed_sec": 0.004155, "event": "END:preference_pop", "host": "d6b2a058c4be", "pid": 185325, "rank": 0, "ts": "2026-10-04 16:02:39"}
[DBG] {"category": "TRAIN", "component": "train", "event": "BEGIN:broadcast_preference_payload", "has_payload": false, "host": "d6b2a058c4be", "pid": 185325, "rank": 0, "transport": "json_uint8_gloo", "ts": "2026-10-04 16:02:39"}
[DBG] {"category": "TRAIN", "component": "train", "event": "watchdog_armed", "host": "d6b2a058c4be", "pid": 185325, "rank": 0, "stage": "broadcast_preference_payload", "timeout_sec": 30.0, "ts": "2026-10-04 16:02:39"}
[DBG] {"bytes": 0, "category": "TRAIN", "component": "train", "event": "BEGIN:broadcast_preference_length", "host": "d6b2a058c4be", "pid": 185325, "rank": 0, "transport": "gloo_cpu", "ts": "2026-10-04 16:02:39"}
[DBG] {"category": "TRAIN", "component": "train", "event": "watchdog_armed", "host": "d6b2a058c4be", "pid": 185325, "rank": 0, "stage": "broadcast_preference_length", "timeout_sec": 30.0, "ts": "2026-10-04 16:02:39"}
[DBG] {"category": "TRAIN", "component": "train", "elapsed_sec": 0.002076, "event": "END:broadcast_preference_length", "host": "d6b2a058c4be", "pid": 185325, "rank": 0, "ts": "2026-10-04 16:02:39"}
[DBG] {"category": "TRAIN", "component": "train", "event": "watchdog_armed", "host": "d6b2a058c4be", "pid": 185325, "rank": 0, "stage": "broadcast_preference_payload", "timeout_sec": 30.0, "ts": "2026-10-04 16:02:39"}
[DBG] {"category": "TRAIN", "component": "train", "elapsed_sec": 0.003194, "event": "END:broadcast_preference_payload", "host": "d6b2a058c4be", "pid": 185325, "rank": 0, "ts": "2026-10-04 16:02:39"}
[DBG] {"category": "RAY", "component": "train", "event": "BEGIN:control_should_stop", "host": "d6b2a058c4be", "pid": 185325, "rank": 0, "ts": "2026-10-04 16:02:39"}
[DBG] {"category": "RAY", "component": "train", "event": "watchdog_armed", "host": "d6b2a058c4be", "pid": 185325, "rank": 0, "stage": "control_should_stop", "timeout_sec": 30.0, "ts": "2026-10-04 16:02:39"}
[DBG] {"category": "RAY", "component": "train", "elapsed_sec": 0.003072, "event": "END:control_should_stop", "host": "d6b2a058c4be", "pid": 185325, "rank": 0, "ts": "2026-10-04 16:02:39"}
[DBG] {"category": "TRAIN", "component": "train", "event": "BEGIN:broadcast_stop_flag", "host": "d6b2a058c4be", "pid": 185325, "rank": 0, "transport": "gloo_cpu", "ts": "2026-10-04 16:02:39", "value": false}
[DBG] {"category": "TRAIN", "component": "train", "event": "watchdog_armed", "host": "d6b2a058c4be", "pid": 185325, "rank": 0, "stage": "broadcast_stop_flag", "timeout_sec": 30.0, "ts": "2026-10-04 16:02:39"}
[DBG] {"category": "TRAIN", "component": "train", "elapsed_sec": 0.00227, "event": "END:broadcast_stop_flag", "host": "d6b2a058c4be", "pid": 185325, "rank": 0, "ts": "2026-10-04 16:02:39"}
[DBG] {"category": "QUEUE", "component": "train", "event": "BEGIN:preference_size_before_pop", "host": "d6b2a058c4be", "pid": 185325, "rank": 0, "ts": "2026-10-04 16:02:39"}
[DBG] {"category": "QUEUE", "component": "train", "event": "watchdog_armed", "host": "d6b2a058c4be", "pid": 185325, "rank": 0, "stage": "preference_size_before_pop", "timeout_sec": 30.0, "ts": "2026-10-04 16:02:39"}
[DBG] {"category": "QUEUE", "component": "train", "elapsed_sec": 0.003931, "event": "END:preference_size_before_pop", "host": "d6b2a058c4be", "pid": 185325, "rank": 0, "ts": "2026-10-04 16:02:39"}
[DBG] {"category": "QUEUE", "component": "train", "event": "trainer_queue_state", "host": "d6b2a058c4be", "pending": 0, "pid": 185325, "policy_version": 0, "rank": 0, "required": 4, "ts": "2026-10-04 16:02:39"}
[DBG] {"category": "QUEUE", "component": "train", "current_version": 0, "event": "BEGIN:preference_pop", "host": "d6b2a058c4be", "pid": 185325, "rank": 0, "requested": 4, "ts": "2026-10-04 16:02:39"}
[DBG] {"category": "QUEUE", "component": "train", "event": "watchdog_armed", "host": "d6b2a058c4be", "pid": 185325, "rank": 0, "stage": "preference_pop", "timeout_sec": 30.0, "ts": "2026-10-04 16:02:39"}
[DBG] {"category": "QUEUE", "component": "train", "elapsed_sec": 0.003999, "event": "END:preference_pop", "host": "d6b2a058c4be", "pid": 185325, "rank": 0, "ts": "2026-10-04 16:02:39"}
[DBG] {"category": "TRAIN", "component": "train", "event": "BEGIN:broadcast_preference_payload", "has_payload": false, "host": "d6b2a058c4be", "pid": 185325, "rank": 0, "transport": "json_uint8_gloo", "ts": "2026-10-04 16:02:39"}
[DBG] {"category": "TRAIN", "component": "train", "event": "watchdog_armed", "host": "d6b2a058c4be", "pid": 185325, "rank": 0, "stage": "broadcast_preference_payload", "timeout_sec": 30.0, "ts": "2026-10-04 16:02:39"}
[DBG] {"bytes": 0, "category": "TRAIN", "component": "train", "event": "BEGIN:broadcast_preference_length", "host": "d6b2a058c4be", "pid": 185325, "rank": 0, "transport": "gloo_cpu", "ts": "2026-10-04 16:02:39"}
[DBG] {"category": "TRAIN", "component": "train", "event": "watchdog_armed", "host": "d6b2a058c4be", "pid": 185325, "rank": 0, "stage": "broadcast_preference_length", "timeout_sec": 30.0, "ts": "2026-10-04 16:02:39"}
[DBG] {"category": "TRAIN", "component": "train", "elapsed_sec": 0.001939, "event": "END:broadcast_preference_length", "host": "d6b2a058c4be", "pid": 185325, "rank": 0, "ts": "2026-10-04 16:02:39"}
[DBG] {"category": "TRAIN", "component": "train", "event": "watchdog_armed", "host": "d6b2a058c4be", "pid": 185325, "rank": 0, "stage": "broadcast_preference_payload", "timeout_sec": 30.0, "ts": "2026-10-04 16:02:39"}
[DBG] {"category": "TRAIN", "component": "train", "elapsed_sec": 0.003048, "event": "END:broadcast_preference_payload", "host": "d6b2a058c4be", "pid": 185325, "rank": 0, "ts": "2026-10-04 16:02:39"}
[DBG] {"category": "RAY", "component": "train", "event": "BEGIN:control_should_stop", "host": "d6b2a058c4be", "pid": 185325, "rank": 0, "ts": "2026-10-04 16:02:40"}
[DBG] {"category": "RAY", "component": "train", "event": "watchdog_armed", "host": "d6b2a058c4be", "pid": 185325, "rank": 0, "stage": "control_should_stop", "timeout_sec": 30.0, "ts": "2026-10-04 16:02:40"}
[DBG] {"category": "RAY", "component": "train", "elapsed_sec": 0.003066, "event": "END:control_should_stop", "host": "d6b2a058c4be", "pid": 185325, "rank": 0, "ts": "2026-10-04 16:02:40"}
[DBG] {"category": "TRAIN", "component": "train", "event": "BEGIN:broadcast_stop_flag", "host": "d6b2a058c4be", "pid": 185325, "rank": 0, "transport": "gloo_cpu", "ts": "2026-10-04 16:02:40", "value": false}
[DBG] {"category": "TRAIN", "component": "train", "event": "watchdog_armed", "host": "d6b2a058c4be", "pid": 185325, "rank": 0, "stage": "broadcast_stop_flag", "timeout_sec": 30.0, "ts": "2026-10-04 16:02:40"}
[DBG] {"category": "TRAIN", "component": "train", "elapsed_sec": 0.002311, "event": "END:broadcast_stop_flag", "host": "d6b2a058c4be", "pid": 185325, "rank": 0, "ts": "2026-10-04 16:02:40"}
[DBG] {"category": "QUEUE", "component": "train", "event": "BEGIN:preference_size_before_pop", "host": "d6b2a058c4be", "pid": 185325, "rank": 0, "ts": "2026-10-04 16:02:40"}
[DBG] {"category": "QUEUE", "component": "train", "event": "watchdog_armed", "host": "d6b2a058c4be", "pid": 185325, "rank": 0, "stage": "preference_size_before_pop", "timeout_sec": 30.0, "ts": "2026-10-04 16:02:40"}
[DBG] {"category": "QUEUE", "component": "train", "elapsed_sec": 0.004494, "event": "END:preference_size_before_pop", "host": "d6b2a058c4be", "pid": 185325, "rank": 0, "ts": "2026-10-04 16:02:40"}
[DBG] {"category": "QUEUE", "component": "train", "event": "trainer_queue_state", "host": "d6b2a058c4be", "pending": 0, "pid": 185325, "policy_version": 0, "rank": 0, "required": 4, "ts": "2026-10-04 16:02:40"}
[DBG] {"category": "QUEUE", "component": "train", "current_version": 0, "event": "BEGIN:preference_pop", "host": "d6b2a058c4be", "pid": 185325, "rank": 0, "requested": 4, "ts": "2026-10-04 16:02:40"}
[DBG] {"category": "QUEUE", "component": "train", "event": "watchdog_armed", "host": "d6b2a058c4be", "pid": 185325, "rank": 0, "stage": "preference_pop", "timeout_sec": 30.0, "ts": "2026-10-04 16:02:40"}
[DBG] {"category": "QUEUE", "component": "train", "elapsed_sec": 0.005413, "event": "END:preference_pop", "host": "d6b2a058c4be", "pid": 185325, "rank": 0, "ts": "2026-10-04 16:02:40"}
[DBG] {"category": "TRAIN", "component": "train", "event": "BEGIN:broadcast_preference_payload", "has_payload": false, "host": "d6b2a058c4be", "pid": 185325, "rank": 0, "transport": "json_uint8_gloo", "ts": "2026-10-04 16:02:40"}
[DBG] {"category": "TRAIN", "component": "train", "event": "watchdog_armed", "host": "d6b2a058c4be", "pid": 185325, "rank": 0, "stage": "broadcast_preference_payload", "timeout_sec": 30.0, "ts": "2026-10-04 16:02:40"}
[DBG] {"bytes": 0, "category": "TRAIN", "component": "train", "event": "BEGIN:broadcast_preference_length", "host": "d6b2a058c4be", "pid": 185325, "rank": 0, "transport": "gloo_cpu", "ts": "2026-10-04 16:02:40"}
[DBG] {"category": "TRAIN", "component": "train", "event": "watchdog_armed", "host": "d6b2a058c4be", "pid": 185325, "rank": 0, "stage": "broadcast_preference_length", "timeout_sec": 30.0, "ts": "2026-10-04 16:02:40"}
[DBG] {"category": "TRAIN", "component": "train", "elapsed_sec": 0.001933, "event": "END:broadcast_preference_length", "host": "d6b2a058c4be", "pid": 185325, "rank": 0, "ts": "2026-10-04 16:02:40"}
[DBG] {"category": "TRAIN", "component": "train", "event": "watchdog_armed", "host": "d6b2a058c4be", "pid": 185325, "rank": 0, "stage": "broadcast_preference_payload", "timeout_sec": 30.0, "ts": "2026-10-04 16:02:40"}
[DBG] {"category": "TRAIN", "component": "train", "elapsed_sec": 0.003065, "event": "END:broadcast_preference_payload", "host": "d6b2a058c4be", "pid": 185325, "rank": 0, "ts": "2026-10-04 16:02:40"}
[DBG] {"category": "RAY", "component": "train", "event": "BEGIN:control_should_stop", "host": "d6b2a058c4be", "pid": 185325, "rank": 0, "ts": "2026-10-04 16:02:41"}
[DBG] {"category": "RAY", "component": "train", "event": "watchdog_armed", "host": "d6b2a058c4be", "pid": 185325, "rank": 0, "stage": "control_should_stop", "timeout_sec": 30.0, "ts": "2026-10-04 16:02:41"}
[DBG] {"category": "RAY", "component": "train", "elapsed_sec": 0.003027, "event": "END:control_should_stop", "host": "d6b2a058c4be", "pid": 185325, "rank": 0, "ts": "2026-10-04 16:02:41"}
[DBG] {"category": "TRAIN", "component": "train", "event": "BEGIN:broadcast_stop_flag", "host": "d6b2a058c4be", "pid": 185325, "rank": 0, "transport": "gloo_cpu", "ts": "2026-10-04 16:02:41", "value": false}
[DBG] {"category": "TRAIN", "component": "train", "event": "watchdog_armed", "host": "d6b2a058c4be", "pid": 185325, "rank": 0, "stage": "broadcast_stop_flag", "timeout_sec": 30.0, "ts": "2026-10-04 16:02:41"}
[DBG] {"category": "TRAIN", "component": "train", "elapsed_sec": 0.002364, "event": "END:broadcast_stop_flag", "host": "d6b2a058c4be", "pid": 185325, "rank": 0, "ts": "2026-10-04 16:02:41"}
[DBG] {"category": "QUEUE", "component": "train", "event": "BEGIN:preference_size_before_pop", "host": "d6b2a058c4be", "pid": 185325, "rank": 0, "ts": "2026-10-04 16:02:41"}
[DBG] {"category": "QUEUE", "component": "train", "event": "watchdog_armed", "host": "d6b2a058c4be", "pid": 185325, "rank": 0, "stage": "preference_size_before_pop", "timeout_sec": 30.0, "ts": "2026-10-04 16:02:41"}
[DBG] {"category": "QUEUE", "component": "train", "elapsed_sec": 0.003877, "event": "END:preference_size_before_pop", "host": "d6b2a058c4be", "pid": 185325, "rank": 0, "ts": "2026-10-04 16:02:41"}
[DBG] {"category": "QUEUE", "component": "train", "event": "trainer_queue_state", "host": "d6b2a058c4be", "pending": 0, "pid": 185325, "policy_version": 0, "rank": 0, "required": 4, "ts": "2026-10-04 16:02:41"}
[DBG] {"category": "QUEUE", "component": "train", "current_version": 0, "event": "BEGIN:preference_pop", "host": "d6b2a058c4be", "pid": 185325, "rank": 0, "requested": 4, "ts": "2026-10-04 16:02:41"}
[DBG] {"category": "QUEUE", "component": "train", "event": "watchdog_armed", "host": "d6b2a058c4be", "pid": 185325, "rank": 0, "stage": "preference_pop", "timeout_sec": 30.0, "ts": "2026-10-04 16:02:41"}
[DBG] {"category": "QUEUE", "component": "train", "elapsed_sec": 0.00511, "event": "END:preference_pop", "host": "d6b2a058c4be", "pid": 185325, "rank": 0, "ts": "2026-10-04 16:02:41"}
[DBG] {"category": "TRAIN", "component": "train", "event": "BEGIN:broadcast_preference_payload", "has_payload": false, "host": "d6b2a058c4be", "pid": 185325, "rank": 0, "transport": "json_uint8_gloo", "ts": "2026-10-04 16:02:41"}
[DBG] {"category": "TRAIN", "component": "train", "event": "watchdog_armed", "host": "d6b2a058c4be", "pid": 185325, "rank": 0, "stage": "broadcast_preference_payload", "timeout_sec": 30.0, "ts": "2026-10-04 16:02:41"}
[DBG] {"bytes": 0, "category": "TRAIN", "component": "train", "event": "BEGIN:broadcast_preference_length", "host": "d6b2a058c4be", "pid": 185325, "rank": 0, "transport": "gloo_cpu", "ts": "2026-10-04 16:02:41"}
[DBG] {"category": "TRAIN", "component": "train", "event": "watchdog_armed", "host": "d6b2a058c4be", "pid": 185325, "rank": 0, "stage": "broadcast_preference_length", "timeout_sec": 30.0, "ts": "2026-10-04 16:02:41"}
[DBG] {"category": "TRAIN", "component": "train", "elapsed_sec": 0.001953, "event": "END:broadcast_preference_length", "host": "d6b2a058c4be", "pid": 185325, "rank": 0, "ts": "2026-10-04 16:02:41"}
[DBG] {"category": "TRAIN", "component": "train", "event": "watchdog_armed", "host": "d6b2a058c4be", "pid": 185325, "rank": 0, "stage": "broadcast_preference_payload", "timeout_sec": 30.0, "ts": "2026-10-04 16:02:41"}
[DBG] {"category": "TRAIN", "component": "train", "elapsed_sec": 0.003069, "event": "END:broadcast_preference_payload", "host": "d6b2a058c4be", "pid": 185325, "rank": 0, "ts": "2026-10-04 16:02:41"}
[DBG] {"category": "RAY", "component": "train", "event": "BEGIN:control_should_stop", "host": "d6b2a058c4be", "pid": 185325, "rank": 0, "ts": "2026-10-04 16:02:41"}
[DBG] {"category": "RAY", "component": "train", "event": "watchdog_armed", "host": "d6b2a058c4be", "pid": 185325, "rank": 0, "stage": "control_should_stop", "timeout_sec": 30.0, "ts": "2026-10-04 16:02:41"}
[DBG] {"category": "RAY", "component": "train", "elapsed_sec": 0.002716, "event": "END:control_should_stop", "host": "d6b2a058c4be", "pid": 185325, "rank": 0, "ts": "2026-10-04 16:02:41"}
[DBG] {"category": "TRAIN", "component": "train", "event": "BEGIN:broadcast_stop_flag", "host": "d6b2a058c4be", "pid": 185325, "rank": 0, "transport": "gloo_cpu", "ts": "2026-10-04 16:02:41", "value": false}
[DBG] {"category": "TRAIN", "component": "train", "event": "watchdog_armed", "host": "d6b2a058c4be", "pid": 185325, "rank": 0, "stage": "broadcast_stop_flag", "timeout_sec": 30.0, "ts": "2026-10-04 16:02:41"}
[DBG] {"category": "TRAIN", "component": "train", "elapsed_sec": 0.002336, "event": "END:broadcast_stop_flag", "host": "d6b2a058c4be", "pid": 185325, "rank": 0, "ts": "2026-10-04 16:02:41"}
[DBG] {"category": "QUEUE", "component": "train", "event": "BEGIN:preference_size_before_pop", "host": "d6b2a058c4be", "pid": 185325, "rank": 0, "ts": "2026-10-04 16:02:41"}
[DBG] {"category": "QUEUE", "component": "train", "event": "watchdog_armed", "host": "d6b2a058c4be", "pid": 185325, "rank": 0, "stage": "preference_size_before_pop", "timeout_sec": 30.0, "ts": "2026-10-04 16:02:41"}
[DBG] {"category": "QUEUE", "component": "train", "elapsed_sec": 0.004009, "event": "END:preference_size_before_pop", "host": "d6b2a058c4be", "pid": 185325, "rank": 0, "ts": "2026-10-04 16:02:41"}
[DBG] {"category": "QUEUE", "component": "train", "event": "trainer_queue_state", "host": "d6b2a058c4be", "pending": 0, "pid": 185325, "policy_version": 0, "rank": 0, "required": 4, "ts": "2026-10-04 16:02:41"}
[DBG] {"category": "QUEUE", "component": "train", "current_version": 0, "event": "BEGIN:preference_pop", "host": "d6b2a058c4be", "pid": 185325, "rank": 0, "requested": 4, "ts": "2026-10-04 16:02:41"}
[DBG] {"category": "QUEUE", "component": "train", "event": "watchdog_armed", "host": "d6b2a058c4be", "pid": 185325, "rank": 0, "stage": "preference_pop", "timeout_sec": 30.0, "ts": "2026-10-04 16:02:41"}
[DBG] {"category": "QUEUE", "component": "train", "elapsed_sec": 0.004272, "event": "END:preference_pop", "host": "d6b2a058c4be", "pid": 185325, "rank": 0, "ts": "2026-10-04 16:02:41"}
[DBG] {"category": "TRAIN", "component": "train", "event": "BEGIN:broadcast_preference_payload", "has_payload": false, "host": "d6b2a058c4be", "pid": 185325, "rank": 0, "transport": "json_uint8_gloo", "ts": "2026-10-04 16:02:41"}
[DBG] {"category": "TRAIN", "component": "train", "event": "watchdog_armed", "host": "d6b2a058c4be", "pid": 185325, "rank": 0, "stage": "broadcast_preference_payload", "timeout_sec": 30.0, "ts": "2026-10-04 16:02:41"}
[DBG] {"bytes": 0, "category": "TRAIN", "component": "train", "event": "BEGIN:broadcast_preference_length", "host": "d6b2a058c4be", "pid": 185325, "rank": 0, "transport": "gloo_cpu", "ts": "2026-10-04 16:02:41"}
[DBG] {"category": "TRAIN", "component": "train", "event": "watchdog_armed", "host": "d6b2a058c4be", "pid": 185325, "rank": 0, "stage": "broadcast_preference_length", "timeout_sec": 30.0, "ts": "2026-10-04 16:02:41"}
[DBG] {"category": "TRAIN", "component": "train", "elapsed_sec": 0.001998, "event": "END:broadcast_preference_length", "host": "d6b2a058c4be", "pid": 185325, "rank": 0, "ts": "2026-10-04 16:02:41"}
[DBG] {"category": "TRAIN", "component": "train", "event": "watchdog_armed", "host": "d6b2a058c4be", "pid": 185325, "rank": 0, "stage": "broadcast_preference_payload", "timeout_sec": 30.0, "ts": "2026-10-04 16:02:41"}
[DBG] {"category": "TRAIN", "component": "train", "elapsed_sec": 0.003106, "event": "END:broadcast_preference_payload", "host": "d6b2a058c4be", "pid": 185325, "rank": 0, "ts": "2026-10-04 16:02:41"}
[DBG] {"category": "RAY", "component": "train", "event": "BEGIN:control_should_stop", "host": "d6b2a058c4be", "pid": 185325, "rank": 0, "ts": "2026-10-04 16:02:42"}
[DBG] {"category": "RAY", "component": "train", "event": "watchdog_armed", "host": "d6b2a058c4be", "pid": 185325, "rank": 0, "stage": "control_should_stop", "timeout_sec": 30.0, "ts": "2026-10-04 16:02:42"}
[DBG] {"category": "RAY", "component": "train", "elapsed_sec": 0.003354, "event": "END:control_should_stop", "host": "d6b2a058c4be", "pid": 185325, "rank": 0, "ts": "2026-10-04 16:02:42"}
[DBG] {"category": "TRAIN", "component": "train", "event": "BEGIN:broadcast_stop_flag", "host": "d6b2a058c4be", "pid": 185325, "rank": 0, "transport": "gloo_cpu", "ts": "2026-10-04 16:02:42", "value": false}
[DBG] {"category": "TRAIN", "component": "train", "event": "watchdog_armed", "host": "d6b2a058c4be", "pid": 185325, "rank": 0, "stage": "broadcast_stop_flag", "timeout_sec": 30.0, "ts": "2026-10-04 16:02:42"}
[DBG] {"category": "TRAIN", "component": "train", "elapsed_sec": 0.002636, "event": "END:broadcast_stop_flag", "host": "d6b2a058c4be", "pid": 185325, "rank": 0, "ts": "2026-10-04 16:02:42"}
[DBG] {"category": "QUEUE", "component": "train", "event": "BEGIN:preference_size_before_pop", "host": "d6b2a058c4be", "pid": 185325, "rank": 0, "ts": "2026-10-04 16:02:42"}
[DBG] {"category": "QUEUE", "component": "train", "event": "watchdog_armed", "host": "d6b2a058c4be", "pid": 185325, "rank": 0, "stage": "preference_size_before_pop", "timeout_sec": 30.0, "ts": "2026-10-04 16:02:42"}
[DBG] {"category": "QUEUE", "component": "train", "elapsed_sec": 0.004409, "event": "END:preference_size_before_pop", "host": "d6b2a058c4be", "pid": 185325, "rank": 0, "ts": "2026-10-04 16:02:42"}
[DBG] {"category": "QUEUE", "component": "train", "event": "trainer_queue_state", "host": "d6b2a058c4be", "pending": 0, "pid": 185325, "policy_version": 0, "rank": 0, "required": 4, "ts": "2026-10-04 16:02:42"}
[DBG] {"category": "QUEUE", "component": "train", "current_version": 0, "event": "BEGIN:preference_pop", "host": "d6b2a058c4be", "pid": 185325, "rank": 0, "requested": 4, "ts": "2026-10-04 16:02:42"}
[DBG] {"category": "QUEUE", "component": "train", "event": "watchdog_armed", "host": "d6b2a058c4be", "pid": 185325, "rank": 0, "stage": "preference_pop", "timeout_sec": 30.0, "ts": "2026-10-04 16:02:42"}
[DBG] {"category": "QUEUE", "component": "train", "elapsed_sec": 0.004077, "event": "END:preference_pop", "host": "d6b2a058c4be", "pid": 185325, "rank": 0, "ts": "2026-10-04 16:02:42"}
[DBG] {"category": "TRAIN", "component": "train", "empty_polls": 100, "event": "waiting_for_preference_batch", "host": "d6b2a058c4be", "pending": 0, "pid": 185325, "rank": 0, "required": 4, "ts": "2026-10-04 16:02:42"}
[DBG] {"category": "TRAIN", "component": "train", "event": "BEGIN:broadcast_preference_payload", "has_payload": false, "host": "d6b2a058c4be", "pid": 185325, "rank": 0, "transport": "json_uint8_gloo", "ts": "2026-10-04 16:02:42"}
[DBG] {"category": "TRAIN", "component": "train", "event": "watchdog_armed", "host": "d6b2a058c4be", "pid": 185325, "rank": 0, "stage": "broadcast_preference_payload", "timeout_sec": 30.0, "ts": "2026-10-04 16:02:42"}
[DBG] {"bytes": 0, "category": "TRAIN", "component": "train", "event": "BEGIN:broadcast_preference_length", "host": "d6b2a058c4be", "pid": 185325, "rank": 0, "transport": "gloo_cpu", "ts": "2026-10-04 16:02:42"}
[DBG] {"category": "TRAIN", "component": "train", "event": "watchdog_armed", "host": "d6b2a058c4be", "pid": 185325, "rank": 0, "stage": "broadcast_preference_length", "timeout_sec": 30.0, "ts": "2026-10-04 16:02:42"}
[DBG] {"category": "TRAIN", "component": "train", "elapsed_sec": 0.002068, "event": "END:broadcast_preference_length", "host": "d6b2a058c4be", "pid": 185325, "rank": 0, "ts": "2026-10-04 16:02:42"}
[DBG] {"category": "TRAIN", "component": "train", "event": "watchdog_armed", "host": "d6b2a058c4be", "pid": 185325, "rank": 0, "stage": "broadcast_preference_payload", "timeout_sec": 30.0, "ts": "2026-10-04 16:02:42"}
[DBG] {"category": "TRAIN", "component": "train", "elapsed_sec": 0.003215, "event": "END:broadcast_preference_payload", "host": "d6b2a058c4be", "pid": 185325, "rank": 0, "ts": "2026-10-04 16:02:42"}
[DBG] {"category": "RAY", "component": "train", "event": "BEGIN:control_should_stop", "host": "d6b2a058c4be", "pid": 185325, "rank": 0, "ts": "2026-10-04 16:02:42"}
[DBG] {"category": "RAY", "component": "train", "event": "watchdog_armed", "host": "d6b2a058c4be", "pid": 185325, "rank": 0, "stage": "control_should_stop", "timeout_sec": 30.0, "ts": "2026-10-04 16:02:42"}
[DBG] {"category": "RAY", "component": "train", "elapsed_sec": 0.010934, "event": "END:control_should_stop", "host": "d6b2a058c4be", "pid": 185325, "rank": 0, "ts": "2026-10-04 16:02:42"}
[DBG] {"category": "TRAIN", "component": "train", "event": "BEGIN:broadcast_stop_flag", "host": "d6b2a058c4be", "pid": 185325, "rank": 0, "transport": "gloo_cpu", "ts": "2026-10-04 16:02:42", "value": false}
[DBG] {"category": "TRAIN", "component": "train", "event": "watchdog_armed", "host": "d6b2a058c4be", "pid": 185325, "rank": 0, "stage": "broadcast_stop_flag", "timeout_sec": 30.0, "ts": "2026-10-04 16:02:42"}
[DBG] {"category": "TRAIN", "component": "train", "elapsed_sec": 0.002678, "event": "END:broadcast_stop_flag", "host": "d6b2a058c4be", "pid": 185325, "rank": 0, "ts": "2026-10-04 16:02:42"}
[DBG] {"category": "QUEUE", "component": "train", "event": "BEGIN:preference_size_before_pop", "host": "d6b2a058c4be", "pid": 185325, "rank": 0, "ts": "2026-10-04 16:02:42"}
[DBG] {"category": "QUEUE", "component": "train", "event": "watchdog_armed", "host": "d6b2a058c4be", "pid": 185325, "rank": 0, "stage": "preference_size_before_pop", "timeout_sec": 30.0, "ts": "2026-10-04 16:02:42"}
[DBG] {"category": "QUEUE", "component": "train", "elapsed_sec": 0.004811, "event": "END:preference_size_before_pop", "host": "d6b2a058c4be", "pid": 185325, "rank": 0, "ts": "2026-10-04 16:02:42"}
[DBG] {"category": "QUEUE", "component": "train", "event": "trainer_queue_state", "host": "d6b2a058c4be", "pending": 0, "pid": 185325, "policy_version": 0, "rank": 0, "required": 4, "ts": "2026-10-04 16:02:42"}
[DBG] {"category": "QUEUE", "component": "train", "current_version": 0, "event": "BEGIN:preference_pop", "host": "d6b2a058c4be", "pid": 185325, "rank": 0, "requested": 4, "ts": "2026-10-04 16:02:42"}
[DBG] {"category": "QUEUE", "component": "train", "event": "watchdog_armed", "host": "d6b2a058c4be", "pid": 185325, "rank": 0, "stage": "preference_pop", "timeout_sec": 30.0, "ts": "2026-10-04 16:02:42"}
[DBG] {"category": "QUEUE", "component": "train", "elapsed_sec": 0.004772, "event": "END:preference_pop", "host": "d6b2a058c4be", "pid": 185325, "rank": 0, "ts": "2026-10-04 16:02:42"}
[DBG] {"category": "TRAIN", "component": "train", "event": "BEGIN:broadcast_preference_payload", "has_payload": false, "host": "d6b2a058c4be", "pid": 185325, "rank": 0, "transport": "json_uint8_gloo", "ts": "2026-10-04 16:02:42"}
[DBG] {"category": "TRAIN", "component": "train", "event": "watchdog_armed", "host": "d6b2a058c4be", "pid": 185325, "rank": 0, "stage": "broadcast_preference_payload", "timeout_sec": 30.0, "ts": "2026-10-04 16:02:42"}
[DBG] {"bytes": 0, "category": "TRAIN", "component": "train", "event": "BEGIN:broadcast_preference_length", "host": "d6b2a058c4be", "pid": 185325, "rank": 0, "transport": "gloo_cpu", "ts": "2026-10-04 16:02:42"}
[DBG] {"category": "TRAIN", "component": "train", "event": "watchdog_armed", "host": "d6b2a058c4be", "pid": 185325, "rank": 0, "stage": "broadcast_preference_length", "timeout_sec": 30.0, "ts": "2026-10-04 16:02:42"}
[DBG] {"category": "TRAIN", "component": "train", "elapsed_sec": 0.002196, "event": "END:broadcast_preference_length", "host": "d6b2a058c4be", "pid": 185325, "rank": 0, "ts": "2026-10-04 16:02:42"}
[DBG] {"category": "TRAIN", "component": "train", "event": "watchdog_armed", "host": "d6b2a058c4be", "pid": 185325, "rank": 0, "stage": "broadcast_preference_payload", "timeout_sec": 30.0, "ts": "2026-10-04 16:02:42"}
[DBG] {"category": "TRAIN", "component": "train", "elapsed_sec": 0.003389, "event": "END:broadcast_preference_payload", "host": "d6b2a058c4be", "pid": 185325, "rank": 0, "ts": "2026-10-04 16:02:42"}
[DBG] {"category": "RAY", "component": "train", "event": "BEGIN:control_should_stop", "host": "d6b2a058c4be", "pid": 185325, "rank": 0, "ts": "2026-10-04 16:02:43"}
[DBG] {"category": "RAY", "component": "train", "event": "watchdog_armed", "host": "d6b2a058c4be", "pid": 185325, "rank": 0, "stage": "control_should_stop", "timeout_sec": 30.0, "ts": "2026-10-04 16:02:43"}
[DBG] {"category": "RAY", "component": "train", "elapsed_sec": 0.003258, "event": "END:control_should_stop", "host": "d6b2a058c4be", "pid": 185325, "rank": 0, "ts": "2026-10-04 16:02:43"}
[DBG] {"category": "TRAIN", "component": "train", "event": "BEGIN:broadcast_stop_flag", "host": "d6b2a058c4be", "pid": 185325, "rank": 0, "transport": "gloo_cpu", "ts": "2026-10-04 16:02:43", "value": false}
[DBG] {"category": "TRAIN", "component": "train", "event": "watchdog_armed", "host": "d6b2a058c4be", "pid": 185325, "rank": 0, "stage": "broadcast_stop_flag", "timeout_sec": 30.0, "ts": "2026-10-04 16:02:43"}
[DBG] {"category": "TRAIN", "component": "train", "elapsed_sec": 0.002462, "event": "END:broadcast_stop_flag", "host": "d6b2a058c4be", "pid": 185325, "rank": 0, "ts": "2026-10-04 16:02:43"}
[DBG] {"category": "QUEUE", "component": "train", "event": "BEGIN:preference_size_before_pop", "host": "d6b2a058c4be", "pid": 185325, "rank": 0, "ts": "2026-10-04 16:02:43"}
[DBG] {"category": "QUEUE", "component": "train", "event": "watchdog_armed", "host": "d6b2a058c4be", "pid": 185325, "rank": 0, "stage": "preference_size_before_pop", "timeout_sec": 30.0, "ts": "2026-10-04 16:02:43"}
[DBG] {"category": "QUEUE", "component": "train", "elapsed_sec": 0.004816, "event": "END:preference_size_before_pop", "host": "d6b2a058c4be", "pid": 185325, "rank": 0, "ts": "2026-10-04 16:02:43"}
[DBG] {"category": "QUEUE", "component": "train", "event": "trainer_queue_state", "host": "d6b2a058c4be", "pending": 0, "pid": 185325, "policy_version": 0, "rank": 0, "required": 4, "ts": "2026-10-04 16:02:43"}
[DBG] {"category": "QUEUE", "component": "train", "current_version": 0, "event": "BEGIN:preference_pop", "host": "d6b2a058c4be", "pid": 185325, "rank": 0, "requested": 4, "ts": "2026-10-04 16:02:43"}
[DBG] {"category": "QUEUE", "component": "train", "event": "watchdog_armed", "host": "d6b2a058c4be", "pid": 185325, "rank": 0, "stage": "preference_pop", "timeout_sec": 30.0, "ts": "2026-10-04 16:02:43"}
[DBG] {"category": "QUEUE", "component": "train", "elapsed_sec": 0.004413, "event": "END:preference_pop", "host": "d6b2a058c4be", "pid": 185325, "rank": 0, "ts": "2026-10-04 16:02:43"}
[DBG] {"category": "TRAIN", "component": "train", "event": "BEGIN:broadcast_preference_payload", "has_payload": false, "host": "d6b2a058c4be", "pid": 185325, "rank": 0, "transport": "json_uint8_gloo", "ts": "2026-10-04 16:02:43"}
[DBG] {"category": "TRAIN", "component": "train", "event": "watchdog_armed", "host": "d6b2a058c4be", "pid": 185325, "rank": 0, "stage": "broadcast_preference_payload", "timeout_sec": 30.0, "ts": "2026-10-04 16:02:43"}
[DBG] {"bytes": 0, "category": "TRAIN", "component": "train", "event": "BEGIN:broadcast_preference_length", "host": "d6b2a058c4be", "pid": 185325, "rank": 0, "transport": "gloo_cpu", "ts": "2026-10-04 16:02:43"}
[DBG] {"category": "TRAIN", "component": "train", "event": "watchdog_armed", "host": "d6b2a058c4be", "pid": 185325, "rank": 0, "stage": "broadcast_preference_length", "timeout_sec": 30.0, "ts": "2026-10-04 16:02:43"}
[DBG] {"category": "TRAIN", "component": "train", "elapsed_sec": 0.002046, "event": "END:broadcast_preference_length", "host": "d6b2a058c4be", "pid": 185325, "rank": 0, "ts": "2026-10-04 16:02:43"}
[DBG] {"category": "TRAIN", "component": "train", "event": "watchdog_armed", "host": "d6b2a058c4be", "pid": 185325, "rank": 0, "stage": "broadcast_preference_payload", "timeout_sec": 30.0, "ts": "2026-10-04 16:02:43"}
[DBG] {"category": "TRAIN", "component": "train", "elapsed_sec": 0.003452, "event": "END:broadcast_preference_payload", "host": "d6b2a058c4be", "pid": 185325, "rank": 0, "ts": "2026-10-04 16:02:43"}
[DBG] {"category": "RAY", "component": "train", "event": "BEGIN:control_should_stop", "host": "d6b2a058c4be", "pid": 185325, "rank": 0, "ts": "2026-10-04 16:02:43"}
[DBG] {"category": "RAY", "component": "train", "event": "watchdog_armed", "host": "d6b2a058c4be", "pid": 185325, "rank": 0, "stage": "control_should_stop", "timeout_sec": 30.0, "ts": "2026-10-04 16:02:43"}
[DBG] {"category": "RAY", "component": "train", "elapsed_sec": 0.003276, "event": "END:control_should_stop", "host": "d6b2a058c4be", "pid": 185325, "rank": 0, "ts": "2026-10-04 16:02:43"}
[DBG] {"category": "TRAIN", "component": "train", "event": "BEGIN:broadcast_stop_flag", "host": "d6b2a058c4be", "pid": 185325, "rank": 0, "transport": "gloo_cpu", "ts": "2026-10-04 16:02:43", "value": false}
[DBG] {"category": "TRAIN", "component": "train", "event": "watchdog_armed", "host": "d6b2a058c4be", "pid": 185325, "rank": 0, "stage": "broadcast_stop_flag", "timeout_sec": 30.0, "ts": "2026-10-04 16:02:43"}
[DBG] {"category": "TRAIN", "component": "train", "elapsed_sec": 0.002527, "event": "END:broadcast_stop_flag", "host": "d6b2a058c4be", "pid": 185325, "rank": 0, "ts": "2026-10-04 16:02:43"}
[DBG] {"category": "QUEUE", "component": "train", "event": "BEGIN:preference_size_before_pop", "host": "d6b2a058c4be", "pid": 185325, "rank": 0, "ts": "2026-10-04 16:02:43"}
[DBG] {"category": "QUEUE", "component": "train", "event": "watchdog_armed", "host": "d6b2a058c4be", "pid": 185325, "rank": 0, "stage": "preference_size_before_pop", "timeout_sec": 30.0, "ts": "2026-10-04 16:02:43"}
[DBG] {"category": "QUEUE", "component": "train", "elapsed_sec": 0.004755, "event": "END:preference_size_before_pop", "host": "d6b2a058c4be", "pid": 185325, "rank": 0, "ts": "2026-10-04 16:02:43"}
[DBG] {"category": "QUEUE", "component": "train", "event": "trainer_queue_state", "host": "d6b2a058c4be", "pending": 0, "pid": 185325, "policy_version": 0, "rank": 0, "required": 4, "ts": "2026-10-04 16:02:43"}
[DBG] {"category": "QUEUE", "component": "train", "current_version": 0, "event": "BEGIN:preference_pop", "host": "d6b2a058c4be", "pid": 185325, "rank": 0, "requested": 4, "ts": "2026-10-04 16:02:43"}
[DBG] {"category": "QUEUE", "component": "train", "event": "watchdog_armed", "host": "d6b2a058c4be", "pid": 185325, "rank": 0, "stage": "preference_pop", "timeout_sec": 30.0, "ts": "2026-10-04 16:02:43"}
[DBG] {"category": "QUEUE", "component": "train", "elapsed_sec": 0.004234, "event": "END:preference_pop", "host": "d6b2a058c4be", "pid": 185325, "rank": 0, "ts": "2026-10-04 16:02:43"}
[DBG] {"category": "TRAIN", "component": "train", "event": "BEGIN:broadcast_preference_payload", "has_payload": false, "host": "d6b2a058c4be", "pid": 185325, "rank": 0, "transport": "json_uint8_gloo", "ts": "2026-10-04 16:02:43"}
[DBG] {"category": "TRAIN", "component": "train", "event": "watchdog_armed", "host": "d6b2a058c4be", "pid": 185325, "rank": 0, "stage": "broadcast_preference_payload", "timeout_sec": 30.0, "ts": "2026-10-04 16:02:43"}
[DBG] {"bytes": 0, "category": "TRAIN", "component": "train", "event": "BEGIN:broadcast_preference_length", "host": "d6b2a058c4be", "pid": 185325, "rank": 0, "transport": "gloo_cpu", "ts": "2026-10-04 16:02:43"}
[DBG] {"category": "TRAIN", "component": "train", "event": "watchdog_armed", "host": "d6b2a058c4be", "pid": 185325, "rank": 0, "stage": "broadcast_preference_length", "timeout_sec": 30.0, "ts": "2026-10-04 16:02:43"}
[DBG] {"category": "TRAIN", "component": "train", "elapsed_sec": 0.002146, "event": "END:broadcast_preference_length", "host": "d6b2a058c4be", "pid": 185325, "rank": 0, "ts": "2026-10-04 16:02:43"}
[DBG] {"category": "TRAIN", "component": "train", "event": "watchdog_armed", "host": "d6b2a058c4be", "pid": 185325, "rank": 0, "stage": "broadcast_preference_payload", "timeout_sec": 30.0, "ts": "2026-10-04 16:02:43"}
[DBG] {"category": "TRAIN", "component": "train", "elapsed_sec": 0.003448, "event": "END:broadcast_preference_payload", "host": "d6b2a058c4be", "pid": 185325, "rank": 0, "ts": "2026-10-04 16:02:43"}
[DBG] {"category": "RAY", "component": "train", "event": "BEGIN:control_should_stop", "host": "d6b2a058c4be", "pid": 185325, "rank": 0, "ts": "2026-10-04 16:02:44"}
[DBG] {"category": "RAY", "component": "train", "event": "watchdog_armed", "host": "d6b2a058c4be", "pid": 185325, "rank": 0, "stage": "control_should_stop", "timeout_sec": 30.0, "ts": "2026-10-04 16:02:44"}
[DBG] {"category": "RAY", "component": "train", "elapsed_sec": 0.003197, "event": "END:control_should_stop", "host": "d6b2a058c4be", "pid": 185325, "rank": 0, "ts": "2026-10-04 16:02:44"}
[DBG] {"category": "TRAIN", "component": "train", "event": "BEGIN:broadcast_stop_flag", "host": "d6b2a058c4be", "pid": 185325, "rank": 0, "transport": "gloo_cpu", "ts": "2026-10-04 16:02:44", "value": false}
[DBG] {"category": "TRAIN", "component": "train", "event": "watchdog_armed", "host": "d6b2a058c4be", "pid": 185325, "rank": 0, "stage": "broadcast_stop_flag", "timeout_sec": 30.0, "ts": "2026-10-04 16:02:44"}
[DBG] {"category": "TRAIN", "component": "train", "elapsed_sec": 0.002688, "event": "END:broadcast_stop_flag", "host": "d6b2a058c4be", "pid": 185325, "rank": 0, "ts": "2026-10-04 16:02:44"}
[DBG] {"category": "QUEUE", "component": "train", "event": "BEGIN:preference_size_before_pop", "host": "d6b2a058c4be", "pid": 185325, "rank": 0, "ts": "2026-10-04 16:02:44"}
[DBG] {"category": "QUEUE", "component": "train", "event": "watchdog_armed", "host": "d6b2a058c4be", "pid": 185325, "rank": 0, "stage": "preference_size_before_pop", "timeout_sec": 30.0, "ts": "2026-10-04 16:02:44"}
[DBG] {"category": "QUEUE", "component": "train", "elapsed_sec": 0.003871, "event": "END:preference_size_before_pop", "host": "d6b2a058c4be", "pid": 185325, "rank": 0, "ts": "2026-10-04 16:02:44"}
[DBG] {"category": "QUEUE", "component": "train", "event": "trainer_queue_state", "host": "d6b2a058c4be", "pending": 0, "pid": 185325, "policy_version": 0, "rank": 0, "required": 4, "ts": "2026-10-04 16:02:44"}
[DBG] {"category": "QUEUE", "component": "train", "current_version": 0, "event": "BEGIN:preference_pop", "host": "d6b2a058c4be", "pid": 185325, "rank": 0, "requested": 4, "ts": "2026-10-04 16:02:44"}
[DBG] {"category": "QUEUE", "component": "train", "event": "watchdog_armed", "host": "d6b2a058c4be", "pid": 185325, "rank": 0, "stage": "preference_pop", "timeout_sec": 30.0, "ts": "2026-10-04 16:02:44"}
[DBG] {"category": "QUEUE", "component": "train", "elapsed_sec": 0.00408, "event": "END:preference_pop", "host": "d6b2a058c4be", "pid": 185325, "rank": 0, "ts": "2026-10-04 16:02:44"}
[DBG] {"category": "TRAIN", "component": "train", "event": "BEGIN:broadcast_preference_payload", "has_payload": false, "host": "d6b2a058c4be", "pid": 185325, "rank": 0, "transport": "json_uint8_gloo", "ts": "2026-10-04 16:02:44"}
[DBG] {"category": "TRAIN", "component": "train", "event": "watchdog_armed", "host": "d6b2a058c4be", "pid": 185325, "rank": 0, "stage": "broadcast_preference_payload", "timeout_sec": 30.0, "ts": "2026-10-04 16:02:44"}
[DBG] {"bytes": 0, "category": "TRAIN", "component": "train", "event": "BEGIN:broadcast_preference_length", "host": "d6b2a058c4be", "pid": 185325, "rank": 0, "transport": "gloo_cpu", "ts": "2026-10-04 16:02:44"}
[DBG] {"category": "TRAIN", "component": "train", "event": "watchdog_armed", "host": "d6b2a058c4be", "pid": 185325, "rank": 0, "stage": "broadcast_preference_length", "timeout_sec": 30.0, "ts": "2026-10-04 16:02:44"}
[DBG] {"category": "TRAIN", "component": "train", "elapsed_sec": 0.002303, "event": "END:broadcast_preference_length", "host": "d6b2a058c4be", "pid": 185325, "rank": 0, "ts": "2026-10-04 16:02:44"}
[DBG] {"category": "TRAIN", "component": "train", "event": "watchdog_armed", "host": "d6b2a058c4be", "pid": 185325, "rank": 0, "stage": "broadcast_preference_payload", "timeout_sec": 30.0, "ts": "2026-10-04 16:02:44"}
[DBG] {"category": "TRAIN", "component": "train", "elapsed_sec": 0.00349, "event": "END:broadcast_preference_payload", "host": "d6b2a058c4be", "pid": 185325, "rank": 0, "ts": "2026-10-04 16:02:44"}
[DBG] {"category": "RAY", "component": "train", "event": "BEGIN:control_should_stop", "host": "d6b2a058c4be", "pid": 185325, "rank": 0, "ts": "2026-10-04 16:02:44"}
[DBG] {"category": "RAY", "component": "train", "event": "watchdog_armed", "host": "d6b2a058c4be", "pid": 185325, "rank": 0, "stage": "control_should_stop", "timeout_sec": 30.0, "ts": "2026-10-04 16:02:44"}
[DBG] {"category": "RAY", "component": "train", "elapsed_sec": 0.003271, "event": "END:control_should_stop", "host": "d6b2a058c4be", "pid": 185325, "rank": 0, "ts": "2026-10-04 16:02:44"}
[DBG] {"category": "TRAIN", "component": "train", "event": "BEGIN:broadcast_stop_flag", "host": "d6b2a058c4be", "pid": 185325, "rank": 0, "transport": "gloo_cpu", "ts": "2026-10-04 16:02:44", "value": false}
[DBG] {"category": "TRAIN", "component": "train", "event": "watchdog_armed", "host": "d6b2a058c4be", "pid": 185325, "rank": 0, "stage": "broadcast_stop_flag", "timeout_sec": 30.0, "ts": "2026-10-04 16:02:44"}
[DBG] {"category": "TRAIN", "component": "train", "elapsed_sec": 0.002406, "event": "END:broadcast_stop_flag", "host": "d6b2a058c4be", "pid": 185325, "rank": 0, "ts": "2026-10-04 16:02:44"}
[DBG] {"category": "QUEUE", "component": "train", "event": "BEGIN:preference_size_before_pop", "host": "d6b2a058c4be", "pid": 185325, "rank": 0, "ts": "2026-10-04 16:02:44"}
[DBG] {"category": "QUEUE", "component": "train", "event": "watchdog_armed", "host": "d6b2a058c4be", "pid": 185325, "rank": 0, "stage": "preference_size_before_pop", "timeout_sec": 30.0, "ts": "2026-10-04 16:02:44"}
[DBG] {"category": "QUEUE", "component": "train", "elapsed_sec": 0.004218, "event": "END:preference_size_before_pop", "host": "d6b2a058c4be", "pid": 185325, "rank": 0, "ts": "2026-10-04 16:02:44"}
[DBG] {"category": "QUEUE", "component": "train", "event": "trainer_queue_state", "host": "d6b2a058c4be", "pending": 0, "pid": 185325, "policy_version": 0, "rank": 0, "required": 4, "ts": "2026-10-04 16:02:44"}
[DBG] {"category": "QUEUE", "component": "train", "current_version": 0, "event": "BEGIN:preference_pop", "host": "d6b2a058c4be", "pid": 185325, "rank": 0, "requested": 4, "ts": "2026-10-04 16:02:44"}
[DBG] {"category": "QUEUE", "component": "train", "event": "watchdog_armed", "host": "d6b2a058c4be", "pid": 185325, "rank": 0, "stage": "preference_pop", "timeout_sec": 30.0, "ts": "2026-10-04 16:02:44"}
[DBG] {"category": "QUEUE", "component": "train", "elapsed_sec": 0.004331, "event": "END:preference_pop", "host": "d6b2a058c4be", "pid": 185325, "rank": 0, "ts": "2026-10-04 16:02:44"}
[DBG] {"category": "TRAIN", "component": "train", "event": "BEGIN:broadcast_preference_payload", "has_payload": false, "host": "d6b2a058c4be", "pid": 185325, "rank": 0, "transport": "json_uint8_gloo", "ts": "2026-10-04 16:02:44"}
[DBG] {"category": "TRAIN", "component": "train", "event": "watchdog_armed", "host": "d6b2a058c4be", "pid": 185325, "rank": 0, "stage": "broadcast_preference_payload", "timeout_sec": 30.0, "ts": "2026-10-04 16:02:44"}
[DBG] {"bytes": 0, "category": "TRAIN", "component": "train", "event": "BEGIN:broadcast_preference_length", "host": "d6b2a058c4be", "pid": 185325, "rank": 0, "transport": "gloo_cpu", "ts": "2026-10-04 16:02:44"}
[DBG] {"category": "TRAIN", "component": "train", "event": "watchdog_armed", "host": "d6b2a058c4be", "pid": 185325, "rank": 0, "stage": "broadcast_preference_length", "timeout_sec": 30.0, "ts": "2026-10-04 16:02:44"}
[DBG] {"category": "TRAIN", "component": "train", "elapsed_sec": 0.001877, "event": "END:broadcast_preference_length", "host": "d6b2a058c4be", "pid": 185325, "rank": 0, "ts": "2026-10-04 16:02:44"}
[DBG] {"category": "TRAIN", "component": "train", "event": "watchdog_armed", "host": "d6b2a058c4be", "pid": 185325, "rank": 0, "stage": "broadcast_preference_payload", "timeout_sec": 30.0, "ts": "2026-10-04 16:02:44"}
[DBG] {"category": "TRAIN", "component": "train", "elapsed_sec": 0.00301, "event": "END:broadcast_preference_payload", "host": "d6b2a058c4be", "pid": 185325, "rank": 0, "ts": "2026-10-04 16:02:44"}
[DBG] {"category": "RAY", "component": "train", "event": "BEGIN:control_should_stop", "host": "d6b2a058c4be", "pid": 185325, "rank": 0, "ts": "2026-10-04 16:02:45"}
[DBG] {"category": "RAY", "component": "train", "event": "watchdog_armed", "host": "d6b2a058c4be", "pid": 185325, "rank": 0, "stage": "control_should_stop", "timeout_sec": 30.0, "ts": "2026-10-04 16:02:45"}
[DBG] {"category": "RAY", "component": "train", "elapsed_sec": 0.002904, "event": "END:control_should_stop", "host": "d6b2a058c4be", "pid": 185325, "rank": 0, "ts": "2026-10-04 16:02:45"}
[DBG] {"category": "TRAIN", "component": "train", "event": "BEGIN:broadcast_stop_flag", "host": "d6b2a058c4be", "pid": 185325, "rank": 0, "transport": "gloo_cpu", "ts": "2026-10-04 16:02:45", "value": false}
[DBG] {"category": "TRAIN", "component": "train", "event": "watchdog_armed", "host": "d6b2a058c4be", "pid": 185325, "rank": 0, "stage": "broadcast_stop_flag", "timeout_sec": 30.0, "ts": "2026-10-04 16:02:45"}
[DBG] {"category": "TRAIN", "component": "train", "elapsed_sec": 0.002393, "event": "END:broadcast_stop_flag", "host": "d6b2a058c4be", "pid": 185325, "rank": 0, "ts": "2026-10-04 16:02:45"}
[DBG] {"category": "QUEUE", "component": "train", "event": "BEGIN:preference_size_before_pop", "host": "d6b2a058c4be", "pid": 185325, "rank": 0, "ts": "2026-10-04 16:02:45"}
[DBG] {"category": "QUEUE", "component": "train", "event": "watchdog_armed", "host": "d6b2a058c4be", "pid": 185325, "rank": 0, "stage": "preference_size_before_pop", "timeout_sec": 30.0, "ts": "2026-10-04 16:02:45"}
[DBG] {"category": "QUEUE", "component": "train", "elapsed_sec": 0.004141, "event": "END:preference_size_before_pop", "host": "d6b2a058c4be", "pid": 185325, "rank": 0, "ts": "2026-10-04 16:02:45"}
[DBG] {"category": "QUEUE", "component": "train", "event": "trainer_queue_state", "host": "d6b2a058c4be", "pending": 0, "pid": 185325, "policy_version": 0, "rank": 0, "required": 4, "ts": "2026-10-04 16:02:45"}
[DBG] {"category": "QUEUE", "component": "train", "current_version": 0, "event": "BEGIN:preference_pop", "host": "d6b2a058c4be", "pid": 185325, "rank": 0, "requested": 4, "ts": "2026-10-04 16:02:45"}
[DBG] {"category": "QUEUE", "component": "train", "event": "watchdog_armed", "host": "d6b2a058c4be", "pid": 185325, "rank": 0, "stage": "preference_pop", "timeout_sec": 30.0, "ts": "2026-10-04 16:02:45"}
[DBG] {"category": "QUEUE", "component": "train", "elapsed_sec": 0.004049, "event": "END:preference_pop", "host": "d6b2a058c4be", "pid": 185325, "rank": 0, "ts": "2026-10-04 16:02:45"}
[DBG] {"category": "TRAIN", "component": "train", "event": "BEGIN:broadcast_preference_payload", "has_payload": false, "host": "d6b2a058c4be", "pid": 185325, "rank": 0, "transport": "json_uint8_gloo", "ts": "2026-10-04 16:02:45"}
[DBG] {"category": "TRAIN", "component": "train", "event": "watchdog_armed", "host": "d6b2a058c4be", "pid": 185325, "rank": 0, "stage": "broadcast_preference_payload", "timeout_sec": 30.0, "ts": "2026-10-04 16:02:45"}
[DBG] {"bytes": 0, "category": "TRAIN", "component": "train", "event": "BEGIN:broadcast_preference_length", "host": "d6b2a058c4be", "pid": 185325, "rank": 0, "transport": "gloo_cpu", "ts": "2026-10-04 16:02:45"}
[DBG] {"category": "TRAIN", "component": "train", "event": "watchdog_armed", "host": "d6b2a058c4be", "pid": 185325, "rank": 0, "stage": "broadcast_preference_length", "timeout_sec": 30.0, "ts": "2026-10-04 16:02:45"}
[DBG] {"category": "TRAIN", "component": "train", "elapsed_sec": 0.002066, "event": "END:broadcast_preference_length", "host": "d6b2a058c4be", "pid": 185325, "rank": 0, "ts": "2026-10-04 16:02:45"}
[DBG] {"category": "TRAIN", "component": "train", "event": "watchdog_armed", "host": "d6b2a058c4be", "pid": 185325, "rank": 0, "stage": "broadcast_preference_payload", "timeout_sec": 30.0, "ts": "2026-10-04 16:02:45"}
[DBG] {"category": "TRAIN", "component": "train", "elapsed_sec": 0.003428, "event": "END:broadcast_preference_payload", "host": "d6b2a058c4be", "pid": 185325, "rank": 0, "ts": "2026-10-04 16:02:45"}
[DBG] {"category": "RAY", "component": "train", "event": "BEGIN:control_should_stop", "host": "d6b2a058c4be", "pid": 185325, "rank": 0, "ts": "2026-10-04 16:02:45"}
[DBG] {"category": "RAY", "component": "train", "event": "watchdog_armed", "host": "d6b2a058c4be", "pid": 185325, "rank": 0, "stage": "control_should_stop", "timeout_sec": 30.0, "ts": "2026-10-04 16:02:45"}
[DBG] {"category": "RAY", "component": "train", "elapsed_sec": 0.003333, "event": "END:control_should_stop", "host": "d6b2a058c4be", "pid": 185325, "rank": 0, "ts": "2026-10-04 16:02:45"}
[DBG] {"category": "TRAIN", "component": "train", "event": "BEGIN:broadcast_stop_flag", "host": "d6b2a058c4be", "pid": 185325, "rank": 0, "transport": "gloo_cpu", "ts": "2026-10-04 16:02:45", "value": false}
[DBG] {"category": "TRAIN", "component": "train", "event": "watchdog_armed", "host": "d6b2a058c4be", "pid": 185325, "rank": 0, "stage": "broadcast_stop_flag", "timeout_sec": 30.0, "ts": "2026-10-04 16:02:45"}
[DBG] {"category": "TRAIN", "component": "train", "elapsed_sec": 0.002737, "event": "END:broadcast_stop_flag", "host": "d6b2a058c4be", "pid": 185325, "rank": 0, "ts": "2026-10-04 16:02:45"}
[DBG] {"category": "QUEUE", "component": "train", "event": "BEGIN:preference_size_before_pop", "host": "d6b2a058c4be", "pid": 185325, "rank": 0, "ts": "2026-10-04 16:02:45"}
[DBG] {"category": "QUEUE", "component": "train", "event": "watchdog_armed", "host": "d6b2a058c4be", "pid": 185325, "rank": 0, "stage": "preference_size_before_pop", "timeout_sec": 30.0, "ts": "2026-10-04 16:02:45"}
[DBG] {"category": "QUEUE", "component": "train", "elapsed_sec": 0.004923, "event": "END:preference_size_before_pop", "host": "d6b2a058c4be", "pid": 185325, "rank": 0, "ts": "2026-10-04 16:02:45"}
[DBG] {"category": "QUEUE", "component": "train", "event": "trainer_queue_state", "host": "d6b2a058c4be", "pending": 0, "pid": 185325, "policy_version": 0, "rank": 0, "required": 4, "ts": "2026-10-04 16:02:45"}
[DBG] {"category": "QUEUE", "component": "train", "current_version": 0, "event": "BEGIN:preference_pop", "host": "d6b2a058c4be", "pid": 185325, "rank": 0, "requested": 4, "ts": "2026-10-04 16:02:45"}
[DBG] {"category": "QUEUE", "component": "train", "event": "watchdog_armed", "host": "d6b2a058c4be", "pid": 185325, "rank": 0, "stage": "preference_pop", "timeout_sec": 30.0, "ts": "2026-10-04 16:02:45"}
[DBG] {"category": "QUEUE", "component": "train", "elapsed_sec": 0.004269, "event": "END:preference_pop", "host": "d6b2a058c4be", "pid": 185325, "rank": 0, "ts": "2026-10-04 16:02:45"}
[DBG] {"category": "TRAIN", "component": "train", "event": "BEGIN:broadcast_preference_payload", "has_payload": false, "host": "d6b2a058c4be", "pid": 185325, "rank": 0, "transport": "json_uint8_gloo", "ts": "2026-10-04 16:02:45"}
[DBG] {"category": "TRAIN", "component": "train", "event": "watchdog_armed", "host": "d6b2a058c4be", "pid": 185325, "rank": 0, "stage": "broadcast_preference_payload", "timeout_sec": 30.0, "ts": "2026-10-04 16:02:45"}
[DBG] {"bytes": 0, "category": "TRAIN", "component": "train", "event": "BEGIN:broadcast_preference_length", "host": "d6b2a058c4be", "pid": 185325, "rank": 0, "transport": "gloo_cpu", "ts": "2026-10-04 16:02:45"}
[DBG] {"category": "TRAIN", "component": "train", "event": "watchdog_armed", "host": "d6b2a058c4be", "pid": 185325, "rank": 0, "stage": "broadcast_preference_length", "timeout_sec": 30.0, "ts": "2026-10-04 16:02:45"}
[DBG] {"category": "TRAIN", "component": "train", "elapsed_sec": 0.00214, "event": "END:broadcast_preference_length", "host": "d6b2a058c4be", "pid": 185325, "rank": 0, "ts": "2026-10-04 16:02:45"}
[DBG] {"category": "TRAIN", "component": "train", "event": "watchdog_armed", "host": "d6b2a058c4be", "pid": 185325, "rank": 0, "stage": "broadcast_preference_payload", "timeout_sec": 30.0, "ts": "2026-10-04 16:02:45"}
[DBG] {"category": "TRAIN", "component": "train", "elapsed_sec": 0.003308, "event": "END:broadcast_preference_payload", "host": "d6b2a058c4be", "pid": 185325, "rank": 0, "ts": "2026-10-04 16:02:45"}
[DBG] {"category": "RAY", "component": "train", "event": "BEGIN:control_should_stop", "host": "d6b2a058c4be", "pid": 185325, "rank": 0, "ts": "2026-10-04 16:02:46"}
[DBG] {"category": "RAY", "component": "train", "event": "watchdog_armed", "host": "d6b2a058c4be", "pid": 185325, "rank": 0, "stage": "control_should_stop", "timeout_sec": 30.0, "ts": "2026-10-04 16:02:46"}
[DBG] {"category": "RAY", "component": "train", "elapsed_sec": 0.003285, "event": "END:control_should_stop", "host": "d6b2a058c4be", "pid": 185325, "rank": 0, "ts": "2026-10-04 16:02:46"}
[DBG] {"category": "TRAIN", "component": "train", "event": "BEGIN:broadcast_stop_flag", "host": "d6b2a058c4be", "pid": 185325, "rank": 0, "transport": "gloo_cpu", "ts": "2026-10-04 16:02:46", "value": false}
[DBG] {"category": "TRAIN", "component": "train", "event": "watchdog_armed", "host": "d6b2a058c4be", "pid": 185325, "rank": 0, "stage": "broadcast_stop_flag", "timeout_sec": 30.0, "ts": "2026-10-04 16:02:46"}
[DBG] {"category": "TRAIN", "component": "train", "elapsed_sec": 0.002606, "event": "END:broadcast_stop_flag", "host": "d6b2a058c4be", "pid": 185325, "rank": 0, "ts": "2026-10-04 16:02:46"}
[DBG] {"category": "QUEUE", "component": "train", "event": "BEGIN:preference_size_before_pop", "host": "d6b2a058c4be", "pid": 185325, "rank": 0, "ts": "2026-10-04 16:02:46"}
[DBG] {"category": "QUEUE", "component": "train", "event": "watchdog_armed", "host": "d6b2a058c4be", "pid": 185325, "rank": 0, "stage": "preference_size_before_pop", "timeout_sec": 30.0, "ts": "2026-10-04 16:02:46"}
[DBG] {"category": "QUEUE", "component": "train", "elapsed_sec": 0.004169, "event": "END:preference_size_before_pop", "host": "d6b2a058c4be", "pid": 185325, "rank": 0, "ts": "2026-10-04 16:02:46"}
[DBG] {"category": "QUEUE", "component": "train", "event": "trainer_queue_state", "host": "d6b2a058c4be", "pending": 0, "pid": 185325, "policy_version": 0, "rank": 0, "required": 4, "ts": "2026-10-04 16:02:46"}
[DBG] {"category": "QUEUE", "component": "train", "current_version": 0, "event": "BEGIN:preference_pop", "host": "d6b2a058c4be", "pid": 185325, "rank": 0, "requested": 4, "ts": "2026-10-04 16:02:46"}
[DBG] {"category": "QUEUE", "component": "train", "event": "watchdog_armed", "host": "d6b2a058c4be", "pid": 185325, "rank": 0, "stage": "preference_pop", "timeout_sec": 30.0, "ts": "2026-10-04 16:02:46"}
[DBG] {"category": "QUEUE", "component": "train", "elapsed_sec": 0.004171, "event": "END:preference_pop", "host": "d6b2a058c4be", "pid": 185325, "rank": 0, "ts": "2026-10-04 16:02:46"}
[DBG] {"category": "TRAIN", "component": "train", "event": "BEGIN:broadcast_preference_payload", "has_payload": false, "host": "d6b2a058c4be", "pid": 185325, "rank": 0, "transport": "json_uint8_gloo", "ts": "2026-10-04 16:02:46"}
[DBG] {"category": "TRAIN", "component": "train", "event": "watchdog_armed", "host": "d6b2a058c4be", "pid": 185325, "rank": 0, "stage": "broadcast_preference_payload", "timeout_sec": 30.0, "ts": "2026-10-04 16:02:46"}
[DBG] {"bytes": 0, "category": "TRAIN", "component": "train", "event": "BEGIN:broadcast_preference_length", "host": "d6b2a058c4be", "pid": 185325, "rank": 0, "transport": "gloo_cpu", "ts": "2026-10-04 16:02:46"}
[DBG] {"category": "TRAIN", "component": "train", "event": "watchdog_armed", "host": "d6b2a058c4be", "pid": 185325, "rank": 0, "stage": "broadcast_preference_length", "timeout_sec": 30.0, "ts": "2026-10-04 16:02:46"}
[DBG] {"category": "TRAIN", "component": "train", "elapsed_sec": 0.002097, "event": "END:broadcast_preference_length", "host": "d6b2a058c4be", "pid": 185325, "rank": 0, "ts": "2026-10-04 16:02:46"}
[DBG] {"category": "TRAIN", "component": "train", "event": "watchdog_armed", "host": "d6b2a058c4be", "pid": 185325, "rank": 0, "stage": "broadcast_preference_payload", "timeout_sec": 30.0, "ts": "2026-10-04 16:02:46"}
[DBG] {"category": "TRAIN", "component": "train", "elapsed_sec": 0.003438, "event": "END:broadcast_preference_payload", "host": "d6b2a058c4be", "pid": 185325, "rank": 0, "ts": "2026-10-04 16:02:46"}
[DBG] {"category": "RAY", "component": "train", "event": "BEGIN:control_should_stop", "host": "d6b2a058c4be", "pid": 185325, "rank": 0, "ts": "2026-10-04 16:02:46"}
[DBG] {"category": "RAY", "component": "train", "event": "watchdog_armed", "host": "d6b2a058c4be", "pid": 185325, "rank": 0, "stage": "control_should_stop", "timeout_sec": 30.0, "ts": "2026-10-04 16:02:46"}
[DBG] {"category": "RAY", "component": "train", "elapsed_sec": 0.003903, "event": "END:control_should_stop", "host": "d6b2a058c4be", "pid": 185325, "rank": 0, "ts": "2026-10-04 16:02:46"}
[DBG] {"category": "TRAIN", "component": "train", "event": "BEGIN:broadcast_stop_flag", "host": "d6b2a058c4be", "pid": 185325, "rank": 0, "transport": "gloo_cpu", "ts": "2026-10-04 16:02:46", "value": false}
[DBG] {"category": "TRAIN", "component": "train", "event": "watchdog_armed", "host": "d6b2a058c4be", "pid": 185325, "rank": 0, "stage": "broadcast_stop_flag", "timeout_sec": 30.0, "ts": "2026-10-04 16:02:46"}
[DBG] {"category": "TRAIN", "component": "train", "elapsed_sec": 0.00481, "event": "END:broadcast_stop_flag", "host": "d6b2a058c4be", "pid": 185325, "rank": 0, "ts": "2026-10-04 16:02:46"}
[DBG] {"category": "QUEUE", "component": "train", "event": "BEGIN:preference_size_before_pop", "host": "d6b2a058c4be", "pid": 185325, "rank": 0, "ts": "2026-10-04 16:02:46"}
[DBG] {"category": "QUEUE", "component": "train", "event": "watchdog_armed", "host": "d6b2a058c4be", "pid": 185325, "rank": 0, "stage": "preference_size_before_pop", "timeout_sec": 30.0, "ts": "2026-10-04 16:02:46"}
[DBG] {"category": "QUEUE", "component": "train", "elapsed_sec": 0.005646, "event": "END:preference_size_before_pop", "host": "d6b2a058c4be", "pid": 185325, "rank": 0, "ts": "2026-10-04 16:02:46"}
[DBG] {"category": "QUEUE", "component": "train", "event": "trainer_queue_state", "host": "d6b2a058c4be", "pending": 1, "pid": 185325, "policy_version": 0, "rank": 0, "required": 4, "ts": "2026-10-04 16:02:46"}
[DBG] {"category": "QUEUE", "component": "train", "current_version": 0, "event": "BEGIN:preference_pop", "host": "d6b2a058c4be", "pid": 185325, "rank": 0, "requested": 4, "ts": "2026-10-04 16:02:46"}
[DBG] {"category": "QUEUE", "component": "train", "event": "watchdog_armed", "host": "d6b2a058c4be", "pid": 185325, "rank": 0, "stage": "preference_pop", "timeout_sec": 30.0, "ts": "2026-10-04 16:02:46"}
[DBG] {"category": "QUEUE", "component": "train", "elapsed_sec": 0.006691, "event": "END:preference_pop", "host": "d6b2a058c4be", "pid": 185325, "rank": 0, "ts": "2026-10-04 16:02:46"}
[DBG] {"category": "TRAIN", "component": "train", "event": "BEGIN:broadcast_preference_payload", "has_payload": false, "host": "d6b2a058c4be", "pid": 185325, "rank": 0, "transport": "json_uint8_gloo", "ts": "2026-10-04 16:02:46"}
[DBG] {"category": "TRAIN", "component": "train", "event": "watchdog_armed", "host": "d6b2a058c4be", "pid": 185325, "rank": 0, "stage": "broadcast_preference_payload", "timeout_sec": 30.0, "ts": "2026-10-04 16:02:46"}
[DBG] {"bytes": 0, "category": "TRAIN", "component": "train", "event": "BEGIN:broadcast_preference_length", "host": "d6b2a058c4be", "pid": 185325, "rank": 0, "transport": "gloo_cpu", "ts": "2026-10-04 16:02:46"}
[DBG] {"category": "TRAIN", "component": "train", "event": "watchdog_armed", "host": "d6b2a058c4be", "pid": 185325, "rank": 0, "stage": "broadcast_preference_length", "timeout_sec": 30.0, "ts": "2026-10-04 16:02:46"}
[DBG] {"category": "TRAIN", "component": "train", "elapsed_sec": 0.003711, "event": "END:broadcast_preference_length", "host": "d6b2a058c4be", "pid": 185325, "rank": 0, "ts": "2026-10-04 16:02:46"}
[DBG] {"category": "TRAIN", "component": "train", "event": "watchdog_armed", "host": "d6b2a058c4be", "pid": 185325, "rank": 0, "stage": "broadcast_preference_payload", "timeout_sec": 30.0, "ts": "2026-10-04 16:02:46"}
[DBG] {"category": "TRAIN", "component": "train", "elapsed_sec": 0.005286, "event": "END:broadcast_preference_payload", "host": "d6b2a058c4be", "pid": 185325, "rank": 0, "ts": "2026-10-04 16:02:46"}
[DBG] {"category": "RAY", "component": "train", "event": "BEGIN:control_should_stop", "host": "d6b2a058c4be", "pid": 185325, "rank": 0, "ts": "2026-10-04 16:02:47"}
[DBG] {"category": "RAY", "component": "train", "event": "watchdog_armed", "host": "d6b2a058c4be", "pid": 185325, "rank": 0, "stage": "control_should_stop", "timeout_sec": 30.0, "ts": "2026-10-04 16:02:47"}
[DBG] {"category": "RAY", "component": "train", "elapsed_sec": 0.003978, "event": "END:control_should_stop", "host": "d6b2a058c4be", "pid": 185325, "rank": 0, "ts": "2026-10-04 16:02:47"}
[DBG] {"category": "TRAIN", "component": "train", "event": "BEGIN:broadcast_stop_flag", "host": "d6b2a058c4be", "pid": 185325, "rank": 0, "transport": "gloo_cpu", "ts": "2026-10-04 16:02:47", "value": false}
[DBG] {"category": "TRAIN", "component": "train", "event": "watchdog_armed", "host": "d6b2a058c4be", "pid": 185325, "rank": 0, "stage": "broadcast_stop_flag", "timeout_sec": 30.0, "ts": "2026-10-04 16:02:47"}
[DBG] {"category": "TRAIN", "component": "train", "elapsed_sec": 0.004729, "event": "END:broadcast_stop_flag", "host": "d6b2a058c4be", "pid": 185325, "rank": 0, "ts": "2026-10-04 16:02:47"}
[DBG] {"category": "QUEUE", "component": "train", "event": "BEGIN:preference_size_before_pop", "host": "d6b2a058c4be", "pid": 185325, "rank": 0, "ts": "2026-10-04 16:02:47"}
[DBG] {"category": "QUEUE", "component": "train", "event": "watchdog_armed", "host": "d6b2a058c4be", "pid": 185325, "rank": 0, "stage": "preference_size_before_pop", "timeout_sec": 30.0, "ts": "2026-10-04 16:02:47"}
[DBG] {"category": "QUEUE", "component": "train", "elapsed_sec": 0.00603, "event": "END:preference_size_before_pop", "host": "d6b2a058c4be", "pid": 185325, "rank": 0, "ts": "2026-10-04 16:02:47"}
[DBG] {"category": "QUEUE", "component": "train", "event": "trainer_queue_state", "host": "d6b2a058c4be", "pending": 1, "pid": 185325, "policy_version": 0, "rank": 0, "required": 4, "ts": "2026-10-04 16:02:47"}
[DBG] {"category": "QUEUE", "component": "train", "current_version": 0, "event": "BEGIN:preference_pop", "host": "d6b2a058c4be", "pid": 185325, "rank": 0, "requested": 4, "ts": "2026-10-04 16:02:47"}
[DBG] {"category": "QUEUE", "component": "train", "event": "watchdog_armed", "host": "d6b2a058c4be", "pid": 185325, "rank": 0, "stage": "preference_pop", "timeout_sec": 30.0, "ts": "2026-10-04 16:02:47"}
[DBG] {"category": "QUEUE", "component": "train", "elapsed_sec": 0.006113, "event": "END:preference_pop", "host": "d6b2a058c4be", "pid": 185325, "rank": 0, "ts": "2026-10-04 16:02:47"}
[DBG] {"category": "TRAIN", "component": "train", "event": "BEGIN:broadcast_preference_payload", "has_payload": false, "host": "d6b2a058c4be", "pid": 185325, "rank": 0, "transport": "json_uint8_gloo", "ts": "2026-10-04 16:02:47"}
[DBG] {"category": "TRAIN", "component": "train", "event": "watchdog_armed", "host": "d6b2a058c4be", "pid": 185325, "rank": 0, "stage": "broadcast_preference_payload", "timeout_sec": 30.0, "ts": "2026-10-04 16:02:47"}
[DBG] {"bytes": 0, "category": "TRAIN", "component": "train", "event": "BEGIN:broadcast_preference_length", "host": "d6b2a058c4be", "pid": 185325, "rank": 0, "transport": "gloo_cpu", "ts": "2026-10-04 16:02:47"}
[DBG] {"category": "TRAIN", "component": "train", "event": "watchdog_armed", "host": "d6b2a058c4be", "pid": 185325, "rank": 0, "stage": "broadcast_preference_length", "timeout_sec": 30.0, "ts": "2026-10-04 16:02:47"}
[DBG] {"category": "TRAIN", "component": "train", "elapsed_sec": 0.005044, "event": "END:broadcast_preference_length", "host": "d6b2a058c4be", "pid": 185325, "rank": 0, "ts": "2026-10-04 16:02:47"}
[DBG] {"category": "TRAIN", "component": "train", "event": "watchdog_armed", "host": "d6b2a058c4be", "pid": 185325, "rank": 0, "stage": "broadcast_preference_payload", "timeout_sec": 30.0, "ts": "2026-10-04 16:02:47"}
[DBG] {"category": "TRAIN", "component": "train", "elapsed_sec": 0.006711, "event": "END:broadcast_preference_payload", "host": "d6b2a058c4be", "pid": 185325, "rank": 0, "ts": "2026-10-04 16:02:47"}
[DBG] {"category": "RAY", "component": "train", "event": "BEGIN:control_should_stop", "host": "d6b2a058c4be", "pid": 185325, "rank": 0, "ts": "2026-10-04 16:02:47"}
[DBG] {"category": "RAY", "component": "train", "event": "watchdog_armed", "host": "d6b2a058c4be", "pid": 185325, "rank": 0, "stage": "control_should_stop", "timeout_sec": 30.0, "ts": "2026-10-04 16:02:47"}
[DBG] {"category": "RAY", "component": "train", "elapsed_sec": 0.004102, "event": "END:control_should_stop", "host": "d6b2a058c4be", "pid": 185325, "rank": 0, "ts": "2026-10-04 16:02:47"}
[DBG] {"category": "TRAIN", "component": "train", "event": "BEGIN:broadcast_stop_flag", "host": "d6b2a058c4be", "pid": 185325, "rank": 0, "transport": "gloo_cpu", "ts": "2026-10-04 16:02:47", "value": false}
[DBG] {"category": "TRAIN", "component": "train", "event": "watchdog_armed", "host": "d6b2a058c4be", "pid": 185325, "rank": 0, "stage": "broadcast_stop_flag", "timeout_sec": 30.0, "ts": "2026-10-04 16:02:47"}
[DBG] {"category": "TRAIN", "component": "train", "elapsed_sec": 0.003368, "event": "END:broadcast_stop_flag", "host": "d6b2a058c4be", "pid": 185325, "rank": 0, "ts": "2026-10-04 16:02:47"}
[DBG] {"category": "QUEUE", "component": "train", "event": "BEGIN:preference_size_before_pop", "host": "d6b2a058c4be", "pid": 185325, "rank": 0, "ts": "2026-10-04 16:02:47"}
[DBG] {"category": "QUEUE", "component": "train", "event": "watchdog_armed", "host": "d6b2a058c4be", "pid": 185325, "rank": 0, "stage": "preference_size_before_pop", "timeout_sec": 30.0, "ts": "2026-10-04 16:02:47"}
[DBG] {"category": "QUEUE", "component": "train", "elapsed_sec": 0.004675, "event": "END:preference_size_before_pop", "host": "d6b2a058c4be", "pid": 185325, "rank": 0, "ts": "2026-10-04 16:02:47"}
[DBG] {"category": "QUEUE", "component": "train", "event": "trainer_queue_state", "host": "d6b2a058c4be", "pending": 1, "pid": 185325, "policy_version": 0, "rank": 0, "required": 4, "ts": "2026-10-04 16:02:47"}
[DBG] {"category": "QUEUE", "component": "train", "current_version": 0, "event": "BEGIN:preference_pop", "host": "d6b2a058c4be", "pid": 185325, "rank": 0, "requested": 4, "ts": "2026-10-04 16:02:47"}
[DBG] {"category": "QUEUE", "component": "train", "event": "watchdog_armed", "host": "d6b2a058c4be", "pid": 185325, "rank": 0, "stage": "preference_pop", "timeout_sec": 30.0, "ts": "2026-10-04 16:02:47"}
[DBG] {"category": "QUEUE", "component": "train", "elapsed_sec": 0.005878, "event": "END:preference_pop", "host": "d6b2a058c4be", "pid": 185325, "rank": 0, "ts": "2026-10-04 16:02:47"}
[DBG] {"category": "TRAIN", "component": "train", "event": "BEGIN:broadcast_preference_payload", "has_payload": false, "host": "d6b2a058c4be", "pid": 185325, "rank": 0, "transport": "json_uint8_gloo", "ts": "2026-10-04 16:02:47"}
[DBG] {"category": "TRAIN", "component": "train", "event": "watchdog_armed", "host": "d6b2a058c4be", "pid": 185325, "rank": 0, "stage": "broadcast_preference_payload", "timeout_sec": 30.0, "ts": "2026-10-04 16:02:47"}
[DBG] {"bytes": 0, "category": "TRAIN", "component": "train", "event": "BEGIN:broadcast_preference_length", "host": "d6b2a058c4be", "pid": 185325, "rank": 0, "transport": "gloo_cpu", "ts": "2026-10-04 16:02:47"}
[DBG] {"category": "TRAIN", "component": "train", "event": "watchdog_armed", "host": "d6b2a058c4be", "pid": 185325, "rank": 0, "stage": "broadcast_preference_length", "timeout_sec": 30.0, "ts": "2026-10-04 16:02:47"}
[DBG] {"category": "TRAIN", "component": "train", "elapsed_sec": 0.004005, "event": "END:broadcast_preference_length", "host": "d6b2a058c4be", "pid": 185325, "rank": 0, "ts": "2026-10-04 16:02:47"}
[DBG] {"category": "TRAIN", "component": "train", "event": "watchdog_armed", "host": "d6b2a058c4be", "pid": 185325, "rank": 0, "stage": "broadcast_preference_payload", "timeout_sec": 30.0, "ts": "2026-10-04 16:02:47"}
[DBG] {"category": "TRAIN", "component": "train", "elapsed_sec": 0.005578, "event": "END:broadcast_preference_payload", "host": "d6b2a058c4be", "pid": 185325, "rank": 0, "ts": "2026-10-04 16:02:47"}
[DBG] {"category": "RAY", "component": "train", "event": "BEGIN:control_should_stop", "host": "d6b2a058c4be", "pid": 185325, "rank": 0, "ts": "2026-10-04 16:02:48"}
[DBG] {"category": "RAY", "component": "train", "event": "watchdog_armed", "host": "d6b2a058c4be", "pid": 185325, "rank": 0, "stage": "control_should_stop", "timeout_sec": 30.0, "ts": "2026-10-04 16:02:48"}
[DBG] {"category": "RAY", "component": "train", "elapsed_sec": 0.004139, "event": "END:control_should_stop", "host": "d6b2a058c4be", "pid": 185325, "rank": 0, "ts": "2026-10-04 16:02:48"}
[DBG] {"category": "TRAIN", "component": "train", "event": "BEGIN:broadcast_stop_flag", "host": "d6b2a058c4be", "pid": 185325, "rank": 0, "transport": "gloo_cpu", "ts": "2026-10-04 16:02:48", "value": false}
[DBG] {"category": "TRAIN", "component": "train", "event": "watchdog_armed", "host": "d6b2a058c4be", "pid": 185325, "rank": 0, "stage": "broadcast_stop_flag", "timeout_sec": 30.0, "ts": "2026-10-04 16:02:48"}
[DBG] {"category": "TRAIN", "component": "train", "elapsed_sec": 0.004574, "event": "END:broadcast_stop_flag", "host": "d6b2a058c4be", "pid": 185325, "rank": 0, "ts": "2026-10-04 16:02:48"}
[DBG] {"category": "QUEUE", "component": "train", "event": "BEGIN:preference_size_before_pop", "host": "d6b2a058c4be", "pid": 185325, "rank": 0, "ts": "2026-10-04 16:02:48"}
[DBG] {"category": "QUEUE", "component": "train", "event": "watchdog_armed", "host": "d6b2a058c4be", "pid": 185325, "rank": 0, "stage": "preference_size_before_pop", "timeout_sec": 30.0, "ts": "2026-10-04 16:02:48"}
[DBG] {"category": "QUEUE", "component": "train", "elapsed_sec": 0.00606, "event": "END:preference_size_before_pop", "host": "d6b2a058c4be", "pid": 185325, "rank": 0, "ts": "2026-10-04 16:02:48"}
[DBG] {"category": "QUEUE", "component": "train", "event": "trainer_queue_state", "host": "d6b2a058c4be", "pending": 1, "pid": 185325, "policy_version": 0, "rank": 0, "required": 4, "ts": "2026-10-04 16:02:48"}
[DBG] {"category": "QUEUE", "component": "train", "current_version": 0, "event": "BEGIN:preference_pop", "host": "d6b2a058c4be", "pid": 185325, "rank": 0, "requested": 4, "ts": "2026-10-04 16:02:48"}
[DBG] {"category": "QUEUE", "component": "train", "event": "watchdog_armed", "host": "d6b2a058c4be", "pid": 185325, "rank": 0, "stage": "preference_pop", "timeout_sec": 30.0, "ts": "2026-10-04 16:02:48"}
[DBG] {"category": "QUEUE", "component": "train", "elapsed_sec": 0.00696, "event": "END:preference_pop", "host": "d6b2a058c4be", "pid": 185325, "rank": 0, "ts": "2026-10-04 16:02:48"}
[DBG] {"category": "TRAIN", "component": "train", "event": "BEGIN:broadcast_preference_payload", "has_payload": false, "host": "d6b2a058c4be", "pid": 185325, "rank": 0, "transport": "json_uint8_gloo", "ts": "2026-10-04 16:02:48"}
[DBG] {"category": "TRAIN", "component": "train", "event": "watchdog_armed", "host": "d6b2a058c4be", "pid": 185325, "rank": 0, "stage": "broadcast_preference_payload", "timeout_sec": 30.0, "ts": "2026-10-04 16:02:48"}
[DBG] {"bytes": 0, "category": "TRAIN", "component": "train", "event": "BEGIN:broadcast_preference_length", "host": "d6b2a058c4be", "pid": 185325, "rank": 0, "transport": "gloo_cpu", "ts": "2026-10-04 16:02:48"}
[DBG] {"category": "TRAIN", "component": "train", "event": "watchdog_armed", "host": "d6b2a058c4be", "pid": 185325, "rank": 0, "stage": "broadcast_preference_length", "timeout_sec": 30.0, "ts": "2026-10-04 16:02:48"}
[DBG] {"category": "TRAIN", "component": "train", "elapsed_sec": 0.003533, "event": "END:broadcast_preference_length", "host": "d6b2a058c4be", "pid": 185325, "rank": 0, "ts": "2026-10-04 16:02:48"}
[DBG] {"category": "TRAIN", "component": "train", "event": "watchdog_armed", "host": "d6b2a058c4be", "pid": 185325, "rank": 0, "stage": "broadcast_preference_payload", "timeout_sec": 30.0, "ts": "2026-10-04 16:02:48"}
[DBG] {"category": "TRAIN", "component": "train", "elapsed_sec": 0.005052, "event": "END:broadcast_preference_payload", "host": "d6b2a058c4be", "pid": 185325, "rank": 0, "ts": "2026-10-04 16:02:48"}
[DBG] {"category": "RAY", "component": "train", "event": "BEGIN:control_should_stop", "host": "d6b2a058c4be", "pid": 185325, "rank": 0, "ts": "2026-10-04 16:02:48"}
[DBG] {"category": "RAY", "component": "train", "event": "watchdog_armed", "host": "d6b2a058c4be", "pid": 185325, "rank": 0, "stage": "control_should_stop", "timeout_sec": 30.0, "ts": "2026-10-04 16:02:48"}
[DBG] {"category": "RAY", "component": "train", "elapsed_sec": 0.004036, "event": "END:control_should_stop", "host": "d6b2a058c4be", "pid": 185325, "rank": 0, "ts": "2026-10-04 16:02:48"}
[DBG] {"category": "TRAIN", "component": "train", "event": "BEGIN:broadcast_stop_flag", "host": "d6b2a058c4be", "pid": 185325, "rank": 0, "transport": "gloo_cpu", "ts": "2026-10-04 16:02:48", "value": false}
[DBG] {"category": "TRAIN", "component": "train", "event": "watchdog_armed", "host": "d6b2a058c4be", "pid": 185325, "rank": 0, "stage": "broadcast_stop_flag", "timeout_sec": 30.0, "ts": "2026-10-04 16:02:48"}
[DBG] {"category": "TRAIN", "component": "train", "elapsed_sec": 0.004517, "event": "END:broadcast_stop_flag", "host": "d6b2a058c4be", "pid": 185325, "rank": 0, "ts": "2026-10-04 16:02:48"}
[DBG] {"category": "QUEUE", "component": "train", "event": "BEGIN:preference_size_before_pop", "host": "d6b2a058c4be", "pid": 185325, "rank": 0, "ts": "2026-10-04 16:02:48"}
[DBG] {"category": "QUEUE", "component": "train", "event": "watchdog_armed", "host": "d6b2a058c4be", "pid": 185325, "rank": 0, "stage": "preference_size_before_pop", "timeout_sec": 30.0, "ts": "2026-10-04 16:02:48"}
[DBG] {"category": "QUEUE", "component": "train", "elapsed_sec": 0.006142, "event": "END:preference_size_before_pop", "host": "d6b2a058c4be", "pid": 185325, "rank": 0, "ts": "2026-10-04 16:02:48"}
[DBG] {"category": "QUEUE", "component": "train", "event": "trainer_queue_state", "host": "d6b2a058c4be", "pending": 1, "pid": 185325, "policy_version": 0, "rank": 0, "required": 4, "ts": "2026-10-04 16:02:48"}
[DBG] {"category": "QUEUE", "component": "train", "current_version": 0, "event": "BEGIN:preference_pop", "host": "d6b2a058c4be", "pid": 185325, "rank": 0, "requested": 4, "ts": "2026-10-04 16:02:48"}
[DBG] {"category": "QUEUE", "component": "train", "event": "watchdog_armed", "host": "d6b2a058c4be", "pid": 185325, "rank": 0, "stage": "preference_pop", "timeout_sec": 30.0, "ts": "2026-10-04 16:02:48"}
[DBG] {"category": "QUEUE", "component": "train", "elapsed_sec": 0.007708, "event": "END:preference_pop", "host": "d6b2a058c4be", "pid": 185325, "rank": 0, "ts": "2026-10-04 16:02:48"}
[DBG] {"category": "TRAIN", "component": "train", "event": "BEGIN:broadcast_preference_payload", "has_payload": false, "host": "d6b2a058c4be", "pid": 185325, "rank": 0, "transport": "json_uint8_gloo", "ts": "2026-10-04 16:02:48"}
[DBG] {"category": "TRAIN", "component": "train", "event": "watchdog_armed", "host": "d6b2a058c4be", "pid": 185325, "rank": 0, "stage": "broadcast_preference_payload", "timeout_sec": 30.0, "ts": "2026-10-04 16:02:48"}
[DBG] {"bytes": 0, "category": "TRAIN", "component": "train", "event": "BEGIN:broadcast_preference_length", "host": "d6b2a058c4be", "pid": 185325, "rank": 0, "transport": "gloo_cpu", "ts": "2026-10-04 16:02:48"}
[DBG] {"category": "TRAIN", "component": "train", "event": "watchdog_armed", "host": "d6b2a058c4be", "pid": 185325, "rank": 0, "stage": "broadcast_preference_length", "timeout_sec": 30.0, "ts": "2026-10-04 16:02:48"}
[DBG] {"category": "TRAIN", "component": "train", "elapsed_sec": 0.004457, "event": "END:broadcast_preference_length", "host": "d6b2a058c4be", "pid": 185325, "rank": 0, "ts": "2026-10-04 16:02:48"}
[DBG] {"category": "TRAIN", "component": "train", "event": "watchdog_armed", "host": "d6b2a058c4be", "pid": 185325, "rank": 0, "stage": "broadcast_preference_payload", "timeout_sec": 30.0, "ts": "2026-10-04 16:02:48"}
[DBG] {"category": "TRAIN", "component": "train", "elapsed_sec": 0.006112, "event": "END:broadcast_preference_payload", "host": "d6b2a058c4be", "pid": 185325, "rank": 0, "ts": "2026-10-04 16:02:48"}
[DBG] {"category": "RAY", "component": "train", "event": "BEGIN:control_should_stop", "host": "d6b2a058c4be", "pid": 185325, "rank": 0, "ts": "2026-10-04 16:02:49"}
[DBG] {"category": "RAY", "component": "train", "event": "watchdog_armed", "host": "d6b2a058c4be", "pid": 185325, "rank": 0, "stage": "control_should_stop", "timeout_sec": 30.0, "ts": "2026-10-04 16:02:49"}
[DBG] {"category": "RAY", "component": "train", "elapsed_sec": 0.003792, "event": "END:control_should_stop", "host": "d6b2a058c4be", "pid": 185325, "rank": 0, "ts": "2026-10-04 16:02:49"}
[DBG] {"category": "TRAIN", "component": "train", "event": "BEGIN:broadcast_stop_flag", "host": "d6b2a058c4be", "pid": 185325, "rank": 0, "transport": "gloo_cpu", "ts": "2026-10-04 16:02:49", "value": false}
[DBG] {"category": "TRAIN", "component": "train", "event": "watchdog_armed", "host": "d6b2a058c4be", "pid": 185325, "rank": 0, "stage": "broadcast_stop_flag", "timeout_sec": 30.0, "ts": "2026-10-04 16:02:49"}
[DBG] {"category": "TRAIN", "component": "train", "elapsed_sec": 0.002959, "event": "END:broadcast_stop_flag", "host": "d6b2a058c4be", "pid": 185325, "rank": 0, "ts": "2026-10-04 16:02:49"}
[DBG] {"category": "QUEUE", "component": "train", "event": "BEGIN:preference_size_before_pop", "host": "d6b2a058c4be", "pid": 185325, "rank": 0, "ts": "2026-10-04 16:02:49"}
[DBG] {"category": "QUEUE", "component": "train", "event": "watchdog_armed", "host": "d6b2a058c4be", "pid": 185325, "rank": 0, "stage": "preference_size_before_pop", "timeout_sec": 30.0, "ts": "2026-10-04 16:02:49"}
[DBG] {"category": "QUEUE", "component": "train", "elapsed_sec": 0.004654, "event": "END:preference_size_before_pop", "host": "d6b2a058c4be", "pid": 185325, "rank": 0, "ts": "2026-10-04 16:02:49"}
[DBG] {"category": "QUEUE", "component": "train", "event": "trainer_queue_state", "host": "d6b2a058c4be", "pending": 2, "pid": 185325, "policy_version": 0, "rank": 0, "required": 4, "ts": "2026-10-04 16:02:49"}
[DBG] {"category": "QUEUE", "component": "train", "current_version": 0, "event": "BEGIN:preference_pop", "host": "d6b2a058c4be", "pid": 185325, "rank": 0, "requested": 4, "ts": "2026-10-04 16:02:49"}
[DBG] {"category": "QUEUE", "component": "train", "event": "watchdog_armed", "host": "d6b2a058c4be", "pid": 185325, "rank": 0, "stage": "preference_pop", "timeout_sec": 30.0, "ts": "2026-10-04 16:02:49"}
[DBG] {"category": "QUEUE", "component": "train", "elapsed_sec": 0.007234, "event": "END:preference_pop", "host": "d6b2a058c4be", "pid": 185325, "rank": 0, "ts": "2026-10-04 16:02:49"}
[DBG] {"category": "TRAIN", "component": "train", "event": "BEGIN:broadcast_preference_payload", "has_payload": false, "host": "d6b2a058c4be", "pid": 185325, "rank": 0, "transport": "json_uint8_gloo", "ts": "2026-10-04 16:02:49"}
[DBG] {"category": "TRAIN", "component": "train", "event": "watchdog_armed", "host": "d6b2a058c4be", "pid": 185325, "rank": 0, "stage": "broadcast_preference_payload", "timeout_sec": 30.0, "ts": "2026-10-04 16:02:49"}
[DBG] {"bytes": 0, "category": "TRAIN", "component": "train", "event": "BEGIN:broadcast_preference_length", "host": "d6b2a058c4be", "pid": 185325, "rank": 0, "transport": "gloo_cpu", "ts": "2026-10-04 16:02:49"}
[DBG] {"category": "TRAIN", "component": "train", "event": "watchdog_armed", "host": "d6b2a058c4be", "pid": 185325, "rank": 0, "stage": "broadcast_preference_length", "timeout_sec": 30.0, "ts": "2026-10-04 16:02:49"}
[DBG] {"category": "TRAIN", "component": "train", "elapsed_sec": 0.004547, "event": "END:broadcast_preference_length", "host": "d6b2a058c4be", "pid": 185325, "rank": 0, "ts": "2026-10-04 16:02:49"}
[DBG] {"category": "TRAIN", "component": "train", "event": "watchdog_armed", "host": "d6b2a058c4be", "pid": 185325, "rank": 0, "stage": "broadcast_preference_payload", "timeout_sec": 30.0, "ts": "2026-10-04 16:02:49"}
[DBG] {"category": "TRAIN", "component": "train", "elapsed_sec": 0.00583, "event": "END:broadcast_preference_payload", "host": "d6b2a058c4be", "pid": 185325, "rank": 0, "ts": "2026-10-04 16:02:49"}
[DBG] {"category": "RAY", "component": "train", "event": "BEGIN:control_should_stop", "host": "d6b2a058c4be", "pid": 185325, "rank": 0, "ts": "2026-10-04 16:02:49"}
[DBG] {"category": "RAY", "component": "train", "event": "watchdog_armed", "host": "d6b2a058c4be", "pid": 185325, "rank": 0, "stage": "control_should_stop", "timeout_sec": 30.0, "ts": "2026-10-04 16:02:49"}
[DBG] {"category": "RAY", "component": "train", "elapsed_sec": 0.003692, "event": "END:control_should_stop", "host": "d6b2a058c4be", "pid": 185325, "rank": 0, "ts": "2026-10-04 16:02:49"}
[DBG] {"category": "TRAIN", "component": "train", "event": "BEGIN:broadcast_stop_flag", "host": "d6b2a058c4be", "pid": 185325, "rank": 0, "transport": "gloo_cpu", "ts": "2026-10-04 16:02:49", "value": false}
[DBG] {"category": "TRAIN", "component": "train", "event": "watchdog_armed", "host": "d6b2a058c4be", "pid": 185325, "rank": 0, "stage": "broadcast_stop_flag", "timeout_sec": 30.0, "ts": "2026-10-04 16:02:49"}
[DBG] {"category": "TRAIN", "component": "train", "elapsed_sec": 0.004632, "event": "END:broadcast_stop_flag", "host": "d6b2a058c4be", "pid": 185325, "rank": 0, "ts": "2026-10-04 16:02:49"}
[DBG] {"category": "QUEUE", "component": "train", "event": "BEGIN:preference_size_before_pop", "host": "d6b2a058c4be", "pid": 185325, "rank": 0, "ts": "2026-10-04 16:02:49"}
[DBG] {"category": "QUEUE", "component": "train", "event": "watchdog_armed", "host": "d6b2a058c4be", "pid": 185325, "rank": 0, "stage": "preference_size_before_pop", "timeout_sec": 30.0, "ts": "2026-10-04 16:02:49"}
[DBG] {"category": "QUEUE", "component": "train", "elapsed_sec": 0.006127, "event": "END:preference_size_before_pop", "host": "d6b2a058c4be", "pid": 185325, "rank": 0, "ts": "2026-10-04 16:02:49"}
[DBG] {"category": "QUEUE", "component": "train", "event": "trainer_queue_state", "host": "d6b2a058c4be", "pending": 2, "pid": 185325, "policy_version": 0, "rank": 0, "required": 4, "ts": "2026-10-04 16:02:49"}
[DBG] {"category": "QUEUE", "component": "train", "current_version": 0, "event": "BEGIN:preference_pop", "host": "d6b2a058c4be", "pid": 185325, "rank": 0, "requested": 4, "ts": "2026-10-04 16:02:49"}
[DBG] {"category": "QUEUE", "component": "train", "event": "watchdog_armed", "host": "d6b2a058c4be", "pid": 185325, "rank": 0, "stage": "preference_pop", "timeout_sec": 30.0, "ts": "2026-10-04 16:02:49"}
[DBG] {"category": "QUEUE", "component": "train", "elapsed_sec": 0.006219, "event": "END:preference_pop", "host": "d6b2a058c4be", "pid": 185325, "rank": 0, "ts": "2026-10-04 16:02:49"}
[DBG] {"category": "TRAIN", "component": "train", "event": "BEGIN:broadcast_preference_payload", "has_payload": false, "host": "d6b2a058c4be", "pid": 185325, "rank": 0, "transport": "json_uint8_gloo", "ts": "2026-10-04 16:02:49"}
[DBG] {"category": "TRAIN", "component": "train", "event": "watchdog_armed", "host": "d6b2a058c4be", "pid": 185325, "rank": 0, "stage": "broadcast_preference_payload", "timeout_sec": 30.0, "ts": "2026-10-04 16:02:49"}
[DBG] {"bytes": 0, "category": "TRAIN", "component": "train", "event": "BEGIN:broadcast_preference_length", "host": "d6b2a058c4be", "pid": 185325, "rank": 0, "transport": "gloo_cpu", "ts": "2026-10-04 16:02:49"}
[DBG] {"category": "TRAIN", "component": "train", "event": "watchdog_armed", "host": "d6b2a058c4be", "pid": 185325, "rank": 0, "stage": "broadcast_preference_length", "timeout_sec": 30.0, "ts": "2026-10-04 16:02:49"}
[DBG] {"category": "TRAIN", "component": "train", "elapsed_sec": 0.004536, "event": "END:broadcast_preference_length", "host": "d6b2a058c4be", "pid": 185325, "rank": 0, "ts": "2026-10-04 16:02:49"}
[DBG] {"category": "TRAIN", "component": "train", "event": "watchdog_armed", "host": "d6b2a058c4be", "pid": 185325, "rank": 0, "stage": "broadcast_preference_payload", "timeout_sec": 30.0, "ts": "2026-10-04 16:02:49"}
[DBG] {"category": "TRAIN", "component": "train", "elapsed_sec": 0.005856, "event": "END:broadcast_preference_payload", "host": "d6b2a058c4be", "pid": 185325, "rank": 0, "ts": "2026-10-04 16:02:49"}
[DBG] {"category": "RAY", "component": "train", "event": "BEGIN:control_should_stop", "host": "d6b2a058c4be", "pid": 185325, "rank": 0, "ts": "2026-10-04 16:02:50"}
[DBG] {"category": "RAY", "component": "train", "event": "watchdog_armed", "host": "d6b2a058c4be", "pid": 185325, "rank": 0, "stage": "control_should_stop", "timeout_sec": 30.0, "ts": "2026-10-04 16:02:50"}
[DBG] {"category": "RAY", "component": "train", "elapsed_sec": 0.003371, "event": "END:control_should_stop", "host": "d6b2a058c4be", "pid": 185325, "rank": 0, "ts": "2026-10-04 16:02:50"}
[DBG] {"category": "TRAIN", "component": "train", "event": "BEGIN:broadcast_stop_flag", "host": "d6b2a058c4be", "pid": 185325, "rank": 0, "transport": "gloo_cpu", "ts": "2026-10-04 16:02:50", "value": false}
[DBG] {"category": "TRAIN", "component": "train", "event": "watchdog_armed", "host": "d6b2a058c4be", "pid": 185325, "rank": 0, "stage": "broadcast_stop_flag", "timeout_sec": 30.0, "ts": "2026-10-04 16:02:50"}
[DBG] {"category": "TRAIN", "component": "train", "elapsed_sec": 0.004836, "event": "END:broadcast_stop_flag", "host": "d6b2a058c4be", "pid": 185325, "rank": 0, "ts": "2026-10-04 16:02:50"}
[DBG] {"category": "QUEUE", "component": "train", "event": "BEGIN:preference_size_before_pop", "host": "d6b2a058c4be", "pid": 185325, "rank": 0, "ts": "2026-10-04 16:02:50"}
[DBG] {"category": "QUEUE", "component": "train", "event": "watchdog_armed", "host": "d6b2a058c4be", "pid": 185325, "rank": 0, "stage": "preference_size_before_pop", "timeout_sec": 30.0, "ts": "2026-10-04 16:02:50"}
[DBG] {"category": "QUEUE", "component": "train", "elapsed_sec": 0.005817, "event": "END:preference_size_before_pop", "host": "d6b2a058c4be", "pid": 185325, "rank": 0, "ts": "2026-10-04 16:02:50"}
[DBG] {"category": "QUEUE", "component": "train", "event": "trainer_queue_state", "host": "d6b2a058c4be", "pending": 2, "pid": 185325, "policy_version": 0, "rank": 0, "required": 4, "ts": "2026-10-04 16:02:50"}
[DBG] {"category": "QUEUE", "component": "train", "current_version": 0, "event": "BEGIN:preference_pop", "host": "d6b2a058c4be", "pid": 185325, "rank": 0, "requested": 4, "ts": "2026-10-04 16:02:50"}
[DBG] {"category": "QUEUE", "component": "train", "event": "watchdog_armed", "host": "d6b2a058c4be", "pid": 185325, "rank": 0, "stage": "preference_pop", "timeout_sec": 30.0, "ts": "2026-10-04 16:02:50"}
[DBG] {"category": "QUEUE", "component": "train", "elapsed_sec": 0.006804, "event": "END:preference_pop", "host": "d6b2a058c4be", "pid": 185325, "rank": 0, "ts": "2026-10-04 16:02:50"}
[DBG] {"category": "TRAIN", "component": "train", "event": "BEGIN:broadcast_preference_payload", "has_payload": false, "host": "d6b2a058c4be", "pid": 185325, "rank": 0, "transport": "json_uint8_gloo", "ts": "2026-10-04 16:02:50"}
[DBG] {"category": "TRAIN", "component": "train", "event": "watchdog_armed", "host": "d6b2a058c4be", "pid": 185325, "rank": 0, "stage": "broadcast_preference_payload", "timeout_sec": 30.0, "ts": "2026-10-04 16:02:50"}
[DBG] {"bytes": 0, "category": "TRAIN", "component": "train", "event": "BEGIN:broadcast_preference_length", "host": "d6b2a058c4be", "pid": 185325, "rank": 0, "transport": "gloo_cpu", "ts": "2026-10-04 16:02:50"}
[DBG] {"category": "TRAIN", "component": "train", "event": "watchdog_armed", "host": "d6b2a058c4be", "pid": 185325, "rank": 0, "stage": "broadcast_preference_length", "timeout_sec": 30.0, "ts": "2026-10-04 16:02:50"}
[DBG] {"category": "TRAIN", "component": "train", "elapsed_sec": 0.002673, "event": "END:broadcast_preference_length", "host": "d6b2a058c4be", "pid": 185325, "rank": 0, "ts": "2026-10-04 16:02:50"}
[DBG] {"category": "TRAIN", "component": "train", "event": "watchdog_armed", "host": "d6b2a058c4be", "pid": 185325, "rank": 0, "stage": "broadcast_preference_payload", "timeout_sec": 30.0, "ts": "2026-10-04 16:02:50"}
[DBG] {"category": "TRAIN", "component": "train", "elapsed_sec": 0.004057, "event": "END:broadcast_preference_payload", "host": "d6b2a058c4be", "pid": 185325, "rank": 0, "ts": "2026-10-04 16:02:50"}
[DBG] {"category": "RAY", "component": "train", "event": "BEGIN:control_should_stop", "host": "d6b2a058c4be", "pid": 185325, "rank": 0, "ts": "2026-10-04 16:02:50"}
[DBG] {"category": "RAY", "component": "train", "event": "watchdog_armed", "host": "d6b2a058c4be", "pid": 185325, "rank": 0, "stage": "control_should_stop", "timeout_sec": 30.0, "ts": "2026-10-04 16:02:50"}
[DBG] {"category": "RAY", "component": "train", "elapsed_sec": 0.004156, "event": "END:control_should_stop", "host": "d6b2a058c4be", "pid": 185325, "rank": 0, "ts": "2026-10-04 16:02:50"}
[DBG] {"category": "TRAIN", "component": "train", "event": "BEGIN:broadcast_stop_flag", "host": "d6b2a058c4be", "pid": 185325, "rank": 0, "transport": "gloo_cpu", "ts": "2026-10-04 16:02:50", "value": false}
[DBG] {"category": "TRAIN", "component": "train", "event": "watchdog_armed", "host": "d6b2a058c4be", "pid": 185325, "rank": 0, "stage": "broadcast_stop_flag", "timeout_sec": 30.0, "ts": "2026-10-04 16:02:50"}
[DBG] {"category": "TRAIN", "component": "train", "elapsed_sec": 0.002761, "event": "END:broadcast_stop_flag", "host": "d6b2a058c4be", "pid": 185325, "rank": 0, "ts": "2026-10-04 16:02:50"}
[DBG] {"category": "QUEUE", "component": "train", "event": "BEGIN:preference_size_before_pop", "host": "d6b2a058c4be", "pid": 185325, "rank": 0, "ts": "2026-10-04 16:02:50"}
[DBG] {"category": "QUEUE", "component": "train", "event": "watchdog_armed", "host": "d6b2a058c4be", "pid": 185325, "rank": 0, "stage": "preference_size_before_pop", "timeout_sec": 30.0, "ts": "2026-10-04 16:02:50"}
[DBG] {"category": "QUEUE", "component": "train", "elapsed_sec": 0.005775, "event": "END:preference_size_before_pop", "host": "d6b2a058c4be", "pid": 185325, "rank": 0, "ts": "2026-10-04 16:02:50"}
[DBG] {"category": "QUEUE", "component": "train", "event": "trainer_queue_state", "host": "d6b2a058c4be", "pending": 2, "pid": 185325, "policy_version": 0, "rank": 0, "required": 4, "ts": "2026-10-04 16:02:50"}
[DBG] {"category": "QUEUE", "component": "train", "current_version": 0, "event": "BEGIN:preference_pop", "host": "d6b2a058c4be", "pid": 185325, "rank": 0, "requested": 4, "ts": "2026-10-04 16:02:50"}
[DBG] {"category": "QUEUE", "component": "train", "event": "watchdog_armed", "host": "d6b2a058c4be", "pid": 185325, "rank": 0, "stage": "preference_pop", "timeout_sec": 30.0, "ts": "2026-10-04 16:02:50"}
[DBG] {"category": "QUEUE", "component": "train", "elapsed_sec": 0.005553, "event": "END:preference_pop", "host": "d6b2a058c4be", "pid": 185325, "rank": 0, "ts": "2026-10-04 16:02:50"}
[DBG] {"category": "TRAIN", "component": "train", "event": "BEGIN:broadcast_preference_payload", "has_payload": false, "host": "d6b2a058c4be", "pid": 185325, "rank": 0, "transport": "json_uint8_gloo", "ts": "2026-10-04 16:02:50"}
[DBG] {"category": "TRAIN", "component": "train", "event": "watchdog_armed", "host": "d6b2a058c4be", "pid": 185325, "rank": 0, "stage": "broadcast_preference_payload", "timeout_sec": 30.0, "ts": "2026-10-04 16:02:50"}
[DBG] {"bytes": 0, "category": "TRAIN", "component": "train", "event": "BEGIN:broadcast_preference_length", "host": "d6b2a058c4be", "pid": 185325, "rank": 0, "transport": "gloo_cpu", "ts": "2026-10-04 16:02:50"}
[DBG] {"category": "TRAIN", "component": "train", "event": "watchdog_armed", "host": "d6b2a058c4be", "pid": 185325, "rank": 0, "stage": "broadcast_preference_length", "timeout_sec": 30.0, "ts": "2026-10-04 16:02:50"}
[DBG] {"category": "TRAIN", "component": "train", "elapsed_sec": 0.001624, "event": "END:broadcast_preference_length", "host": "d6b2a058c4be", "pid": 185325, "rank": 0, "ts": "2026-10-04 16:02:50"}
[DBG] {"category": "TRAIN", "component": "train", "event": "watchdog_armed", "host": "d6b2a058c4be", "pid": 185325, "rank": 0, "stage": "broadcast_preference_payload", "timeout_sec": 30.0, "ts": "2026-10-04 16:02:50"}
[DBG] {"category": "TRAIN", "component": "train", "elapsed_sec": 0.002122, "event": "END:broadcast_preference_payload", "host": "d6b2a058c4be", "pid": 185325, "rank": 0, "ts": "2026-10-04 16:02:50"}
[DBG] {"category": "RAY", "component": "train", "event": "BEGIN:control_should_stop", "host": "d6b2a058c4be", "pid": 185325, "rank": 0, "ts": "2026-10-04 16:02:51"}
[DBG] {"category": "RAY", "component": "train", "event": "watchdog_armed", "host": "d6b2a058c4be", "pid": 185325, "rank": 0, "stage": "control_should_stop", "timeout_sec": 30.0, "ts": "2026-10-04 16:02:51"}
[DBG] {"category": "RAY", "component": "train", "elapsed_sec": 0.003853, "event": "END:control_should_stop", "host": "d6b2a058c4be", "pid": 185325, "rank": 0, "ts": "2026-10-04 16:02:51"}
[DBG] {"category": "TRAIN", "component": "train", "event": "BEGIN:broadcast_stop_flag", "host": "d6b2a058c4be", "pid": 185325, "rank": 0, "transport": "gloo_cpu", "ts": "2026-10-04 16:02:51", "value": false}
[DBG] {"category": "TRAIN", "component": "train", "event": "watchdog_armed", "host": "d6b2a058c4be", "pid": 185325, "rank": 0, "stage": "broadcast_stop_flag", "timeout_sec": 30.0, "ts": "2026-10-04 16:02:51"}
[DBG] {"category": "TRAIN", "component": "train", "elapsed_sec": 0.002891, "event": "END:broadcast_stop_flag", "host": "d6b2a058c4be", "pid": 185325, "rank": 0, "ts": "2026-10-04 16:02:51"}
[DBG] {"category": "QUEUE", "component": "train", "event": "BEGIN:preference_size_before_pop", "host": "d6b2a058c4be", "pid": 185325, "rank": 0, "ts": "2026-10-04 16:02:51"}
[DBG] {"category": "QUEUE", "component": "train", "event": "watchdog_armed", "host": "d6b2a058c4be", "pid": 185325, "rank": 0, "stage": "preference_size_before_pop", "timeout_sec": 30.0, "ts": "2026-10-04 16:02:51"}
[DBG] {"category": "QUEUE", "component": "train", "elapsed_sec": 0.005074, "event": "END:preference_size_before_pop", "host": "d6b2a058c4be", "pid": 185325, "rank": 0, "ts": "2026-10-04 16:02:51"}
[DBG] {"category": "QUEUE", "component": "train", "event": "trainer_queue_state", "host": "d6b2a058c4be", "pending": 2, "pid": 185325, "policy_version": 0, "rank": 0, "required": 4, "ts": "2026-10-04 16:02:51"}
[DBG] {"category": "QUEUE", "component": "train", "current_version": 0, "event": "BEGIN:preference_pop", "host": "d6b2a058c4be", "pid": 185325, "rank": 0, "requested": 4, "ts": "2026-10-04 16:02:51"}
[DBG] {"category": "QUEUE", "component": "train", "event": "watchdog_armed", "host": "d6b2a058c4be", "pid": 185325, "rank": 0, "stage": "preference_pop", "timeout_sec": 30.0, "ts": "2026-10-04 16:02:51"}
[DBG] {"category": "QUEUE", "component": "train", "elapsed_sec": 0.007776, "event": "END:preference_pop", "host": "d6b2a058c4be", "pid": 185325, "rank": 0, "ts": "2026-10-04 16:02:51"}
[DBG] {"category": "TRAIN", "component": "train", "event": "BEGIN:broadcast_preference_payload", "has_payload": false, "host": "d6b2a058c4be", "pid": 185325, "rank": 0, "transport": "json_uint8_gloo", "ts": "2026-10-04 16:02:51"}
[DBG] {"category": "TRAIN", "component": "train", "event": "watchdog_armed", "host": "d6b2a058c4be", "pid": 185325, "rank": 0, "stage": "broadcast_preference_payload", "timeout_sec": 30.0, "ts": "2026-10-04 16:02:51"}
[DBG] {"bytes": 0, "category": "TRAIN", "component": "train", "event": "BEGIN:broadcast_preference_length", "host": "d6b2a058c4be", "pid": 185325, "rank": 0, "transport": "gloo_cpu", "ts": "2026-10-04 16:02:51"}
[DBG] {"category": "TRAIN", "component": "train", "event": "watchdog_armed", "host": "d6b2a058c4be", "pid": 185325, "rank": 0, "stage": "broadcast_preference_length", "timeout_sec": 30.0, "ts": "2026-10-04 16:02:51"}
[DBG] {"category": "TRAIN", "component": "train", "elapsed_sec": 0.004236, "event": "END:broadcast_preference_length", "host": "d6b2a058c4be", "pid": 185325, "rank": 0, "ts": "2026-10-04 16:02:51"}
[DBG] {"category": "TRAIN", "component": "train", "event": "watchdog_armed", "host": "d6b2a058c4be", "pid": 185325, "rank": 0, "stage": "broadcast_preference_payload", "timeout_sec": 30.0, "ts": "2026-10-04 16:02:51"}
[DBG] {"category": "TRAIN", "component": "train", "elapsed_sec": 0.005582, "event": "END:broadcast_preference_payload", "host": "d6b2a058c4be", "pid": 185325, "rank": 0, "ts": "2026-10-04 16:02:51"}
[DBG] {"category": "RAY", "component": "train", "event": "BEGIN:control_should_stop", "host": "d6b2a058c4be", "pid": 185325, "rank": 0, "ts": "2026-10-04 16:02:52"}
[DBG] {"category": "RAY", "component": "train", "event": "watchdog_armed", "host": "d6b2a058c4be", "pid": 185325, "rank": 0, "stage": "control_should_stop", "timeout_sec": 30.0, "ts": "2026-10-04 16:02:52"}
[DBG] {"category": "RAY", "component": "train", "elapsed_sec": 0.002952, "event": "END:control_should_stop", "host": "d6b2a058c4be", "pid": 185325, "rank": 0, "ts": "2026-10-04 16:02:52"}
[DBG] {"category": "TRAIN", "component": "train", "event": "BEGIN:broadcast_stop_flag", "host": "d6b2a058c4be", "pid": 185325, "rank": 0, "transport": "gloo_cpu", "ts": "2026-10-04 16:02:52", "value": false}
[DBG] {"category": "TRAIN", "component": "train", "event": "watchdog_armed", "host": "d6b2a058c4be", "pid": 185325, "rank": 0, "stage": "broadcast_stop_flag", "timeout_sec": 30.0, "ts": "2026-10-04 16:02:52"}
[DBG] {"category": "TRAIN", "component": "train", "elapsed_sec": 0.002583, "event": "END:broadcast_stop_flag", "host": "d6b2a058c4be", "pid": 185325, "rank": 0, "ts": "2026-10-04 16:02:52"}
[DBG] {"category": "QUEUE", "component": "train", "event": "BEGIN:preference_size_before_pop", "host": "d6b2a058c4be", "pid": 185325, "rank": 0, "ts": "2026-10-04 16:02:52"}
[DBG] {"category": "QUEUE", "component": "train", "event": "watchdog_armed", "host": "d6b2a058c4be", "pid": 185325, "rank": 0, "stage": "preference_size_before_pop", "timeout_sec": 30.0, "ts": "2026-10-04 16:02:52"}
[DBG] {"category": "QUEUE", "component": "train", "elapsed_sec": 0.005618, "event": "END:preference_size_before_pop", "host": "d6b2a058c4be", "pid": 185325, "rank": 0, "ts": "2026-10-04 16:02:52"}
[DBG] {"category": "QUEUE", "component": "train", "event": "trainer_queue_state", "host": "d6b2a058c4be", "pending": 2, "pid": 185325, "policy_version": 0, "rank": 0, "required": 4, "ts": "2026-10-04 16:02:52"}
[DBG] {"category": "QUEUE", "component": "train", "current_version": 0, "event": "BEGIN:preference_pop", "host": "d6b2a058c4be", "pid": 185325, "rank": 0, "requested": 4, "ts": "2026-10-04 16:02:52"}
[DBG] {"category": "QUEUE", "component": "train", "event": "watchdog_armed", "host": "d6b2a058c4be", "pid": 185325, "rank": 0, "stage": "preference_pop", "timeout_sec": 30.0, "ts": "2026-10-04 16:02:52"}
[DBG] {"category": "QUEUE", "component": "train", "elapsed_sec": 0.005578, "event": "END:preference_pop", "host": "d6b2a058c4be", "pid": 185325, "rank": 0, "ts": "2026-10-04 16:02:52"}
[DBG] {"category": "TRAIN", "component": "train", "event": "BEGIN:broadcast_preference_payload", "has_payload": false, "host": "d6b2a058c4be", "pid": 185325, "rank": 0, "transport": "json_uint8_gloo", "ts": "2026-10-04 16:02:52"}
[DBG] {"category": "TRAIN", "component": "train", "event": "watchdog_armed", "host": "d6b2a058c4be", "pid": 185325, "rank": 0, "stage": "broadcast_preference_payload", "timeout_sec": 30.0, "ts": "2026-10-04 16:02:52"}
[DBG] {"bytes": 0, "category": "TRAIN", "component": "train", "event": "BEGIN:broadcast_preference_length", "host": "d6b2a058c4be", "pid": 185325, "rank": 0, "transport": "gloo_cpu", "ts": "2026-10-04 16:02:52"}
[DBG] {"category": "TRAIN", "component": "train", "event": "watchdog_armed", "host": "d6b2a058c4be", "pid": 185325, "rank": 0, "stage": "broadcast_preference_length", "timeout_sec": 30.0, "ts": "2026-10-04 16:02:52"}
[DBG] {"category": "TRAIN", "component": "train", "elapsed_sec": 0.00243, "event": "END:broadcast_preference_length", "host": "d6b2a058c4be", "pid": 185325, "rank": 0, "ts": "2026-10-04 16:02:52"}
[DBG] {"category": "TRAIN", "component": "train", "event": "watchdog_armed", "host": "d6b2a058c4be", "pid": 185325, "rank": 0, "stage": "broadcast_preference_payload", "timeout_sec": 30.0, "ts": "2026-10-04 16:02:52"}
[DBG] {"category": "TRAIN", "component": "train", "elapsed_sec": 0.00376, "event": "END:broadcast_preference_payload", "host": "d6b2a058c4be", "pid": 185325, "rank": 0, "ts": "2026-10-04 16:02:52"}
[DBG] {"category": "RAY", "component": "train", "event": "BEGIN:control_should_stop", "host": "d6b2a058c4be", "pid": 185325, "rank": 0, "ts": "2026-10-04 16:02:52"}
[DBG] {"category": "RAY", "component": "train", "event": "watchdog_armed", "host": "d6b2a058c4be", "pid": 185325, "rank": 0, "stage": "control_should_stop", "timeout_sec": 30.0, "ts": "2026-10-04 16:02:52"}
[DBG] {"category": "RAY", "component": "train", "elapsed_sec": 0.001972, "event": "END:control_should_stop", "host": "d6b2a058c4be", "pid": 185325, "rank": 0, "ts": "2026-10-04 16:02:52"}
[DBG] {"category": "TRAIN", "component": "train", "event": "BEGIN:broadcast_stop_flag", "host": "d6b2a058c4be", "pid": 185325, "rank": 0, "transport": "gloo_cpu", "ts": "2026-10-04 16:02:52", "value": false}
[DBG] {"category": "TRAIN", "component": "train", "event": "watchdog_armed", "host": "d6b2a058c4be", "pid": 185325, "rank": 0, "stage": "broadcast_stop_flag", "timeout_sec": 30.0, "ts": "2026-10-04 16:02:52"}
[DBG] {"category": "TRAIN", "component": "train", "elapsed_sec": 0.001265, "event": "END:broadcast_stop_flag", "host": "d6b2a058c4be", "pid": 185325, "rank": 0, "ts": "2026-10-04 16:02:52"}
[DBG] {"category": "QUEUE", "component": "train", "event": "BEGIN:preference_size_before_pop", "host": "d6b2a058c4be", "pid": 185325, "rank": 0, "ts": "2026-10-04 16:02:52"}
[DBG] {"category": "QUEUE", "component": "train", "event": "watchdog_armed", "host": "d6b2a058c4be", "pid": 185325, "rank": 0, "stage": "preference_size_before_pop", "timeout_sec": 30.0, "ts": "2026-10-04 16:02:52"}
[DBG] {"category": "QUEUE", "component": "train", "elapsed_sec": 0.002487, "event": "END:preference_size_before_pop", "host": "d6b2a058c4be", "pid": 185325, "rank": 0, "ts": "2026-10-04 16:02:52"}
[DBG] {"category": "QUEUE", "component": "train", "event": "trainer_queue_state", "host": "d6b2a058c4be", "pending": 3, "pid": 185325, "policy_version": 0, "rank": 0, "required": 4, "ts": "2026-10-04 16:02:52"}
[DBG] {"category": "QUEUE", "component": "train", "current_version": 0, "event": "BEGIN:preference_pop", "host": "d6b2a058c4be", "pid": 185325, "rank": 0, "requested": 4, "ts": "2026-10-04 16:02:52"}
[DBG] {"category": "QUEUE", "component": "train", "event": "watchdog_armed", "host": "d6b2a058c4be", "pid": 185325, "rank": 0, "stage": "preference_pop", "timeout_sec": 30.0, "ts": "2026-10-04 16:02:52"}
[DBG] {"category": "QUEUE", "component": "train", "elapsed_sec": 0.002599, "event": "END:preference_pop", "host": "d6b2a058c4be", "pid": 185325, "rank": 0, "ts": "2026-10-04 16:02:52"}
[DBG] {"category": "TRAIN", "component": "train", "empty_polls": 120, "event": "waiting_for_preference_batch", "host": "d6b2a058c4be", "pending": 3, "pid": 185325, "rank": 0, "required": 4, "ts": "2026-10-04 16:02:52"}
[DBG] {"category": "TRAIN", "component": "train", "event": "BEGIN:broadcast_preference_payload", "has_payload": false, "host": "d6b2a058c4be", "pid": 185325, "rank": 0, "transport": "json_uint8_gloo", "ts": "2026-10-04 16:02:52"}
[DBG] {"category": "TRAIN", "component": "train", "event": "watchdog_armed", "host": "d6b2a058c4be", "pid": 185325, "rank": 0, "stage": "broadcast_preference_payload", "timeout_sec": 30.0, "ts": "2026-10-04 16:02:52"}
[DBG] {"bytes": 0, "category": "TRAIN", "component": "train", "event": "BEGIN:broadcast_preference_length", "host": "d6b2a058c4be", "pid": 185325, "rank": 0, "transport": "gloo_cpu", "ts": "2026-10-04 16:02:52"}
[DBG] {"category": "TRAIN", "component": "train", "event": "watchdog_armed", "host": "d6b2a058c4be", "pid": 185325, "rank": 0, "stage": "broadcast_preference_length", "timeout_sec": 30.0, "ts": "2026-10-04 16:02:52"}
[DBG] {"category": "TRAIN", "component": "train", "elapsed_sec": 0.001279, "event": "END:broadcast_preference_length", "host": "d6b2a058c4be", "pid": 185325, "rank": 0, "ts": "2026-10-04 16:02:52"}
[DBG] {"category": "TRAIN", "component": "train", "event": "watchdog_armed", "host": "d6b2a058c4be", "pid": 185325, "rank": 0, "stage": "broadcast_preference_payload", "timeout_sec": 30.0, "ts": "2026-10-04 16:02:52"}
[DBG] {"category": "TRAIN", "component": "train", "elapsed_sec": 0.001767, "event": "END:broadcast_preference_payload", "host": "d6b2a058c4be", "pid": 185325, "rank": 0, "ts": "2026-10-04 16:02:52"}
[DBG] {"category": "RAY", "component": "train", "event": "BEGIN:control_should_stop", "host": "d6b2a058c4be", "pid": 185325, "rank": 0, "ts": "2026-10-04 16:02:53"}
[DBG] {"category": "RAY", "component": "train", "event": "watchdog_armed", "host": "d6b2a058c4be", "pid": 185325, "rank": 0, "stage": "control_should_stop", "timeout_sec": 30.0, "ts": "2026-10-04 16:02:53"}
[DBG] {"category": "RAY", "component": "train", "elapsed_sec": 0.003737, "event": "END:control_should_stop", "host": "d6b2a058c4be", "pid": 185325, "rank": 0, "ts": "2026-10-04 16:02:53"}
[DBG] {"category": "TRAIN", "component": "train", "event": "BEGIN:broadcast_stop_flag", "host": "d6b2a058c4be", "pid": 185325, "rank": 0, "transport": "gloo_cpu", "ts": "2026-10-04 16:02:53", "value": false}
[DBG] {"category": "TRAIN", "component": "train", "event": "watchdog_armed", "host": "d6b2a058c4be", "pid": 185325, "rank": 0, "stage": "broadcast_stop_flag", "timeout_sec": 30.0, "ts": "2026-10-04 16:02:53"}
[DBG] {"category": "TRAIN", "component": "train", "elapsed_sec": 0.001822, "event": "END:broadcast_stop_flag", "host": "d6b2a058c4be", "pid": 185325, "rank": 0, "ts": "2026-10-04 16:02:53"}
[DBG] {"category": "QUEUE", "component": "train", "event": "BEGIN:preference_size_before_pop", "host": "d6b2a058c4be", "pid": 185325, "rank": 0, "ts": "2026-10-04 16:02:53"}
[DBG] {"category": "QUEUE", "component": "train", "event": "watchdog_armed", "host": "d6b2a058c4be", "pid": 185325, "rank": 0, "stage": "preference_size_before_pop", "timeout_sec": 30.0, "ts": "2026-10-04 16:02:53"}
[DBG] {"category": "QUEUE", "component": "train", "elapsed_sec": 0.003602, "event": "END:preference_size_before_pop", "host": "d6b2a058c4be", "pid": 185325, "rank": 0, "ts": "2026-10-04 16:02:53"}
[DBG] {"category": "QUEUE", "component": "train", "event": "trainer_queue_state", "host": "d6b2a058c4be", "pending": 3, "pid": 185325, "policy_version": 0, "rank": 0, "required": 4, "ts": "2026-10-04 16:02:53"}
[DBG] {"category": "QUEUE", "component": "train", "current_version": 0, "event": "BEGIN:preference_pop", "host": "d6b2a058c4be", "pid": 185325, "rank": 0, "requested": 4, "ts": "2026-10-04 16:02:53"}
[DBG] {"category": "QUEUE", "component": "train", "event": "watchdog_armed", "host": "d6b2a058c4be", "pid": 185325, "rank": 0, "stage": "preference_pop", "timeout_sec": 30.0, "ts": "2026-10-04 16:02:53"}
[DBG] {"category": "QUEUE", "component": "train", "elapsed_sec": 0.012303, "event": "END:preference_pop", "host": "d6b2a058c4be", "pid": 185325, "rank": 0, "ts": "2026-10-04 16:02:53"}
[DBG] {"category": "TRAIN", "component": "train", "event": "BEGIN:broadcast_preference_payload", "has_payload": false, "host": "d6b2a058c4be", "pid": 185325, "rank": 0, "transport": "json_uint8_gloo", "ts": "2026-10-04 16:02:53"}
[DBG] {"category": "TRAIN", "component": "train", "event": "watchdog_armed", "host": "d6b2a058c4be", "pid": 185325, "rank": 0, "stage": "broadcast_preference_payload", "timeout_sec": 30.0, "ts": "2026-10-04 16:02:53"}
[DBG] {"bytes": 0, "category": "TRAIN", "component": "train", "event": "BEGIN:broadcast_preference_length", "host": "d6b2a058c4be", "pid": 185325, "rank": 0, "transport": "gloo_cpu", "ts": "2026-10-04 16:02:53"}
[DBG] {"category": "TRAIN", "component": "train", "event": "watchdog_armed", "host": "d6b2a058c4be", "pid": 185325, "rank": 0, "stage": "broadcast_preference_length", "timeout_sec": 30.0, "ts": "2026-10-04 16:02:53"}
[DBG] {"category": "TRAIN", "component": "train", "elapsed_sec": 0.002165, "event": "END:broadcast_preference_length", "host": "d6b2a058c4be", "pid": 185325, "rank": 0, "ts": "2026-10-04 16:02:53"}
[DBG] {"category": "TRAIN", "component": "train", "event": "watchdog_armed", "host": "d6b2a058c4be", "pid": 185325, "rank": 0, "stage": "broadcast_preference_payload", "timeout_sec": 30.0, "ts": "2026-10-04 16:02:53"}
[DBG] {"category": "TRAIN", "component": "train", "elapsed_sec": 0.003536, "event": "END:broadcast_preference_payload", "host": "d6b2a058c4be", "pid": 185325, "rank": 0, "ts": "2026-10-04 16:02:53"}
[DBG] {"category": "RAY", "component": "train", "event": "BEGIN:control_should_stop", "host": "d6b2a058c4be", "pid": 185325, "rank": 0, "ts": "2026-10-04 16:02:53"}
[DBG] {"category": "RAY", "component": "train", "event": "watchdog_armed", "host": "d6b2a058c4be", "pid": 185325, "rank": 0, "stage": "control_should_stop", "timeout_sec": 30.0, "ts": "2026-10-04 16:02:53"}
[DBG] {"category": "RAY", "component": "train", "elapsed_sec": 0.004102, "event": "END:control_should_stop", "host": "d6b2a058c4be", "pid": 185325, "rank": 0, "ts": "2026-10-04 16:02:53"}
[DBG] {"category": "TRAIN", "component": "train", "event": "BEGIN:broadcast_stop_flag", "host": "d6b2a058c4be", "pid": 185325, "rank": 0, "transport": "gloo_cpu", "ts": "2026-10-04 16:02:53", "value": false}
[DBG] {"category": "TRAIN", "component": "train", "event": "watchdog_armed", "host": "d6b2a058c4be", "pid": 185325, "rank": 0, "stage": "broadcast_stop_flag", "timeout_sec": 30.0, "ts": "2026-10-04 16:02:53"}
[DBG] {"category": "TRAIN", "component": "train", "elapsed_sec": 0.003193, "event": "END:broadcast_stop_flag", "host": "d6b2a058c4be", "pid": 185325, "rank": 0, "ts": "2026-10-04 16:02:53"}
[DBG] {"category": "QUEUE", "component": "train", "event": "BEGIN:preference_size_before_pop", "host": "d6b2a058c4be", "pid": 185325, "rank": 0, "ts": "2026-10-04 16:02:53"}
[DBG] {"category": "QUEUE", "component": "train", "event": "watchdog_armed", "host": "d6b2a058c4be", "pid": 185325, "rank": 0, "stage": "preference_size_before_pop", "timeout_sec": 30.0, "ts": "2026-10-04 16:02:53"}
[DBG] {"category": "QUEUE", "component": "train", "elapsed_sec": 0.005819, "event": "END:preference_size_before_pop", "host": "d6b2a058c4be", "pid": 185325, "rank": 0, "ts": "2026-10-04 16:02:53"}
[DBG] {"category": "QUEUE", "component": "train", "event": "trainer_queue_state", "host": "d6b2a058c4be", "pending": 3, "pid": 185325, "policy_version": 0, "rank": 0, "required": 4, "ts": "2026-10-04 16:02:53"}
[DBG] {"category": "QUEUE", "component": "train", "current_version": 0, "event": "BEGIN:preference_pop", "host": "d6b2a058c4be", "pid": 185325, "rank": 0, "requested": 4, "ts": "2026-10-04 16:02:53"}
[DBG] {"category": "QUEUE", "component": "train", "event": "watchdog_armed", "host": "d6b2a058c4be", "pid": 185325, "rank": 0, "stage": "preference_pop", "timeout_sec": 30.0, "ts": "2026-10-04 16:02:53"}
[DBG] {"category": "QUEUE", "component": "train", "elapsed_sec": 0.006836, "event": "END:preference_pop", "host": "d6b2a058c4be", "pid": 185325, "rank": 0, "ts": "2026-10-04 16:02:53"}
[DBG] {"category": "TRAIN", "component": "train", "event": "BEGIN:broadcast_preference_payload", "has_payload": false, "host": "d6b2a058c4be", "pid": 185325, "rank": 0, "transport": "json_uint8_gloo", "ts": "2026-10-04 16:02:53"}
[DBG] {"category": "TRAIN", "component": "train", "event": "watchdog_armed", "host": "d6b2a058c4be", "pid": 185325, "rank": 0, "stage": "broadcast_preference_payload", "timeout_sec": 30.0, "ts": "2026-10-04 16:02:53"}
[DBG] {"bytes": 0, "category": "TRAIN", "component": "train", "event": "BEGIN:broadcast_preference_length", "host": "d6b2a058c4be", "pid": 185325, "rank": 0, "transport": "gloo_cpu", "ts": "2026-10-04 16:02:53"}
[DBG] {"category": "TRAIN", "component": "train", "event": "watchdog_armed", "host": "d6b2a058c4be", "pid": 185325, "rank": 0, "stage": "broadcast_preference_length", "timeout_sec": 30.0, "ts": "2026-10-04 16:02:53"}
[DBG] {"category": "TRAIN", "component": "train", "elapsed_sec": 0.003675, "event": "END:broadcast_preference_length", "host": "d6b2a058c4be", "pid": 185325, "rank": 0, "ts": "2026-10-04 16:02:53"}
[DBG] {"category": "TRAIN", "component": "train", "event": "watchdog_armed", "host": "d6b2a058c4be", "pid": 185325, "rank": 0, "stage": "broadcast_preference_payload", "timeout_sec": 30.0, "ts": "2026-10-04 16:02:53"}
[DBG] {"category": "TRAIN", "component": "train", "elapsed_sec": 0.004692, "event": "END:broadcast_preference_payload", "host": "d6b2a058c4be", "pid": 185325, "rank": 0, "ts": "2026-10-04 16:02:53"}
[DBG] {"category": "RAY", "component": "train", "event": "BEGIN:control_should_stop", "host": "d6b2a058c4be", "pid": 185325, "rank": 0, "ts": "2026-10-04 16:02:54"}
[DBG] {"category": "RAY", "component": "train", "event": "watchdog_armed", "host": "d6b2a058c4be", "pid": 185325, "rank": 0, "stage": "control_should_stop", "timeout_sec": 30.0, "ts": "2026-10-04 16:02:54"}
[DBG] {"category": "RAY", "component": "train", "elapsed_sec": 0.004077, "event": "END:control_should_stop", "host": "d6b2a058c4be", "pid": 185325, "rank": 0, "ts": "2026-10-04 16:02:54"}
[DBG] {"category": "TRAIN", "component": "train", "event": "BEGIN:broadcast_stop_flag", "host": "d6b2a058c4be", "pid": 185325, "rank": 0, "transport": "gloo_cpu", "ts": "2026-10-04 16:02:54", "value": false}
[DBG] {"category": "TRAIN", "component": "train", "event": "watchdog_armed", "host": "d6b2a058c4be", "pid": 185325, "rank": 0, "stage": "broadcast_stop_flag", "timeout_sec": 30.0, "ts": "2026-10-04 16:02:54"}
[DBG] {"category": "TRAIN", "component": "train", "elapsed_sec": 0.003223, "event": "END:broadcast_stop_flag", "host": "d6b2a058c4be", "pid": 185325, "rank": 0, "ts": "2026-10-04 16:02:54"}
[DBG] {"category": "QUEUE", "component": "train", "event": "BEGIN:preference_size_before_pop", "host": "d6b2a058c4be", "pid": 185325, "rank": 0, "ts": "2026-10-04 16:02:54"}
[DBG] {"category": "QUEUE", "component": "train", "event": "watchdog_armed", "host": "d6b2a058c4be", "pid": 185325, "rank": 0, "stage": "preference_size_before_pop", "timeout_sec": 30.0, "ts": "2026-10-04 16:02:54"}
[DBG] {"category": "QUEUE", "component": "train", "elapsed_sec": 0.004319, "event": "END:preference_size_before_pop", "host": "d6b2a058c4be", "pid": 185325, "rank": 0, "ts": "2026-10-04 16:02:54"}
[DBG] {"category": "QUEUE", "component": "train", "event": "trainer_queue_state", "host": "d6b2a058c4be", "pending": 3, "pid": 185325, "policy_version": 0, "rank": 0, "required": 4, "ts": "2026-10-04 16:02:54"}
[DBG] {"category": "QUEUE", "component": "train", "current_version": 0, "event": "BEGIN:preference_pop", "host": "d6b2a058c4be", "pid": 185325, "rank": 0, "requested": 4, "ts": "2026-10-04 16:02:54"}
[DBG] {"category": "QUEUE", "component": "train", "event": "watchdog_armed", "host": "d6b2a058c4be", "pid": 185325, "rank": 0, "stage": "preference_pop", "timeout_sec": 30.0, "ts": "2026-10-04 16:02:54"}
[DBG] {"category": "QUEUE", "component": "train", "elapsed_sec": 0.007564, "event": "END:preference_pop", "host": "d6b2a058c4be", "pid": 185325, "rank": 0, "ts": "2026-10-04 16:02:54"}
[DBG] {"category": "TRAIN", "component": "train", "event": "BEGIN:broadcast_preference_payload", "has_payload": false, "host": "d6b2a058c4be", "pid": 185325, "rank": 0, "transport": "json_uint8_gloo", "ts": "2026-10-04 16:02:54"}
[DBG] {"category": "TRAIN", "component": "train", "event": "watchdog_armed", "host": "d6b2a058c4be", "pid": 185325, "rank": 0, "stage": "broadcast_preference_payload", "timeout_sec": 30.0, "ts": "2026-10-04 16:02:54"}
[DBG] {"bytes": 0, "category": "TRAIN", "component": "train", "event": "BEGIN:broadcast_preference_length", "host": "d6b2a058c4be", "pid": 185325, "rank": 0, "transport": "gloo_cpu", "ts": "2026-10-04 16:02:54"}
[DBG] {"category": "TRAIN", "component": "train", "event": "watchdog_armed", "host": "d6b2a058c4be", "pid": 185325, "rank": 0, "stage": "broadcast_preference_length", "timeout_sec": 30.0, "ts": "2026-10-04 16:02:54"}
[DBG] {"category": "TRAIN", "component": "train", "elapsed_sec": 0.004178, "event": "END:broadcast_preference_length", "host": "d6b2a058c4be", "pid": 185325, "rank": 0, "ts": "2026-10-04 16:02:54"}
[DBG] {"category": "TRAIN", "component": "train", "event": "watchdog_armed", "host": "d6b2a058c4be", "pid": 185325, "rank": 0, "stage": "broadcast_preference_payload", "timeout_sec": 30.0, "ts": "2026-10-04 16:02:54"}
[DBG] {"category": "TRAIN", "component": "train", "elapsed_sec": 0.005572, "event": "END:broadcast_preference_payload", "host": "d6b2a058c4be", "pid": 185325, "rank": 0, "ts": "2026-10-04 16:02:54"}
[DBG] {"category": "RAY", "component": "train", "event": "BEGIN:control_should_stop", "host": "d6b2a058c4be", "pid": 185325, "rank": 0, "ts": "2026-10-04 16:02:54"}
[DBG] {"category": "RAY", "component": "train", "event": "watchdog_armed", "host": "d6b2a058c4be", "pid": 185325, "rank": 0, "stage": "control_should_stop", "timeout_sec": 30.0, "ts": "2026-10-04 16:02:54"}
[DBG] {"category": "RAY", "component": "train", "elapsed_sec": 0.004147, "event": "END:control_should_stop", "host": "d6b2a058c4be", "pid": 185325, "rank": 0, "ts": "2026-10-04 16:02:54"}
[DBG] {"category": "TRAIN", "component": "train", "event": "BEGIN:broadcast_stop_flag", "host": "d6b2a058c4be", "pid": 185325, "rank": 0, "transport": "gloo_cpu", "ts": "2026-10-04 16:02:54", "value": false}
[DBG] {"category": "TRAIN", "component": "train", "event": "watchdog_armed", "host": "d6b2a058c4be", "pid": 185325, "rank": 0, "stage": "broadcast_stop_flag", "timeout_sec": 30.0, "ts": "2026-10-04 16:02:54"}
[DBG] {"category": "TRAIN", "component": "train", "elapsed_sec": 0.00244, "event": "END:broadcast_stop_flag", "host": "d6b2a058c4be", "pid": 185325, "rank": 0, "ts": "2026-10-04 16:02:54"}
[DBG] {"category": "QUEUE", "component": "train", "event": "BEGIN:preference_size_before_pop", "host": "d6b2a058c4be", "pid": 185325, "rank": 0, "ts": "2026-10-04 16:02:54"}
[DBG] {"category": "QUEUE", "component": "train", "event": "watchdog_armed", "host": "d6b2a058c4be", "pid": 185325, "rank": 0, "stage": "preference_size_before_pop", "timeout_sec": 30.0, "ts": "2026-10-04 16:02:54"}
[DBG] {"category": "QUEUE", "component": "train", "elapsed_sec": 0.003888, "event": "END:preference_size_before_pop", "host": "d6b2a058c4be", "pid": 185325, "rank": 0, "ts": "2026-10-04 16:02:54"}
[DBG] {"category": "QUEUE", "component": "train", "event": "trainer_queue_state", "host": "d6b2a058c4be", "pending": 4, "pid": 185325, "policy_version": 0, "rank": 0, "required": 4, "ts": "2026-10-04 16:02:54"}
[DBG] {"category": "QUEUE", "component": "train", "current_version": 0, "event": "BEGIN:preference_pop", "host": "d6b2a058c4be", "pid": 185325, "rank": 0, "requested": 4, "ts": "2026-10-04 16:02:54"}
[DBG] {"category": "QUEUE", "component": "train", "event": "watchdog_armed", "host": "d6b2a058c4be", "pid": 185325, "rank": 0, "stage": "preference_pop", "timeout_sec": 30.0, "ts": "2026-10-04 16:02:54"}
[DBG] {"category": "QUEUE", "component": "train", "elapsed_sec": 0.125915, "event": "END:preference_pop", "host": "d6b2a058c4be", "pid": 185325, "rank": 0, "ts": "2026-10-04 16:02:54"}
[DBG] {"category": "QUEUE", "component": "train", "count": 4, "event": "trainer_pop_done", "group_ids": ["133d1baed9da44bebb1ac99487621d21", "08f81cb53b1a4d38bff82eceaf2f054a", "6fea28f27dc943a3b1a35a8d246c963d", "d2935eaa9e134a45a11109593f06921a"], "host": "d6b2a058c4be", "pid": 185325, "policy_versions": [0, 0, 0, 0], "rank": 0, "ts": "2026-10-04 16:02:54"}
[DBG] {"category": "TRAIN", "component": "train", "event": "BEGIN:broadcast_preference_payload", "has_payload": true, "host": "d6b2a058c4be", "pid": 185325, "rank": 0, "transport": "json_uint8_gloo", "ts": "2026-10-04 16:02:54"}
[DBG] {"category": "TRAIN", "component": "train", "event": "watchdog_armed", "host": "d6b2a058c4be", "pid": 185325, "rank": 0, "stage": "broadcast_preference_payload", "timeout_sec": 30.0, "ts": "2026-10-04 16:02:54"}
[DBG] {"bytes": 5731, "category": "TRAIN", "component": "train", "event": "BEGIN:broadcast_preference_length", "host": "d6b2a058c4be", "pid": 185325, "rank": 0, "transport": "gloo_cpu", "ts": "2026-10-04 16:02:54"}
[DBG] {"category": "TRAIN", "component": "train", "event": "watchdog_armed", "host": "d6b2a058c4be", "pid": 185325, "rank": 0, "stage": "broadcast_preference_length", "timeout_sec": 30.0, "ts": "2026-10-04 16:02:54"}
[DBG] {"category": "TRAIN", "component": "train", "elapsed_sec": 0.004857, "event": "END:broadcast_preference_length", "host": "d6b2a058c4be", "pid": 185325, "rank": 0, "ts": "2026-10-04 16:02:54"}
[DBG] {"category": "TRAIN", "component": "train", "event": "watchdog_armed", "host": "d6b2a058c4be", "pid": 185325, "rank": 0, "stage": "broadcast_preference_payload", "timeout_sec": 30.0, "ts": "2026-10-04 16:02:54"}
[DBG] {"bytes": 5731, "category": "TRAIN", "component": "train", "event": "BEGIN:broadcast_preference_bytes", "host": "d6b2a058c4be", "pid": 185325, "rank": 0, "transport": "gloo_cpu", "ts": "2026-10-04 16:02:54"}
[DBG] {"category": "TRAIN", "component": "train", "event": "watchdog_armed", "host": "d6b2a058c4be", "pid": 185325, "rank": 0, "stage": "broadcast_preference_bytes", "timeout_sec": 30.0, "ts": "2026-10-04 16:02:54"}
[DBG] {"category": "TRAIN", "component": "train", "elapsed_sec": 0.004212, "event": "END:broadcast_preference_bytes", "host": "d6b2a058c4be", "pid": 185325, "rank": 0, "ts": "2026-10-04 16:02:54"}
[DBG] {"category": "TRAIN", "component": "train", "event": "watchdog_armed", "host": "d6b2a058c4be", "pid": 185325, "rank": 0, "stage": "broadcast_preference_payload", "timeout_sec": 30.0, "ts": "2026-10-04 16:02:54"}
[DBG] {"category": "TRAIN", "component": "train", "elapsed_sec": 0.017411, "event": "END:broadcast_preference_payload", "host": "d6b2a058c4be", "pid": 185325, "rank": 0, "ts": "2026-10-04 16:02:54"}
[DBG] {"category": "TRAIN", "component": "train", "event": "local_batch_ready", "group_ids": ["133d1baed9da44bebb1ac99487621d21", "08f81cb53b1a4d38bff82eceaf2f054a"], "host": "d6b2a058c4be", "local_total": 2, "microbatch_size": 2, "microbatches": 1, "pid": 185325, "rank": 0, "slice_end": 2, "slice_start": 0, "ts": "2026-10-04 16:02:54"}
[DBG] {"category": "TRAIN", "component": "train", "event": "BEGIN:optimizer_step", "host": "d6b2a058c4be", "next_step": 1, "pid": 185325, "rank": 0, "ts": "2026-10-04 16:02:54"}
[DBG] {"category": "TRAIN", "component": "train", "event": "watchdog_armed", "host": "d6b2a058c4be", "pid": 185325, "rank": 0, "stage": "optimizer_step", "timeout_sec": 30.0, "ts": "2026-10-04 16:02:54"}
[DBG] {"category": "TRAIN", "component": "train", "cuda_device": 0, "event": "step_pipeline_begin", "group_ids": ["133d1baed9da44bebb1ac99487621d21", "08f81cb53b1a4d38bff82eceaf2f054a"], "host": "d6b2a058c4be", "max_mem_allocated": 1039477760, "mem_allocated": 494216192, "mem_reserved": 1159725056, "microbatches": 1, "next_step": 1, "pid": 185325, "rank": 0, "ts": "2026-10-04 16:02:54"}
[DBG] {"category": "TRAIN", "component": "train", "event": "BEGIN:zero_grad", "host": "d6b2a058c4be", "next_step": 1, "pid": 185325, "rank": 0, "ts": "2026-10-04 16:02:54"}
[DBG] {"category": "TRAIN", "component": "train", "event": "watchdog_armed", "host": "d6b2a058c4be", "pid": 185325, "rank": 0, "stage": "zero_grad", "timeout_sec": 30.0, "ts": "2026-10-04 16:02:54"}
[DBG] {"category": "TRAIN", "component": "train", "elapsed_sec": 0.005089, "event": "END:zero_grad", "host": "d6b2a058c4be", "pid": 185325, "rank": 0, "ts": "2026-10-04 16:02:54"}
[DBG] {"category": "TRAIN", "component": "train", "event": "watchdog_armed", "host": "d6b2a058c4be", "pid": 185325, "rank": 0, "stage": "optimizer_step", "timeout_sec": 30.0, "ts": "2026-10-04 16:02:54"}
[DBG] {"category": "TRAIN", "component": "train", "event": "microbatch_begin", "group_ids": ["133d1baed9da44bebb1ac99487621d21", "08f81cb53b1a4d38bff82eceaf2f054a"], "host": "d6b2a058c4be", "micro_idx": 0, "pairs": 2, "pid": 185325, "rank": 0, "ts": "2026-10-04 16:02:54"}
[DBG] {"category": "TRAIN", "component": "train", "event": "BEGIN:collate", "group_ids": ["133d1baed9da44bebb1ac99487621d21", "08f81cb53b1a4d38bff82eceaf2f054a"], "host": "d6b2a058c4be", "micro_idx": 0, "pairs": 2, "pid": 185325, "rank": 0, "ts": "2026-10-04 16:02:54"}
[DBG] {"category": "TRAIN", "component": "train", "event": "watchdog_armed", "host": "d6b2a058c4be", "pid": 185325, "rank": 0, "stage": "collate", "timeout_sec": 30.0, "ts": "2026-10-04 16:02:54"}
[DBG] {"category": "TRAIN", "component": "train", "elapsed_sec": 0.055948, "event": "END:collate", "host": "d6b2a058c4be", "pid": 185325, "rank": 0, "ts": "2026-10-04 16:02:54"}
[DBG] {"category": "TRAIN", "component": "train", "event": "watchdog_armed", "host": "d6b2a058c4be", "pid": 185325, "rank": 0, "stage": "optimizer_step", "timeout_sec": 30.0, "ts": "2026-10-04 16:02:54"}
[DBG] {"category": "TRAIN", "component": "train", "cpu_shapes": {"attention_mask": [4, 208], "input_ids": [4, 208], "ref_logps": [4], "response_mask": [4, 208]}, "event": "collate_done", "group_ids": ["133d1baed9da44bebb1ac99487621d21", "08f81cb53b1a4d38bff82eceaf2f054a"], "host": "d6b2a058c4be", "micro_idx": 0, "pairs": 2, "pid": 185325, "rank": 0, "ts": "2026-10-04 16:02:54"}
[DBG] {"category": "TRAIN", "component": "train", "device": "cuda:0", "event": "BEGIN:batch_to_device", "group_ids": ["133d1baed9da44bebb1ac99487621d21", "08f81cb53b1a4d38bff82eceaf2f054a"], "host": "d6b2a058c4be", "micro_idx": 0, "pid": 185325, "rank": 0, "ts": "2026-10-04 16:02:54"}
[DBG] {"category": "TRAIN", "component": "train", "event": "watchdog_armed", "host": "d6b2a058c4be", "pid": 185325, "rank": 0, "stage": "batch_to_device", "timeout_sec": 30.0, "ts": "2026-10-04 16:02:54"}
[DBG] {"category": "TRAIN", "component": "train", "elapsed_sec": 0.009545, "event": "END:batch_to_device", "host": "d6b2a058c4be", "pid": 185325, "rank": 0, "ts": "2026-10-04 16:02:54"}
[DBG] {"category": "TRAIN", "component": "train", "event": "watchdog_armed", "host": "d6b2a058c4be", "pid": 185325, "rank": 0, "stage": "optimizer_step", "timeout_sec": 30.0, "ts": "2026-10-04 16:02:54"}
[DBG] {"category": "TRAIN", "component": "train", "cuda_device": 0, "event": "batch_on_device", "group_ids": ["133d1baed9da44bebb1ac99487621d21", "08f81cb53b1a4d38bff82eceaf2f054a"], "host": "d6b2a058c4be", "max_mem_allocated": 1039477760, "mem_allocated": 494232064, "mem_reserved": 1159725056, "micro_idx": 0, "pid": 185325, "rank": 0, "tensors": {"attention_mask": {"device": "cuda:0", "dtype": "torch.int64", "shape": [4, 208]}, "input_ids": {"device": "cuda:0", "dtype": "torch.int64", "shape": [4, 208]}, "ref_logps": {"device": "cuda:0", "dtype": "torch.bfloat16", "shape": [4]}, "response_mask": {"device": "cuda:0", "dtype": "torch.bfloat16", "shape": [4, 208]}}, "ts": "2026-10-04 16:02:54"}
[DBG] {"category": "FSDP", "component": "train", "cuda_device": 0, "event": "BEGIN:cuda_sync:before_forward", "group_ids": ["133d1baed9da44bebb1ac99487621d21", "08f81cb53b1a4d38bff82eceaf2f054a"], "host": "d6b2a058c4be", "max_mem_allocated": 1039477760, "mem_allocated": 494232064, "mem_reserved": 1159725056, "micro_idx": 0, "pid": 185325, "rank": 0, "ts": "2026-10-04 16:02:54"}
[DBG] {"category": "FSDP", "component": "train", "event": "watchdog_armed", "host": "d6b2a058c4be", "pid": 185325, "rank": 0, "stage": "cuda_sync:before_forward", "timeout_sec": 30.0, "ts": "2026-10-04 16:02:54"}
[DBG] {"category": "FSDP", "component": "train", "elapsed_sec": 0.000546, "event": "END:cuda_sync:before_forward", "host": "d6b2a058c4be", "pid": 185325, "rank": 0, "ts": "2026-10-04 16:02:54"}
[DBG] {"category": "TRAIN", "component": "train", "event": "watchdog_armed", "host": "d6b2a058c4be", "pid": 185325, "rank": 0, "stage": "optimizer_step", "timeout_sec": 30.0, "ts": "2026-10-04 16:02:54"}
[DBG] {"category": "FSDP", "component": "train", "cuda_device": 0, "event": "forward_call_about_to_enter", "group_ids": ["133d1baed9da44bebb1ac99487621d21", "08f81cb53b1a4d38bff82eceaf2f054a"], "host": "d6b2a058c4be", "max_mem_allocated": 1039477760, "mem_allocated": 494232064, "mem_reserved": 1159725056, "micro_idx": 0, "model_class": "FullyShardedDataParallel", "pid": 185325, "rank": 0, "ts": "2026-10-04 16:02:54"}
[DBG] {"category": "FSDP", "component": "train", "event": "BEGIN:forward", "group_ids": ["133d1baed9da44bebb1ac99487621d21", "08f81cb53b1a4d38bff82eceaf2f054a"], "host": "d6b2a058c4be", "micro_idx": 0, "pid": 185325, "rank": 0, "ts": "2026-10-04 16:02:54"}
[DBG] {"category": "FSDP", "component": "train", "event": "watchdog_armed", "host": "d6b2a058c4be", "pid": 185325, "rank": 0, "stage": "forward", "timeout_sec": 30.0, "ts": "2026-10-04 16:02:54"}
[DBG] {"category": "FSDP", "component": "train", "cuda_device": 0, "event": "module_enter", "host": "d6b2a058c4be", "is_fsdp": true, "max_mem_allocated": 1039477760, "mem_allocated": 494232064, "mem_reserved": 1159725056, "module": "<root>", "module_class": "FullyShardedDataParallel", "pid": 185325, "rank": 0, "ts": "2026-10-04 16:02:54"}
[DBG] {"category": "FSDP", "component": "train", "compute_device": "cuda:0", "event": "fsdp_alias_root_pre_forward_enter", "host": "d6b2a058c4be", "is_root": null, "limit_all_gathers": true, "pg_backend": "nccl", "pg_rank": 0, "pg_world_size": 2, "pid": 185325, "rank": 0, "training_state": "TrainingState.IDLE", "ts": "2026-10-04 16:02:54"}
[DBG] {"category": "FSDP", "component": "train", "compute_device": "cuda:0", "event": "fsdp_lazy_init_enter", "host": "d6b2a058c4be", "is_root": null, "limit_all_gathers": true, "pg_backend": "nccl", "pg_rank": 0, "pg_world_size": 2, "pid": 185325, "rank": 0, "training_state": "TrainingState.IDLE", "ts": "2026-10-04 16:02:54"}
[DBG] {"category": "FSDP", "component": "train", "compute_device": "cuda:0", "event": "fsdp_init_streams_enter", "host": "d6b2a058c4be", "is_root": true, "limit_all_gathers": true, "pg_backend": "nccl", "pg_rank": 0, "pg_world_size": 2, "pid": 185325, "rank": 0, "training_state": "TrainingState.IDLE", "ts": "2026-10-04 16:02:54"}
[DBG] {"category": "FSDP", "component": "train", "compute_device": "cuda:0", "event": "fsdp_init_streams_exit", "host": "d6b2a058c4be", "is_root": true, "limit_all_gathers": true, "pg_backend": "nccl", "pg_rank": 0, "pg_world_size": 2, "pid": 185325, "rank": 0, "training_state": "TrainingState.IDLE", "ts": "2026-10-04 16:02:54"}
[DBG] {"category": "FSDP", "component": "train", "compute_device": "cuda:0", "event": "fsdp_share_state_enter", "host": "d6b2a058c4be", "is_root": true, "limit_all_gathers": true, "pg_backend": "nccl", "pg_rank": 0, "pg_world_size": 2, "pid": 185325, "rank": 0, "training_state": "TrainingState.IDLE", "ts": "2026-10-04 16:02:54"}
[DBG] {"category": "FSDP", "component": "train", "compute_device": "cuda:0", "event": "fsdp_share_state_exit", "host": "d6b2a058c4be", "is_root": true, "limit_all_gathers": true, "pg_backend": "nccl", "pg_rank": 0, "pg_world_size": 2, "pid": 185325, "rank": 0, "training_state": "TrainingState.IDLE", "ts": "2026-10-04 16:02:54"}
[DBG] {"category": "FSDP", "component": "train", "compute_device": "cuda:0", "event": "fsdp_lazy_init_exit", "host": "d6b2a058c4be", "is_root": true, "limit_all_gathers": true, "pg_backend": "nccl", "pg_rank": 0, "pg_world_size": 2, "pid": 185325, "rank": 0, "training_state": "TrainingState.IDLE", "ts": "2026-10-04 16:02:54"}
[DBG] {"category": "FSDP", "component": "train", "event": "fsdp_wait_for_computation_stream_enter", "host": "d6b2a058c4be", "pid": 185325, "rank": 0, "ts": "2026-10-04 16:02:54"}
[DBG] {"category": "FSDP", "component": "train", "event": "fsdp_wait_for_computation_stream_exit", "host": "d6b2a058c4be", "pid": 185325, "rank": 0, "ts": "2026-10-04 16:02:54"}
[DBG] {"category": "FSDP", "component": "train", "event": "fsdp_reset_grad_info_enter", "host": "d6b2a058c4be", "pid": 185325, "rank": 0, "ts": "2026-10-04 16:02:54"}
[DBG] {"category": "FSDP", "component": "train", "event": "fsdp_reset_grad_info_exit", "host": "d6b2a058c4be", "pid": 185325, "rank": 0, "ts": "2026-10-04 16:02:54"}
[DBG] {"category": "FSDP", "component": "train", "event": "fsdp_to_kwargs_enter", "host": "d6b2a058c4be", "pid": 185325, "rank": 0, "ts": "2026-10-04 16:02:54"}
[DBG] {"category": "FSDP", "component": "train", "event": "fsdp_to_kwargs_exit", "host": "d6b2a058c4be", "pid": 185325, "rank": 0, "ts": "2026-10-04 16:02:54"}
[DBG] {"category": "FSDP", "component": "train", "compute_device": "cuda:0", "event": "fsdp_root_cast_forward_input_enter", "host": "d6b2a058c4be", "is_root": true, "limit_all_gathers": true, "pg_backend": "nccl", "pg_rank": 0, "pg_world_size": 2, "pid": 185325, "rank": 0, "training_state": "TrainingState.IDLE", "ts": "2026-10-04 16:02:54"}
[DBG] {"category": "FSDP", "component": "train", "event": "fsdp_cast_forward_inputs_enter", "host": "d6b2a058c4be", "pid": 185325, "rank": 0, "ts": "2026-10-04 16:02:54"}
[DBG] {"category": "FSDP", "component": "train", "event": "fsdp_cast_forward_inputs_exit", "host": "d6b2a058c4be", "pid": 185325, "rank": 0, "ts": "2026-10-04 16:02:54"}
[DBG] {"category": "FSDP", "component": "train", "compute_device": "cuda:0", "event": "fsdp_root_cast_forward_input_exit", "host": "d6b2a058c4be", "is_root": true, "limit_all_gathers": true, "pg_backend": "nccl", "pg_rank": 0, "pg_world_size": 2, "pid": 185325, "rank": 0, "training_state": "TrainingState.IDLE", "ts": "2026-10-04 16:02:54"}
[DBG] {"category": "FSDP", "component": "train", "compute_device": "cuda:0", "event": "fsdp_alias_root_pre_forward_exit", "host": "d6b2a058c4be", "is_root": true, "limit_all_gathers": true, "pg_backend": "nccl", "pg_rank": 0, "pg_world_size": 2, "pid": 185325, "rank": 0, "training_state": "TrainingState.IDLE", "ts": "2026-10-04 16:02:54"}
[DBG] {"category": "FSDP", "component": "train", "compute_device": "cuda:0", "event": "fsdp_alias_pre_forward_enter", "handle_flat_param": {"device": "cuda:0", "dtype": "torch.bfloat16", "numel": 68067776, "shape": [68067776]}, "handle_needs_pre_forward_unshard": false, "handle_pg_backend": "nccl", "handle_pg_rank": 0, "handle_pg_world_size": 2, "handle_prefetched": false, "handle_rank": 0, "handle_uses_sharded_strategy": true, "handle_world_size": 2, "host": "d6b2a058c4be", "is_root": true, "limit_all_gathers": true, "pg_backend": "nccl", "pg_rank": 0, "pg_world_size": 2, "pid": 185325, "rank": 0, "training_state": "TrainingState.IDLE", "ts": "2026-10-04 16:02:54"}
[DBG] {"category": "FSDP", "component": "train", "compute_device": "cuda:0", "event": "fsdp_alias_pre_forward_unshard_enter", "handle_flat_param": {"device": "cuda:0", "dtype": "torch.bfloat16", "numel": 68067776, "shape": [68067776]}, "handle_needs_pre_forward_unshard": false, "handle_pg_backend": "nccl", "handle_pg_rank": 0, "handle_pg_world_size": 2, "handle_prefetched": false, "handle_rank": 0, "handle_uses_sharded_strategy": true, "handle_world_size": 2, "host": "d6b2a058c4be", "is_root": true, "limit_all_gathers": true, "pg_backend": "nccl", "pg_rank": 0, "pg_world_size": 2, "pid": 185325, "rank": 0, "training_state": "TrainingState.FORWARD_BACKWARD", "ts": "2026-10-04 16:02:54"}
[DBG] {"category": "FSDP", "component": "train", "compute_device": "cuda:0", "event": "fsdp_unshard_enter", "handle_flat_param": {"device": "cuda:0", "dtype": "torch.bfloat16", "numel": 68067776, "shape": [68067776]}, "handle_needs_pre_forward_unshard": false, "handle_pg_backend": "nccl", "handle_pg_rank": 0, "handle_pg_world_size": 2, "handle_prefetched": false, "handle_rank": 0, "handle_uses_sharded_strategy": true, "handle_world_size": 2, "host": "d6b2a058c4be", "is_root": true, "limit_all_gathers": true, "pg_backend": "nccl", "pg_rank": 0, "pg_world_size": 2, "pid": 185325, "rank": 0, "training_state": "TrainingState.FORWARD_BACKWARD", "ts": "2026-10-04 16:02:54"}
[DBG] {"category": "FSDP", "component": "train", "event": "flat_handle_pre_unshard_enter", "handle_flat_param": {"device": "cuda:0", "dtype": "torch.bfloat16", "numel": 68067776, "shape": [68067776]}, "handle_needs_pre_forward_unshard": false, "handle_pg_backend": "nccl", "handle_pg_rank": 0, "handle_pg_world_size": 2, "handle_prefetched": false, "handle_rank": 0, "handle_uses_sharded_strategy": true, "handle_world_size": 2, "host": "d6b2a058c4be", "pid": 185325, "rank": 0, "ts": "2026-10-04 16:02:54"}
[DBG] {"category": "FSDP", "component": "train", "event": "flat_handle_pre_unshard_exit", "handle_flat_param": {"device": "cuda:0", "dtype": "torch.bfloat16", "numel": 68067776, "shape": [68067776]}, "handle_needs_pre_forward_unshard": false, "handle_pg_backend": "nccl", "handle_pg_rank": 0, "handle_pg_world_size": 2, "handle_prefetched": false, "handle_rank": 0, "handle_uses_sharded_strategy": true, "handle_world_size": 2, "host": "d6b2a058c4be", "pid": 185325, "rank": 0, "ts": "2026-10-04 16:02:54"}
[DBG] {"category": "FSDP", "component": "train", "event": "flat_handle_unshard_enter", "handle_flat_param": {"device": "cuda:0", "dtype": "torch.bfloat16", "numel": 68067776, "shape": [68067776]}, "handle_needs_pre_forward_unshard": false, "handle_pg_backend": "nccl", "handle_pg_rank": 0, "handle_pg_world_size": 2, "handle_prefetched": false, "handle_rank": 0, "handle_uses_sharded_strategy": true, "handle_world_size": 2, "host": "d6b2a058c4be", "pid": 185325, "rank": 0, "ts": "2026-10-04 16:02:54"}
[DBG] {"category": "FSDP", "component": "train", "event": "flat_handle_alloc_unsharded_enter", "handle_flat_param": {"device": "cuda:0", "dtype": "torch.bfloat16", "numel": 68067776, "shape": [68067776]}, "handle_needs_pre_forward_unshard": false, "handle_pg_backend": "nccl", "handle_pg_rank": 0, "handle_pg_world_size": 2, "handle_prefetched": false, "handle_rank": 0, "handle_uses_sharded_strategy": true, "handle_world_size": 2, "host": "d6b2a058c4be", "pid": 185325, "rank": 0, "ts": "2026-10-04 16:02:54"}
[DBG] {"category": "FSDP", "component": "train", "event": "flat_handle_alloc_unsharded_exit", "handle_flat_param": {"device": "cuda:0", "dtype": "torch.bfloat16", "numel": 68067776, "shape": [68067776]}, "handle_needs_pre_forward_unshard": false, "handle_pg_backend": "nccl", "handle_pg_rank": 0, "handle_pg_world_size": 2, "handle_prefetched": false, "handle_rank": 0, "handle_uses_sharded_strategy": true, "handle_world_size": 2, "host": "d6b2a058c4be", "pid": 185325, "rank": 0, "ts": "2026-10-04 16:02:54"}
[DBG] {"all_gather_output": {"device": "cuda:0", "dtype": "torch.bfloat16", "numel": 136135552, "shape": [136135552]}, "category": "FSDP", "component": "train", "event": "flat_handle_all_gather_enter", "handle_flat_param": {"device": "cuda:0", "dtype": "torch.bfloat16", "numel": 68067776, "shape": [68067776]}, "handle_needs_pre_forward_unshard": false, "handle_pg_backend": "nccl", "handle_pg_rank": 0, "handle_pg_world_size": 2, "handle_prefetched": false, "handle_rank": 0, "handle_uses_sharded_strategy": true, "handle_world_size": 2, "host": "d6b2a058c4be", "pid": 185325, "rank": 0, "ts": "2026-10-04 16:02:54"}
[DBG] {"all_gather_output": {"device": "cuda:0", "dtype": "torch.bfloat16", "numel": 136135552, "shape": [136135552]}, "category": "FSDP", "component": "train", "event": "flat_handle_all_gather_exit", "handle_flat_param": {"device": "cuda:0", "dtype": "torch.bfloat16", "numel": 68067776, "shape": [68067776]}, "handle_needs_pre_forward_unshard": false, "handle_pg_backend": "nccl", "handle_pg_rank": 0, "handle_pg_world_size": 2, "handle_prefetched": false, "handle_rank": 0, "handle_uses_sharded_strategy": true, "handle_world_size": 2, "host": "d6b2a058c4be", "pid": 185325, "rank": 0, "ts": "2026-10-04 16:02:55"}
[DBG] {"category": "FSDP", "component": "train", "event": "flat_handle_use_unsharded_enter", "handle_flat_param": {"device": "cuda:0", "dtype": "torch.bfloat16", "numel": 68067776, "shape": [68067776]}, "handle_needs_pre_forward_unshard": false, "handle_pg_backend": "nccl", "handle_pg_rank": 0, "handle_pg_world_size": 2, "handle_prefetched": false, "handle_rank": 0, "handle_uses_sharded_strategy": true, "handle_world_size": 2, "host": "d6b2a058c4be", "pid": 185325, "rank": 0, "ts": "2026-10-04 16:02:55"}
[DBG] {"category": "FSDP", "component": "train", "event": "flat_handle_use_unsharded_exit", "handle_flat_param": {"device": "cuda:0", "dtype": "torch.bfloat16", "numel": 136135552, "shape": [136135552]}, "handle_needs_pre_forward_unshard": false, "handle_pg_backend": "nccl", "handle_pg_rank": 0, "handle_pg_world_size": 2, "handle_prefetched": false, "handle_rank": 0, "handle_uses_sharded_strategy": true, "handle_world_size": 2, "host": "d6b2a058c4be", "pid": 185325, "rank": 0, "ts": "2026-10-04 16:02:55"}
[DBG] {"category": "FSDP", "component": "train", "event": "flat_handle_unshard_exit", "handle_flat_param": {"device": "cuda:0", "dtype": "torch.bfloat16", "numel": 136135552, "shape": [136135552]}, "handle_needs_pre_forward_unshard": false, "handle_pg_backend": "nccl", "handle_pg_rank": 0, "handle_pg_world_size": 2, "handle_prefetched": false, "handle_rank": 0, "handle_uses_sharded_strategy": true, "handle_world_size": 2, "host": "d6b2a058c4be", "pid": 185325, "rank": 0, "ts": "2026-10-04 16:02:55"}
[DBG] {"category": "FSDP", "component": "train", "event": "flat_handle_post_unshard_enter", "handle_flat_param": {"device": "cuda:0", "dtype": "torch.bfloat16", "numel": 136135552, "shape": [136135552]}, "handle_needs_pre_forward_unshard": false, "handle_pg_backend": "nccl", "handle_pg_rank": 0, "handle_pg_world_size": 2, "handle_prefetched": false, "handle_rank": 0, "handle_uses_sharded_strategy": true, "handle_world_size": 2, "host": "d6b2a058c4be", "pid": 185325, "rank": 0, "ts": "2026-10-04 16:02:55"}
[DBG] {"category": "FSDP", "component": "train", "event": "flat_handle_post_unshard_exit", "handle_flat_param": {"device": "cuda:0", "dtype": "torch.bfloat16", "numel": 136135552, "shape": [136135552]}, "handle_needs_pre_forward_unshard": false, "handle_pg_backend": "nccl", "handle_pg_rank": 0, "handle_pg_world_size": 2, "handle_prefetched": false, "handle_rank": 0, "handle_uses_sharded_strategy": true, "handle_world_size": 2, "host": "d6b2a058c4be", "pid": 185325, "rank": 0, "ts": "2026-10-04 16:02:55"}
[DBG] {"category": "FSDP", "component": "train", "compute_device": "cuda:0", "event": "fsdp_unshard_exit", "handle_flat_param": {"device": "cuda:0", "dtype": "torch.bfloat16", "numel": 136135552, "shape": [136135552]}, "handle_needs_pre_forward_unshard": false, "handle_pg_backend": "nccl", "handle_pg_rank": 0, "handle_pg_world_size": 2, "handle_prefetched": false, "handle_rank": 0, "handle_uses_sharded_strategy": true, "handle_world_size": 2, "host": "d6b2a058c4be", "is_root": true, "limit_all_gathers": true, "pg_backend": "nccl", "pg_rank": 0, "pg_world_size": 2, "pid": 185325, "rank": 0, "training_state": "TrainingState.FORWARD_BACKWARD", "ts": "2026-10-04 16:02:55"}
[DBG] {"category": "FSDP", "component": "train", "compute_device": "cuda:0", "event": "fsdp_prefetch_handle_enter", "handle_flat_param": {"device": "cuda:0", "dtype": "torch.bfloat16", "numel": 136135552, "shape": [136135552]}, "handle_needs_pre_forward_unshard": false, "handle_pg_backend": "nccl", "handle_pg_rank": 0, "handle_pg_world_size": 2, "handle_prefetched": false, "handle_rank": 0, "handle_uses_sharded_strategy": true, "handle_world_size": 2, "host": "d6b2a058c4be", "is_root": true, "limit_all_gathers": true, "pg_backend": "nccl", "pg_rank": 0, "pg_world_size": 2, "pid": 185325, "rank": 0, "training_state": "TrainingState.FORWARD_BACKWARD", "ts": "2026-10-04 16:02:55"}
[DBG] {"category": "FSDP", "component": "train", "compute_device": "cuda:0", "event": "fsdp_prefetch_handle_exit", "handle_flat_param": {"device": "cuda:0", "dtype": "torch.bfloat16", "numel": 136135552, "shape": [136135552]}, "handle_needs_pre_forward_unshard": false, "handle_pg_backend": "nccl", "handle_pg_rank": 0, "handle_pg_world_size": 2, "handle_prefetched": false, "handle_rank": 0, "handle_uses_sharded_strategy": true, "handle_world_size": 2, "host": "d6b2a058c4be", "is_root": true, "limit_all_gathers": true, "pg_backend": "nccl", "pg_rank": 0, "pg_world_size": 2, "pid": 185325, "rank": 0, "training_state": "TrainingState.FORWARD_BACKWARD", "ts": "2026-10-04 16:02:55"}
[DBG] {"category": "FSDP", "component": "train", "compute_device": "cuda:0", "event": "fsdp_alias_pre_forward_unshard_exit", "handle_flat_param": {"device": "cuda:0", "dtype": "torch.bfloat16", "numel": 136135552, "shape": [136135552]}, "handle_needs_pre_forward_unshard": false, "handle_pg_backend": "nccl", "handle_pg_rank": 0, "handle_pg_world_size": 2, "handle_prefetched": false, "handle_rank": 0, "handle_uses_sharded_strategy": true, "handle_world_size": 2, "host": "d6b2a058c4be", "is_root": true, "limit_all_gathers": true, "pg_backend": "nccl", "pg_rank": 0, "pg_world_size": 2, "pid": 185325, "rank": 0, "training_state": "TrainingState.FORWARD_BACKWARD", "ts": "2026-10-04 16:02:55"}
[DBG] {"category": "FSDP", "component": "train", "compute_device": "cuda:0", "event": "fsdp_register_post_backward_hook_enter", "handle_flat_param": {"device": "cuda:0", "dtype": "torch.bfloat16", "numel": 136135552, "shape": [136135552]}, "handle_needs_pre_forward_unshard": false, "handle_pg_backend": "nccl", "handle_pg_rank": 0, "handle_pg_world_size": 2, "handle_prefetched": false, "handle_rank": 0, "handle_uses_sharded_strategy": true, "handle_world_size": 2, "host": "d6b2a058c4be", "is_root": true, "limit_all_gathers": true, "pg_backend": "nccl", "pg_rank": 0, "pg_world_size": 2, "pid": 185325, "rank": 0, "training_state": "TrainingState.FORWARD_BACKWARD", "ts": "2026-10-04 16:02:55"}
[DBG] {"category": "FSDP", "component": "train", "compute_device": "cuda:0", "event": "fsdp_register_post_backward_hook_exit", "handle_flat_param": {"device": "cuda:0", "dtype": "torch.bfloat16", "numel": 136135552, "shape": [136135552]}, "handle_needs_pre_forward_unshard": false, "handle_pg_backend": "nccl", "handle_pg_rank": 0, "handle_pg_world_size": 2, "handle_prefetched": false, "handle_rank": 0, "handle_uses_sharded_strategy": true, "handle_world_size": 2, "host": "d6b2a058c4be", "is_root": true, "limit_all_gathers": true, "pg_backend": "nccl", "pg_rank": 0, "pg_world_size": 2, "pid": 185325, "rank": 0, "training_state": "TrainingState.FORWARD_BACKWARD", "ts": "2026-10-04 16:02:55"}
[DBG] {"category": "FSDP", "component": "train", "compute_device": "cuda:0", "event": "fsdp_register_reshard_hook_enter", "handle_flat_param": {"device": "cuda:0", "dtype": "torch.bfloat16", "numel": 136135552, "shape": [136135552]}, "handle_needs_pre_forward_unshard": false, "handle_pg_backend": "nccl", "handle_pg_rank": 0, "handle_pg_world_size": 2, "handle_prefetched": false, "handle_rank": 0, "handle_uses_sharded_strategy": true, "handle_world_size": 2, "host": "d6b2a058c4be", "is_root": true, "limit_all_gathers": true, "pg_backend": "nccl", "pg_rank": 0, "pg_world_size": 2, "pid": 185325, "rank": 0, "training_state": "TrainingState.FORWARD_BACKWARD", "ts": "2026-10-04 16:02:55"}
[DBG] {"category": "FSDP", "component": "train", "compute_device": "cuda:0", "event": "fsdp_register_reshard_hook_exit", "handle_flat_param": {"device": "cuda:0", "dtype": "torch.bfloat16", "numel": 136135552, "shape": [136135552]}, "handle_needs_pre_forward_unshard": false, "handle_pg_backend": "nccl", "handle_pg_rank": 0, "handle_pg_world_size": 2, "handle_prefetched": false, "handle_rank": 0, "handle_uses_sharded_strategy": true, "handle_world_size": 2, "host": "d6b2a058c4be", "is_root": true, "limit_all_gathers": true, "pg_backend": "nccl", "pg_rank": 0, "pg_world_size": 2, "pid": 185325, "rank": 0, "training_state": "TrainingState.FORWARD_BACKWARD", "ts": "2026-10-04 16:02:55"}
[DBG] {"category": "FSDP", "component": "train", "compute_device": "cuda:0", "event": "fsdp_alias_pre_forward_exit", "handle_flat_param": {"device": "cuda:0", "dtype": "torch.bfloat16", "numel": 136135552, "shape": [136135552]}, "handle_needs_pre_forward_unshard": false, "handle_pg_backend": "nccl", "handle_pg_rank": 0, "handle_pg_world_size": 2, "handle_prefetched": false, "handle_rank": 0, "handle_uses_sharded_strategy": true, "handle_world_size": 2, "host": "d6b2a058c4be", "is_root": true, "limit_all_gathers": true, "pg_backend": "nccl", "pg_rank": 0, "pg_world_size": 2, "pid": 185325, "rank": 0, "training_state": "TrainingState.FORWARD_BACKWARD", "ts": "2026-10-04 16:02:55"}
