[DBG] {"category": "TRAIN", "component": "train", "event": "worker_entry", "host": "d6b2a058c4be", "pid": 177724, "rank": 0, "ts": "2026-10-04 15:54:15"}
[DBG] {"CUDA_VISIBLE_DEVICES": "1,2", "LOCAL_RANK": "0", "MASTER_ADDR": "172.20.0.2", "MASTER_PORT": "34429", "RANK": "0", "WORLD_SIZE": "2", "category": "TRAIN", "component": "train", "cuda_available": true, "cuda_device_count": 2, "current_device": 0, "device": "cuda:0", "event": "environment", "host": "d6b2a058c4be", "local_rank": 0, "local_world": 2, "node_rank": 0, "pid": 177724, "rank": 0, "torch": "2.13.0+cu130", "ts": "2026-10-04 15:54:15", "world": 2}
[DBG] {"category": "TRAIN", "component": "train", "event": "trainer_init", "global_batch_size": 4, "gradient_accumulation_steps": 1, "host": "d6b2a058c4be", "per_rank_batch_size": 2, "pid": 177724, "rank": 0, "sharding_strategy": "hybrid_shard", "ts": "2026-10-04 15:54:15"}
[DBG] {"category": "TRAIN", "component": "train", "event": "BEGIN:setup", "host": "d6b2a058c4be", "pid": 177724, "rank": 0, "ts": "2026-10-04 15:54:15"}
[DBG] {"category": "TRAIN", "component": "train", "event": "watchdog_armed", "host": "d6b2a058c4be", "pid": 177724, "rank": 0, "stage": "setup", "timeout_sec": 30.0, "ts": "2026-10-04 15:54:15"}
[DBG] {"category": "FSDP", "component": "train", "event": "BEGIN:hybrid_topology_check", "host": "d6b2a058c4be", "local_world": 2, "node_rank": 0, "pid": 177724, "rank": 0, "ts": "2026-10-04 15:54:15", "world": 2}
[DBG] {"category": "FSDP", "component": "train", "event": "watchdog_armed", "host": "d6b2a058c4be", "pid": 177724, "rank": 0, "stage": "hybrid_topology_check", "timeout_sec": 30.0, "ts": "2026-10-04 15:54:15"}
[DBG] {"category": "FSDP", "component": "train", "current_cuda_device": 0, "event": "topology_local_check", "host": "d6b2a058c4be", "local_world": 2, "node_rank": 0, "note": "collective topology probe intentionally skipped; FSDP owns group setup", "pid": 177724, "rank": 0, "ts": "2026-10-04 15:54:15", "world": 2}
[DBG] {"category": "FSDP", "component": "train", "elapsed_sec": 0.000447, "event": "END:hybrid_topology_check", "host": "d6b2a058c4be", "pid": 177724, "rank": 0, "ts": "2026-10-04 15:54:15"}
[DBG] {"category": "TRAIN", "component": "train", "event": "watchdog_armed", "host": "d6b2a058c4be", "pid": 177724, "rank": 0, "stage": "setup", "timeout_sec": 30.0, "ts": "2026-10-04 15:54:15"}
[DBG] {"backend": "gloo", "category": "TRAIN", "component": "train", "event": "BEGIN:control_group_create", "host": "d6b2a058c4be", "pid": 177724, "rank": 0, "ts": "2026-10-04 15:54:15"}
[DBG] {"category": "TRAIN", "component": "train", "event": "watchdog_armed", "host": "d6b2a058c4be", "pid": 177724, "rank": 0, "stage": "control_group_create", "timeout_sec": 30.0, "ts": "2026-10-04 15:54:15"}
[DBG] {"category": "TRAIN", "component": "train", "elapsed_sec": 0.005795, "event": "END:control_group_create", "host": "d6b2a058c4be", "pid": 177724, "rank": 0, "ts": "2026-10-04 15:54:15"}
[DBG] {"category": "TRAIN", "component": "train", "event": "watchdog_armed", "host": "d6b2a058c4be", "pid": 177724, "rank": 0, "stage": "setup", "timeout_sec": 30.0, "ts": "2026-10-04 15:54:15"}
[DBG] {"category": "TRAIN", "component": "train", "event": "BEGIN:tokenizer_load", "host": "d6b2a058c4be", "model": "Qwen/Qwen2.5-0.5B-Instruct", "pid": 177724, "rank": 0, "ts": "2026-10-04 15:54:15"}
[DBG] {"category": "TRAIN", "component": "train", "event": "watchdog_armed", "host": "d6b2a058c4be", "pid": 177724, "rank": 0, "stage": "tokenizer_load", "timeout_sec": 30.0, "ts": "2026-10-04 15:54:15"}
[DBG] {"category": "TRAIN", "component": "train", "elapsed_sec": 1.14159, "event": "END:tokenizer_load", "host": "d6b2a058c4be", "pid": 177724, "rank": 0, "ts": "2026-10-04 15:54:16"}
[DBG] {"category": "TRAIN", "component": "train", "event": "watchdog_armed", "host": "d6b2a058c4be", "pid": 177724, "rank": 0, "stage": "setup", "timeout_sec": 30.0, "ts": "2026-10-04 15:54:16"}
[DBG] {"category": "TRAIN", "component": "train", "dtype": "torch.bfloat16", "event": "BEGIN:model_load_cpu", "host": "d6b2a058c4be", "model": "Qwen/Qwen2.5-0.5B-Instruct", "pid": 177724, "rank": 0, "ts": "2026-10-04 15:54:16"}
[DBG] {"category": "TRAIN", "component": "train", "event": "watchdog_armed", "host": "d6b2a058c4be", "pid": 177724, "rank": 0, "stage": "model_load_cpu", "timeout_sec": 30.0, "ts": "2026-10-04 15:54:16"}
[DBG] {"category": "TRAIN", "component": "train", "elapsed_sec": 0.50022, "event": "END:model_load_cpu", "host": "d6b2a058c4be", "pid": 177724, "rank": 0, "ts": "2026-10-04 15:54:17"}
[DBG] {"category": "TRAIN", "component": "train", "event": "watchdog_armed", "host": "d6b2a058c4be", "pid": 177724, "rank": 0, "stage": "setup", "timeout_sec": 30.0, "ts": "2026-10-04 15:54:17"}
[DBG] {"category": "TRAIN", "component": "train", "event": "BEGIN:gradient_checkpointing_enable", "host": "d6b2a058c4be", "pid": 177724, "rank": 0, "ts": "2026-10-04 15:54:17"}
[DBG] {"category": "TRAIN", "component": "train", "event": "watchdog_armed", "host": "d6b2a058c4be", "pid": 177724, "rank": 0, "stage": "gradient_checkpointing_enable", "timeout_sec": 30.0, "ts": "2026-10-04 15:54:17"}
[DBG] {"category": "TRAIN", "component": "train", "elapsed_sec": 0.00225, "event": "END:gradient_checkpointing_enable", "host": "d6b2a058c4be", "pid": 177724, "rank": 0, "ts": "2026-10-04 15:54:17"}
[DBG] {"category": "TRAIN", "component": "train", "event": "watchdog_armed", "host": "d6b2a058c4be", "pid": 177724, "rank": 0, "stage": "setup", "timeout_sec": 30.0, "ts": "2026-10-04 15:54:17"}
[DBG] {"category": "FSDP", "component": "train", "event": "BEGIN:install_internal_runtime_debug", "host": "d6b2a058c4be", "pid": 177724, "rank": 0, "ts": "2026-10-04 15:54:17"}
[DBG] {"category": "FSDP", "component": "train", "event": "watchdog_armed", "host": "d6b2a058c4be", "pid": 177724, "rank": 0, "stage": "install_internal_runtime_debug", "timeout_sec": 30.0, "ts": "2026-10-04 15:54:17"}
[DBG] {"category": "FSDP", "collectives": ["all_gather_into_tensor", "all_gather"], "component": "train", "event": "fsdp_internal_debug_ready", "handle_methods": ["pre_unshard", "_alloc_padded_unsharded_flat_param", "unshard", "_all_gather_flat_param", "_use_unsharded_flat_param", "post_unshard"], "host": "d6b2a058c4be", "pid": 177724, "rank": 0, "runtime_functions": ["_root_pre_forward", "_lazy_init", "_init_streams", "_share_state_and_init_handle_attrs", "_wait_for_computation_stream", "_pre_forward", "_pre_forward_unshard", "_unshard"], "ts": "2026-10-04 15:54:17"}
[DBG] {"category": "FSDP", "component": "train", "elapsed_sec": 0.000465, "event": "END:install_internal_runtime_debug", "host": "d6b2a058c4be", "pid": 177724, "rank": 0, "ts": "2026-10-04 15:54:17"}
[DBG] {"category": "TRAIN", "component": "train", "event": "watchdog_armed", "host": "d6b2a058c4be", "pid": 177724, "rank": 0, "stage": "setup", "timeout_sec": 30.0, "ts": "2026-10-04 15:54:17"}
[DBG] {"category": "FSDP", "component": "train", "event": "BEGIN:find_transformer_layers", "host": "d6b2a058c4be", "pid": 177724, "rank": 0, "ts": "2026-10-04 15:54:17"}
[DBG] {"category": "FSDP", "component": "train", "event": "watchdog_armed", "host": "d6b2a058c4be", "pid": 177724, "rank": 0, "stage": "find_transformer_layers", "timeout_sec": 30.0, "ts": "2026-10-04 15:54:17"}
[DBG] {"category": "FSDP", "component": "train", "elapsed_sec": 0.00083, "event": "END:find_transformer_layers", "host": "d6b2a058c4be", "pid": 177724, "rank": 0, "ts": "2026-10-04 15:54:17"}
[DBG] {"category": "TRAIN", "component": "train", "event": "watchdog_armed", "host": "d6b2a058c4be", "pid": 177724, "rank": 0, "stage": "setup", "timeout_sec": 30.0, "ts": "2026-10-04 15:54:17"}
[DBG] {"category": "FSDP", "component": "train", "event": "sharding_strategy_resolved", "host": "d6b2a058c4be", "local_world": 2, "pid": 177724, "rank": 0, "reason": "single_node_world_equals_local_world", "requested": "hybrid_shard", "resolved": "full_shard", "ts": "2026-10-04 15:54:17", "world": 2}
[DBG] {"category": "FSDP", "component": "train", "device": "cuda:0", "event": "wrap_config", "host": "d6b2a058c4be", "pid": 177724, "rank": 0, "strategy": "ShardingStrategy.FULL_SHARD", "transformer_layers": ["Qwen2DecoderLayer"], "ts": "2026-10-04 15:54:17"}
[DBG] {"category": "FSDP", "component": "train", "device": "cuda:0", "event": "BEGIN:fsdp_wrap", "host": "d6b2a058c4be", "pid": 177724, "rank": 0, "strategy": "hybrid_shard", "ts": "2026-10-04 15:54:17"}
[DBG] {"category": "FSDP", "component": "train", "event": "watchdog_armed", "host": "d6b2a058c4be", "pid": 177724, "rank": 0, "stage": "fsdp_wrap", "timeout_sec": 30.0, "ts": "2026-10-04 15:54:17"}
[DBG] {"category": "FSDP", "component": "train", "elapsed_sec": 0.311255, "event": "END:fsdp_wrap", "host": "d6b2a058c4be", "pid": 177724, "rank": 0, "ts": "2026-10-04 15:54:17"}
[DBG] {"category": "TRAIN", "component": "train", "event": "watchdog_armed", "host": "d6b2a058c4be", "pid": 177724, "rank": 0, "stage": "setup", "timeout_sec": 30.0, "ts": "2026-10-04 15:54:17"}
[DBG] {"category": "FSDP", "component": "train", "event": "BEGIN:install_forward_debug_hooks", "host": "d6b2a058c4be", "pid": 177724, "rank": 0, "ts": "2026-10-04 15:54:17"}
[DBG] {"category": "FSDP", "component": "train", "event": "watchdog_armed", "host": "d6b2a058c4be", "pid": 177724, "rank": 0, "stage": "install_forward_debug_hooks", "timeout_sec": 30.0, "ts": "2026-10-04 15:54:17"}
[DBG] {"category": "FSDP", "component": "train", "event": "forward_debug_hooks_ready", "host": "d6b2a058c4be", "pid": 177724, "rank": 0, "traced_modules": 49, "transformer_classes": ["Qwen2DecoderLayer"], "ts": "2026-10-04 15:54:17"}
[DBG] {"category": "FSDP", "component": "train", "elapsed_sec": 0.001358, "event": "END:install_forward_debug_hooks", "host": "d6b2a058c4be", "pid": 177724, "rank": 0, "ts": "2026-10-04 15:54:17"}
[DBG] {"category": "TRAIN", "component": "train", "event": "watchdog_armed", "host": "d6b2a058c4be", "pid": 177724, "rank": 0, "stage": "setup", "timeout_sec": 30.0, "ts": "2026-10-04 15:54:17"}
[DBG] {"category": "TRAIN", "component": "train", "event": "BEGIN:bf16_parameter_check", "host": "d6b2a058c4be", "pid": 177724, "rank": 0, "ts": "2026-10-04 15:54:17"}
[DBG] {"category": "TRAIN", "component": "train", "event": "watchdog_armed", "host": "d6b2a058c4be", "pid": 177724, "rank": 0, "stage": "bf16_parameter_check", "timeout_sec": 30.0, "ts": "2026-10-04 15:54:17"}
[DBG] {"category": "TRAIN", "component": "train", "elapsed_sec": 0.000988, "event": "END:bf16_parameter_check", "host": "d6b2a058c4be", "pid": 177724, "rank": 0, "ts": "2026-10-04 15:54:17"}
[DBG] {"category": "TRAIN", "component": "train", "event": "watchdog_armed", "host": "d6b2a058c4be", "pid": 177724, "rank": 0, "stage": "setup", "timeout_sec": 30.0, "ts": "2026-10-04 15:54:17"}
[DBG] {"category": "TRAIN", "component": "train", "event": "BEGIN:optimizer_create", "host": "d6b2a058c4be", "pid": 177724, "rank": 0, "ts": "2026-10-04 15:54:17"}
[DBG] {"category": "TRAIN", "component": "train", "event": "watchdog_armed", "host": "d6b2a058c4be", "pid": 177724, "rank": 0, "stage": "optimizer_create", "timeout_sec": 30.0, "ts": "2026-10-04 15:54:17"}
[DBG] {"category": "TRAIN", "component": "train", "elapsed_sec": 0.001332, "event": "END:optimizer_create", "host": "d6b2a058c4be", "pid": 177724, "rank": 0, "ts": "2026-10-04 15:54:17"}
[DBG] {"category": "TRAIN", "component": "train", "event": "watchdog_armed", "host": "d6b2a058c4be", "pid": 177724, "rank": 0, "stage": "setup", "timeout_sec": 30.0, "ts": "2026-10-04 15:54:17"}
[DBG] {"category": "TRAIN", "component": "train", "event": "setup_done", "host": "d6b2a058c4be", "model_type": "FullyShardedDataParallel", "pid": 177724, "rank": 0, "ts": "2026-10-04 15:54:17"}
[DBG] {"category": "TRAIN", "component": "train", "elapsed_sec": 1.970444, "event": "END:setup", "host": "d6b2a058c4be", "pid": 177724, "rank": 0, "ts": "2026-10-04 15:54:17"}
[DBG] {"category": "TRAIN", "component": "train", "event": "train_loop_ready", "host": "d6b2a058c4be", "pid": 177724, "rank": 0, "ts": "2026-10-04 15:54:17"}
[DBG] {"category": "RAY", "component": "train", "event": "BEGIN:control_should_stop", "host": "d6b2a058c4be", "pid": 177724, "rank": 0, "ts": "2026-10-04 15:54:17"}
[DBG] {"category": "RAY", "component": "train", "event": "watchdog_armed", "host": "d6b2a058c4be", "pid": 177724, "rank": 0, "stage": "control_should_stop", "timeout_sec": 30.0, "ts": "2026-10-04 15:54:17"}
[DBG] {"category": "RAY", "component": "train", "elapsed_sec": 0.010595, "event": "END:control_should_stop", "host": "d6b2a058c4be", "pid": 177724, "rank": 0, "ts": "2026-10-04 15:54:17"}
[DBG] {"category": "TRAIN", "component": "train", "event": "BEGIN:broadcast_stop_flag", "host": "d6b2a058c4be", "pid": 177724, "rank": 0, "transport": "gloo_cpu", "ts": "2026-10-04 15:54:17", "value": false}
[DBG] {"category": "TRAIN", "component": "train", "event": "watchdog_armed", "host": "d6b2a058c4be", "pid": 177724, "rank": 0, "stage": "broadcast_stop_flag", "timeout_sec": 30.0, "ts": "2026-10-04 15:54:17"}
[DBG] {"category": "TRAIN", "component": "train", "elapsed_sec": 0.057911, "event": "END:broadcast_stop_flag", "host": "d6b2a058c4be", "pid": 177724, "rank": 0, "ts": "2026-10-04 15:54:17"}
[DBG] {"category": "QUEUE", "component": "train", "event": "BEGIN:preference_size_before_pop", "host": "d6b2a058c4be", "pid": 177724, "rank": 0, "ts": "2026-10-04 15:54:17"}
[DBG] {"category": "QUEUE", "component": "train", "event": "watchdog_armed", "host": "d6b2a058c4be", "pid": 177724, "rank": 0, "stage": "preference_size_before_pop", "timeout_sec": 30.0, "ts": "2026-10-04 15:54:17"}
[DBG] {"category": "QUEUE", "component": "train", "elapsed_sec": 0.010061, "event": "END:preference_size_before_pop", "host": "d6b2a058c4be", "pid": 177724, "rank": 0, "ts": "2026-10-04 15:54:17"}
[DBG] {"category": "QUEUE", "component": "train", "event": "trainer_queue_state", "host": "d6b2a058c4be", "pending": 0, "pid": 177724, "policy_version": 0, "rank": 0, "required": 4, "ts": "2026-10-04 15:54:17"}
[DBG] {"category": "QUEUE", "component": "train", "current_version": 0, "event": "BEGIN:preference_pop", "host": "d6b2a058c4be", "pid": 177724, "rank": 0, "requested": 4, "ts": "2026-10-04 15:54:17"}
[DBG] {"category": "QUEUE", "component": "train", "event": "watchdog_armed", "host": "d6b2a058c4be", "pid": 177724, "rank": 0, "stage": "preference_pop", "timeout_sec": 30.0, "ts": "2026-10-04 15:54:17"}
[DBG] {"category": "QUEUE", "component": "train", "elapsed_sec": 0.007994, "event": "END:preference_pop", "host": "d6b2a058c4be", "pid": 177724, "rank": 0, "ts": "2026-10-04 15:54:17"}
[DBG] {"category": "TRAIN", "component": "train", "empty_polls": 1, "event": "waiting_for_preference_batch", "host": "d6b2a058c4be", "pending": 0, "pid": 177724, "rank": 0, "required": 4, "ts": "2026-10-04 15:54:17"}
[DBG] {"category": "TRAIN", "component": "train", "event": "BEGIN:broadcast_preference_payload", "has_payload": false, "host": "d6b2a058c4be", "pid": 177724, "rank": 0, "transport": "json_uint8_gloo", "ts": "2026-10-04 15:54:17"}
[DBG] {"category": "TRAIN", "component": "train", "event": "watchdog_armed", "host": "d6b2a058c4be", "pid": 177724, "rank": 0, "stage": "broadcast_preference_payload", "timeout_sec": 30.0, "ts": "2026-10-04 15:54:17"}
[DBG] {"bytes": 0, "category": "TRAIN", "component": "train", "event": "BEGIN:broadcast_preference_length", "host": "d6b2a058c4be", "pid": 177724, "rank": 0, "transport": "gloo_cpu", "ts": "2026-10-04 15:54:17"}
[DBG] {"category": "TRAIN", "component": "train", "event": "watchdog_armed", "host": "d6b2a058c4be", "pid": 177724, "rank": 0, "stage": "broadcast_preference_length", "timeout_sec": 30.0, "ts": "2026-10-04 15:54:17"}
[DBG] {"category": "TRAIN", "component": "train", "elapsed_sec": 0.002143, "event": "END:broadcast_preference_length", "host": "d6b2a058c4be", "pid": 177724, "rank": 0, "ts": "2026-10-04 15:54:17"}
[DBG] {"category": "TRAIN", "component": "train", "event": "watchdog_armed", "host": "d6b2a058c4be", "pid": 177724, "rank": 0, "stage": "broadcast_preference_payload", "timeout_sec": 30.0, "ts": "2026-10-04 15:54:17"}
[DBG] {"category": "TRAIN", "component": "train", "elapsed_sec": 0.003005, "event": "END:broadcast_preference_payload", "host": "d6b2a058c4be", "pid": 177724, "rank": 0, "ts": "2026-10-04 15:54:17"}
[DBG] {"category": "RAY", "component": "train", "event": "BEGIN:control_should_stop", "host": "d6b2a058c4be", "pid": 177724, "rank": 0, "ts": "2026-10-04 15:54:18"}
[DBG] {"category": "RAY", "component": "train", "event": "watchdog_armed", "host": "d6b2a058c4be", "pid": 177724, "rank": 0, "stage": "control_should_stop", "timeout_sec": 30.0, "ts": "2026-10-04 15:54:18"}
[DBG] {"category": "RAY", "component": "train", "elapsed_sec": 0.003145, "event": "END:control_should_stop", "host": "d6b2a058c4be", "pid": 177724, "rank": 0, "ts": "2026-10-04 15:54:18"}
[DBG] {"category": "TRAIN", "component": "train", "event": "BEGIN:broadcast_stop_flag", "host": "d6b2a058c4be", "pid": 177724, "rank": 0, "transport": "gloo_cpu", "ts": "2026-10-04 15:54:18", "value": false}
[DBG] {"category": "TRAIN", "component": "train", "event": "watchdog_armed", "host": "d6b2a058c4be", "pid": 177724, "rank": 0, "stage": "broadcast_stop_flag", "timeout_sec": 30.0, "ts": "2026-10-04 15:54:18"}
[DBG] {"category": "TRAIN", "component": "train", "elapsed_sec": 0.003947, "event": "END:broadcast_stop_flag", "host": "d6b2a058c4be", "pid": 177724, "rank": 0, "ts": "2026-10-04 15:54:18"}
[DBG] {"category": "QUEUE", "component": "train", "event": "BEGIN:preference_size_before_pop", "host": "d6b2a058c4be", "pid": 177724, "rank": 0, "ts": "2026-10-04 15:54:18"}
[DBG] {"category": "QUEUE", "component": "train", "event": "watchdog_armed", "host": "d6b2a058c4be", "pid": 177724, "rank": 0, "stage": "preference_size_before_pop", "timeout_sec": 30.0, "ts": "2026-10-04 15:54:18"}
[DBG] {"category": "QUEUE", "component": "train", "elapsed_sec": 0.006619, "event": "END:preference_size_before_pop", "host": "d6b2a058c4be", "pid": 177724, "rank": 0, "ts": "2026-10-04 15:54:18"}
[DBG] {"category": "QUEUE", "component": "train", "event": "trainer_queue_state", "host": "d6b2a058c4be", "pending": 0, "pid": 177724, "policy_version": 0, "rank": 0, "required": 4, "ts": "2026-10-04 15:54:18"}
[DBG] {"category": "QUEUE", "component": "train", "current_version": 0, "event": "BEGIN:preference_pop", "host": "d6b2a058c4be", "pid": 177724, "rank": 0, "requested": 4, "ts": "2026-10-04 15:54:18"}
[DBG] {"category": "QUEUE", "component": "train", "event": "watchdog_armed", "host": "d6b2a058c4be", "pid": 177724, "rank": 0, "stage": "preference_pop", "timeout_sec": 30.0, "ts": "2026-10-04 15:54:18"}
[DBG] {"category": "QUEUE", "component": "train", "elapsed_sec": 0.006739, "event": "END:preference_pop", "host": "d6b2a058c4be", "pid": 177724, "rank": 0, "ts": "2026-10-04 15:54:18"}
[DBG] {"category": "TRAIN", "component": "train", "event": "BEGIN:broadcast_preference_payload", "has_payload": false, "host": "d6b2a058c4be", "pid": 177724, "rank": 0, "transport": "json_uint8_gloo", "ts": "2026-10-04 15:54:18"}
[DBG] {"category": "TRAIN", "component": "train", "event": "watchdog_armed", "host": "d6b2a058c4be", "pid": 177724, "rank": 0, "stage": "broadcast_preference_payload", "timeout_sec": 30.0, "ts": "2026-10-04 15:54:18"}
[DBG] {"bytes": 0, "category": "TRAIN", "component": "train", "event": "BEGIN:broadcast_preference_length", "host": "d6b2a058c4be", "pid": 177724, "rank": 0, "transport": "gloo_cpu", "ts": "2026-10-04 15:54:18"}
[DBG] {"category": "TRAIN", "component": "train", "event": "watchdog_armed", "host": "d6b2a058c4be", "pid": 177724, "rank": 0, "stage": "broadcast_preference_length", "timeout_sec": 30.0, "ts": "2026-10-04 15:54:18"}
[DBG] {"category": "TRAIN", "component": "train", "elapsed_sec": 0.002626, "event": "END:broadcast_preference_length", "host": "d6b2a058c4be", "pid": 177724, "rank": 0, "ts": "2026-10-04 15:54:18"}
[DBG] {"category": "TRAIN", "component": "train", "event": "watchdog_armed", "host": "d6b2a058c4be", "pid": 177724, "rank": 0, "stage": "broadcast_preference_payload", "timeout_sec": 30.0, "ts": "2026-10-04 15:54:18"}
[DBG] {"category": "TRAIN", "component": "train", "elapsed_sec": 0.003939, "event": "END:broadcast_preference_payload", "host": "d6b2a058c4be", "pid": 177724, "rank": 0, "ts": "2026-10-04 15:54:18"}
[DBG] {"category": "RAY", "component": "train", "event": "BEGIN:control_should_stop", "host": "d6b2a058c4be", "pid": 177724, "rank": 0, "ts": "2026-10-04 15:54:18"}
[DBG] {"category": "RAY", "component": "train", "event": "watchdog_armed", "host": "d6b2a058c4be", "pid": 177724, "rank": 0, "stage": "control_should_stop", "timeout_sec": 30.0, "ts": "2026-10-04 15:54:18"}
[DBG] {"category": "RAY", "component": "train", "elapsed_sec": 0.004274, "event": "END:control_should_stop", "host": "d6b2a058c4be", "pid": 177724, "rank": 0, "ts": "2026-10-04 15:54:18"}
[DBG] {"category": "TRAIN", "component": "train", "event": "BEGIN:broadcast_stop_flag", "host": "d6b2a058c4be", "pid": 177724, "rank": 0, "transport": "gloo_cpu", "ts": "2026-10-04 15:54:18", "value": false}
[DBG] {"category": "TRAIN", "component": "train", "event": "watchdog_armed", "host": "d6b2a058c4be", "pid": 177724, "rank": 0, "stage": "broadcast_stop_flag", "timeout_sec": 30.0, "ts": "2026-10-04 15:54:18"}
[DBG] {"category": "TRAIN", "component": "train", "elapsed_sec": 0.003477, "event": "END:broadcast_stop_flag", "host": "d6b2a058c4be", "pid": 177724, "rank": 0, "ts": "2026-10-04 15:54:18"}
[DBG] {"category": "QUEUE", "component": "train", "event": "BEGIN:preference_size_before_pop", "host": "d6b2a058c4be", "pid": 177724, "rank": 0, "ts": "2026-10-04 15:54:18"}
[DBG] {"category": "QUEUE", "component": "train", "event": "watchdog_armed", "host": "d6b2a058c4be", "pid": 177724, "rank": 0, "stage": "preference_size_before_pop", "timeout_sec": 30.0, "ts": "2026-10-04 15:54:18"}
[DBG] {"category": "QUEUE", "component": "train", "elapsed_sec": 0.006357, "event": "END:preference_size_before_pop", "host": "d6b2a058c4be", "pid": 177724, "rank": 0, "ts": "2026-10-04 15:54:18"}
[DBG] {"category": "QUEUE", "component": "train", "event": "trainer_queue_state", "host": "d6b2a058c4be", "pending": 0, "pid": 177724, "policy_version": 0, "rank": 0, "required": 4, "ts": "2026-10-04 15:54:18"}
[DBG] {"category": "QUEUE", "component": "train", "current_version": 0, "event": "BEGIN:preference_pop", "host": "d6b2a058c4be", "pid": 177724, "rank": 0, "requested": 4, "ts": "2026-10-04 15:54:18"}
[DBG] {"category": "QUEUE", "component": "train", "event": "watchdog_armed", "host": "d6b2a058c4be", "pid": 177724, "rank": 0, "stage": "preference_pop", "timeout_sec": 30.0, "ts": "2026-10-04 15:54:18"}
[DBG] {"category": "QUEUE", "component": "train", "elapsed_sec": 0.007859, "event": "END:preference_pop", "host": "d6b2a058c4be", "pid": 177724, "rank": 0, "ts": "2026-10-04 15:54:18"}
[DBG] {"category": "TRAIN", "component": "train", "event": "BEGIN:broadcast_preference_payload", "has_payload": false, "host": "d6b2a058c4be", "pid": 177724, "rank": 0, "transport": "json_uint8_gloo", "ts": "2026-10-04 15:54:18"}
[DBG] {"category": "TRAIN", "component": "train", "event": "watchdog_armed", "host": "d6b2a058c4be", "pid": 177724, "rank": 0, "stage": "broadcast_preference_payload", "timeout_sec": 30.0, "ts": "2026-10-04 15:54:18"}
[DBG] {"bytes": 0, "category": "TRAIN", "component": "train", "event": "BEGIN:broadcast_preference_length", "host": "d6b2a058c4be", "pid": 177724, "rank": 0, "transport": "gloo_cpu", "ts": "2026-10-04 15:54:18"}
[DBG] {"category": "TRAIN", "component": "train", "event": "watchdog_armed", "host": "d6b2a058c4be", "pid": 177724, "rank": 0, "stage": "broadcast_preference_length", "timeout_sec": 30.0, "ts": "2026-10-04 15:54:18"}
[DBG] {"category": "TRAIN", "component": "train", "elapsed_sec": 0.002727, "event": "END:broadcast_preference_length", "host": "d6b2a058c4be", "pid": 177724, "rank": 0, "ts": "2026-10-04 15:54:18"}
[DBG] {"category": "TRAIN", "component": "train", "event": "watchdog_armed", "host": "d6b2a058c4be", "pid": 177724, "rank": 0, "stage": "broadcast_preference_payload", "timeout_sec": 30.0, "ts": "2026-10-04 15:54:18"}
[DBG] {"category": "TRAIN", "component": "train", "elapsed_sec": 0.004087, "event": "END:broadcast_preference_payload", "host": "d6b2a058c4be", "pid": 177724, "rank": 0, "ts": "2026-10-04 15:54:18"}
[DBG] {"category": "RAY", "component": "train", "event": "BEGIN:control_should_stop", "host": "d6b2a058c4be", "pid": 177724, "rank": 0, "ts": "2026-10-04 15:54:19"}
[DBG] {"category": "RAY", "component": "train", "event": "watchdog_armed", "host": "d6b2a058c4be", "pid": 177724, "rank": 0, "stage": "control_should_stop", "timeout_sec": 30.0, "ts": "2026-10-04 15:54:19"}
[DBG] {"category": "RAY", "component": "train", "elapsed_sec": 0.004555, "event": "END:control_should_stop", "host": "d6b2a058c4be", "pid": 177724, "rank": 0, "ts": "2026-10-04 15:54:19"}
[DBG] {"category": "TRAIN", "component": "train", "event": "BEGIN:broadcast_stop_flag", "host": "d6b2a058c4be", "pid": 177724, "rank": 0, "transport": "gloo_cpu", "ts": "2026-10-04 15:54:19", "value": false}
[DBG] {"category": "TRAIN", "component": "train", "event": "watchdog_armed", "host": "d6b2a058c4be", "pid": 177724, "rank": 0, "stage": "broadcast_stop_flag", "timeout_sec": 30.0, "ts": "2026-10-04 15:54:19"}
[DBG] {"category": "TRAIN", "component": "train", "elapsed_sec": 0.005411, "event": "END:broadcast_stop_flag", "host": "d6b2a058c4be", "pid": 177724, "rank": 0, "ts": "2026-10-04 15:54:19"}
[DBG] {"category": "QUEUE", "component": "train", "event": "BEGIN:preference_size_before_pop", "host": "d6b2a058c4be", "pid": 177724, "rank": 0, "ts": "2026-10-04 15:54:19"}
[DBG] {"category": "QUEUE", "component": "train", "event": "watchdog_armed", "host": "d6b2a058c4be", "pid": 177724, "rank": 0, "stage": "preference_size_before_pop", "timeout_sec": 30.0, "ts": "2026-10-04 15:54:19"}
[DBG] {"category": "QUEUE", "component": "train", "elapsed_sec": 0.007337, "event": "END:preference_size_before_pop", "host": "d6b2a058c4be", "pid": 177724, "rank": 0, "ts": "2026-10-04 15:54:19"}
[DBG] {"category": "QUEUE", "component": "train", "event": "trainer_queue_state", "host": "d6b2a058c4be", "pending": 0, "pid": 177724, "policy_version": 0, "rank": 0, "required": 4, "ts": "2026-10-04 15:54:19"}
[DBG] {"category": "QUEUE", "component": "train", "current_version": 0, "event": "BEGIN:preference_pop", "host": "d6b2a058c4be", "pid": 177724, "rank": 0, "requested": 4, "ts": "2026-10-04 15:54:19"}
[DBG] {"category": "QUEUE", "component": "train", "event": "watchdog_armed", "host": "d6b2a058c4be", "pid": 177724, "rank": 0, "stage": "preference_pop", "timeout_sec": 30.0, "ts": "2026-10-04 15:54:19"}
[DBG] {"category": "QUEUE", "component": "train", "elapsed_sec": 0.009213, "event": "END:preference_pop", "host": "d6b2a058c4be", "pid": 177724, "rank": 0, "ts": "2026-10-04 15:54:19"}
[DBG] {"category": "TRAIN", "component": "train", "event": "BEGIN:broadcast_preference_payload", "has_payload": false, "host": "d6b2a058c4be", "pid": 177724, "rank": 0, "transport": "json_uint8_gloo", "ts": "2026-10-04 15:54:19"}
[DBG] {"category": "TRAIN", "component": "train", "event": "watchdog_armed", "host": "d6b2a058c4be", "pid": 177724, "rank": 0, "stage": "broadcast_preference_payload", "timeout_sec": 30.0, "ts": "2026-10-04 15:54:19"}
[DBG] {"bytes": 0, "category": "TRAIN", "component": "train", "event": "BEGIN:broadcast_preference_length", "host": "d6b2a058c4be", "pid": 177724, "rank": 0, "transport": "gloo_cpu", "ts": "2026-10-04 15:54:19"}
[DBG] {"category": "TRAIN", "component": "train", "event": "watchdog_armed", "host": "d6b2a058c4be", "pid": 177724, "rank": 0, "stage": "broadcast_preference_length", "timeout_sec": 30.0, "ts": "2026-10-04 15:54:19"}
[DBG] {"category": "TRAIN", "component": "train", "elapsed_sec": 0.00373, "event": "END:broadcast_preference_length", "host": "d6b2a058c4be", "pid": 177724, "rank": 0, "ts": "2026-10-04 15:54:19"}
[DBG] {"category": "TRAIN", "component": "train", "event": "watchdog_armed", "host": "d6b2a058c4be", "pid": 177724, "rank": 0, "stage": "broadcast_preference_payload", "timeout_sec": 30.0, "ts": "2026-10-04 15:54:19"}
[DBG] {"category": "TRAIN", "component": "train", "elapsed_sec": 0.005182, "event": "END:broadcast_preference_payload", "host": "d6b2a058c4be", "pid": 177724, "rank": 0, "ts": "2026-10-04 15:54:19"}
[DBG] {"category": "RAY", "component": "train", "event": "BEGIN:control_should_stop", "host": "d6b2a058c4be", "pid": 177724, "rank": 0, "ts": "2026-10-04 15:54:19"}
[DBG] {"category": "RAY", "component": "train", "event": "watchdog_armed", "host": "d6b2a058c4be", "pid": 177724, "rank": 0, "stage": "control_should_stop", "timeout_sec": 30.0, "ts": "2026-10-04 15:54:19"}
[DBG] {"category": "RAY", "component": "train", "elapsed_sec": 0.004617, "event": "END:control_should_stop", "host": "d6b2a058c4be", "pid": 177724, "rank": 0, "ts": "2026-10-04 15:54:19"}
[DBG] {"category": "TRAIN", "component": "train", "event": "BEGIN:broadcast_stop_flag", "host": "d6b2a058c4be", "pid": 177724, "rank": 0, "transport": "gloo_cpu", "ts": "2026-10-04 15:54:19", "value": false}
[DBG] {"category": "TRAIN", "component": "train", "event": "watchdog_armed", "host": "d6b2a058c4be", "pid": 177724, "rank": 0, "stage": "broadcast_stop_flag", "timeout_sec": 30.0, "ts": "2026-10-04 15:54:19"}
[DBG] {"category": "TRAIN", "component": "train", "elapsed_sec": 0.004701, "event": "END:broadcast_stop_flag", "host": "d6b2a058c4be", "pid": 177724, "rank": 0, "ts": "2026-10-04 15:54:19"}
[DBG] {"category": "QUEUE", "component": "train", "event": "BEGIN:preference_size_before_pop", "host": "d6b2a058c4be", "pid": 177724, "rank": 0, "ts": "2026-10-04 15:54:19"}
[DBG] {"category": "QUEUE", "component": "train", "event": "watchdog_armed", "host": "d6b2a058c4be", "pid": 177724, "rank": 0, "stage": "preference_size_before_pop", "timeout_sec": 30.0, "ts": "2026-10-04 15:54:19"}
[DBG] {"category": "QUEUE", "component": "train", "elapsed_sec": 0.007218, "event": "END:preference_size_before_pop", "host": "d6b2a058c4be", "pid": 177724, "rank": 0, "ts": "2026-10-04 15:54:19"}
[DBG] {"category": "QUEUE", "component": "train", "event": "trainer_queue_state", "host": "d6b2a058c4be", "pending": 0, "pid": 177724, "policy_version": 0, "rank": 0, "required": 4, "ts": "2026-10-04 15:54:19"}
[DBG] {"category": "QUEUE", "component": "train", "current_version": 0, "event": "BEGIN:preference_pop", "host": "d6b2a058c4be", "pid": 177724, "rank": 0, "requested": 4, "ts": "2026-10-04 15:54:19"}
[DBG] {"category": "QUEUE", "component": "train", "event": "watchdog_armed", "host": "d6b2a058c4be", "pid": 177724, "rank": 0, "stage": "preference_pop", "timeout_sec": 30.0, "ts": "2026-10-04 15:54:19"}
[DBG] {"category": "QUEUE", "component": "train", "elapsed_sec": 0.008072, "event": "END:preference_pop", "host": "d6b2a058c4be", "pid": 177724, "rank": 0, "ts": "2026-10-04 15:54:19"}
[DBG] {"category": "TRAIN", "component": "train", "event": "BEGIN:broadcast_preference_payload", "has_payload": false, "host": "d6b2a058c4be", "pid": 177724, "rank": 0, "transport": "json_uint8_gloo", "ts": "2026-10-04 15:54:19"}
[DBG] {"category": "TRAIN", "component": "train", "event": "watchdog_armed", "host": "d6b2a058c4be", "pid": 177724, "rank": 0, "stage": "broadcast_preference_payload", "timeout_sec": 30.0, "ts": "2026-10-04 15:54:19"}
[DBG] {"bytes": 0, "category": "TRAIN", "component": "train", "event": "BEGIN:broadcast_preference_length", "host": "d6b2a058c4be", "pid": 177724, "rank": 0, "transport": "gloo_cpu", "ts": "2026-10-04 15:54:19"}
[DBG] {"category": "TRAIN", "component": "train", "event": "watchdog_armed", "host": "d6b2a058c4be", "pid": 177724, "rank": 0, "stage": "broadcast_preference_length", "timeout_sec": 30.0, "ts": "2026-10-04 15:54:19"}
[DBG] {"category": "TRAIN", "component": "train", "elapsed_sec": 0.004863, "event": "END:broadcast_preference_length", "host": "d6b2a058c4be", "pid": 177724, "rank": 0, "ts": "2026-10-04 15:54:19"}
[DBG] {"category": "TRAIN", "component": "train", "event": "watchdog_armed", "host": "d6b2a058c4be", "pid": 177724, "rank": 0, "stage": "broadcast_preference_payload", "timeout_sec": 30.0, "ts": "2026-10-04 15:54:19"}
[DBG] {"category": "TRAIN", "component": "train", "elapsed_sec": 0.006549, "event": "END:broadcast_preference_payload", "host": "d6b2a058c4be", "pid": 177724, "rank": 0, "ts": "2026-10-04 15:54:19"}
[DBG] {"category": "RAY", "component": "train", "event": "BEGIN:control_should_stop", "host": "d6b2a058c4be", "pid": 177724, "rank": 0, "ts": "2026-10-04 15:54:20"}
[DBG] {"category": "RAY", "component": "train", "event": "watchdog_armed", "host": "d6b2a058c4be", "pid": 177724, "rank": 0, "stage": "control_should_stop", "timeout_sec": 30.0, "ts": "2026-10-04 15:54:20"}
[DBG] {"category": "RAY", "component": "train", "elapsed_sec": 0.003704, "event": "END:control_should_stop", "host": "d6b2a058c4be", "pid": 177724, "rank": 0, "ts": "2026-10-04 15:54:20"}
[DBG] {"category": "TRAIN", "component": "train", "event": "BEGIN:broadcast_stop_flag", "host": "d6b2a058c4be", "pid": 177724, "rank": 0, "transport": "gloo_cpu", "ts": "2026-10-04 15:54:20", "value": false}
[DBG] {"category": "TRAIN", "component": "train", "event": "watchdog_armed", "host": "d6b2a058c4be", "pid": 177724, "rank": 0, "stage": "broadcast_stop_flag", "timeout_sec": 30.0, "ts": "2026-10-04 15:54:20"}
[DBG] {"category": "TRAIN", "component": "train", "elapsed_sec": 0.002506, "event": "END:broadcast_stop_flag", "host": "d6b2a058c4be", "pid": 177724, "rank": 0, "ts": "2026-10-04 15:54:20"}
[DBG] {"category": "QUEUE", "component": "train", "event": "BEGIN:preference_size_before_pop", "host": "d6b2a058c4be", "pid": 177724, "rank": 0, "ts": "2026-10-04 15:54:20"}
[DBG] {"category": "QUEUE", "component": "train", "event": "watchdog_armed", "host": "d6b2a058c4be", "pid": 177724, "rank": 0, "stage": "preference_size_before_pop", "timeout_sec": 30.0, "ts": "2026-10-04 15:54:20"}
[DBG] {"category": "QUEUE", "component": "train", "elapsed_sec": 0.004992, "event": "END:preference_size_before_pop", "host": "d6b2a058c4be", "pid": 177724, "rank": 0, "ts": "2026-10-04 15:54:20"}
[DBG] {"category": "QUEUE", "component": "train", "event": "trainer_queue_state", "host": "d6b2a058c4be", "pending": 0, "pid": 177724, "policy_version": 0, "rank": 0, "required": 4, "ts": "2026-10-04 15:54:20"}
[DBG] {"category": "QUEUE", "component": "train", "current_version": 0, "event": "BEGIN:preference_pop", "host": "d6b2a058c4be", "pid": 177724, "rank": 0, "requested": 4, "ts": "2026-10-04 15:54:20"}
[DBG] {"category": "QUEUE", "component": "train", "event": "watchdog_armed", "host": "d6b2a058c4be", "pid": 177724, "rank": 0, "stage": "preference_pop", "timeout_sec": 30.0, "ts": "2026-10-04 15:54:20"}
[DBG] {"category": "QUEUE", "component": "train", "elapsed_sec": 0.006874, "event": "END:preference_pop", "host": "d6b2a058c4be", "pid": 177724, "rank": 0, "ts": "2026-10-04 15:54:20"}
[DBG] {"category": "TRAIN", "component": "train", "event": "BEGIN:broadcast_preference_payload", "has_payload": false, "host": "d6b2a058c4be", "pid": 177724, "rank": 0, "transport": "json_uint8_gloo", "ts": "2026-10-04 15:54:20"}
[DBG] {"category": "TRAIN", "component": "train", "event": "watchdog_armed", "host": "d6b2a058c4be", "pid": 177724, "rank": 0, "stage": "broadcast_preference_payload", "timeout_sec": 30.0, "ts": "2026-10-04 15:54:20"}
[DBG] {"bytes": 0, "category": "TRAIN", "component": "train", "event": "BEGIN:broadcast_preference_length", "host": "d6b2a058c4be", "pid": 177724, "rank": 0, "transport": "gloo_cpu", "ts": "2026-10-04 15:54:20"}
[DBG] {"category": "TRAIN", "component": "train", "event": "watchdog_armed", "host": "d6b2a058c4be", "pid": 177724, "rank": 0, "stage": "broadcast_preference_length", "timeout_sec": 30.0, "ts": "2026-10-04 15:54:20"}
[DBG] {"category": "TRAIN", "component": "train", "elapsed_sec": 0.002112, "event": "END:broadcast_preference_length", "host": "d6b2a058c4be", "pid": 177724, "rank": 0, "ts": "2026-10-04 15:54:20"}
[DBG] {"category": "TRAIN", "component": "train", "event": "watchdog_armed", "host": "d6b2a058c4be", "pid": 177724, "rank": 0, "stage": "broadcast_preference_payload", "timeout_sec": 30.0, "ts": "2026-10-04 15:54:20"}
[DBG] {"category": "TRAIN", "component": "train", "elapsed_sec": 0.003261, "event": "END:broadcast_preference_payload", "host": "d6b2a058c4be", "pid": 177724, "rank": 0, "ts": "2026-10-04 15:54:20"}
[DBG] {"category": "RAY", "component": "train", "event": "BEGIN:control_should_stop", "host": "d6b2a058c4be", "pid": 177724, "rank": 0, "ts": "2026-10-04 15:54:20"}
[DBG] {"category": "RAY", "component": "train", "event": "watchdog_armed", "host": "d6b2a058c4be", "pid": 177724, "rank": 0, "stage": "control_should_stop", "timeout_sec": 30.0, "ts": "2026-10-04 15:54:20"}
[DBG] {"category": "RAY", "component": "train", "elapsed_sec": 0.003169, "event": "END:control_should_stop", "host": "d6b2a058c4be", "pid": 177724, "rank": 0, "ts": "2026-10-04 15:54:20"}
[DBG] {"category": "TRAIN", "component": "train", "event": "BEGIN:broadcast_stop_flag", "host": "d6b2a058c4be", "pid": 177724, "rank": 0, "transport": "gloo_cpu", "ts": "2026-10-04 15:54:20", "value": false}
[DBG] {"category": "TRAIN", "component": "train", "event": "watchdog_armed", "host": "d6b2a058c4be", "pid": 177724, "rank": 0, "stage": "broadcast_stop_flag", "timeout_sec": 30.0, "ts": "2026-10-04 15:54:20"}
[DBG] {"category": "TRAIN", "component": "train", "elapsed_sec": 0.002322, "event": "END:broadcast_stop_flag", "host": "d6b2a058c4be", "pid": 177724, "rank": 0, "ts": "2026-10-04 15:54:20"}
[DBG] {"category": "QUEUE", "component": "train", "event": "BEGIN:preference_size_before_pop", "host": "d6b2a058c4be", "pid": 177724, "rank": 0, "ts": "2026-10-04 15:54:20"}
[DBG] {"category": "QUEUE", "component": "train", "event": "watchdog_armed", "host": "d6b2a058c4be", "pid": 177724, "rank": 0, "stage": "preference_size_before_pop", "timeout_sec": 30.0, "ts": "2026-10-04 15:54:20"}
[DBG] {"category": "QUEUE", "component": "train", "elapsed_sec": 0.00599, "event": "END:preference_size_before_pop", "host": "d6b2a058c4be", "pid": 177724, "rank": 0, "ts": "2026-10-04 15:54:20"}
[DBG] {"category": "QUEUE", "component": "train", "event": "trainer_queue_state", "host": "d6b2a058c4be", "pending": 0, "pid": 177724, "policy_version": 0, "rank": 0, "required": 4, "ts": "2026-10-04 15:54:20"}
[DBG] {"category": "QUEUE", "component": "train", "current_version": 0, "event": "BEGIN:preference_pop", "host": "d6b2a058c4be", "pid": 177724, "rank": 0, "requested": 4, "ts": "2026-10-04 15:54:20"}
[DBG] {"category": "QUEUE", "component": "train", "event": "watchdog_armed", "host": "d6b2a058c4be", "pid": 177724, "rank": 0, "stage": "preference_pop", "timeout_sec": 30.0, "ts": "2026-10-04 15:54:20"}
[DBG] {"category": "QUEUE", "component": "train", "elapsed_sec": 0.00727, "event": "END:preference_pop", "host": "d6b2a058c4be", "pid": 177724, "rank": 0, "ts": "2026-10-04 15:54:20"}
[DBG] {"category": "TRAIN", "component": "train", "event": "BEGIN:broadcast_preference_payload", "has_payload": false, "host": "d6b2a058c4be", "pid": 177724, "rank": 0, "transport": "json_uint8_gloo", "ts": "2026-10-04 15:54:20"}
[DBG] {"category": "TRAIN", "component": "train", "event": "watchdog_armed", "host": "d6b2a058c4be", "pid": 177724, "rank": 0, "stage": "broadcast_preference_payload", "timeout_sec": 30.0, "ts": "2026-10-04 15:54:20"}
[DBG] {"bytes": 0, "category": "TRAIN", "component": "train", "event": "BEGIN:broadcast_preference_length", "host": "d6b2a058c4be", "pid": 177724, "rank": 0, "transport": "gloo_cpu", "ts": "2026-10-04 15:54:20"}
[DBG] {"category": "TRAIN", "component": "train", "event": "watchdog_armed", "host": "d6b2a058c4be", "pid": 177724, "rank": 0, "stage": "broadcast_preference_length", "timeout_sec": 30.0, "ts": "2026-10-04 15:54:20"}
[DBG] {"category": "TRAIN", "component": "train", "elapsed_sec": 0.002077, "event": "END:broadcast_preference_length", "host": "d6b2a058c4be", "pid": 177724, "rank": 0, "ts": "2026-10-04 15:54:20"}
[DBG] {"category": "TRAIN", "component": "train", "event": "watchdog_armed", "host": "d6b2a058c4be", "pid": 177724, "rank": 0, "stage": "broadcast_preference_payload", "timeout_sec": 30.0, "ts": "2026-10-04 15:54:20"}
[DBG] {"category": "TRAIN", "component": "train", "elapsed_sec": 0.002819, "event": "END:broadcast_preference_payload", "host": "d6b2a058c4be", "pid": 177724, "rank": 0, "ts": "2026-10-04 15:54:20"}
[DBG] {"category": "RAY", "component": "train", "event": "BEGIN:control_should_stop", "host": "d6b2a058c4be", "pid": 177724, "rank": 0, "ts": "2026-10-04 15:54:21"}
[DBG] {"category": "RAY", "component": "train", "event": "watchdog_armed", "host": "d6b2a058c4be", "pid": 177724, "rank": 0, "stage": "control_should_stop", "timeout_sec": 30.0, "ts": "2026-10-04 15:54:21"}
[DBG] {"category": "RAY", "component": "train", "elapsed_sec": 0.003407, "event": "END:control_should_stop", "host": "d6b2a058c4be", "pid": 177724, "rank": 0, "ts": "2026-10-04 15:54:21"}
[DBG] {"category": "TRAIN", "component": "train", "event": "BEGIN:broadcast_stop_flag", "host": "d6b2a058c4be", "pid": 177724, "rank": 0, "transport": "gloo_cpu", "ts": "2026-10-04 15:54:21", "value": false}
[DBG] {"category": "TRAIN", "component": "train", "event": "watchdog_armed", "host": "d6b2a058c4be", "pid": 177724, "rank": 0, "stage": "broadcast_stop_flag", "timeout_sec": 30.0, "ts": "2026-10-04 15:54:21"}
[DBG] {"category": "TRAIN", "component": "train", "elapsed_sec": 0.002409, "event": "END:broadcast_stop_flag", "host": "d6b2a058c4be", "pid": 177724, "rank": 0, "ts": "2026-10-04 15:54:21"}
[DBG] {"category": "QUEUE", "component": "train", "event": "BEGIN:preference_size_before_pop", "host": "d6b2a058c4be", "pid": 177724, "rank": 0, "ts": "2026-10-04 15:54:21"}
[DBG] {"category": "QUEUE", "component": "train", "event": "watchdog_armed", "host": "d6b2a058c4be", "pid": 177724, "rank": 0, "stage": "preference_size_before_pop", "timeout_sec": 30.0, "ts": "2026-10-04 15:54:21"}
[DBG] {"category": "QUEUE", "component": "train", "elapsed_sec": 0.005603, "event": "END:preference_size_before_pop", "host": "d6b2a058c4be", "pid": 177724, "rank": 0, "ts": "2026-10-04 15:54:21"}
[DBG] {"category": "QUEUE", "component": "train", "event": "trainer_queue_state", "host": "d6b2a058c4be", "pending": 0, "pid": 177724, "policy_version": 0, "rank": 0, "required": 4, "ts": "2026-10-04 15:54:21"}
[DBG] {"category": "QUEUE", "component": "train", "current_version": 0, "event": "BEGIN:preference_pop", "host": "d6b2a058c4be", "pid": 177724, "rank": 0, "requested": 4, "ts": "2026-10-04 15:54:21"}
[DBG] {"category": "QUEUE", "component": "train", "event": "watchdog_armed", "host": "d6b2a058c4be", "pid": 177724, "rank": 0, "stage": "preference_pop", "timeout_sec": 30.0, "ts": "2026-10-04 15:54:21"}
[DBG] {"category": "QUEUE", "component": "train", "elapsed_sec": 0.00702, "event": "END:preference_pop", "host": "d6b2a058c4be", "pid": 177724, "rank": 0, "ts": "2026-10-04 15:54:21"}
[DBG] {"category": "TRAIN", "component": "train", "event": "BEGIN:broadcast_preference_payload", "has_payload": false, "host": "d6b2a058c4be", "pid": 177724, "rank": 0, "transport": "json_uint8_gloo", "ts": "2026-10-04 15:54:21"}
[DBG] {"category": "TRAIN", "component": "train", "event": "watchdog_armed", "host": "d6b2a058c4be", "pid": 177724, "rank": 0, "stage": "broadcast_preference_payload", "timeout_sec": 30.0, "ts": "2026-10-04 15:54:21"}
[DBG] {"bytes": 0, "category": "TRAIN", "component": "train", "event": "BEGIN:broadcast_preference_length", "host": "d6b2a058c4be", "pid": 177724, "rank": 0, "transport": "gloo_cpu", "ts": "2026-10-04 15:54:21"}
[DBG] {"category": "TRAIN", "component": "train", "event": "watchdog_armed", "host": "d6b2a058c4be", "pid": 177724, "rank": 0, "stage": "broadcast_preference_length", "timeout_sec": 30.0, "ts": "2026-10-04 15:54:21"}
[DBG] {"category": "TRAIN", "component": "train", "elapsed_sec": 0.002221, "event": "END:broadcast_preference_length", "host": "d6b2a058c4be", "pid": 177724, "rank": 0, "ts": "2026-10-04 15:54:21"}
[DBG] {"category": "TRAIN", "component": "train", "event": "watchdog_armed", "host": "d6b2a058c4be", "pid": 177724, "rank": 0, "stage": "broadcast_preference_payload", "timeout_sec": 30.0, "ts": "2026-10-04 15:54:21"}
[DBG] {"category": "TRAIN", "component": "train", "elapsed_sec": 0.003425, "event": "END:broadcast_preference_payload", "host": "d6b2a058c4be", "pid": 177724, "rank": 0, "ts": "2026-10-04 15:54:21"}
[DBG] {"category": "RAY", "component": "train", "event": "BEGIN:control_should_stop", "host": "d6b2a058c4be", "pid": 177724, "rank": 0, "ts": "2026-10-04 15:54:21"}
[DBG] {"category": "RAY", "component": "train", "event": "watchdog_armed", "host": "d6b2a058c4be", "pid": 177724, "rank": 0, "stage": "control_should_stop", "timeout_sec": 30.0, "ts": "2026-10-04 15:54:21"}
[DBG] {"category": "RAY", "component": "train", "elapsed_sec": 0.003524, "event": "END:control_should_stop", "host": "d6b2a058c4be", "pid": 177724, "rank": 0, "ts": "2026-10-04 15:54:21"}
[DBG] {"category": "TRAIN", "component": "train", "event": "BEGIN:broadcast_stop_flag", "host": "d6b2a058c4be", "pid": 177724, "rank": 0, "transport": "gloo_cpu", "ts": "2026-10-04 15:54:21", "value": false}
[DBG] {"category": "TRAIN", "component": "train", "event": "watchdog_armed", "host": "d6b2a058c4be", "pid": 177724, "rank": 0, "stage": "broadcast_stop_flag", "timeout_sec": 30.0, "ts": "2026-10-04 15:54:21"}
[DBG] {"category": "TRAIN", "component": "train", "elapsed_sec": 0.002414, "event": "END:broadcast_stop_flag", "host": "d6b2a058c4be", "pid": 177724, "rank": 0, "ts": "2026-10-04 15:54:21"}
[DBG] {"category": "QUEUE", "component": "train", "event": "BEGIN:preference_size_before_pop", "host": "d6b2a058c4be", "pid": 177724, "rank": 0, "ts": "2026-10-04 15:54:21"}
[DBG] {"category": "QUEUE", "component": "train", "event": "watchdog_armed", "host": "d6b2a058c4be", "pid": 177724, "rank": 0, "stage": "preference_size_before_pop", "timeout_sec": 30.0, "ts": "2026-10-04 15:54:21"}
[DBG] {"category": "QUEUE", "component": "train", "elapsed_sec": 0.005522, "event": "END:preference_size_before_pop", "host": "d6b2a058c4be", "pid": 177724, "rank": 0, "ts": "2026-10-04 15:54:21"}
[DBG] {"category": "QUEUE", "component": "train", "event": "trainer_queue_state", "host": "d6b2a058c4be", "pending": 0, "pid": 177724, "policy_version": 0, "rank": 0, "required": 4, "ts": "2026-10-04 15:54:21"}
[DBG] {"category": "QUEUE", "component": "train", "current_version": 0, "event": "BEGIN:preference_pop", "host": "d6b2a058c4be", "pid": 177724, "rank": 0, "requested": 4, "ts": "2026-10-04 15:54:21"}
[DBG] {"category": "QUEUE", "component": "train", "event": "watchdog_armed", "host": "d6b2a058c4be", "pid": 177724, "rank": 0, "stage": "preference_pop", "timeout_sec": 30.0, "ts": "2026-10-04 15:54:21"}
[DBG] {"category": "QUEUE", "component": "train", "elapsed_sec": 0.007505, "event": "END:preference_pop", "host": "d6b2a058c4be", "pid": 177724, "rank": 0, "ts": "2026-10-04 15:54:21"}
[DBG] {"category": "TRAIN", "component": "train", "event": "BEGIN:broadcast_preference_payload", "has_payload": false, "host": "d6b2a058c4be", "pid": 177724, "rank": 0, "transport": "json_uint8_gloo", "ts": "2026-10-04 15:54:21"}
[DBG] {"category": "TRAIN", "component": "train", "event": "watchdog_armed", "host": "d6b2a058c4be", "pid": 177724, "rank": 0, "stage": "broadcast_preference_payload", "timeout_sec": 30.0, "ts": "2026-10-04 15:54:21"}
[DBG] {"bytes": 0, "category": "TRAIN", "component": "train", "event": "BEGIN:broadcast_preference_length", "host": "d6b2a058c4be", "pid": 177724, "rank": 0, "transport": "gloo_cpu", "ts": "2026-10-04 15:54:21"}
[DBG] {"category": "TRAIN", "component": "train", "event": "watchdog_armed", "host": "d6b2a058c4be", "pid": 177724, "rank": 0, "stage": "broadcast_preference_length", "timeout_sec": 30.0, "ts": "2026-10-04 15:54:21"}
[DBG] {"category": "TRAIN", "component": "train", "elapsed_sec": 0.002018, "event": "END:broadcast_preference_length", "host": "d6b2a058c4be", "pid": 177724, "rank": 0, "ts": "2026-10-04 15:54:21"}
[DBG] {"category": "TRAIN", "component": "train", "event": "watchdog_armed", "host": "d6b2a058c4be", "pid": 177724, "rank": 0, "stage": "broadcast_preference_payload", "timeout_sec": 30.0, "ts": "2026-10-04 15:54:21"}
[DBG] {"category": "TRAIN", "component": "train", "elapsed_sec": 0.003135, "event": "END:broadcast_preference_payload", "host": "d6b2a058c4be", "pid": 177724, "rank": 0, "ts": "2026-10-04 15:54:21"}
[DBG] {"category": "RAY", "component": "train", "event": "BEGIN:control_should_stop", "host": "d6b2a058c4be", "pid": 177724, "rank": 0, "ts": "2026-10-04 15:54:22"}
[DBG] {"category": "RAY", "component": "train", "event": "watchdog_armed", "host": "d6b2a058c4be", "pid": 177724, "rank": 0, "stage": "control_should_stop", "timeout_sec": 30.0, "ts": "2026-10-04 15:54:22"}
[DBG] {"category": "RAY", "component": "train", "elapsed_sec": 0.003706, "event": "END:control_should_stop", "host": "d6b2a058c4be", "pid": 177724, "rank": 0, "ts": "2026-10-04 15:54:22"}
[DBG] {"category": "TRAIN", "component": "train", "event": "BEGIN:broadcast_stop_flag", "host": "d6b2a058c4be", "pid": 177724, "rank": 0, "transport": "gloo_cpu", "ts": "2026-10-04 15:54:22", "value": false}
[DBG] {"category": "TRAIN", "component": "train", "event": "watchdog_armed", "host": "d6b2a058c4be", "pid": 177724, "rank": 0, "stage": "broadcast_stop_flag", "timeout_sec": 30.0, "ts": "2026-10-04 15:54:22"}
[DBG] {"category": "TRAIN", "component": "train", "elapsed_sec": 0.002599, "event": "END:broadcast_stop_flag", "host": "d6b2a058c4be", "pid": 177724, "rank": 0, "ts": "2026-10-04 15:54:22"}
[DBG] {"category": "QUEUE", "component": "train", "event": "BEGIN:preference_size_before_pop", "host": "d6b2a058c4be", "pid": 177724, "rank": 0, "ts": "2026-10-04 15:54:22"}
[DBG] {"category": "QUEUE", "component": "train", "event": "watchdog_armed", "host": "d6b2a058c4be", "pid": 177724, "rank": 0, "stage": "preference_size_before_pop", "timeout_sec": 30.0, "ts": "2026-10-04 15:54:22"}
[DBG] {"category": "QUEUE", "component": "train", "elapsed_sec": 0.005873, "event": "END:preference_size_before_pop", "host": "d6b2a058c4be", "pid": 177724, "rank": 0, "ts": "2026-10-04 15:54:22"}
[DBG] {"category": "QUEUE", "component": "train", "event": "trainer_queue_state", "host": "d6b2a058c4be", "pending": 0, "pid": 177724, "policy_version": 0, "rank": 0, "required": 4, "ts": "2026-10-04 15:54:22"}
[DBG] {"category": "QUEUE", "component": "train", "current_version": 0, "event": "BEGIN:preference_pop", "host": "d6b2a058c4be", "pid": 177724, "rank": 0, "requested": 4, "ts": "2026-10-04 15:54:22"}
[DBG] {"category": "QUEUE", "component": "train", "event": "watchdog_armed", "host": "d6b2a058c4be", "pid": 177724, "rank": 0, "stage": "preference_pop", "timeout_sec": 30.0, "ts": "2026-10-04 15:54:22"}
[DBG] {"category": "QUEUE", "component": "train", "elapsed_sec": 0.006761, "event": "END:preference_pop", "host": "d6b2a058c4be", "pid": 177724, "rank": 0, "ts": "2026-10-04 15:54:22"}
[DBG] {"category": "TRAIN", "component": "train", "event": "BEGIN:broadcast_preference_payload", "has_payload": false, "host": "d6b2a058c4be", "pid": 177724, "rank": 0, "transport": "json_uint8_gloo", "ts": "2026-10-04 15:54:22"}
[DBG] {"category": "TRAIN", "component": "train", "event": "watchdog_armed", "host": "d6b2a058c4be", "pid": 177724, "rank": 0, "stage": "broadcast_preference_payload", "timeout_sec": 30.0, "ts": "2026-10-04 15:54:22"}
[DBG] {"bytes": 0, "category": "TRAIN", "component": "train", "event": "BEGIN:broadcast_preference_length", "host": "d6b2a058c4be", "pid": 177724, "rank": 0, "transport": "gloo_cpu", "ts": "2026-10-04 15:54:22"}
[DBG] {"category": "TRAIN", "component": "train", "event": "watchdog_armed", "host": "d6b2a058c4be", "pid": 177724, "rank": 0, "stage": "broadcast_preference_length", "timeout_sec": 30.0, "ts": "2026-10-04 15:54:22"}
[DBG] {"category": "TRAIN", "component": "train", "elapsed_sec": 0.002389, "event": "END:broadcast_preference_length", "host": "d6b2a058c4be", "pid": 177724, "rank": 0, "ts": "2026-10-04 15:54:22"}
[DBG] {"category": "TRAIN", "component": "train", "event": "watchdog_armed", "host": "d6b2a058c4be", "pid": 177724, "rank": 0, "stage": "broadcast_preference_payload", "timeout_sec": 30.0, "ts": "2026-10-04 15:54:22"}
[DBG] {"category": "TRAIN", "component": "train", "elapsed_sec": 0.003652, "event": "END:broadcast_preference_payload", "host": "d6b2a058c4be", "pid": 177724, "rank": 0, "ts": "2026-10-04 15:54:22"}
[DBG] {"category": "RAY", "component": "train", "event": "BEGIN:control_should_stop", "host": "d6b2a058c4be", "pid": 177724, "rank": 0, "ts": "2026-10-04 15:54:22"}
[DBG] {"category": "RAY", "component": "train", "event": "watchdog_armed", "host": "d6b2a058c4be", "pid": 177724, "rank": 0, "stage": "control_should_stop", "timeout_sec": 30.0, "ts": "2026-10-04 15:54:23"}
[DBG] {"category": "RAY", "component": "train", "elapsed_sec": 0.004156, "event": "END:control_should_stop", "host": "d6b2a058c4be", "pid": 177724, "rank": 0, "ts": "2026-10-04 15:54:23"}
[DBG] {"category": "TRAIN", "component": "train", "event": "BEGIN:broadcast_stop_flag", "host": "d6b2a058c4be", "pid": 177724, "rank": 0, "transport": "gloo_cpu", "ts": "2026-10-04 15:54:23", "value": false}
[DBG] {"category": "TRAIN", "component": "train", "event": "watchdog_armed", "host": "d6b2a058c4be", "pid": 177724, "rank": 0, "stage": "broadcast_stop_flag", "timeout_sec": 30.0, "ts": "2026-10-04 15:54:23"}
[DBG] {"category": "TRAIN", "component": "train", "elapsed_sec": 0.00259, "event": "END:broadcast_stop_flag", "host": "d6b2a058c4be", "pid": 177724, "rank": 0, "ts": "2026-10-04 15:54:23"}
[DBG] {"category": "QUEUE", "component": "train", "event": "BEGIN:preference_size_before_pop", "host": "d6b2a058c4be", "pid": 177724, "rank": 0, "ts": "2026-10-04 15:54:23"}
[DBG] {"category": "QUEUE", "component": "train", "event": "watchdog_armed", "host": "d6b2a058c4be", "pid": 177724, "rank": 0, "stage": "preference_size_before_pop", "timeout_sec": 30.0, "ts": "2026-10-04 15:54:23"}
[DBG] {"category": "QUEUE", "component": "train", "elapsed_sec": 0.005221, "event": "END:preference_size_before_pop", "host": "d6b2a058c4be", "pid": 177724, "rank": 0, "ts": "2026-10-04 15:54:23"}
[DBG] {"category": "QUEUE", "component": "train", "event": "trainer_queue_state", "host": "d6b2a058c4be", "pending": 0, "pid": 177724, "policy_version": 0, "rank": 0, "required": 4, "ts": "2026-10-04 15:54:23"}
[DBG] {"category": "QUEUE", "component": "train", "current_version": 0, "event": "BEGIN:preference_pop", "host": "d6b2a058c4be", "pid": 177724, "rank": 0, "requested": 4, "ts": "2026-10-04 15:54:23"}
[DBG] {"category": "QUEUE", "component": "train", "event": "watchdog_armed", "host": "d6b2a058c4be", "pid": 177724, "rank": 0, "stage": "preference_pop", "timeout_sec": 30.0, "ts": "2026-10-04 15:54:23"}
[DBG] {"category": "QUEUE", "component": "train", "elapsed_sec": 0.006358, "event": "END:preference_pop", "host": "d6b2a058c4be", "pid": 177724, "rank": 0, "ts": "2026-10-04 15:54:23"}
[DBG] {"category": "TRAIN", "component": "train", "event": "BEGIN:broadcast_preference_payload", "has_payload": false, "host": "d6b2a058c4be", "pid": 177724, "rank": 0, "transport": "json_uint8_gloo", "ts": "2026-10-04 15:54:23"}
[DBG] {"category": "TRAIN", "component": "train", "event": "watchdog_armed", "host": "d6b2a058c4be", "pid": 177724, "rank": 0, "stage": "broadcast_preference_payload", "timeout_sec": 30.0, "ts": "2026-10-04 15:54:23"}
[DBG] {"bytes": 0, "category": "TRAIN", "component": "train", "event": "BEGIN:broadcast_preference_length", "host": "d6b2a058c4be", "pid": 177724, "rank": 0, "transport": "gloo_cpu", "ts": "2026-10-04 15:54:23"}
[DBG] {"category": "TRAIN", "component": "train", "event": "watchdog_armed", "host": "d6b2a058c4be", "pid": 177724, "rank": 0, "stage": "broadcast_preference_length", "timeout_sec": 30.0, "ts": "2026-10-04 15:54:23"}
[DBG] {"category": "TRAIN", "component": "train", "elapsed_sec": 0.002385, "event": "END:broadcast_preference_length", "host": "d6b2a058c4be", "pid": 177724, "rank": 0, "ts": "2026-10-04 15:54:23"}
[DBG] {"category": "TRAIN", "component": "train", "event": "watchdog_armed", "host": "d6b2a058c4be", "pid": 177724, "rank": 0, "stage": "broadcast_preference_payload", "timeout_sec": 30.0, "ts": "2026-10-04 15:54:23"}
[DBG] {"category": "TRAIN", "component": "train", "elapsed_sec": 0.003687, "event": "END:broadcast_preference_payload", "host": "d6b2a058c4be", "pid": 177724, "rank": 0, "ts": "2026-10-04 15:54:23"}
[DBG] {"category": "RAY", "component": "train", "event": "BEGIN:control_should_stop", "host": "d6b2a058c4be", "pid": 177724, "rank": 0, "ts": "2026-10-04 15:54:23"}
[DBG] {"category": "RAY", "component": "train", "event": "watchdog_armed", "host": "d6b2a058c4be", "pid": 177724, "rank": 0, "stage": "control_should_stop", "timeout_sec": 30.0, "ts": "2026-10-04 15:54:23"}
[DBG] {"category": "RAY", "component": "train", "elapsed_sec": 0.003711, "event": "END:control_should_stop", "host": "d6b2a058c4be", "pid": 177724, "rank": 0, "ts": "2026-10-04 15:54:23"}
[DBG] {"category": "TRAIN", "component": "train", "event": "BEGIN:broadcast_stop_flag", "host": "d6b2a058c4be", "pid": 177724, "rank": 0, "transport": "gloo_cpu", "ts": "2026-10-04 15:54:23", "value": false}
[DBG] {"category": "TRAIN", "component": "train", "event": "watchdog_armed", "host": "d6b2a058c4be", "pid": 177724, "rank": 0, "stage": "broadcast_stop_flag", "timeout_sec": 30.0, "ts": "2026-10-04 15:54:23"}
[DBG] {"category": "TRAIN", "component": "train", "elapsed_sec": 0.002431, "event": "END:broadcast_stop_flag", "host": "d6b2a058c4be", "pid": 177724, "rank": 0, "ts": "2026-10-04 15:54:23"}
[DBG] {"category": "QUEUE", "component": "train", "event": "BEGIN:preference_size_before_pop", "host": "d6b2a058c4be", "pid": 177724, "rank": 0, "ts": "2026-10-04 15:54:23"}
[DBG] {"category": "QUEUE", "component": "train", "event": "watchdog_armed", "host": "d6b2a058c4be", "pid": 177724, "rank": 0, "stage": "preference_size_before_pop", "timeout_sec": 30.0, "ts": "2026-10-04 15:54:23"}
[DBG] {"category": "QUEUE", "component": "train", "elapsed_sec": 0.006256, "event": "END:preference_size_before_pop", "host": "d6b2a058c4be", "pid": 177724, "rank": 0, "ts": "2026-10-04 15:54:23"}
[DBG] {"category": "QUEUE", "component": "train", "event": "trainer_queue_state", "host": "d6b2a058c4be", "pending": 0, "pid": 177724, "policy_version": 0, "rank": 0, "required": 4, "ts": "2026-10-04 15:54:23"}
[DBG] {"category": "QUEUE", "component": "train", "current_version": 0, "event": "BEGIN:preference_pop", "host": "d6b2a058c4be", "pid": 177724, "rank": 0, "requested": 4, "ts": "2026-10-04 15:54:23"}
[DBG] {"category": "QUEUE", "component": "train", "event": "watchdog_armed", "host": "d6b2a058c4be", "pid": 177724, "rank": 0, "stage": "preference_pop", "timeout_sec": 30.0, "ts": "2026-10-04 15:54:23"}
[DBG] {"category": "QUEUE", "component": "train", "elapsed_sec": 0.007819, "event": "END:preference_pop", "host": "d6b2a058c4be", "pid": 177724, "rank": 0, "ts": "2026-10-04 15:54:23"}
[DBG] {"category": "TRAIN", "component": "train", "event": "BEGIN:broadcast_preference_payload", "has_payload": false, "host": "d6b2a058c4be", "pid": 177724, "rank": 0, "transport": "json_uint8_gloo", "ts": "2026-10-04 15:54:23"}
[DBG] {"category": "TRAIN", "component": "train", "event": "watchdog_armed", "host": "d6b2a058c4be", "pid": 177724, "rank": 0, "stage": "broadcast_preference_payload", "timeout_sec": 30.0, "ts": "2026-10-04 15:54:23"}
[DBG] {"bytes": 0, "category": "TRAIN", "component": "train", "event": "BEGIN:broadcast_preference_length", "host": "d6b2a058c4be", "pid": 177724, "rank": 0, "transport": "gloo_cpu", "ts": "2026-10-04 15:54:23"}
[DBG] {"category": "TRAIN", "component": "train", "event": "watchdog_armed", "host": "d6b2a058c4be", "pid": 177724, "rank": 0, "stage": "broadcast_preference_length", "timeout_sec": 30.0, "ts": "2026-10-04 15:54:23"}
[DBG] {"category": "TRAIN", "component": "train", "elapsed_sec": 0.002038, "event": "END:broadcast_preference_length", "host": "d6b2a058c4be", "pid": 177724, "rank": 0, "ts": "2026-10-04 15:54:23"}
[DBG] {"category": "TRAIN", "component": "train", "event": "watchdog_armed", "host": "d6b2a058c4be", "pid": 177724, "rank": 0, "stage": "broadcast_preference_payload", "timeout_sec": 30.0, "ts": "2026-10-04 15:54:23"}
[DBG] {"category": "TRAIN", "component": "train", "elapsed_sec": 0.003124, "event": "END:broadcast_preference_payload", "host": "d6b2a058c4be", "pid": 177724, "rank": 0, "ts": "2026-10-04 15:54:23"}
[DBG] {"category": "RAY", "component": "train", "event": "BEGIN:control_should_stop", "host": "d6b2a058c4be", "pid": 177724, "rank": 0, "ts": "2026-10-04 15:54:24"}
[DBG] {"category": "RAY", "component": "train", "event": "watchdog_armed", "host": "d6b2a058c4be", "pid": 177724, "rank": 0, "stage": "control_should_stop", "timeout_sec": 30.0, "ts": "2026-10-04 15:54:24"}
[DBG] {"category": "RAY", "component": "train", "elapsed_sec": 0.003573, "event": "END:control_should_stop", "host": "d6b2a058c4be", "pid": 177724, "rank": 0, "ts": "2026-10-04 15:54:24"}
[DBG] {"category": "TRAIN", "component": "train", "event": "BEGIN:broadcast_stop_flag", "host": "d6b2a058c4be", "pid": 177724, "rank": 0, "transport": "gloo_cpu", "ts": "2026-10-04 15:54:24", "value": false}
[DBG] {"category": "TRAIN", "component": "train", "event": "watchdog_armed", "host": "d6b2a058c4be", "pid": 177724, "rank": 0, "stage": "broadcast_stop_flag", "timeout_sec": 30.0, "ts": "2026-10-04 15:54:24"}
[DBG] {"category": "TRAIN", "component": "train", "elapsed_sec": 0.003792, "event": "END:broadcast_stop_flag", "host": "d6b2a058c4be", "pid": 177724, "rank": 0, "ts": "2026-10-04 15:54:24"}
[DBG] {"category": "QUEUE", "component": "train", "event": "BEGIN:preference_size_before_pop", "host": "d6b2a058c4be", "pid": 177724, "rank": 0, "ts": "2026-10-04 15:54:24"}
[DBG] {"category": "QUEUE", "component": "train", "event": "watchdog_armed", "host": "d6b2a058c4be", "pid": 177724, "rank": 0, "stage": "preference_size_before_pop", "timeout_sec": 30.0, "ts": "2026-10-04 15:54:24"}
[DBG] {"category": "QUEUE", "component": "train", "elapsed_sec": 0.006485, "event": "END:preference_size_before_pop", "host": "d6b2a058c4be", "pid": 177724, "rank": 0, "ts": "2026-10-04 15:54:24"}
[DBG] {"category": "QUEUE", "component": "train", "event": "trainer_queue_state", "host": "d6b2a058c4be", "pending": 0, "pid": 177724, "policy_version": 0, "rank": 0, "required": 4, "ts": "2026-10-04 15:54:24"}
[DBG] {"category": "QUEUE", "component": "train", "current_version": 0, "event": "BEGIN:preference_pop", "host": "d6b2a058c4be", "pid": 177724, "rank": 0, "requested": 4, "ts": "2026-10-04 15:54:24"}
[DBG] {"category": "QUEUE", "component": "train", "event": "watchdog_armed", "host": "d6b2a058c4be", "pid": 177724, "rank": 0, "stage": "preference_pop", "timeout_sec": 30.0, "ts": "2026-10-04 15:54:24"}
[DBG] {"category": "QUEUE", "component": "train", "elapsed_sec": 0.010322, "event": "END:preference_pop", "host": "d6b2a058c4be", "pid": 177724, "rank": 0, "ts": "2026-10-04 15:54:24"}
[DBG] {"category": "TRAIN", "component": "train", "event": "BEGIN:broadcast_preference_payload", "has_payload": false, "host": "d6b2a058c4be", "pid": 177724, "rank": 0, "transport": "json_uint8_gloo", "ts": "2026-10-04 15:54:24"}
[DBG] {"category": "TRAIN", "component": "train", "event": "watchdog_armed", "host": "d6b2a058c4be", "pid": 177724, "rank": 0, "stage": "broadcast_preference_payload", "timeout_sec": 30.0, "ts": "2026-10-04 15:54:24"}
[DBG] {"bytes": 0, "category": "TRAIN", "component": "train", "event": "BEGIN:broadcast_preference_length", "host": "d6b2a058c4be", "pid": 177724, "rank": 0, "transport": "gloo_cpu", "ts": "2026-10-04 15:54:24"}
[DBG] {"category": "TRAIN", "component": "train", "event": "watchdog_armed", "host": "d6b2a058c4be", "pid": 177724, "rank": 0, "stage": "broadcast_preference_length", "timeout_sec": 30.0, "ts": "2026-10-04 15:54:24"}
[DBG] {"category": "TRAIN", "component": "train", "elapsed_sec": 0.003236, "event": "END:broadcast_preference_length", "host": "d6b2a058c4be", "pid": 177724, "rank": 0, "ts": "2026-10-04 15:54:24"}
[DBG] {"category": "TRAIN", "component": "train", "event": "watchdog_armed", "host": "d6b2a058c4be", "pid": 177724, "rank": 0, "stage": "broadcast_preference_payload", "timeout_sec": 30.0, "ts": "2026-10-04 15:54:24"}
[DBG] {"category": "TRAIN", "component": "train", "elapsed_sec": 0.004626, "event": "END:broadcast_preference_payload", "host": "d6b2a058c4be", "pid": 177724, "rank": 0, "ts": "2026-10-04 15:54:24"}
[DBG] {"category": "RAY", "component": "train", "event": "BEGIN:control_should_stop", "host": "d6b2a058c4be", "pid": 177724, "rank": 0, "ts": "2026-10-04 15:54:24"}
[DBG] {"category": "RAY", "component": "train", "event": "watchdog_armed", "host": "d6b2a058c4be", "pid": 177724, "rank": 0, "stage": "control_should_stop", "timeout_sec": 30.0, "ts": "2026-10-04 15:54:24"}
[DBG] {"category": "RAY", "component": "train", "elapsed_sec": 0.00429, "event": "END:control_should_stop", "host": "d6b2a058c4be", "pid": 177724, "rank": 0, "ts": "2026-10-04 15:54:24"}
[DBG] {"category": "TRAIN", "component": "train", "event": "BEGIN:broadcast_stop_flag", "host": "d6b2a058c4be", "pid": 177724, "rank": 0, "transport": "gloo_cpu", "ts": "2026-10-04 15:54:24", "value": false}
[DBG] {"category": "TRAIN", "component": "train", "event": "watchdog_armed", "host": "d6b2a058c4be", "pid": 177724, "rank": 0, "stage": "broadcast_stop_flag", "timeout_sec": 30.0, "ts": "2026-10-04 15:54:24"}
[DBG] {"category": "TRAIN", "component": "train", "elapsed_sec": 0.003277, "event": "END:broadcast_stop_flag", "host": "d6b2a058c4be", "pid": 177724, "rank": 0, "ts": "2026-10-04 15:54:24"}
[DBG] {"category": "QUEUE", "component": "train", "event": "BEGIN:preference_size_before_pop", "host": "d6b2a058c4be", "pid": 177724, "rank": 0, "ts": "2026-10-04 15:54:24"}
[DBG] {"category": "QUEUE", "component": "train", "event": "watchdog_armed", "host": "d6b2a058c4be", "pid": 177724, "rank": 0, "stage": "preference_size_before_pop", "timeout_sec": 30.0, "ts": "2026-10-04 15:54:24"}
[DBG] {"category": "QUEUE", "component": "train", "elapsed_sec": 0.006036, "event": "END:preference_size_before_pop", "host": "d6b2a058c4be", "pid": 177724, "rank": 0, "ts": "2026-10-04 15:54:24"}
[DBG] {"category": "QUEUE", "component": "train", "event": "trainer_queue_state", "host": "d6b2a058c4be", "pending": 0, "pid": 177724, "policy_version": 0, "rank": 0, "required": 4, "ts": "2026-10-04 15:54:24"}
[DBG] {"category": "QUEUE", "component": "train", "current_version": 0, "event": "BEGIN:preference_pop", "host": "d6b2a058c4be", "pid": 177724, "rank": 0, "requested": 4, "ts": "2026-10-04 15:54:24"}
[DBG] {"category": "QUEUE", "component": "train", "event": "watchdog_armed", "host": "d6b2a058c4be", "pid": 177724, "rank": 0, "stage": "preference_pop", "timeout_sec": 30.0, "ts": "2026-10-04 15:54:24"}
[DBG] {"category": "QUEUE", "component": "train", "elapsed_sec": 0.007235, "event": "END:preference_pop", "host": "d6b2a058c4be", "pid": 177724, "rank": 0, "ts": "2026-10-04 15:54:24"}
[DBG] {"category": "TRAIN", "component": "train", "event": "BEGIN:broadcast_preference_payload", "has_payload": false, "host": "d6b2a058c4be", "pid": 177724, "rank": 0, "transport": "json_uint8_gloo", "ts": "2026-10-04 15:54:24"}
[DBG] {"category": "TRAIN", "component": "train", "event": "watchdog_armed", "host": "d6b2a058c4be", "pid": 177724, "rank": 0, "stage": "broadcast_preference_payload", "timeout_sec": 30.0, "ts": "2026-10-04 15:54:24"}
[DBG] {"bytes": 0, "category": "TRAIN", "component": "train", "event": "BEGIN:broadcast_preference_length", "host": "d6b2a058c4be", "pid": 177724, "rank": 0, "transport": "gloo_cpu", "ts": "2026-10-04 15:54:24"}
[DBG] {"category": "TRAIN", "component": "train", "event": "watchdog_armed", "host": "d6b2a058c4be", "pid": 177724, "rank": 0, "stage": "broadcast_preference_length", "timeout_sec": 30.0, "ts": "2026-10-04 15:54:24"}
[DBG] {"category": "TRAIN", "component": "train", "elapsed_sec": 0.003068, "event": "END:broadcast_preference_length", "host": "d6b2a058c4be", "pid": 177724, "rank": 0, "ts": "2026-10-04 15:54:24"}
[DBG] {"category": "TRAIN", "component": "train", "event": "watchdog_armed", "host": "d6b2a058c4be", "pid": 177724, "rank": 0, "stage": "broadcast_preference_payload", "timeout_sec": 30.0, "ts": "2026-10-04 15:54:24"}
[DBG] {"category": "TRAIN", "component": "train", "elapsed_sec": 0.004434, "event": "END:broadcast_preference_payload", "host": "d6b2a058c4be", "pid": 177724, "rank": 0, "ts": "2026-10-04 15:54:24"}
[DBG] {"category": "RAY", "component": "train", "event": "BEGIN:control_should_stop", "host": "d6b2a058c4be", "pid": 177724, "rank": 0, "ts": "2026-10-04 15:54:25"}
[DBG] {"category": "RAY", "component": "train", "event": "watchdog_armed", "host": "d6b2a058c4be", "pid": 177724, "rank": 0, "stage": "control_should_stop", "timeout_sec": 30.0, "ts": "2026-10-04 15:54:25"}
[DBG] {"category": "RAY", "component": "train", "elapsed_sec": 0.002978, "event": "END:control_should_stop", "host": "d6b2a058c4be", "pid": 177724, "rank": 0, "ts": "2026-10-04 15:54:25"}
[DBG] {"category": "TRAIN", "component": "train", "event": "BEGIN:broadcast_stop_flag", "host": "d6b2a058c4be", "pid": 177724, "rank": 0, "transport": "gloo_cpu", "ts": "2026-10-04 15:54:25", "value": false}
[DBG] {"category": "TRAIN", "component": "train", "event": "watchdog_armed", "host": "d6b2a058c4be", "pid": 177724, "rank": 0, "stage": "broadcast_stop_flag", "timeout_sec": 30.0, "ts": "2026-10-04 15:54:25"}
[DBG] {"category": "TRAIN", "component": "train", "elapsed_sec": 0.002855, "event": "END:broadcast_stop_flag", "host": "d6b2a058c4be", "pid": 177724, "rank": 0, "ts": "2026-10-04 15:54:25"}
[DBG] {"category": "QUEUE", "component": "train", "event": "BEGIN:preference_size_before_pop", "host": "d6b2a058c4be", "pid": 177724, "rank": 0, "ts": "2026-10-04 15:54:25"}
[DBG] {"category": "QUEUE", "component": "train", "event": "watchdog_armed", "host": "d6b2a058c4be", "pid": 177724, "rank": 0, "stage": "preference_size_before_pop", "timeout_sec": 30.0, "ts": "2026-10-04 15:54:25"}
[DBG] {"category": "QUEUE", "component": "train", "elapsed_sec": 0.005176, "event": "END:preference_size_before_pop", "host": "d6b2a058c4be", "pid": 177724, "rank": 0, "ts": "2026-10-04 15:54:25"}
[DBG] {"category": "QUEUE", "component": "train", "event": "trainer_queue_state", "host": "d6b2a058c4be", "pending": 0, "pid": 177724, "policy_version": 0, "rank": 0, "required": 4, "ts": "2026-10-04 15:54:25"}
[DBG] {"category": "QUEUE", "component": "train", "current_version": 0, "event": "BEGIN:preference_pop", "host": "d6b2a058c4be", "pid": 177724, "rank": 0, "requested": 4, "ts": "2026-10-04 15:54:25"}
[DBG] {"category": "QUEUE", "component": "train", "event": "watchdog_armed", "host": "d6b2a058c4be", "pid": 177724, "rank": 0, "stage": "preference_pop", "timeout_sec": 30.0, "ts": "2026-10-04 15:54:25"}
[DBG] {"category": "QUEUE", "component": "train", "elapsed_sec": 0.007161, "event": "END:preference_pop", "host": "d6b2a058c4be", "pid": 177724, "rank": 0, "ts": "2026-10-04 15:54:25"}
[DBG] {"category": "TRAIN", "component": "train", "event": "BEGIN:broadcast_preference_payload", "has_payload": false, "host": "d6b2a058c4be", "pid": 177724, "rank": 0, "transport": "json_uint8_gloo", "ts": "2026-10-04 15:54:25"}
[DBG] {"category": "TRAIN", "component": "train", "event": "watchdog_armed", "host": "d6b2a058c4be", "pid": 177724, "rank": 0, "stage": "broadcast_preference_payload", "timeout_sec": 30.0, "ts": "2026-10-04 15:54:25"}
[DBG] {"bytes": 0, "category": "TRAIN", "component": "train", "event": "BEGIN:broadcast_preference_length", "host": "d6b2a058c4be", "pid": 177724, "rank": 0, "transport": "gloo_cpu", "ts": "2026-10-04 15:54:25"}
[DBG] {"category": "TRAIN", "component": "train", "event": "watchdog_armed", "host": "d6b2a058c4be", "pid": 177724, "rank": 0, "stage": "broadcast_preference_length", "timeout_sec": 30.0, "ts": "2026-10-04 15:54:25"}
[DBG] {"category": "TRAIN", "component": "train", "elapsed_sec": 0.002984, "event": "END:broadcast_preference_length", "host": "d6b2a058c4be", "pid": 177724, "rank": 0, "ts": "2026-10-04 15:54:25"}
[DBG] {"category": "TRAIN", "component": "train", "event": "watchdog_armed", "host": "d6b2a058c4be", "pid": 177724, "rank": 0, "stage": "broadcast_preference_payload", "timeout_sec": 30.0, "ts": "2026-10-04 15:54:25"}
[DBG] {"category": "TRAIN", "component": "train", "elapsed_sec": 0.004354, "event": "END:broadcast_preference_payload", "host": "d6b2a058c4be", "pid": 177724, "rank": 0, "ts": "2026-10-04 15:54:25"}
[DBG] {"category": "RAY", "component": "train", "event": "BEGIN:control_should_stop", "host": "d6b2a058c4be", "pid": 177724, "rank": 0, "ts": "2026-10-04 15:54:25"}
[DBG] {"category": "RAY", "component": "train", "event": "watchdog_armed", "host": "d6b2a058c4be", "pid": 177724, "rank": 0, "stage": "control_should_stop", "timeout_sec": 30.0, "ts": "2026-10-04 15:54:25"}
[DBG] {"category": "RAY", "component": "train", "elapsed_sec": 0.005682, "event": "END:control_should_stop", "host": "d6b2a058c4be", "pid": 177724, "rank": 0, "ts": "2026-10-04 15:54:25"}
[DBG] {"category": "TRAIN", "component": "train", "event": "BEGIN:broadcast_stop_flag", "host": "d6b2a058c4be", "pid": 177724, "rank": 0, "transport": "gloo_cpu", "ts": "2026-10-04 15:54:25", "value": false}
[DBG] {"category": "TRAIN", "component": "train", "event": "watchdog_armed", "host": "d6b2a058c4be", "pid": 177724, "rank": 0, "stage": "broadcast_stop_flag", "timeout_sec": 30.0, "ts": "2026-10-04 15:54:25"}
[DBG] {"category": "TRAIN", "component": "train", "elapsed_sec": 0.003369, "event": "END:broadcast_stop_flag", "host": "d6b2a058c4be", "pid": 177724, "rank": 0, "ts": "2026-10-04 15:54:25"}
[DBG] {"category": "QUEUE", "component": "train", "event": "BEGIN:preference_size_before_pop", "host": "d6b2a058c4be", "pid": 177724, "rank": 0, "ts": "2026-10-04 15:54:25"}
[DBG] {"category": "QUEUE", "component": "train", "event": "watchdog_armed", "host": "d6b2a058c4be", "pid": 177724, "rank": 0, "stage": "preference_size_before_pop", "timeout_sec": 30.0, "ts": "2026-10-04 15:54:25"}
[DBG] {"category": "QUEUE", "component": "train", "elapsed_sec": 0.00604, "event": "END:preference_size_before_pop", "host": "d6b2a058c4be", "pid": 177724, "rank": 0, "ts": "2026-10-04 15:54:25"}
[DBG] {"category": "QUEUE", "component": "train", "event": "trainer_queue_state", "host": "d6b2a058c4be", "pending": 0, "pid": 177724, "policy_version": 0, "rank": 0, "required": 4, "ts": "2026-10-04 15:54:25"}
[DBG] {"category": "QUEUE", "component": "train", "current_version": 0, "event": "BEGIN:preference_pop", "host": "d6b2a058c4be", "pid": 177724, "rank": 0, "requested": 4, "ts": "2026-10-04 15:54:25"}
[DBG] {"category": "QUEUE", "component": "train", "event": "watchdog_armed", "host": "d6b2a058c4be", "pid": 177724, "rank": 0, "stage": "preference_pop", "timeout_sec": 30.0, "ts": "2026-10-04 15:54:25"}
[DBG] {"category": "QUEUE", "component": "train", "elapsed_sec": 0.007618, "event": "END:preference_pop", "host": "d6b2a058c4be", "pid": 177724, "rank": 0, "ts": "2026-10-04 15:54:25"}
[DBG] {"category": "TRAIN", "component": "train", "event": "BEGIN:broadcast_preference_payload", "has_payload": false, "host": "d6b2a058c4be", "pid": 177724, "rank": 0, "transport": "json_uint8_gloo", "ts": "2026-10-04 15:54:25"}
[DBG] {"category": "TRAIN", "component": "train", "event": "watchdog_armed", "host": "d6b2a058c4be", "pid": 177724, "rank": 0, "stage": "broadcast_preference_payload", "timeout_sec": 30.0, "ts": "2026-10-04 15:54:25"}
[DBG] {"bytes": 0, "category": "TRAIN", "component": "train", "event": "BEGIN:broadcast_preference_length", "host": "d6b2a058c4be", "pid": 177724, "rank": 0, "transport": "gloo_cpu", "ts": "2026-10-04 15:54:25"}
[DBG] {"category": "TRAIN", "component": "train", "event": "watchdog_armed", "host": "d6b2a058c4be", "pid": 177724, "rank": 0, "stage": "broadcast_preference_length", "timeout_sec": 30.0, "ts": "2026-10-04 15:54:25"}
[DBG] {"category": "TRAIN", "component": "train", "elapsed_sec": 0.003024, "event": "END:broadcast_preference_length", "host": "d6b2a058c4be", "pid": 177724, "rank": 0, "ts": "2026-10-04 15:54:25"}
[DBG] {"category": "TRAIN", "component": "train", "event": "watchdog_armed", "host": "d6b2a058c4be", "pid": 177724, "rank": 0, "stage": "broadcast_preference_payload", "timeout_sec": 30.0, "ts": "2026-10-04 15:54:25"}
[DBG] {"category": "TRAIN", "component": "train", "elapsed_sec": 0.004378, "event": "END:broadcast_preference_payload", "host": "d6b2a058c4be", "pid": 177724, "rank": 0, "ts": "2026-10-04 15:54:25"}
[DBG] {"category": "RAY", "component": "train", "event": "BEGIN:control_should_stop", "host": "d6b2a058c4be", "pid": 177724, "rank": 0, "ts": "2026-10-04 15:54:26"}
[DBG] {"category": "RAY", "component": "train", "event": "watchdog_armed", "host": "d6b2a058c4be", "pid": 177724, "rank": 0, "stage": "control_should_stop", "timeout_sec": 30.0, "ts": "2026-10-04 15:54:26"}
[DBG] {"category": "RAY", "component": "train", "elapsed_sec": 0.002044, "event": "END:control_should_stop", "host": "d6b2a058c4be", "pid": 177724, "rank": 0, "ts": "2026-10-04 15:54:26"}
[DBG] {"category": "TRAIN", "component": "train", "event": "BEGIN:broadcast_stop_flag", "host": "d6b2a058c4be", "pid": 177724, "rank": 0, "transport": "gloo_cpu", "ts": "2026-10-04 15:54:26", "value": false}
[DBG] {"category": "TRAIN", "component": "train", "event": "watchdog_armed", "host": "d6b2a058c4be", "pid": 177724, "rank": 0, "stage": "broadcast_stop_flag", "timeout_sec": 30.0, "ts": "2026-10-04 15:54:26"}
[DBG] {"category": "TRAIN", "component": "train", "elapsed_sec": 0.002362, "event": "END:broadcast_stop_flag", "host": "d6b2a058c4be", "pid": 177724, "rank": 0, "ts": "2026-10-04 15:54:26"}
[DBG] {"category": "QUEUE", "component": "train", "event": "BEGIN:preference_size_before_pop", "host": "d6b2a058c4be", "pid": 177724, "rank": 0, "ts": "2026-10-04 15:54:26"}
[DBG] {"category": "QUEUE", "component": "train", "event": "watchdog_armed", "host": "d6b2a058c4be", "pid": 177724, "rank": 0, "stage": "preference_size_before_pop", "timeout_sec": 30.0, "ts": "2026-10-04 15:54:26"}
[DBG] {"category": "QUEUE", "component": "train", "elapsed_sec": 0.003664, "event": "END:preference_size_before_pop", "host": "d6b2a058c4be", "pid": 177724, "rank": 0, "ts": "2026-10-04 15:54:26"}
[DBG] {"category": "QUEUE", "component": "train", "event": "trainer_queue_state", "host": "d6b2a058c4be", "pending": 0, "pid": 177724, "policy_version": 0, "rank": 0, "required": 4, "ts": "2026-10-04 15:54:26"}
[DBG] {"category": "QUEUE", "component": "train", "current_version": 0, "event": "BEGIN:preference_pop", "host": "d6b2a058c4be", "pid": 177724, "rank": 0, "requested": 4, "ts": "2026-10-04 15:54:26"}
[DBG] {"category": "QUEUE", "component": "train", "event": "watchdog_armed", "host": "d6b2a058c4be", "pid": 177724, "rank": 0, "stage": "preference_pop", "timeout_sec": 30.0, "ts": "2026-10-04 15:54:26"}
[DBG] {"category": "QUEUE", "component": "train", "elapsed_sec": 0.004627, "event": "END:preference_pop", "host": "d6b2a058c4be", "pid": 177724, "rank": 0, "ts": "2026-10-04 15:54:26"}
[DBG] {"category": "TRAIN", "component": "train", "event": "BEGIN:broadcast_preference_payload", "has_payload": false, "host": "d6b2a058c4be", "pid": 177724, "rank": 0, "transport": "json_uint8_gloo", "ts": "2026-10-04 15:54:26"}
[DBG] {"category": "TRAIN", "component": "train", "event": "watchdog_armed", "host": "d6b2a058c4be", "pid": 177724, "rank": 0, "stage": "broadcast_preference_payload", "timeout_sec": 30.0, "ts": "2026-10-04 15:54:26"}
[DBG] {"bytes": 0, "category": "TRAIN", "component": "train", "event": "BEGIN:broadcast_preference_length", "host": "d6b2a058c4be", "pid": 177724, "rank": 0, "transport": "gloo_cpu", "ts": "2026-10-04 15:54:26"}
[DBG] {"category": "TRAIN", "component": "train", "event": "watchdog_armed", "host": "d6b2a058c4be", "pid": 177724, "rank": 0, "stage": "broadcast_preference_length", "timeout_sec": 30.0, "ts": "2026-10-04 15:54:26"}
[DBG] {"category": "TRAIN", "component": "train", "elapsed_sec": 0.002686, "event": "END:broadcast_preference_length", "host": "d6b2a058c4be", "pid": 177724, "rank": 0, "ts": "2026-10-04 15:54:26"}
[DBG] {"category": "TRAIN", "component": "train", "event": "watchdog_armed", "host": "d6b2a058c4be", "pid": 177724, "rank": 0, "stage": "broadcast_preference_payload", "timeout_sec": 30.0, "ts": "2026-10-04 15:54:26"}
[DBG] {"category": "TRAIN", "component": "train", "elapsed_sec": 0.003445, "event": "END:broadcast_preference_payload", "host": "d6b2a058c4be", "pid": 177724, "rank": 0, "ts": "2026-10-04 15:54:26"}
[DBG] {"category": "RAY", "component": "train", "event": "BEGIN:control_should_stop", "host": "d6b2a058c4be", "pid": 177724, "rank": 0, "ts": "2026-10-04 15:54:26"}
[DBG] {"category": "RAY", "component": "train", "event": "watchdog_armed", "host": "d6b2a058c4be", "pid": 177724, "rank": 0, "stage": "control_should_stop", "timeout_sec": 30.0, "ts": "2026-10-04 15:54:26"}
[DBG] {"category": "RAY", "component": "train", "elapsed_sec": 0.003338, "event": "END:control_should_stop", "host": "d6b2a058c4be", "pid": 177724, "rank": 0, "ts": "2026-10-04 15:54:26"}
[DBG] {"category": "TRAIN", "component": "train", "event": "BEGIN:broadcast_stop_flag", "host": "d6b2a058c4be", "pid": 177724, "rank": 0, "transport": "gloo_cpu", "ts": "2026-10-04 15:54:26", "value": false}
[DBG] {"category": "TRAIN", "component": "train", "event": "watchdog_armed", "host": "d6b2a058c4be", "pid": 177724, "rank": 0, "stage": "broadcast_stop_flag", "timeout_sec": 30.0, "ts": "2026-10-04 15:54:26"}
[DBG] {"category": "TRAIN", "component": "train", "elapsed_sec": 0.003514, "event": "END:broadcast_stop_flag", "host": "d6b2a058c4be", "pid": 177724, "rank": 0, "ts": "2026-10-04 15:54:26"}
[DBG] {"category": "QUEUE", "component": "train", "event": "BEGIN:preference_size_before_pop", "host": "d6b2a058c4be", "pid": 177724, "rank": 0, "ts": "2026-10-04 15:54:26"}
[DBG] {"category": "QUEUE", "component": "train", "event": "watchdog_armed", "host": "d6b2a058c4be", "pid": 177724, "rank": 0, "stage": "preference_size_before_pop", "timeout_sec": 30.0, "ts": "2026-10-04 15:54:26"}
[DBG] {"category": "QUEUE", "component": "train", "elapsed_sec": 0.005592, "event": "END:preference_size_before_pop", "host": "d6b2a058c4be", "pid": 177724, "rank": 0, "ts": "2026-10-04 15:54:26"}
[DBG] {"category": "QUEUE", "component": "train", "event": "trainer_queue_state", "host": "d6b2a058c4be", "pending": 0, "pid": 177724, "policy_version": 0, "rank": 0, "required": 4, "ts": "2026-10-04 15:54:26"}
[DBG] {"category": "QUEUE", "component": "train", "current_version": 0, "event": "BEGIN:preference_pop", "host": "d6b2a058c4be", "pid": 177724, "rank": 0, "requested": 4, "ts": "2026-10-04 15:54:26"}
[DBG] {"category": "QUEUE", "component": "train", "event": "watchdog_armed", "host": "d6b2a058c4be", "pid": 177724, "rank": 0, "stage": "preference_pop", "timeout_sec": 30.0, "ts": "2026-10-04 15:54:26"}
[DBG] {"category": "QUEUE", "component": "train", "elapsed_sec": 0.00678, "event": "END:preference_pop", "host": "d6b2a058c4be", "pid": 177724, "rank": 0, "ts": "2026-10-04 15:54:26"}
[DBG] {"category": "TRAIN", "component": "train", "event": "BEGIN:broadcast_preference_payload", "has_payload": false, "host": "d6b2a058c4be", "pid": 177724, "rank": 0, "transport": "json_uint8_gloo", "ts": "2026-10-04 15:54:26"}
[DBG] {"category": "TRAIN", "component": "train", "event": "watchdog_armed", "host": "d6b2a058c4be", "pid": 177724, "rank": 0, "stage": "broadcast_preference_payload", "timeout_sec": 30.0, "ts": "2026-10-04 15:54:26"}
[DBG] {"bytes": 0, "category": "TRAIN", "component": "train", "event": "BEGIN:broadcast_preference_length", "host": "d6b2a058c4be", "pid": 177724, "rank": 0, "transport": "gloo_cpu", "ts": "2026-10-04 15:54:26"}
[DBG] {"category": "TRAIN", "component": "train", "event": "watchdog_armed", "host": "d6b2a058c4be", "pid": 177724, "rank": 0, "stage": "broadcast_preference_length", "timeout_sec": 30.0, "ts": "2026-10-04 15:54:26"}
[DBG] {"category": "TRAIN", "component": "train", "elapsed_sec": 0.00316, "event": "END:broadcast_preference_length", "host": "d6b2a058c4be", "pid": 177724, "rank": 0, "ts": "2026-10-04 15:54:26"}
[DBG] {"category": "TRAIN", "component": "train", "event": "watchdog_armed", "host": "d6b2a058c4be", "pid": 177724, "rank": 0, "stage": "broadcast_preference_payload", "timeout_sec": 30.0, "ts": "2026-10-04 15:54:26"}
[DBG] {"category": "TRAIN", "component": "train", "elapsed_sec": 0.004077, "event": "END:broadcast_preference_payload", "host": "d6b2a058c4be", "pid": 177724, "rank": 0, "ts": "2026-10-04 15:54:26"}
[DBG] {"category": "RAY", "component": "train", "event": "BEGIN:control_should_stop", "host": "d6b2a058c4be", "pid": 177724, "rank": 0, "ts": "2026-10-04 15:54:27"}
[DBG] {"category": "RAY", "component": "train", "event": "watchdog_armed", "host": "d6b2a058c4be", "pid": 177724, "rank": 0, "stage": "control_should_stop", "timeout_sec": 30.0, "ts": "2026-10-04 15:54:27"}
[DBG] {"category": "RAY", "component": "train", "elapsed_sec": 0.003664, "event": "END:control_should_stop", "host": "d6b2a058c4be", "pid": 177724, "rank": 0, "ts": "2026-10-04 15:54:27"}
[DBG] {"category": "TRAIN", "component": "train", "event": "BEGIN:broadcast_stop_flag", "host": "d6b2a058c4be", "pid": 177724, "rank": 0, "transport": "gloo_cpu", "ts": "2026-10-04 15:54:27", "value": false}
[DBG] {"category": "TRAIN", "component": "train", "event": "watchdog_armed", "host": "d6b2a058c4be", "pid": 177724, "rank": 0, "stage": "broadcast_stop_flag", "timeout_sec": 30.0, "ts": "2026-10-04 15:54:27"}
[DBG] {"category": "TRAIN", "component": "train", "elapsed_sec": 0.00361, "event": "END:broadcast_stop_flag", "host": "d6b2a058c4be", "pid": 177724, "rank": 0, "ts": "2026-10-04 15:54:27"}
[DBG] {"category": "QUEUE", "component": "train", "event": "BEGIN:preference_size_before_pop", "host": "d6b2a058c4be", "pid": 177724, "rank": 0, "ts": "2026-10-04 15:54:27"}
[DBG] {"category": "QUEUE", "component": "train", "event": "watchdog_armed", "host": "d6b2a058c4be", "pid": 177724, "rank": 0, "stage": "preference_size_before_pop", "timeout_sec": 30.0, "ts": "2026-10-04 15:54:27"}
[DBG] {"category": "QUEUE", "component": "train", "elapsed_sec": 0.015713, "event": "END:preference_size_before_pop", "host": "d6b2a058c4be", "pid": 177724, "rank": 0, "ts": "2026-10-04 15:54:27"}
[DBG] {"category": "QUEUE", "component": "train", "event": "trainer_queue_state", "host": "d6b2a058c4be", "pending": 0, "pid": 177724, "policy_version": 0, "rank": 0, "required": 4, "ts": "2026-10-04 15:54:27"}
[DBG] {"category": "QUEUE", "component": "train", "current_version": 0, "event": "BEGIN:preference_pop", "host": "d6b2a058c4be", "pid": 177724, "rank": 0, "requested": 4, "ts": "2026-10-04 15:54:27"}
[DBG] {"category": "QUEUE", "component": "train", "event": "watchdog_armed", "host": "d6b2a058c4be", "pid": 177724, "rank": 0, "stage": "preference_pop", "timeout_sec": 30.0, "ts": "2026-10-04 15:54:27"}
[DBG] {"category": "QUEUE", "component": "train", "elapsed_sec": 0.006293, "event": "END:preference_pop", "host": "d6b2a058c4be", "pid": 177724, "rank": 0, "ts": "2026-10-04 15:54:27"}
[DBG] {"category": "TRAIN", "component": "train", "event": "BEGIN:broadcast_preference_payload", "has_payload": false, "host": "d6b2a058c4be", "pid": 177724, "rank": 0, "transport": "json_uint8_gloo", "ts": "2026-10-04 15:54:27"}
[DBG] {"category": "TRAIN", "component": "train", "event": "watchdog_armed", "host": "d6b2a058c4be", "pid": 177724, "rank": 0, "stage": "broadcast_preference_payload", "timeout_sec": 30.0, "ts": "2026-10-04 15:54:27"}
[DBG] {"bytes": 0, "category": "TRAIN", "component": "train", "event": "BEGIN:broadcast_preference_length", "host": "d6b2a058c4be", "pid": 177724, "rank": 0, "transport": "gloo_cpu", "ts": "2026-10-04 15:54:27"}
[DBG] {"category": "TRAIN", "component": "train", "event": "watchdog_armed", "host": "d6b2a058c4be", "pid": 177724, "rank": 0, "stage": "broadcast_preference_length", "timeout_sec": 30.0, "ts": "2026-10-04 15:54:27"}
[DBG] {"category": "TRAIN", "component": "train", "elapsed_sec": 0.003045, "event": "END:broadcast_preference_length", "host": "d6b2a058c4be", "pid": 177724, "rank": 0, "ts": "2026-10-04 15:54:27"}
[DBG] {"category": "TRAIN", "component": "train", "event": "watchdog_armed", "host": "d6b2a058c4be", "pid": 177724, "rank": 0, "stage": "broadcast_preference_payload", "timeout_sec": 30.0, "ts": "2026-10-04 15:54:27"}
[DBG] {"category": "TRAIN", "component": "train", "elapsed_sec": 0.004503, "event": "END:broadcast_preference_payload", "host": "d6b2a058c4be", "pid": 177724, "rank": 0, "ts": "2026-10-04 15:54:27"}
[DBG] {"category": "RAY", "component": "train", "event": "BEGIN:control_should_stop", "host": "d6b2a058c4be", "pid": 177724, "rank": 0, "ts": "2026-10-04 15:54:27"}
[DBG] {"category": "RAY", "component": "train", "event": "watchdog_armed", "host": "d6b2a058c4be", "pid": 177724, "rank": 0, "stage": "control_should_stop", "timeout_sec": 30.0, "ts": "2026-10-04 15:54:27"}
[DBG] {"category": "RAY", "component": "train", "elapsed_sec": 0.002843, "event": "END:control_should_stop", "host": "d6b2a058c4be", "pid": 177724, "rank": 0, "ts": "2026-10-04 15:54:27"}
[DBG] {"category": "TRAIN", "component": "train", "event": "BEGIN:broadcast_stop_flag", "host": "d6b2a058c4be", "pid": 177724, "rank": 0, "transport": "gloo_cpu", "ts": "2026-10-04 15:54:27", "value": false}
[DBG] {"category": "TRAIN", "component": "train", "event": "watchdog_armed", "host": "d6b2a058c4be", "pid": 177724, "rank": 0, "stage": "broadcast_stop_flag", "timeout_sec": 30.0, "ts": "2026-10-04 15:54:27"}
[DBG] {"category": "TRAIN", "component": "train", "elapsed_sec": 0.002333, "event": "END:broadcast_stop_flag", "host": "d6b2a058c4be", "pid": 177724, "rank": 0, "ts": "2026-10-04 15:54:27"}
[DBG] {"category": "QUEUE", "component": "train", "event": "BEGIN:preference_size_before_pop", "host": "d6b2a058c4be", "pid": 177724, "rank": 0, "ts": "2026-10-04 15:54:27"}
[DBG] {"category": "QUEUE", "component": "train", "event": "watchdog_armed", "host": "d6b2a058c4be", "pid": 177724, "rank": 0, "stage": "preference_size_before_pop", "timeout_sec": 30.0, "ts": "2026-10-04 15:54:27"}
[DBG] {"category": "QUEUE", "component": "train", "elapsed_sec": 0.004792, "event": "END:preference_size_before_pop", "host": "d6b2a058c4be", "pid": 177724, "rank": 0, "ts": "2026-10-04 15:54:27"}
[DBG] {"category": "QUEUE", "component": "train", "event": "trainer_queue_state", "host": "d6b2a058c4be", "pending": 0, "pid": 177724, "policy_version": 0, "rank": 0, "required": 4, "ts": "2026-10-04 15:54:27"}
[DBG] {"category": "QUEUE", "component": "train", "current_version": 0, "event": "BEGIN:preference_pop", "host": "d6b2a058c4be", "pid": 177724, "rank": 0, "requested": 4, "ts": "2026-10-04 15:54:27"}
[DBG] {"category": "QUEUE", "component": "train", "event": "watchdog_armed", "host": "d6b2a058c4be", "pid": 177724, "rank": 0, "stage": "preference_pop", "timeout_sec": 30.0, "ts": "2026-10-04 15:54:27"}
[DBG] {"category": "QUEUE", "component": "train", "elapsed_sec": 0.006386, "event": "END:preference_pop", "host": "d6b2a058c4be", "pid": 177724, "rank": 0, "ts": "2026-10-04 15:54:27"}
[DBG] {"category": "TRAIN", "component": "train", "empty_polls": 20, "event": "waiting_for_preference_batch", "host": "d6b2a058c4be", "pending": 0, "pid": 177724, "rank": 0, "required": 4, "ts": "2026-10-04 15:54:27"}
[DBG] {"category": "TRAIN", "component": "train", "event": "BEGIN:broadcast_preference_payload", "has_payload": false, "host": "d6b2a058c4be", "pid": 177724, "rank": 0, "transport": "json_uint8_gloo", "ts": "2026-10-04 15:54:27"}
[DBG] {"category": "TRAIN", "component": "train", "event": "watchdog_armed", "host": "d6b2a058c4be", "pid": 177724, "rank": 0, "stage": "broadcast_preference_payload", "timeout_sec": 30.0, "ts": "2026-10-04 15:54:27"}
[DBG] {"bytes": 0, "category": "TRAIN", "component": "train", "event": "BEGIN:broadcast_preference_length", "host": "d6b2a058c4be", "pid": 177724, "rank": 0, "transport": "gloo_cpu", "ts": "2026-10-04 15:54:27"}
[DBG] {"category": "TRAIN", "component": "train", "event": "watchdog_armed", "host": "d6b2a058c4be", "pid": 177724, "rank": 0, "stage": "broadcast_preference_length", "timeout_sec": 30.0, "ts": "2026-10-04 15:54:27"}
[DBG] {"category": "TRAIN", "component": "train", "elapsed_sec": 0.002103, "event": "END:broadcast_preference_length", "host": "d6b2a058c4be", "pid": 177724, "rank": 0, "ts": "2026-10-04 15:54:27"}
[DBG] {"category": "TRAIN", "component": "train", "event": "watchdog_armed", "host": "d6b2a058c4be", "pid": 177724, "rank": 0, "stage": "broadcast_preference_payload", "timeout_sec": 30.0, "ts": "2026-10-04 15:54:27"}
[DBG] {"category": "TRAIN", "component": "train", "elapsed_sec": 0.00321, "event": "END:broadcast_preference_payload", "host": "d6b2a058c4be", "pid": 177724, "rank": 0, "ts": "2026-10-04 15:54:27"}
[DBG] {"category": "RAY", "component": "train", "event": "BEGIN:control_should_stop", "host": "d6b2a058c4be", "pid": 177724, "rank": 0, "ts": "2026-10-04 15:54:28"}
[DBG] {"category": "RAY", "component": "train", "event": "watchdog_armed", "host": "d6b2a058c4be", "pid": 177724, "rank": 0, "stage": "control_should_stop", "timeout_sec": 30.0, "ts": "2026-10-04 15:54:28"}
[DBG] {"category": "RAY", "component": "train", "elapsed_sec": 0.003851, "event": "END:control_should_stop", "host": "d6b2a058c4be", "pid": 177724, "rank": 0, "ts": "2026-10-04 15:54:28"}
[DBG] {"category": "TRAIN", "component": "train", "event": "BEGIN:broadcast_stop_flag", "host": "d6b2a058c4be", "pid": 177724, "rank": 0, "transport": "gloo_cpu", "ts": "2026-10-04 15:54:28", "value": false}
[DBG] {"category": "TRAIN", "component": "train", "event": "watchdog_armed", "host": "d6b2a058c4be", "pid": 177724, "rank": 0, "stage": "broadcast_stop_flag", "timeout_sec": 30.0, "ts": "2026-10-04 15:54:28"}
[DBG] {"category": "TRAIN", "component": "train", "elapsed_sec": 0.002981, "event": "END:broadcast_stop_flag", "host": "d6b2a058c4be", "pid": 177724, "rank": 0, "ts": "2026-10-04 15:54:28"}
[DBG] {"category": "QUEUE", "component": "train", "event": "BEGIN:preference_size_before_pop", "host": "d6b2a058c4be", "pid": 177724, "rank": 0, "ts": "2026-10-04 15:54:28"}
[DBG] {"category": "QUEUE", "component": "train", "event": "watchdog_armed", "host": "d6b2a058c4be", "pid": 177724, "rank": 0, "stage": "preference_size_before_pop", "timeout_sec": 30.0, "ts": "2026-10-04 15:54:28"}
[DBG] {"category": "QUEUE", "component": "train", "elapsed_sec": 0.005772, "event": "END:preference_size_before_pop", "host": "d6b2a058c4be", "pid": 177724, "rank": 0, "ts": "2026-10-04 15:54:28"}
[DBG] {"category": "QUEUE", "component": "train", "event": "trainer_queue_state", "host": "d6b2a058c4be", "pending": 0, "pid": 177724, "policy_version": 0, "rank": 0, "required": 4, "ts": "2026-10-04 15:54:28"}
[DBG] {"category": "QUEUE", "component": "train", "current_version": 0, "event": "BEGIN:preference_pop", "host": "d6b2a058c4be", "pid": 177724, "rank": 0, "requested": 4, "ts": "2026-10-04 15:54:28"}
[DBG] {"category": "QUEUE", "component": "train", "event": "watchdog_armed", "host": "d6b2a058c4be", "pid": 177724, "rank": 0, "stage": "preference_pop", "timeout_sec": 30.0, "ts": "2026-10-04 15:54:28"}
[DBG] {"category": "QUEUE", "component": "train", "elapsed_sec": 0.007213, "event": "END:preference_pop", "host": "d6b2a058c4be", "pid": 177724, "rank": 0, "ts": "2026-10-04 15:54:28"}
[DBG] {"category": "TRAIN", "component": "train", "event": "BEGIN:broadcast_preference_payload", "has_payload": false, "host": "d6b2a058c4be", "pid": 177724, "rank": 0, "transport": "json_uint8_gloo", "ts": "2026-10-04 15:54:28"}
[DBG] {"category": "TRAIN", "component": "train", "event": "watchdog_armed", "host": "d6b2a058c4be", "pid": 177724, "rank": 0, "stage": "broadcast_preference_payload", "timeout_sec": 30.0, "ts": "2026-10-04 15:54:28"}
[DBG] {"bytes": 0, "category": "TRAIN", "component": "train", "event": "BEGIN:broadcast_preference_length", "host": "d6b2a058c4be", "pid": 177724, "rank": 0, "transport": "gloo_cpu", "ts": "2026-10-04 15:54:28"}
[DBG] {"category": "TRAIN", "component": "train", "event": "watchdog_armed", "host": "d6b2a058c4be", "pid": 177724, "rank": 0, "stage": "broadcast_preference_length", "timeout_sec": 30.0, "ts": "2026-10-04 15:54:28"}
[DBG] {"category": "TRAIN", "component": "train", "elapsed_sec": 0.002396, "event": "END:broadcast_preference_length", "host": "d6b2a058c4be", "pid": 177724, "rank": 0, "ts": "2026-10-04 15:54:28"}
[DBG] {"category": "TRAIN", "component": "train", "event": "watchdog_armed", "host": "d6b2a058c4be", "pid": 177724, "rank": 0, "stage": "broadcast_preference_payload", "timeout_sec": 30.0, "ts": "2026-10-04 15:54:28"}
[DBG] {"category": "TRAIN", "component": "train", "elapsed_sec": 0.003512, "event": "END:broadcast_preference_payload", "host": "d6b2a058c4be", "pid": 177724, "rank": 0, "ts": "2026-10-04 15:54:28"}
[DBG] {"category": "RAY", "component": "train", "event": "BEGIN:control_should_stop", "host": "d6b2a058c4be", "pid": 177724, "rank": 0, "ts": "2026-10-04 15:54:28"}
[DBG] {"category": "RAY", "component": "train", "event": "watchdog_armed", "host": "d6b2a058c4be", "pid": 177724, "rank": 0, "stage": "control_should_stop", "timeout_sec": 30.0, "ts": "2026-10-04 15:54:28"}
[DBG] {"category": "RAY", "component": "train", "elapsed_sec": 0.00389, "event": "END:control_should_stop", "host": "d6b2a058c4be", "pid": 177724, "rank": 0, "ts": "2026-10-04 15:54:28"}
[DBG] {"category": "TRAIN", "component": "train", "event": "BEGIN:broadcast_stop_flag", "host": "d6b2a058c4be", "pid": 177724, "rank": 0, "transport": "gloo_cpu", "ts": "2026-10-04 15:54:28", "value": false}
[DBG] {"category": "TRAIN", "component": "train", "event": "watchdog_armed", "host": "d6b2a058c4be", "pid": 177724, "rank": 0, "stage": "broadcast_stop_flag", "timeout_sec": 30.0, "ts": "2026-10-04 15:54:28"}
[DBG] {"category": "TRAIN", "component": "train", "elapsed_sec": 0.003258, "event": "END:broadcast_stop_flag", "host": "d6b2a058c4be", "pid": 177724, "rank": 0, "ts": "2026-10-04 15:54:28"}
[DBG] {"category": "QUEUE", "component": "train", "event": "BEGIN:preference_size_before_pop", "host": "d6b2a058c4be", "pid": 177724, "rank": 0, "ts": "2026-10-04 15:54:28"}
[DBG] {"category": "QUEUE", "component": "train", "event": "watchdog_armed", "host": "d6b2a058c4be", "pid": 177724, "rank": 0, "stage": "preference_size_before_pop", "timeout_sec": 30.0, "ts": "2026-10-04 15:54:28"}
[DBG] {"category": "QUEUE", "component": "train", "elapsed_sec": 0.005954, "event": "END:preference_size_before_pop", "host": "d6b2a058c4be", "pid": 177724, "rank": 0, "ts": "2026-10-04 15:54:28"}
[DBG] {"category": "QUEUE", "component": "train", "event": "trainer_queue_state", "host": "d6b2a058c4be", "pending": 0, "pid": 177724, "policy_version": 0, "rank": 0, "required": 4, "ts": "2026-10-04 15:54:28"}
[DBG] {"category": "QUEUE", "component": "train", "current_version": 0, "event": "BEGIN:preference_pop", "host": "d6b2a058c4be", "pid": 177724, "rank": 0, "requested": 4, "ts": "2026-10-04 15:54:28"}
[DBG] {"category": "QUEUE", "component": "train", "event": "watchdog_armed", "host": "d6b2a058c4be", "pid": 177724, "rank": 0, "stage": "preference_pop", "timeout_sec": 30.0, "ts": "2026-10-04 15:54:28"}
[DBG] {"category": "QUEUE", "component": "train", "elapsed_sec": 0.007363, "event": "END:preference_pop", "host": "d6b2a058c4be", "pid": 177724, "rank": 0, "ts": "2026-10-04 15:54:28"}
[DBG] {"category": "TRAIN", "component": "train", "event": "BEGIN:broadcast_preference_payload", "has_payload": false, "host": "d6b2a058c4be", "pid": 177724, "rank": 0, "transport": "json_uint8_gloo", "ts": "2026-10-04 15:54:28"}
[DBG] {"category": "TRAIN", "component": "train", "event": "watchdog_armed", "host": "d6b2a058c4be", "pid": 177724, "rank": 0, "stage": "broadcast_preference_payload", "timeout_sec": 30.0, "ts": "2026-10-04 15:54:28"}
[DBG] {"bytes": 0, "category": "TRAIN", "component": "train", "event": "BEGIN:broadcast_preference_length", "host": "d6b2a058c4be", "pid": 177724, "rank": 0, "transport": "gloo_cpu", "ts": "2026-10-04 15:54:28"}
[DBG] {"category": "TRAIN", "component": "train", "event": "watchdog_armed", "host": "d6b2a058c4be", "pid": 177724, "rank": 0, "stage": "broadcast_preference_length", "timeout_sec": 30.0, "ts": "2026-10-04 15:54:28"}
[DBG] {"category": "TRAIN", "component": "train", "elapsed_sec": 0.002436, "event": "END:broadcast_preference_length", "host": "d6b2a058c4be", "pid": 177724, "rank": 0, "ts": "2026-10-04 15:54:28"}
[DBG] {"category": "TRAIN", "component": "train", "event": "watchdog_armed", "host": "d6b2a058c4be", "pid": 177724, "rank": 0, "stage": "broadcast_preference_payload", "timeout_sec": 30.0, "ts": "2026-10-04 15:54:28"}
[DBG] {"category": "TRAIN", "component": "train", "elapsed_sec": 0.003571, "event": "END:broadcast_preference_payload", "host": "d6b2a058c4be", "pid": 177724, "rank": 0, "ts": "2026-10-04 15:54:28"}
[DBG] {"category": "RAY", "component": "train", "event": "BEGIN:control_should_stop", "host": "d6b2a058c4be", "pid": 177724, "rank": 0, "ts": "2026-10-04 15:54:29"}
[DBG] {"category": "RAY", "component": "train", "event": "watchdog_armed", "host": "d6b2a058c4be", "pid": 177724, "rank": 0, "stage": "control_should_stop", "timeout_sec": 30.0, "ts": "2026-10-04 15:54:29"}
[DBG] {"category": "RAY", "component": "train", "elapsed_sec": 0.00402, "event": "END:control_should_stop", "host": "d6b2a058c4be", "pid": 177724, "rank": 0, "ts": "2026-10-04 15:54:29"}
[DBG] {"category": "TRAIN", "component": "train", "event": "BEGIN:broadcast_stop_flag", "host": "d6b2a058c4be", "pid": 177724, "rank": 0, "transport": "gloo_cpu", "ts": "2026-10-04 15:54:29", "value": false}
[DBG] {"category": "TRAIN", "component": "train", "event": "watchdog_armed", "host": "d6b2a058c4be", "pid": 177724, "rank": 0, "stage": "broadcast_stop_flag", "timeout_sec": 30.0, "ts": "2026-10-04 15:54:29"}
[DBG] {"category": "TRAIN", "component": "train", "elapsed_sec": 0.003264, "event": "END:broadcast_stop_flag", "host": "d6b2a058c4be", "pid": 177724, "rank": 0, "ts": "2026-10-04 15:54:29"}
[DBG] {"category": "QUEUE", "component": "train", "event": "BEGIN:preference_size_before_pop", "host": "d6b2a058c4be", "pid": 177724, "rank": 0, "ts": "2026-10-04 15:54:29"}
[DBG] {"category": "QUEUE", "component": "train", "event": "watchdog_armed", "host": "d6b2a058c4be", "pid": 177724, "rank": 0, "stage": "preference_size_before_pop", "timeout_sec": 30.0, "ts": "2026-10-04 15:54:29"}
[DBG] {"category": "QUEUE", "component": "train", "elapsed_sec": 0.005559, "event": "END:preference_size_before_pop", "host": "d6b2a058c4be", "pid": 177724, "rank": 0, "ts": "2026-10-04 15:54:29"}
[DBG] {"category": "QUEUE", "component": "train", "event": "trainer_queue_state", "host": "d6b2a058c4be", "pending": 0, "pid": 177724, "policy_version": 0, "rank": 0, "required": 4, "ts": "2026-10-04 15:54:29"}
[DBG] {"category": "QUEUE", "component": "train", "current_version": 0, "event": "BEGIN:preference_pop", "host": "d6b2a058c4be", "pid": 177724, "rank": 0, "requested": 4, "ts": "2026-10-04 15:54:29"}
[DBG] {"category": "QUEUE", "component": "train", "event": "watchdog_armed", "host": "d6b2a058c4be", "pid": 177724, "rank": 0, "stage": "preference_pop", "timeout_sec": 30.0, "ts": "2026-10-04 15:54:29"}
[DBG] {"category": "QUEUE", "component": "train", "elapsed_sec": 0.007688, "event": "END:preference_pop", "host": "d6b2a058c4be", "pid": 177724, "rank": 0, "ts": "2026-10-04 15:54:29"}
[DBG] {"category": "TRAIN", "component": "train", "event": "BEGIN:broadcast_preference_payload", "has_payload": false, "host": "d6b2a058c4be", "pid": 177724, "rank": 0, "transport": "json_uint8_gloo", "ts": "2026-10-04 15:54:29"}
[DBG] {"category": "TRAIN", "component": "train", "event": "watchdog_armed", "host": "d6b2a058c4be", "pid": 177724, "rank": 0, "stage": "broadcast_preference_payload", "timeout_sec": 30.0, "ts": "2026-10-04 15:54:29"}
[DBG] {"bytes": 0, "category": "TRAIN", "component": "train", "event": "BEGIN:broadcast_preference_length", "host": "d6b2a058c4be", "pid": 177724, "rank": 0, "transport": "gloo_cpu", "ts": "2026-10-04 15:54:29"}
[DBG] {"category": "TRAIN", "component": "train", "event": "watchdog_armed", "host": "d6b2a058c4be", "pid": 177724, "rank": 0, "stage": "broadcast_preference_length", "timeout_sec": 30.0, "ts": "2026-10-04 15:54:29"}
[DBG] {"category": "TRAIN", "component": "train", "elapsed_sec": 0.002864, "event": "END:broadcast_preference_length", "host": "d6b2a058c4be", "pid": 177724, "rank": 0, "ts": "2026-10-04 15:54:29"}
[DBG] {"category": "TRAIN", "component": "train", "event": "watchdog_armed", "host": "d6b2a058c4be", "pid": 177724, "rank": 0, "stage": "broadcast_preference_payload", "timeout_sec": 30.0, "ts": "2026-10-04 15:54:29"}
[DBG] {"category": "TRAIN", "component": "train", "elapsed_sec": 0.005428, "event": "END:broadcast_preference_payload", "host": "d6b2a058c4be", "pid": 177724, "rank": 0, "ts": "2026-10-04 15:54:29"}
[DBG] {"category": "RAY", "component": "train", "event": "BEGIN:control_should_stop", "host": "d6b2a058c4be", "pid": 177724, "rank": 0, "ts": "2026-10-04 15:54:29"}
[DBG] {"category": "RAY", "component": "train", "event": "watchdog_armed", "host": "d6b2a058c4be", "pid": 177724, "rank": 0, "stage": "control_should_stop", "timeout_sec": 30.0, "ts": "2026-10-04 15:54:29"}
[DBG] {"category": "RAY", "component": "train", "elapsed_sec": 0.003909, "event": "END:control_should_stop", "host": "d6b2a058c4be", "pid": 177724, "rank": 0, "ts": "2026-10-04 15:54:29"}
[DBG] {"category": "TRAIN", "component": "train", "event": "BEGIN:broadcast_stop_flag", "host": "d6b2a058c4be", "pid": 177724, "rank": 0, "transport": "gloo_cpu", "ts": "2026-10-04 15:54:29", "value": false}
[DBG] {"category": "TRAIN", "component": "train", "event": "watchdog_armed", "host": "d6b2a058c4be", "pid": 177724, "rank": 0, "stage": "broadcast_stop_flag", "timeout_sec": 30.0, "ts": "2026-10-04 15:54:29"}
[DBG] {"category": "TRAIN", "component": "train", "elapsed_sec": 0.003169, "event": "END:broadcast_stop_flag", "host": "d6b2a058c4be", "pid": 177724, "rank": 0, "ts": "2026-10-04 15:54:29"}
[DBG] {"category": "QUEUE", "component": "train", "event": "BEGIN:preference_size_before_pop", "host": "d6b2a058c4be", "pid": 177724, "rank": 0, "ts": "2026-10-04 15:54:29"}
[DBG] {"category": "QUEUE", "component": "train", "event": "watchdog_armed", "host": "d6b2a058c4be", "pid": 177724, "rank": 0, "stage": "preference_size_before_pop", "timeout_sec": 30.0, "ts": "2026-10-04 15:54:29"}
[DBG] {"category": "QUEUE", "component": "train", "elapsed_sec": 0.006095, "event": "END:preference_size_before_pop", "host": "d6b2a058c4be", "pid": 177724, "rank": 0, "ts": "2026-10-04 15:54:29"}
[DBG] {"category": "QUEUE", "component": "train", "event": "trainer_queue_state", "host": "d6b2a058c4be", "pending": 0, "pid": 177724, "policy_version": 0, "rank": 0, "required": 4, "ts": "2026-10-04 15:54:29"}
[DBG] {"category": "QUEUE", "component": "train", "current_version": 0, "event": "BEGIN:preference_pop", "host": "d6b2a058c4be", "pid": 177724, "rank": 0, "requested": 4, "ts": "2026-10-04 15:54:29"}
[DBG] {"category": "QUEUE", "component": "train", "event": "watchdog_armed", "host": "d6b2a058c4be", "pid": 177724, "rank": 0, "stage": "preference_pop", "timeout_sec": 30.0, "ts": "2026-10-04 15:54:29"}
[DBG] {"category": "QUEUE", "component": "train", "elapsed_sec": 0.007213, "event": "END:preference_pop", "host": "d6b2a058c4be", "pid": 177724, "rank": 0, "ts": "2026-10-04 15:54:29"}
[DBG] {"category": "TRAIN", "component": "train", "event": "BEGIN:broadcast_preference_payload", "has_payload": false, "host": "d6b2a058c4be", "pid": 177724, "rank": 0, "transport": "json_uint8_gloo", "ts": "2026-10-04 15:54:29"}
[DBG] {"category": "TRAIN", "component": "train", "event": "watchdog_armed", "host": "d6b2a058c4be", "pid": 177724, "rank": 0, "stage": "broadcast_preference_payload", "timeout_sec": 30.0, "ts": "2026-10-04 15:54:29"}
[DBG] {"bytes": 0, "category": "TRAIN", "component": "train", "event": "BEGIN:broadcast_preference_length", "host": "d6b2a058c4be", "pid": 177724, "rank": 0, "transport": "gloo_cpu", "ts": "2026-10-04 15:54:29"}
[DBG] {"category": "TRAIN", "component": "train", "event": "watchdog_armed", "host": "d6b2a058c4be", "pid": 177724, "rank": 0, "stage": "broadcast_preference_length", "timeout_sec": 30.0, "ts": "2026-10-04 15:54:29"}
[DBG] {"category": "TRAIN", "component": "train", "elapsed_sec": 0.002637, "event": "END:broadcast_preference_length", "host": "d6b2a058c4be", "pid": 177724, "rank": 0, "ts": "2026-10-04 15:54:29"}
[DBG] {"category": "TRAIN", "component": "train", "event": "watchdog_armed", "host": "d6b2a058c4be", "pid": 177724, "rank": 0, "stage": "broadcast_preference_payload", "timeout_sec": 30.0, "ts": "2026-10-04 15:54:29"}
[DBG] {"category": "TRAIN", "component": "train", "elapsed_sec": 0.003769, "event": "END:broadcast_preference_payload", "host": "d6b2a058c4be", "pid": 177724, "rank": 0, "ts": "2026-10-04 15:54:29"}
[DBG] {"category": "RAY", "component": "train", "event": "BEGIN:control_should_stop", "host": "d6b2a058c4be", "pid": 177724, "rank": 0, "ts": "2026-10-04 15:54:30"}
[DBG] {"category": "RAY", "component": "train", "event": "watchdog_armed", "host": "d6b2a058c4be", "pid": 177724, "rank": 0, "stage": "control_should_stop", "timeout_sec": 30.0, "ts": "2026-10-04 15:54:30"}
[DBG] {"category": "RAY", "component": "train", "elapsed_sec": 0.003312, "event": "END:control_should_stop", "host": "d6b2a058c4be", "pid": 177724, "rank": 0, "ts": "2026-10-04 15:54:30"}
[DBG] {"category": "TRAIN", "component": "train", "event": "BEGIN:broadcast_stop_flag", "host": "d6b2a058c4be", "pid": 177724, "rank": 0, "transport": "gloo_cpu", "ts": "2026-10-04 15:54:30", "value": false}
[DBG] {"category": "TRAIN", "component": "train", "event": "watchdog_armed", "host": "d6b2a058c4be", "pid": 177724, "rank": 0, "stage": "broadcast_stop_flag", "timeout_sec": 30.0, "ts": "2026-10-04 15:54:30"}
[DBG] {"category": "TRAIN", "component": "train", "elapsed_sec": 0.003259, "event": "END:broadcast_stop_flag", "host": "d6b2a058c4be", "pid": 177724, "rank": 0, "ts": "2026-10-04 15:54:30"}
[DBG] {"category": "QUEUE", "component": "train", "event": "BEGIN:preference_size_before_pop", "host": "d6b2a058c4be", "pid": 177724, "rank": 0, "ts": "2026-10-04 15:54:30"}
[DBG] {"category": "QUEUE", "component": "train", "event": "watchdog_armed", "host": "d6b2a058c4be", "pid": 177724, "rank": 0, "stage": "preference_size_before_pop", "timeout_sec": 30.0, "ts": "2026-10-04 15:54:30"}
[DBG] {"category": "QUEUE", "component": "train", "elapsed_sec": 0.005759, "event": "END:preference_size_before_pop", "host": "d6b2a058c4be", "pid": 177724, "rank": 0, "ts": "2026-10-04 15:54:30"}
[DBG] {"category": "QUEUE", "component": "train", "event": "trainer_queue_state", "host": "d6b2a058c4be", "pending": 0, "pid": 177724, "policy_version": 0, "rank": 0, "required": 4, "ts": "2026-10-04 15:54:30"}
[DBG] {"category": "QUEUE", "component": "train", "current_version": 0, "event": "BEGIN:preference_pop", "host": "d6b2a058c4be", "pid": 177724, "rank": 0, "requested": 4, "ts": "2026-10-04 15:54:30"}
[DBG] {"category": "QUEUE", "component": "train", "event": "watchdog_armed", "host": "d6b2a058c4be", "pid": 177724, "rank": 0, "stage": "preference_pop", "timeout_sec": 30.0, "ts": "2026-10-04 15:54:30"}
[DBG] {"category": "QUEUE", "component": "train", "elapsed_sec": 0.007557, "event": "END:preference_pop", "host": "d6b2a058c4be", "pid": 177724, "rank": 0, "ts": "2026-10-04 15:54:30"}
[DBG] {"category": "TRAIN", "component": "train", "event": "BEGIN:broadcast_preference_payload", "has_payload": false, "host": "d6b2a058c4be", "pid": 177724, "rank": 0, "transport": "json_uint8_gloo", "ts": "2026-10-04 15:54:30"}
[DBG] {"category": "TRAIN", "component": "train", "event": "watchdog_armed", "host": "d6b2a058c4be", "pid": 177724, "rank": 0, "stage": "broadcast_preference_payload", "timeout_sec": 30.0, "ts": "2026-10-04 15:54:30"}
[DBG] {"bytes": 0, "category": "TRAIN", "component": "train", "event": "BEGIN:broadcast_preference_length", "host": "d6b2a058c4be", "pid": 177724, "rank": 0, "transport": "gloo_cpu", "ts": "2026-10-04 15:54:30"}
[DBG] {"category": "TRAIN", "component": "train", "event": "watchdog_armed", "host": "d6b2a058c4be", "pid": 177724, "rank": 0, "stage": "broadcast_preference_length", "timeout_sec": 30.0, "ts": "2026-10-04 15:54:30"}
[DBG] {"category": "TRAIN", "component": "train", "elapsed_sec": 0.002512, "event": "END:broadcast_preference_length", "host": "d6b2a058c4be", "pid": 177724, "rank": 0, "ts": "2026-10-04 15:54:30"}
[DBG] {"category": "TRAIN", "component": "train", "event": "watchdog_armed", "host": "d6b2a058c4be", "pid": 177724, "rank": 0, "stage": "broadcast_preference_payload", "timeout_sec": 30.0, "ts": "2026-10-04 15:54:30"}
[DBG] {"category": "TRAIN", "component": "train", "elapsed_sec": 0.003637, "event": "END:broadcast_preference_payload", "host": "d6b2a058c4be", "pid": 177724, "rank": 0, "ts": "2026-10-04 15:54:30"}
[DBG] {"category": "RAY", "component": "train", "event": "BEGIN:control_should_stop", "host": "d6b2a058c4be", "pid": 177724, "rank": 0, "ts": "2026-10-04 15:54:30"}
[DBG] {"category": "RAY", "component": "train", "event": "watchdog_armed", "host": "d6b2a058c4be", "pid": 177724, "rank": 0, "stage": "control_should_stop", "timeout_sec": 30.0, "ts": "2026-10-04 15:54:30"}
[DBG] {"category": "RAY", "component": "train", "elapsed_sec": 0.003972, "event": "END:control_should_stop", "host": "d6b2a058c4be", "pid": 177724, "rank": 0, "ts": "2026-10-04 15:54:30"}
[DBG] {"category": "TRAIN", "component": "train", "event": "BEGIN:broadcast_stop_flag", "host": "d6b2a058c4be", "pid": 177724, "rank": 0, "transport": "gloo_cpu", "ts": "2026-10-04 15:54:30", "value": false}
[DBG] {"category": "TRAIN", "component": "train", "event": "watchdog_armed", "host": "d6b2a058c4be", "pid": 177724, "rank": 0, "stage": "broadcast_stop_flag", "timeout_sec": 30.0, "ts": "2026-10-04 15:54:30"}
[DBG] {"category": "TRAIN", "component": "train", "elapsed_sec": 0.00321, "event": "END:broadcast_stop_flag", "host": "d6b2a058c4be", "pid": 177724, "rank": 0, "ts": "2026-10-04 15:54:30"}
[DBG] {"category": "QUEUE", "component": "train", "event": "BEGIN:preference_size_before_pop", "host": "d6b2a058c4be", "pid": 177724, "rank": 0, "ts": "2026-10-04 15:54:30"}
[DBG] {"category": "QUEUE", "component": "train", "event": "watchdog_armed", "host": "d6b2a058c4be", "pid": 177724, "rank": 0, "stage": "preference_size_before_pop", "timeout_sec": 30.0, "ts": "2026-10-04 15:54:30"}
[DBG] {"category": "QUEUE", "component": "train", "elapsed_sec": 0.005864, "event": "END:preference_size_before_pop", "host": "d6b2a058c4be", "pid": 177724, "rank": 0, "ts": "2026-10-04 15:54:30"}
[DBG] {"category": "QUEUE", "component": "train", "event": "trainer_queue_state", "host": "d6b2a058c4be", "pending": 0, "pid": 177724, "policy_version": 0, "rank": 0, "required": 4, "ts": "2026-10-04 15:54:30"}
[DBG] {"category": "QUEUE", "component": "train", "current_version": 0, "event": "BEGIN:preference_pop", "host": "d6b2a058c4be", "pid": 177724, "rank": 0, "requested": 4, "ts": "2026-10-04 15:54:30"}
[DBG] {"category": "QUEUE", "component": "train", "event": "watchdog_armed", "host": "d6b2a058c4be", "pid": 177724, "rank": 0, "stage": "preference_pop", "timeout_sec": 30.0, "ts": "2026-10-04 15:54:30"}
[DBG] {"category": "QUEUE", "component": "train", "elapsed_sec": 0.007516, "event": "END:preference_pop", "host": "d6b2a058c4be", "pid": 177724, "rank": 0, "ts": "2026-10-04 15:54:30"}
[DBG] {"category": "TRAIN", "component": "train", "event": "BEGIN:broadcast_preference_payload", "has_payload": false, "host": "d6b2a058c4be", "pid": 177724, "rank": 0, "transport": "json_uint8_gloo", "ts": "2026-10-04 15:54:30"}
[DBG] {"category": "TRAIN", "component": "train", "event": "watchdog_armed", "host": "d6b2a058c4be", "pid": 177724, "rank": 0, "stage": "broadcast_preference_payload", "timeout_sec": 30.0, "ts": "2026-10-04 15:54:30"}
[DBG] {"bytes": 0, "category": "TRAIN", "component": "train", "event": "BEGIN:broadcast_preference_length", "host": "d6b2a058c4be", "pid": 177724, "rank": 0, "transport": "gloo_cpu", "ts": "2026-10-04 15:54:30"}
[DBG] {"category": "TRAIN", "component": "train", "event": "watchdog_armed", "host": "d6b2a058c4be", "pid": 177724, "rank": 0, "stage": "broadcast_preference_length", "timeout_sec": 30.0, "ts": "2026-10-04 15:54:30"}
[DBG] {"category": "TRAIN", "component": "train", "elapsed_sec": 0.003025, "event": "END:broadcast_preference_length", "host": "d6b2a058c4be", "pid": 177724, "rank": 0, "ts": "2026-10-04 15:54:30"}
[DBG] {"category": "TRAIN", "component": "train", "event": "watchdog_armed", "host": "d6b2a058c4be", "pid": 177724, "rank": 0, "stage": "broadcast_preference_payload", "timeout_sec": 30.0, "ts": "2026-10-04 15:54:30"}
[DBG] {"category": "TRAIN", "component": "train", "elapsed_sec": 0.004113, "event": "END:broadcast_preference_payload", "host": "d6b2a058c4be", "pid": 177724, "rank": 0, "ts": "2026-10-04 15:54:30"}
[DBG] {"category": "RAY", "component": "train", "event": "BEGIN:control_should_stop", "host": "d6b2a058c4be", "pid": 177724, "rank": 0, "ts": "2026-10-04 15:54:31"}
[DBG] {"category": "RAY", "component": "train", "event": "watchdog_armed", "host": "d6b2a058c4be", "pid": 177724, "rank": 0, "stage": "control_should_stop", "timeout_sec": 30.0, "ts": "2026-10-04 15:54:31"}
[DBG] {"category": "RAY", "component": "train", "elapsed_sec": 0.003898, "event": "END:control_should_stop", "host": "d6b2a058c4be", "pid": 177724, "rank": 0, "ts": "2026-10-04 15:54:31"}
[DBG] {"category": "TRAIN", "component": "train", "event": "BEGIN:broadcast_stop_flag", "host": "d6b2a058c4be", "pid": 177724, "rank": 0, "transport": "gloo_cpu", "ts": "2026-10-04 15:54:31", "value": false}
[DBG] {"category": "TRAIN", "component": "train", "event": "watchdog_armed", "host": "d6b2a058c4be", "pid": 177724, "rank": 0, "stage": "broadcast_stop_flag", "timeout_sec": 30.0, "ts": "2026-10-04 15:54:31"}
[DBG] {"category": "TRAIN", "component": "train", "elapsed_sec": 0.003226, "event": "END:broadcast_stop_flag", "host": "d6b2a058c4be", "pid": 177724, "rank": 0, "ts": "2026-10-04 15:54:31"}
[DBG] {"category": "QUEUE", "component": "train", "event": "BEGIN:preference_size_before_pop", "host": "d6b2a058c4be", "pid": 177724, "rank": 0, "ts": "2026-10-04 15:54:31"}
[DBG] {"category": "QUEUE", "component": "train", "event": "watchdog_armed", "host": "d6b2a058c4be", "pid": 177724, "rank": 0, "stage": "preference_size_before_pop", "timeout_sec": 30.0, "ts": "2026-10-04 15:54:31"}
[DBG] {"category": "QUEUE", "component": "train", "elapsed_sec": 0.004883, "event": "END:preference_size_before_pop", "host": "d6b2a058c4be", "pid": 177724, "rank": 0, "ts": "2026-10-04 15:54:31"}
[DBG] {"category": "QUEUE", "component": "train", "event": "trainer_queue_state", "host": "d6b2a058c4be", "pending": 0, "pid": 177724, "policy_version": 0, "rank": 0, "required": 4, "ts": "2026-10-04 15:54:31"}
[DBG] {"category": "QUEUE", "component": "train", "current_version": 0, "event": "BEGIN:preference_pop", "host": "d6b2a058c4be", "pid": 177724, "rank": 0, "requested": 4, "ts": "2026-10-04 15:54:31"}
[DBG] {"category": "QUEUE", "component": "train", "event": "watchdog_armed", "host": "d6b2a058c4be", "pid": 177724, "rank": 0, "stage": "preference_pop", "timeout_sec": 30.0, "ts": "2026-10-04 15:54:31"}
[DBG] {"category": "QUEUE", "component": "train", "elapsed_sec": 0.005917, "event": "END:preference_pop", "host": "d6b2a058c4be", "pid": 177724, "rank": 0, "ts": "2026-10-04 15:54:31"}
[DBG] {"category": "TRAIN", "component": "train", "event": "BEGIN:broadcast_preference_payload", "has_payload": false, "host": "d6b2a058c4be", "pid": 177724, "rank": 0, "transport": "json_uint8_gloo", "ts": "2026-10-04 15:54:31"}
[DBG] {"category": "TRAIN", "component": "train", "event": "watchdog_armed", "host": "d6b2a058c4be", "pid": 177724, "rank": 0, "stage": "broadcast_preference_payload", "timeout_sec": 30.0, "ts": "2026-10-04 15:54:31"}
[DBG] {"bytes": 0, "category": "TRAIN", "component": "train", "event": "BEGIN:broadcast_preference_length", "host": "d6b2a058c4be", "pid": 177724, "rank": 0, "transport": "gloo_cpu", "ts": "2026-10-04 15:54:31"}
[DBG] {"category": "TRAIN", "component": "train", "event": "watchdog_armed", "host": "d6b2a058c4be", "pid": 177724, "rank": 0, "stage": "broadcast_preference_length", "timeout_sec": 30.0, "ts": "2026-10-04 15:54:31"}
[DBG] {"category": "TRAIN", "component": "train", "elapsed_sec": 0.002996, "event": "END:broadcast_preference_length", "host": "d6b2a058c4be", "pid": 177724, "rank": 0, "ts": "2026-10-04 15:54:31"}
[DBG] {"category": "TRAIN", "component": "train", "event": "watchdog_armed", "host": "d6b2a058c4be", "pid": 177724, "rank": 0, "stage": "broadcast_preference_payload", "timeout_sec": 30.0, "ts": "2026-10-04 15:54:31"}
[DBG] {"category": "TRAIN", "component": "train", "elapsed_sec": 0.004202, "event": "END:broadcast_preference_payload", "host": "d6b2a058c4be", "pid": 177724, "rank": 0, "ts": "2026-10-04 15:54:31"}
[DBG] {"category": "RAY", "component": "train", "event": "BEGIN:control_should_stop", "host": "d6b2a058c4be", "pid": 177724, "rank": 0, "ts": "2026-10-04 15:54:31"}
[DBG] {"category": "RAY", "component": "train", "event": "watchdog_armed", "host": "d6b2a058c4be", "pid": 177724, "rank": 0, "stage": "control_should_stop", "timeout_sec": 30.0, "ts": "2026-10-04 15:54:31"}
[DBG] {"category": "RAY", "component": "train", "elapsed_sec": 0.003621, "event": "END:control_should_stop", "host": "d6b2a058c4be", "pid": 177724, "rank": 0, "ts": "2026-10-04 15:54:31"}
[DBG] {"category": "TRAIN", "component": "train", "event": "BEGIN:broadcast_stop_flag", "host": "d6b2a058c4be", "pid": 177724, "rank": 0, "transport": "gloo_cpu", "ts": "2026-10-04 15:54:31", "value": false}
[DBG] {"category": "TRAIN", "component": "train", "event": "watchdog_armed", "host": "d6b2a058c4be", "pid": 177724, "rank": 0, "stage": "broadcast_stop_flag", "timeout_sec": 30.0, "ts": "2026-10-04 15:54:31"}
[DBG] {"category": "TRAIN", "component": "train", "elapsed_sec": 0.002898, "event": "END:broadcast_stop_flag", "host": "d6b2a058c4be", "pid": 177724, "rank": 0, "ts": "2026-10-04 15:54:31"}
[DBG] {"category": "QUEUE", "component": "train", "event": "BEGIN:preference_size_before_pop", "host": "d6b2a058c4be", "pid": 177724, "rank": 0, "ts": "2026-10-04 15:54:31"}
[DBG] {"category": "QUEUE", "component": "train", "event": "watchdog_armed", "host": "d6b2a058c4be", "pid": 177724, "rank": 0, "stage": "preference_size_before_pop", "timeout_sec": 30.0, "ts": "2026-10-04 15:54:31"}
[DBG] {"category": "QUEUE", "component": "train", "elapsed_sec": 0.003879, "event": "END:preference_size_before_pop", "host": "d6b2a058c4be", "pid": 177724, "rank": 0, "ts": "2026-10-04 15:54:31"}
[DBG] {"category": "QUEUE", "component": "train", "event": "trainer_queue_state", "host": "d6b2a058c4be", "pending": 0, "pid": 177724, "policy_version": 0, "rank": 0, "required": 4, "ts": "2026-10-04 15:54:31"}
[DBG] {"category": "QUEUE", "component": "train", "current_version": 0, "event": "BEGIN:preference_pop", "host": "d6b2a058c4be", "pid": 177724, "rank": 0, "requested": 4, "ts": "2026-10-04 15:54:31"}
[DBG] {"category": "QUEUE", "component": "train", "event": "watchdog_armed", "host": "d6b2a058c4be", "pid": 177724, "rank": 0, "stage": "preference_pop", "timeout_sec": 30.0, "ts": "2026-10-04 15:54:31"}
[DBG] {"category": "QUEUE", "component": "train", "elapsed_sec": 0.004572, "event": "END:preference_pop", "host": "d6b2a058c4be", "pid": 177724, "rank": 0, "ts": "2026-10-04 15:54:31"}
[DBG] {"category": "TRAIN", "component": "train", "event": "BEGIN:broadcast_preference_payload", "has_payload": false, "host": "d6b2a058c4be", "pid": 177724, "rank": 0, "transport": "json_uint8_gloo", "ts": "2026-10-04 15:54:31"}
[DBG] {"category": "TRAIN", "component": "train", "event": "watchdog_armed", "host": "d6b2a058c4be", "pid": 177724, "rank": 0, "stage": "broadcast_preference_payload", "timeout_sec": 30.0, "ts": "2026-10-04 15:54:31"}
[DBG] {"bytes": 0, "category": "TRAIN", "component": "train", "event": "BEGIN:broadcast_preference_length", "host": "d6b2a058c4be", "pid": 177724, "rank": 0, "transport": "gloo_cpu", "ts": "2026-10-04 15:54:31"}
[DBG] {"category": "TRAIN", "component": "train", "event": "watchdog_armed", "host": "d6b2a058c4be", "pid": 177724, "rank": 0, "stage": "broadcast_preference_length", "timeout_sec": 30.0, "ts": "2026-10-04 15:54:31"}
[DBG] {"category": "TRAIN", "component": "train", "elapsed_sec": 0.002478, "event": "END:broadcast_preference_length", "host": "d6b2a058c4be", "pid": 177724, "rank": 0, "ts": "2026-10-04 15:54:31"}
[DBG] {"category": "TRAIN", "component": "train", "event": "watchdog_armed", "host": "d6b2a058c4be", "pid": 177724, "rank": 0, "stage": "broadcast_preference_payload", "timeout_sec": 30.0, "ts": "2026-10-04 15:54:31"}
[DBG] {"category": "TRAIN", "component": "train", "elapsed_sec": 0.003547, "event": "END:broadcast_preference_payload", "host": "d6b2a058c4be", "pid": 177724, "rank": 0, "ts": "2026-10-04 15:54:31"}
[DBG] {"category": "RAY", "component": "train", "event": "BEGIN:control_should_stop", "host": "d6b2a058c4be", "pid": 177724, "rank": 0, "ts": "2026-10-04 15:54:32"}
[DBG] {"category": "RAY", "component": "train", "event": "watchdog_armed", "host": "d6b2a058c4be", "pid": 177724, "rank": 0, "stage": "control_should_stop", "timeout_sec": 30.0, "ts": "2026-10-04 15:54:32"}
[DBG] {"category": "RAY", "component": "train", "elapsed_sec": 0.003666, "event": "END:control_should_stop", "host": "d6b2a058c4be", "pid": 177724, "rank": 0, "ts": "2026-10-04 15:54:32"}
[DBG] {"category": "TRAIN", "component": "train", "event": "BEGIN:broadcast_stop_flag", "host": "d6b2a058c4be", "pid": 177724, "rank": 0, "transport": "gloo_cpu", "ts": "2026-10-04 15:54:32", "value": false}
[DBG] {"category": "TRAIN", "component": "train", "event": "watchdog_armed", "host": "d6b2a058c4be", "pid": 177724, "rank": 0, "stage": "broadcast_stop_flag", "timeout_sec": 30.0, "ts": "2026-10-04 15:54:32"}
[DBG] {"category": "TRAIN", "component": "train", "elapsed_sec": 0.002801, "event": "END:broadcast_stop_flag", "host": "d6b2a058c4be", "pid": 177724, "rank": 0, "ts": "2026-10-04 15:54:32"}
[DBG] {"category": "QUEUE", "component": "train", "event": "BEGIN:preference_size_before_pop", "host": "d6b2a058c4be", "pid": 177724, "rank": 0, "ts": "2026-10-04 15:54:32"}
[DBG] {"category": "QUEUE", "component": "train", "event": "watchdog_armed", "host": "d6b2a058c4be", "pid": 177724, "rank": 0, "stage": "preference_size_before_pop", "timeout_sec": 30.0, "ts": "2026-10-04 15:54:32"}
[DBG] {"category": "QUEUE", "component": "train", "elapsed_sec": 0.005852, "event": "END:preference_size_before_pop", "host": "d6b2a058c4be", "pid": 177724, "rank": 0, "ts": "2026-10-04 15:54:32"}
[DBG] {"category": "QUEUE", "component": "train", "event": "trainer_queue_state", "host": "d6b2a058c4be", "pending": 0, "pid": 177724, "policy_version": 0, "rank": 0, "required": 4, "ts": "2026-10-04 15:54:32"}
[DBG] {"category": "QUEUE", "component": "train", "current_version": 0, "event": "BEGIN:preference_pop", "host": "d6b2a058c4be", "pid": 177724, "rank": 0, "requested": 4, "ts": "2026-10-04 15:54:32"}
[DBG] {"category": "QUEUE", "component": "train", "event": "watchdog_armed", "host": "d6b2a058c4be", "pid": 177724, "rank": 0, "stage": "preference_pop", "timeout_sec": 30.0, "ts": "2026-10-04 15:54:32"}
[DBG] {"category": "QUEUE", "component": "train", "elapsed_sec": 0.006791, "event": "END:preference_pop", "host": "d6b2a058c4be", "pid": 177724, "rank": 0, "ts": "2026-10-04 15:54:32"}
[DBG] {"category": "TRAIN", "component": "train", "event": "BEGIN:broadcast_preference_payload", "has_payload": false, "host": "d6b2a058c4be", "pid": 177724, "rank": 0, "transport": "json_uint8_gloo", "ts": "2026-10-04 15:54:32"}
[DBG] {"category": "TRAIN", "component": "train", "event": "watchdog_armed", "host": "d6b2a058c4be", "pid": 177724, "rank": 0, "stage": "broadcast_preference_payload", "timeout_sec": 30.0, "ts": "2026-10-04 15:54:32"}
[DBG] {"bytes": 0, "category": "TRAIN", "component": "train", "event": "BEGIN:broadcast_preference_length", "host": "d6b2a058c4be", "pid": 177724, "rank": 0, "transport": "gloo_cpu", "ts": "2026-10-04 15:54:32"}
[DBG] {"category": "TRAIN", "component": "train", "event": "watchdog_armed", "host": "d6b2a058c4be", "pid": 177724, "rank": 0, "stage": "broadcast_preference_length", "timeout_sec": 30.0, "ts": "2026-10-04 15:54:32"}
[DBG] {"category": "TRAIN", "component": "train", "elapsed_sec": 0.002496, "event": "END:broadcast_preference_length", "host": "d6b2a058c4be", "pid": 177724, "rank": 0, "ts": "2026-10-04 15:54:32"}
[DBG] {"category": "TRAIN", "component": "train", "event": "watchdog_armed", "host": "d6b2a058c4be", "pid": 177724, "rank": 0, "stage": "broadcast_preference_payload", "timeout_sec": 30.0, "ts": "2026-10-04 15:54:32"}
[DBG] {"category": "TRAIN", "component": "train", "elapsed_sec": 0.003703, "event": "END:broadcast_preference_payload", "host": "d6b2a058c4be", "pid": 177724, "rank": 0, "ts": "2026-10-04 15:54:32"}
[DBG] {"category": "RAY", "component": "train", "event": "BEGIN:control_should_stop", "host": "d6b2a058c4be", "pid": 177724, "rank": 0, "ts": "2026-10-04 15:54:32"}
[DBG] {"category": "RAY", "component": "train", "event": "watchdog_armed", "host": "d6b2a058c4be", "pid": 177724, "rank": 0, "stage": "control_should_stop", "timeout_sec": 30.0, "ts": "2026-10-04 15:54:32"}
[DBG] {"category": "RAY", "component": "train", "elapsed_sec": 0.004158, "event": "END:control_should_stop", "host": "d6b2a058c4be", "pid": 177724, "rank": 0, "ts": "2026-10-04 15:54:32"}
[DBG] {"category": "TRAIN", "component": "train", "event": "BEGIN:broadcast_stop_flag", "host": "d6b2a058c4be", "pid": 177724, "rank": 0, "transport": "gloo_cpu", "ts": "2026-10-04 15:54:32", "value": false}
[DBG] {"category": "TRAIN", "component": "train", "event": "watchdog_armed", "host": "d6b2a058c4be", "pid": 177724, "rank": 0, "stage": "broadcast_stop_flag", "timeout_sec": 30.0, "ts": "2026-10-04 15:54:32"}
[DBG] {"category": "TRAIN", "component": "train", "elapsed_sec": 0.002855, "event": "END:broadcast_stop_flag", "host": "d6b2a058c4be", "pid": 177724, "rank": 0, "ts": "2026-10-04 15:54:32"}
[DBG] {"category": "QUEUE", "component": "train", "event": "BEGIN:preference_size_before_pop", "host": "d6b2a058c4be", "pid": 177724, "rank": 0, "ts": "2026-10-04 15:54:32"}
[DBG] {"category": "QUEUE", "component": "train", "event": "watchdog_armed", "host": "d6b2a058c4be", "pid": 177724, "rank": 0, "stage": "preference_size_before_pop", "timeout_sec": 30.0, "ts": "2026-10-04 15:54:32"}
[DBG] {"category": "QUEUE", "component": "train", "elapsed_sec": 0.005776, "event": "END:preference_size_before_pop", "host": "d6b2a058c4be", "pid": 177724, "rank": 0, "ts": "2026-10-04 15:54:32"}
[DBG] {"category": "QUEUE", "component": "train", "event": "trainer_queue_state", "host": "d6b2a058c4be", "pending": 0, "pid": 177724, "policy_version": 0, "rank": 0, "required": 4, "ts": "2026-10-04 15:54:32"}
[DBG] {"category": "QUEUE", "component": "train", "current_version": 0, "event": "BEGIN:preference_pop", "host": "d6b2a058c4be", "pid": 177724, "rank": 0, "requested": 4, "ts": "2026-10-04 15:54:32"}
[DBG] {"category": "QUEUE", "component": "train", "event": "watchdog_armed", "host": "d6b2a058c4be", "pid": 177724, "rank": 0, "stage": "preference_pop", "timeout_sec": 30.0, "ts": "2026-10-04 15:54:32"}
[DBG] {"category": "QUEUE", "component": "train", "elapsed_sec": 0.007241, "event": "END:preference_pop", "host": "d6b2a058c4be", "pid": 177724, "rank": 0, "ts": "2026-10-04 15:54:33"}
[DBG] {"category": "TRAIN", "component": "train", "event": "BEGIN:broadcast_preference_payload", "has_payload": false, "host": "d6b2a058c4be", "pid": 177724, "rank": 0, "transport": "json_uint8_gloo", "ts": "2026-10-04 15:54:33"}
[DBG] {"category": "TRAIN", "component": "train", "event": "watchdog_armed", "host": "d6b2a058c4be", "pid": 177724, "rank": 0, "stage": "broadcast_preference_payload", "timeout_sec": 30.0, "ts": "2026-10-04 15:54:33"}
[DBG] {"bytes": 0, "category": "TRAIN", "component": "train", "event": "BEGIN:broadcast_preference_length", "host": "d6b2a058c4be", "pid": 177724, "rank": 0, "transport": "gloo_cpu", "ts": "2026-10-04 15:54:33"}
[DBG] {"category": "TRAIN", "component": "train", "event": "watchdog_armed", "host": "d6b2a058c4be", "pid": 177724, "rank": 0, "stage": "broadcast_preference_length", "timeout_sec": 30.0, "ts": "2026-10-04 15:54:33"}
[DBG] {"category": "TRAIN", "component": "train", "elapsed_sec": 0.002567, "event": "END:broadcast_preference_length", "host": "d6b2a058c4be", "pid": 177724, "rank": 0, "ts": "2026-10-04 15:54:33"}
[DBG] {"category": "TRAIN", "component": "train", "event": "watchdog_armed", "host": "d6b2a058c4be", "pid": 177724, "rank": 0, "stage": "broadcast_preference_payload", "timeout_sec": 30.0, "ts": "2026-10-04 15:54:33"}
[DBG] {"category": "TRAIN", "component": "train", "elapsed_sec": 0.003659, "event": "END:broadcast_preference_payload", "host": "d6b2a058c4be", "pid": 177724, "rank": 0, "ts": "2026-10-04 15:54:33"}
[DBG] {"category": "RAY", "component": "train", "event": "BEGIN:control_should_stop", "host": "d6b2a058c4be", "pid": 177724, "rank": 0, "ts": "2026-10-04 15:54:33"}
[DBG] {"category": "RAY", "component": "train", "event": "watchdog_armed", "host": "d6b2a058c4be", "pid": 177724, "rank": 0, "stage": "control_should_stop", "timeout_sec": 30.0, "ts": "2026-10-04 15:54:33"}
[DBG] {"category": "RAY", "component": "train", "elapsed_sec": 0.003688, "event": "END:control_should_stop", "host": "d6b2a058c4be", "pid": 177724, "rank": 0, "ts": "2026-10-04 15:54:33"}
[DBG] {"category": "TRAIN", "component": "train", "event": "BEGIN:broadcast_stop_flag", "host": "d6b2a058c4be", "pid": 177724, "rank": 0, "transport": "gloo_cpu", "ts": "2026-10-04 15:54:33", "value": false}
[DBG] {"category": "TRAIN", "component": "train", "event": "watchdog_armed", "host": "d6b2a058c4be", "pid": 177724, "rank": 0, "stage": "broadcast_stop_flag", "timeout_sec": 30.0, "ts": "2026-10-04 15:54:33"}
[DBG] {"category": "TRAIN", "component": "train", "elapsed_sec": 0.002765, "event": "END:broadcast_stop_flag", "host": "d6b2a058c4be", "pid": 177724, "rank": 0, "ts": "2026-10-04 15:54:33"}
[DBG] {"category": "QUEUE", "component": "train", "event": "BEGIN:preference_size_before_pop", "host": "d6b2a058c4be", "pid": 177724, "rank": 0, "ts": "2026-10-04 15:54:33"}
[DBG] {"category": "QUEUE", "component": "train", "event": "watchdog_armed", "host": "d6b2a058c4be", "pid": 177724, "rank": 0, "stage": "preference_size_before_pop", "timeout_sec": 30.0, "ts": "2026-10-04 15:54:33"}
[DBG] {"category": "QUEUE", "component": "train", "elapsed_sec": 0.005298, "event": "END:preference_size_before_pop", "host": "d6b2a058c4be", "pid": 177724, "rank": 0, "ts": "2026-10-04 15:54:33"}
[DBG] {"category": "QUEUE", "component": "train", "event": "trainer_queue_state", "host": "d6b2a058c4be", "pending": 0, "pid": 177724, "policy_version": 0, "rank": 0, "required": 4, "ts": "2026-10-04 15:54:33"}
[DBG] {"category": "QUEUE", "component": "train", "current_version": 0, "event": "BEGIN:preference_pop", "host": "d6b2a058c4be", "pid": 177724, "rank": 0, "requested": 4, "ts": "2026-10-04 15:54:33"}
[DBG] {"category": "QUEUE", "component": "train", "event": "watchdog_armed", "host": "d6b2a058c4be", "pid": 177724, "rank": 0, "stage": "preference_pop", "timeout_sec": 30.0, "ts": "2026-10-04 15:54:33"}
[DBG] {"category": "QUEUE", "component": "train", "elapsed_sec": 0.005807, "event": "END:preference_pop", "host": "d6b2a058c4be", "pid": 177724, "rank": 0, "ts": "2026-10-04 15:54:33"}
[DBG] {"category": "TRAIN", "component": "train", "event": "BEGIN:broadcast_preference_payload", "has_payload": false, "host": "d6b2a058c4be", "pid": 177724, "rank": 0, "transport": "json_uint8_gloo", "ts": "2026-10-04 15:54:33"}
[DBG] {"category": "TRAIN", "component": "train", "event": "watchdog_armed", "host": "d6b2a058c4be", "pid": 177724, "rank": 0, "stage": "broadcast_preference_payload", "timeout_sec": 30.0, "ts": "2026-10-04 15:54:33"}
[DBG] {"bytes": 0, "category": "TRAIN", "component": "train", "event": "BEGIN:broadcast_preference_length", "host": "d6b2a058c4be", "pid": 177724, "rank": 0, "transport": "gloo_cpu", "ts": "2026-10-04 15:54:33"}
[DBG] {"category": "TRAIN", "component": "train", "event": "watchdog_armed", "host": "d6b2a058c4be", "pid": 177724, "rank": 0, "stage": "broadcast_preference_length", "timeout_sec": 30.0, "ts": "2026-10-04 15:54:33"}
[DBG] {"category": "TRAIN", "component": "train", "elapsed_sec": 0.002411, "event": "END:broadcast_preference_length", "host": "d6b2a058c4be", "pid": 177724, "rank": 0, "ts": "2026-10-04 15:54:33"}
[DBG] {"category": "TRAIN", "component": "train", "event": "watchdog_armed", "host": "d6b2a058c4be", "pid": 177724, "rank": 0, "stage": "broadcast_preference_payload", "timeout_sec": 30.0, "ts": "2026-10-04 15:54:33"}
[DBG] {"category": "TRAIN", "component": "train", "elapsed_sec": 0.003656, "event": "END:broadcast_preference_payload", "host": "d6b2a058c4be", "pid": 177724, "rank": 0, "ts": "2026-10-04 15:54:33"}
[DBG] {"category": "RAY", "component": "train", "event": "BEGIN:control_should_stop", "host": "d6b2a058c4be", "pid": 177724, "rank": 0, "ts": "2026-10-04 15:54:34"}
[DBG] {"category": "RAY", "component": "train", "event": "watchdog_armed", "host": "d6b2a058c4be", "pid": 177724, "rank": 0, "stage": "control_should_stop", "timeout_sec": 30.0, "ts": "2026-10-04 15:54:34"}
[DBG] {"category": "RAY", "component": "train", "elapsed_sec": 0.003821, "event": "END:control_should_stop", "host": "d6b2a058c4be", "pid": 177724, "rank": 0, "ts": "2026-10-04 15:54:34"}
[DBG] {"category": "TRAIN", "component": "train", "event": "BEGIN:broadcast_stop_flag", "host": "d6b2a058c4be", "pid": 177724, "rank": 0, "transport": "gloo_cpu", "ts": "2026-10-04 15:54:34", "value": false}
[DBG] {"category": "TRAIN", "component": "train", "event": "watchdog_armed", "host": "d6b2a058c4be", "pid": 177724, "rank": 0, "stage": "broadcast_stop_flag", "timeout_sec": 30.0, "ts": "2026-10-04 15:54:34"}
[DBG] {"category": "TRAIN", "component": "train", "elapsed_sec": 0.002793, "event": "END:broadcast_stop_flag", "host": "d6b2a058c4be", "pid": 177724, "rank": 0, "ts": "2026-10-04 15:54:34"}
[DBG] {"category": "QUEUE", "component": "train", "event": "BEGIN:preference_size_before_pop", "host": "d6b2a058c4be", "pid": 177724, "rank": 0, "ts": "2026-10-04 15:54:34"}
[DBG] {"category": "QUEUE", "component": "train", "event": "watchdog_armed", "host": "d6b2a058c4be", "pid": 177724, "rank": 0, "stage": "preference_size_before_pop", "timeout_sec": 30.0, "ts": "2026-10-04 15:54:34"}
[DBG] {"category": "QUEUE", "component": "train", "elapsed_sec": 0.005207, "event": "END:preference_size_before_pop", "host": "d6b2a058c4be", "pid": 177724, "rank": 0, "ts": "2026-10-04 15:54:34"}
[DBG] {"category": "QUEUE", "component": "train", "event": "trainer_queue_state", "host": "d6b2a058c4be", "pending": 0, "pid": 177724, "policy_version": 0, "rank": 0, "required": 4, "ts": "2026-10-04 15:54:34"}
[DBG] {"category": "QUEUE", "component": "train", "current_version": 0, "event": "BEGIN:preference_pop", "host": "d6b2a058c4be", "pid": 177724, "rank": 0, "requested": 4, "ts": "2026-10-04 15:54:34"}
[DBG] {"category": "QUEUE", "component": "train", "event": "watchdog_armed", "host": "d6b2a058c4be", "pid": 177724, "rank": 0, "stage": "preference_pop", "timeout_sec": 30.0, "ts": "2026-10-04 15:54:34"}
[DBG] {"category": "QUEUE", "component": "train", "elapsed_sec": 0.005863, "event": "END:preference_pop", "host": "d6b2a058c4be", "pid": 177724, "rank": 0, "ts": "2026-10-04 15:54:34"}
[DBG] {"category": "TRAIN", "component": "train", "event": "BEGIN:broadcast_preference_payload", "has_payload": false, "host": "d6b2a058c4be", "pid": 177724, "rank": 0, "transport": "json_uint8_gloo", "ts": "2026-10-04 15:54:34"}
[DBG] {"category": "TRAIN", "component": "train", "event": "watchdog_armed", "host": "d6b2a058c4be", "pid": 177724, "rank": 0, "stage": "broadcast_preference_payload", "timeout_sec": 30.0, "ts": "2026-10-04 15:54:34"}
[DBG] {"bytes": 0, "category": "TRAIN", "component": "train", "event": "BEGIN:broadcast_preference_length", "host": "d6b2a058c4be", "pid": 177724, "rank": 0, "transport": "gloo_cpu", "ts": "2026-10-04 15:54:34"}
[DBG] {"category": "TRAIN", "component": "train", "event": "watchdog_armed", "host": "d6b2a058c4be", "pid": 177724, "rank": 0, "stage": "broadcast_preference_length", "timeout_sec": 30.0, "ts": "2026-10-04 15:54:34"}
[DBG] {"category": "TRAIN", "component": "train", "elapsed_sec": 0.002381, "event": "END:broadcast_preference_length", "host": "d6b2a058c4be", "pid": 177724, "rank": 0, "ts": "2026-10-04 15:54:34"}
[DBG] {"category": "TRAIN", "component": "train", "event": "watchdog_armed", "host": "d6b2a058c4be", "pid": 177724, "rank": 0, "stage": "broadcast_preference_payload", "timeout_sec": 30.0, "ts": "2026-10-04 15:54:34"}
[DBG] {"category": "TRAIN", "component": "train", "elapsed_sec": 0.0037, "event": "END:broadcast_preference_payload", "host": "d6b2a058c4be", "pid": 177724, "rank": 0, "ts": "2026-10-04 15:54:34"}
[DBG] {"category": "RAY", "component": "train", "event": "BEGIN:control_should_stop", "host": "d6b2a058c4be", "pid": 177724, "rank": 0, "ts": "2026-10-04 15:54:34"}
[DBG] {"category": "RAY", "component": "train", "event": "watchdog_armed", "host": "d6b2a058c4be", "pid": 177724, "rank": 0, "stage": "control_should_stop", "timeout_sec": 30.0, "ts": "2026-10-04 15:54:34"}
[DBG] {"category": "RAY", "component": "train", "elapsed_sec": 0.003612, "event": "END:control_should_stop", "host": "d6b2a058c4be", "pid": 177724, "rank": 0, "ts": "2026-10-04 15:54:34"}
[DBG] {"category": "TRAIN", "component": "train", "event": "BEGIN:broadcast_stop_flag", "host": "d6b2a058c4be", "pid": 177724, "rank": 0, "transport": "gloo_cpu", "ts": "2026-10-04 15:54:34", "value": false}
[DBG] {"category": "TRAIN", "component": "train", "event": "watchdog_armed", "host": "d6b2a058c4be", "pid": 177724, "rank": 0, "stage": "broadcast_stop_flag", "timeout_sec": 30.0, "ts": "2026-10-04 15:54:34"}
[DBG] {"category": "TRAIN", "component": "train", "elapsed_sec": 0.002514, "event": "END:broadcast_stop_flag", "host": "d6b2a058c4be", "pid": 177724, "rank": 0, "ts": "2026-10-04 15:54:34"}
[DBG] {"category": "QUEUE", "component": "train", "event": "BEGIN:preference_size_before_pop", "host": "d6b2a058c4be", "pid": 177724, "rank": 0, "ts": "2026-10-04 15:54:34"}
[DBG] {"category": "QUEUE", "component": "train", "event": "watchdog_armed", "host": "d6b2a058c4be", "pid": 177724, "rank": 0, "stage": "preference_size_before_pop", "timeout_sec": 30.0, "ts": "2026-10-04 15:54:34"}
[DBG] {"category": "QUEUE", "component": "train", "elapsed_sec": 0.005709, "event": "END:preference_size_before_pop", "host": "d6b2a058c4be", "pid": 177724, "rank": 0, "ts": "2026-10-04 15:54:34"}
[DBG] {"category": "QUEUE", "component": "train", "event": "trainer_queue_state", "host": "d6b2a058c4be", "pending": 0, "pid": 177724, "policy_version": 0, "rank": 0, "required": 4, "ts": "2026-10-04 15:54:34"}
[DBG] {"category": "QUEUE", "component": "train", "current_version": 0, "event": "BEGIN:preference_pop", "host": "d6b2a058c4be", "pid": 177724, "rank": 0, "requested": 4, "ts": "2026-10-04 15:54:34"}
[DBG] {"category": "QUEUE", "component": "train", "event": "watchdog_armed", "host": "d6b2a058c4be", "pid": 177724, "rank": 0, "stage": "preference_pop", "timeout_sec": 30.0, "ts": "2026-10-04 15:54:34"}
[DBG] {"category": "QUEUE", "component": "train", "elapsed_sec": 0.007272, "event": "END:preference_pop", "host": "d6b2a058c4be", "pid": 177724, "rank": 0, "ts": "2026-10-04 15:54:34"}
[DBG] {"category": "TRAIN", "component": "train", "event": "BEGIN:broadcast_preference_payload", "has_payload": false, "host": "d6b2a058c4be", "pid": 177724, "rank": 0, "transport": "json_uint8_gloo", "ts": "2026-10-04 15:54:34"}
[DBG] {"category": "TRAIN", "component": "train", "event": "watchdog_armed", "host": "d6b2a058c4be", "pid": 177724, "rank": 0, "stage": "broadcast_preference_payload", "timeout_sec": 30.0, "ts": "2026-10-04 15:54:34"}
[DBG] {"bytes": 0, "category": "TRAIN", "component": "train", "event": "BEGIN:broadcast_preference_length", "host": "d6b2a058c4be", "pid": 177724, "rank": 0, "transport": "gloo_cpu", "ts": "2026-10-04 15:54:34"}
[DBG] {"category": "TRAIN", "component": "train", "event": "watchdog_armed", "host": "d6b2a058c4be", "pid": 177724, "rank": 0, "stage": "broadcast_preference_length", "timeout_sec": 30.0, "ts": "2026-10-04 15:54:34"}
[DBG] {"category": "TRAIN", "component": "train", "elapsed_sec": 0.002106, "event": "END:broadcast_preference_length", "host": "d6b2a058c4be", "pid": 177724, "rank": 0, "ts": "2026-10-04 15:54:34"}
[DBG] {"category": "TRAIN", "component": "train", "event": "watchdog_armed", "host": "d6b2a058c4be", "pid": 177724, "rank": 0, "stage": "broadcast_preference_payload", "timeout_sec": 30.0, "ts": "2026-10-04 15:54:34"}
[DBG] {"category": "TRAIN", "component": "train", "elapsed_sec": 0.003316, "event": "END:broadcast_preference_payload", "host": "d6b2a058c4be", "pid": 177724, "rank": 0, "ts": "2026-10-04 15:54:34"}
[DBG] {"category": "RAY", "component": "train", "event": "BEGIN:control_should_stop", "host": "d6b2a058c4be", "pid": 177724, "rank": 0, "ts": "2026-10-04 15:54:35"}
[DBG] {"category": "RAY", "component": "train", "event": "watchdog_armed", "host": "d6b2a058c4be", "pid": 177724, "rank": 0, "stage": "control_should_stop", "timeout_sec": 30.0, "ts": "2026-10-04 15:54:35"}
[DBG] {"category": "RAY", "component": "train", "elapsed_sec": 0.00322, "event": "END:control_should_stop", "host": "d6b2a058c4be", "pid": 177724, "rank": 0, "ts": "2026-10-04 15:54:35"}
[DBG] {"category": "TRAIN", "component": "train", "event": "BEGIN:broadcast_stop_flag", "host": "d6b2a058c4be", "pid": 177724, "rank": 0, "transport": "gloo_cpu", "ts": "2026-10-04 15:54:35", "value": false}
[DBG] {"category": "TRAIN", "component": "train", "event": "watchdog_armed", "host": "d6b2a058c4be", "pid": 177724, "rank": 0, "stage": "broadcast_stop_flag", "timeout_sec": 30.0, "ts": "2026-10-04 15:54:35"}
[DBG] {"category": "TRAIN", "component": "train", "elapsed_sec": 0.002832, "event": "END:broadcast_stop_flag", "host": "d6b2a058c4be", "pid": 177724, "rank": 0, "ts": "2026-10-04 15:54:35"}
[DBG] {"category": "QUEUE", "component": "train", "event": "BEGIN:preference_size_before_pop", "host": "d6b2a058c4be", "pid": 177724, "rank": 0, "ts": "2026-10-04 15:54:35"}
[DBG] {"category": "QUEUE", "component": "train", "event": "watchdog_armed", "host": "d6b2a058c4be", "pid": 177724, "rank": 0, "stage": "preference_size_before_pop", "timeout_sec": 30.0, "ts": "2026-10-04 15:54:35"}
[DBG] {"category": "QUEUE", "component": "train", "elapsed_sec": 0.004159, "event": "END:preference_size_before_pop", "host": "d6b2a058c4be", "pid": 177724, "rank": 0, "ts": "2026-10-04 15:54:35"}
[DBG] {"category": "QUEUE", "component": "train", "event": "trainer_queue_state", "host": "d6b2a058c4be", "pending": 0, "pid": 177724, "policy_version": 0, "rank": 0, "required": 4, "ts": "2026-10-04 15:54:35"}
[DBG] {"category": "QUEUE", "component": "train", "current_version": 0, "event": "BEGIN:preference_pop", "host": "d6b2a058c4be", "pid": 177724, "rank": 0, "requested": 4, "ts": "2026-10-04 15:54:35"}
[DBG] {"category": "QUEUE", "component": "train", "event": "watchdog_armed", "host": "d6b2a058c4be", "pid": 177724, "rank": 0, "stage": "preference_pop", "timeout_sec": 30.0, "ts": "2026-10-04 15:54:35"}
[DBG] {"category": "QUEUE", "component": "train", "elapsed_sec": 0.006677, "event": "END:preference_pop", "host": "d6b2a058c4be", "pid": 177724, "rank": 0, "ts": "2026-10-04 15:54:35"}
[DBG] {"category": "TRAIN", "component": "train", "event": "BEGIN:broadcast_preference_payload", "has_payload": false, "host": "d6b2a058c4be", "pid": 177724, "rank": 0, "transport": "json_uint8_gloo", "ts": "2026-10-04 15:54:35"}
[DBG] {"category": "TRAIN", "component": "train", "event": "watchdog_armed", "host": "d6b2a058c4be", "pid": 177724, "rank": 0, "stage": "broadcast_preference_payload", "timeout_sec": 30.0, "ts": "2026-10-04 15:54:35"}
[DBG] {"bytes": 0, "category": "TRAIN", "component": "train", "event": "BEGIN:broadcast_preference_length", "host": "d6b2a058c4be", "pid": 177724, "rank": 0, "transport": "gloo_cpu", "ts": "2026-10-04 15:54:35"}
[DBG] {"category": "TRAIN", "component": "train", "event": "watchdog_armed", "host": "d6b2a058c4be", "pid": 177724, "rank": 0, "stage": "broadcast_preference_length", "timeout_sec": 30.0, "ts": "2026-10-04 15:54:35"}
[DBG] {"category": "TRAIN", "component": "train", "elapsed_sec": 0.002528, "event": "END:broadcast_preference_length", "host": "d6b2a058c4be", "pid": 177724, "rank": 0, "ts": "2026-10-04 15:54:35"}
[DBG] {"category": "TRAIN", "component": "train", "event": "watchdog_armed", "host": "d6b2a058c4be", "pid": 177724, "rank": 0, "stage": "broadcast_preference_payload", "timeout_sec": 30.0, "ts": "2026-10-04 15:54:35"}
[DBG] {"category": "TRAIN", "component": "train", "elapsed_sec": 0.003629, "event": "END:broadcast_preference_payload", "host": "d6b2a058c4be", "pid": 177724, "rank": 0, "ts": "2026-10-04 15:54:35"}
[DBG] {"category": "RAY", "component": "train", "event": "BEGIN:control_should_stop", "host": "d6b2a058c4be", "pid": 177724, "rank": 0, "ts": "2026-10-04 15:54:35"}
[DBG] {"category": "RAY", "component": "train", "event": "watchdog_armed", "host": "d6b2a058c4be", "pid": 177724, "rank": 0, "stage": "control_should_stop", "timeout_sec": 30.0, "ts": "2026-10-04 15:54:35"}
[DBG] {"category": "RAY", "component": "train", "elapsed_sec": 0.003238, "event": "END:control_should_stop", "host": "d6b2a058c4be", "pid": 177724, "rank": 0, "ts": "2026-10-04 15:54:35"}
[DBG] {"category": "TRAIN", "component": "train", "event": "BEGIN:broadcast_stop_flag", "host": "d6b2a058c4be", "pid": 177724, "rank": 0, "transport": "gloo_cpu", "ts": "2026-10-04 15:54:35", "value": false}
[DBG] {"category": "TRAIN", "component": "train", "event": "watchdog_armed", "host": "d6b2a058c4be", "pid": 177724, "rank": 0, "stage": "broadcast_stop_flag", "timeout_sec": 30.0, "ts": "2026-10-04 15:54:35"}
[DBG] {"category": "TRAIN", "component": "train", "elapsed_sec": 0.002811, "event": "END:broadcast_stop_flag", "host": "d6b2a058c4be", "pid": 177724, "rank": 0, "ts": "2026-10-04 15:54:35"}
[DBG] {"category": "QUEUE", "component": "train", "event": "BEGIN:preference_size_before_pop", "host": "d6b2a058c4be", "pid": 177724, "rank": 0, "ts": "2026-10-04 15:54:35"}
[DBG] {"category": "QUEUE", "component": "train", "event": "watchdog_armed", "host": "d6b2a058c4be", "pid": 177724, "rank": 0, "stage": "preference_size_before_pop", "timeout_sec": 30.0, "ts": "2026-10-04 15:54:35"}
[DBG] {"category": "QUEUE", "component": "train", "elapsed_sec": 0.005598, "event": "END:preference_size_before_pop", "host": "d6b2a058c4be", "pid": 177724, "rank": 0, "ts": "2026-10-04 15:54:35"}
[DBG] {"category": "QUEUE", "component": "train", "event": "trainer_queue_state", "host": "d6b2a058c4be", "pending": 0, "pid": 177724, "policy_version": 0, "rank": 0, "required": 4, "ts": "2026-10-04 15:54:35"}
[DBG] {"category": "QUEUE", "component": "train", "current_version": 0, "event": "BEGIN:preference_pop", "host": "d6b2a058c4be", "pid": 177724, "rank": 0, "requested": 4, "ts": "2026-10-04 15:54:35"}
[DBG] {"category": "QUEUE", "component": "train", "event": "watchdog_armed", "host": "d6b2a058c4be", "pid": 177724, "rank": 0, "stage": "preference_pop", "timeout_sec": 30.0, "ts": "2026-10-04 15:54:35"}
[DBG] {"category": "QUEUE", "component": "train", "elapsed_sec": 0.007201, "event": "END:preference_pop", "host": "d6b2a058c4be", "pid": 177724, "rank": 0, "ts": "2026-10-04 15:54:35"}
[DBG] {"category": "TRAIN", "component": "train", "event": "BEGIN:broadcast_preference_payload", "has_payload": false, "host": "d6b2a058c4be", "pid": 177724, "rank": 0, "transport": "json_uint8_gloo", "ts": "2026-10-04 15:54:35"}
[DBG] {"category": "TRAIN", "component": "train", "event": "watchdog_armed", "host": "d6b2a058c4be", "pid": 177724, "rank": 0, "stage": "broadcast_preference_payload", "timeout_sec": 30.0, "ts": "2026-10-04 15:54:35"}
[DBG] {"bytes": 0, "category": "TRAIN", "component": "train", "event": "BEGIN:broadcast_preference_length", "host": "d6b2a058c4be", "pid": 177724, "rank": 0, "transport": "gloo_cpu", "ts": "2026-10-04 15:54:35"}
[DBG] {"category": "TRAIN", "component": "train", "event": "watchdog_armed", "host": "d6b2a058c4be", "pid": 177724, "rank": 0, "stage": "broadcast_preference_length", "timeout_sec": 30.0, "ts": "2026-10-04 15:54:35"}
[DBG] {"category": "TRAIN", "component": "train", "elapsed_sec": 0.002192, "event": "END:broadcast_preference_length", "host": "d6b2a058c4be", "pid": 177724, "rank": 0, "ts": "2026-10-04 15:54:35"}
[DBG] {"category": "TRAIN", "component": "train", "event": "watchdog_armed", "host": "d6b2a058c4be", "pid": 177724, "rank": 0, "stage": "broadcast_preference_payload", "timeout_sec": 30.0, "ts": "2026-10-04 15:54:35"}
[DBG] {"category": "TRAIN", "component": "train", "elapsed_sec": 0.003418, "event": "END:broadcast_preference_payload", "host": "d6b2a058c4be", "pid": 177724, "rank": 0, "ts": "2026-10-04 15:54:35"}
[DBG] {"category": "RAY", "component": "train", "event": "BEGIN:control_should_stop", "host": "d6b2a058c4be", "pid": 177724, "rank": 0, "ts": "2026-10-04 15:54:36"}
[DBG] {"category": "RAY", "component": "train", "event": "watchdog_armed", "host": "d6b2a058c4be", "pid": 177724, "rank": 0, "stage": "control_should_stop", "timeout_sec": 30.0, "ts": "2026-10-04 15:54:36"}
[DBG] {"category": "RAY", "component": "train", "elapsed_sec": 0.002867, "event": "END:control_should_stop", "host": "d6b2a058c4be", "pid": 177724, "rank": 0, "ts": "2026-10-04 15:54:36"}
[DBG] {"category": "TRAIN", "component": "train", "event": "BEGIN:broadcast_stop_flag", "host": "d6b2a058c4be", "pid": 177724, "rank": 0, "transport": "gloo_cpu", "ts": "2026-10-04 15:54:36", "value": false}
[DBG] {"category": "TRAIN", "component": "train", "event": "watchdog_armed", "host": "d6b2a058c4be", "pid": 177724, "rank": 0, "stage": "broadcast_stop_flag", "timeout_sec": 30.0, "ts": "2026-10-04 15:54:36"}
[DBG] {"category": "TRAIN", "component": "train", "elapsed_sec": 0.00249, "event": "END:broadcast_stop_flag", "host": "d6b2a058c4be", "pid": 177724, "rank": 0, "ts": "2026-10-04 15:54:36"}
[DBG] {"category": "QUEUE", "component": "train", "event": "BEGIN:preference_size_before_pop", "host": "d6b2a058c4be", "pid": 177724, "rank": 0, "ts": "2026-10-04 15:54:36"}
[DBG] {"category": "QUEUE", "component": "train", "event": "watchdog_armed", "host": "d6b2a058c4be", "pid": 177724, "rank": 0, "stage": "preference_size_before_pop", "timeout_sec": 30.0, "ts": "2026-10-04 15:54:36"}
[DBG] {"category": "QUEUE", "component": "train", "elapsed_sec": 0.003456, "event": "END:preference_size_before_pop", "host": "d6b2a058c4be", "pid": 177724, "rank": 0, "ts": "2026-10-04 15:54:36"}
[DBG] {"category": "QUEUE", "component": "train", "event": "trainer_queue_state", "host": "d6b2a058c4be", "pending": 0, "pid": 177724, "policy_version": 0, "rank": 0, "required": 4, "ts": "2026-10-04 15:54:36"}
[DBG] {"category": "QUEUE", "component": "train", "current_version": 0, "event": "BEGIN:preference_pop", "host": "d6b2a058c4be", "pid": 177724, "rank": 0, "requested": 4, "ts": "2026-10-04 15:54:36"}
[DBG] {"category": "QUEUE", "component": "train", "event": "watchdog_armed", "host": "d6b2a058c4be", "pid": 177724, "rank": 0, "stage": "preference_pop", "timeout_sec": 30.0, "ts": "2026-10-04 15:54:36"}
[DBG] {"category": "QUEUE", "component": "train", "elapsed_sec": 0.003973, "event": "END:preference_pop", "host": "d6b2a058c4be", "pid": 177724, "rank": 0, "ts": "2026-10-04 15:54:36"}
[DBG] {"category": "TRAIN", "component": "train", "event": "BEGIN:broadcast_preference_payload", "has_payload": false, "host": "d6b2a058c4be", "pid": 177724, "rank": 0, "transport": "json_uint8_gloo", "ts": "2026-10-04 15:54:36"}
[DBG] {"category": "TRAIN", "component": "train", "event": "watchdog_armed", "host": "d6b2a058c4be", "pid": 177724, "rank": 0, "stage": "broadcast_preference_payload", "timeout_sec": 30.0, "ts": "2026-10-04 15:54:36"}
[DBG] {"bytes": 0, "category": "TRAIN", "component": "train", "event": "BEGIN:broadcast_preference_length", "host": "d6b2a058c4be", "pid": 177724, "rank": 0, "transport": "gloo_cpu", "ts": "2026-10-04 15:54:36"}
[DBG] {"category": "TRAIN", "component": "train", "event": "watchdog_armed", "host": "d6b2a058c4be", "pid": 177724, "rank": 0, "stage": "broadcast_preference_length", "timeout_sec": 30.0, "ts": "2026-10-04 15:54:36"}
[DBG] {"category": "TRAIN", "component": "train", "elapsed_sec": 0.002107, "event": "END:broadcast_preference_length", "host": "d6b2a058c4be", "pid": 177724, "rank": 0, "ts": "2026-10-04 15:54:36"}
[DBG] {"category": "TRAIN", "component": "train", "event": "watchdog_armed", "host": "d6b2a058c4be", "pid": 177724, "rank": 0, "stage": "broadcast_preference_payload", "timeout_sec": 30.0, "ts": "2026-10-04 15:54:36"}
[DBG] {"category": "TRAIN", "component": "train", "elapsed_sec": 0.003223, "event": "END:broadcast_preference_payload", "host": "d6b2a058c4be", "pid": 177724, "rank": 0, "ts": "2026-10-04 15:54:36"}
[DBG] {"category": "RAY", "component": "train", "event": "BEGIN:control_should_stop", "host": "d6b2a058c4be", "pid": 177724, "rank": 0, "ts": "2026-10-04 15:54:36"}
[DBG] {"category": "RAY", "component": "train", "event": "watchdog_armed", "host": "d6b2a058c4be", "pid": 177724, "rank": 0, "stage": "control_should_stop", "timeout_sec": 30.0, "ts": "2026-10-04 15:54:36"}
[DBG] {"category": "RAY", "component": "train", "elapsed_sec": 0.00366, "event": "END:control_should_stop", "host": "d6b2a058c4be", "pid": 177724, "rank": 0, "ts": "2026-10-04 15:54:36"}
[DBG] {"category": "TRAIN", "component": "train", "event": "BEGIN:broadcast_stop_flag", "host": "d6b2a058c4be", "pid": 177724, "rank": 0, "transport": "gloo_cpu", "ts": "2026-10-04 15:54:36", "value": false}
[DBG] {"category": "TRAIN", "component": "train", "event": "watchdog_armed", "host": "d6b2a058c4be", "pid": 177724, "rank": 0, "stage": "broadcast_stop_flag", "timeout_sec": 30.0, "ts": "2026-10-04 15:54:36"}
[DBG] {"category": "TRAIN", "component": "train", "elapsed_sec": 0.002436, "event": "END:broadcast_stop_flag", "host": "d6b2a058c4be", "pid": 177724, "rank": 0, "ts": "2026-10-04 15:54:36"}
[DBG] {"category": "QUEUE", "component": "train", "event": "BEGIN:preference_size_before_pop", "host": "d6b2a058c4be", "pid": 177724, "rank": 0, "ts": "2026-10-04 15:54:36"}
[DBG] {"category": "QUEUE", "component": "train", "event": "watchdog_armed", "host": "d6b2a058c4be", "pid": 177724, "rank": 0, "stage": "preference_size_before_pop", "timeout_sec": 30.0, "ts": "2026-10-04 15:54:36"}
[DBG] {"category": "QUEUE", "component": "train", "elapsed_sec": 0.00612, "event": "END:preference_size_before_pop", "host": "d6b2a058c4be", "pid": 177724, "rank": 0, "ts": "2026-10-04 15:54:36"}
[DBG] {"category": "QUEUE", "component": "train", "event": "trainer_queue_state", "host": "d6b2a058c4be", "pending": 0, "pid": 177724, "policy_version": 0, "rank": 0, "required": 4, "ts": "2026-10-04 15:54:36"}
[DBG] {"category": "QUEUE", "component": "train", "current_version": 0, "event": "BEGIN:preference_pop", "host": "d6b2a058c4be", "pid": 177724, "rank": 0, "requested": 4, "ts": "2026-10-04 15:54:36"}
[DBG] {"category": "QUEUE", "component": "train", "event": "watchdog_armed", "host": "d6b2a058c4be", "pid": 177724, "rank": 0, "stage": "preference_pop", "timeout_sec": 30.0, "ts": "2026-10-04 15:54:36"}
[DBG] {"category": "QUEUE", "component": "train", "elapsed_sec": 0.007263, "event": "END:preference_pop", "host": "d6b2a058c4be", "pid": 177724, "rank": 0, "ts": "2026-10-04 15:54:36"}
[DBG] {"category": "TRAIN", "component": "train", "event": "BEGIN:broadcast_preference_payload", "has_payload": false, "host": "d6b2a058c4be", "pid": 177724, "rank": 0, "transport": "json_uint8_gloo", "ts": "2026-10-04 15:54:36"}
[DBG] {"category": "TRAIN", "component": "train", "event": "watchdog_armed", "host": "d6b2a058c4be", "pid": 177724, "rank": 0, "stage": "broadcast_preference_payload", "timeout_sec": 30.0, "ts": "2026-10-04 15:54:36"}
[DBG] {"bytes": 0, "category": "TRAIN", "component": "train", "event": "BEGIN:broadcast_preference_length", "host": "d6b2a058c4be", "pid": 177724, "rank": 0, "transport": "gloo_cpu", "ts": "2026-10-04 15:54:36"}
[DBG] {"category": "TRAIN", "component": "train", "event": "watchdog_armed", "host": "d6b2a058c4be", "pid": 177724, "rank": 0, "stage": "broadcast_preference_length", "timeout_sec": 30.0, "ts": "2026-10-04 15:54:36"}
[DBG] {"category": "TRAIN", "component": "train", "elapsed_sec": 0.002071, "event": "END:broadcast_preference_length", "host": "d6b2a058c4be", "pid": 177724, "rank": 0, "ts": "2026-10-04 15:54:36"}
[DBG] {"category": "TRAIN", "component": "train", "event": "watchdog_armed", "host": "d6b2a058c4be", "pid": 177724, "rank": 0, "stage": "broadcast_preference_payload", "timeout_sec": 30.0, "ts": "2026-10-04 15:54:36"}
[DBG] {"category": "TRAIN", "component": "train", "elapsed_sec": 0.003207, "event": "END:broadcast_preference_payload", "host": "d6b2a058c4be", "pid": 177724, "rank": 0, "ts": "2026-10-04 15:54:36"}
[DBG] {"category": "RAY", "component": "train", "event": "BEGIN:control_should_stop", "host": "d6b2a058c4be", "pid": 177724, "rank": 0, "ts": "2026-10-04 15:54:37"}
[DBG] {"category": "RAY", "component": "train", "event": "watchdog_armed", "host": "d6b2a058c4be", "pid": 177724, "rank": 0, "stage": "control_should_stop", "timeout_sec": 30.0, "ts": "2026-10-04 15:54:37"}
[DBG] {"category": "RAY", "component": "train", "elapsed_sec": 0.003411, "event": "END:control_should_stop", "host": "d6b2a058c4be", "pid": 177724, "rank": 0, "ts": "2026-10-04 15:54:37"}
[DBG] {"category": "TRAIN", "component": "train", "event": "BEGIN:broadcast_stop_flag", "host": "d6b2a058c4be", "pid": 177724, "rank": 0, "transport": "gloo_cpu", "ts": "2026-10-04 15:54:37", "value": false}
[DBG] {"category": "TRAIN", "component": "train", "event": "watchdog_armed", "host": "d6b2a058c4be", "pid": 177724, "rank": 0, "stage": "broadcast_stop_flag", "timeout_sec": 30.0, "ts": "2026-10-04 15:54:37"}
[DBG] {"category": "TRAIN", "component": "train", "elapsed_sec": 0.002683, "event": "END:broadcast_stop_flag", "host": "d6b2a058c4be", "pid": 177724, "rank": 0, "ts": "2026-10-04 15:54:37"}
[DBG] {"category": "QUEUE", "component": "train", "event": "BEGIN:preference_size_before_pop", "host": "d6b2a058c4be", "pid": 177724, "rank": 0, "ts": "2026-10-04 15:54:37"}
[DBG] {"category": "QUEUE", "component": "train", "event": "watchdog_armed", "host": "d6b2a058c4be", "pid": 177724, "rank": 0, "stage": "preference_size_before_pop", "timeout_sec": 30.0, "ts": "2026-10-04 15:54:37"}
[DBG] {"category": "QUEUE", "component": "train", "elapsed_sec": 0.004515, "event": "END:preference_size_before_pop", "host": "d6b2a058c4be", "pid": 177724, "rank": 0, "ts": "2026-10-04 15:54:37"}
[DBG] {"category": "QUEUE", "component": "train", "event": "trainer_queue_state", "host": "d6b2a058c4be", "pending": 0, "pid": 177724, "policy_version": 0, "rank": 0, "required": 4, "ts": "2026-10-04 15:54:37"}
[DBG] {"category": "QUEUE", "component": "train", "current_version": 0, "event": "BEGIN:preference_pop", "host": "d6b2a058c4be", "pid": 177724, "rank": 0, "requested": 4, "ts": "2026-10-04 15:54:37"}
[DBG] {"category": "QUEUE", "component": "train", "event": "watchdog_armed", "host": "d6b2a058c4be", "pid": 177724, "rank": 0, "stage": "preference_pop", "timeout_sec": 30.0, "ts": "2026-10-04 15:54:37"}
[DBG] {"category": "QUEUE", "component": "train", "elapsed_sec": 0.005728, "event": "END:preference_pop", "host": "d6b2a058c4be", "pid": 177724, "rank": 0, "ts": "2026-10-04 15:54:37"}
[DBG] {"category": "TRAIN", "component": "train", "event": "BEGIN:broadcast_preference_payload", "has_payload": false, "host": "d6b2a058c4be", "pid": 177724, "rank": 0, "transport": "json_uint8_gloo", "ts": "2026-10-04 15:54:37"}
[DBG] {"category": "TRAIN", "component": "train", "event": "watchdog_armed", "host": "d6b2a058c4be", "pid": 177724, "rank": 0, "stage": "broadcast_preference_payload", "timeout_sec": 30.0, "ts": "2026-10-04 15:54:37"}
[DBG] {"bytes": 0, "category": "TRAIN", "component": "train", "event": "BEGIN:broadcast_preference_length", "host": "d6b2a058c4be", "pid": 177724, "rank": 0, "transport": "gloo_cpu", "ts": "2026-10-04 15:54:37"}
[DBG] {"category": "TRAIN", "component": "train", "event": "watchdog_armed", "host": "d6b2a058c4be", "pid": 177724, "rank": 0, "stage": "broadcast_preference_length", "timeout_sec": 30.0, "ts": "2026-10-04 15:54:37"}
[DBG] {"category": "TRAIN", "component": "train", "elapsed_sec": 0.00219, "event": "END:broadcast_preference_length", "host": "d6b2a058c4be", "pid": 177724, "rank": 0, "ts": "2026-10-04 15:54:37"}
[DBG] {"category": "TRAIN", "component": "train", "event": "watchdog_armed", "host": "d6b2a058c4be", "pid": 177724, "rank": 0, "stage": "broadcast_preference_payload", "timeout_sec": 30.0, "ts": "2026-10-04 15:54:37"}
[DBG] {"category": "TRAIN", "component": "train", "elapsed_sec": 0.003342, "event": "END:broadcast_preference_payload", "host": "d6b2a058c4be", "pid": 177724, "rank": 0, "ts": "2026-10-04 15:54:37"}
[DBG] {"category": "RAY", "component": "train", "event": "BEGIN:control_should_stop", "host": "d6b2a058c4be", "pid": 177724, "rank": 0, "ts": "2026-10-04 15:54:37"}
[DBG] {"category": "RAY", "component": "train", "event": "watchdog_armed", "host": "d6b2a058c4be", "pid": 177724, "rank": 0, "stage": "control_should_stop", "timeout_sec": 30.0, "ts": "2026-10-04 15:54:37"}
[DBG] {"category": "RAY", "component": "train", "elapsed_sec": 0.003619, "event": "END:control_should_stop", "host": "d6b2a058c4be", "pid": 177724, "rank": 0, "ts": "2026-10-04 15:54:37"}
[DBG] {"category": "TRAIN", "component": "train", "event": "BEGIN:broadcast_stop_flag", "host": "d6b2a058c4be", "pid": 177724, "rank": 0, "transport": "gloo_cpu", "ts": "2026-10-04 15:54:37", "value": false}
[DBG] {"category": "TRAIN", "component": "train", "event": "watchdog_armed", "host": "d6b2a058c4be", "pid": 177724, "rank": 0, "stage": "broadcast_stop_flag", "timeout_sec": 30.0, "ts": "2026-10-04 15:54:37"}
[DBG] {"category": "TRAIN", "component": "train", "elapsed_sec": 0.00237, "event": "END:broadcast_stop_flag", "host": "d6b2a058c4be", "pid": 177724, "rank": 0, "ts": "2026-10-04 15:54:37"}
[DBG] {"category": "QUEUE", "component": "train", "event": "BEGIN:preference_size_before_pop", "host": "d6b2a058c4be", "pid": 177724, "rank": 0, "ts": "2026-10-04 15:54:37"}
[DBG] {"category": "QUEUE", "component": "train", "event": "watchdog_armed", "host": "d6b2a058c4be", "pid": 177724, "rank": 0, "stage": "preference_size_before_pop", "timeout_sec": 30.0, "ts": "2026-10-04 15:54:37"}
[DBG] {"category": "QUEUE", "component": "train", "elapsed_sec": 0.006121, "event": "END:preference_size_before_pop", "host": "d6b2a058c4be", "pid": 177724, "rank": 0, "ts": "2026-10-04 15:54:37"}
[DBG] {"category": "QUEUE", "component": "train", "event": "trainer_queue_state", "host": "d6b2a058c4be", "pending": 0, "pid": 177724, "policy_version": 0, "rank": 0, "required": 4, "ts": "2026-10-04 15:54:37"}
[DBG] {"category": "QUEUE", "component": "train", "current_version": 0, "event": "BEGIN:preference_pop", "host": "d6b2a058c4be", "pid": 177724, "rank": 0, "requested": 4, "ts": "2026-10-04 15:54:37"}
[DBG] {"category": "QUEUE", "component": "train", "event": "watchdog_armed", "host": "d6b2a058c4be", "pid": 177724, "rank": 0, "stage": "preference_pop", "timeout_sec": 30.0, "ts": "2026-10-04 15:54:37"}
[DBG] {"category": "QUEUE", "component": "train", "elapsed_sec": 0.007835, "event": "END:preference_pop", "host": "d6b2a058c4be", "pid": 177724, "rank": 0, "ts": "2026-10-04 15:54:37"}
[DBG] {"category": "TRAIN", "component": "train", "event": "BEGIN:broadcast_preference_payload", "has_payload": false, "host": "d6b2a058c4be", "pid": 177724, "rank": 0, "transport": "json_uint8_gloo", "ts": "2026-10-04 15:54:37"}
[DBG] {"category": "TRAIN", "component": "train", "event": "watchdog_armed", "host": "d6b2a058c4be", "pid": 177724, "rank": 0, "stage": "broadcast_preference_payload", "timeout_sec": 30.0, "ts": "2026-10-04 15:54:37"}
[DBG] {"bytes": 0, "category": "TRAIN", "component": "train", "event": "BEGIN:broadcast_preference_length", "host": "d6b2a058c4be", "pid": 177724, "rank": 0, "transport": "gloo_cpu", "ts": "2026-10-04 15:54:37"}
[DBG] {"category": "TRAIN", "component": "train", "event": "watchdog_armed", "host": "d6b2a058c4be", "pid": 177724, "rank": 0, "stage": "broadcast_preference_length", "timeout_sec": 30.0, "ts": "2026-10-04 15:54:37"}
[DBG] {"category": "TRAIN", "component": "train", "elapsed_sec": 0.002226, "event": "END:broadcast_preference_length", "host": "d6b2a058c4be", "pid": 177724, "rank": 0, "ts": "2026-10-04 15:54:37"}
[DBG] {"category": "TRAIN", "component": "train", "event": "watchdog_armed", "host": "d6b2a058c4be", "pid": 177724, "rank": 0, "stage": "broadcast_preference_payload", "timeout_sec": 30.0, "ts": "2026-10-04 15:54:37"}
[DBG] {"category": "TRAIN", "component": "train", "elapsed_sec": 0.003573, "event": "END:broadcast_preference_payload", "host": "d6b2a058c4be", "pid": 177724, "rank": 0, "ts": "2026-10-04 15:54:37"}
[DBG] {"category": "RAY", "component": "train", "event": "BEGIN:control_should_stop", "host": "d6b2a058c4be", "pid": 177724, "rank": 0, "ts": "2026-10-04 15:54:38"}
[DBG] {"category": "RAY", "component": "train", "event": "watchdog_armed", "host": "d6b2a058c4be", "pid": 177724, "rank": 0, "stage": "control_should_stop", "timeout_sec": 30.0, "ts": "2026-10-04 15:54:38"}
[DBG] {"category": "RAY", "component": "train", "elapsed_sec": 0.003966, "event": "END:control_should_stop", "host": "d6b2a058c4be", "pid": 177724, "rank": 0, "ts": "2026-10-04 15:54:38"}
[DBG] {"category": "TRAIN", "component": "train", "event": "BEGIN:broadcast_stop_flag", "host": "d6b2a058c4be", "pid": 177724, "rank": 0, "transport": "gloo_cpu", "ts": "2026-10-04 15:54:38", "value": false}
[DBG] {"category": "TRAIN", "component": "train", "event": "watchdog_armed", "host": "d6b2a058c4be", "pid": 177724, "rank": 0, "stage": "broadcast_stop_flag", "timeout_sec": 30.0, "ts": "2026-10-04 15:54:38"}
[DBG] {"category": "TRAIN", "component": "train", "elapsed_sec": 0.002514, "event": "END:broadcast_stop_flag", "host": "d6b2a058c4be", "pid": 177724, "rank": 0, "ts": "2026-10-04 15:54:38"}
[DBG] {"category": "QUEUE", "component": "train", "event": "BEGIN:preference_size_before_pop", "host": "d6b2a058c4be", "pid": 177724, "rank": 0, "ts": "2026-10-04 15:54:38"}
[DBG] {"category": "QUEUE", "component": "train", "event": "watchdog_armed", "host": "d6b2a058c4be", "pid": 177724, "rank": 0, "stage": "preference_size_before_pop", "timeout_sec": 30.0, "ts": "2026-10-04 15:54:38"}
[DBG] {"category": "QUEUE", "component": "train", "elapsed_sec": 0.00494, "event": "END:preference_size_before_pop", "host": "d6b2a058c4be", "pid": 177724, "rank": 0, "ts": "2026-10-04 15:54:38"}
[DBG] {"category": "QUEUE", "component": "train", "event": "trainer_queue_state", "host": "d6b2a058c4be", "pending": 0, "pid": 177724, "policy_version": 0, "rank": 0, "required": 4, "ts": "2026-10-04 15:54:38"}
[DBG] {"category": "QUEUE", "component": "train", "current_version": 0, "event": "BEGIN:preference_pop", "host": "d6b2a058c4be", "pid": 177724, "rank": 0, "requested": 4, "ts": "2026-10-04 15:54:38"}
[DBG] {"category": "QUEUE", "component": "train", "event": "watchdog_armed", "host": "d6b2a058c4be", "pid": 177724, "rank": 0, "stage": "preference_pop", "timeout_sec": 30.0, "ts": "2026-10-04 15:54:38"}
[DBG] {"category": "QUEUE", "component": "train", "elapsed_sec": 0.007772, "event": "END:preference_pop", "host": "d6b2a058c4be", "pid": 177724, "rank": 0, "ts": "2026-10-04 15:54:38"}
[DBG] {"category": "TRAIN", "component": "train", "empty_polls": 40, "event": "waiting_for_preference_batch", "host": "d6b2a058c4be", "pending": 0, "pid": 177724, "rank": 0, "required": 4, "ts": "2026-10-04 15:54:38"}
[DBG] {"category": "TRAIN", "component": "train", "event": "BEGIN:broadcast_preference_payload", "has_payload": false, "host": "d6b2a058c4be", "pid": 177724, "rank": 0, "transport": "json_uint8_gloo", "ts": "2026-10-04 15:54:38"}
[DBG] {"category": "TRAIN", "component": "train", "event": "watchdog_armed", "host": "d6b2a058c4be", "pid": 177724, "rank": 0, "stage": "broadcast_preference_payload", "timeout_sec": 30.0, "ts": "2026-10-04 15:54:38"}
[DBG] {"bytes": 0, "category": "TRAIN", "component": "train", "event": "BEGIN:broadcast_preference_length", "host": "d6b2a058c4be", "pid": 177724, "rank": 0, "transport": "gloo_cpu", "ts": "2026-10-04 15:54:38"}
[DBG] {"category": "TRAIN", "component": "train", "event": "watchdog_armed", "host": "d6b2a058c4be", "pid": 177724, "rank": 0, "stage": "broadcast_preference_length", "timeout_sec": 30.0, "ts": "2026-10-04 15:54:38"}
[DBG] {"category": "TRAIN", "component": "train", "elapsed_sec": 0.002195, "event": "END:broadcast_preference_length", "host": "d6b2a058c4be", "pid": 177724, "rank": 0, "ts": "2026-10-04 15:54:38"}
[DBG] {"category": "TRAIN", "component": "train", "event": "watchdog_armed", "host": "d6b2a058c4be", "pid": 177724, "rank": 0, "stage": "broadcast_preference_payload", "timeout_sec": 30.0, "ts": "2026-10-04 15:54:38"}
[DBG] {"category": "TRAIN", "component": "train", "elapsed_sec": 0.003312, "event": "END:broadcast_preference_payload", "host": "d6b2a058c4be", "pid": 177724, "rank": 0, "ts": "2026-10-04 15:54:38"}
[DBG] {"category": "RAY", "component": "train", "event": "BEGIN:control_should_stop", "host": "d6b2a058c4be", "pid": 177724, "rank": 0, "ts": "2026-10-04 15:54:38"}
[DBG] {"category": "RAY", "component": "train", "event": "watchdog_armed", "host": "d6b2a058c4be", "pid": 177724, "rank": 0, "stage": "control_should_stop", "timeout_sec": 30.0, "ts": "2026-10-04 15:54:38"}
[DBG] {"category": "RAY", "component": "train", "elapsed_sec": 0.003852, "event": "END:control_should_stop", "host": "d6b2a058c4be", "pid": 177724, "rank": 0, "ts": "2026-10-04 15:54:38"}
[DBG] {"category": "TRAIN", "component": "train", "event": "BEGIN:broadcast_stop_flag", "host": "d6b2a058c4be", "pid": 177724, "rank": 0, "transport": "gloo_cpu", "ts": "2026-10-04 15:54:38", "value": false}
[DBG] {"category": "TRAIN", "component": "train", "event": "watchdog_armed", "host": "d6b2a058c4be", "pid": 177724, "rank": 0, "stage": "broadcast_stop_flag", "timeout_sec": 30.0, "ts": "2026-10-04 15:54:38"}
[DBG] {"category": "TRAIN", "component": "train", "elapsed_sec": 0.002665, "event": "END:broadcast_stop_flag", "host": "d6b2a058c4be", "pid": 177724, "rank": 0, "ts": "2026-10-04 15:54:38"}
[DBG] {"category": "QUEUE", "component": "train", "event": "BEGIN:preference_size_before_pop", "host": "d6b2a058c4be", "pid": 177724, "rank": 0, "ts": "2026-10-04 15:54:38"}
[DBG] {"category": "QUEUE", "component": "train", "event": "watchdog_armed", "host": "d6b2a058c4be", "pid": 177724, "rank": 0, "stage": "preference_size_before_pop", "timeout_sec": 30.0, "ts": "2026-10-04 15:54:38"}
[DBG] {"category": "QUEUE", "component": "train", "elapsed_sec": 0.005844, "event": "END:preference_size_before_pop", "host": "d6b2a058c4be", "pid": 177724, "rank": 0, "ts": "2026-10-04 15:54:38"}
[DBG] {"category": "QUEUE", "component": "train", "event": "trainer_queue_state", "host": "d6b2a058c4be", "pending": 0, "pid": 177724, "policy_version": 0, "rank": 0, "required": 4, "ts": "2026-10-04 15:54:38"}
[DBG] {"category": "QUEUE", "component": "train", "current_version": 0, "event": "BEGIN:preference_pop", "host": "d6b2a058c4be", "pid": 177724, "rank": 0, "requested": 4, "ts": "2026-10-04 15:54:38"}
[DBG] {"category": "QUEUE", "component": "train", "event": "watchdog_armed", "host": "d6b2a058c4be", "pid": 177724, "rank": 0, "stage": "preference_pop", "timeout_sec": 30.0, "ts": "2026-10-04 15:54:38"}
[DBG] {"category": "QUEUE", "component": "train", "elapsed_sec": 0.00668, "event": "END:preference_pop", "host": "d6b2a058c4be", "pid": 177724, "rank": 0, "ts": "2026-10-04 15:54:38"}
[DBG] {"category": "TRAIN", "component": "train", "event": "BEGIN:broadcast_preference_payload", "has_payload": false, "host": "d6b2a058c4be", "pid": 177724, "rank": 0, "transport": "json_uint8_gloo", "ts": "2026-10-04 15:54:38"}
[DBG] {"category": "TRAIN", "component": "train", "event": "watchdog_armed", "host": "d6b2a058c4be", "pid": 177724, "rank": 0, "stage": "broadcast_preference_payload", "timeout_sec": 30.0, "ts": "2026-10-04 15:54:38"}
[DBG] {"bytes": 0, "category": "TRAIN", "component": "train", "event": "BEGIN:broadcast_preference_length", "host": "d6b2a058c4be", "pid": 177724, "rank": 0, "transport": "gloo_cpu", "ts": "2026-10-04 15:54:38"}
[DBG] {"category": "TRAIN", "component": "train", "event": "watchdog_armed", "host": "d6b2a058c4be", "pid": 177724, "rank": 0, "stage": "broadcast_preference_length", "timeout_sec": 30.0, "ts": "2026-10-04 15:54:38"}
[DBG] {"category": "TRAIN", "component": "train", "elapsed_sec": 0.002608, "event": "END:broadcast_preference_length", "host": "d6b2a058c4be", "pid": 177724, "rank": 0, "ts": "2026-10-04 15:54:38"}
[DBG] {"category": "TRAIN", "component": "train", "event": "watchdog_armed", "host": "d6b2a058c4be", "pid": 177724, "rank": 0, "stage": "broadcast_preference_payload", "timeout_sec": 30.0, "ts": "2026-10-04 15:54:38"}
[DBG] {"category": "TRAIN", "component": "train", "elapsed_sec": 0.003749, "event": "END:broadcast_preference_payload", "host": "d6b2a058c4be", "pid": 177724, "rank": 0, "ts": "2026-10-04 15:54:38"}
[DBG] {"category": "RAY", "component": "train", "event": "BEGIN:control_should_stop", "host": "d6b2a058c4be", "pid": 177724, "rank": 0, "ts": "2026-10-04 15:54:39"}
[DBG] {"category": "RAY", "component": "train", "event": "watchdog_armed", "host": "d6b2a058c4be", "pid": 177724, "rank": 0, "stage": "control_should_stop", "timeout_sec": 30.0, "ts": "2026-10-04 15:54:39"}
[DBG] {"category": "RAY", "component": "train", "elapsed_sec": 0.003589, "event": "END:control_should_stop", "host": "d6b2a058c4be", "pid": 177724, "rank": 0, "ts": "2026-10-04 15:54:39"}
[DBG] {"category": "TRAIN", "component": "train", "event": "BEGIN:broadcast_stop_flag", "host": "d6b2a058c4be", "pid": 177724, "rank": 0, "transport": "gloo_cpu", "ts": "2026-10-04 15:54:39", "value": false}
[DBG] {"category": "TRAIN", "component": "train", "event": "watchdog_armed", "host": "d6b2a058c4be", "pid": 177724, "rank": 0, "stage": "broadcast_stop_flag", "timeout_sec": 30.0, "ts": "2026-10-04 15:54:39"}
[DBG] {"category": "TRAIN", "component": "train", "elapsed_sec": 0.002448, "event": "END:broadcast_stop_flag", "host": "d6b2a058c4be", "pid": 177724, "rank": 0, "ts": "2026-10-04 15:54:39"}
[DBG] {"category": "QUEUE", "component": "train", "event": "BEGIN:preference_size_before_pop", "host": "d6b2a058c4be", "pid": 177724, "rank": 0, "ts": "2026-10-04 15:54:39"}
[DBG] {"category": "QUEUE", "component": "train", "event": "watchdog_armed", "host": "d6b2a058c4be", "pid": 177724, "rank": 0, "stage": "preference_size_before_pop", "timeout_sec": 30.0, "ts": "2026-10-04 15:54:39"}
[DBG] {"category": "QUEUE", "component": "train", "elapsed_sec": 0.004749, "event": "END:preference_size_before_pop", "host": "d6b2a058c4be", "pid": 177724, "rank": 0, "ts": "2026-10-04 15:54:39"}
[DBG] {"category": "QUEUE", "component": "train", "event": "trainer_queue_state", "host": "d6b2a058c4be", "pending": 0, "pid": 177724, "policy_version": 0, "rank": 0, "required": 4, "ts": "2026-10-04 15:54:39"}
[DBG] {"category": "QUEUE", "component": "train", "current_version": 0, "event": "BEGIN:preference_pop", "host": "d6b2a058c4be", "pid": 177724, "rank": 0, "requested": 4, "ts": "2026-10-04 15:54:39"}
[DBG] {"category": "QUEUE", "component": "train", "event": "watchdog_armed", "host": "d6b2a058c4be", "pid": 177724, "rank": 0, "stage": "preference_pop", "timeout_sec": 30.0, "ts": "2026-10-04 15:54:39"}
[DBG] {"category": "QUEUE", "component": "train", "elapsed_sec": 0.006817, "event": "END:preference_pop", "host": "d6b2a058c4be", "pid": 177724, "rank": 0, "ts": "2026-10-04 15:54:39"}
[DBG] {"category": "TRAIN", "component": "train", "event": "BEGIN:broadcast_preference_payload", "has_payload": false, "host": "d6b2a058c4be", "pid": 177724, "rank": 0, "transport": "json_uint8_gloo", "ts": "2026-10-04 15:54:39"}
[DBG] {"category": "TRAIN", "component": "train", "event": "watchdog_armed", "host": "d6b2a058c4be", "pid": 177724, "rank": 0, "stage": "broadcast_preference_payload", "timeout_sec": 30.0, "ts": "2026-10-04 15:54:39"}
[DBG] {"bytes": 0, "category": "TRAIN", "component": "train", "event": "BEGIN:broadcast_preference_length", "host": "d6b2a058c4be", "pid": 177724, "rank": 0, "transport": "gloo_cpu", "ts": "2026-10-04 15:54:39"}
[DBG] {"category": "TRAIN", "component": "train", "event": "watchdog_armed", "host": "d6b2a058c4be", "pid": 177724, "rank": 0, "stage": "broadcast_preference_length", "timeout_sec": 30.0, "ts": "2026-10-04 15:54:39"}
[DBG] {"category": "TRAIN", "component": "train", "elapsed_sec": 0.002415, "event": "END:broadcast_preference_length", "host": "d6b2a058c4be", "pid": 177724, "rank": 0, "ts": "2026-10-04 15:54:39"}
[DBG] {"category": "TRAIN", "component": "train", "event": "watchdog_armed", "host": "d6b2a058c4be", "pid": 177724, "rank": 0, "stage": "broadcast_preference_payload", "timeout_sec": 30.0, "ts": "2026-10-04 15:54:39"}
[DBG] {"category": "TRAIN", "component": "train", "elapsed_sec": 0.003594, "event": "END:broadcast_preference_payload", "host": "d6b2a058c4be", "pid": 177724, "rank": 0, "ts": "2026-10-04 15:54:39"}
[DBG] {"category": "RAY", "component": "train", "event": "BEGIN:control_should_stop", "host": "d6b2a058c4be", "pid": 177724, "rank": 0, "ts": "2026-10-04 15:54:39"}
[DBG] {"category": "RAY", "component": "train", "event": "watchdog_armed", "host": "d6b2a058c4be", "pid": 177724, "rank": 0, "stage": "control_should_stop", "timeout_sec": 30.0, "ts": "2026-10-04 15:54:39"}
[DBG] {"category": "RAY", "component": "train", "elapsed_sec": 0.003755, "event": "END:control_should_stop", "host": "d6b2a058c4be", "pid": 177724, "rank": 0, "ts": "2026-10-04 15:54:39"}
[DBG] {"category": "TRAIN", "component": "train", "event": "BEGIN:broadcast_stop_flag", "host": "d6b2a058c4be", "pid": 177724, "rank": 0, "transport": "gloo_cpu", "ts": "2026-10-04 15:54:39", "value": false}
[DBG] {"category": "TRAIN", "component": "train", "event": "watchdog_armed", "host": "d6b2a058c4be", "pid": 177724, "rank": 0, "stage": "broadcast_stop_flag", "timeout_sec": 30.0, "ts": "2026-10-04 15:54:39"}
[DBG] {"category": "TRAIN", "component": "train", "elapsed_sec": 0.002891, "event": "END:broadcast_stop_flag", "host": "d6b2a058c4be", "pid": 177724, "rank": 0, "ts": "2026-10-04 15:54:39"}
[DBG] {"category": "QUEUE", "component": "train", "event": "BEGIN:preference_size_before_pop", "host": "d6b2a058c4be", "pid": 177724, "rank": 0, "ts": "2026-10-04 15:54:39"}
[DBG] {"category": "QUEUE", "component": "train", "event": "watchdog_armed", "host": "d6b2a058c4be", "pid": 177724, "rank": 0, "stage": "preference_size_before_pop", "timeout_sec": 30.0, "ts": "2026-10-04 15:54:39"}
[DBG] {"category": "QUEUE", "component": "train", "elapsed_sec": 0.00564, "event": "END:preference_size_before_pop", "host": "d6b2a058c4be", "pid": 177724, "rank": 0, "ts": "2026-10-04 15:54:39"}
[DBG] {"category": "QUEUE", "component": "train", "event": "trainer_queue_state", "host": "d6b2a058c4be", "pending": 0, "pid": 177724, "policy_version": 0, "rank": 0, "required": 4, "ts": "2026-10-04 15:54:39"}
[DBG] {"category": "QUEUE", "component": "train", "current_version": 0, "event": "BEGIN:preference_pop", "host": "d6b2a058c4be", "pid": 177724, "rank": 0, "requested": 4, "ts": "2026-10-04 15:54:39"}
[DBG] {"category": "QUEUE", "component": "train", "event": "watchdog_armed", "host": "d6b2a058c4be", "pid": 177724, "rank": 0, "stage": "preference_pop", "timeout_sec": 30.0, "ts": "2026-10-04 15:54:39"}
[DBG] {"category": "QUEUE", "component": "train", "elapsed_sec": 0.007676, "event": "END:preference_pop", "host": "d6b2a058c4be", "pid": 177724, "rank": 0, "ts": "2026-10-04 15:54:39"}
[DBG] {"category": "TRAIN", "component": "train", "event": "BEGIN:broadcast_preference_payload", "has_payload": false, "host": "d6b2a058c4be", "pid": 177724, "rank": 0, "transport": "json_uint8_gloo", "ts": "2026-10-04 15:54:39"}
[DBG] {"category": "TRAIN", "component": "train", "event": "watchdog_armed", "host": "d6b2a058c4be", "pid": 177724, "rank": 0, "stage": "broadcast_preference_payload", "timeout_sec": 30.0, "ts": "2026-10-04 15:54:39"}
[DBG] {"bytes": 0, "category": "TRAIN", "component": "train", "event": "BEGIN:broadcast_preference_length", "host": "d6b2a058c4be", "pid": 177724, "rank": 0, "transport": "gloo_cpu", "ts": "2026-10-04 15:54:39"}
[DBG] {"category": "TRAIN", "component": "train", "event": "watchdog_armed", "host": "d6b2a058c4be", "pid": 177724, "rank": 0, "stage": "broadcast_preference_length", "timeout_sec": 30.0, "ts": "2026-10-04 15:54:39"}
[DBG] {"category": "TRAIN", "component": "train", "elapsed_sec": 0.002367, "event": "END:broadcast_preference_length", "host": "d6b2a058c4be", "pid": 177724, "rank": 0, "ts": "2026-10-04 15:54:39"}
[DBG] {"category": "TRAIN", "component": "train", "event": "watchdog_armed", "host": "d6b2a058c4be", "pid": 177724, "rank": 0, "stage": "broadcast_preference_payload", "timeout_sec": 30.0, "ts": "2026-10-04 15:54:39"}
[DBG] {"category": "TRAIN", "component": "train", "elapsed_sec": 0.003583, "event": "END:broadcast_preference_payload", "host": "d6b2a058c4be", "pid": 177724, "rank": 0, "ts": "2026-10-04 15:54:39"}
[DBG] {"category": "RAY", "component": "train", "event": "BEGIN:control_should_stop", "host": "d6b2a058c4be", "pid": 177724, "rank": 0, "ts": "2026-10-04 15:54:40"}
[DBG] {"category": "RAY", "component": "train", "event": "watchdog_armed", "host": "d6b2a058c4be", "pid": 177724, "rank": 0, "stage": "control_should_stop", "timeout_sec": 30.0, "ts": "2026-10-04 15:54:40"}
[DBG] {"category": "RAY", "component": "train", "elapsed_sec": 0.003532, "event": "END:control_should_stop", "host": "d6b2a058c4be", "pid": 177724, "rank": 0, "ts": "2026-10-04 15:54:40"}
[DBG] {"category": "TRAIN", "component": "train", "event": "BEGIN:broadcast_stop_flag", "host": "d6b2a058c4be", "pid": 177724, "rank": 0, "transport": "gloo_cpu", "ts": "2026-10-04 15:54:40", "value": false}
[DBG] {"category": "TRAIN", "component": "train", "event": "watchdog_armed", "host": "d6b2a058c4be", "pid": 177724, "rank": 0, "stage": "broadcast_stop_flag", "timeout_sec": 30.0, "ts": "2026-10-04 15:54:40"}
[DBG] {"category": "TRAIN", "component": "train", "elapsed_sec": 0.002267, "event": "END:broadcast_stop_flag", "host": "d6b2a058c4be", "pid": 177724, "rank": 0, "ts": "2026-10-04 15:54:40"}
[DBG] {"category": "QUEUE", "component": "train", "event": "BEGIN:preference_size_before_pop", "host": "d6b2a058c4be", "pid": 177724, "rank": 0, "ts": "2026-10-04 15:54:40"}
[DBG] {"category": "QUEUE", "component": "train", "event": "watchdog_armed", "host": "d6b2a058c4be", "pid": 177724, "rank": 0, "stage": "preference_size_before_pop", "timeout_sec": 30.0, "ts": "2026-10-04 15:54:40"}
[DBG] {"category": "QUEUE", "component": "train", "elapsed_sec": 0.005634, "event": "END:preference_size_before_pop", "host": "d6b2a058c4be", "pid": 177724, "rank": 0, "ts": "2026-10-04 15:54:40"}
[DBG] {"category": "QUEUE", "component": "train", "event": "trainer_queue_state", "host": "d6b2a058c4be", "pending": 0, "pid": 177724, "policy_version": 0, "rank": 0, "required": 4, "ts": "2026-10-04 15:54:40"}
[DBG] {"category": "QUEUE", "component": "train", "current_version": 0, "event": "BEGIN:preference_pop", "host": "d6b2a058c4be", "pid": 177724, "rank": 0, "requested": 4, "ts": "2026-10-04 15:54:40"}
[DBG] {"category": "QUEUE", "component": "train", "event": "watchdog_armed", "host": "d6b2a058c4be", "pid": 177724, "rank": 0, "stage": "preference_pop", "timeout_sec": 30.0, "ts": "2026-10-04 15:54:40"}
[DBG] {"category": "QUEUE", "component": "train", "elapsed_sec": 0.007058, "event": "END:preference_pop", "host": "d6b2a058c4be", "pid": 177724, "rank": 0, "ts": "2026-10-04 15:54:40"}
[DBG] {"category": "TRAIN", "component": "train", "event": "BEGIN:broadcast_preference_payload", "has_payload": false, "host": "d6b2a058c4be", "pid": 177724, "rank": 0, "transport": "json_uint8_gloo", "ts": "2026-10-04 15:54:40"}
[DBG] {"category": "TRAIN", "component": "train", "event": "watchdog_armed", "host": "d6b2a058c4be", "pid": 177724, "rank": 0, "stage": "broadcast_preference_payload", "timeout_sec": 30.0, "ts": "2026-10-04 15:54:40"}
[DBG] {"bytes": 0, "category": "TRAIN", "component": "train", "event": "BEGIN:broadcast_preference_length", "host": "d6b2a058c4be", "pid": 177724, "rank": 0, "transport": "gloo_cpu", "ts": "2026-10-04 15:54:40"}
[DBG] {"category": "TRAIN", "component": "train", "event": "watchdog_armed", "host": "d6b2a058c4be", "pid": 177724, "rank": 0, "stage": "broadcast_preference_length", "timeout_sec": 30.0, "ts": "2026-10-04 15:54:40"}
[DBG] {"category": "TRAIN", "component": "train", "elapsed_sec": 0.002322, "event": "END:broadcast_preference_length", "host": "d6b2a058c4be", "pid": 177724, "rank": 0, "ts": "2026-10-04 15:54:40"}
[DBG] {"category": "TRAIN", "component": "train", "event": "watchdog_armed", "host": "d6b2a058c4be", "pid": 177724, "rank": 0, "stage": "broadcast_preference_payload", "timeout_sec": 30.0, "ts": "2026-10-04 15:54:40"}
[DBG] {"category": "TRAIN", "component": "train", "elapsed_sec": 0.003484, "event": "END:broadcast_preference_payload", "host": "d6b2a058c4be", "pid": 177724, "rank": 0, "ts": "2026-10-04 15:54:40"}
[DBG] {"category": "RAY", "component": "train", "event": "BEGIN:control_should_stop", "host": "d6b2a058c4be", "pid": 177724, "rank": 0, "ts": "2026-10-04 15:54:40"}
[DBG] {"category": "RAY", "component": "train", "event": "watchdog_armed", "host": "d6b2a058c4be", "pid": 177724, "rank": 0, "stage": "control_should_stop", "timeout_sec": 30.0, "ts": "2026-10-04 15:54:40"}
[DBG] {"category": "RAY", "component": "train", "elapsed_sec": 0.003283, "event": "END:control_should_stop", "host": "d6b2a058c4be", "pid": 177724, "rank": 0, "ts": "2026-10-04 15:54:40"}
[DBG] {"category": "TRAIN", "component": "train", "event": "BEGIN:broadcast_stop_flag", "host": "d6b2a058c4be", "pid": 177724, "rank": 0, "transport": "gloo_cpu", "ts": "2026-10-04 15:54:40", "value": false}
[DBG] {"category": "TRAIN", "component": "train", "event": "watchdog_armed", "host": "d6b2a058c4be", "pid": 177724, "rank": 0, "stage": "broadcast_stop_flag", "timeout_sec": 30.0, "ts": "2026-10-04 15:54:40"}
[DBG] {"category": "TRAIN", "component": "train", "elapsed_sec": 0.002306, "event": "END:broadcast_stop_flag", "host": "d6b2a058c4be", "pid": 177724, "rank": 0, "ts": "2026-10-04 15:54:40"}
[DBG] {"category": "QUEUE", "component": "train", "event": "BEGIN:preference_size_before_pop", "host": "d6b2a058c4be", "pid": 177724, "rank": 0, "ts": "2026-10-04 15:54:40"}
[DBG] {"category": "QUEUE", "component": "train", "event": "watchdog_armed", "host": "d6b2a058c4be", "pid": 177724, "rank": 0, "stage": "preference_size_before_pop", "timeout_sec": 30.0, "ts": "2026-10-04 15:54:40"}
[DBG] {"category": "QUEUE", "component": "train", "elapsed_sec": 0.005045, "event": "END:preference_size_before_pop", "host": "d6b2a058c4be", "pid": 177724, "rank": 0, "ts": "2026-10-04 15:54:40"}
[DBG] {"category": "QUEUE", "component": "train", "event": "trainer_queue_state", "host": "d6b2a058c4be", "pending": 0, "pid": 177724, "policy_version": 0, "rank": 0, "required": 4, "ts": "2026-10-04 15:54:40"}
[DBG] {"category": "QUEUE", "component": "train", "current_version": 0, "event": "BEGIN:preference_pop", "host": "d6b2a058c4be", "pid": 177724, "rank": 0, "requested": 4, "ts": "2026-10-04 15:54:40"}
[DBG] {"category": "QUEUE", "component": "train", "event": "watchdog_armed", "host": "d6b2a058c4be", "pid": 177724, "rank": 0, "stage": "preference_pop", "timeout_sec": 30.0, "ts": "2026-10-04 15:54:40"}
[DBG] {"category": "QUEUE", "component": "train", "elapsed_sec": 0.005736, "event": "END:preference_pop", "host": "d6b2a058c4be", "pid": 177724, "rank": 0, "ts": "2026-10-04 15:54:40"}
[DBG] {"category": "TRAIN", "component": "train", "event": "BEGIN:broadcast_preference_payload", "has_payload": false, "host": "d6b2a058c4be", "pid": 177724, "rank": 0, "transport": "json_uint8_gloo", "ts": "2026-10-04 15:54:40"}
[DBG] {"category": "TRAIN", "component": "train", "event": "watchdog_armed", "host": "d6b2a058c4be", "pid": 177724, "rank": 0, "stage": "broadcast_preference_payload", "timeout_sec": 30.0, "ts": "2026-10-04 15:54:40"}
[DBG] {"bytes": 0, "category": "TRAIN", "component": "train", "event": "BEGIN:broadcast_preference_length", "host": "d6b2a058c4be", "pid": 177724, "rank": 0, "transport": "gloo_cpu", "ts": "2026-10-04 15:54:40"}
[DBG] {"category": "TRAIN", "component": "train", "event": "watchdog_armed", "host": "d6b2a058c4be", "pid": 177724, "rank": 0, "stage": "broadcast_preference_length", "timeout_sec": 30.0, "ts": "2026-10-04 15:54:40"}
[DBG] {"category": "TRAIN", "component": "train", "elapsed_sec": 0.00189, "event": "END:broadcast_preference_length", "host": "d6b2a058c4be", "pid": 177724, "rank": 0, "ts": "2026-10-04 15:54:40"}
[DBG] {"category": "TRAIN", "component": "train", "event": "watchdog_armed", "host": "d6b2a058c4be", "pid": 177724, "rank": 0, "stage": "broadcast_preference_payload", "timeout_sec": 30.0, "ts": "2026-10-04 15:54:40"}
[DBG] {"category": "TRAIN", "component": "train", "elapsed_sec": 0.003032, "event": "END:broadcast_preference_payload", "host": "d6b2a058c4be", "pid": 177724, "rank": 0, "ts": "2026-10-04 15:54:40"}
[DBG] {"category": "RAY", "component": "train", "event": "BEGIN:control_should_stop", "host": "d6b2a058c4be", "pid": 177724, "rank": 0, "ts": "2026-10-04 15:54:41"}
[DBG] {"category": "RAY", "component": "train", "event": "watchdog_armed", "host": "d6b2a058c4be", "pid": 177724, "rank": 0, "stage": "control_should_stop", "timeout_sec": 30.0, "ts": "2026-10-04 15:54:41"}
[DBG] {"category": "RAY", "component": "train", "elapsed_sec": 0.003003, "event": "END:control_should_stop", "host": "d6b2a058c4be", "pid": 177724, "rank": 0, "ts": "2026-10-04 15:54:41"}
[DBG] {"category": "TRAIN", "component": "train", "event": "BEGIN:broadcast_stop_flag", "host": "d6b2a058c4be", "pid": 177724, "rank": 0, "transport": "gloo_cpu", "ts": "2026-10-04 15:54:41", "value": false}
[DBG] {"category": "TRAIN", "component": "train", "event": "watchdog_armed", "host": "d6b2a058c4be", "pid": 177724, "rank": 0, "stage": "broadcast_stop_flag", "timeout_sec": 30.0, "ts": "2026-10-04 15:54:41"}
[DBG] {"category": "TRAIN", "component": "train", "elapsed_sec": 0.002313, "event": "END:broadcast_stop_flag", "host": "d6b2a058c4be", "pid": 177724, "rank": 0, "ts": "2026-10-04 15:54:41"}
[DBG] {"category": "QUEUE", "component": "train", "event": "BEGIN:preference_size_before_pop", "host": "d6b2a058c4be", "pid": 177724, "rank": 0, "ts": "2026-10-04 15:54:41"}
[DBG] {"category": "QUEUE", "component": "train", "event": "watchdog_armed", "host": "d6b2a058c4be", "pid": 177724, "rank": 0, "stage": "preference_size_before_pop", "timeout_sec": 30.0, "ts": "2026-10-04 15:54:41"}
[DBG] {"category": "QUEUE", "component": "train", "elapsed_sec": 0.004564, "event": "END:preference_size_before_pop", "host": "d6b2a058c4be", "pid": 177724, "rank": 0, "ts": "2026-10-04 15:54:41"}
[DBG] {"category": "QUEUE", "component": "train", "event": "trainer_queue_state", "host": "d6b2a058c4be", "pending": 0, "pid": 177724, "policy_version": 0, "rank": 0, "required": 4, "ts": "2026-10-04 15:54:41"}
[DBG] {"category": "QUEUE", "component": "train", "current_version": 0, "event": "BEGIN:preference_pop", "host": "d6b2a058c4be", "pid": 177724, "rank": 0, "requested": 4, "ts": "2026-10-04 15:54:41"}
[DBG] {"category": "QUEUE", "component": "train", "event": "watchdog_armed", "host": "d6b2a058c4be", "pid": 177724, "rank": 0, "stage": "preference_pop", "timeout_sec": 30.0, "ts": "2026-10-04 15:54:41"}
[DBG] {"category": "QUEUE", "component": "train", "elapsed_sec": 0.005344, "event": "END:preference_pop", "host": "d6b2a058c4be", "pid": 177724, "rank": 0, "ts": "2026-10-04 15:54:41"}
[DBG] {"category": "TRAIN", "component": "train", "event": "BEGIN:broadcast_preference_payload", "has_payload": false, "host": "d6b2a058c4be", "pid": 177724, "rank": 0, "transport": "json_uint8_gloo", "ts": "2026-10-04 15:54:41"}
[DBG] {"category": "TRAIN", "component": "train", "event": "watchdog_armed", "host": "d6b2a058c4be", "pid": 177724, "rank": 0, "stage": "broadcast_preference_payload", "timeout_sec": 30.0, "ts": "2026-10-04 15:54:41"}
[DBG] {"bytes": 0, "category": "TRAIN", "component": "train", "event": "BEGIN:broadcast_preference_length", "host": "d6b2a058c4be", "pid": 177724, "rank": 0, "transport": "gloo_cpu", "ts": "2026-10-04 15:54:41"}
[DBG] {"category": "TRAIN", "component": "train", "event": "watchdog_armed", "host": "d6b2a058c4be", "pid": 177724, "rank": 0, "stage": "broadcast_preference_length", "timeout_sec": 30.0, "ts": "2026-10-04 15:54:41"}
[DBG] {"category": "TRAIN", "component": "train", "elapsed_sec": 0.003253, "event": "END:broadcast_preference_length", "host": "d6b2a058c4be", "pid": 177724, "rank": 0, "ts": "2026-10-04 15:54:41"}
[DBG] {"category": "TRAIN", "component": "train", "event": "watchdog_armed", "host": "d6b2a058c4be", "pid": 177724, "rank": 0, "stage": "broadcast_preference_payload", "timeout_sec": 30.0, "ts": "2026-10-04 15:54:41"}
[DBG] {"category": "TRAIN", "component": "train", "elapsed_sec": 0.004652, "event": "END:broadcast_preference_payload", "host": "d6b2a058c4be", "pid": 177724, "rank": 0, "ts": "2026-10-04 15:54:41"}
[DBG] {"category": "RAY", "component": "train", "event": "BEGIN:control_should_stop", "host": "d6b2a058c4be", "pid": 177724, "rank": 0, "ts": "2026-10-04 15:54:41"}
[DBG] {"category": "RAY", "component": "train", "event": "watchdog_armed", "host": "d6b2a058c4be", "pid": 177724, "rank": 0, "stage": "control_should_stop", "timeout_sec": 30.0, "ts": "2026-10-04 15:54:41"}
[DBG] {"category": "RAY", "component": "train", "elapsed_sec": 0.003716, "event": "END:control_should_stop", "host": "d6b2a058c4be", "pid": 177724, "rank": 0, "ts": "2026-10-04 15:54:41"}
[DBG] {"category": "TRAIN", "component": "train", "event": "BEGIN:broadcast_stop_flag", "host": "d6b2a058c4be", "pid": 177724, "rank": 0, "transport": "gloo_cpu", "ts": "2026-10-04 15:54:41", "value": false}
[DBG] {"category": "TRAIN", "component": "train", "event": "watchdog_armed", "host": "d6b2a058c4be", "pid": 177724, "rank": 0, "stage": "broadcast_stop_flag", "timeout_sec": 30.0, "ts": "2026-10-04 15:54:41"}
[DBG] {"category": "TRAIN", "component": "train", "elapsed_sec": 0.00326, "event": "END:broadcast_stop_flag", "host": "d6b2a058c4be", "pid": 177724, "rank": 0, "ts": "2026-10-04 15:54:41"}
[DBG] {"category": "QUEUE", "component": "train", "event": "BEGIN:preference_size_before_pop", "host": "d6b2a058c4be", "pid": 177724, "rank": 0, "ts": "2026-10-04 15:54:41"}
[DBG] {"category": "QUEUE", "component": "train", "event": "watchdog_armed", "host": "d6b2a058c4be", "pid": 177724, "rank": 0, "stage": "preference_size_before_pop", "timeout_sec": 30.0, "ts": "2026-10-04 15:54:41"}
[DBG] {"category": "QUEUE", "component": "train", "elapsed_sec": 0.004659, "event": "END:preference_size_before_pop", "host": "d6b2a058c4be", "pid": 177724, "rank": 0, "ts": "2026-10-04 15:54:41"}
[DBG] {"category": "QUEUE", "component": "train", "event": "trainer_queue_state", "host": "d6b2a058c4be", "pending": 0, "pid": 177724, "policy_version": 0, "rank": 0, "required": 4, "ts": "2026-10-04 15:54:41"}
[DBG] {"category": "QUEUE", "component": "train", "current_version": 0, "event": "BEGIN:preference_pop", "host": "d6b2a058c4be", "pid": 177724, "rank": 0, "requested": 4, "ts": "2026-10-04 15:54:41"}
[DBG] {"category": "QUEUE", "component": "train", "event": "watchdog_armed", "host": "d6b2a058c4be", "pid": 177724, "rank": 0, "stage": "preference_pop", "timeout_sec": 30.0, "ts": "2026-10-04 15:54:41"}
[DBG] {"category": "QUEUE", "component": "train", "elapsed_sec": 0.005249, "event": "END:preference_pop", "host": "d6b2a058c4be", "pid": 177724, "rank": 0, "ts": "2026-10-04 15:54:41"}
[DBG] {"category": "TRAIN", "component": "train", "event": "BEGIN:broadcast_preference_payload", "has_payload": false, "host": "d6b2a058c4be", "pid": 177724, "rank": 0, "transport": "json_uint8_gloo", "ts": "2026-10-04 15:54:41"}
[DBG] {"category": "TRAIN", "component": "train", "event": "watchdog_armed", "host": "d6b2a058c4be", "pid": 177724, "rank": 0, "stage": "broadcast_preference_payload", "timeout_sec": 30.0, "ts": "2026-10-04 15:54:41"}
[DBG] {"bytes": 0, "category": "TRAIN", "component": "train", "event": "BEGIN:broadcast_preference_length", "host": "d6b2a058c4be", "pid": 177724, "rank": 0, "transport": "gloo_cpu", "ts": "2026-10-04 15:54:41"}
[DBG] {"category": "TRAIN", "component": "train", "event": "watchdog_armed", "host": "d6b2a058c4be", "pid": 177724, "rank": 0, "stage": "broadcast_preference_length", "timeout_sec": 30.0, "ts": "2026-10-04 15:54:41"}
[DBG] {"category": "TRAIN", "component": "train", "elapsed_sec": 0.003372, "event": "END:broadcast_preference_length", "host": "d6b2a058c4be", "pid": 177724, "rank": 0, "ts": "2026-10-04 15:54:41"}
[DBG] {"category": "TRAIN", "component": "train", "event": "watchdog_armed", "host": "d6b2a058c4be", "pid": 177724, "rank": 0, "stage": "broadcast_preference_payload", "timeout_sec": 30.0, "ts": "2026-10-04 15:54:41"}
[DBG] {"category": "TRAIN", "component": "train", "elapsed_sec": 0.004388, "event": "END:broadcast_preference_payload", "host": "d6b2a058c4be", "pid": 177724, "rank": 0, "ts": "2026-10-04 15:54:41"}
[DBG] {"category": "RAY", "component": "train", "event": "BEGIN:control_should_stop", "host": "d6b2a058c4be", "pid": 177724, "rank": 0, "ts": "2026-10-04 15:54:42"}
[DBG] {"category": "RAY", "component": "train", "event": "watchdog_armed", "host": "d6b2a058c4be", "pid": 177724, "rank": 0, "stage": "control_should_stop", "timeout_sec": 30.0, "ts": "2026-10-04 15:54:42"}
[DBG] {"category": "RAY", "component": "train", "elapsed_sec": 0.003504, "event": "END:control_should_stop", "host": "d6b2a058c4be", "pid": 177724, "rank": 0, "ts": "2026-10-04 15:54:42"}
[DBG] {"category": "TRAIN", "component": "train", "event": "BEGIN:broadcast_stop_flag", "host": "d6b2a058c4be", "pid": 177724, "rank": 0, "transport": "gloo_cpu", "ts": "2026-10-04 15:54:42", "value": false}
[DBG] {"category": "TRAIN", "component": "train", "event": "watchdog_armed", "host": "d6b2a058c4be", "pid": 177724, "rank": 0, "stage": "broadcast_stop_flag", "timeout_sec": 30.0, "ts": "2026-10-04 15:54:42"}
[DBG] {"category": "TRAIN", "component": "train", "elapsed_sec": 0.002817, "event": "END:broadcast_stop_flag", "host": "d6b2a058c4be", "pid": 177724, "rank": 0, "ts": "2026-10-04 15:54:42"}
[DBG] {"category": "QUEUE", "component": "train", "event": "BEGIN:preference_size_before_pop", "host": "d6b2a058c4be", "pid": 177724, "rank": 0, "ts": "2026-10-04 15:54:42"}
[DBG] {"category": "QUEUE", "component": "train", "event": "watchdog_armed", "host": "d6b2a058c4be", "pid": 177724, "rank": 0, "stage": "preference_size_before_pop", "timeout_sec": 30.0, "ts": "2026-10-04 15:54:42"}
[DBG] {"category": "QUEUE", "component": "train", "elapsed_sec": 0.005094, "event": "END:preference_size_before_pop", "host": "d6b2a058c4be", "pid": 177724, "rank": 0, "ts": "2026-10-04 15:54:42"}
[DBG] {"category": "QUEUE", "component": "train", "event": "trainer_queue_state", "host": "d6b2a058c4be", "pending": 0, "pid": 177724, "policy_version": 0, "rank": 0, "required": 4, "ts": "2026-10-04 15:54:42"}
[DBG] {"category": "QUEUE", "component": "train", "current_version": 0, "event": "BEGIN:preference_pop", "host": "d6b2a058c4be", "pid": 177724, "rank": 0, "requested": 4, "ts": "2026-10-04 15:54:42"}
[DBG] {"category": "QUEUE", "component": "train", "event": "watchdog_armed", "host": "d6b2a058c4be", "pid": 177724, "rank": 0, "stage": "preference_pop", "timeout_sec": 30.0, "ts": "2026-10-04 15:54:42"}
[DBG] {"category": "QUEUE", "component": "train", "elapsed_sec": 0.007128, "event": "END:preference_pop", "host": "d6b2a058c4be", "pid": 177724, "rank": 0, "ts": "2026-10-04 15:54:42"}
[DBG] {"category": "TRAIN", "component": "train", "event": "BEGIN:broadcast_preference_payload", "has_payload": false, "host": "d6b2a058c4be", "pid": 177724, "rank": 0, "transport": "json_uint8_gloo", "ts": "2026-10-04 15:54:42"}
[DBG] {"category": "TRAIN", "component": "train", "event": "watchdog_armed", "host": "d6b2a058c4be", "pid": 177724, "rank": 0, "stage": "broadcast_preference_payload", "timeout_sec": 30.0, "ts": "2026-10-04 15:54:42"}
[DBG] {"bytes": 0, "category": "TRAIN", "component": "train", "event": "BEGIN:broadcast_preference_length", "host": "d6b2a058c4be", "pid": 177724, "rank": 0, "transport": "gloo_cpu", "ts": "2026-10-04 15:54:42"}
[DBG] {"category": "TRAIN", "component": "train", "event": "watchdog_armed", "host": "d6b2a058c4be", "pid": 177724, "rank": 0, "stage": "broadcast_preference_length", "timeout_sec": 30.0, "ts": "2026-10-04 15:54:42"}
[DBG] {"category": "TRAIN", "component": "train", "elapsed_sec": 0.002798, "event": "END:broadcast_preference_length", "host": "d6b2a058c4be", "pid": 177724, "rank": 0, "ts": "2026-10-04 15:54:42"}
[DBG] {"category": "TRAIN", "component": "train", "event": "watchdog_armed", "host": "d6b2a058c4be", "pid": 177724, "rank": 0, "stage": "broadcast_preference_payload", "timeout_sec": 30.0, "ts": "2026-10-04 15:54:42"}
[DBG] {"category": "TRAIN", "component": "train", "elapsed_sec": 0.003529, "event": "END:broadcast_preference_payload", "host": "d6b2a058c4be", "pid": 177724, "rank": 0, "ts": "2026-10-04 15:54:42"}
[DBG] {"category": "RAY", "component": "train", "event": "BEGIN:control_should_stop", "host": "d6b2a058c4be", "pid": 177724, "rank": 0, "ts": "2026-10-04 15:54:42"}
[DBG] {"category": "RAY", "component": "train", "event": "watchdog_armed", "host": "d6b2a058c4be", "pid": 177724, "rank": 0, "stage": "control_should_stop", "timeout_sec": 30.0, "ts": "2026-10-04 15:54:42"}
[DBG] {"category": "RAY", "component": "train", "elapsed_sec": 0.004248, "event": "END:control_should_stop", "host": "d6b2a058c4be", "pid": 177724, "rank": 0, "ts": "2026-10-04 15:54:42"}
[DBG] {"category": "TRAIN", "component": "train", "event": "BEGIN:broadcast_stop_flag", "host": "d6b2a058c4be", "pid": 177724, "rank": 0, "transport": "gloo_cpu", "ts": "2026-10-04 15:54:42", "value": false}
[DBG] {"category": "TRAIN", "component": "train", "event": "watchdog_armed", "host": "d6b2a058c4be", "pid": 177724, "rank": 0, "stage": "broadcast_stop_flag", "timeout_sec": 30.0, "ts": "2026-10-04 15:54:42"}
[DBG] {"category": "TRAIN", "component": "train", "elapsed_sec": 0.002722, "event": "END:broadcast_stop_flag", "host": "d6b2a058c4be", "pid": 177724, "rank": 0, "ts": "2026-10-04 15:54:42"}
[DBG] {"category": "QUEUE", "component": "train", "event": "BEGIN:preference_size_before_pop", "host": "d6b2a058c4be", "pid": 177724, "rank": 0, "ts": "2026-10-04 15:54:42"}
[DBG] {"category": "QUEUE", "component": "train", "event": "watchdog_armed", "host": "d6b2a058c4be", "pid": 177724, "rank": 0, "stage": "preference_size_before_pop", "timeout_sec": 30.0, "ts": "2026-10-04 15:54:42"}
[DBG] {"category": "QUEUE", "component": "train", "elapsed_sec": 0.004391, "event": "END:preference_size_before_pop", "host": "d6b2a058c4be", "pid": 177724, "rank": 0, "ts": "2026-10-04 15:54:42"}
[DBG] {"category": "QUEUE", "component": "train", "event": "trainer_queue_state", "host": "d6b2a058c4be", "pending": 0, "pid": 177724, "policy_version": 0, "rank": 0, "required": 4, "ts": "2026-10-04 15:54:42"}
[DBG] {"category": "QUEUE", "component": "train", "current_version": 0, "event": "BEGIN:preference_pop", "host": "d6b2a058c4be", "pid": 177724, "rank": 0, "requested": 4, "ts": "2026-10-04 15:54:42"}
[DBG] {"category": "QUEUE", "component": "train", "event": "watchdog_armed", "host": "d6b2a058c4be", "pid": 177724, "rank": 0, "stage": "preference_pop", "timeout_sec": 30.0, "ts": "2026-10-04 15:54:42"}
[DBG] {"category": "QUEUE", "component": "train", "elapsed_sec": 0.00593, "event": "END:preference_pop", "host": "d6b2a058c4be", "pid": 177724, "rank": 0, "ts": "2026-10-04 15:54:42"}
[DBG] {"category": "TRAIN", "component": "train", "event": "BEGIN:broadcast_preference_payload", "has_payload": false, "host": "d6b2a058c4be", "pid": 177724, "rank": 0, "transport": "json_uint8_gloo", "ts": "2026-10-04 15:54:42"}
[DBG] {"category": "TRAIN", "component": "train", "event": "watchdog_armed", "host": "d6b2a058c4be", "pid": 177724, "rank": 0, "stage": "broadcast_preference_payload", "timeout_sec": 30.0, "ts": "2026-10-04 15:54:42"}
[DBG] {"bytes": 0, "category": "TRAIN", "component": "train", "event": "BEGIN:broadcast_preference_length", "host": "d6b2a058c4be", "pid": 177724, "rank": 0, "transport": "gloo_cpu", "ts": "2026-10-04 15:54:42"}
[DBG] {"category": "TRAIN", "component": "train", "event": "watchdog_armed", "host": "d6b2a058c4be", "pid": 177724, "rank": 0, "stage": "broadcast_preference_length", "timeout_sec": 30.0, "ts": "2026-10-04 15:54:42"}
[DBG] {"category": "TRAIN", "component": "train", "elapsed_sec": 0.002086, "event": "END:broadcast_preference_length", "host": "d6b2a058c4be", "pid": 177724, "rank": 0, "ts": "2026-10-04 15:54:42"}
[DBG] {"category": "TRAIN", "component": "train", "event": "watchdog_armed", "host": "d6b2a058c4be", "pid": 177724, "rank": 0, "stage": "broadcast_preference_payload", "timeout_sec": 30.0, "ts": "2026-10-04 15:54:42"}
[DBG] {"category": "TRAIN", "component": "train", "elapsed_sec": 0.003475, "event": "END:broadcast_preference_payload", "host": "d6b2a058c4be", "pid": 177724, "rank": 0, "ts": "2026-10-04 15:54:42"}
[DBG] {"category": "RAY", "component": "train", "event": "BEGIN:control_should_stop", "host": "d6b2a058c4be", "pid": 177724, "rank": 0, "ts": "2026-10-04 15:54:43"}
[DBG] {"category": "RAY", "component": "train", "event": "watchdog_armed", "host": "d6b2a058c4be", "pid": 177724, "rank": 0, "stage": "control_should_stop", "timeout_sec": 30.0, "ts": "2026-10-04 15:54:43"}
[DBG] {"category": "RAY", "component": "train", "elapsed_sec": 0.004051, "event": "END:control_should_stop", "host": "d6b2a058c4be", "pid": 177724, "rank": 0, "ts": "2026-10-04 15:54:43"}
[DBG] {"category": "TRAIN", "component": "train", "event": "BEGIN:broadcast_stop_flag", "host": "d6b2a058c4be", "pid": 177724, "rank": 0, "transport": "gloo_cpu", "ts": "2026-10-04 15:54:43", "value": false}
[DBG] {"category": "TRAIN", "component": "train", "event": "watchdog_armed", "host": "d6b2a058c4be", "pid": 177724, "rank": 0, "stage": "broadcast_stop_flag", "timeout_sec": 30.0, "ts": "2026-10-04 15:54:43"}
[DBG] {"category": "TRAIN", "component": "train", "elapsed_sec": 0.00227, "event": "END:broadcast_stop_flag", "host": "d6b2a058c4be", "pid": 177724, "rank": 0, "ts": "2026-10-04 15:54:43"}
[DBG] {"category": "QUEUE", "component": "train", "event": "BEGIN:preference_size_before_pop", "host": "d6b2a058c4be", "pid": 177724, "rank": 0, "ts": "2026-10-04 15:54:43"}
[DBG] {"category": "QUEUE", "component": "train", "event": "watchdog_armed", "host": "d6b2a058c4be", "pid": 177724, "rank": 0, "stage": "preference_size_before_pop", "timeout_sec": 30.0, "ts": "2026-10-04 15:54:43"}
[DBG] {"category": "QUEUE", "component": "train", "elapsed_sec": 0.004297, "event": "END:preference_size_before_pop", "host": "d6b2a058c4be", "pid": 177724, "rank": 0, "ts": "2026-10-04 15:54:43"}
[DBG] {"category": "QUEUE", "component": "train", "event": "trainer_queue_state", "host": "d6b2a058c4be", "pending": 0, "pid": 177724, "policy_version": 0, "rank": 0, "required": 4, "ts": "2026-10-04 15:54:43"}
[DBG] {"category": "QUEUE", "component": "train", "current_version": 0, "event": "BEGIN:preference_pop", "host": "d6b2a058c4be", "pid": 177724, "rank": 0, "requested": 4, "ts": "2026-10-04 15:54:43"}
[DBG] {"category": "QUEUE", "component": "train", "event": "watchdog_armed", "host": "d6b2a058c4be", "pid": 177724, "rank": 0, "stage": "preference_pop", "timeout_sec": 30.0, "ts": "2026-10-04 15:54:43"}
[DBG] {"category": "QUEUE", "component": "train", "elapsed_sec": 0.005699, "event": "END:preference_pop", "host": "d6b2a058c4be", "pid": 177724, "rank": 0, "ts": "2026-10-04 15:54:43"}
[DBG] {"category": "TRAIN", "component": "train", "event": "BEGIN:broadcast_preference_payload", "has_payload": false, "host": "d6b2a058c4be", "pid": 177724, "rank": 0, "transport": "json_uint8_gloo", "ts": "2026-10-04 15:54:43"}
[DBG] {"category": "TRAIN", "component": "train", "event": "watchdog_armed", "host": "d6b2a058c4be", "pid": 177724, "rank": 0, "stage": "broadcast_preference_payload", "timeout_sec": 30.0, "ts": "2026-10-04 15:54:43"}
[DBG] {"bytes": 0, "category": "TRAIN", "component": "train", "event": "BEGIN:broadcast_preference_length", "host": "d6b2a058c4be", "pid": 177724, "rank": 0, "transport": "gloo_cpu", "ts": "2026-10-04 15:54:43"}
[DBG] {"category": "TRAIN", "component": "train", "event": "watchdog_armed", "host": "d6b2a058c4be", "pid": 177724, "rank": 0, "stage": "broadcast_preference_length", "timeout_sec": 30.0, "ts": "2026-10-04 15:54:43"}
[DBG] {"category": "TRAIN", "component": "train", "elapsed_sec": 0.001653, "event": "END:broadcast_preference_length", "host": "d6b2a058c4be", "pid": 177724, "rank": 0, "ts": "2026-10-04 15:54:43"}
[DBG] {"category": "TRAIN", "component": "train", "event": "watchdog_armed", "host": "d6b2a058c4be", "pid": 177724, "rank": 0, "stage": "broadcast_preference_payload", "timeout_sec": 30.0, "ts": "2026-10-04 15:54:43"}
[DBG] {"category": "TRAIN", "component": "train", "elapsed_sec": 0.002405, "event": "END:broadcast_preference_payload", "host": "d6b2a058c4be", "pid": 177724, "rank": 0, "ts": "2026-10-04 15:54:43"}
[DBG] {"category": "RAY", "component": "train", "event": "BEGIN:control_should_stop", "host": "d6b2a058c4be", "pid": 177724, "rank": 0, "ts": "2026-10-04 15:54:43"}
[DBG] {"category": "RAY", "component": "train", "event": "watchdog_armed", "host": "d6b2a058c4be", "pid": 177724, "rank": 0, "stage": "control_should_stop", "timeout_sec": 30.0, "ts": "2026-10-04 15:54:43"}
[DBG] {"category": "RAY", "component": "train", "elapsed_sec": 0.003852, "event": "END:control_should_stop", "host": "d6b2a058c4be", "pid": 177724, "rank": 0, "ts": "2026-10-04 15:54:43"}
[DBG] {"category": "TRAIN", "component": "train", "event": "BEGIN:broadcast_stop_flag", "host": "d6b2a058c4be", "pid": 177724, "rank": 0, "transport": "gloo_cpu", "ts": "2026-10-04 15:54:43", "value": false}
[DBG] {"category": "TRAIN", "component": "train", "event": "watchdog_armed", "host": "d6b2a058c4be", "pid": 177724, "rank": 0, "stage": "broadcast_stop_flag", "timeout_sec": 30.0, "ts": "2026-10-04 15:54:43"}
[DBG] {"category": "TRAIN", "component": "train", "elapsed_sec": 0.002673, "event": "END:broadcast_stop_flag", "host": "d6b2a058c4be", "pid": 177724, "rank": 0, "ts": "2026-10-04 15:54:43"}
[DBG] {"category": "QUEUE", "component": "train", "event": "BEGIN:preference_size_before_pop", "host": "d6b2a058c4be", "pid": 177724, "rank": 0, "ts": "2026-10-04 15:54:43"}
[DBG] {"category": "QUEUE", "component": "train", "event": "watchdog_armed", "host": "d6b2a058c4be", "pid": 177724, "rank": 0, "stage": "preference_size_before_pop", "timeout_sec": 30.0, "ts": "2026-10-04 15:54:43"}
[DBG] {"category": "QUEUE", "component": "train", "elapsed_sec": 0.005611, "event": "END:preference_size_before_pop", "host": "d6b2a058c4be", "pid": 177724, "rank": 0, "ts": "2026-10-04 15:54:43"}
[DBG] {"category": "QUEUE", "component": "train", "event": "trainer_queue_state", "host": "d6b2a058c4be", "pending": 0, "pid": 177724, "policy_version": 0, "rank": 0, "required": 4, "ts": "2026-10-04 15:54:43"}
[DBG] {"category": "QUEUE", "component": "train", "current_version": 0, "event": "BEGIN:preference_pop", "host": "d6b2a058c4be", "pid": 177724, "rank": 0, "requested": 4, "ts": "2026-10-04 15:54:43"}
[DBG] {"category": "QUEUE", "component": "train", "event": "watchdog_armed", "host": "d6b2a058c4be", "pid": 177724, "rank": 0, "stage": "preference_pop", "timeout_sec": 30.0, "ts": "2026-10-04 15:54:43"}
[DBG] {"category": "QUEUE", "component": "train", "elapsed_sec": 0.00577, "event": "END:preference_pop", "host": "d6b2a058c4be", "pid": 177724, "rank": 0, "ts": "2026-10-04 15:54:43"}
[DBG] {"category": "TRAIN", "component": "train", "event": "BEGIN:broadcast_preference_payload", "has_payload": false, "host": "d6b2a058c4be", "pid": 177724, "rank": 0, "transport": "json_uint8_gloo", "ts": "2026-10-04 15:54:43"}
[DBG] {"category": "TRAIN", "component": "train", "event": "watchdog_armed", "host": "d6b2a058c4be", "pid": 177724, "rank": 0, "stage": "broadcast_preference_payload", "timeout_sec": 30.0, "ts": "2026-10-04 15:54:43"}
[DBG] {"bytes": 0, "category": "TRAIN", "component": "train", "event": "BEGIN:broadcast_preference_length", "host": "d6b2a058c4be", "pid": 177724, "rank": 0, "transport": "gloo_cpu", "ts": "2026-10-04 15:54:43"}
[DBG] {"category": "TRAIN", "component": "train", "event": "watchdog_armed", "host": "d6b2a058c4be", "pid": 177724, "rank": 0, "stage": "broadcast_preference_length", "timeout_sec": 30.0, "ts": "2026-10-04 15:54:43"}
[DBG] {"category": "TRAIN", "component": "train", "elapsed_sec": 0.002332, "event": "END:broadcast_preference_length", "host": "d6b2a058c4be", "pid": 177724, "rank": 0, "ts": "2026-10-04 15:54:43"}
[DBG] {"category": "TRAIN", "component": "train", "event": "watchdog_armed", "host": "d6b2a058c4be", "pid": 177724, "rank": 0, "stage": "broadcast_preference_payload", "timeout_sec": 30.0, "ts": "2026-10-04 15:54:43"}
[DBG] {"category": "TRAIN", "component": "train", "elapsed_sec": 0.00334, "event": "END:broadcast_preference_payload", "host": "d6b2a058c4be", "pid": 177724, "rank": 0, "ts": "2026-10-04 15:54:43"}
[DBG] {"category": "RAY", "component": "train", "event": "BEGIN:control_should_stop", "host": "d6b2a058c4be", "pid": 177724, "rank": 0, "ts": "2026-10-04 15:54:44"}
[DBG] {"category": "RAY", "component": "train", "event": "watchdog_armed", "host": "d6b2a058c4be", "pid": 177724, "rank": 0, "stage": "control_should_stop", "timeout_sec": 30.0, "ts": "2026-10-04 15:54:44"}
[DBG] {"category": "RAY", "component": "train", "elapsed_sec": 0.002869, "event": "END:control_should_stop", "host": "d6b2a058c4be", "pid": 177724, "rank": 0, "ts": "2026-10-04 15:54:44"}
[DBG] {"category": "TRAIN", "component": "train", "event": "BEGIN:broadcast_stop_flag", "host": "d6b2a058c4be", "pid": 177724, "rank": 0, "transport": "gloo_cpu", "ts": "2026-10-04 15:54:44", "value": false}
[DBG] {"category": "TRAIN", "component": "train", "event": "watchdog_armed", "host": "d6b2a058c4be", "pid": 177724, "rank": 0, "stage": "broadcast_stop_flag", "timeout_sec": 30.0, "ts": "2026-10-04 15:54:44"}
[DBG] {"category": "TRAIN", "component": "train", "elapsed_sec": 0.002887, "event": "END:broadcast_stop_flag", "host": "d6b2a058c4be", "pid": 177724, "rank": 0, "ts": "2026-10-04 15:54:44"}
[DBG] {"category": "QUEUE", "component": "train", "event": "BEGIN:preference_size_before_pop", "host": "d6b2a058c4be", "pid": 177724, "rank": 0, "ts": "2026-10-04 15:54:44"}
[DBG] {"category": "QUEUE", "component": "train", "event": "watchdog_armed", "host": "d6b2a058c4be", "pid": 177724, "rank": 0, "stage": "preference_size_before_pop", "timeout_sec": 30.0, "ts": "2026-10-04 15:54:44"}
[DBG] {"category": "QUEUE", "component": "train", "elapsed_sec": 0.004212, "event": "END:preference_size_before_pop", "host": "d6b2a058c4be", "pid": 177724, "rank": 0, "ts": "2026-10-04 15:54:44"}
[DBG] {"category": "QUEUE", "component": "train", "event": "trainer_queue_state", "host": "d6b2a058c4be", "pending": 0, "pid": 177724, "policy_version": 0, "rank": 0, "required": 4, "ts": "2026-10-04 15:54:44"}
[DBG] {"category": "QUEUE", "component": "train", "current_version": 0, "event": "BEGIN:preference_pop", "host": "d6b2a058c4be", "pid": 177724, "rank": 0, "requested": 4, "ts": "2026-10-04 15:54:44"}
[DBG] {"category": "QUEUE", "component": "train", "event": "watchdog_armed", "host": "d6b2a058c4be", "pid": 177724, "rank": 0, "stage": "preference_pop", "timeout_sec": 30.0, "ts": "2026-10-04 15:54:44"}
[DBG] {"category": "QUEUE", "component": "train", "elapsed_sec": 0.006358, "event": "END:preference_pop", "host": "d6b2a058c4be", "pid": 177724, "rank": 0, "ts": "2026-10-04 15:54:44"}
[DBG] {"category": "TRAIN", "component": "train", "event": "BEGIN:broadcast_preference_payload", "has_payload": false, "host": "d6b2a058c4be", "pid": 177724, "rank": 0, "transport": "json_uint8_gloo", "ts": "2026-10-04 15:54:44"}
[DBG] {"category": "TRAIN", "component": "train", "event": "watchdog_armed", "host": "d6b2a058c4be", "pid": 177724, "rank": 0, "stage": "broadcast_preference_payload", "timeout_sec": 30.0, "ts": "2026-10-04 15:54:44"}
[DBG] {"bytes": 0, "category": "TRAIN", "component": "train", "event": "BEGIN:broadcast_preference_length", "host": "d6b2a058c4be", "pid": 177724, "rank": 0, "transport": "gloo_cpu", "ts": "2026-10-04 15:54:44"}
[DBG] {"category": "TRAIN", "component": "train", "event": "watchdog_armed", "host": "d6b2a058c4be", "pid": 177724, "rank": 0, "stage": "broadcast_preference_length", "timeout_sec": 30.0, "ts": "2026-10-04 15:54:44"}
[DBG] {"category": "TRAIN", "component": "train", "elapsed_sec": 0.003484, "event": "END:broadcast_preference_length", "host": "d6b2a058c4be", "pid": 177724, "rank": 0, "ts": "2026-10-04 15:54:44"}
[DBG] {"category": "TRAIN", "component": "train", "event": "watchdog_armed", "host": "d6b2a058c4be", "pid": 177724, "rank": 0, "stage": "broadcast_preference_payload", "timeout_sec": 30.0, "ts": "2026-10-04 15:54:44"}
[DBG] {"category": "TRAIN", "component": "train", "elapsed_sec": 0.004943, "event": "END:broadcast_preference_payload", "host": "d6b2a058c4be", "pid": 177724, "rank": 0, "ts": "2026-10-04 15:54:44"}
[DBG] {"category": "RAY", "component": "train", "event": "BEGIN:control_should_stop", "host": "d6b2a058c4be", "pid": 177724, "rank": 0, "ts": "2026-10-04 15:54:45"}
[DBG] {"category": "RAY", "component": "train", "event": "watchdog_armed", "host": "d6b2a058c4be", "pid": 177724, "rank": 0, "stage": "control_should_stop", "timeout_sec": 30.0, "ts": "2026-10-04 15:54:45"}
[DBG] {"category": "RAY", "component": "train", "elapsed_sec": 0.004584, "event": "END:control_should_stop", "host": "d6b2a058c4be", "pid": 177724, "rank": 0, "ts": "2026-10-04 15:54:45"}
[DBG] {"category": "TRAIN", "component": "train", "event": "BEGIN:broadcast_stop_flag", "host": "d6b2a058c4be", "pid": 177724, "rank": 0, "transport": "gloo_cpu", "ts": "2026-10-04 15:54:45", "value": false}
[DBG] {"category": "TRAIN", "component": "train", "event": "watchdog_armed", "host": "d6b2a058c4be", "pid": 177724, "rank": 0, "stage": "broadcast_stop_flag", "timeout_sec": 30.0, "ts": "2026-10-04 15:54:45"}
[DBG] {"category": "TRAIN", "component": "train", "elapsed_sec": 0.004114, "event": "END:broadcast_stop_flag", "host": "d6b2a058c4be", "pid": 177724, "rank": 0, "ts": "2026-10-04 15:54:45"}
[DBG] {"category": "QUEUE", "component": "train", "event": "BEGIN:preference_size_before_pop", "host": "d6b2a058c4be", "pid": 177724, "rank": 0, "ts": "2026-10-04 15:54:45"}
[DBG] {"category": "QUEUE", "component": "train", "event": "watchdog_armed", "host": "d6b2a058c4be", "pid": 177724, "rank": 0, "stage": "preference_size_before_pop", "timeout_sec": 30.0, "ts": "2026-10-04 15:54:45"}
[DBG] {"category": "QUEUE", "component": "train", "elapsed_sec": 0.006721, "event": "END:preference_size_before_pop", "host": "d6b2a058c4be", "pid": 177724, "rank": 0, "ts": "2026-10-04 15:54:45"}
[DBG] {"category": "QUEUE", "component": "train", "event": "trainer_queue_state", "host": "d6b2a058c4be", "pending": 0, "pid": 177724, "policy_version": 0, "rank": 0, "required": 4, "ts": "2026-10-04 15:54:45"}
[DBG] {"category": "QUEUE", "component": "train", "current_version": 0, "event": "BEGIN:preference_pop", "host": "d6b2a058c4be", "pid": 177724, "rank": 0, "requested": 4, "ts": "2026-10-04 15:54:45"}
[DBG] {"category": "QUEUE", "component": "train", "event": "watchdog_armed", "host": "d6b2a058c4be", "pid": 177724, "rank": 0, "stage": "preference_pop", "timeout_sec": 30.0, "ts": "2026-10-04 15:54:45"}
[DBG] {"category": "QUEUE", "component": "train", "elapsed_sec": 0.007611, "event": "END:preference_pop", "host": "d6b2a058c4be", "pid": 177724, "rank": 0, "ts": "2026-10-04 15:54:45"}
[DBG] {"category": "TRAIN", "component": "train", "event": "BEGIN:broadcast_preference_payload", "has_payload": false, "host": "d6b2a058c4be", "pid": 177724, "rank": 0, "transport": "json_uint8_gloo", "ts": "2026-10-04 15:54:45"}
[DBG] {"category": "TRAIN", "component": "train", "event": "watchdog_armed", "host": "d6b2a058c4be", "pid": 177724, "rank": 0, "stage": "broadcast_preference_payload", "timeout_sec": 30.0, "ts": "2026-10-04 15:54:45"}
[DBG] {"bytes": 0, "category": "TRAIN", "component": "train", "event": "BEGIN:broadcast_preference_length", "host": "d6b2a058c4be", "pid": 177724, "rank": 0, "transport": "gloo_cpu", "ts": "2026-10-04 15:54:45"}
[DBG] {"category": "TRAIN", "component": "train", "event": "watchdog_armed", "host": "d6b2a058c4be", "pid": 177724, "rank": 0, "stage": "broadcast_preference_length", "timeout_sec": 30.0, "ts": "2026-10-04 15:54:45"}
[DBG] {"category": "TRAIN", "component": "train", "elapsed_sec": 0.003193, "event": "END:broadcast_preference_length", "host": "d6b2a058c4be", "pid": 177724, "rank": 0, "ts": "2026-10-04 15:54:45"}
[DBG] {"category": "TRAIN", "component": "train", "event": "watchdog_armed", "host": "d6b2a058c4be", "pid": 177724, "rank": 0, "stage": "broadcast_preference_payload", "timeout_sec": 30.0, "ts": "2026-10-04 15:54:45"}
[DBG] {"category": "TRAIN", "component": "train", "elapsed_sec": 0.00465, "event": "END:broadcast_preference_payload", "host": "d6b2a058c4be", "pid": 177724, "rank": 0, "ts": "2026-10-04 15:54:45"}
[DBG] {"category": "RAY", "component": "train", "event": "BEGIN:control_should_stop", "host": "d6b2a058c4be", "pid": 177724, "rank": 0, "ts": "2026-10-04 15:54:45"}
[DBG] {"category": "RAY", "component": "train", "event": "watchdog_armed", "host": "d6b2a058c4be", "pid": 177724, "rank": 0, "stage": "control_should_stop", "timeout_sec": 30.0, "ts": "2026-10-04 15:54:45"}
[DBG] {"category": "RAY", "component": "train", "elapsed_sec": 0.004708, "event": "END:control_should_stop", "host": "d6b2a058c4be", "pid": 177724, "rank": 0, "ts": "2026-10-04 15:54:45"}
[DBG] {"category": "TRAIN", "component": "train", "event": "BEGIN:broadcast_stop_flag", "host": "d6b2a058c4be", "pid": 177724, "rank": 0, "transport": "gloo_cpu", "ts": "2026-10-04 15:54:45", "value": false}
[DBG] {"category": "TRAIN", "component": "train", "event": "watchdog_armed", "host": "d6b2a058c4be", "pid": 177724, "rank": 0, "stage": "broadcast_stop_flag", "timeout_sec": 30.0, "ts": "2026-10-04 15:54:45"}
[DBG] {"category": "TRAIN", "component": "train", "elapsed_sec": 0.004271, "event": "END:broadcast_stop_flag", "host": "d6b2a058c4be", "pid": 177724, "rank": 0, "ts": "2026-10-04 15:54:45"}
[DBG] {"category": "QUEUE", "component": "train", "event": "BEGIN:preference_size_before_pop", "host": "d6b2a058c4be", "pid": 177724, "rank": 0, "ts": "2026-10-04 15:54:45"}
[DBG] {"category": "QUEUE", "component": "train", "event": "watchdog_armed", "host": "d6b2a058c4be", "pid": 177724, "rank": 0, "stage": "preference_size_before_pop", "timeout_sec": 30.0, "ts": "2026-10-04 15:54:45"}
[DBG] {"category": "QUEUE", "component": "train", "elapsed_sec": 0.008041, "event": "END:preference_size_before_pop", "host": "d6b2a058c4be", "pid": 177724, "rank": 0, "ts": "2026-10-04 15:54:45"}
[DBG] {"category": "QUEUE", "component": "train", "event": "trainer_queue_state", "host": "d6b2a058c4be", "pending": 0, "pid": 177724, "policy_version": 0, "rank": 0, "required": 4, "ts": "2026-10-04 15:54:45"}
[DBG] {"category": "QUEUE", "component": "train", "current_version": 0, "event": "BEGIN:preference_pop", "host": "d6b2a058c4be", "pid": 177724, "rank": 0, "requested": 4, "ts": "2026-10-04 15:54:45"}
[DBG] {"category": "QUEUE", "component": "train", "event": "watchdog_armed", "host": "d6b2a058c4be", "pid": 177724, "rank": 0, "stage": "preference_pop", "timeout_sec": 30.0, "ts": "2026-10-04 15:54:45"}
[DBG] {"category": "QUEUE", "component": "train", "elapsed_sec": 0.009082, "event": "END:preference_pop", "host": "d6b2a058c4be", "pid": 177724, "rank": 0, "ts": "2026-10-04 15:54:45"}
[DBG] {"category": "TRAIN", "component": "train", "event": "BEGIN:broadcast_preference_payload", "has_payload": false, "host": "d6b2a058c4be", "pid": 177724, "rank": 0, "transport": "json_uint8_gloo", "ts": "2026-10-04 15:54:45"}
[DBG] {"category": "TRAIN", "component": "train", "event": "watchdog_armed", "host": "d6b2a058c4be", "pid": 177724, "rank": 0, "stage": "broadcast_preference_payload", "timeout_sec": 30.0, "ts": "2026-10-04 15:54:45"}
[DBG] {"bytes": 0, "category": "TRAIN", "component": "train", "event": "BEGIN:broadcast_preference_length", "host": "d6b2a058c4be", "pid": 177724, "rank": 0, "transport": "gloo_cpu", "ts": "2026-10-04 15:54:45"}
[DBG] {"category": "TRAIN", "component": "train", "event": "watchdog_armed", "host": "d6b2a058c4be", "pid": 177724, "rank": 0, "stage": "broadcast_preference_length", "timeout_sec": 30.0, "ts": "2026-10-04 15:54:45"}
[DBG] {"category": "TRAIN", "component": "train", "elapsed_sec": 0.00391, "event": "END:broadcast_preference_length", "host": "d6b2a058c4be", "pid": 177724, "rank": 0, "ts": "2026-10-04 15:54:45"}
[DBG] {"category": "TRAIN", "component": "train", "event": "watchdog_armed", "host": "d6b2a058c4be", "pid": 177724, "rank": 0, "stage": "broadcast_preference_payload", "timeout_sec": 30.0, "ts": "2026-10-04 15:54:45"}
[DBG] {"category": "TRAIN", "component": "train", "elapsed_sec": 0.005484, "event": "END:broadcast_preference_payload", "host": "d6b2a058c4be", "pid": 177724, "rank": 0, "ts": "2026-10-04 15:54:45"}
[DBG] {"category": "RAY", "component": "train", "event": "BEGIN:control_should_stop", "host": "d6b2a058c4be", "pid": 177724, "rank": 0, "ts": "2026-10-04 15:54:46"}
[DBG] {"category": "RAY", "component": "train", "event": "watchdog_armed", "host": "d6b2a058c4be", "pid": 177724, "rank": 0, "stage": "control_should_stop", "timeout_sec": 30.0, "ts": "2026-10-04 15:54:46"}
[DBG] {"category": "RAY", "component": "train", "elapsed_sec": 0.005015, "event": "END:control_should_stop", "host": "d6b2a058c4be", "pid": 177724, "rank": 0, "ts": "2026-10-04 15:54:46"}
[DBG] {"category": "TRAIN", "component": "train", "event": "BEGIN:broadcast_stop_flag", "host": "d6b2a058c4be", "pid": 177724, "rank": 0, "transport": "gloo_cpu", "ts": "2026-10-04 15:54:46", "value": false}
[DBG] {"category": "TRAIN", "component": "train", "event": "watchdog_armed", "host": "d6b2a058c4be", "pid": 177724, "rank": 0, "stage": "broadcast_stop_flag", "timeout_sec": 30.0, "ts": "2026-10-04 15:54:46"}
[DBG] {"category": "TRAIN", "component": "train", "elapsed_sec": 0.005261, "event": "END:broadcast_stop_flag", "host": "d6b2a058c4be", "pid": 177724, "rank": 0, "ts": "2026-10-04 15:54:46"}
[DBG] {"category": "QUEUE", "component": "train", "event": "BEGIN:preference_size_before_pop", "host": "d6b2a058c4be", "pid": 177724, "rank": 0, "ts": "2026-10-04 15:54:46"}
[DBG] {"category": "QUEUE", "component": "train", "event": "watchdog_armed", "host": "d6b2a058c4be", "pid": 177724, "rank": 0, "stage": "preference_size_before_pop", "timeout_sec": 30.0, "ts": "2026-10-04 15:54:46"}
[DBG] {"category": "QUEUE", "component": "train", "elapsed_sec": 0.007388, "event": "END:preference_size_before_pop", "host": "d6b2a058c4be", "pid": 177724, "rank": 0, "ts": "2026-10-04 15:54:46"}
[DBG] {"category": "QUEUE", "component": "train", "event": "trainer_queue_state", "host": "d6b2a058c4be", "pending": 0, "pid": 177724, "policy_version": 0, "rank": 0, "required": 4, "ts": "2026-10-04 15:54:46"}
[DBG] {"category": "QUEUE", "component": "train", "current_version": 0, "event": "BEGIN:preference_pop", "host": "d6b2a058c4be", "pid": 177724, "rank": 0, "requested": 4, "ts": "2026-10-04 15:54:46"}
[DBG] {"category": "QUEUE", "component": "train", "event": "watchdog_armed", "host": "d6b2a058c4be", "pid": 177724, "rank": 0, "stage": "preference_pop", "timeout_sec": 30.0, "ts": "2026-10-04 15:54:46"}
[DBG] {"category": "QUEUE", "component": "train", "elapsed_sec": 0.007399, "event": "END:preference_pop", "host": "d6b2a058c4be", "pid": 177724, "rank": 0, "ts": "2026-10-04 15:54:46"}
[DBG] {"category": "TRAIN", "component": "train", "event": "BEGIN:broadcast_preference_payload", "has_payload": false, "host": "d6b2a058c4be", "pid": 177724, "rank": 0, "transport": "json_uint8_gloo", "ts": "2026-10-04 15:54:46"}
[DBG] {"category": "TRAIN", "component": "train", "event": "watchdog_armed", "host": "d6b2a058c4be", "pid": 177724, "rank": 0, "stage": "broadcast_preference_payload", "timeout_sec": 30.0, "ts": "2026-10-04 15:54:46"}
[DBG] {"bytes": 0, "category": "TRAIN", "component": "train", "event": "BEGIN:broadcast_preference_length", "host": "d6b2a058c4be", "pid": 177724, "rank": 0, "transport": "gloo_cpu", "ts": "2026-10-04 15:54:46"}
[DBG] {"category": "TRAIN", "component": "train", "event": "watchdog_armed", "host": "d6b2a058c4be", "pid": 177724, "rank": 0, "stage": "broadcast_preference_length", "timeout_sec": 30.0, "ts": "2026-10-04 15:54:46"}
[DBG] {"category": "TRAIN", "component": "train", "elapsed_sec": 0.005155, "event": "END:broadcast_preference_length", "host": "d6b2a058c4be", "pid": 177724, "rank": 0, "ts": "2026-10-04 15:54:46"}
[DBG] {"category": "TRAIN", "component": "train", "event": "watchdog_armed", "host": "d6b2a058c4be", "pid": 177724, "rank": 0, "stage": "broadcast_preference_payload", "timeout_sec": 30.0, "ts": "2026-10-04 15:54:46"}
[DBG] {"category": "TRAIN", "component": "train", "elapsed_sec": 0.006922, "event": "END:broadcast_preference_payload", "host": "d6b2a058c4be", "pid": 177724, "rank": 0, "ts": "2026-10-04 15:54:46"}
[DBG] {"category": "RAY", "component": "train", "event": "BEGIN:control_should_stop", "host": "d6b2a058c4be", "pid": 177724, "rank": 0, "ts": "2026-10-04 15:54:46"}
[DBG] {"category": "RAY", "component": "train", "event": "watchdog_armed", "host": "d6b2a058c4be", "pid": 177724, "rank": 0, "stage": "control_should_stop", "timeout_sec": 30.0, "ts": "2026-10-04 15:54:46"}
[DBG] {"category": "RAY", "component": "train", "elapsed_sec": 0.004274, "event": "END:control_should_stop", "host": "d6b2a058c4be", "pid": 177724, "rank": 0, "ts": "2026-10-04 15:54:46"}
[DBG] {"category": "TRAIN", "component": "train", "event": "BEGIN:broadcast_stop_flag", "host": "d6b2a058c4be", "pid": 177724, "rank": 0, "transport": "gloo_cpu", "ts": "2026-10-04 15:54:46", "value": false}
[DBG] {"category": "TRAIN", "component": "train", "event": "watchdog_armed", "host": "d6b2a058c4be", "pid": 177724, "rank": 0, "stage": "broadcast_stop_flag", "timeout_sec": 30.0, "ts": "2026-10-04 15:54:46"}
[DBG] {"category": "TRAIN", "component": "train", "elapsed_sec": 0.004063, "event": "END:broadcast_stop_flag", "host": "d6b2a058c4be", "pid": 177724, "rank": 0, "ts": "2026-10-04 15:54:46"}
[DBG] {"category": "QUEUE", "component": "train", "event": "BEGIN:preference_size_before_pop", "host": "d6b2a058c4be", "pid": 177724, "rank": 0, "ts": "2026-10-04 15:54:46"}
[DBG] {"category": "QUEUE", "component": "train", "event": "watchdog_armed", "host": "d6b2a058c4be", "pid": 177724, "rank": 0, "stage": "preference_size_before_pop", "timeout_sec": 30.0, "ts": "2026-10-04 15:54:46"}
[DBG] {"category": "QUEUE", "component": "train", "elapsed_sec": 0.004805, "event": "END:preference_size_before_pop", "host": "d6b2a058c4be", "pid": 177724, "rank": 0, "ts": "2026-10-04 15:54:46"}
[DBG] {"category": "QUEUE", "component": "train", "event": "trainer_queue_state", "host": "d6b2a058c4be", "pending": 0, "pid": 177724, "policy_version": 0, "rank": 0, "required": 4, "ts": "2026-10-04 15:54:46"}
[DBG] {"category": "QUEUE", "component": "train", "current_version": 0, "event": "BEGIN:preference_pop", "host": "d6b2a058c4be", "pid": 177724, "rank": 0, "requested": 4, "ts": "2026-10-04 15:54:46"}
[DBG] {"category": "QUEUE", "component": "train", "event": "watchdog_armed", "host": "d6b2a058c4be", "pid": 177724, "rank": 0, "stage": "preference_pop", "timeout_sec": 30.0, "ts": "2026-10-04 15:54:46"}
[DBG] {"category": "QUEUE", "component": "train", "elapsed_sec": 0.004728, "event": "END:preference_pop", "host": "d6b2a058c4be", "pid": 177724, "rank": 0, "ts": "2026-10-04 15:54:46"}
[DBG] {"category": "TRAIN", "component": "train", "event": "BEGIN:broadcast_preference_payload", "has_payload": false, "host": "d6b2a058c4be", "pid": 177724, "rank": 0, "transport": "json_uint8_gloo", "ts": "2026-10-04 15:54:46"}
[DBG] {"category": "TRAIN", "component": "train", "event": "watchdog_armed", "host": "d6b2a058c4be", "pid": 177724, "rank": 0, "stage": "broadcast_preference_payload", "timeout_sec": 30.0, "ts": "2026-10-04 15:54:46"}
[DBG] {"bytes": 0, "category": "TRAIN", "component": "train", "event": "BEGIN:broadcast_preference_length", "host": "d6b2a058c4be", "pid": 177724, "rank": 0, "transport": "gloo_cpu", "ts": "2026-10-04 15:54:46"}
[DBG] {"category": "TRAIN", "component": "train", "event": "watchdog_armed", "host": "d6b2a058c4be", "pid": 177724, "rank": 0, "stage": "broadcast_preference_length", "timeout_sec": 30.0, "ts": "2026-10-04 15:54:46"}
[DBG] {"category": "TRAIN", "component": "train", "elapsed_sec": 0.001928, "event": "END:broadcast_preference_length", "host": "d6b2a058c4be", "pid": 177724, "rank": 0, "ts": "2026-10-04 15:54:46"}
[DBG] {"category": "TRAIN", "component": "train", "event": "watchdog_armed", "host": "d6b2a058c4be", "pid": 177724, "rank": 0, "stage": "broadcast_preference_payload", "timeout_sec": 30.0, "ts": "2026-10-04 15:54:46"}
[DBG] {"category": "TRAIN", "component": "train", "elapsed_sec": 0.002629, "event": "END:broadcast_preference_payload", "host": "d6b2a058c4be", "pid": 177724, "rank": 0, "ts": "2026-10-04 15:54:46"}
[DBG] {"category": "RAY", "component": "train", "event": "BEGIN:control_should_stop", "host": "d6b2a058c4be", "pid": 177724, "rank": 0, "ts": "2026-10-04 15:54:47"}
[DBG] {"category": "RAY", "component": "train", "event": "watchdog_armed", "host": "d6b2a058c4be", "pid": 177724, "rank": 0, "stage": "control_should_stop", "timeout_sec": 30.0, "ts": "2026-10-04 15:54:47"}
[DBG] {"category": "RAY", "component": "train", "elapsed_sec": 0.005514, "event": "END:control_should_stop", "host": "d6b2a058c4be", "pid": 177724, "rank": 0, "ts": "2026-10-04 15:54:47"}
[DBG] {"category": "TRAIN", "component": "train", "event": "BEGIN:broadcast_stop_flag", "host": "d6b2a058c4be", "pid": 177724, "rank": 0, "transport": "gloo_cpu", "ts": "2026-10-04 15:54:47", "value": false}
[DBG] {"category": "TRAIN", "component": "train", "event": "watchdog_armed", "host": "d6b2a058c4be", "pid": 177724, "rank": 0, "stage": "broadcast_stop_flag", "timeout_sec": 30.0, "ts": "2026-10-04 15:54:47"}
[DBG] {"category": "TRAIN", "component": "train", "elapsed_sec": 0.005321, "event": "END:broadcast_stop_flag", "host": "d6b2a058c4be", "pid": 177724, "rank": 0, "ts": "2026-10-04 15:54:47"}
[DBG] {"category": "QUEUE", "component": "train", "event": "BEGIN:preference_size_before_pop", "host": "d6b2a058c4be", "pid": 177724, "rank": 0, "ts": "2026-10-04 15:54:47"}
[DBG] {"category": "QUEUE", "component": "train", "event": "watchdog_armed", "host": "d6b2a058c4be", "pid": 177724, "rank": 0, "stage": "preference_size_before_pop", "timeout_sec": 30.0, "ts": "2026-10-04 15:54:47"}
[DBG] {"category": "QUEUE", "component": "train", "elapsed_sec": 0.007526, "event": "END:preference_size_before_pop", "host": "d6b2a058c4be", "pid": 177724, "rank": 0, "ts": "2026-10-04 15:54:47"}
[DBG] {"category": "QUEUE", "component": "train", "event": "trainer_queue_state", "host": "d6b2a058c4be", "pending": 0, "pid": 177724, "policy_version": 0, "rank": 0, "required": 4, "ts": "2026-10-04 15:54:47"}
[DBG] {"category": "QUEUE", "component": "train", "current_version": 0, "event": "BEGIN:preference_pop", "host": "d6b2a058c4be", "pid": 177724, "rank": 0, "requested": 4, "ts": "2026-10-04 15:54:47"}
[DBG] {"category": "QUEUE", "component": "train", "event": "watchdog_armed", "host": "d6b2a058c4be", "pid": 177724, "rank": 0, "stage": "preference_pop", "timeout_sec": 30.0, "ts": "2026-10-04 15:54:47"}
[DBG] {"category": "QUEUE", "component": "train", "elapsed_sec": 0.009325, "event": "END:preference_pop", "host": "d6b2a058c4be", "pid": 177724, "rank": 0, "ts": "2026-10-04 15:54:47"}
[DBG] {"category": "TRAIN", "component": "train", "event": "BEGIN:broadcast_preference_payload", "has_payload": false, "host": "d6b2a058c4be", "pid": 177724, "rank": 0, "transport": "json_uint8_gloo", "ts": "2026-10-04 15:54:47"}
[DBG] {"category": "TRAIN", "component": "train", "event": "watchdog_armed", "host": "d6b2a058c4be", "pid": 177724, "rank": 0, "stage": "broadcast_preference_payload", "timeout_sec": 30.0, "ts": "2026-10-04 15:54:47"}
[DBG] {"bytes": 0, "category": "TRAIN", "component": "train", "event": "BEGIN:broadcast_preference_length", "host": "d6b2a058c4be", "pid": 177724, "rank": 0, "transport": "gloo_cpu", "ts": "2026-10-04 15:54:47"}
[DBG] {"category": "TRAIN", "component": "train", "event": "watchdog_armed", "host": "d6b2a058c4be", "pid": 177724, "rank": 0, "stage": "broadcast_preference_length", "timeout_sec": 30.0, "ts": "2026-10-04 15:54:47"}
[DBG] {"category": "TRAIN", "component": "train", "elapsed_sec": 0.005448, "event": "END:broadcast_preference_length", "host": "d6b2a058c4be", "pid": 177724, "rank": 0, "ts": "2026-10-04 15:54:47"}
[DBG] {"category": "TRAIN", "component": "train", "event": "watchdog_armed", "host": "d6b2a058c4be", "pid": 177724, "rank": 0, "stage": "broadcast_preference_payload", "timeout_sec": 30.0, "ts": "2026-10-04 15:54:47"}
[DBG] {"category": "TRAIN", "component": "train", "elapsed_sec": 0.007011, "event": "END:broadcast_preference_payload", "host": "d6b2a058c4be", "pid": 177724, "rank": 0, "ts": "2026-10-04 15:54:47"}
[DBG] {"category": "RAY", "component": "train", "event": "BEGIN:control_should_stop", "host": "d6b2a058c4be", "pid": 177724, "rank": 0, "ts": "2026-10-04 15:54:47"}
[DBG] {"category": "RAY", "component": "train", "event": "watchdog_armed", "host": "d6b2a058c4be", "pid": 177724, "rank": 0, "stage": "control_should_stop", "timeout_sec": 30.0, "ts": "2026-10-04 15:54:47"}
[DBG] {"category": "RAY", "component": "train", "elapsed_sec": 0.004933, "event": "END:control_should_stop", "host": "d6b2a058c4be", "pid": 177724, "rank": 0, "ts": "2026-10-04 15:54:47"}
[DBG] {"category": "TRAIN", "component": "train", "event": "BEGIN:broadcast_stop_flag", "host": "d6b2a058c4be", "pid": 177724, "rank": 0, "transport": "gloo_cpu", "ts": "2026-10-04 15:54:47", "value": false}
[DBG] {"category": "TRAIN", "component": "train", "event": "watchdog_armed", "host": "d6b2a058c4be", "pid": 177724, "rank": 0, "stage": "broadcast_stop_flag", "timeout_sec": 30.0, "ts": "2026-10-04 15:54:47"}
[DBG] {"category": "TRAIN", "component": "train", "elapsed_sec": 0.004352, "event": "END:broadcast_stop_flag", "host": "d6b2a058c4be", "pid": 177724, "rank": 0, "ts": "2026-10-04 15:54:47"}
[DBG] {"category": "QUEUE", "component": "train", "event": "BEGIN:preference_size_before_pop", "host": "d6b2a058c4be", "pid": 177724, "rank": 0, "ts": "2026-10-04 15:54:47"}
[DBG] {"category": "QUEUE", "component": "train", "event": "watchdog_armed", "host": "d6b2a058c4be", "pid": 177724, "rank": 0, "stage": "preference_size_before_pop", "timeout_sec": 30.0, "ts": "2026-10-04 15:54:47"}
[DBG] {"category": "QUEUE", "component": "train", "elapsed_sec": 0.006946, "event": "END:preference_size_before_pop", "host": "d6b2a058c4be", "pid": 177724, "rank": 0, "ts": "2026-10-04 15:54:47"}
[DBG] {"category": "QUEUE", "component": "train", "event": "trainer_queue_state", "host": "d6b2a058c4be", "pending": 0, "pid": 177724, "policy_version": 0, "rank": 0, "required": 4, "ts": "2026-10-04 15:54:47"}
[DBG] {"category": "QUEUE", "component": "train", "current_version": 0, "event": "BEGIN:preference_pop", "host": "d6b2a058c4be", "pid": 177724, "rank": 0, "requested": 4, "ts": "2026-10-04 15:54:47"}
[DBG] {"category": "QUEUE", "component": "train", "event": "watchdog_armed", "host": "d6b2a058c4be", "pid": 177724, "rank": 0, "stage": "preference_pop", "timeout_sec": 30.0, "ts": "2026-10-04 15:54:47"}
[DBG] {"category": "QUEUE", "component": "train", "elapsed_sec": 0.007833, "event": "END:preference_pop", "host": "d6b2a058c4be", "pid": 177724, "rank": 0, "ts": "2026-10-04 15:54:47"}
[DBG] {"category": "TRAIN", "component": "train", "event": "BEGIN:broadcast_preference_payload", "has_payload": false, "host": "d6b2a058c4be", "pid": 177724, "rank": 0, "transport": "json_uint8_gloo", "ts": "2026-10-04 15:54:47"}
[DBG] {"category": "TRAIN", "component": "train", "event": "watchdog_armed", "host": "d6b2a058c4be", "pid": 177724, "rank": 0, "stage": "broadcast_preference_payload", "timeout_sec": 30.0, "ts": "2026-10-04 15:54:47"}
[DBG] {"bytes": 0, "category": "TRAIN", "component": "train", "event": "BEGIN:broadcast_preference_length", "host": "d6b2a058c4be", "pid": 177724, "rank": 0, "transport": "gloo_cpu", "ts": "2026-10-04 15:54:47"}
[DBG] {"category": "TRAIN", "component": "train", "event": "watchdog_armed", "host": "d6b2a058c4be", "pid": 177724, "rank": 0, "stage": "broadcast_preference_length", "timeout_sec": 30.0, "ts": "2026-10-04 15:54:47"}
[DBG] {"category": "TRAIN", "component": "train", "elapsed_sec": 0.004132, "event": "END:broadcast_preference_length", "host": "d6b2a058c4be", "pid": 177724, "rank": 0, "ts": "2026-10-04 15:54:47"}
[DBG] {"category": "TRAIN", "component": "train", "event": "watchdog_armed", "host": "d6b2a058c4be", "pid": 177724, "rank": 0, "stage": "broadcast_preference_payload", "timeout_sec": 30.0, "ts": "2026-10-04 15:54:47"}
[DBG] {"category": "TRAIN", "component": "train", "elapsed_sec": 0.005519, "event": "END:broadcast_preference_payload", "host": "d6b2a058c4be", "pid": 177724, "rank": 0, "ts": "2026-10-04 15:54:47"}
[DBG] {"category": "RAY", "component": "train", "event": "BEGIN:control_should_stop", "host": "d6b2a058c4be", "pid": 177724, "rank": 0, "ts": "2026-10-04 15:54:48"}
[DBG] {"category": "RAY", "component": "train", "event": "watchdog_armed", "host": "d6b2a058c4be", "pid": 177724, "rank": 0, "stage": "control_should_stop", "timeout_sec": 30.0, "ts": "2026-10-04 15:54:48"}
[DBG] {"category": "RAY", "component": "train", "elapsed_sec": 0.004752, "event": "END:control_should_stop", "host": "d6b2a058c4be", "pid": 177724, "rank": 0, "ts": "2026-10-04 15:54:48"}
[DBG] {"category": "TRAIN", "component": "train", "event": "BEGIN:broadcast_stop_flag", "host": "d6b2a058c4be", "pid": 177724, "rank": 0, "transport": "gloo_cpu", "ts": "2026-10-04 15:54:48", "value": false}
[DBG] {"category": "TRAIN", "component": "train", "event": "watchdog_armed", "host": "d6b2a058c4be", "pid": 177724, "rank": 0, "stage": "broadcast_stop_flag", "timeout_sec": 30.0, "ts": "2026-10-04 15:54:48"}
[DBG] {"category": "TRAIN", "component": "train", "elapsed_sec": 0.005173, "event": "END:broadcast_stop_flag", "host": "d6b2a058c4be", "pid": 177724, "rank": 0, "ts": "2026-10-04 15:54:48"}
[DBG] {"category": "QUEUE", "component": "train", "event": "BEGIN:preference_size_before_pop", "host": "d6b2a058c4be", "pid": 177724, "rank": 0, "ts": "2026-10-04 15:54:48"}
[DBG] {"category": "QUEUE", "component": "train", "event": "watchdog_armed", "host": "d6b2a058c4be", "pid": 177724, "rank": 0, "stage": "preference_size_before_pop", "timeout_sec": 30.0, "ts": "2026-10-04 15:54:48"}
[DBG] {"category": "QUEUE", "component": "train", "elapsed_sec": 0.007443, "event": "END:preference_size_before_pop", "host": "d6b2a058c4be", "pid": 177724, "rank": 0, "ts": "2026-10-04 15:54:48"}
[DBG] {"category": "QUEUE", "component": "train", "event": "trainer_queue_state", "host": "d6b2a058c4be", "pending": 0, "pid": 177724, "policy_version": 0, "rank": 0, "required": 4, "ts": "2026-10-04 15:54:48"}
[DBG] {"category": "QUEUE", "component": "train", "current_version": 0, "event": "BEGIN:preference_pop", "host": "d6b2a058c4be", "pid": 177724, "rank": 0, "requested": 4, "ts": "2026-10-04 15:54:48"}
[DBG] {"category": "QUEUE", "component": "train", "event": "watchdog_armed", "host": "d6b2a058c4be", "pid": 177724, "rank": 0, "stage": "preference_pop", "timeout_sec": 30.0, "ts": "2026-10-04 15:54:48"}
[DBG] {"category": "QUEUE", "component": "train", "elapsed_sec": 0.005783, "event": "END:preference_pop", "host": "d6b2a058c4be", "pid": 177724, "rank": 0, "ts": "2026-10-04 15:54:48"}
[DBG] {"category": "TRAIN", "component": "train", "event": "BEGIN:broadcast_preference_payload", "has_payload": false, "host": "d6b2a058c4be", "pid": 177724, "rank": 0, "transport": "json_uint8_gloo", "ts": "2026-10-04 15:54:48"}
[DBG] {"category": "TRAIN", "component": "train", "event": "watchdog_armed", "host": "d6b2a058c4be", "pid": 177724, "rank": 0, "stage": "broadcast_preference_payload", "timeout_sec": 30.0, "ts": "2026-10-04 15:54:48"}
[DBG] {"bytes": 0, "category": "TRAIN", "component": "train", "event": "BEGIN:broadcast_preference_length", "host": "d6b2a058c4be", "pid": 177724, "rank": 0, "transport": "gloo_cpu", "ts": "2026-10-04 15:54:48"}
[DBG] {"category": "TRAIN", "component": "train", "event": "watchdog_armed", "host": "d6b2a058c4be", "pid": 177724, "rank": 0, "stage": "broadcast_preference_length", "timeout_sec": 30.0, "ts": "2026-10-04 15:54:48"}
[DBG] {"category": "TRAIN", "component": "train", "elapsed_sec": 0.001807, "event": "END:broadcast_preference_length", "host": "d6b2a058c4be", "pid": 177724, "rank": 0, "ts": "2026-10-04 15:54:48"}
[DBG] {"category": "TRAIN", "component": "train", "event": "watchdog_armed", "host": "d6b2a058c4be", "pid": 177724, "rank": 0, "stage": "broadcast_preference_payload", "timeout_sec": 30.0, "ts": "2026-10-04 15:54:48"}
[DBG] {"category": "TRAIN", "component": "train", "elapsed_sec": 0.002453, "event": "END:broadcast_preference_payload", "host": "d6b2a058c4be", "pid": 177724, "rank": 0, "ts": "2026-10-04 15:54:48"}
[DBG] {"category": "RAY", "component": "train", "event": "BEGIN:control_should_stop", "host": "d6b2a058c4be", "pid": 177724, "rank": 0, "ts": "2026-10-04 15:54:48"}
[DBG] {"category": "RAY", "component": "train", "event": "watchdog_armed", "host": "d6b2a058c4be", "pid": 177724, "rank": 0, "stage": "control_should_stop", "timeout_sec": 30.0, "ts": "2026-10-04 15:54:48"}
[DBG] {"category": "RAY", "component": "train", "elapsed_sec": 0.00236, "event": "END:control_should_stop", "host": "d6b2a058c4be", "pid": 177724, "rank": 0, "ts": "2026-10-04 15:54:48"}
[DBG] {"category": "TRAIN", "component": "train", "event": "BEGIN:broadcast_stop_flag", "host": "d6b2a058c4be", "pid": 177724, "rank": 0, "transport": "gloo_cpu", "ts": "2026-10-04 15:54:48", "value": false}
[DBG] {"category": "TRAIN", "component": "train", "event": "watchdog_armed", "host": "d6b2a058c4be", "pid": 177724, "rank": 0, "stage": "broadcast_stop_flag", "timeout_sec": 30.0, "ts": "2026-10-04 15:54:48"}
[DBG] {"category": "TRAIN", "component": "train", "elapsed_sec": 0.001868, "event": "END:broadcast_stop_flag", "host": "d6b2a058c4be", "pid": 177724, "rank": 0, "ts": "2026-10-04 15:54:48"}
[DBG] {"category": "QUEUE", "component": "train", "event": "BEGIN:preference_size_before_pop", "host": "d6b2a058c4be", "pid": 177724, "rank": 0, "ts": "2026-10-04 15:54:48"}
[DBG] {"category": "QUEUE", "component": "train", "event": "watchdog_armed", "host": "d6b2a058c4be", "pid": 177724, "rank": 0, "stage": "preference_size_before_pop", "timeout_sec": 30.0, "ts": "2026-10-04 15:54:48"}
[DBG] {"category": "QUEUE", "component": "train", "elapsed_sec": 0.004115, "event": "END:preference_size_before_pop", "host": "d6b2a058c4be", "pid": 177724, "rank": 0, "ts": "2026-10-04 15:54:48"}
[DBG] {"category": "QUEUE", "component": "train", "event": "trainer_queue_state", "host": "d6b2a058c4be", "pending": 0, "pid": 177724, "policy_version": 0, "rank": 0, "required": 4, "ts": "2026-10-04 15:54:48"}
[DBG] {"category": "QUEUE", "component": "train", "current_version": 0, "event": "BEGIN:preference_pop", "host": "d6b2a058c4be", "pid": 177724, "rank": 0, "requested": 4, "ts": "2026-10-04 15:54:48"}
[DBG] {"category": "QUEUE", "component": "train", "event": "watchdog_armed", "host": "d6b2a058c4be", "pid": 177724, "rank": 0, "stage": "preference_pop", "timeout_sec": 30.0, "ts": "2026-10-04 15:54:48"}
[DBG] {"category": "QUEUE", "component": "train", "elapsed_sec": 0.007196, "event": "END:preference_pop", "host": "d6b2a058c4be", "pid": 177724, "rank": 0, "ts": "2026-10-04 15:54:48"}
[DBG] {"category": "TRAIN", "component": "train", "empty_polls": 60, "event": "waiting_for_preference_batch", "host": "d6b2a058c4be", "pending": 0, "pid": 177724, "rank": 0, "required": 4, "ts": "2026-10-04 15:54:48"}
[DBG] {"category": "TRAIN", "component": "train", "event": "BEGIN:broadcast_preference_payload", "has_payload": false, "host": "d6b2a058c4be", "pid": 177724, "rank": 0, "transport": "json_uint8_gloo", "ts": "2026-10-04 15:54:48"}
[DBG] {"category": "TRAIN", "component": "train", "event": "watchdog_armed", "host": "d6b2a058c4be", "pid": 177724, "rank": 0, "stage": "broadcast_preference_payload", "timeout_sec": 30.0, "ts": "2026-10-04 15:54:48"}
[DBG] {"bytes": 0, "category": "TRAIN", "component": "train", "event": "BEGIN:broadcast_preference_length", "host": "d6b2a058c4be", "pid": 177724, "rank": 0, "transport": "gloo_cpu", "ts": "2026-10-04 15:54:48"}
[DBG] {"category": "TRAIN", "component": "train", "event": "watchdog_armed", "host": "d6b2a058c4be", "pid": 177724, "rank": 0, "stage": "broadcast_preference_length", "timeout_sec": 30.0, "ts": "2026-10-04 15:54:48"}
[DBG] {"category": "TRAIN", "component": "train", "elapsed_sec": 0.005331, "event": "END:broadcast_preference_length", "host": "d6b2a058c4be", "pid": 177724, "rank": 0, "ts": "2026-10-04 15:54:48"}
[DBG] {"category": "TRAIN", "component": "train", "event": "watchdog_armed", "host": "d6b2a058c4be", "pid": 177724, "rank": 0, "stage": "broadcast_preference_payload", "timeout_sec": 30.0, "ts": "2026-10-04 15:54:48"}
[DBG] {"category": "TRAIN", "component": "train", "elapsed_sec": 0.006758, "event": "END:broadcast_preference_payload", "host": "d6b2a058c4be", "pid": 177724, "rank": 0, "ts": "2026-10-04 15:54:48"}
[DBG] {"category": "RAY", "component": "train", "event": "BEGIN:control_should_stop", "host": "d6b2a058c4be", "pid": 177724, "rank": 0, "ts": "2026-10-04 15:54:49"}
[DBG] {"category": "RAY", "component": "train", "event": "watchdog_armed", "host": "d6b2a058c4be", "pid": 177724, "rank": 0, "stage": "control_should_stop", "timeout_sec": 30.0, "ts": "2026-10-04 15:54:49"}
[DBG] {"category": "RAY", "component": "train", "elapsed_sec": 0.004751, "event": "END:control_should_stop", "host": "d6b2a058c4be", "pid": 177724, "rank": 0, "ts": "2026-10-04 15:54:49"}
[DBG] {"category": "TRAIN", "component": "train", "event": "BEGIN:broadcast_stop_flag", "host": "d6b2a058c4be", "pid": 177724, "rank": 0, "transport": "gloo_cpu", "ts": "2026-10-04 15:54:49", "value": false}
[DBG] {"category": "TRAIN", "component": "train", "event": "watchdog_armed", "host": "d6b2a058c4be", "pid": 177724, "rank": 0, "stage": "broadcast_stop_flag", "timeout_sec": 30.0, "ts": "2026-10-04 15:54:49"}
[DBG] {"category": "TRAIN", "component": "train", "elapsed_sec": 0.004598, "event": "END:broadcast_stop_flag", "host": "d6b2a058c4be", "pid": 177724, "rank": 0, "ts": "2026-10-04 15:54:49"}
[DBG] {"category": "QUEUE", "component": "train", "event": "BEGIN:preference_size_before_pop", "host": "d6b2a058c4be", "pid": 177724, "rank": 0, "ts": "2026-10-04 15:54:49"}
[DBG] {"category": "QUEUE", "component": "train", "event": "watchdog_armed", "host": "d6b2a058c4be", "pid": 177724, "rank": 0, "stage": "preference_size_before_pop", "timeout_sec": 30.0, "ts": "2026-10-04 15:54:49"}
[DBG] {"category": "QUEUE", "component": "train", "elapsed_sec": 0.007177, "event": "END:preference_size_before_pop", "host": "d6b2a058c4be", "pid": 177724, "rank": 0, "ts": "2026-10-04 15:54:49"}
[DBG] {"category": "QUEUE", "component": "train", "event": "trainer_queue_state", "host": "d6b2a058c4be", "pending": 0, "pid": 177724, "policy_version": 0, "rank": 0, "required": 4, "ts": "2026-10-04 15:54:49"}
[DBG] {"category": "QUEUE", "component": "train", "current_version": 0, "event": "BEGIN:preference_pop", "host": "d6b2a058c4be", "pid": 177724, "rank": 0, "requested": 4, "ts": "2026-10-04 15:54:49"}
[DBG] {"category": "QUEUE", "component": "train", "event": "watchdog_armed", "host": "d6b2a058c4be", "pid": 177724, "rank": 0, "stage": "preference_pop", "timeout_sec": 30.0, "ts": "2026-10-04 15:54:49"}
[DBG] {"category": "QUEUE", "component": "train", "elapsed_sec": 0.007931, "event": "END:preference_pop", "host": "d6b2a058c4be", "pid": 177724, "rank": 0, "ts": "2026-10-04 15:54:49"}
[DBG] {"category": "TRAIN", "component": "train", "event": "BEGIN:broadcast_preference_payload", "has_payload": false, "host": "d6b2a058c4be", "pid": 177724, "rank": 0, "transport": "json_uint8_gloo", "ts": "2026-10-04 15:54:49"}
[DBG] {"category": "TRAIN", "component": "train", "event": "watchdog_armed", "host": "d6b2a058c4be", "pid": 177724, "rank": 0, "stage": "broadcast_preference_payload", "timeout_sec": 30.0, "ts": "2026-10-04 15:54:49"}
[DBG] {"bytes": 0, "category": "TRAIN", "component": "train", "event": "BEGIN:broadcast_preference_length", "host": "d6b2a058c4be", "pid": 177724, "rank": 0, "transport": "gloo_cpu", "ts": "2026-10-04 15:54:49"}
[DBG] {"category": "TRAIN", "component": "train", "event": "watchdog_armed", "host": "d6b2a058c4be", "pid": 177724, "rank": 0, "stage": "broadcast_preference_length", "timeout_sec": 30.0, "ts": "2026-10-04 15:54:49"}
[DBG] {"category": "TRAIN", "component": "train", "elapsed_sec": 0.004174, "event": "END:broadcast_preference_length", "host": "d6b2a058c4be", "pid": 177724, "rank": 0, "ts": "2026-10-04 15:54:49"}
[DBG] {"category": "TRAIN", "component": "train", "event": "watchdog_armed", "host": "d6b2a058c4be", "pid": 177724, "rank": 0, "stage": "broadcast_preference_payload", "timeout_sec": 30.0, "ts": "2026-10-04 15:54:49"}
[DBG] {"category": "TRAIN", "component": "train", "elapsed_sec": 0.005577, "event": "END:broadcast_preference_payload", "host": "d6b2a058c4be", "pid": 177724, "rank": 0, "ts": "2026-10-04 15:54:49"}
[DBG] {"category": "RAY", "component": "train", "event": "BEGIN:control_should_stop", "host": "d6b2a058c4be", "pid": 177724, "rank": 0, "ts": "2026-10-04 15:54:49"}
[DBG] {"category": "RAY", "component": "train", "event": "watchdog_armed", "host": "d6b2a058c4be", "pid": 177724, "rank": 0, "stage": "control_should_stop", "timeout_sec": 30.0, "ts": "2026-10-04 15:54:49"}
[DBG] {"category": "RAY", "component": "train", "elapsed_sec": 0.00372, "event": "END:control_should_stop", "host": "d6b2a058c4be", "pid": 177724, "rank": 0, "ts": "2026-10-04 15:54:49"}
[DBG] {"category": "TRAIN", "component": "train", "event": "BEGIN:broadcast_stop_flag", "host": "d6b2a058c4be", "pid": 177724, "rank": 0, "transport": "gloo_cpu", "ts": "2026-10-04 15:54:49", "value": false}
[DBG] {"category": "TRAIN", "component": "train", "event": "watchdog_armed", "host": "d6b2a058c4be", "pid": 177724, "rank": 0, "stage": "broadcast_stop_flag", "timeout_sec": 30.0, "ts": "2026-10-04 15:54:49"}
[DBG] {"category": "TRAIN", "component": "train", "elapsed_sec": 0.002954, "event": "END:broadcast_stop_flag", "host": "d6b2a058c4be", "pid": 177724, "rank": 0, "ts": "2026-10-04 15:54:49"}
[DBG] {"category": "QUEUE", "component": "train", "event": "BEGIN:preference_size_before_pop", "host": "d6b2a058c4be", "pid": 177724, "rank": 0, "ts": "2026-10-04 15:54:49"}
[DBG] {"category": "QUEUE", "component": "train", "event": "watchdog_armed", "host": "d6b2a058c4be", "pid": 177724, "rank": 0, "stage": "preference_size_before_pop", "timeout_sec": 30.0, "ts": "2026-10-04 15:54:49"}
[DBG] {"category": "QUEUE", "component": "train", "elapsed_sec": 0.003585, "event": "END:preference_size_before_pop", "host": "d6b2a058c4be", "pid": 177724, "rank": 0, "ts": "2026-10-04 15:54:49"}
[DBG] {"category": "QUEUE", "component": "train", "event": "trainer_queue_state", "host": "d6b2a058c4be", "pending": 0, "pid": 177724, "policy_version": 0, "rank": 0, "required": 4, "ts": "2026-10-04 15:54:49"}
[DBG] {"category": "QUEUE", "component": "train", "current_version": 0, "event": "BEGIN:preference_pop", "host": "d6b2a058c4be", "pid": 177724, "rank": 0, "requested": 4, "ts": "2026-10-04 15:54:49"}
[DBG] {"category": "QUEUE", "component": "train", "event": "watchdog_armed", "host": "d6b2a058c4be", "pid": 177724, "rank": 0, "stage": "preference_pop", "timeout_sec": 30.0, "ts": "2026-10-04 15:54:49"}
[DBG] {"category": "QUEUE", "component": "train", "elapsed_sec": 0.003752, "event": "END:preference_pop", "host": "d6b2a058c4be", "pid": 177724, "rank": 0, "ts": "2026-10-04 15:54:49"}
[DBG] {"category": "TRAIN", "component": "train", "event": "BEGIN:broadcast_preference_payload", "has_payload": false, "host": "d6b2a058c4be", "pid": 177724, "rank": 0, "transport": "json_uint8_gloo", "ts": "2026-10-04 15:54:49"}
[DBG] {"category": "TRAIN", "component": "train", "event": "watchdog_armed", "host": "d6b2a058c4be", "pid": 177724, "rank": 0, "stage": "broadcast_preference_payload", "timeout_sec": 30.0, "ts": "2026-10-04 15:54:49"}
[DBG] {"bytes": 0, "category": "TRAIN", "component": "train", "event": "BEGIN:broadcast_preference_length", "host": "d6b2a058c4be", "pid": 177724, "rank": 0, "transport": "gloo_cpu", "ts": "2026-10-04 15:54:49"}
[DBG] {"category": "TRAIN", "component": "train", "event": "watchdog_armed", "host": "d6b2a058c4be", "pid": 177724, "rank": 0, "stage": "broadcast_preference_length", "timeout_sec": 30.0, "ts": "2026-10-04 15:54:49"}
[DBG] {"category": "TRAIN", "component": "train", "elapsed_sec": 0.002583, "event": "END:broadcast_preference_length", "host": "d6b2a058c4be", "pid": 177724, "rank": 0, "ts": "2026-10-04 15:54:49"}
[DBG] {"category": "TRAIN", "component": "train", "event": "watchdog_armed", "host": "d6b2a058c4be", "pid": 177724, "rank": 0, "stage": "broadcast_preference_payload", "timeout_sec": 30.0, "ts": "2026-10-04 15:54:49"}
[DBG] {"category": "TRAIN", "component": "train", "elapsed_sec": 0.003343, "event": "END:broadcast_preference_payload", "host": "d6b2a058c4be", "pid": 177724, "rank": 0, "ts": "2026-10-04 15:54:49"}
[DBG] {"category": "RAY", "component": "train", "event": "BEGIN:control_should_stop", "host": "d6b2a058c4be", "pid": 177724, "rank": 0, "ts": "2026-10-04 15:54:50"}
[DBG] {"category": "RAY", "component": "train", "event": "watchdog_armed", "host": "d6b2a058c4be", "pid": 177724, "rank": 0, "stage": "control_should_stop", "timeout_sec": 30.0, "ts": "2026-10-04 15:54:50"}
[DBG] {"category": "RAY", "component": "train", "elapsed_sec": 0.003077, "event": "END:control_should_stop", "host": "d6b2a058c4be", "pid": 177724, "rank": 0, "ts": "2026-10-04 15:54:50"}
[DBG] {"category": "TRAIN", "component": "train", "event": "BEGIN:broadcast_stop_flag", "host": "d6b2a058c4be", "pid": 177724, "rank": 0, "transport": "gloo_cpu", "ts": "2026-10-04 15:54:50", "value": false}
[DBG] {"category": "TRAIN", "component": "train", "event": "watchdog_armed", "host": "d6b2a058c4be", "pid": 177724, "rank": 0, "stage": "broadcast_stop_flag", "timeout_sec": 30.0, "ts": "2026-10-04 15:54:50"}
[DBG] {"category": "TRAIN", "component": "train", "elapsed_sec": 0.003101, "event": "END:broadcast_stop_flag", "host": "d6b2a058c4be", "pid": 177724, "rank": 0, "ts": "2026-10-04 15:54:50"}
[DBG] {"category": "QUEUE", "component": "train", "event": "BEGIN:preference_size_before_pop", "host": "d6b2a058c4be", "pid": 177724, "rank": 0, "ts": "2026-10-04 15:54:50"}
[DBG] {"category": "QUEUE", "component": "train", "event": "watchdog_armed", "host": "d6b2a058c4be", "pid": 177724, "rank": 0, "stage": "preference_size_before_pop", "timeout_sec": 30.0, "ts": "2026-10-04 15:54:50"}
[DBG] {"category": "QUEUE", "component": "train", "elapsed_sec": 0.003936, "event": "END:preference_size_before_pop", "host": "d6b2a058c4be", "pid": 177724, "rank": 0, "ts": "2026-10-04 15:54:50"}
[DBG] {"category": "QUEUE", "component": "train", "event": "trainer_queue_state", "host": "d6b2a058c4be", "pending": 0, "pid": 177724, "policy_version": 0, "rank": 0, "required": 4, "ts": "2026-10-04 15:54:50"}
[DBG] {"category": "QUEUE", "component": "train", "current_version": 0, "event": "BEGIN:preference_pop", "host": "d6b2a058c4be", "pid": 177724, "rank": 0, "requested": 4, "ts": "2026-10-04 15:54:50"}
[DBG] {"category": "QUEUE", "component": "train", "event": "watchdog_armed", "host": "d6b2a058c4be", "pid": 177724, "rank": 0, "stage": "preference_pop", "timeout_sec": 30.0, "ts": "2026-10-04 15:54:50"}
[DBG] {"category": "QUEUE", "component": "train", "elapsed_sec": 0.005327, "event": "END:preference_pop", "host": "d6b2a058c4be", "pid": 177724, "rank": 0, "ts": "2026-10-04 15:54:50"}
[DBG] {"category": "TRAIN", "component": "train", "event": "BEGIN:broadcast_preference_payload", "has_payload": false, "host": "d6b2a058c4be", "pid": 177724, "rank": 0, "transport": "json_uint8_gloo", "ts": "2026-10-04 15:54:50"}
[DBG] {"category": "TRAIN", "component": "train", "event": "watchdog_armed", "host": "d6b2a058c4be", "pid": 177724, "rank": 0, "stage": "broadcast_preference_payload", "timeout_sec": 30.0, "ts": "2026-10-04 15:54:50"}
[DBG] {"bytes": 0, "category": "TRAIN", "component": "train", "event": "BEGIN:broadcast_preference_length", "host": "d6b2a058c4be", "pid": 177724, "rank": 0, "transport": "gloo_cpu", "ts": "2026-10-04 15:54:50"}
[DBG] {"category": "TRAIN", "component": "train", "event": "watchdog_armed", "host": "d6b2a058c4be", "pid": 177724, "rank": 0, "stage": "broadcast_preference_length", "timeout_sec": 30.0, "ts": "2026-10-04 15:54:50"}
[DBG] {"category": "TRAIN", "component": "train", "elapsed_sec": 0.002823, "event": "END:broadcast_preference_length", "host": "d6b2a058c4be", "pid": 177724, "rank": 0, "ts": "2026-10-04 15:54:50"}
[DBG] {"category": "TRAIN", "component": "train", "event": "watchdog_armed", "host": "d6b2a058c4be", "pid": 177724, "rank": 0, "stage": "broadcast_preference_payload", "timeout_sec": 30.0, "ts": "2026-10-04 15:54:50"}
[DBG] {"category": "TRAIN", "component": "train", "elapsed_sec": 0.003252, "event": "END:broadcast_preference_payload", "host": "d6b2a058c4be", "pid": 177724, "rank": 0, "ts": "2026-10-04 15:54:50"}
[DBG] {"category": "RAY", "component": "train", "event": "BEGIN:control_should_stop", "host": "d6b2a058c4be", "pid": 177724, "rank": 0, "ts": "2026-10-04 15:54:50"}
[DBG] {"category": "RAY", "component": "train", "event": "watchdog_armed", "host": "d6b2a058c4be", "pid": 177724, "rank": 0, "stage": "control_should_stop", "timeout_sec": 30.0, "ts": "2026-10-04 15:54:50"}
[DBG] {"category": "RAY", "component": "train", "elapsed_sec": 0.006804, "event": "END:control_should_stop", "host": "d6b2a058c4be", "pid": 177724, "rank": 0, "ts": "2026-10-04 15:54:50"}
[DBG] {"category": "TRAIN", "component": "train", "event": "BEGIN:broadcast_stop_flag", "host": "d6b2a058c4be", "pid": 177724, "rank": 0, "transport": "gloo_cpu", "ts": "2026-10-04 15:54:50", "value": false}
[DBG] {"category": "TRAIN", "component": "train", "event": "watchdog_armed", "host": "d6b2a058c4be", "pid": 177724, "rank": 0, "stage": "broadcast_stop_flag", "timeout_sec": 30.0, "ts": "2026-10-04 15:54:50"}
[DBG] {"category": "TRAIN", "component": "train", "elapsed_sec": 0.002311, "event": "END:broadcast_stop_flag", "host": "d6b2a058c4be", "pid": 177724, "rank": 0, "ts": "2026-10-04 15:54:50"}
[DBG] {"category": "QUEUE", "component": "train", "event": "BEGIN:preference_size_before_pop", "host": "d6b2a058c4be", "pid": 177724, "rank": 0, "ts": "2026-10-04 15:54:50"}
[DBG] {"category": "QUEUE", "component": "train", "event": "watchdog_armed", "host": "d6b2a058c4be", "pid": 177724, "rank": 0, "stage": "preference_size_before_pop", "timeout_sec": 30.0, "ts": "2026-10-04 15:54:50"}
[DBG] {"category": "QUEUE", "component": "train", "elapsed_sec": 0.002913, "event": "END:preference_size_before_pop", "host": "d6b2a058c4be", "pid": 177724, "rank": 0, "ts": "2026-10-04 15:54:50"}
[DBG] {"category": "QUEUE", "component": "train", "event": "trainer_queue_state", "host": "d6b2a058c4be", "pending": 0, "pid": 177724, "policy_version": 0, "rank": 0, "required": 4, "ts": "2026-10-04 15:54:50"}
[DBG] {"category": "QUEUE", "component": "train", "current_version": 0, "event": "BEGIN:preference_pop", "host": "d6b2a058c4be", "pid": 177724, "rank": 0, "requested": 4, "ts": "2026-10-04 15:54:50"}
[DBG] {"category": "QUEUE", "component": "train", "event": "watchdog_armed", "host": "d6b2a058c4be", "pid": 177724, "rank": 0, "stage": "preference_pop", "timeout_sec": 30.0, "ts": "2026-10-04 15:54:50"}
[DBG] {"category": "QUEUE", "component": "train", "elapsed_sec": 0.004973, "event": "END:preference_pop", "host": "d6b2a058c4be", "pid": 177724, "rank": 0, "ts": "2026-10-04 15:54:50"}
[DBG] {"category": "TRAIN", "component": "train", "event": "BEGIN:broadcast_preference_payload", "has_payload": false, "host": "d6b2a058c4be", "pid": 177724, "rank": 0, "transport": "json_uint8_gloo", "ts": "2026-10-04 15:54:50"}
[DBG] {"category": "TRAIN", "component": "train", "event": "watchdog_armed", "host": "d6b2a058c4be", "pid": 177724, "rank": 0, "stage": "broadcast_preference_payload", "timeout_sec": 30.0, "ts": "2026-10-04 15:54:50"}
[DBG] {"bytes": 0, "category": "TRAIN", "component": "train", "event": "BEGIN:broadcast_preference_length", "host": "d6b2a058c4be", "pid": 177724, "rank": 0, "transport": "gloo_cpu", "ts": "2026-10-04 15:54:50"}
[DBG] {"category": "TRAIN", "component": "train", "event": "watchdog_armed", "host": "d6b2a058c4be", "pid": 177724, "rank": 0, "stage": "broadcast_preference_length", "timeout_sec": 30.0, "ts": "2026-10-04 15:54:50"}
[DBG] {"category": "TRAIN", "component": "train", "elapsed_sec": 0.003046, "event": "END:broadcast_preference_length", "host": "d6b2a058c4be", "pid": 177724, "rank": 0, "ts": "2026-10-04 15:54:50"}
[DBG] {"category": "TRAIN", "component": "train", "event": "watchdog_armed", "host": "d6b2a058c4be", "pid": 177724, "rank": 0, "stage": "broadcast_preference_payload", "timeout_sec": 30.0, "ts": "2026-10-04 15:54:50"}
[DBG] {"category": "TRAIN", "component": "train", "elapsed_sec": 0.00426, "event": "END:broadcast_preference_payload", "host": "d6b2a058c4be", "pid": 177724, "rank": 0, "ts": "2026-10-04 15:54:50"}
[DBG] {"category": "RAY", "component": "train", "event": "BEGIN:control_should_stop", "host": "d6b2a058c4be", "pid": 177724, "rank": 0, "ts": "2026-10-04 15:54:51"}
[DBG] {"category": "RAY", "component": "train", "event": "watchdog_armed", "host": "d6b2a058c4be", "pid": 177724, "rank": 0, "stage": "control_should_stop", "timeout_sec": 30.0, "ts": "2026-10-04 15:54:51"}
[DBG] {"category": "RAY", "component": "train", "elapsed_sec": 0.003656, "event": "END:control_should_stop", "host": "d6b2a058c4be", "pid": 177724, "rank": 0, "ts": "2026-10-04 15:54:51"}
[DBG] {"category": "TRAIN", "component": "train", "event": "BEGIN:broadcast_stop_flag", "host": "d6b2a058c4be", "pid": 177724, "rank": 0, "transport": "gloo_cpu", "ts": "2026-10-04 15:54:51", "value": false}
[DBG] {"category": "TRAIN", "component": "train", "event": "watchdog_armed", "host": "d6b2a058c4be", "pid": 177724, "rank": 0, "stage": "broadcast_stop_flag", "timeout_sec": 30.0, "ts": "2026-10-04 15:54:51"}
[DBG] {"category": "TRAIN", "component": "train", "elapsed_sec": 0.002891, "event": "END:broadcast_stop_flag", "host": "d6b2a058c4be", "pid": 177724, "rank": 0, "ts": "2026-10-04 15:54:51"}
[DBG] {"category": "QUEUE", "component": "train", "event": "BEGIN:preference_size_before_pop", "host": "d6b2a058c4be", "pid": 177724, "rank": 0, "ts": "2026-10-04 15:54:51"}
[DBG] {"category": "QUEUE", "component": "train", "event": "watchdog_armed", "host": "d6b2a058c4be", "pid": 177724, "rank": 0, "stage": "preference_size_before_pop", "timeout_sec": 30.0, "ts": "2026-10-04 15:54:51"}
[DBG] {"category": "QUEUE", "component": "train", "elapsed_sec": 0.004584, "event": "END:preference_size_before_pop", "host": "d6b2a058c4be", "pid": 177724, "rank": 0, "ts": "2026-10-04 15:54:51"}
[DBG] {"category": "QUEUE", "component": "train", "event": "trainer_queue_state", "host": "d6b2a058c4be", "pending": 0, "pid": 177724, "policy_version": 0, "rank": 0, "required": 4, "ts": "2026-10-04 15:54:51"}
[DBG] {"category": "QUEUE", "component": "train", "current_version": 0, "event": "BEGIN:preference_pop", "host": "d6b2a058c4be", "pid": 177724, "rank": 0, "requested": 4, "ts": "2026-10-04 15:54:51"}
[DBG] {"category": "QUEUE", "component": "train", "event": "watchdog_armed", "host": "d6b2a058c4be", "pid": 177724, "rank": 0, "stage": "preference_pop", "timeout_sec": 30.0, "ts": "2026-10-04 15:54:51"}
[DBG] {"category": "QUEUE", "component": "train", "elapsed_sec": 0.005458, "event": "END:preference_pop", "host": "d6b2a058c4be", "pid": 177724, "rank": 0, "ts": "2026-10-04 15:54:51"}
[DBG] {"category": "TRAIN", "component": "train", "event": "BEGIN:broadcast_preference_payload", "has_payload": false, "host": "d6b2a058c4be", "pid": 177724, "rank": 0, "transport": "json_uint8_gloo", "ts": "2026-10-04 15:54:51"}
[DBG] {"category": "TRAIN", "component": "train", "event": "watchdog_armed", "host": "d6b2a058c4be", "pid": 177724, "rank": 0, "stage": "broadcast_preference_payload", "timeout_sec": 30.0, "ts": "2026-10-04 15:54:51"}
[DBG] {"bytes": 0, "category": "TRAIN", "component": "train", "event": "BEGIN:broadcast_preference_length", "host": "d6b2a058c4be", "pid": 177724, "rank": 0, "transport": "gloo_cpu", "ts": "2026-10-04 15:54:51"}
[DBG] {"category": "TRAIN", "component": "train", "event": "watchdog_armed", "host": "d6b2a058c4be", "pid": 177724, "rank": 0, "stage": "broadcast_preference_length", "timeout_sec": 30.0, "ts": "2026-10-04 15:54:51"}
[DBG] {"category": "TRAIN", "component": "train", "elapsed_sec": 0.003522, "event": "END:broadcast_preference_length", "host": "d6b2a058c4be", "pid": 177724, "rank": 0, "ts": "2026-10-04 15:54:51"}
[DBG] {"category": "TRAIN", "component": "train", "event": "watchdog_armed", "host": "d6b2a058c4be", "pid": 177724, "rank": 0, "stage": "broadcast_preference_payload", "timeout_sec": 30.0, "ts": "2026-10-04 15:54:51"}
[DBG] {"category": "TRAIN", "component": "train", "elapsed_sec": 0.004635, "event": "END:broadcast_preference_payload", "host": "d6b2a058c4be", "pid": 177724, "rank": 0, "ts": "2026-10-04 15:54:51"}
[DBG] {"category": "RAY", "component": "train", "event": "BEGIN:control_should_stop", "host": "d6b2a058c4be", "pid": 177724, "rank": 0, "ts": "2026-10-04 15:54:51"}
[DBG] {"category": "RAY", "component": "train", "event": "watchdog_armed", "host": "d6b2a058c4be", "pid": 177724, "rank": 0, "stage": "control_should_stop", "timeout_sec": 30.0, "ts": "2026-10-04 15:54:51"}
[DBG] {"category": "RAY", "component": "train", "elapsed_sec": 0.003665, "event": "END:control_should_stop", "host": "d6b2a058c4be", "pid": 177724, "rank": 0, "ts": "2026-10-04 15:54:51"}
[DBG] {"category": "TRAIN", "component": "train", "event": "BEGIN:broadcast_stop_flag", "host": "d6b2a058c4be", "pid": 177724, "rank": 0, "transport": "gloo_cpu", "ts": "2026-10-04 15:54:51", "value": false}
[DBG] {"category": "TRAIN", "component": "train", "event": "watchdog_armed", "host": "d6b2a058c4be", "pid": 177724, "rank": 0, "stage": "broadcast_stop_flag", "timeout_sec": 30.0, "ts": "2026-10-04 15:54:51"}
[DBG] {"category": "TRAIN", "component": "train", "elapsed_sec": 0.003283, "event": "END:broadcast_stop_flag", "host": "d6b2a058c4be", "pid": 177724, "rank": 0, "ts": "2026-10-04 15:54:51"}
[DBG] {"category": "QUEUE", "component": "train", "event": "BEGIN:preference_size_before_pop", "host": "d6b2a058c4be", "pid": 177724, "rank": 0, "ts": "2026-10-04 15:54:51"}
[DBG] {"category": "QUEUE", "component": "train", "event": "watchdog_armed", "host": "d6b2a058c4be", "pid": 177724, "rank": 0, "stage": "preference_size_before_pop", "timeout_sec": 30.0, "ts": "2026-10-04 15:54:51"}
[DBG] {"category": "QUEUE", "component": "train", "elapsed_sec": 0.00575, "event": "END:preference_size_before_pop", "host": "d6b2a058c4be", "pid": 177724, "rank": 0, "ts": "2026-10-04 15:54:51"}
[DBG] {"category": "QUEUE", "component": "train", "event": "trainer_queue_state", "host": "d6b2a058c4be", "pending": 0, "pid": 177724, "policy_version": 0, "rank": 0, "required": 4, "ts": "2026-10-04 15:54:51"}
[DBG] {"category": "QUEUE", "component": "train", "current_version": 0, "event": "BEGIN:preference_pop", "host": "d6b2a058c4be", "pid": 177724, "rank": 0, "requested": 4, "ts": "2026-10-04 15:54:51"}
[DBG] {"category": "QUEUE", "component": "train", "event": "watchdog_armed", "host": "d6b2a058c4be", "pid": 177724, "rank": 0, "stage": "preference_pop", "timeout_sec": 30.0, "ts": "2026-10-04 15:54:51"}
[DBG] {"category": "QUEUE", "component": "train", "elapsed_sec": 0.006606, "event": "END:preference_pop", "host": "d6b2a058c4be", "pid": 177724, "rank": 0, "ts": "2026-10-04 15:54:51"}
[DBG] {"category": "TRAIN", "component": "train", "event": "BEGIN:broadcast_preference_payload", "has_payload": false, "host": "d6b2a058c4be", "pid": 177724, "rank": 0, "transport": "json_uint8_gloo", "ts": "2026-10-04 15:54:51"}
[DBG] {"category": "TRAIN", "component": "train", "event": "watchdog_armed", "host": "d6b2a058c4be", "pid": 177724, "rank": 0, "stage": "broadcast_preference_payload", "timeout_sec": 30.0, "ts": "2026-10-04 15:54:51"}
[DBG] {"bytes": 0, "category": "TRAIN", "component": "train", "event": "BEGIN:broadcast_preference_length", "host": "d6b2a058c4be", "pid": 177724, "rank": 0, "transport": "gloo_cpu", "ts": "2026-10-04 15:54:51"}
[DBG] {"category": "TRAIN", "component": "train", "event": "watchdog_armed", "host": "d6b2a058c4be", "pid": 177724, "rank": 0, "stage": "broadcast_preference_length", "timeout_sec": 30.0, "ts": "2026-10-04 15:54:51"}
[DBG] {"category": "TRAIN", "component": "train", "elapsed_sec": 0.00373, "event": "END:broadcast_preference_length", "host": "d6b2a058c4be", "pid": 177724, "rank": 0, "ts": "2026-10-04 15:54:51"}
[DBG] {"category": "TRAIN", "component": "train", "event": "watchdog_armed", "host": "d6b2a058c4be", "pid": 177724, "rank": 0, "stage": "broadcast_preference_payload", "timeout_sec": 30.0, "ts": "2026-10-04 15:54:51"}
[DBG] {"category": "TRAIN", "component": "train", "elapsed_sec": 0.005211, "event": "END:broadcast_preference_payload", "host": "d6b2a058c4be", "pid": 177724, "rank": 0, "ts": "2026-10-04 15:54:51"}
[DBG] {"category": "RAY", "component": "train", "event": "BEGIN:control_should_stop", "host": "d6b2a058c4be", "pid": 177724, "rank": 0, "ts": "2026-10-04 15:54:52"}
[DBG] {"category": "RAY", "component": "train", "event": "watchdog_armed", "host": "d6b2a058c4be", "pid": 177724, "rank": 0, "stage": "control_should_stop", "timeout_sec": 30.0, "ts": "2026-10-04 15:54:52"}
[DBG] {"category": "RAY", "component": "train", "elapsed_sec": 0.004127, "event": "END:control_should_stop", "host": "d6b2a058c4be", "pid": 177724, "rank": 0, "ts": "2026-10-04 15:54:52"}
[DBG] {"category": "TRAIN", "component": "train", "event": "BEGIN:broadcast_stop_flag", "host": "d6b2a058c4be", "pid": 177724, "rank": 0, "transport": "gloo_cpu", "ts": "2026-10-04 15:54:52", "value": false}
[DBG] {"category": "TRAIN", "component": "train", "event": "watchdog_armed", "host": "d6b2a058c4be", "pid": 177724, "rank": 0, "stage": "broadcast_stop_flag", "timeout_sec": 30.0, "ts": "2026-10-04 15:54:52"}
[DBG] {"category": "TRAIN", "component": "train", "elapsed_sec": 0.003861, "event": "END:broadcast_stop_flag", "host": "d6b2a058c4be", "pid": 177724, "rank": 0, "ts": "2026-10-04 15:54:52"}
[DBG] {"category": "QUEUE", "component": "train", "event": "BEGIN:preference_size_before_pop", "host": "d6b2a058c4be", "pid": 177724, "rank": 0, "ts": "2026-10-04 15:54:52"}
[DBG] {"category": "QUEUE", "component": "train", "event": "watchdog_armed", "host": "d6b2a058c4be", "pid": 177724, "rank": 0, "stage": "preference_size_before_pop", "timeout_sec": 30.0, "ts": "2026-10-04 15:54:52"}
[DBG] {"category": "QUEUE", "component": "train", "elapsed_sec": 0.006574, "event": "END:preference_size_before_pop", "host": "d6b2a058c4be", "pid": 177724, "rank": 0, "ts": "2026-10-04 15:54:52"}
[DBG] {"category": "QUEUE", "component": "train", "event": "trainer_queue_state", "host": "d6b2a058c4be", "pending": 0, "pid": 177724, "policy_version": 0, "rank": 0, "required": 4, "ts": "2026-10-04 15:54:52"}
[DBG] {"category": "QUEUE", "component": "train", "current_version": 0, "event": "BEGIN:preference_pop", "host": "d6b2a058c4be", "pid": 177724, "rank": 0, "requested": 4, "ts": "2026-10-04 15:54:52"}
[DBG] {"category": "QUEUE", "component": "train", "event": "watchdog_armed", "host": "d6b2a058c4be", "pid": 177724, "rank": 0, "stage": "preference_pop", "timeout_sec": 30.0, "ts": "2026-10-04 15:54:52"}
[DBG] {"category": "QUEUE", "component": "train", "elapsed_sec": 0.006514, "event": "END:preference_pop", "host": "d6b2a058c4be", "pid": 177724, "rank": 0, "ts": "2026-10-04 15:54:52"}
[DBG] {"category": "TRAIN", "component": "train", "event": "BEGIN:broadcast_preference_payload", "has_payload": false, "host": "d6b2a058c4be", "pid": 177724, "rank": 0, "transport": "json_uint8_gloo", "ts": "2026-10-04 15:54:52"}
[DBG] {"category": "TRAIN", "component": "train", "event": "watchdog_armed", "host": "d6b2a058c4be", "pid": 177724, "rank": 0, "stage": "broadcast_preference_payload", "timeout_sec": 30.0, "ts": "2026-10-04 15:54:52"}
[DBG] {"bytes": 0, "category": "TRAIN", "component": "train", "event": "BEGIN:broadcast_preference_length", "host": "d6b2a058c4be", "pid": 177724, "rank": 0, "transport": "gloo_cpu", "ts": "2026-10-04 15:54:52"}
[DBG] {"category": "TRAIN", "component": "train", "event": "watchdog_armed", "host": "d6b2a058c4be", "pid": 177724, "rank": 0, "stage": "broadcast_preference_length", "timeout_sec": 30.0, "ts": "2026-10-04 15:54:52"}
[DBG] {"category": "TRAIN", "component": "train", "elapsed_sec": 0.004913, "event": "END:broadcast_preference_length", "host": "d6b2a058c4be", "pid": 177724, "rank": 0, "ts": "2026-10-04 15:54:52"}
[DBG] {"category": "TRAIN", "component": "train", "event": "watchdog_armed", "host": "d6b2a058c4be", "pid": 177724, "rank": 0, "stage": "broadcast_preference_payload", "timeout_sec": 30.0, "ts": "2026-10-04 15:54:52"}
[DBG] {"category": "TRAIN", "component": "train", "elapsed_sec": 0.006205, "event": "END:broadcast_preference_payload", "host": "d6b2a058c4be", "pid": 177724, "rank": 0, "ts": "2026-10-04 15:54:52"}
[DBG] {"category": "RAY", "component": "train", "event": "BEGIN:control_should_stop", "host": "d6b2a058c4be", "pid": 177724, "rank": 0, "ts": "2026-10-04 15:54:52"}
[DBG] {"category": "RAY", "component": "train", "event": "watchdog_armed", "host": "d6b2a058c4be", "pid": 177724, "rank": 0, "stage": "control_should_stop", "timeout_sec": 30.0, "ts": "2026-10-04 15:54:52"}
[DBG] {"category": "RAY", "component": "train", "elapsed_sec": 0.003346, "event": "END:control_should_stop", "host": "d6b2a058c4be", "pid": 177724, "rank": 0, "ts": "2026-10-04 15:54:52"}
[DBG] {"category": "TRAIN", "component": "train", "event": "BEGIN:broadcast_stop_flag", "host": "d6b2a058c4be", "pid": 177724, "rank": 0, "transport": "gloo_cpu", "ts": "2026-10-04 15:54:52", "value": false}
[DBG] {"category": "TRAIN", "component": "train", "event": "watchdog_armed", "host": "d6b2a058c4be", "pid": 177724, "rank": 0, "stage": "broadcast_stop_flag", "timeout_sec": 30.0, "ts": "2026-10-04 15:54:52"}
[DBG] {"category": "TRAIN", "component": "train", "elapsed_sec": 0.00203, "event": "END:broadcast_stop_flag", "host": "d6b2a058c4be", "pid": 177724, "rank": 0, "ts": "2026-10-04 15:54:52"}
[DBG] {"category": "QUEUE", "component": "train", "event": "BEGIN:preference_size_before_pop", "host": "d6b2a058c4be", "pid": 177724, "rank": 0, "ts": "2026-10-04 15:54:52"}
[DBG] {"category": "QUEUE", "component": "train", "event": "watchdog_armed", "host": "d6b2a058c4be", "pid": 177724, "rank": 0, "stage": "preference_size_before_pop", "timeout_sec": 30.0, "ts": "2026-10-04 15:54:52"}
[DBG] {"category": "QUEUE", "component": "train", "elapsed_sec": 0.003927, "event": "END:preference_size_before_pop", "host": "d6b2a058c4be", "pid": 177724, "rank": 0, "ts": "2026-10-04 15:54:52"}
[DBG] {"category": "QUEUE", "component": "train", "event": "trainer_queue_state", "host": "d6b2a058c4be", "pending": 0, "pid": 177724, "policy_version": 0, "rank": 0, "required": 4, "ts": "2026-10-04 15:54:52"}
[DBG] {"category": "QUEUE", "component": "train", "current_version": 0, "event": "BEGIN:preference_pop", "host": "d6b2a058c4be", "pid": 177724, "rank": 0, "requested": 4, "ts": "2026-10-04 15:54:52"}
[DBG] {"category": "QUEUE", "component": "train", "event": "watchdog_armed", "host": "d6b2a058c4be", "pid": 177724, "rank": 0, "stage": "preference_pop", "timeout_sec": 30.0, "ts": "2026-10-04 15:54:52"}
[DBG] {"category": "QUEUE", "component": "train", "elapsed_sec": 0.006558, "event": "END:preference_pop", "host": "d6b2a058c4be", "pid": 177724, "rank": 0, "ts": "2026-10-04 15:54:52"}
[DBG] {"category": "TRAIN", "component": "train", "event": "BEGIN:broadcast_preference_payload", "has_payload": false, "host": "d6b2a058c4be", "pid": 177724, "rank": 0, "transport": "json_uint8_gloo", "ts": "2026-10-04 15:54:52"}
[DBG] {"category": "TRAIN", "component": "train", "event": "watchdog_armed", "host": "d6b2a058c4be", "pid": 177724, "rank": 0, "stage": "broadcast_preference_payload", "timeout_sec": 30.0, "ts": "2026-10-04 15:54:52"}
[DBG] {"bytes": 0, "category": "TRAIN", "component": "train", "event": "BEGIN:broadcast_preference_length", "host": "d6b2a058c4be", "pid": 177724, "rank": 0, "transport": "gloo_cpu", "ts": "2026-10-04 15:54:52"}
[DBG] {"category": "TRAIN", "component": "train", "event": "watchdog_armed", "host": "d6b2a058c4be", "pid": 177724, "rank": 0, "stage": "broadcast_preference_length", "timeout_sec": 30.0, "ts": "2026-10-04 15:54:52"}
[DBG] {"category": "TRAIN", "component": "train", "elapsed_sec": 0.003571, "event": "END:broadcast_preference_length", "host": "d6b2a058c4be", "pid": 177724, "rank": 0, "ts": "2026-10-04 15:54:52"}
[DBG] {"category": "TRAIN", "component": "train", "event": "watchdog_armed", "host": "d6b2a058c4be", "pid": 177724, "rank": 0, "stage": "broadcast_preference_payload", "timeout_sec": 30.0, "ts": "2026-10-04 15:54:52"}
[DBG] {"category": "TRAIN", "component": "train", "elapsed_sec": 0.004569, "event": "END:broadcast_preference_payload", "host": "d6b2a058c4be", "pid": 177724, "rank": 0, "ts": "2026-10-04 15:54:52"}
[DBG] {"category": "RAY", "component": "train", "event": "BEGIN:control_should_stop", "host": "d6b2a058c4be", "pid": 177724, "rank": 0, "ts": "2026-10-04 15:54:53"}
[DBG] {"category": "RAY", "component": "train", "event": "watchdog_armed", "host": "d6b2a058c4be", "pid": 177724, "rank": 0, "stage": "control_should_stop", "timeout_sec": 30.0, "ts": "2026-10-04 15:54:53"}
[DBG] {"category": "RAY", "component": "train", "elapsed_sec": 0.003769, "event": "END:control_should_stop", "host": "d6b2a058c4be", "pid": 177724, "rank": 0, "ts": "2026-10-04 15:54:53"}
[DBG] {"category": "TRAIN", "component": "train", "event": "BEGIN:broadcast_stop_flag", "host": "d6b2a058c4be", "pid": 177724, "rank": 0, "transport": "gloo_cpu", "ts": "2026-10-04 15:54:53", "value": false}
[DBG] {"category": "TRAIN", "component": "train", "event": "watchdog_armed", "host": "d6b2a058c4be", "pid": 177724, "rank": 0, "stage": "broadcast_stop_flag", "timeout_sec": 30.0, "ts": "2026-10-04 15:54:53"}
[DBG] {"category": "TRAIN", "component": "train", "elapsed_sec": 0.003897, "event": "END:broadcast_stop_flag", "host": "d6b2a058c4be", "pid": 177724, "rank": 0, "ts": "2026-10-04 15:54:53"}
[DBG] {"category": "QUEUE", "component": "train", "event": "BEGIN:preference_size_before_pop", "host": "d6b2a058c4be", "pid": 177724, "rank": 0, "ts": "2026-10-04 15:54:53"}
[DBG] {"category": "QUEUE", "component": "train", "event": "watchdog_armed", "host": "d6b2a058c4be", "pid": 177724, "rank": 0, "stage": "preference_size_before_pop", "timeout_sec": 30.0, "ts": "2026-10-04 15:54:53"}
[DBG] {"category": "QUEUE", "component": "train", "elapsed_sec": 0.006419, "event": "END:preference_size_before_pop", "host": "d6b2a058c4be", "pid": 177724, "rank": 0, "ts": "2026-10-04 15:54:53"}
[DBG] {"category": "QUEUE", "component": "train", "event": "trainer_queue_state", "host": "d6b2a058c4be", "pending": 0, "pid": 177724, "policy_version": 0, "rank": 0, "required": 4, "ts": "2026-10-04 15:54:53"}
[DBG] {"category": "QUEUE", "component": "train", "current_version": 0, "event": "BEGIN:preference_pop", "host": "d6b2a058c4be", "pid": 177724, "rank": 0, "requested": 4, "ts": "2026-10-04 15:54:53"}
[DBG] {"category": "QUEUE", "component": "train", "event": "watchdog_armed", "host": "d6b2a058c4be", "pid": 177724, "rank": 0, "stage": "preference_pop", "timeout_sec": 30.0, "ts": "2026-10-04 15:54:53"}
[DBG] {"category": "QUEUE", "component": "train", "elapsed_sec": 0.008473, "event": "END:preference_pop", "host": "d6b2a058c4be", "pid": 177724, "rank": 0, "ts": "2026-10-04 15:54:53"}
[DBG] {"category": "TRAIN", "component": "train", "event": "BEGIN:broadcast_preference_payload", "has_payload": false, "host": "d6b2a058c4be", "pid": 177724, "rank": 0, "transport": "json_uint8_gloo", "ts": "2026-10-04 15:54:53"}
[DBG] {"category": "TRAIN", "component": "train", "event": "watchdog_armed", "host": "d6b2a058c4be", "pid": 177724, "rank": 0, "stage": "broadcast_preference_payload", "timeout_sec": 30.0, "ts": "2026-10-04 15:54:53"}
[DBG] {"bytes": 0, "category": "TRAIN", "component": "train", "event": "BEGIN:broadcast_preference_length", "host": "d6b2a058c4be", "pid": 177724, "rank": 0, "transport": "gloo_cpu", "ts": "2026-10-04 15:54:53"}
[DBG] {"category": "TRAIN", "component": "train", "event": "watchdog_armed", "host": "d6b2a058c4be", "pid": 177724, "rank": 0, "stage": "broadcast_preference_length", "timeout_sec": 30.0, "ts": "2026-10-04 15:54:53"}
[DBG] {"category": "TRAIN", "component": "train", "elapsed_sec": 0.004351, "event": "END:broadcast_preference_length", "host": "d6b2a058c4be", "pid": 177724, "rank": 0, "ts": "2026-10-04 15:54:53"}
[DBG] {"category": "TRAIN", "component": "train", "event": "watchdog_armed", "host": "d6b2a058c4be", "pid": 177724, "rank": 0, "stage": "broadcast_preference_payload", "timeout_sec": 30.0, "ts": "2026-10-04 15:54:53"}
[DBG] {"category": "TRAIN", "component": "train", "elapsed_sec": 0.005874, "event": "END:broadcast_preference_payload", "host": "d6b2a058c4be", "pid": 177724, "rank": 0, "ts": "2026-10-04 15:54:53"}
[DBG] {"category": "RAY", "component": "train", "event": "BEGIN:control_should_stop", "host": "d6b2a058c4be", "pid": 177724, "rank": 0, "ts": "2026-10-04 15:54:53"}
[DBG] {"category": "RAY", "component": "train", "event": "watchdog_armed", "host": "d6b2a058c4be", "pid": 177724, "rank": 0, "stage": "control_should_stop", "timeout_sec": 30.0, "ts": "2026-10-04 15:54:53"}
[DBG] {"category": "RAY", "component": "train", "elapsed_sec": 0.004799, "event": "END:control_should_stop", "host": "d6b2a058c4be", "pid": 177724, "rank": 0, "ts": "2026-10-04 15:54:53"}
[DBG] {"category": "TRAIN", "component": "train", "event": "BEGIN:broadcast_stop_flag", "host": "d6b2a058c4be", "pid": 177724, "rank": 0, "transport": "gloo_cpu", "ts": "2026-10-04 15:54:53", "value": false}
[DBG] {"category": "TRAIN", "component": "train", "event": "watchdog_armed", "host": "d6b2a058c4be", "pid": 177724, "rank": 0, "stage": "broadcast_stop_flag", "timeout_sec": 30.0, "ts": "2026-10-04 15:54:53"}
[DBG] {"category": "TRAIN", "component": "train", "elapsed_sec": 0.004007, "event": "END:broadcast_stop_flag", "host": "d6b2a058c4be", "pid": 177724, "rank": 0, "ts": "2026-10-04 15:54:53"}
[DBG] {"category": "QUEUE", "component": "train", "event": "BEGIN:preference_size_before_pop", "host": "d6b2a058c4be", "pid": 177724, "rank": 0, "ts": "2026-10-04 15:54:53"}
[DBG] {"category": "QUEUE", "component": "train", "event": "watchdog_armed", "host": "d6b2a058c4be", "pid": 177724, "rank": 0, "stage": "preference_size_before_pop", "timeout_sec": 30.0, "ts": "2026-10-04 15:54:53"}
[DBG] {"category": "QUEUE", "component": "train", "elapsed_sec": 0.006023, "event": "END:preference_size_before_pop", "host": "d6b2a058c4be", "pid": 177724, "rank": 0, "ts": "2026-10-04 15:54:53"}
[DBG] {"category": "QUEUE", "component": "train", "event": "trainer_queue_state", "host": "d6b2a058c4be", "pending": 0, "pid": 177724, "policy_version": 0, "rank": 0, "required": 4, "ts": "2026-10-04 15:54:53"}
[DBG] {"category": "QUEUE", "component": "train", "current_version": 0, "event": "BEGIN:preference_pop", "host": "d6b2a058c4be", "pid": 177724, "rank": 0, "requested": 4, "ts": "2026-10-04 15:54:53"}
[DBG] {"category": "QUEUE", "component": "train", "event": "watchdog_armed", "host": "d6b2a058c4be", "pid": 177724, "rank": 0, "stage": "preference_pop", "timeout_sec": 30.0, "ts": "2026-10-04 15:54:53"}
[DBG] {"category": "QUEUE", "component": "train", "elapsed_sec": 0.007427, "event": "END:preference_pop", "host": "d6b2a058c4be", "pid": 177724, "rank": 0, "ts": "2026-10-04 15:54:53"}
[DBG] {"category": "TRAIN", "component": "train", "event": "BEGIN:broadcast_preference_payload", "has_payload": false, "host": "d6b2a058c4be", "pid": 177724, "rank": 0, "transport": "json_uint8_gloo", "ts": "2026-10-04 15:54:53"}
[DBG] {"category": "TRAIN", "component": "train", "event": "watchdog_armed", "host": "d6b2a058c4be", "pid": 177724, "rank": 0, "stage": "broadcast_preference_payload", "timeout_sec": 30.0, "ts": "2026-10-04 15:54:53"}
[DBG] {"bytes": 0, "category": "TRAIN", "component": "train", "event": "BEGIN:broadcast_preference_length", "host": "d6b2a058c4be", "pid": 177724, "rank": 0, "transport": "gloo_cpu", "ts": "2026-10-04 15:54:53"}
[DBG] {"category": "TRAIN", "component": "train", "event": "watchdog_armed", "host": "d6b2a058c4be", "pid": 177724, "rank": 0, "stage": "broadcast_preference_length", "timeout_sec": 30.0, "ts": "2026-10-04 15:54:53"}
[DBG] {"category": "TRAIN", "component": "train", "elapsed_sec": 0.00417, "event": "END:broadcast_preference_length", "host": "d6b2a058c4be", "pid": 177724, "rank": 0, "ts": "2026-10-04 15:54:54"}
[DBG] {"category": "TRAIN", "component": "train", "event": "watchdog_armed", "host": "d6b2a058c4be", "pid": 177724, "rank": 0, "stage": "broadcast_preference_payload", "timeout_sec": 30.0, "ts": "2026-10-04 15:54:54"}
[DBG] {"category": "TRAIN", "component": "train", "elapsed_sec": 0.005711, "event": "END:broadcast_preference_payload", "host": "d6b2a058c4be", "pid": 177724, "rank": 0, "ts": "2026-10-04 15:54:54"}
[DBG] {"category": "RAY", "component": "train", "event": "BEGIN:control_should_stop", "host": "d6b2a058c4be", "pid": 177724, "rank": 0, "ts": "2026-10-04 15:54:54"}
[DBG] {"category": "RAY", "component": "train", "event": "watchdog_armed", "host": "d6b2a058c4be", "pid": 177724, "rank": 0, "stage": "control_should_stop", "timeout_sec": 30.0, "ts": "2026-10-04 15:54:54"}
[DBG] {"category": "RAY", "component": "train", "elapsed_sec": 0.003022, "event": "END:control_should_stop", "host": "d6b2a058c4be", "pid": 177724, "rank": 0, "ts": "2026-10-04 15:54:54"}
[DBG] {"category": "TRAIN", "component": "train", "event": "BEGIN:broadcast_stop_flag", "host": "d6b2a058c4be", "pid": 177724, "rank": 0, "transport": "gloo_cpu", "ts": "2026-10-04 15:54:54", "value": false}
[DBG] {"category": "TRAIN", "component": "train", "event": "watchdog_armed", "host": "d6b2a058c4be", "pid": 177724, "rank": 0, "stage": "broadcast_stop_flag", "timeout_sec": 30.0, "ts": "2026-10-04 15:54:54"}
[DBG] {"category": "TRAIN", "component": "train", "elapsed_sec": 0.004205, "event": "END:broadcast_stop_flag", "host": "d6b2a058c4be", "pid": 177724, "rank": 0, "ts": "2026-10-04 15:54:54"}
[DBG] {"category": "QUEUE", "component": "train", "event": "BEGIN:preference_size_before_pop", "host": "d6b2a058c4be", "pid": 177724, "rank": 0, "ts": "2026-10-04 15:54:54"}
[DBG] {"category": "QUEUE", "component": "train", "event": "watchdog_armed", "host": "d6b2a058c4be", "pid": 177724, "rank": 0, "stage": "preference_size_before_pop", "timeout_sec": 30.0, "ts": "2026-10-04 15:54:54"}
[DBG] {"category": "QUEUE", "component": "train", "elapsed_sec": 0.005541, "event": "END:preference_size_before_pop", "host": "d6b2a058c4be", "pid": 177724, "rank": 0, "ts": "2026-10-04 15:54:54"}
[DBG] {"category": "QUEUE", "component": "train", "event": "trainer_queue_state", "host": "d6b2a058c4be", "pending": 0, "pid": 177724, "policy_version": 0, "rank": 0, "required": 4, "ts": "2026-10-04 15:54:54"}
[DBG] {"category": "QUEUE", "component": "train", "current_version": 0, "event": "BEGIN:preference_pop", "host": "d6b2a058c4be", "pid": 177724, "rank": 0, "requested": 4, "ts": "2026-10-04 15:54:54"}
[DBG] {"category": "QUEUE", "component": "train", "event": "watchdog_armed", "host": "d6b2a058c4be", "pid": 177724, "rank": 0, "stage": "preference_pop", "timeout_sec": 30.0, "ts": "2026-10-04 15:54:54"}
[DBG] {"category": "QUEUE", "component": "train", "elapsed_sec": 0.005852, "event": "END:preference_pop", "host": "d6b2a058c4be", "pid": 177724, "rank": 0, "ts": "2026-10-04 15:54:54"}
[DBG] {"category": "TRAIN", "component": "train", "event": "BEGIN:broadcast_preference_payload", "has_payload": false, "host": "d6b2a058c4be", "pid": 177724, "rank": 0, "transport": "json_uint8_gloo", "ts": "2026-10-04 15:54:54"}
[DBG] {"category": "TRAIN", "component": "train", "event": "watchdog_armed", "host": "d6b2a058c4be", "pid": 177724, "rank": 0, "stage": "broadcast_preference_payload", "timeout_sec": 30.0, "ts": "2026-10-04 15:54:54"}
[DBG] {"bytes": 0, "category": "TRAIN", "component": "train", "event": "BEGIN:broadcast_preference_length", "host": "d6b2a058c4be", "pid": 177724, "rank": 0, "transport": "gloo_cpu", "ts": "2026-10-04 15:54:54"}
[DBG] {"category": "TRAIN", "component": "train", "event": "watchdog_armed", "host": "d6b2a058c4be", "pid": 177724, "rank": 0, "stage": "broadcast_preference_length", "timeout_sec": 30.0, "ts": "2026-10-04 15:54:54"}
[DBG] {"category": "TRAIN", "component": "train", "elapsed_sec": 0.002484, "event": "END:broadcast_preference_length", "host": "d6b2a058c4be", "pid": 177724, "rank": 0, "ts": "2026-10-04 15:54:54"}
[DBG] {"category": "TRAIN", "component": "train", "event": "watchdog_armed", "host": "d6b2a058c4be", "pid": 177724, "rank": 0, "stage": "broadcast_preference_payload", "timeout_sec": 30.0, "ts": "2026-10-04 15:54:54"}
[DBG] {"category": "TRAIN", "component": "train", "elapsed_sec": 0.003362, "event": "END:broadcast_preference_payload", "host": "d6b2a058c4be", "pid": 177724, "rank": 0, "ts": "2026-10-04 15:54:54"}
[DBG] {"category": "RAY", "component": "train", "event": "BEGIN:control_should_stop", "host": "d6b2a058c4be", "pid": 177724, "rank": 0, "ts": "2026-10-04 15:54:55"}
[DBG] {"category": "RAY", "component": "train", "event": "watchdog_armed", "host": "d6b2a058c4be", "pid": 177724, "rank": 0, "stage": "control_should_stop", "timeout_sec": 30.0, "ts": "2026-10-04 15:54:55"}
[DBG] {"category": "RAY", "component": "train", "elapsed_sec": 0.002456, "event": "END:control_should_stop", "host": "d6b2a058c4be", "pid": 177724, "rank": 0, "ts": "2026-10-04 15:54:55"}
[DBG] {"category": "TRAIN", "component": "train", "event": "BEGIN:broadcast_stop_flag", "host": "d6b2a058c4be", "pid": 177724, "rank": 0, "transport": "gloo_cpu", "ts": "2026-10-04 15:54:55", "value": false}
[DBG] {"category": "TRAIN", "component": "train", "event": "watchdog_armed", "host": "d6b2a058c4be", "pid": 177724, "rank": 0, "stage": "broadcast_stop_flag", "timeout_sec": 30.0, "ts": "2026-10-04 15:54:55"}
[DBG] {"category": "TRAIN", "component": "train", "elapsed_sec": 0.001719, "event": "END:broadcast_stop_flag", "host": "d6b2a058c4be", "pid": 177724, "rank": 0, "ts": "2026-10-04 15:54:55"}
[DBG] {"category": "QUEUE", "component": "train", "event": "BEGIN:preference_size_before_pop", "host": "d6b2a058c4be", "pid": 177724, "rank": 0, "ts": "2026-10-04 15:54:55"}
[DBG] {"category": "QUEUE", "component": "train", "event": "watchdog_armed", "host": "d6b2a058c4be", "pid": 177724, "rank": 0, "stage": "preference_size_before_pop", "timeout_sec": 30.0, "ts": "2026-10-04 15:54:55"}
[DBG] {"category": "QUEUE", "component": "train", "elapsed_sec": 0.004329, "event": "END:preference_size_before_pop", "host": "d6b2a058c4be", "pid": 177724, "rank": 0, "ts": "2026-10-04 15:54:55"}
[DBG] {"category": "QUEUE", "component": "train", "event": "trainer_queue_state", "host": "d6b2a058c4be", "pending": 1, "pid": 177724, "policy_version": 0, "rank": 0, "required": 4, "ts": "2026-10-04 15:54:55"}
[DBG] {"category": "QUEUE", "component": "train", "current_version": 0, "event": "BEGIN:preference_pop", "host": "d6b2a058c4be", "pid": 177724, "rank": 0, "requested": 4, "ts": "2026-10-04 15:54:55"}
[DBG] {"category": "QUEUE", "component": "train", "event": "watchdog_armed", "host": "d6b2a058c4be", "pid": 177724, "rank": 0, "stage": "preference_pop", "timeout_sec": 30.0, "ts": "2026-10-04 15:54:55"}
[DBG] {"category": "QUEUE", "component": "train", "elapsed_sec": 0.006613, "event": "END:preference_pop", "host": "d6b2a058c4be", "pid": 177724, "rank": 0, "ts": "2026-10-04 15:54:55"}
[DBG] {"category": "TRAIN", "component": "train", "event": "BEGIN:broadcast_preference_payload", "has_payload": false, "host": "d6b2a058c4be", "pid": 177724, "rank": 0, "transport": "json_uint8_gloo", "ts": "2026-10-04 15:54:55"}
[DBG] {"category": "TRAIN", "component": "train", "event": "watchdog_armed", "host": "d6b2a058c4be", "pid": 177724, "rank": 0, "stage": "broadcast_preference_payload", "timeout_sec": 30.0, "ts": "2026-10-04 15:54:55"}
[DBG] {"bytes": 0, "category": "TRAIN", "component": "train", "event": "BEGIN:broadcast_preference_length", "host": "d6b2a058c4be", "pid": 177724, "rank": 0, "transport": "gloo_cpu", "ts": "2026-10-04 15:54:55"}
[DBG] {"category": "TRAIN", "component": "train", "event": "watchdog_armed", "host": "d6b2a058c4be", "pid": 177724, "rank": 0, "stage": "broadcast_preference_length", "timeout_sec": 30.0, "ts": "2026-10-04 15:54:55"}
[DBG] {"category": "TRAIN", "component": "train", "elapsed_sec": 0.003332, "event": "END:broadcast_preference_length", "host": "d6b2a058c4be", "pid": 177724, "rank": 0, "ts": "2026-10-04 15:54:55"}
[DBG] {"category": "TRAIN", "component": "train", "event": "watchdog_armed", "host": "d6b2a058c4be", "pid": 177724, "rank": 0, "stage": "broadcast_preference_payload", "timeout_sec": 30.0, "ts": "2026-10-04 15:54:55"}
[DBG] {"category": "TRAIN", "component": "train", "elapsed_sec": 0.004568, "event": "END:broadcast_preference_payload", "host": "d6b2a058c4be", "pid": 177724, "rank": 0, "ts": "2026-10-04 15:54:55"}
[DBG] {"category": "RAY", "component": "train", "event": "BEGIN:control_should_stop", "host": "d6b2a058c4be", "pid": 177724, "rank": 0, "ts": "2026-10-04 15:54:55"}
[DBG] {"category": "RAY", "component": "train", "event": "watchdog_armed", "host": "d6b2a058c4be", "pid": 177724, "rank": 0, "stage": "control_should_stop", "timeout_sec": 30.0, "ts": "2026-10-04 15:54:55"}
[DBG] {"category": "RAY", "component": "train", "elapsed_sec": 0.002504, "event": "END:control_should_stop", "host": "d6b2a058c4be", "pid": 177724, "rank": 0, "ts": "2026-10-04 15:54:55"}
[DBG] {"category": "TRAIN", "component": "train", "event": "BEGIN:broadcast_stop_flag", "host": "d6b2a058c4be", "pid": 177724, "rank": 0, "transport": "gloo_cpu", "ts": "2026-10-04 15:54:55", "value": false}
[DBG] {"category": "TRAIN", "component": "train", "event": "watchdog_armed", "host": "d6b2a058c4be", "pid": 177724, "rank": 0, "stage": "broadcast_stop_flag", "timeout_sec": 30.0, "ts": "2026-10-04 15:54:55"}
[DBG] {"category": "TRAIN", "component": "train", "elapsed_sec": 0.001697, "event": "END:broadcast_stop_flag", "host": "d6b2a058c4be", "pid": 177724, "rank": 0, "ts": "2026-10-04 15:54:55"}
[DBG] {"category": "QUEUE", "component": "train", "event": "BEGIN:preference_size_before_pop", "host": "d6b2a058c4be", "pid": 177724, "rank": 0, "ts": "2026-10-04 15:54:55"}
[DBG] {"category": "QUEUE", "component": "train", "event": "watchdog_armed", "host": "d6b2a058c4be", "pid": 177724, "rank": 0, "stage": "preference_size_before_pop", "timeout_sec": 30.0, "ts": "2026-10-04 15:54:55"}
[DBG] {"category": "QUEUE", "component": "train", "elapsed_sec": 0.003415, "event": "END:preference_size_before_pop", "host": "d6b2a058c4be", "pid": 177724, "rank": 0, "ts": "2026-10-04 15:54:55"}
[DBG] {"category": "QUEUE", "component": "train", "event": "trainer_queue_state", "host": "d6b2a058c4be", "pending": 1, "pid": 177724, "policy_version": 0, "rank": 0, "required": 4, "ts": "2026-10-04 15:54:55"}
[DBG] {"category": "QUEUE", "component": "train", "current_version": 0, "event": "BEGIN:preference_pop", "host": "d6b2a058c4be", "pid": 177724, "rank": 0, "requested": 4, "ts": "2026-10-04 15:54:55"}
[DBG] {"category": "QUEUE", "component": "train", "event": "watchdog_armed", "host": "d6b2a058c4be", "pid": 177724, "rank": 0, "stage": "preference_pop", "timeout_sec": 30.0, "ts": "2026-10-04 15:54:55"}
[DBG] {"category": "QUEUE", "component": "train", "elapsed_sec": 0.003707, "event": "END:preference_pop", "host": "d6b2a058c4be", "pid": 177724, "rank": 0, "ts": "2026-10-04 15:54:55"}
[DBG] {"category": "TRAIN", "component": "train", "event": "BEGIN:broadcast_preference_payload", "has_payload": false, "host": "d6b2a058c4be", "pid": 177724, "rank": 0, "transport": "json_uint8_gloo", "ts": "2026-10-04 15:54:55"}
[DBG] {"category": "TRAIN", "component": "train", "event": "watchdog_armed", "host": "d6b2a058c4be", "pid": 177724, "rank": 0, "stage": "broadcast_preference_payload", "timeout_sec": 30.0, "ts": "2026-10-04 15:54:55"}
[DBG] {"bytes": 0, "category": "TRAIN", "component": "train", "event": "BEGIN:broadcast_preference_length", "host": "d6b2a058c4be", "pid": 177724, "rank": 0, "transport": "gloo_cpu", "ts": "2026-10-04 15:54:55"}
[DBG] {"category": "TRAIN", "component": "train", "event": "watchdog_armed", "host": "d6b2a058c4be", "pid": 177724, "rank": 0, "stage": "broadcast_preference_length", "timeout_sec": 30.0, "ts": "2026-10-04 15:54:55"}
[DBG] {"category": "TRAIN", "component": "train", "elapsed_sec": 0.001882, "event": "END:broadcast_preference_length", "host": "d6b2a058c4be", "pid": 177724, "rank": 0, "ts": "2026-10-04 15:54:55"}
[DBG] {"category": "TRAIN", "component": "train", "event": "watchdog_armed", "host": "d6b2a058c4be", "pid": 177724, "rank": 0, "stage": "broadcast_preference_payload", "timeout_sec": 30.0, "ts": "2026-10-04 15:54:55"}
[DBG] {"category": "TRAIN", "component": "train", "elapsed_sec": 0.002414, "event": "END:broadcast_preference_payload", "host": "d6b2a058c4be", "pid": 177724, "rank": 0, "ts": "2026-10-04 15:54:55"}
[DBG] {"category": "RAY", "component": "train", "event": "BEGIN:control_should_stop", "host": "d6b2a058c4be", "pid": 177724, "rank": 0, "ts": "2026-10-04 15:54:56"}
[DBG] {"category": "RAY", "component": "train", "event": "watchdog_armed", "host": "d6b2a058c4be", "pid": 177724, "rank": 0, "stage": "control_should_stop", "timeout_sec": 30.0, "ts": "2026-10-04 15:54:56"}
[DBG] {"category": "RAY", "component": "train", "elapsed_sec": 0.002874, "event": "END:control_should_stop", "host": "d6b2a058c4be", "pid": 177724, "rank": 0, "ts": "2026-10-04 15:54:56"}
[DBG] {"category": "TRAIN", "component": "train", "event": "BEGIN:broadcast_stop_flag", "host": "d6b2a058c4be", "pid": 177724, "rank": 0, "transport": "gloo_cpu", "ts": "2026-10-04 15:54:56", "value": false}
[DBG] {"category": "TRAIN", "component": "train", "event": "watchdog_armed", "host": "d6b2a058c4be", "pid": 177724, "rank": 0, "stage": "broadcast_stop_flag", "timeout_sec": 30.0, "ts": "2026-10-04 15:54:56"}
[DBG] {"category": "TRAIN", "component": "train", "elapsed_sec": 0.002868, "event": "END:broadcast_stop_flag", "host": "d6b2a058c4be", "pid": 177724, "rank": 0, "ts": "2026-10-04 15:54:56"}
[DBG] {"category": "QUEUE", "component": "train", "event": "BEGIN:preference_size_before_pop", "host": "d6b2a058c4be", "pid": 177724, "rank": 0, "ts": "2026-10-04 15:54:56"}
[DBG] {"category": "QUEUE", "component": "train", "event": "watchdog_armed", "host": "d6b2a058c4be", "pid": 177724, "rank": 0, "stage": "preference_size_before_pop", "timeout_sec": 30.0, "ts": "2026-10-04 15:54:56"}
[DBG] {"category": "QUEUE", "component": "train", "elapsed_sec": 0.004994, "event": "END:preference_size_before_pop", "host": "d6b2a058c4be", "pid": 177724, "rank": 0, "ts": "2026-10-04 15:54:56"}
[DBG] {"category": "QUEUE", "component": "train", "event": "trainer_queue_state", "host": "d6b2a058c4be", "pending": 1, "pid": 177724, "policy_version": 0, "rank": 0, "required": 4, "ts": "2026-10-04 15:54:56"}
[DBG] {"category": "QUEUE", "component": "train", "current_version": 0, "event": "BEGIN:preference_pop", "host": "d6b2a058c4be", "pid": 177724, "rank": 0, "requested": 4, "ts": "2026-10-04 15:54:56"}
[DBG] {"category": "QUEUE", "component": "train", "event": "watchdog_armed", "host": "d6b2a058c4be", "pid": 177724, "rank": 0, "stage": "preference_pop", "timeout_sec": 30.0, "ts": "2026-10-04 15:54:56"}
[DBG] {"category": "QUEUE", "component": "train", "elapsed_sec": 0.004867, "event": "END:preference_pop", "host": "d6b2a058c4be", "pid": 177724, "rank": 0, "ts": "2026-10-04 15:54:56"}
[DBG] {"category": "TRAIN", "component": "train", "event": "BEGIN:broadcast_preference_payload", "has_payload": false, "host": "d6b2a058c4be", "pid": 177724, "rank": 0, "transport": "json_uint8_gloo", "ts": "2026-10-04 15:54:56"}
[DBG] {"category": "TRAIN", "component": "train", "event": "watchdog_armed", "host": "d6b2a058c4be", "pid": 177724, "rank": 0, "stage": "broadcast_preference_payload", "timeout_sec": 30.0, "ts": "2026-10-04 15:54:56"}
[DBG] {"bytes": 0, "category": "TRAIN", "component": "train", "event": "BEGIN:broadcast_preference_length", "host": "d6b2a058c4be", "pid": 177724, "rank": 0, "transport": "gloo_cpu", "ts": "2026-10-04 15:54:56"}
[DBG] {"category": "TRAIN", "component": "train", "event": "watchdog_armed", "host": "d6b2a058c4be", "pid": 177724, "rank": 0, "stage": "broadcast_preference_length", "timeout_sec": 30.0, "ts": "2026-10-04 15:54:56"}
[DBG] {"category": "TRAIN", "component": "train", "elapsed_sec": 0.003334, "event": "END:broadcast_preference_length", "host": "d6b2a058c4be", "pid": 177724, "rank": 0, "ts": "2026-10-04 15:54:56"}
[DBG] {"category": "TRAIN", "component": "train", "event": "watchdog_armed", "host": "d6b2a058c4be", "pid": 177724, "rank": 0, "stage": "broadcast_preference_payload", "timeout_sec": 30.0, "ts": "2026-10-04 15:54:56"}
[DBG] {"category": "TRAIN", "component": "train", "elapsed_sec": 0.004504, "event": "END:broadcast_preference_payload", "host": "d6b2a058c4be", "pid": 177724, "rank": 0, "ts": "2026-10-04 15:54:56"}
[DBG] {"category": "RAY", "component": "train", "event": "BEGIN:control_should_stop", "host": "d6b2a058c4be", "pid": 177724, "rank": 0, "ts": "2026-10-04 15:54:56"}
[DBG] {"category": "RAY", "component": "train", "event": "watchdog_armed", "host": "d6b2a058c4be", "pid": 177724, "rank": 0, "stage": "control_should_stop", "timeout_sec": 30.0, "ts": "2026-10-04 15:54:56"}
[DBG] {"category": "RAY", "component": "train", "elapsed_sec": 0.002954, "event": "END:control_should_stop", "host": "d6b2a058c4be", "pid": 177724, "rank": 0, "ts": "2026-10-04 15:54:56"}
[DBG] {"category": "TRAIN", "component": "train", "event": "BEGIN:broadcast_stop_flag", "host": "d6b2a058c4be", "pid": 177724, "rank": 0, "transport": "gloo_cpu", "ts": "2026-10-04 15:54:56", "value": false}
[DBG] {"category": "TRAIN", "component": "train", "event": "watchdog_armed", "host": "d6b2a058c4be", "pid": 177724, "rank": 0, "stage": "broadcast_stop_flag", "timeout_sec": 30.0, "ts": "2026-10-04 15:54:56"}
[DBG] {"category": "TRAIN", "component": "train", "elapsed_sec": 0.003543, "event": "END:broadcast_stop_flag", "host": "d6b2a058c4be", "pid": 177724, "rank": 0, "ts": "2026-10-04 15:54:56"}
[DBG] {"category": "QUEUE", "component": "train", "event": "BEGIN:preference_size_before_pop", "host": "d6b2a058c4be", "pid": 177724, "rank": 0, "ts": "2026-10-04 15:54:56"}
[DBG] {"category": "QUEUE", "component": "train", "event": "watchdog_armed", "host": "d6b2a058c4be", "pid": 177724, "rank": 0, "stage": "preference_size_before_pop", "timeout_sec": 30.0, "ts": "2026-10-04 15:54:56"}
[DBG] {"category": "QUEUE", "component": "train", "elapsed_sec": 0.004914, "event": "END:preference_size_before_pop", "host": "d6b2a058c4be", "pid": 177724, "rank": 0, "ts": "2026-10-04 15:54:56"}
[DBG] {"category": "QUEUE", "component": "train", "event": "trainer_queue_state", "host": "d6b2a058c4be", "pending": 1, "pid": 177724, "policy_version": 0, "rank": 0, "required": 4, "ts": "2026-10-04 15:54:56"}
[DBG] {"category": "QUEUE", "component": "train", "current_version": 0, "event": "BEGIN:preference_pop", "host": "d6b2a058c4be", "pid": 177724, "rank": 0, "requested": 4, "ts": "2026-10-04 15:54:56"}
[DBG] {"category": "QUEUE", "component": "train", "event": "watchdog_armed", "host": "d6b2a058c4be", "pid": 177724, "rank": 0, "stage": "preference_pop", "timeout_sec": 30.0, "ts": "2026-10-04 15:54:56"}
[DBG] {"category": "QUEUE", "component": "train", "elapsed_sec": 0.005669, "event": "END:preference_pop", "host": "d6b2a058c4be", "pid": 177724, "rank": 0, "ts": "2026-10-04 15:54:56"}
[DBG] {"category": "TRAIN", "component": "train", "event": "BEGIN:broadcast_preference_payload", "has_payload": false, "host": "d6b2a058c4be", "pid": 177724, "rank": 0, "transport": "json_uint8_gloo", "ts": "2026-10-04 15:54:56"}
[DBG] {"category": "TRAIN", "component": "train", "event": "watchdog_armed", "host": "d6b2a058c4be", "pid": 177724, "rank": 0, "stage": "broadcast_preference_payload", "timeout_sec": 30.0, "ts": "2026-10-04 15:54:56"}
[DBG] {"bytes": 0, "category": "TRAIN", "component": "train", "event": "BEGIN:broadcast_preference_length", "host": "d6b2a058c4be", "pid": 177724, "rank": 0, "transport": "gloo_cpu", "ts": "2026-10-04 15:54:56"}
[DBG] {"category": "TRAIN", "component": "train", "event": "watchdog_armed", "host": "d6b2a058c4be", "pid": 177724, "rank": 0, "stage": "broadcast_preference_length", "timeout_sec": 30.0, "ts": "2026-10-04 15:54:56"}
[DBG] {"category": "TRAIN", "component": "train", "elapsed_sec": 0.00314, "event": "END:broadcast_preference_length", "host": "d6b2a058c4be", "pid": 177724, "rank": 0, "ts": "2026-10-04 15:54:56"}
[DBG] {"category": "TRAIN", "component": "train", "event": "watchdog_armed", "host": "d6b2a058c4be", "pid": 177724, "rank": 0, "stage": "broadcast_preference_payload", "timeout_sec": 30.0, "ts": "2026-10-04 15:54:56"}
[DBG] {"category": "TRAIN", "component": "train", "elapsed_sec": 0.003899, "event": "END:broadcast_preference_payload", "host": "d6b2a058c4be", "pid": 177724, "rank": 0, "ts": "2026-10-04 15:54:56"}
[DBG] {"category": "RAY", "component": "train", "event": "BEGIN:control_should_stop", "host": "d6b2a058c4be", "pid": 177724, "rank": 0, "ts": "2026-10-04 15:54:57"}
[DBG] {"category": "RAY", "component": "train", "event": "watchdog_armed", "host": "d6b2a058c4be", "pid": 177724, "rank": 0, "stage": "control_should_stop", "timeout_sec": 30.0, "ts": "2026-10-04 15:54:57"}
[DBG] {"category": "RAY", "component": "train", "elapsed_sec": 0.003428, "event": "END:control_should_stop", "host": "d6b2a058c4be", "pid": 177724, "rank": 0, "ts": "2026-10-04 15:54:57"}
[DBG] {"category": "TRAIN", "component": "train", "event": "BEGIN:broadcast_stop_flag", "host": "d6b2a058c4be", "pid": 177724, "rank": 0, "transport": "gloo_cpu", "ts": "2026-10-04 15:54:57", "value": false}
[DBG] {"category": "TRAIN", "component": "train", "event": "watchdog_armed", "host": "d6b2a058c4be", "pid": 177724, "rank": 0, "stage": "broadcast_stop_flag", "timeout_sec": 30.0, "ts": "2026-10-04 15:54:57"}
[DBG] {"category": "TRAIN", "component": "train", "elapsed_sec": 0.003355, "event": "END:broadcast_stop_flag", "host": "d6b2a058c4be", "pid": 177724, "rank": 0, "ts": "2026-10-04 15:54:57"}
[DBG] {"category": "QUEUE", "component": "train", "event": "BEGIN:preference_size_before_pop", "host": "d6b2a058c4be", "pid": 177724, "rank": 0, "ts": "2026-10-04 15:54:57"}
[DBG] {"category": "QUEUE", "component": "train", "event": "watchdog_armed", "host": "d6b2a058c4be", "pid": 177724, "rank": 0, "stage": "preference_size_before_pop", "timeout_sec": 30.0, "ts": "2026-10-04 15:54:57"}
[DBG] {"category": "QUEUE", "component": "train", "elapsed_sec": 0.005757, "event": "END:preference_size_before_pop", "host": "d6b2a058c4be", "pid": 177724, "rank": 0, "ts": "2026-10-04 15:54:57"}
[DBG] {"category": "QUEUE", "component": "train", "event": "trainer_queue_state", "host": "d6b2a058c4be", "pending": 1, "pid": 177724, "policy_version": 0, "rank": 0, "required": 4, "ts": "2026-10-04 15:54:57"}
[DBG] {"category": "QUEUE", "component": "train", "current_version": 0, "event": "BEGIN:preference_pop", "host": "d6b2a058c4be", "pid": 177724, "rank": 0, "requested": 4, "ts": "2026-10-04 15:54:57"}
[DBG] {"category": "QUEUE", "component": "train", "event": "watchdog_armed", "host": "d6b2a058c4be", "pid": 177724, "rank": 0, "stage": "preference_pop", "timeout_sec": 30.0, "ts": "2026-10-04 15:54:57"}
[DBG] {"category": "QUEUE", "component": "train", "elapsed_sec": 0.004381, "event": "END:preference_pop", "host": "d6b2a058c4be", "pid": 177724, "rank": 0, "ts": "2026-10-04 15:54:57"}
[DBG] {"category": "TRAIN", "component": "train", "event": "BEGIN:broadcast_preference_payload", "has_payload": false, "host": "d6b2a058c4be", "pid": 177724, "rank": 0, "transport": "json_uint8_gloo", "ts": "2026-10-04 15:54:57"}
[DBG] {"category": "TRAIN", "component": "train", "event": "watchdog_armed", "host": "d6b2a058c4be", "pid": 177724, "rank": 0, "stage": "broadcast_preference_payload", "timeout_sec": 30.0, "ts": "2026-10-04 15:54:57"}
[DBG] {"bytes": 0, "category": "TRAIN", "component": "train", "event": "BEGIN:broadcast_preference_length", "host": "d6b2a058c4be", "pid": 177724, "rank": 0, "transport": "gloo_cpu", "ts": "2026-10-04 15:54:57"}
[DBG] {"category": "TRAIN", "component": "train", "event": "watchdog_armed", "host": "d6b2a058c4be", "pid": 177724, "rank": 0, "stage": "broadcast_preference_length", "timeout_sec": 30.0, "ts": "2026-10-04 15:54:57"}
[DBG] {"category": "TRAIN", "component": "train", "elapsed_sec": 0.001703, "event": "END:broadcast_preference_length", "host": "d6b2a058c4be", "pid": 177724, "rank": 0, "ts": "2026-10-04 15:54:57"}
[DBG] {"category": "TRAIN", "component": "train", "event": "watchdog_armed", "host": "d6b2a058c4be", "pid": 177724, "rank": 0, "stage": "broadcast_preference_payload", "timeout_sec": 30.0, "ts": "2026-10-04 15:54:57"}
[DBG] {"category": "TRAIN", "component": "train", "elapsed_sec": 0.002502, "event": "END:broadcast_preference_payload", "host": "d6b2a058c4be", "pid": 177724, "rank": 0, "ts": "2026-10-04 15:54:57"}
[DBG] {"category": "RAY", "component": "train", "event": "BEGIN:control_should_stop", "host": "d6b2a058c4be", "pid": 177724, "rank": 0, "ts": "2026-10-04 15:54:57"}
[DBG] {"category": "RAY", "component": "train", "event": "watchdog_armed", "host": "d6b2a058c4be", "pid": 177724, "rank": 0, "stage": "control_should_stop", "timeout_sec": 30.0, "ts": "2026-10-04 15:54:57"}
[DBG] {"category": "RAY", "component": "train", "elapsed_sec": 0.002406, "event": "END:control_should_stop", "host": "d6b2a058c4be", "pid": 177724, "rank": 0, "ts": "2026-10-04 15:54:57"}
[DBG] {"category": "TRAIN", "component": "train", "event": "BEGIN:broadcast_stop_flag", "host": "d6b2a058c4be", "pid": 177724, "rank": 0, "transport": "gloo_cpu", "ts": "2026-10-04 15:54:57", "value": false}
[DBG] {"category": "TRAIN", "component": "train", "event": "watchdog_armed", "host": "d6b2a058c4be", "pid": 177724, "rank": 0, "stage": "broadcast_stop_flag", "timeout_sec": 30.0, "ts": "2026-10-04 15:54:57"}
[DBG] {"category": "TRAIN", "component": "train", "elapsed_sec": 0.001724, "event": "END:broadcast_stop_flag", "host": "d6b2a058c4be", "pid": 177724, "rank": 0, "ts": "2026-10-04 15:54:57"}
[DBG] {"category": "QUEUE", "component": "train", "event": "BEGIN:preference_size_before_pop", "host": "d6b2a058c4be", "pid": 177724, "rank": 0, "ts": "2026-10-04 15:54:57"}
[DBG] {"category": "QUEUE", "component": "train", "event": "watchdog_armed", "host": "d6b2a058c4be", "pid": 177724, "rank": 0, "stage": "preference_size_before_pop", "timeout_sec": 30.0, "ts": "2026-10-04 15:54:57"}
[DBG] {"category": "QUEUE", "component": "train", "elapsed_sec": 0.003907, "event": "END:preference_size_before_pop", "host": "d6b2a058c4be", "pid": 177724, "rank": 0, "ts": "2026-10-04 15:54:57"}
[DBG] {"category": "QUEUE", "component": "train", "event": "trainer_queue_state", "host": "d6b2a058c4be", "pending": 1, "pid": 177724, "policy_version": 0, "rank": 0, "required": 4, "ts": "2026-10-04 15:54:57"}
[DBG] {"category": "QUEUE", "component": "train", "current_version": 0, "event": "BEGIN:preference_pop", "host": "d6b2a058c4be", "pid": 177724, "rank": 0, "requested": 4, "ts": "2026-10-04 15:54:57"}
[DBG] {"category": "QUEUE", "component": "train", "event": "watchdog_armed", "host": "d6b2a058c4be", "pid": 177724, "rank": 0, "stage": "preference_pop", "timeout_sec": 30.0, "ts": "2026-10-04 15:54:57"}
[DBG] {"category": "QUEUE", "component": "train", "elapsed_sec": 0.005549, "event": "END:preference_pop", "host": "d6b2a058c4be", "pid": 177724, "rank": 0, "ts": "2026-10-04 15:54:57"}
[DBG] {"category": "TRAIN", "component": "train", "event": "BEGIN:broadcast_preference_payload", "has_payload": false, "host": "d6b2a058c4be", "pid": 177724, "rank": 0, "transport": "json_uint8_gloo", "ts": "2026-10-04 15:54:57"}
[DBG] {"category": "TRAIN", "component": "train", "event": "watchdog_armed", "host": "d6b2a058c4be", "pid": 177724, "rank": 0, "stage": "broadcast_preference_payload", "timeout_sec": 30.0, "ts": "2026-10-04 15:54:57"}
[DBG] {"bytes": 0, "category": "TRAIN", "component": "train", "event": "BEGIN:broadcast_preference_length", "host": "d6b2a058c4be", "pid": 177724, "rank": 0, "transport": "gloo_cpu", "ts": "2026-10-04 15:54:57"}
[DBG] {"category": "TRAIN", "component": "train", "event": "watchdog_armed", "host": "d6b2a058c4be", "pid": 177724, "rank": 0, "stage": "broadcast_preference_length", "timeout_sec": 30.0, "ts": "2026-10-04 15:54:57"}
[DBG] {"category": "TRAIN", "component": "train", "elapsed_sec": 0.002546, "event": "END:broadcast_preference_length", "host": "d6b2a058c4be", "pid": 177724, "rank": 0, "ts": "2026-10-04 15:54:57"}
[DBG] {"category": "TRAIN", "component": "train", "event": "watchdog_armed", "host": "d6b2a058c4be", "pid": 177724, "rank": 0, "stage": "broadcast_preference_payload", "timeout_sec": 30.0, "ts": "2026-10-04 15:54:57"}
[DBG] {"category": "TRAIN", "component": "train", "elapsed_sec": 0.003686, "event": "END:broadcast_preference_payload", "host": "d6b2a058c4be", "pid": 177724, "rank": 0, "ts": "2026-10-04 15:54:57"}
[DBG] {"category": "RAY", "component": "train", "event": "BEGIN:control_should_stop", "host": "d6b2a058c4be", "pid": 177724, "rank": 0, "ts": "2026-10-04 15:54:58"}
[DBG] {"category": "RAY", "component": "train", "event": "watchdog_armed", "host": "d6b2a058c4be", "pid": 177724, "rank": 0, "stage": "control_should_stop", "timeout_sec": 30.0, "ts": "2026-10-04 15:54:58"}
[DBG] {"category": "RAY", "component": "train", "elapsed_sec": 0.003316, "event": "END:control_should_stop", "host": "d6b2a058c4be", "pid": 177724, "rank": 0, "ts": "2026-10-04 15:54:58"}
[DBG] {"category": "TRAIN", "component": "train", "event": "BEGIN:broadcast_stop_flag", "host": "d6b2a058c4be", "pid": 177724, "rank": 0, "transport": "gloo_cpu", "ts": "2026-10-04 15:54:58", "value": false}
[DBG] {"category": "TRAIN", "component": "train", "event": "watchdog_armed", "host": "d6b2a058c4be", "pid": 177724, "rank": 0, "stage": "broadcast_stop_flag", "timeout_sec": 30.0, "ts": "2026-10-04 15:54:58"}
[DBG] {"category": "TRAIN", "component": "train", "elapsed_sec": 0.003034, "event": "END:broadcast_stop_flag", "host": "d6b2a058c4be", "pid": 177724, "rank": 0, "ts": "2026-10-04 15:54:58"}
[DBG] {"category": "QUEUE", "component": "train", "event": "BEGIN:preference_size_before_pop", "host": "d6b2a058c4be", "pid": 177724, "rank": 0, "ts": "2026-10-04 15:54:58"}
[DBG] {"category": "QUEUE", "component": "train", "event": "watchdog_armed", "host": "d6b2a058c4be", "pid": 177724, "rank": 0, "stage": "preference_size_before_pop", "timeout_sec": 30.0, "ts": "2026-10-04 15:54:58"}
[DBG] {"category": "QUEUE", "component": "train", "elapsed_sec": 0.005806, "event": "END:preference_size_before_pop", "host": "d6b2a058c4be", "pid": 177724, "rank": 0, "ts": "2026-10-04 15:54:58"}
[DBG] {"category": "QUEUE", "component": "train", "event": "trainer_queue_state", "host": "d6b2a058c4be", "pending": 1, "pid": 177724, "policy_version": 0, "rank": 0, "required": 4, "ts": "2026-10-04 15:54:58"}
[DBG] {"category": "QUEUE", "component": "train", "current_version": 0, "event": "BEGIN:preference_pop", "host": "d6b2a058c4be", "pid": 177724, "rank": 0, "requested": 4, "ts": "2026-10-04 15:54:58"}
[DBG] {"category": "QUEUE", "component": "train", "event": "watchdog_armed", "host": "d6b2a058c4be", "pid": 177724, "rank": 0, "stage": "preference_pop", "timeout_sec": 30.0, "ts": "2026-10-04 15:54:58"}
[DBG] {"category": "QUEUE", "component": "train", "elapsed_sec": 0.005508, "event": "END:preference_pop", "host": "d6b2a058c4be", "pid": 177724, "rank": 0, "ts": "2026-10-04 15:54:58"}
[DBG] {"category": "TRAIN", "component": "train", "event": "BEGIN:broadcast_preference_payload", "has_payload": false, "host": "d6b2a058c4be", "pid": 177724, "rank": 0, "transport": "json_uint8_gloo", "ts": "2026-10-04 15:54:58"}
[DBG] {"category": "TRAIN", "component": "train", "event": "watchdog_armed", "host": "d6b2a058c4be", "pid": 177724, "rank": 0, "stage": "broadcast_preference_payload", "timeout_sec": 30.0, "ts": "2026-10-04 15:54:58"}
[DBG] {"bytes": 0, "category": "TRAIN", "component": "train", "event": "BEGIN:broadcast_preference_length", "host": "d6b2a058c4be", "pid": 177724, "rank": 0, "transport": "gloo_cpu", "ts": "2026-10-04 15:54:58"}
[DBG] {"category": "TRAIN", "component": "train", "event": "watchdog_armed", "host": "d6b2a058c4be", "pid": 177724, "rank": 0, "stage": "broadcast_preference_length", "timeout_sec": 30.0, "ts": "2026-10-04 15:54:58"}
[DBG] {"category": "TRAIN", "component": "train", "elapsed_sec": 0.003449, "event": "END:broadcast_preference_length", "host": "d6b2a058c4be", "pid": 177724, "rank": 0, "ts": "2026-10-04 15:54:58"}
[DBG] {"category": "TRAIN", "component": "train", "event": "watchdog_armed", "host": "d6b2a058c4be", "pid": 177724, "rank": 0, "stage": "broadcast_preference_payload", "timeout_sec": 30.0, "ts": "2026-10-04 15:54:58"}
[DBG] {"category": "TRAIN", "component": "train", "elapsed_sec": 0.00454, "event": "END:broadcast_preference_payload", "host": "d6b2a058c4be", "pid": 177724, "rank": 0, "ts": "2026-10-04 15:54:58"}
[DBG] {"category": "RAY", "component": "train", "event": "BEGIN:control_should_stop", "host": "d6b2a058c4be", "pid": 177724, "rank": 0, "ts": "2026-10-04 15:54:58"}
[DBG] {"category": "RAY", "component": "train", "event": "watchdog_armed", "host": "d6b2a058c4be", "pid": 177724, "rank": 0, "stage": "control_should_stop", "timeout_sec": 30.0, "ts": "2026-10-04 15:54:58"}
[DBG] {"category": "RAY", "component": "train", "elapsed_sec": 0.0033, "event": "END:control_should_stop", "host": "d6b2a058c4be", "pid": 177724, "rank": 0, "ts": "2026-10-04 15:54:58"}
[DBG] {"category": "TRAIN", "component": "train", "event": "BEGIN:broadcast_stop_flag", "host": "d6b2a058c4be", "pid": 177724, "rank": 0, "transport": "gloo_cpu", "ts": "2026-10-04 15:54:58", "value": false}
[DBG] {"category": "TRAIN", "component": "train", "event": "watchdog_armed", "host": "d6b2a058c4be", "pid": 177724, "rank": 0, "stage": "broadcast_stop_flag", "timeout_sec": 30.0, "ts": "2026-10-04 15:54:58"}
[DBG] {"category": "TRAIN", "component": "train", "elapsed_sec": 0.002714, "event": "END:broadcast_stop_flag", "host": "d6b2a058c4be", "pid": 177724, "rank": 0, "ts": "2026-10-04 15:54:58"}
[DBG] {"category": "QUEUE", "component": "train", "event": "BEGIN:preference_size_before_pop", "host": "d6b2a058c4be", "pid": 177724, "rank": 0, "ts": "2026-10-04 15:54:58"}
[DBG] {"category": "QUEUE", "component": "train", "event": "watchdog_armed", "host": "d6b2a058c4be", "pid": 177724, "rank": 0, "stage": "preference_size_before_pop", "timeout_sec": 30.0, "ts": "2026-10-04 15:54:58"}
[DBG] {"category": "QUEUE", "component": "train", "elapsed_sec": 0.00469, "event": "END:preference_size_before_pop", "host": "d6b2a058c4be", "pid": 177724, "rank": 0, "ts": "2026-10-04 15:54:58"}
[DBG] {"category": "QUEUE", "component": "train", "event": "trainer_queue_state", "host": "d6b2a058c4be", "pending": 2, "pid": 177724, "policy_version": 0, "rank": 0, "required": 4, "ts": "2026-10-04 15:54:58"}
[DBG] {"category": "QUEUE", "component": "train", "current_version": 0, "event": "BEGIN:preference_pop", "host": "d6b2a058c4be", "pid": 177724, "rank": 0, "requested": 4, "ts": "2026-10-04 15:54:58"}
[DBG] {"category": "QUEUE", "component": "train", "event": "watchdog_armed", "host": "d6b2a058c4be", "pid": 177724, "rank": 0, "stage": "preference_pop", "timeout_sec": 30.0, "ts": "2026-10-04 15:54:58"}
[DBG] {"category": "QUEUE", "component": "train", "elapsed_sec": 0.005914, "event": "END:preference_pop", "host": "d6b2a058c4be", "pid": 177724, "rank": 0, "ts": "2026-10-04 15:54:58"}
[DBG] {"category": "TRAIN", "component": "train", "event": "BEGIN:broadcast_preference_payload", "has_payload": false, "host": "d6b2a058c4be", "pid": 177724, "rank": 0, "transport": "json_uint8_gloo", "ts": "2026-10-04 15:54:58"}
[DBG] {"category": "TRAIN", "component": "train", "event": "watchdog_armed", "host": "d6b2a058c4be", "pid": 177724, "rank": 0, "stage": "broadcast_preference_payload", "timeout_sec": 30.0, "ts": "2026-10-04 15:54:58"}
[DBG] {"bytes": 0, "category": "TRAIN", "component": "train", "event": "BEGIN:broadcast_preference_length", "host": "d6b2a058c4be", "pid": 177724, "rank": 0, "transport": "gloo_cpu", "ts": "2026-10-04 15:54:58"}
[DBG] {"category": "TRAIN", "component": "train", "event": "watchdog_armed", "host": "d6b2a058c4be", "pid": 177724, "rank": 0, "stage": "broadcast_preference_length", "timeout_sec": 30.0, "ts": "2026-10-04 15:54:58"}
[DBG] {"category": "TRAIN", "component": "train", "elapsed_sec": 0.002597, "event": "END:broadcast_preference_length", "host": "d6b2a058c4be", "pid": 177724, "rank": 0, "ts": "2026-10-04 15:54:58"}
[DBG] {"category": "TRAIN", "component": "train", "event": "watchdog_armed", "host": "d6b2a058c4be", "pid": 177724, "rank": 0, "stage": "broadcast_preference_payload", "timeout_sec": 30.0, "ts": "2026-10-04 15:54:58"}
[DBG] {"category": "TRAIN", "component": "train", "elapsed_sec": 0.003754, "event": "END:broadcast_preference_payload", "host": "d6b2a058c4be", "pid": 177724, "rank": 0, "ts": "2026-10-04 15:54:58"}
[DBG] {"category": "RAY", "component": "train", "event": "BEGIN:control_should_stop", "host": "d6b2a058c4be", "pid": 177724, "rank": 0, "ts": "2026-10-04 15:54:59"}
[DBG] {"category": "RAY", "component": "train", "event": "watchdog_armed", "host": "d6b2a058c4be", "pid": 177724, "rank": 0, "stage": "control_should_stop", "timeout_sec": 30.0, "ts": "2026-10-04 15:54:59"}
[DBG] {"category": "RAY", "component": "train", "elapsed_sec": 0.003263, "event": "END:control_should_stop", "host": "d6b2a058c4be", "pid": 177724, "rank": 0, "ts": "2026-10-04 15:54:59"}
[DBG] {"category": "TRAIN", "component": "train", "event": "BEGIN:broadcast_stop_flag", "host": "d6b2a058c4be", "pid": 177724, "rank": 0, "transport": "gloo_cpu", "ts": "2026-10-04 15:54:59", "value": false}
[DBG] {"category": "TRAIN", "component": "train", "event": "watchdog_armed", "host": "d6b2a058c4be", "pid": 177724, "rank": 0, "stage": "broadcast_stop_flag", "timeout_sec": 30.0, "ts": "2026-10-04 15:54:59"}
[DBG] {"category": "TRAIN", "component": "train", "elapsed_sec": 0.002713, "event": "END:broadcast_stop_flag", "host": "d6b2a058c4be", "pid": 177724, "rank": 0, "ts": "2026-10-04 15:54:59"}
[DBG] {"category": "QUEUE", "component": "train", "event": "BEGIN:preference_size_before_pop", "host": "d6b2a058c4be", "pid": 177724, "rank": 0, "ts": "2026-10-04 15:54:59"}
[DBG] {"category": "QUEUE", "component": "train", "event": "watchdog_armed", "host": "d6b2a058c4be", "pid": 177724, "rank": 0, "stage": "preference_size_before_pop", "timeout_sec": 30.0, "ts": "2026-10-04 15:54:59"}
[DBG] {"category": "QUEUE", "component": "train", "elapsed_sec": 0.004958, "event": "END:preference_size_before_pop", "host": "d6b2a058c4be", "pid": 177724, "rank": 0, "ts": "2026-10-04 15:54:59"}
[DBG] {"category": "QUEUE", "component": "train", "event": "trainer_queue_state", "host": "d6b2a058c4be", "pending": 2, "pid": 177724, "policy_version": 0, "rank": 0, "required": 4, "ts": "2026-10-04 15:54:59"}
[DBG] {"category": "QUEUE", "component": "train", "current_version": 0, "event": "BEGIN:preference_pop", "host": "d6b2a058c4be", "pid": 177724, "rank": 0, "requested": 4, "ts": "2026-10-04 15:54:59"}
[DBG] {"category": "QUEUE", "component": "train", "event": "watchdog_armed", "host": "d6b2a058c4be", "pid": 177724, "rank": 0, "stage": "preference_pop", "timeout_sec": 30.0, "ts": "2026-10-04 15:54:59"}
[DBG] {"category": "QUEUE", "component": "train", "elapsed_sec": 0.005057, "event": "END:preference_pop", "host": "d6b2a058c4be", "pid": 177724, "rank": 0, "ts": "2026-10-04 15:54:59"}
[DBG] {"category": "TRAIN", "component": "train", "empty_polls": 80, "event": "waiting_for_preference_batch", "host": "d6b2a058c4be", "pending": 2, "pid": 177724, "rank": 0, "required": 4, "ts": "2026-10-04 15:54:59"}
[DBG] {"category": "TRAIN", "component": "train", "event": "BEGIN:broadcast_preference_payload", "has_payload": false, "host": "d6b2a058c4be", "pid": 177724, "rank": 0, "transport": "json_uint8_gloo", "ts": "2026-10-04 15:54:59"}
[DBG] {"category": "TRAIN", "component": "train", "event": "watchdog_armed", "host": "d6b2a058c4be", "pid": 177724, "rank": 0, "stage": "broadcast_preference_payload", "timeout_sec": 30.0, "ts": "2026-10-04 15:54:59"}
[DBG] {"bytes": 0, "category": "TRAIN", "component": "train", "event": "BEGIN:broadcast_preference_length", "host": "d6b2a058c4be", "pid": 177724, "rank": 0, "transport": "gloo_cpu", "ts": "2026-10-04 15:54:59"}
[DBG] {"category": "TRAIN", "component": "train", "event": "watchdog_armed", "host": "d6b2a058c4be", "pid": 177724, "rank": 0, "stage": "broadcast_preference_length", "timeout_sec": 30.0, "ts": "2026-10-04 15:54:59"}
[DBG] {"category": "TRAIN", "component": "train", "elapsed_sec": 0.002182, "event": "END:broadcast_preference_length", "host": "d6b2a058c4be", "pid": 177724, "rank": 0, "ts": "2026-10-04 15:54:59"}
[DBG] {"category": "TRAIN", "component": "train", "event": "watchdog_armed", "host": "d6b2a058c4be", "pid": 177724, "rank": 0, "stage": "broadcast_preference_payload", "timeout_sec": 30.0, "ts": "2026-10-04 15:54:59"}
[DBG] {"category": "TRAIN", "component": "train", "elapsed_sec": 0.003288, "event": "END:broadcast_preference_payload", "host": "d6b2a058c4be", "pid": 177724, "rank": 0, "ts": "2026-10-04 15:54:59"}
[DBG] {"category": "RAY", "component": "train", "event": "BEGIN:control_should_stop", "host": "d6b2a058c4be", "pid": 177724, "rank": 0, "ts": "2026-10-04 15:54:59"}
[DBG] {"category": "RAY", "component": "train", "event": "watchdog_armed", "host": "d6b2a058c4be", "pid": 177724, "rank": 0, "stage": "control_should_stop", "timeout_sec": 30.0, "ts": "2026-10-04 15:54:59"}
[DBG] {"category": "RAY", "component": "train", "elapsed_sec": 0.003133, "event": "END:control_should_stop", "host": "d6b2a058c4be", "pid": 177724, "rank": 0, "ts": "2026-10-04 15:54:59"}
[DBG] {"category": "TRAIN", "component": "train", "event": "BEGIN:broadcast_stop_flag", "host": "d6b2a058c4be", "pid": 177724, "rank": 0, "transport": "gloo_cpu", "ts": "2026-10-04 15:54:59", "value": false}
[DBG] {"category": "TRAIN", "component": "train", "event": "watchdog_armed", "host": "d6b2a058c4be", "pid": 177724, "rank": 0, "stage": "broadcast_stop_flag", "timeout_sec": 30.0, "ts": "2026-10-04 15:54:59"}
[DBG] {"category": "TRAIN", "component": "train", "elapsed_sec": 0.00237, "event": "END:broadcast_stop_flag", "host": "d6b2a058c4be", "pid": 177724, "rank": 0, "ts": "2026-10-04 15:54:59"}
[DBG] {"category": "QUEUE", "component": "train", "event": "BEGIN:preference_size_before_pop", "host": "d6b2a058c4be", "pid": 177724, "rank": 0, "ts": "2026-10-04 15:54:59"}
[DBG] {"category": "QUEUE", "component": "train", "event": "watchdog_armed", "host": "d6b2a058c4be", "pid": 177724, "rank": 0, "stage": "preference_size_before_pop", "timeout_sec": 30.0, "ts": "2026-10-04 15:54:59"}
[DBG] {"category": "QUEUE", "component": "train", "elapsed_sec": 0.003326, "event": "END:preference_size_before_pop", "host": "d6b2a058c4be", "pid": 177724, "rank": 0, "ts": "2026-10-04 15:54:59"}
[DBG] {"category": "QUEUE", "component": "train", "event": "trainer_queue_state", "host": "d6b2a058c4be", "pending": 2, "pid": 177724, "policy_version": 0, "rank": 0, "required": 4, "ts": "2026-10-04 15:54:59"}
[DBG] {"category": "QUEUE", "component": "train", "current_version": 0, "event": "BEGIN:preference_pop", "host": "d6b2a058c4be", "pid": 177724, "rank": 0, "requested": 4, "ts": "2026-10-04 15:54:59"}
[DBG] {"category": "QUEUE", "component": "train", "event": "watchdog_armed", "host": "d6b2a058c4be", "pid": 177724, "rank": 0, "stage": "preference_pop", "timeout_sec": 30.0, "ts": "2026-10-04 15:54:59"}
[DBG] {"category": "QUEUE", "component": "train", "elapsed_sec": 0.003098, "event": "END:preference_pop", "host": "d6b2a058c4be", "pid": 177724, "rank": 0, "ts": "2026-10-04 15:54:59"}
[DBG] {"category": "TRAIN", "component": "train", "event": "BEGIN:broadcast_preference_payload", "has_payload": false, "host": "d6b2a058c4be", "pid": 177724, "rank": 0, "transport": "json_uint8_gloo", "ts": "2026-10-04 15:54:59"}
[DBG] {"category": "TRAIN", "component": "train", "event": "watchdog_armed", "host": "d6b2a058c4be", "pid": 177724, "rank": 0, "stage": "broadcast_preference_payload", "timeout_sec": 30.0, "ts": "2026-10-04 15:54:59"}
[DBG] {"bytes": 0, "category": "TRAIN", "component": "train", "event": "BEGIN:broadcast_preference_length", "host": "d6b2a058c4be", "pid": 177724, "rank": 0, "transport": "gloo_cpu", "ts": "2026-10-04 15:54:59"}
[DBG] {"category": "TRAIN", "component": "train", "event": "watchdog_armed", "host": "d6b2a058c4be", "pid": 177724, "rank": 0, "stage": "broadcast_preference_length", "timeout_sec": 30.0, "ts": "2026-10-04 15:54:59"}
[DBG] {"category": "TRAIN", "component": "train", "elapsed_sec": 0.001461, "event": "END:broadcast_preference_length", "host": "d6b2a058c4be", "pid": 177724, "rank": 0, "ts": "2026-10-04 15:54:59"}
[DBG] {"category": "TRAIN", "component": "train", "event": "watchdog_armed", "host": "d6b2a058c4be", "pid": 177724, "rank": 0, "stage": "broadcast_preference_payload", "timeout_sec": 30.0, "ts": "2026-10-04 15:54:59"}
[DBG] {"category": "TRAIN", "component": "train", "elapsed_sec": 0.002138, "event": "END:broadcast_preference_payload", "host": "d6b2a058c4be", "pid": 177724, "rank": 0, "ts": "2026-10-04 15:54:59"}
[DBG] {"category": "RAY", "component": "train", "event": "BEGIN:control_should_stop", "host": "d6b2a058c4be", "pid": 177724, "rank": 0, "ts": "2026-10-04 15:55:00"}
[DBG] {"category": "RAY", "component": "train", "event": "watchdog_armed", "host": "d6b2a058c4be", "pid": 177724, "rank": 0, "stage": "control_should_stop", "timeout_sec": 30.0, "ts": "2026-10-04 15:55:00"}
[DBG] {"category": "RAY", "component": "train", "elapsed_sec": 0.002838, "event": "END:control_should_stop", "host": "d6b2a058c4be", "pid": 177724, "rank": 0, "ts": "2026-10-04 15:55:00"}
[DBG] {"category": "TRAIN", "component": "train", "event": "BEGIN:broadcast_stop_flag", "host": "d6b2a058c4be", "pid": 177724, "rank": 0, "transport": "gloo_cpu", "ts": "2026-10-04 15:55:00", "value": false}
[DBG] {"category": "TRAIN", "component": "train", "event": "watchdog_armed", "host": "d6b2a058c4be", "pid": 177724, "rank": 0, "stage": "broadcast_stop_flag", "timeout_sec": 30.0, "ts": "2026-10-04 15:55:00"}
[DBG] {"category": "TRAIN", "component": "train", "elapsed_sec": 0.0039, "event": "END:broadcast_stop_flag", "host": "d6b2a058c4be", "pid": 177724, "rank": 0, "ts": "2026-10-04 15:55:00"}
[DBG] {"category": "QUEUE", "component": "train", "event": "BEGIN:preference_size_before_pop", "host": "d6b2a058c4be", "pid": 177724, "rank": 0, "ts": "2026-10-04 15:55:00"}
[DBG] {"category": "QUEUE", "component": "train", "event": "watchdog_armed", "host": "d6b2a058c4be", "pid": 177724, "rank": 0, "stage": "preference_size_before_pop", "timeout_sec": 30.0, "ts": "2026-10-04 15:55:00"}
[DBG] {"category": "QUEUE", "component": "train", "elapsed_sec": 0.004858, "event": "END:preference_size_before_pop", "host": "d6b2a058c4be", "pid": 177724, "rank": 0, "ts": "2026-10-04 15:55:00"}
[DBG] {"category": "QUEUE", "component": "train", "event": "trainer_queue_state", "host": "d6b2a058c4be", "pending": 2, "pid": 177724, "policy_version": 0, "rank": 0, "required": 4, "ts": "2026-10-04 15:55:00"}
[DBG] {"category": "QUEUE", "component": "train", "current_version": 0, "event": "BEGIN:preference_pop", "host": "d6b2a058c4be", "pid": 177724, "rank": 0, "requested": 4, "ts": "2026-10-04 15:55:00"}
[DBG] {"category": "QUEUE", "component": "train", "event": "watchdog_armed", "host": "d6b2a058c4be", "pid": 177724, "rank": 0, "stage": "preference_pop", "timeout_sec": 30.0, "ts": "2026-10-04 15:55:00"}
[DBG] {"category": "QUEUE", "component": "train", "elapsed_sec": 0.005449, "event": "END:preference_pop", "host": "d6b2a058c4be", "pid": 177724, "rank": 0, "ts": "2026-10-04 15:55:00"}
[DBG] {"category": "TRAIN", "component": "train", "event": "BEGIN:broadcast_preference_payload", "has_payload": false, "host": "d6b2a058c4be", "pid": 177724, "rank": 0, "transport": "json_uint8_gloo", "ts": "2026-10-04 15:55:00"}
[DBG] {"category": "TRAIN", "component": "train", "event": "watchdog_armed", "host": "d6b2a058c4be", "pid": 177724, "rank": 0, "stage": "broadcast_preference_payload", "timeout_sec": 30.0, "ts": "2026-10-04 15:55:00"}
[DBG] {"bytes": 0, "category": "TRAIN", "component": "train", "event": "BEGIN:broadcast_preference_length", "host": "d6b2a058c4be", "pid": 177724, "rank": 0, "transport": "gloo_cpu", "ts": "2026-10-04 15:55:00"}
[DBG] {"category": "TRAIN", "component": "train", "event": "watchdog_armed", "host": "d6b2a058c4be", "pid": 177724, "rank": 0, "stage": "broadcast_preference_length", "timeout_sec": 30.0, "ts": "2026-10-04 15:55:00"}
[DBG] {"category": "TRAIN", "component": "train", "elapsed_sec": 0.002279, "event": "END:broadcast_preference_length", "host": "d6b2a058c4be", "pid": 177724, "rank": 0, "ts": "2026-10-04 15:55:00"}
[DBG] {"category": "TRAIN", "component": "train", "event": "watchdog_armed", "host": "d6b2a058c4be", "pid": 177724, "rank": 0, "stage": "broadcast_preference_payload", "timeout_sec": 30.0, "ts": "2026-10-04 15:55:00"}
[DBG] {"category": "TRAIN", "component": "train", "elapsed_sec": 0.003444, "event": "END:broadcast_preference_payload", "host": "d6b2a058c4be", "pid": 177724, "rank": 0, "ts": "2026-10-04 15:55:00"}
[DBG] {"category": "RAY", "component": "train", "event": "BEGIN:control_should_stop", "host": "d6b2a058c4be", "pid": 177724, "rank": 0, "ts": "2026-10-04 15:55:00"}
[DBG] {"category": "RAY", "component": "train", "event": "watchdog_armed", "host": "d6b2a058c4be", "pid": 177724, "rank": 0, "stage": "control_should_stop", "timeout_sec": 30.0, "ts": "2026-10-04 15:55:00"}
[DBG] {"category": "RAY", "component": "train", "elapsed_sec": 0.011109, "event": "END:control_should_stop", "host": "d6b2a058c4be", "pid": 177724, "rank": 0, "ts": "2026-10-04 15:55:00"}
[DBG] {"category": "TRAIN", "component": "train", "event": "BEGIN:broadcast_stop_flag", "host": "d6b2a058c4be", "pid": 177724, "rank": 0, "transport": "gloo_cpu", "ts": "2026-10-04 15:55:00", "value": false}
[DBG] {"category": "TRAIN", "component": "train", "event": "watchdog_armed", "host": "d6b2a058c4be", "pid": 177724, "rank": 0, "stage": "broadcast_stop_flag", "timeout_sec": 30.0, "ts": "2026-10-04 15:55:00"}
[DBG] {"category": "TRAIN", "component": "train", "elapsed_sec": 0.002413, "event": "END:broadcast_stop_flag", "host": "d6b2a058c4be", "pid": 177724, "rank": 0, "ts": "2026-10-04 15:55:00"}
[DBG] {"category": "QUEUE", "component": "train", "event": "BEGIN:preference_size_before_pop", "host": "d6b2a058c4be", "pid": 177724, "rank": 0, "ts": "2026-10-04 15:55:00"}
[DBG] {"category": "QUEUE", "component": "train", "event": "watchdog_armed", "host": "d6b2a058c4be", "pid": 177724, "rank": 0, "stage": "preference_size_before_pop", "timeout_sec": 30.0, "ts": "2026-10-04 15:55:00"}
[DBG] {"category": "QUEUE", "component": "train", "elapsed_sec": 0.004304, "event": "END:preference_size_before_pop", "host": "d6b2a058c4be", "pid": 177724, "rank": 0, "ts": "2026-10-04 15:55:00"}
[DBG] {"category": "QUEUE", "component": "train", "event": "trainer_queue_state", "host": "d6b2a058c4be", "pending": 2, "pid": 177724, "policy_version": 0, "rank": 0, "required": 4, "ts": "2026-10-04 15:55:00"}
[DBG] {"category": "QUEUE", "component": "train", "current_version": 0, "event": "BEGIN:preference_pop", "host": "d6b2a058c4be", "pid": 177724, "rank": 0, "requested": 4, "ts": "2026-10-04 15:55:00"}
[DBG] {"category": "QUEUE", "component": "train", "event": "watchdog_armed", "host": "d6b2a058c4be", "pid": 177724, "rank": 0, "stage": "preference_pop", "timeout_sec": 30.0, "ts": "2026-10-04 15:55:00"}
[DBG] {"category": "QUEUE", "component": "train", "elapsed_sec": 0.004805, "event": "END:preference_pop", "host": "d6b2a058c4be", "pid": 177724, "rank": 0, "ts": "2026-10-04 15:55:00"}
[DBG] {"category": "TRAIN", "component": "train", "event": "BEGIN:broadcast_preference_payload", "has_payload": false, "host": "d6b2a058c4be", "pid": 177724, "rank": 0, "transport": "json_uint8_gloo", "ts": "2026-10-04 15:55:00"}
[DBG] {"category": "TRAIN", "component": "train", "event": "watchdog_armed", "host": "d6b2a058c4be", "pid": 177724, "rank": 0, "stage": "broadcast_preference_payload", "timeout_sec": 30.0, "ts": "2026-10-04 15:55:00"}
[DBG] {"bytes": 0, "category": "TRAIN", "component": "train", "event": "BEGIN:broadcast_preference_length", "host": "d6b2a058c4be", "pid": 177724, "rank": 0, "transport": "gloo_cpu", "ts": "2026-10-04 15:55:00"}
[DBG] {"category": "TRAIN", "component": "train", "event": "watchdog_armed", "host": "d6b2a058c4be", "pid": 177724, "rank": 0, "stage": "broadcast_preference_length", "timeout_sec": 30.0, "ts": "2026-10-04 15:55:00"}
[DBG] {"category": "TRAIN", "component": "train", "elapsed_sec": 0.001836, "event": "END:broadcast_preference_length", "host": "d6b2a058c4be", "pid": 177724, "rank": 0, "ts": "2026-10-04 15:55:00"}
[DBG] {"category": "TRAIN", "component": "train", "event": "watchdog_armed", "host": "d6b2a058c4be", "pid": 177724, "rank": 0, "stage": "broadcast_preference_payload", "timeout_sec": 30.0, "ts": "2026-10-04 15:55:00"}
[DBG] {"category": "TRAIN", "component": "train", "elapsed_sec": 0.00293, "event": "END:broadcast_preference_payload", "host": "d6b2a058c4be", "pid": 177724, "rank": 0, "ts": "2026-10-04 15:55:00"}
[DBG] {"category": "RAY", "component": "train", "event": "BEGIN:control_should_stop", "host": "d6b2a058c4be", "pid": 177724, "rank": 0, "ts": "2026-10-04 15:55:01"}
[DBG] {"category": "RAY", "component": "train", "event": "watchdog_armed", "host": "d6b2a058c4be", "pid": 177724, "rank": 0, "stage": "control_should_stop", "timeout_sec": 30.0, "ts": "2026-10-04 15:55:01"}
[DBG] {"category": "RAY", "component": "train", "elapsed_sec": 0.002979, "event": "END:control_should_stop", "host": "d6b2a058c4be", "pid": 177724, "rank": 0, "ts": "2026-10-04 15:55:01"}
[DBG] {"category": "TRAIN", "component": "train", "event": "BEGIN:broadcast_stop_flag", "host": "d6b2a058c4be", "pid": 177724, "rank": 0, "transport": "gloo_cpu", "ts": "2026-10-04 15:55:01", "value": false}
[DBG] {"category": "TRAIN", "component": "train", "event": "watchdog_armed", "host": "d6b2a058c4be", "pid": 177724, "rank": 0, "stage": "broadcast_stop_flag", "timeout_sec": 30.0, "ts": "2026-10-04 15:55:01"}
[DBG] {"category": "TRAIN", "component": "train", "elapsed_sec": 0.002268, "event": "END:broadcast_stop_flag", "host": "d6b2a058c4be", "pid": 177724, "rank": 0, "ts": "2026-10-04 15:55:01"}
[DBG] {"category": "QUEUE", "component": "train", "event": "BEGIN:preference_size_before_pop", "host": "d6b2a058c4be", "pid": 177724, "rank": 0, "ts": "2026-10-04 15:55:01"}
[DBG] {"category": "QUEUE", "component": "train", "event": "watchdog_armed", "host": "d6b2a058c4be", "pid": 177724, "rank": 0, "stage": "preference_size_before_pop", "timeout_sec": 30.0, "ts": "2026-10-04 15:55:01"}
[DBG] {"category": "QUEUE", "component": "train", "elapsed_sec": 0.003463, "event": "END:preference_size_before_pop", "host": "d6b2a058c4be", "pid": 177724, "rank": 0, "ts": "2026-10-04 15:55:01"}
[DBG] {"category": "QUEUE", "component": "train", "event": "trainer_queue_state", "host": "d6b2a058c4be", "pending": 3, "pid": 177724, "policy_version": 0, "rank": 0, "required": 4, "ts": "2026-10-04 15:55:01"}
[DBG] {"category": "QUEUE", "component": "train", "current_version": 0, "event": "BEGIN:preference_pop", "host": "d6b2a058c4be", "pid": 177724, "rank": 0, "requested": 4, "ts": "2026-10-04 15:55:01"}
[DBG] {"category": "QUEUE", "component": "train", "event": "watchdog_armed", "host": "d6b2a058c4be", "pid": 177724, "rank": 0, "stage": "preference_pop", "timeout_sec": 30.0, "ts": "2026-10-04 15:55:01"}
[DBG] {"category": "QUEUE", "component": "train", "elapsed_sec": 0.004293, "event": "END:preference_pop", "host": "d6b2a058c4be", "pid": 177724, "rank": 0, "ts": "2026-10-04 15:55:01"}
[DBG] {"category": "TRAIN", "component": "train", "event": "BEGIN:broadcast_preference_payload", "has_payload": false, "host": "d6b2a058c4be", "pid": 177724, "rank": 0, "transport": "json_uint8_gloo", "ts": "2026-10-04 15:55:01"}
[DBG] {"category": "TRAIN", "component": "train", "event": "watchdog_armed", "host": "d6b2a058c4be", "pid": 177724, "rank": 0, "stage": "broadcast_preference_payload", "timeout_sec": 30.0, "ts": "2026-10-04 15:55:01"}
[DBG] {"bytes": 0, "category": "TRAIN", "component": "train", "event": "BEGIN:broadcast_preference_length", "host": "d6b2a058c4be", "pid": 177724, "rank": 0, "transport": "gloo_cpu", "ts": "2026-10-04 15:55:01"}
[DBG] {"category": "TRAIN", "component": "train", "event": "watchdog_armed", "host": "d6b2a058c4be", "pid": 177724, "rank": 0, "stage": "broadcast_preference_length", "timeout_sec": 30.0, "ts": "2026-10-04 15:55:01"}
[DBG] {"category": "TRAIN", "component": "train", "elapsed_sec": 0.001811, "event": "END:broadcast_preference_length", "host": "d6b2a058c4be", "pid": 177724, "rank": 0, "ts": "2026-10-04 15:55:01"}
[DBG] {"category": "TRAIN", "component": "train", "event": "watchdog_armed", "host": "d6b2a058c4be", "pid": 177724, "rank": 0, "stage": "broadcast_preference_payload", "timeout_sec": 30.0, "ts": "2026-10-04 15:55:01"}
[DBG] {"category": "TRAIN", "component": "train", "elapsed_sec": 0.002914, "event": "END:broadcast_preference_payload", "host": "d6b2a058c4be", "pid": 177724, "rank": 0, "ts": "2026-10-04 15:55:01"}
[DBG] {"category": "RAY", "component": "train", "event": "BEGIN:control_should_stop", "host": "d6b2a058c4be", "pid": 177724, "rank": 0, "ts": "2026-10-04 15:55:01"}
[DBG] {"category": "RAY", "component": "train", "event": "watchdog_armed", "host": "d6b2a058c4be", "pid": 177724, "rank": 0, "stage": "control_should_stop", "timeout_sec": 30.0, "ts": "2026-10-04 15:55:01"}
[DBG] {"category": "RAY", "component": "train", "elapsed_sec": 0.003295, "event": "END:control_should_stop", "host": "d6b2a058c4be", "pid": 177724, "rank": 0, "ts": "2026-10-04 15:55:01"}
[DBG] {"category": "TRAIN", "component": "train", "event": "BEGIN:broadcast_stop_flag", "host": "d6b2a058c4be", "pid": 177724, "rank": 0, "transport": "gloo_cpu", "ts": "2026-10-04 15:55:01", "value": false}
[DBG] {"category": "TRAIN", "component": "train", "event": "watchdog_armed", "host": "d6b2a058c4be", "pid": 177724, "rank": 0, "stage": "broadcast_stop_flag", "timeout_sec": 30.0, "ts": "2026-10-04 15:55:01"}
[DBG] {"category": "TRAIN", "component": "train", "elapsed_sec": 0.0024, "event": "END:broadcast_stop_flag", "host": "d6b2a058c4be", "pid": 177724, "rank": 0, "ts": "2026-10-04 15:55:01"}
[DBG] {"category": "QUEUE", "component": "train", "event": "BEGIN:preference_size_before_pop", "host": "d6b2a058c4be", "pid": 177724, "rank": 0, "ts": "2026-10-04 15:55:01"}
[DBG] {"category": "QUEUE", "component": "train", "event": "watchdog_armed", "host": "d6b2a058c4be", "pid": 177724, "rank": 0, "stage": "preference_size_before_pop", "timeout_sec": 30.0, "ts": "2026-10-04 15:55:01"}
[DBG] {"category": "QUEUE", "component": "train", "elapsed_sec": 0.004082, "event": "END:preference_size_before_pop", "host": "d6b2a058c4be", "pid": 177724, "rank": 0, "ts": "2026-10-04 15:55:01"}
[DBG] {"category": "QUEUE", "component": "train", "event": "trainer_queue_state", "host": "d6b2a058c4be", "pending": 3, "pid": 177724, "policy_version": 0, "rank": 0, "required": 4, "ts": "2026-10-04 15:55:01"}
[DBG] {"category": "QUEUE", "component": "train", "current_version": 0, "event": "BEGIN:preference_pop", "host": "d6b2a058c4be", "pid": 177724, "rank": 0, "requested": 4, "ts": "2026-10-04 15:55:01"}
[DBG] {"category": "QUEUE", "component": "train", "event": "watchdog_armed", "host": "d6b2a058c4be", "pid": 177724, "rank": 0, "stage": "preference_pop", "timeout_sec": 30.0, "ts": "2026-10-04 15:55:01"}
[DBG] {"category": "QUEUE", "component": "train", "elapsed_sec": 0.004539, "event": "END:preference_pop", "host": "d6b2a058c4be", "pid": 177724, "rank": 0, "ts": "2026-10-04 15:55:01"}
[DBG] {"category": "TRAIN", "component": "train", "event": "BEGIN:broadcast_preference_payload", "has_payload": false, "host": "d6b2a058c4be", "pid": 177724, "rank": 0, "transport": "json_uint8_gloo", "ts": "2026-10-04 15:55:01"}
[DBG] {"category": "TRAIN", "component": "train", "event": "watchdog_armed", "host": "d6b2a058c4be", "pid": 177724, "rank": 0, "stage": "broadcast_preference_payload", "timeout_sec": 30.0, "ts": "2026-10-04 15:55:01"}
[DBG] {"bytes": 0, "category": "TRAIN", "component": "train", "event": "BEGIN:broadcast_preference_length", "host": "d6b2a058c4be", "pid": 177724, "rank": 0, "transport": "gloo_cpu", "ts": "2026-10-04 15:55:01"}
[DBG] {"category": "TRAIN", "component": "train", "event": "watchdog_armed", "host": "d6b2a058c4be", "pid": 177724, "rank": 0, "stage": "broadcast_preference_length", "timeout_sec": 30.0, "ts": "2026-10-04 15:55:01"}
[DBG] {"category": "TRAIN", "component": "train", "elapsed_sec": 0.001896, "event": "END:broadcast_preference_length", "host": "d6b2a058c4be", "pid": 177724, "rank": 0, "ts": "2026-10-04 15:55:01"}
[DBG] {"category": "TRAIN", "component": "train", "event": "watchdog_armed", "host": "d6b2a058c4be", "pid": 177724, "rank": 0, "stage": "broadcast_preference_payload", "timeout_sec": 30.0, "ts": "2026-10-04 15:55:01"}
[DBG] {"category": "TRAIN", "component": "train", "elapsed_sec": 0.002978, "event": "END:broadcast_preference_payload", "host": "d6b2a058c4be", "pid": 177724, "rank": 0, "ts": "2026-10-04 15:55:01"}
[DBG] {"category": "RAY", "component": "train", "event": "BEGIN:control_should_stop", "host": "d6b2a058c4be", "pid": 177724, "rank": 0, "ts": "2026-10-04 15:55:02"}
[DBG] {"category": "RAY", "component": "train", "event": "watchdog_armed", "host": "d6b2a058c4be", "pid": 177724, "rank": 0, "stage": "control_should_stop", "timeout_sec": 30.0, "ts": "2026-10-04 15:55:02"}
[DBG] {"category": "RAY", "component": "train", "elapsed_sec": 0.002346, "event": "END:control_should_stop", "host": "d6b2a058c4be", "pid": 177724, "rank": 0, "ts": "2026-10-04 15:55:02"}
[DBG] {"category": "TRAIN", "component": "train", "event": "BEGIN:broadcast_stop_flag", "host": "d6b2a058c4be", "pid": 177724, "rank": 0, "transport": "gloo_cpu", "ts": "2026-10-04 15:55:02", "value": false}
[DBG] {"category": "TRAIN", "component": "train", "event": "watchdog_armed", "host": "d6b2a058c4be", "pid": 177724, "rank": 0, "stage": "broadcast_stop_flag", "timeout_sec": 30.0, "ts": "2026-10-04 15:55:02"}
[DBG] {"category": "TRAIN", "component": "train", "elapsed_sec": 0.002306, "event": "END:broadcast_stop_flag", "host": "d6b2a058c4be", "pid": 177724, "rank": 0, "ts": "2026-10-04 15:55:02"}
[DBG] {"category": "QUEUE", "component": "train", "event": "BEGIN:preference_size_before_pop", "host": "d6b2a058c4be", "pid": 177724, "rank": 0, "ts": "2026-10-04 15:55:02"}
[DBG] {"category": "QUEUE", "component": "train", "event": "watchdog_armed", "host": "d6b2a058c4be", "pid": 177724, "rank": 0, "stage": "preference_size_before_pop", "timeout_sec": 30.0, "ts": "2026-10-04 15:55:02"}
[DBG] {"category": "QUEUE", "component": "train", "elapsed_sec": 0.005689, "event": "END:preference_size_before_pop", "host": "d6b2a058c4be", "pid": 177724, "rank": 0, "ts": "2026-10-04 15:55:02"}
[DBG] {"category": "QUEUE", "component": "train", "event": "trainer_queue_state", "host": "d6b2a058c4be", "pending": 3, "pid": 177724, "policy_version": 0, "rank": 0, "required": 4, "ts": "2026-10-04 15:55:02"}
[DBG] {"category": "QUEUE", "component": "train", "current_version": 0, "event": "BEGIN:preference_pop", "host": "d6b2a058c4be", "pid": 177724, "rank": 0, "requested": 4, "ts": "2026-10-04 15:55:02"}
[DBG] {"category": "QUEUE", "component": "train", "event": "watchdog_armed", "host": "d6b2a058c4be", "pid": 177724, "rank": 0, "stage": "preference_pop", "timeout_sec": 30.0, "ts": "2026-10-04 15:55:02"}
[DBG] {"category": "QUEUE", "component": "train", "elapsed_sec": 0.002573, "event": "END:preference_pop", "host": "d6b2a058c4be", "pid": 177724, "rank": 0, "ts": "2026-10-04 15:55:02"}
[DBG] {"category": "TRAIN", "component": "train", "event": "BEGIN:broadcast_preference_payload", "has_payload": false, "host": "d6b2a058c4be", "pid": 177724, "rank": 0, "transport": "json_uint8_gloo", "ts": "2026-10-04 15:55:02"}
[DBG] {"category": "TRAIN", "component": "train", "event": "watchdog_armed", "host": "d6b2a058c4be", "pid": 177724, "rank": 0, "stage": "broadcast_preference_payload", "timeout_sec": 30.0, "ts": "2026-10-04 15:55:02"}
[DBG] {"bytes": 0, "category": "TRAIN", "component": "train", "event": "BEGIN:broadcast_preference_length", "host": "d6b2a058c4be", "pid": 177724, "rank": 0, "transport": "gloo_cpu", "ts": "2026-10-04 15:55:02"}
[DBG] {"category": "TRAIN", "component": "train", "event": "watchdog_armed", "host": "d6b2a058c4be", "pid": 177724, "rank": 0, "stage": "broadcast_preference_length", "timeout_sec": 30.0, "ts": "2026-10-04 15:55:02"}
[DBG] {"category": "TRAIN", "component": "train", "elapsed_sec": 0.00111, "event": "END:broadcast_preference_length", "host": "d6b2a058c4be", "pid": 177724, "rank": 0, "ts": "2026-10-04 15:55:02"}
[DBG] {"category": "TRAIN", "component": "train", "event": "watchdog_armed", "host": "d6b2a058c4be", "pid": 177724, "rank": 0, "stage": "broadcast_preference_payload", "timeout_sec": 30.0, "ts": "2026-10-04 15:55:02"}
[DBG] {"category": "TRAIN", "component": "train", "elapsed_sec": 0.001573, "event": "END:broadcast_preference_payload", "host": "d6b2a058c4be", "pid": 177724, "rank": 0, "ts": "2026-10-04 15:55:02"}
[DBG] {"category": "RAY", "component": "train", "event": "BEGIN:control_should_stop", "host": "d6b2a058c4be", "pid": 177724, "rank": 0, "ts": "2026-10-04 15:55:02"}
[DBG] {"category": "RAY", "component": "train", "event": "watchdog_armed", "host": "d6b2a058c4be", "pid": 177724, "rank": 0, "stage": "control_should_stop", "timeout_sec": 30.0, "ts": "2026-10-04 15:55:02"}
[DBG] {"category": "RAY", "component": "train", "elapsed_sec": 0.001938, "event": "END:control_should_stop", "host": "d6b2a058c4be", "pid": 177724, "rank": 0, "ts": "2026-10-04 15:55:02"}
[DBG] {"category": "TRAIN", "component": "train", "event": "BEGIN:broadcast_stop_flag", "host": "d6b2a058c4be", "pid": 177724, "rank": 0, "transport": "gloo_cpu", "ts": "2026-10-04 15:55:02", "value": false}
[DBG] {"category": "TRAIN", "component": "train", "event": "watchdog_armed", "host": "d6b2a058c4be", "pid": 177724, "rank": 0, "stage": "broadcast_stop_flag", "timeout_sec": 30.0, "ts": "2026-10-04 15:55:02"}
[DBG] {"category": "TRAIN", "component": "train", "elapsed_sec": 0.001101, "event": "END:broadcast_stop_flag", "host": "d6b2a058c4be", "pid": 177724, "rank": 0, "ts": "2026-10-04 15:55:02"}
[DBG] {"category": "QUEUE", "component": "train", "event": "BEGIN:preference_size_before_pop", "host": "d6b2a058c4be", "pid": 177724, "rank": 0, "ts": "2026-10-04 15:55:02"}
[DBG] {"category": "QUEUE", "component": "train", "event": "watchdog_armed", "host": "d6b2a058c4be", "pid": 177724, "rank": 0, "stage": "preference_size_before_pop", "timeout_sec": 30.0, "ts": "2026-10-04 15:55:02"}
[DBG] {"category": "QUEUE", "component": "train", "elapsed_sec": 0.002325, "event": "END:preference_size_before_pop", "host": "d6b2a058c4be", "pid": 177724, "rank": 0, "ts": "2026-10-04 15:55:02"}
[DBG] {"category": "QUEUE", "component": "train", "event": "trainer_queue_state", "host": "d6b2a058c4be", "pending": 3, "pid": 177724, "policy_version": 0, "rank": 0, "required": 4, "ts": "2026-10-04 15:55:02"}
[DBG] {"category": "QUEUE", "component": "train", "current_version": 0, "event": "BEGIN:preference_pop", "host": "d6b2a058c4be", "pid": 177724, "rank": 0, "requested": 4, "ts": "2026-10-04 15:55:02"}
[DBG] {"category": "QUEUE", "component": "train", "event": "watchdog_armed", "host": "d6b2a058c4be", "pid": 177724, "rank": 0, "stage": "preference_pop", "timeout_sec": 30.0, "ts": "2026-10-04 15:55:02"}
[DBG] {"category": "QUEUE", "component": "train", "elapsed_sec": 0.002647, "event": "END:preference_pop", "host": "d6b2a058c4be", "pid": 177724, "rank": 0, "ts": "2026-10-04 15:55:02"}
[DBG] {"category": "TRAIN", "component": "train", "event": "BEGIN:broadcast_preference_payload", "has_payload": false, "host": "d6b2a058c4be", "pid": 177724, "rank": 0, "transport": "json_uint8_gloo", "ts": "2026-10-04 15:55:02"}
[DBG] {"category": "TRAIN", "component": "train", "event": "watchdog_armed", "host": "d6b2a058c4be", "pid": 177724, "rank": 0, "stage": "broadcast_preference_payload", "timeout_sec": 30.0, "ts": "2026-10-04 15:55:02"}
[DBG] {"bytes": 0, "category": "TRAIN", "component": "train", "event": "BEGIN:broadcast_preference_length", "host": "d6b2a058c4be", "pid": 177724, "rank": 0, "transport": "gloo_cpu", "ts": "2026-10-04 15:55:02"}
[DBG] {"category": "TRAIN", "component": "train", "event": "watchdog_armed", "host": "d6b2a058c4be", "pid": 177724, "rank": 0, "stage": "broadcast_preference_length", "timeout_sec": 30.0, "ts": "2026-10-04 15:55:02"}
[DBG] {"category": "TRAIN", "component": "train", "elapsed_sec": 0.001528, "event": "END:broadcast_preference_length", "host": "d6b2a058c4be", "pid": 177724, "rank": 0, "ts": "2026-10-04 15:55:02"}
[DBG] {"category": "TRAIN", "component": "train", "event": "watchdog_armed", "host": "d6b2a058c4be", "pid": 177724, "rank": 0, "stage": "broadcast_preference_payload", "timeout_sec": 30.0, "ts": "2026-10-04 15:55:02"}
[DBG] {"category": "TRAIN", "component": "train", "elapsed_sec": 0.002288, "event": "END:broadcast_preference_payload", "host": "d6b2a058c4be", "pid": 177724, "rank": 0, "ts": "2026-10-04 15:55:02"}
[DBG] {"category": "RAY", "component": "train", "event": "BEGIN:control_should_stop", "host": "d6b2a058c4be", "pid": 177724, "rank": 0, "ts": "2026-10-04 15:55:03"}
[DBG] {"category": "RAY", "component": "train", "event": "watchdog_armed", "host": "d6b2a058c4be", "pid": 177724, "rank": 0, "stage": "control_should_stop", "timeout_sec": 30.0, "ts": "2026-10-04 15:55:03"}
[DBG] {"category": "RAY", "component": "train", "elapsed_sec": 0.003147, "event": "END:control_should_stop", "host": "d6b2a058c4be", "pid": 177724, "rank": 0, "ts": "2026-10-04 15:55:03"}
[DBG] {"category": "TRAIN", "component": "train", "event": "BEGIN:broadcast_stop_flag", "host": "d6b2a058c4be", "pid": 177724, "rank": 0, "transport": "gloo_cpu", "ts": "2026-10-04 15:55:03", "value": false}
[DBG] {"category": "TRAIN", "component": "train", "event": "watchdog_armed", "host": "d6b2a058c4be", "pid": 177724, "rank": 0, "stage": "broadcast_stop_flag", "timeout_sec": 30.0, "ts": "2026-10-04 15:55:03"}
[DBG] {"category": "TRAIN", "component": "train", "elapsed_sec": 0.00222, "event": "END:broadcast_stop_flag", "host": "d6b2a058c4be", "pid": 177724, "rank": 0, "ts": "2026-10-04 15:55:03"}
[DBG] {"category": "QUEUE", "component": "train", "event": "BEGIN:preference_size_before_pop", "host": "d6b2a058c4be", "pid": 177724, "rank": 0, "ts": "2026-10-04 15:55:03"}
[DBG] {"category": "QUEUE", "component": "train", "event": "watchdog_armed", "host": "d6b2a058c4be", "pid": 177724, "rank": 0, "stage": "preference_size_before_pop", "timeout_sec": 30.0, "ts": "2026-10-04 15:55:03"}
[DBG] {"category": "QUEUE", "component": "train", "elapsed_sec": 0.003794, "event": "END:preference_size_before_pop", "host": "d6b2a058c4be", "pid": 177724, "rank": 0, "ts": "2026-10-04 15:55:03"}
[DBG] {"category": "QUEUE", "component": "train", "event": "trainer_queue_state", "host": "d6b2a058c4be", "pending": 4, "pid": 177724, "policy_version": 0, "rank": 0, "required": 4, "ts": "2026-10-04 15:55:03"}
[DBG] {"category": "QUEUE", "component": "train", "current_version": 0, "event": "BEGIN:preference_pop", "host": "d6b2a058c4be", "pid": 177724, "rank": 0, "requested": 4, "ts": "2026-10-04 15:55:03"}
[DBG] {"category": "QUEUE", "component": "train", "event": "watchdog_armed", "host": "d6b2a058c4be", "pid": 177724, "rank": 0, "stage": "preference_pop", "timeout_sec": 30.0, "ts": "2026-10-04 15:55:03"}
[DBG] {"category": "QUEUE", "component": "train", "elapsed_sec": 0.081287, "event": "END:preference_pop", "host": "d6b2a058c4be", "pid": 177724, "rank": 0, "ts": "2026-10-04 15:55:03"}
[DBG] {"category": "QUEUE", "component": "train", "count": 4, "event": "trainer_pop_done", "group_ids": ["919d3fb4ebef418ca133827d44d450a8", "0066e30210f140589ccd7573983fcc38", "f0217ef068aa44918618c96bbdc7ebeb", "e5f2ecf24dbd450c83500e472aef586b"], "host": "d6b2a058c4be", "pid": 177724, "policy_versions": [0, 0, 0, 0], "rank": 0, "ts": "2026-10-04 15:55:03"}
[DBG] {"category": "TRAIN", "component": "train", "event": "BEGIN:broadcast_preference_payload", "has_payload": true, "host": "d6b2a058c4be", "pid": 177724, "rank": 0, "transport": "json_uint8_gloo", "ts": "2026-10-04 15:55:03"}
[DBG] {"category": "TRAIN", "component": "train", "event": "watchdog_armed", "host": "d6b2a058c4be", "pid": 177724, "rank": 0, "stage": "broadcast_preference_payload", "timeout_sec": 30.0, "ts": "2026-10-04 15:55:03"}
[DBG] {"bytes": 5858, "category": "TRAIN", "component": "train", "event": "BEGIN:broadcast_preference_length", "host": "d6b2a058c4be", "pid": 177724, "rank": 0, "transport": "gloo_cpu", "ts": "2026-10-04 15:55:03"}
[DBG] {"category": "TRAIN", "component": "train", "event": "watchdog_armed", "host": "d6b2a058c4be", "pid": 177724, "rank": 0, "stage": "broadcast_preference_length", "timeout_sec": 30.0, "ts": "2026-10-04 15:55:03"}
[DBG] {"category": "TRAIN", "component": "train", "elapsed_sec": 0.002355, "event": "END:broadcast_preference_length", "host": "d6b2a058c4be", "pid": 177724, "rank": 0, "ts": "2026-10-04 15:55:03"}
[DBG] {"category": "TRAIN", "component": "train", "event": "watchdog_armed", "host": "d6b2a058c4be", "pid": 177724, "rank": 0, "stage": "broadcast_preference_payload", "timeout_sec": 30.0, "ts": "2026-10-04 15:55:03"}
[DBG] {"bytes": 5858, "category": "TRAIN", "component": "train", "event": "BEGIN:broadcast_preference_bytes", "host": "d6b2a058c4be", "pid": 177724, "rank": 0, "transport": "gloo_cpu", "ts": "2026-10-04 15:55:03"}
[DBG] {"category": "TRAIN", "component": "train", "event": "watchdog_armed", "host": "d6b2a058c4be", "pid": 177724, "rank": 0, "stage": "broadcast_preference_bytes", "timeout_sec": 30.0, "ts": "2026-10-04 15:55:03"}
[DBG] {"category": "TRAIN", "component": "train", "elapsed_sec": 0.000951, "event": "END:broadcast_preference_bytes", "host": "d6b2a058c4be", "pid": 177724, "rank": 0, "ts": "2026-10-04 15:55:03"}
[DBG] {"category": "TRAIN", "component": "train", "event": "watchdog_armed", "host": "d6b2a058c4be", "pid": 177724, "rank": 0, "stage": "broadcast_preference_payload", "timeout_sec": 30.0, "ts": "2026-10-04 15:55:03"}
[DBG] {"category": "TRAIN", "component": "train", "elapsed_sec": 0.004567, "event": "END:broadcast_preference_payload", "host": "d6b2a058c4be", "pid": 177724, "rank": 0, "ts": "2026-10-04 15:55:03"}
[DBG] {"category": "TRAIN", "component": "train", "event": "local_batch_ready", "group_ids": ["919d3fb4ebef418ca133827d44d450a8", "0066e30210f140589ccd7573983fcc38"], "host": "d6b2a058c4be", "local_total": 2, "microbatch_size": 2, "microbatches": 1, "pid": 177724, "rank": 0, "slice_end": 2, "slice_start": 0, "ts": "2026-10-04 15:55:03"}
[DBG] {"category": "TRAIN", "component": "train", "event": "BEGIN:optimizer_step", "host": "d6b2a058c4be", "next_step": 1, "pid": 177724, "rank": 0, "ts": "2026-10-04 15:55:03"}
[DBG] {"category": "TRAIN", "component": "train", "event": "watchdog_armed", "host": "d6b2a058c4be", "pid": 177724, "rank": 0, "stage": "optimizer_step", "timeout_sec": 30.0, "ts": "2026-10-04 15:55:03"}
[DBG] {"category": "TRAIN", "component": "train", "cuda_device": 0, "event": "step_pipeline_begin", "group_ids": ["919d3fb4ebef418ca133827d44d450a8", "0066e30210f140589ccd7573983fcc38"], "host": "d6b2a058c4be", "max_mem_allocated": 1039477760, "mem_allocated": 494216192, "mem_reserved": 1159725056, "microbatches": 1, "next_step": 1, "pid": 177724, "rank": 0, "ts": "2026-10-04 15:55:03"}
[DBG] {"category": "TRAIN", "component": "train", "event": "BEGIN:zero_grad", "host": "d6b2a058c4be", "next_step": 1, "pid": 177724, "rank": 0, "ts": "2026-10-04 15:55:03"}
[DBG] {"category": "TRAIN", "component": "train", "event": "watchdog_armed", "host": "d6b2a058c4be", "pid": 177724, "rank": 0, "stage": "zero_grad", "timeout_sec": 30.0, "ts": "2026-10-04 15:55:03"}
[DBG] {"category": "TRAIN", "component": "train", "elapsed_sec": 0.006414, "event": "END:zero_grad", "host": "d6b2a058c4be", "pid": 177724, "rank": 0, "ts": "2026-10-04 15:55:03"}
[DBG] {"category": "TRAIN", "component": "train", "event": "watchdog_armed", "host": "d6b2a058c4be", "pid": 177724, "rank": 0, "stage": "optimizer_step", "timeout_sec": 30.0, "ts": "2026-10-04 15:55:03"}
[DBG] {"category": "TRAIN", "component": "train", "event": "microbatch_begin", "group_ids": ["919d3fb4ebef418ca133827d44d450a8", "0066e30210f140589ccd7573983fcc38"], "host": "d6b2a058c4be", "micro_idx": 0, "pairs": 2, "pid": 177724, "rank": 0, "ts": "2026-10-04 15:55:03"}
[DBG] {"category": "TRAIN", "component": "train", "event": "BEGIN:collate", "group_ids": ["919d3fb4ebef418ca133827d44d450a8", "0066e30210f140589ccd7573983fcc38"], "host": "d6b2a058c4be", "micro_idx": 0, "pairs": 2, "pid": 177724, "rank": 0, "ts": "2026-10-04 15:55:03"}
[DBG] {"category": "TRAIN", "component": "train", "event": "watchdog_armed", "host": "d6b2a058c4be", "pid": 177724, "rank": 0, "stage": "collate", "timeout_sec": 30.0, "ts": "2026-10-04 15:55:03"}
[DBG] {"category": "TRAIN", "component": "train", "elapsed_sec": 0.051027, "event": "END:collate", "host": "d6b2a058c4be", "pid": 177724, "rank": 0, "ts": "2026-10-04 15:55:03"}
[DBG] {"category": "TRAIN", "component": "train", "event": "watchdog_armed", "host": "d6b2a058c4be", "pid": 177724, "rank": 0, "stage": "optimizer_step", "timeout_sec": 30.0, "ts": "2026-10-04 15:55:03"}
[DBG] {"category": "TRAIN", "component": "train", "cpu_shapes": {"attention_mask": [4, 208], "input_ids": [4, 208], "ref_logps": [4], "response_mask": [4, 208]}, "event": "collate_done", "group_ids": ["919d3fb4ebef418ca133827d44d450a8", "0066e30210f140589ccd7573983fcc38"], "host": "d6b2a058c4be", "micro_idx": 0, "pairs": 2, "pid": 177724, "rank": 0, "ts": "2026-10-04 15:55:03"}
[DBG] {"category": "TRAIN", "component": "train", "device": "cuda:0", "event": "BEGIN:batch_to_device", "group_ids": ["919d3fb4ebef418ca133827d44d450a8", "0066e30210f140589ccd7573983fcc38"], "host": "d6b2a058c4be", "micro_idx": 0, "pid": 177724, "rank": 0, "ts": "2026-10-04 15:55:03"}
[DBG] {"category": "TRAIN", "component": "train", "event": "watchdog_armed", "host": "d6b2a058c4be", "pid": 177724, "rank": 0, "stage": "batch_to_device", "timeout_sec": 30.0, "ts": "2026-10-04 15:55:03"}
[DBG] {"category": "TRAIN", "component": "train", "elapsed_sec": 0.010612, "event": "END:batch_to_device", "host": "d6b2a058c4be", "pid": 177724, "rank": 0, "ts": "2026-10-04 15:55:03"}
[DBG] {"category": "TRAIN", "component": "train", "event": "watchdog_armed", "host": "d6b2a058c4be", "pid": 177724, "rank": 0, "stage": "optimizer_step", "timeout_sec": 30.0, "ts": "2026-10-04 15:55:03"}
[DBG] {"category": "TRAIN", "component": "train", "cuda_device": 0, "event": "batch_on_device", "group_ids": ["919d3fb4ebef418ca133827d44d450a8", "0066e30210f140589ccd7573983fcc38"], "host": "d6b2a058c4be", "max_mem_allocated": 1039477760, "mem_allocated": 494232064, "mem_reserved": 1159725056, "micro_idx": 0, "pid": 177724, "rank": 0, "tensors": {"attention_mask": {"device": "cuda:0", "dtype": "torch.int64", "shape": [4, 208]}, "input_ids": {"device": "cuda:0", "dtype": "torch.int64", "shape": [4, 208]}, "ref_logps": {"device": "cuda:0", "dtype": "torch.bfloat16", "shape": [4]}, "response_mask": {"device": "cuda:0", "dtype": "torch.bfloat16", "shape": [4, 208]}}, "ts": "2026-10-04 15:55:03"}
[DBG] {"category": "FSDP", "component": "train", "cuda_device": 0, "event": "BEGIN:cuda_sync:before_forward", "group_ids": ["919d3fb4ebef418ca133827d44d450a8", "0066e30210f140589ccd7573983fcc38"], "host": "d6b2a058c4be", "max_mem_allocated": 1039477760, "mem_allocated": 494232064, "mem_reserved": 1159725056, "micro_idx": 0, "pid": 177724, "rank": 0, "ts": "2026-10-04 15:55:03"}
[DBG] {"category": "FSDP", "component": "train", "event": "watchdog_armed", "host": "d6b2a058c4be", "pid": 177724, "rank": 0, "stage": "cuda_sync:before_forward", "timeout_sec": 30.0, "ts": "2026-10-04 15:55:03"}
[DBG] {"category": "FSDP", "component": "train", "elapsed_sec": 0.000704, "event": "END:cuda_sync:before_forward", "host": "d6b2a058c4be", "pid": 177724, "rank": 0, "ts": "2026-10-04 15:55:03"}
[DBG] {"category": "TRAIN", "component": "train", "event": "watchdog_armed", "host": "d6b2a058c4be", "pid": 177724, "rank": 0, "stage": "optimizer_step", "timeout_sec": 30.0, "ts": "2026-10-04 15:55:03"}
[DBG] {"category": "FSDP", "component": "train", "cuda_device": 0, "event": "forward_call_about_to_enter", "group_ids": ["919d3fb4ebef418ca133827d44d450a8", "0066e30210f140589ccd7573983fcc38"], "host": "d6b2a058c4be", "max_mem_allocated": 1039477760, "mem_allocated": 494232064, "mem_reserved": 1159725056, "micro_idx": 0, "model_class": "FullyShardedDataParallel", "pid": 177724, "rank": 0, "ts": "2026-10-04 15:55:03"}
[DBG] {"category": "FSDP", "component": "train", "event": "BEGIN:forward", "group_ids": ["919d3fb4ebef418ca133827d44d450a8", "0066e30210f140589ccd7573983fcc38"], "host": "d6b2a058c4be", "micro_idx": 0, "pid": 177724, "rank": 0, "ts": "2026-10-04 15:55:03"}
[DBG] {"category": "FSDP", "component": "train", "event": "watchdog_armed", "host": "d6b2a058c4be", "pid": 177724, "rank": 0, "stage": "forward", "timeout_sec": 30.0, "ts": "2026-10-04 15:55:03"}
[DBG] {"category": "FSDP", "component": "train", "cuda_device": 0, "event": "module_enter", "host": "d6b2a058c4be", "is_fsdp": true, "max_mem_allocated": 1039477760, "mem_allocated": 494232064, "mem_reserved": 1159725056, "module": "<root>", "module_class": "FullyShardedDataParallel", "pid": 177724, "rank": 0, "ts": "2026-10-04 15:55:03"}
[DBG] {"category": "FSDP", "component": "train", "compute_device": "cuda:0", "event": "fsdp_lazy_init_enter", "host": "d6b2a058c4be", "is_root": null, "limit_all_gathers": true, "pg_backend": "nccl", "pg_rank": 0, "pg_world_size": 2, "pid": 177724, "rank": 0, "training_state": "TrainingState.IDLE", "ts": "2026-10-04 15:55:03"}
[DBG] {"category": "FSDP", "component": "train", "compute_device": "cuda:0", "event": "fsdp_init_streams_enter", "host": "d6b2a058c4be", "is_root": true, "limit_all_gathers": true, "pg_backend": "nccl", "pg_rank": 0, "pg_world_size": 2, "pid": 177724, "rank": 0, "training_state": "TrainingState.IDLE", "ts": "2026-10-04 15:55:03"}
[DBG] {"category": "FSDP", "component": "train", "compute_device": "cuda:0", "event": "fsdp_init_streams_exit", "host": "d6b2a058c4be", "is_root": true, "limit_all_gathers": true, "pg_backend": "nccl", "pg_rank": 0, "pg_world_size": 2, "pid": 177724, "rank": 0, "training_state": "TrainingState.IDLE", "ts": "2026-10-04 15:55:03"}
[DBG] {"category": "FSDP", "component": "train", "compute_device": "cuda:0", "event": "fsdp_share_state_enter", "host": "d6b2a058c4be", "is_root": true, "limit_all_gathers": true, "pg_backend": "nccl", "pg_rank": 0, "pg_world_size": 2, "pid": 177724, "rank": 0, "training_state": "TrainingState.IDLE", "ts": "2026-10-04 15:55:03"}
[DBG] {"category": "FSDP", "component": "train", "compute_device": "cuda:0", "event": "fsdp_share_state_exit", "host": "d6b2a058c4be", "is_root": true, "limit_all_gathers": true, "pg_backend": "nccl", "pg_rank": 0, "pg_world_size": 2, "pid": 177724, "rank": 0, "training_state": "TrainingState.IDLE", "ts": "2026-10-04 15:55:03"}
[DBG] {"category": "FSDP", "component": "train", "compute_device": "cuda:0", "event": "fsdp_lazy_init_exit", "host": "d6b2a058c4be", "is_root": true, "limit_all_gathers": true, "pg_backend": "nccl", "pg_rank": 0, "pg_world_size": 2, "pid": 177724, "rank": 0, "training_state": "TrainingState.IDLE", "ts": "2026-10-04 15:55:03"}
[DBG] {"category": "FSDP", "component": "train", "event": "fsdp_wait_for_computation_stream_enter", "host": "d6b2a058c4be", "pid": 177724, "rank": 0, "ts": "2026-10-04 15:55:03"}
[DBG] {"category": "FSDP", "component": "train", "event": "fsdp_wait_for_computation_stream_exit", "host": "d6b2a058c4be", "pid": 177724, "rank": 0, "ts": "2026-10-04 15:55:03"}
[DBG] {"category": "FSDP", "component": "train", "compute_device": "cuda:0", "event": "fsdp_unshard_enter", "handle_flat_param": {"device": "cuda:0", "dtype": "torch.bfloat16", "numel": 68067776, "shape": [68067776]}, "handle_needs_pre_forward_unshard": false, "handle_pg_backend": "nccl", "handle_pg_rank": 0, "handle_pg_world_size": 2, "handle_prefetched": false, "handle_rank": 0, "handle_uses_sharded_strategy": true, "handle_world_size": 2, "host": "d6b2a058c4be", "is_root": true, "limit_all_gathers": true, "pg_backend": "nccl", "pg_rank": 0, "pg_world_size": 2, "pid": 177724, "rank": 0, "training_state": "TrainingState.FORWARD_BACKWARD", "ts": "2026-10-04 15:55:03"}
[DBG] {"category": "FSDP", "component": "train", "event": "flat_handle_pre_unshard_enter", "handle_flat_param": {"device": "cuda:0", "dtype": "torch.bfloat16", "numel": 68067776, "shape": [68067776]}, "handle_needs_pre_forward_unshard": false, "handle_pg_backend": "nccl", "handle_pg_rank": 0, "handle_pg_world_size": 2, "handle_prefetched": false, "handle_rank": 0, "handle_uses_sharded_strategy": true, "handle_world_size": 2, "host": "d6b2a058c4be", "pid": 177724, "rank": 0, "ts": "2026-10-04 15:55:03"}
[DBG] {"category": "FSDP", "component": "train", "event": "flat_handle_pre_unshard_exit", "handle_flat_param": {"device": "cuda:0", "dtype": "torch.bfloat16", "numel": 68067776, "shape": [68067776]}, "handle_needs_pre_forward_unshard": false, "handle_pg_backend": "nccl", "handle_pg_rank": 0, "handle_pg_world_size": 2, "handle_prefetched": false, "handle_rank": 0, "handle_uses_sharded_strategy": true, "handle_world_size": 2, "host": "d6b2a058c4be", "pid": 177724, "rank": 0, "ts": "2026-10-04 15:55:03"}
[DBG] {"category": "FSDP", "component": "train", "event": "flat_handle_unshard_enter", "handle_flat_param": {"device": "cuda:0", "dtype": "torch.bfloat16", "numel": 68067776, "shape": [68067776]}, "handle_needs_pre_forward_unshard": false, "handle_pg_backend": "nccl", "handle_pg_rank": 0, "handle_pg_world_size": 2, "handle_prefetched": false, "handle_rank": 0, "handle_uses_sharded_strategy": true, "handle_world_size": 2, "host": "d6b2a058c4be", "pid": 177724, "rank": 0, "ts": "2026-10-04 15:55:03"}
[DBG] {"category": "FSDP", "component": "train", "event": "flat_handle_alloc_unsharded_enter", "handle_flat_param": {"device": "cuda:0", "dtype": "torch.bfloat16", "numel": 68067776, "shape": [68067776]}, "handle_needs_pre_forward_unshard": false, "handle_pg_backend": "nccl", "handle_pg_rank": 0, "handle_pg_world_size": 2, "handle_prefetched": false, "handle_rank": 0, "handle_uses_sharded_strategy": true, "handle_world_size": 2, "host": "d6b2a058c4be", "pid": 177724, "rank": 0, "ts": "2026-10-04 15:55:03"}
[DBG] {"category": "FSDP", "component": "train", "event": "flat_handle_alloc_unsharded_exit", "handle_flat_param": {"device": "cuda:0", "dtype": "torch.bfloat16", "numel": 68067776, "shape": [68067776]}, "handle_needs_pre_forward_unshard": false, "handle_pg_backend": "nccl", "handle_pg_rank": 0, "handle_pg_world_size": 2, "handle_prefetched": false, "handle_rank": 0, "handle_uses_sharded_strategy": true, "handle_world_size": 2, "host": "d6b2a058c4be", "pid": 177724, "rank": 0, "ts": "2026-10-04 15:55:03"}
[DBG] {"all_gather_output": {"device": "cuda:0", "dtype": "torch.bfloat16", "numel": 136135552, "shape": [136135552]}, "category": "FSDP", "component": "train", "event": "flat_handle_all_gather_enter", "handle_flat_param": {"device": "cuda:0", "dtype": "torch.bfloat16", "numel": 68067776, "shape": [68067776]}, "handle_needs_pre_forward_unshard": false, "handle_pg_backend": "nccl", "handle_pg_rank": 0, "handle_pg_world_size": 2, "handle_prefetched": false, "handle_rank": 0, "handle_uses_sharded_strategy": true, "handle_world_size": 2, "host": "d6b2a058c4be", "pid": 177724, "rank": 0, "ts": "2026-10-04 15:55:03"}
[DBG] {"all_gather_output": {"device": "cuda:0", "dtype": "torch.bfloat16", "numel": 136135552, "shape": [136135552]}, "category": "FSDP", "component": "train", "event": "flat_handle_all_gather_exit", "handle_flat_param": {"device": "cuda:0", "dtype": "torch.bfloat16", "numel": 68067776, "shape": [68067776]}, "handle_needs_pre_forward_unshard": false, "handle_pg_backend": "nccl", "handle_pg_rank": 0, "handle_pg_world_size": 2, "handle_prefetched": false, "handle_rank": 0, "handle_uses_sharded_strategy": true, "handle_world_size": 2, "host": "d6b2a058c4be", "pid": 177724, "rank": 0, "ts": "2026-10-04 15:55:03"}
[DBG] {"category": "FSDP", "component": "train", "event": "flat_handle_use_unsharded_enter", "handle_flat_param": {"device": "cuda:0", "dtype": "torch.bfloat16", "numel": 68067776, "shape": [68067776]}, "handle_needs_pre_forward_unshard": false, "handle_pg_backend": "nccl", "handle_pg_rank": 0, "handle_pg_world_size": 2, "handle_prefetched": false, "handle_rank": 0, "handle_uses_sharded_strategy": true, "handle_world_size": 2, "host": "d6b2a058c4be", "pid": 177724, "rank": 0, "ts": "2026-10-04 15:55:03"}
[DBG] {"category": "FSDP", "component": "train", "event": "flat_handle_use_unsharded_exit", "handle_flat_param": {"device": "cuda:0", "dtype": "torch.bfloat16", "numel": 136135552, "shape": [136135552]}, "handle_needs_pre_forward_unshard": false, "handle_pg_backend": "nccl", "handle_pg_rank": 0, "handle_pg_world_size": 2, "handle_prefetched": false, "handle_rank": 0, "handle_uses_sharded_strategy": true, "handle_world_size": 2, "host": "d6b2a058c4be", "pid": 177724, "rank": 0, "ts": "2026-10-04 15:55:03"}
[DBG] {"category": "FSDP", "component": "train", "event": "flat_handle_unshard_exit", "handle_flat_param": {"device": "cuda:0", "dtype": "torch.bfloat16", "numel": 136135552, "shape": [136135552]}, "handle_needs_pre_forward_unshard": false, "handle_pg_backend": "nccl", "handle_pg_rank": 0, "handle_pg_world_size": 2, "handle_prefetched": false, "handle_rank": 0, "handle_uses_sharded_strategy": true, "handle_world_size": 2, "host": "d6b2a058c4be", "pid": 177724, "rank": 0, "ts": "2026-10-04 15:55:03"}
[DBG] {"category": "FSDP", "component": "train", "event": "flat_handle_post_unshard_enter", "handle_flat_param": {"device": "cuda:0", "dtype": "torch.bfloat16", "numel": 136135552, "shape": [136135552]}, "handle_needs_pre_forward_unshard": false, "handle_pg_backend": "nccl", "handle_pg_rank": 0, "handle_pg_world_size": 2, "handle_prefetched": false, "handle_rank": 0, "handle_uses_sharded_strategy": true, "handle_world_size": 2, "host": "d6b2a058c4be", "pid": 177724, "rank": 0, "ts": "2026-10-04 15:55:03"}
[DBG] {"category": "FSDP", "component": "train", "event": "flat_handle_post_unshard_exit", "handle_flat_param": {"device": "cuda:0", "dtype": "torch.bfloat16", "numel": 136135552, "shape": [136135552]}, "handle_needs_pre_forward_unshard": false, "handle_pg_backend": "nccl", "handle_pg_rank": 0, "handle_pg_world_size": 2, "handle_prefetched": false, "handle_rank": 0, "handle_uses_sharded_strategy": true, "handle_world_size": 2, "host": "d6b2a058c4be", "pid": 177724, "rank": 0, "ts": "2026-10-04 15:55:03"}
[DBG] {"category": "FSDP", "component": "train", "compute_device": "cuda:0", "event": "fsdp_unshard_exit", "handle_flat_param": {"device": "cuda:0", "dtype": "torch.bfloat16", "numel": 136135552, "shape": [136135552]}, "handle_needs_pre_forward_unshard": false, "handle_pg_backend": "nccl", "handle_pg_rank": 0, "handle_pg_world_size": 2, "handle_prefetched": false, "handle_rank": 0, "handle_uses_sharded_strategy": true, "handle_world_size": 2, "host": "d6b2a058c4be", "is_root": true, "limit_all_gathers": true, "pg_backend": "nccl", "pg_rank": 0, "pg_world_size": 2, "pid": 177724, "rank": 0, "training_state": "TrainingState.FORWARD_BACKWARD", "ts": "2026-10-04 15:55:03"}
